alias_clean,substances_all,n_substances,sources
18f,fludeoxyglucose f 18|fluorodopa f 18,2,chembl
18f-dpa-714,18f-dpa-714|dpa-714 f-18,2,chembl|llm_reviewed
18f-fch,18f-fluorocholine|fluorocholine f-18,2,chembl|llm_reviewed
18f-flt,18f-fluorothymidine|alovudine f-18,2,chembl|llm_reviewed
18f-psma,18f-psma-11|gozetotide alf-18,2,chembl|llm_reviewed
"3,4-methylenedioxymethamphetamine",methylenedioxymethamphetamine|midomafetamine,2,chembl|llm_reviewed
32p,chromic phosphate p 32|sodium phosphate p 32,2,chembl
5-aminolevulinic acid hydrochloride,aminolevulinic acid|aminolevulinic acid hydrochloride,2,chembl|llm_curated|llm_reviewed
51cr,"albumin, chromated cr 51 serum|sodium chromate cr 51",2,chembl
57co,cobaltous chloride co 57|cyanocobalamin co 57,2,chembl
60co,cobaltous chloride co 60|cyanocobalamin co 60,2,chembl
a1443,afoxolaner|fluralaner,2,chembl
abacavir sulfate,abacavir|abacavir sulfate,2,chembl|llm_curated|llm_reviewed
abacavir sulphate,abacavir|abacavir sulfate,2,chembl|llm_curated|llm_reviewed
abbv-321,serclutamab|serclutamab talirine,2,chembl|llm_curated
abetimus sodium,abetimus|abetimus sodium,2,chembl|llm_curated|llm_reviewed
abexinostat,abexinostat|zabadinostat,2,chembl|llm_reviewed
abituzumab,abituzumab|tigatuzumab,2,chembl|llm_reviewed
abrysvo,"respiratory syncytial virus pre-fusion glycoprotein f|respiratory syncytial virus vaccine (bivalent, recombinant)",2,chembl|epar|llm_curated
abt-492,delafloxacin|delafloxacin meglumine,2,chembl|llm_curated
ac010220.2hcl,quizartinib|quizartinib dihydrochloride,2,chembl
ac0137,pramlintide|pramlintide acetate,2,chembl|llm_curated
ac220,quizartinib|quizartinib dihydrochloride,2,chembl|llm_curated
ac2307,davalintide|davalintide acetate,2,chembl|llm_curated
acamprosate calcium,acamprosate|acamprosate calcium,2,chembl|llm_curated|llm_reviewed
acasunlimab,acasunlimab|sasanlimab,2,chembl|llm_reviewed
aceneuramic acid,aceneuramic acid|sialic acid,2,chembl|llm_reviewed
aceon,perindopril|perindopril erbumine|tramadol hydrochloride,3,chembl|llm_curated
acetazolamide sodium,acetazolamide|acetazolamide sodium,2,chembl|llm_curated|llm_reviewed
acetyl-l-leucine,acetylleucine|levacetylleucine,2,chembl|llm_reviewed
acetylcholine chloride,acetylcholine|acetylcholine chloride,2,chembl|llm_curated|llm_reviewed
achn-490,plazomicin|plazomicin sulfate,2,chembl|llm_curated
achromycin v,tetracycline|tetracycline hydrochloride,2,chembl|llm_curated
acide nicotinique,niacin|nicotinic acid,2,chembl|llm_reviewed
acitretin,acitretin|alitretinoin,2,chembl|llm_reviewed
acotiamide,acotiamide|caricotamide,2,chembl|llm_reviewed
acrescent,memantine hydrochloride|memantine hydrochloride|donepezil hydrochloride,2,chembl|epar|llm_curated
activyl tick plus,indoxacarb|permethrin|permethrin,2,chembl|epar|llm_curated
actoxumab,actoxumab|mk-3415,2,chembl|llm_curated
adct-301,camidanlumab|camidanlumab tesirine,2,chembl|llm_curated
adct-402,loncastuximab|loncastuximab tesirine,2,chembl|llm_curated
adecatumumab,adecatumumab|daratumumab,2,chembl|llm_reviewed
ademetionine,ademetionine|dimetindene,2,chembl|llm_reviewed
"adjupanrix (previously pandemic influenza vaccine (h5n1) (split virion, inactivated, adjuvanted) glaxosmithkline biologicals)","influenza a virus, split virion|split influenza virus, inactivated, containing antigen: a|vietnam|1194|2004 (h5n1) like strain used (nibrg-14)",2,chembl|epar|llm_curated
adl-5747,adl-5747|adl-5747 free base,2,chembl
adl5747,adl-5747|adl-5747 free base,2,chembl
adoport,tacrolimus|tacrolimus anhydrous,2,chembl
adrecizumab,daclizumab|enibarcimab,2,chembl|llm_reviewed
adriamycin,doxorubicin|doxorubicin hydrochloride,2,chembl|llm_curated
adrovance,alendronate sodium|colecalciferol|alendronic acid (as sodium trihydrate),2,chembl|epar|llm_curated
advagraf,tacrolimus|tacrolimus anhydrous,2,chembl|epar|llm_curated
advil,ibuprofen|ibuprofen sodium,2,chembl|llm_curated
adynovi,"antihemophilic factor, pegylated (mw 20000) human sequence recombinant|rurioctocog alfa pegol",2,chembl|epar|llm_curated
adzynma,apadamtase alfa|radamts13,2,chembl|epar|llm_curated
aeb071,sotrastaurin|sotrastaurin acetate,2,chembl|llm_curated
aegr-733,lomitapide|lomitapide mesylate,2,chembl|llm_curated
aerivio spiromax,fluticasone propionate|salmeterol xinafoate|fluticasone propionate,2,chembl|epar|llm_curated
af37702,peginesatide|peginesatide acetate,2,chembl|llm_curated
afatinib dimaleate,afatinib|afatinib dimaleate,2,chembl
afegostat tartrate,afegostat|afegostat tartrate,2,chembl|llm_curated|llm_reviewed
aflunov,a|vietnam|1194|2004|influenza vaccine|influenza virus surface antigens (haemagglutinin and neuraminidase) of strain: a|turkey|turkey|1|05 (h5n1)-like strain (nibrg-23),3,epar|llm_reviewed
agilus,"dantrolene sodium|dantrolene sodium, hemiheptahydrate",2,chembl|epar|llm_curated
agn-151607,botulinum toxin type a|gemibotulinumtoxin a,2,chembl|llm_curated
ah252723,afoxolaner|fluralaner,2,chembl
akineton,biperiden|biperiden hydrochloride|biperiden lactate,3,chembl|llm_curated
albendazole,albendazole|tiabendazole,2,chembl|llm_reviewed
albuferon,albinterferon alfa-2b|albuterol,2,chembl|llm_reviewed
albutein,albumin human|lutein,2,chembl|llm_reviewed
ald518,clazakizumab|sarilumab,2,chembl|llm_reviewed
aldomet,methyldopa|methyldopate hydrochloride,2,chembl|llm_curated
aldoxorubicin,aldoxorubicin|doxorubicin,2,chembl|llm_reviewed
alecensa,alectinib|alectinib hydrochloride,2,chembl|epar|llm_curated
alectinib hydrochloride,alectinib|alectinib hydrochloride,2,chembl
alendronate sodium trihydrate,alendronate sodium|alendronic acid,2,chembl|llm_reviewed
alfentanil hydrochloride,alfentanil|alfentanil hydrochloride,2,chembl|llm_curated|llm_reviewed
alimta,pemetrexed|pemetrexed disodium,2,chembl|epar|llm_curated
aliqopa,copanlisib|copanlisib dihydrochloride|copanlisib hydrochloride,3,chembl|epar|llm_curated
aliskiren hemifumarate,aliskiren|aliskiren fumarate,2,chembl|llm_curated|llm_reviewed
alkeran,melphalan|melphalan hydrochloride,2,chembl|llm_curated
allopregnanolone,allopregnanolone|brexanolone,2,chembl|llm_reviewed
almotriptan,almotriptan|almotriptan malate,2,chembl|llm_curated|llm_reviewed
aln-ttrsc02,vutrisiran|vutrisiran sodium,2,chembl|llm_curated
alpha tocopherol,tocopherol|vitamin e,2,chembl|llm_reviewed
alpha-tocopherol,tocopherol|vitamin e,2,chembl|llm_reviewed
alpharadin,radium ra 223 dichloride|radium-223 dichloride,2,chembl|llm_reviewed
alpheon,interferon alfa-2a|recombinant human interferon alfa-2a,2,chembl|epar|llm_curated
altumomab,altumomab|indium in 111 altumomab pentetate,2,chembl|llm_curated
alvocidib hydrochloride,alvocidib hydrochloride|lidocaine hydrochloride,2,chembl|llm_reviewed
amantadine hydrochloride,amantadine|amantadine hydrochloride,2,chembl|llm_curated|llm_reviewed
amatuximab,amatuximab|isatuximab,2,chembl|llm_reviewed
ambirix,hepatitis a virus (inactivated)|hepatitis b surface antigen|hepatitis b virus hbsag surface protein antigen,2,chembl|epar|llm_curated
ameile,aumolertinib|aumolertinib mesylate,2,chembl|llm_curated
ameluz,5-aminolevulinic acid hydrochloride|aminolevulinic acid hydrochloride,2,chembl|epar|llm_curated
amerol,aumolertinib|aumolertinib mesylate,2,chembl|llm_curated
amg 706,motesanib|motesanib diphosphate,2,chembl|llm_curated|llm_reviewed
amglidia,glibenclamide|glyburide,2,chembl|epar|llm_curated
amibegron,amibegron|vibegron,2,chembl|llm_reviewed
amifostine,amifostine|mifepristone,2,chembl|llm_reviewed
amikacin sulphate,amikacin|amikacin sulfate,2,chembl|llm_curated|llm_reviewed
amiloride hydrochloride,amiloride|amiloride hydrochloride,2,chembl|llm_curated|llm_reviewed
amiodarone hydrochloride,amiodarone|amiodarone hydrochloride,2,chembl|llm_curated|llm_reviewed
amisulpride,amisulpride|aramisulpride,2,chembl|llm_reviewed
amitriptyline hydrochloride,amitriptyline|amitriptyline hydrochloride,2,chembl|llm_curated|llm_reviewed
amitriptylinoxide,amitriptyline|amitriptylinoxide,2,chembl|llm_reviewed
amlodipine besilate,amlodipine besilate|amlodipine besylate,2,chembl|llm_curated|llm_reviewed
amlodipine besylate,amlodipine|amlodipine besylate,2,chembl|llm_curated|llm_reviewed
ammonia,"ammonia|ammonia solution, strong",2,chembl|llm_curated|llm_reviewed
amorolfine,amorolfine|vamorolone,2,chembl|llm_reviewed
ampicillin sodium,ampicillin|ampicillin sodium,2,chembl|llm_curated|llm_reviewed
ampreloxetine,ampreloxetine|reboxetine,2,chembl|llm_reviewed
ampreloxetine hydrochloride,ampreloxetine hydrochloride|reboxetine,2,chembl|llm_reviewed
amrubicin,amrubicin|idarubicin,2,chembl|llm_reviewed
amt-101,am-211|vimekofusp,2,chembl|llm_reviewed
amyvid,florbetapir (18f)|florbetapir f 18,2,chembl|epar|llm_curated
anagrelide hydrochloride monohydrate,anagrelide|anagrelide hydrochloride,2,chembl|llm_curated|llm_reviewed
anamorelin,anamorelin|nafarelin,2,chembl|llm_reviewed
anatibant,anatibant|icatibant,2,chembl|llm_reviewed
anavex,blarcamesine|blarcamesine hydrochloride,2,chembl|llm_curated
anetumab ravtansine,anetumab ravtansine|ganitumab,2,chembl|llm_reviewed
angiotensin ii,angiotensin ii|angiotensin ii acetate,2,chembl|llm_curated|llm_reviewed
anitocabtagene autoleucel,anitocabtagene autoleucel|ciltacabtagene autoleucel,2,chembl|llm_reviewed
annamycin,annamycin|naxtarubicin,2,chembl|llm_reviewed
antepar,piperazine|piperazine citrate,2,chembl|llm_curated
antithrombin iii,antithrombin iii|antithrombin iii human,2,chembl|llm_curated|llm_reviewed
apatinib,apatinib|rivoceranib,2,chembl|llm_reviewed
apd791,temanogrel|temanogrel hydrochloride,2,chembl|llm_curated
apx001,fosmanogepix|olorofim,2,chembl|llm_reviewed
aqneursa,l-acetylleucine|levacetylleucine,2,chembl|epar|llm_curated
aqumeldi,enalapril (maleate)|enalapril maleate,2,chembl|epar|llm_curated
ar-13324,netarsudil|netarsudil dimesylate,2,chembl|llm_curated
arachidyl amido cholanoic acid,arachidyl amido cholanoic acid|icomidocholic acid,2,chembl|llm_reviewed
arbaclofen,arbaclofen|baclofen,2,chembl|llm_reviewed
arbutin,arbutin|rutin,2,chembl|llm_reviewed
arepanrix,"influenza a virus, split virion|split influenza virus, inactivated, containing antigen*: a|california|7|2009 (h1n1)v like strain (x-179a)*propagated in eggs.",2,chembl|epar|llm_curated
arginine hydrochloride,arginine|arginine hydrochloride,2,chembl|llm_curated|llm_reviewed
argipressin,argipressin tannate|vasopressin,2,chembl|llm_reviewed
ariclaim,duloxetine|duloxetine hydrochloride,2,chembl|epar|llm_curated
arimoclomol citrate,arimoclomol|arimoclomol citrate,2,chembl|llm_curated|llm_reviewed
aripiprazole lauroxil,aripiprazole|aripiprazole lauroxil,2,chembl|llm_curated|llm_reviewed
aristocort,triamcinolone|triamcinolone acetonide|triamcinolone diacetate,3,chembl
armisarte (previously pemetrexed actavis),pemetrexed diacid monohydrate|pemetrexed monohydrate,2,chembl|epar|llm_curated
articaine hydrochloride,articaine|articaine hydrochloride,2,chembl|llm_curated|llm_reviewed
arundic acid,arundic acid|hyaluronic acid,2,chembl|llm_reviewed
arzoxifene,arzoxifene|raloxifene,2,chembl|llm_reviewed
asp2215 hemifumarate,gilteritinib|gilteritinib fumarate,2,chembl|llm_reviewed
asparaginase erwinia chrysanthemi (recombinant),asparaginase erwinia chrysanthemi|crisantaspase,2,chembl|llm_curated
aspegic,acetylsalicylic acid|aspirin dl-lysine,2,chembl|llm_reviewed
astegolimab,astegolimab|atezolizumab,2,chembl|llm_reviewed
atazanavir krka,atazanavir (as sulfate)|atazanavir sulfate,2,chembl|epar|llm_curated
atazanavir sulfate,atazanavir|atazanavir sulfate,2,chembl|llm_curated|llm_reviewed
atazanavir sulphate,atazanavir|atazanavir sulfate,2,chembl|llm_curated|llm_reviewed
atazanavir viatris (previously atazanavir mylan),atazanavir (as sulfate)|atazanavir sulfate,2,chembl|epar|llm_curated
atb200,avalglucosidase alfa|cipaglucosidase alfa,2,chembl|llm_reviewed
atenativ,antithrombin iii|antithrombin iii human,2,chembl|llm_curated|llm_reviewed
ati-5923,tecarfarin|tecarfarin sodium,2,chembl|llm_curated
atomoxetine hydrochloride,atomoxetine|atomoxetine hydrochloride,2,chembl|llm_curated|llm_reviewed
atorvastatin calcium,atorvastatin|atorvastatin calcium,2,chembl
atosiban,atosiban|retosiban,2,chembl|llm_reviewed
atosiban sun,atosiban (as acetate)|atosiban acetate,2,chembl|epar|llm_curated
atracurium,atracurium|gantacurium,2,chembl|llm_reviewed
atropine sulfate,atropine|atropine sulfate,2,chembl|llm_curated|llm_reviewed
av-951,tivozanib|tivozanib hydrochloride,2,chembl|llm_curated
avandamet,rosiglitazone|rosiglitazone|metformin hydrochloride,2,chembl|epar|llm_curated
avandia,rosiglitazone|rosiglitazone maleate,2,chembl|epar|llm_curated
avelox,moxifloxacin|moxifloxacin hydrochloride,2,chembl|llm_curated|llm_reviewed
aventyl,nortriptyline|nortriptyline hydrochloride,2,chembl|llm_curated
avibactam sodium,avibactam|avibactam sodium,2,chembl|llm_curated|llm_reviewed
avl-292,spebrutinib|spebrutinib besylate,2,chembl
avonex,interferon beta|interferon beta-1a,2,chembl|llm_curated
axatilimab,axatilimab|daxdilimab,2,chembl|llm_reviewed
axumin,fluciclovine (18f)|fluciclovine f18,2,chembl|epar|llm_curated
ay-5710,magaldrate|magaldrate anhydrous,2,chembl|llm_curated
azd-2811,barasertib|defosbarasertib,2,chembl
azd-6244 hyd-sulfate,selumetinib|selumetinib sulfate,2,chembl
azd-6244 hydrogen sulfate,selumetinib|selumetinib sulfate,2,chembl
azd0171,azd-4017|falbikitug,2,chembl|llm_reviewed
azd1722,tenapanor|tenapanor hydrochloride,2,chembl
azelastine hydrochloride,azelastine|azelastine hydrochloride,2,chembl|llm_curated|llm_reviewed
azilect,rasagiline|rasagiline mesylate,2,chembl|epar|llm_curated
azithromycin monohydrate,azithromycin|azithromycin monohydrate,2,chembl|llm_curated|llm_reviewed
bactroban,mupirocin|mupirocin calcium,2,chembl|llm_curated
balaxur,memantine hydrochloride|memantine hydrochloride|donepezil hydrochloride,2,chembl|epar|llm_curated
barium sulfate,barium sulfate|sodium sulfate,2,chembl|llm_reviewed
barnidipine,barnidipine|manidipine,2,chembl|llm_reviewed
bavisant dihydrochloride monohydrate,bavisant dihydrochloride|givinostat hydrochloride monohydrate,2,chembl|llm_reviewed
bavituximab,bavituximab|ublituximab,2,chembl|llm_reviewed
bazedoxifene acetate,bazedoxifene|bazedoxifene acetate,2,chembl|llm_curated|llm_reviewed
bbr 2778,pixantrone|pixantrone dimaleate,2,chembl|llm_curated
bcx-1777,forodesine|forodesine hydrochloride,2,chembl|llm_curated
beclometasone,beclomethasone|beclomethasone dipropionate,2,chembl|llm_curated
beclomethasone,beclomethasone|beclomethasone dipropionate,2,chembl|llm_curated|llm_reviewed
bedaquiline fumarate,bedaquiline|bedaquiline fumarate,2,chembl|llm_curated|llm_reviewed
belapectin,belapectin|selamectin,2,chembl|llm_reviewed
belcesiran,belcesiran|elebsiran,2,chembl|llm_reviewed
bemiparin sodium,bemiparin|bemiparin sodium,2,chembl|llm_curated|llm_reviewed
benefix,coagulation factor ix recombinant human|nonacog alfa,2,chembl|epar|llm_curated
benzathine benzylpenicillin,benzathine benzylpenicillin|penicillin g benzathine,2,chembl|llm_reviewed
benzilpenicillina benzatinica,benzathine benzylpenicillin|penicillin g benzathine,2,chembl|llm_reviewed
benzydamine hydrochloride,benzydamine|benzydamine hydrochloride,2,chembl|llm_curated|llm_reviewed
benzylpenicillin procaine,benzathine benzylpenicillin|penicillin g procaine,2,chembl|llm_reviewed
benzylpenicillin sodium,benzylpenicillin|penicillin g sodium,2,chembl|llm_reviewed
benzylpenicilline,benzylpenicillin|penicillin g,2,chembl|llm_reviewed
berinert,"c1-esterase inhibitor, human|human c1-esterase inhibitor",2,chembl|llm_reviewed
beroctocog alfa,beroctocog alfa|octocog alfa,2,chembl|llm_reviewed
berubicin hydrochloride,berubicin hydrochloride|epirubicin hydrochloride,2,chembl|llm_reviewed
berzosertib,beroterkib|berzosertib,2,chembl|llm_reviewed
besponsa,inotuzumab|inotuzumab ozogamicin,2,chembl|epar|llm_curated
beta-galactosidase (aspergillus),lactase|tilactase,2,chembl|llm_curated
betahistine dihydrochloride,betahistine|betahistine hydrochloride,2,chembl|llm_curated|llm_reviewed
betamethasone acetate,betamethasone|betamethasone acetate,2,chembl|llm_curated|llm_reviewed
betamethasone acibutate,betamethasone|betamethasone acibutate,2,chembl|llm_curated|llm_reviewed
betamethasone sodium phosphate,betamethasone|betamethasone sodium phosphate,2,chembl|llm_curated|llm_reviewed
betamethasoni valeras,betamethasone|betamethasone valerate,2,chembl|llm_curated|llm_reviewed
betaxolol,betaxolol|bevantolol,2,chembl|llm_reviewed
bethanechol chloride,bethanechol chloride|ethanol,2,chembl|llm_reviewed
betoptic,betaxolol|betaxolol hydrochloride,2,chembl|llm_curated
betrixaban,betrixaban|betrixaban maleate,2,chembl|llm_curated|llm_reviewed
betrixaban maleate,betrixaban|betrixaban maleate,2,chembl|llm_curated|llm_reviewed
bevantolol hydrochloride,bevantolol|bevantolol hydrochloride,2,chembl|llm_curated|llm_reviewed
bia 2-093,eslicarbazepine|eslicarbazepine acetate,2,chembl|llm_curated|llm_reviewed
bibw2992-ma2,afatinib|afatinib dimaleate,2,chembl
bicalutamide,bicalutamide|talazoparib,2,chembl
bicillin,penicillin g benzathine|procaine benzylpenicillin,2,chembl|llm_curated
bifonazole,bifonazole|miconazole,2,chembl|llm_reviewed
biib091,biib-015|biib-091,2,chembl|llm_reviewed
biib115,biib-015|salanersen,2,chembl|llm_reviewed
biktarvy,bictegravir|bictegravir|emtricitabine|tenofovir alafenamide|bictegravir|emtricitabine|tenofovir alafenamide|fumarate,3,epar|llm_curated|llm_reviewed
bimervax,"covid-19 vaccine (recombinant, adjuvanted)|sars-cov-2 virus recombinant spike (s) protein receptor binding domain (rbd) fusion dimer produced by recombinant dna technology|selvacovatein",3,chembl|epar|llm_curated
bindren,colestilan|colestilan chloride,2,chembl|epar|llm_curated
binosto,alendronate sodium|alendronic acid,2,chembl|llm_curated
biolimus,biolimus a9|umirolimus,2,chembl|llm_reviewed
bismuth subcitrate,bismuth subcitrate|bismuth subcitrate potassium,2,chembl|llm_curated|llm_reviewed
bismuth subcitrate potassium,bismuth subcitrate|bismuth subcitrate potassium,2,chembl|llm_curated|llm_reviewed
bisoprolol fumarate,bisoprolol|bisoprolol fumarate,2,chembl|llm_curated|llm_reviewed
bisoprolol hemifumarate,bisoprolol|bisoprolol fumarate,2,chembl|llm_curated|llm_reviewed
blarcamesine,acadesine|blarcamesine,2,chembl|llm_reviewed
blenoxane,bleomycin|bleomycin sulfate,2,chembl|llm_curated
blocadren,timolol|timolol maleate,2,chembl|llm_curated
bms-907351,cabozantinib|cabozantinib s-malate,2,chembl
bnt162b2,"covid-19 mrna vaccine, nucleoside-modified|tozinameran",2,chembl|llm_reviewed
bodyfolin,levomefolate calcium|levomefolic acid,2,chembl|llm_curated
bondenza (previously ibandronic acid roche),ibandronate sodium|ibandronic acid,2,chembl|epar|llm_curated
bondronat,ibandronate sodium|ibandronic acid,2,chembl|epar|llm_curated
bonviva,ibandronate sodium|ibandronic acid,2,chembl|epar|llm_curated
boric acid,boric acid|folic acid,2,chembl|llm_reviewed
bortezomib accord,bortezomib|bortezomib d-mannitol,2,chembl|epar|llm_curated
bortezomib fresenius kabi,bortezomib|bortezomib d-mannitol,2,chembl|epar|llm_curated
bortezomib hospira,bortezomib|bortezomib d-mannitol,2,chembl|epar|llm_curated
bortezomib sun,bortezomib|bortezomib d-mannitol,2,chembl|epar|llm_curated
bosulif,bosutinib|bosutinib (as monohydrate)|bosutinib monohydrate,3,chembl|epar|llm_curated
botulinum toxin,botulinum toxin type a|onabotulinumtoxina,2,chembl|llm_reviewed
brazikumab,brazikumab|briakinumab,2,chembl|llm_reviewed
brepocitinib,abrocitinib|brepocitinib,2,chembl|llm_reviewed
bri 7013,astodrimer|astodrimer sodium,2,chembl|llm_curated
bri-7013,astodrimer|astodrimer sodium,2,chembl|llm_curated
bri7013,astodrimer|astodrimer sodium,2,chembl|llm_curated
bridion,sugammadex|sugammadex sodium,2,chembl|epar|llm_curated
brintellix,vortioxetine|vortioxetine hydrobromide,2,chembl|epar|llm_curated
bromelain,bromelain|bromelains,2,chembl|llm_curated|llm_reviewed
bromocriptine mesilate,bromocriptine|bromocriptine mesylate,2,chembl|llm_curated|llm_reviewed
bromperidol,bromperidol|droperidol,2,chembl|llm_reviewed
bromuro de tiotropio,tiotropium|tiotropium bromide,2,chembl|llm_curated|llm_reviewed
buccolam,midazolam|midazolam hydrochloride,2,chembl|epar|llm_curated
bucelipase alfa,bucelipase alfa|cerliponase alfa,2,chembl|llm_reviewed
bucindolol hydrochloride,bucindolol|bucindolol hydrochloride,2,chembl|llm_curated|llm_reviewed
bulevirtide,bulevirtide|bulevirtide acetate,2,chembl|llm_curated|llm_reviewed
bupivacaine hydrochloride,bupivacaine|bupivacaine hydrochloride,2,chembl|llm_curated|llm_reviewed
buserelin acetate,buserelin|buserelin acetate,2,chembl|llm_curated|llm_reviewed
buspirone hydrochloride,buspirone hydrochloride|erlotinib hydrochloride,2,chembl|llm_reviewed
byfavo,remimazolam besilate|remimazolam besylate,2,chembl|epar|llm_curated
bylvay,odevixibat|odevixibat sesquihydrate,2,chembl|epar|llm_curated
cabometyx,cabozantinib|cabozantinib (s)-malate|cabozantinib s-malate,3,chembl|epar|llm_curated
cabotegravir sodium,cabotegravir|cabotegravir sodium,2,chembl|llm_curated|llm_reviewed
cabozantinib s-malate,cabozantinib|cabozantinib s-malate,2,chembl
caelyx,doxorubicin|doxorubicin hydrochloride,2,chembl|llm_curated
cafedrine,cafedrine|caffeine,2,chembl|llm_reviewed
calcichew d3,calcium carbonate|cholecalciferol|cholecalciferol,2,chembl|llm_reviewed
calcium,calcium|caplacizumab,2,chembl|llm_reviewed
calcium acetate,calcium acetate|caplacizumab,2,chembl|llm_reviewed
calcium acetate anhydrous,calcium acetate|caplacizumab,2,chembl|llm_reviewed
calcium folinate pentahydrate,calcium folinate|leucovorin calcium,2,chembl|llm_reviewed
calcium gluceptate,calcium gluceptate|calcium gluconate,2,chembl|llm_reviewed
calcium levofolinate pentahydrate,levoleucovorin|levoleucovorin calcium,2,chembl|llm_curated|llm_reviewed
calquence,acalabrutinib|acalabrutinib maleate|acalabrutinib|acalabrutinib maleate,3,chembl|epar|llm_curated
camcevi,leuprolide mesylate|leuprorelin mesilate,2,chembl|epar|llm_curated
camostat mesilate,camostat|camostat mesilate,2,chembl|llm_curated|llm_reviewed
camostat mesylate,camostat|camostat mesilate,2,chembl|llm_curated|llm_reviewed
camptosar,irinotecan|irinotecan hydrochloride,2,chembl|llm_curated
camrelizumab,camrelizumab|ocrelizumab,2,chembl|llm_reviewed
cancidas (previously caspofungin msd),caspofungin (as acetate)|caspofungin acetate,2,chembl|epar|llm_curated
canertinib dihydrochloride,canertinib|canertinib dihydrochloride,2,chembl
canfosfamide hcl,canfosfamide|canfosfamide hydrochloride,2,chembl|llm_curated|llm_reviewed
cangrelor tetrasodium,cangrelor|cangrelor tetrasodium,2,chembl|llm_curated|llm_reviewed
cannabinol,cannabidiol|cannabinol,2,chembl|llm_reviewed
canrenone,balcinrenone|canrenone,2,chembl|llm_reviewed
capadenoson,apadenoson|capadenoson,2,chembl|llm_reviewed
capexion,tacrolimus|tacrolimus anhydrous,2,chembl
capozide,captopril|hydrochlorothiazide|co-zidocapt,2,chembl|llm_reviewed
capromab pendetide,capromab pendetide|indium in 111 capromab pendetide,2,chembl|llm_curated
capsicum oleoresin,capsicum|capsicum oleoresin,2,chembl|llm_curated|llm_reviewed
carbasalate calcium,carbasalate calcium|carbaspirin calcium,2,chembl|llm_reviewed
carbetocin,carbetocin|carbocysteine,2,chembl|llm_reviewed
cariprazine hcl,cariprazine|cariprazine hydrochloride,2,chembl|llm_curated|llm_reviewed
cariprazine hydrochloride,cariprazine|cariprazine hydrochloride,2,chembl|llm_curated|llm_reviewed
carmellose sodium,carboxymethylcellulose sodium|carmellose sodium,2,chembl|llm_reviewed
carotuximab,carotuximab|rituximab,2,chembl|llm_reviewed
carphenazine,carphenazine|carphenazine maleate,2,chembl|llm_curated
carteolol,atenolol|carteolol,2,chembl|llm_reviewed
carteolol hydrochloride,carteolol hydrochloride|solriamfetol hydrochloride,2,chembl|llm_reviewed
caspofungin diacetate,caspofungin|caspofungin acetate,2,chembl|llm_curated|llm_reviewed
cathine,cathine|creatine,2,chembl|llm_reviewed
cb-01-11,rifamycin|rifamycin sodium,2,chembl|llm_curated
cc-220,iberdomide|iberdomide hydrochloride,2,chembl|llm_curated
cc-292,spebrutinib|spebrutinib besylate,2,chembl
cdz-173,leniolisib|leniolisib phosphate,2,chembl
cdz173,leniolisib|leniolisib phosphate,2,chembl|llm_reviewed
cea-scan,arcitumomab|technetium tc 99m arcitumomab,2,chembl|epar|llm_curated
cefalexin,cefalexin|cephalexin|cephalexin anhydrous,3,chembl|llm_reviewed
cefazolin sodium,cefazolin|cefazolin sodium,2,chembl|llm_curated|llm_reviewed
cefepime dihydrochloride monohydrate,cefepime|cefepime hydrochloride,2,chembl|llm_curated|llm_reviewed
cefepime hydrochloride,cefepime|cefepime hydrochloride,2,chembl|llm_curated|llm_reviewed
ceflatonin,melatonin|omacetaxine mepesuccinate,2,chembl|llm_reviewed
cefotaxime sodium,cefotaxime|cefotaxime sodium,2,chembl|llm_curated|llm_reviewed
cefrom,cefpirome|cefpirome sulfate,2,chembl|llm_reviewed
ceftaroline,ceftaroline|ceftriaxone,2,chembl|llm_reviewed
ceftobiprole,ceftobiprole|ceftobiprole medocaril,2,chembl|llm_curated|llm_reviewed
ceftobiprole medocaril,ceftobiprole medocaril|ceftobiprole medocaril free acid|ceftobiprole medocaril sodium,3,chembl|llm_reviewed
ceftobiprole medocaril sodium,ceftobiprole medocaril|ceftobiprole medocaril sodium,2,chembl|llm_curated|llm_reviewed
ceftriaxone sodium,ceftriaxone|ceftriaxone sodium,2,chembl|llm_curated|llm_reviewed
cefuroxime,cefuroxime|cefuroxime sodium,2,chembl|llm_curated|llm_reviewed
cefuroxime sodium,cefuroxime|cefuroxime sodium,2,chembl|llm_curated|llm_reviewed
celestone,betamethasone|betamethasone sodium phosphate,2,chembl|llm_curated|llm_reviewed
celiprolol hydrochloride,celiprolol hydrochloride|clopidogrel hydrochloride,2,chembl|llm_reviewed
celsunax,ioflupane (123i)|ioflupane i 123,2,chembl|epar|llm_curated
celvapan,"influenza a virus, inactivated whole virion|whole virion influenza vaccine, inactivated containing antigen of strain a|california|07|2009 (h1n1)v",2,chembl|epar|llm_curated
cend-1,certepetide|irgd,2,chembl
ceprotin,human protein c|protein c concentrate (human),2,chembl|epar|llm_curated
cerdelga,eliglustat (tartrate)|eliglustat tartrate,2,chembl|epar|llm_curated
certifect,amitraz|fipronil|amitraz|(s)-methoprene,2,chembl|epar|llm_curated
certoparin sodium,certoparin sodium|enoxaparin sodium,2,chembl|llm_reviewed
cerubidine,daunorubicin|daunorubicin hydrochloride,2,chembl|llm_curated
cervarix,"human papillomavirus, l1 protein virus like particles|human papillomavirus1 type 16 l1 protein|human papillomavirus type 18 l1 protein",2,chembl|epar|llm_curated
cesnicabtagene autoleucel,cesnicabtagene autoleucel|obecabtagene autoleucel,2,chembl|llm_reviewed
cethromycin,cethromycin|telithromycin,2,chembl|llm_reviewed
cetirizine dihydrochloride,cetirizine|cetirizine hydrochloride,2,chembl|llm_curated|llm_reviewed
cetraxal,ciprofloxacin|ciprofloxacin hydrochloride,2,chembl|llm_curated
cetrorelix,cetrorelix|cetrorelix acetate,2,chembl|llm_curated|llm_reviewed
cetrorelix acetate,cetrorelix|cetrorelix acetate,2,chembl|llm_curated|llm_reviewed
cetrotide,cetrorelix|cetrorelix (as acetate)|cetrorelix acetate,3,chembl|epar
cetylpyridinium chloride,cetylpyridinium|cetylpyridinium chloride,2,chembl|llm_curated|llm_reviewed
cfi-400945,cfi-400945|ocifisertib,2,chembl
cg-315e,tramadol|tramadol hydrochloride,2,chembl|llm_curated
cg250,cg250 111in|cg250 177lu|girentuximab,3,chembl
champix,varenicline|varenicline tartrate,2,chembl|epar|llm_curated
chenodeoxycholic acid,chenodeoxycholic acid|chenodiol,2,chembl|llm_reviewed
chir-258,dovitinib|dovitinib lactate,2,chembl|llm_curated
chlorhexidine digluconate,chlorhexidine|chlorhexidine gluconate,2,chembl|llm_curated|llm_reviewed
chlorhexidine gluconate,chlorhexidine|chlorhexidine gluconate,2,chembl|llm_curated|llm_reviewed
chloromycetin,chloramphenicol|chloramphenicol sodium succinate,2,chembl|llm_curated
chloroprocaine hydrochloride,chloroprocaine|chloroprocaine hydrochloride,2,chembl|llm_curated|llm_reviewed
chlorphenamine maleate,chlorpheniramine|chlorpheniramine maleate,2,chembl|llm_curated|llm_reviewed
cholestagel,colesevelam (as hydrochloride)|colesevelam hydrochloride,2,chembl|epar|llm_curated
chondroitin sulfate,chondroitin sulfate|chondroitin sulfate sodium,2,chembl|llm_curated|llm_reviewed
chondroitin sulfate sodium,chondroitin sulfate|chondroitin sulfate sodium,2,chembl|llm_curated|llm_reviewed
choriogonadotropin beta,"choriogonadotropin alfa|gonadotropin, chorionic",2,chembl|llm_reviewed
chorionic gonadotrophin,"chorionic gonadotropin|gonadotropin, chorionic",2,chembl|llm_reviewed
chorionic gonadotropin,"chorionic gonadotropin|gonadotropin, chorionic",2,chembl|llm_reviewed
ci-1033,canertinib|canertinib dihydrochloride,2,chembl
ciclofosfamida,cyclophosphamide|cyclophosphamide anhydrous,2,chembl|llm_curated|llm_reviewed
ciclopirox olamine,ciclopirox|ciclopirox olamine,2,chembl|llm_curated|llm_reviewed
cilastatin sodium,cilastatin|cilastatin sodium,2,chembl|llm_curated|llm_reviewed
cinrebafusp alfa,bintrafusp alfa|cinrebafusp alfa,2,chembl|llm_reviewed
cinryze,c1 inhibitor (human)|human c1-esterase inhibitor,2,chembl|epar|llm_curated
cipro,ciprofloxacin|ciprofloxacin hydrochloride,2,chembl|llm_curated
ciprofloxacin hydrochloride,ciprofloxacin|ciprofloxacin hydrochloride,2,chembl|llm_curated|llm_reviewed
ciprofloxacin hydrochloride monohydrate,ciprofloxacin|ciprofloxacin hydrochloride,2,chembl|llm_curated|llm_reviewed
ciproxin,ciprofloxacin|ciprofloxacin hydrochloride,2,chembl|llm_curated|llm_reviewed
cisatracurium besilate,cisatracurium|cisatracurium besylate,2,chembl|llm_curated|llm_reviewed
citalopram hbr,citalopram|citalopram hydrobromide,2,chembl|llm_curated|llm_reviewed
citalopram hydrobromide,citalopram|citalopram hydrobromide,2,chembl|llm_curated|llm_reviewed
citicoline,citicoline|citicoline sodium,2,chembl|llm_curated|llm_reviewed
"cl 297,939",bisoprolol|bisoprolol fumarate,2,chembl|llm_curated
clazakizumab,canakinumab|clazakizumab,2,chembl|llm_reviewed
clemastine hydrogen fumarate,clemastine|clemastine fumarate,2,chembl|llm_curated|llm_reviewed
clenbuterol hydrochloride,clenbuterol|clenbuterol hydrochloride,2,chembl|llm_curated|llm_reviewed
cleocin,clindamycin hydrochloride|clindamycin palmitate hydrochloride|clindamycin phosphate,3,chembl
clindamycin hydrochloride,clindamycin|clindamycin hydrochloride,2,chembl|llm_curated|llm_reviewed
clindamycin palmitate hydrochloride,clindamycin|clindamycin palmitate hydrochloride,2,chembl|llm_curated|llm_reviewed
clindamycin phosphate,clindamycin|clindamycin phosphate,2,chembl|llm_curated|llm_reviewed
clobazam,clobazam|clonazepam,2,chembl|llm_reviewed
clobetasol,clobetasol|clobetasol propionate,2,chembl|llm_curated|llm_reviewed
clomicalm,clomipramine|clomipramine hydrochloride,2,chembl|epar|llm_curated
clomifene citrate,clomiphene|clomiphene citrate,2,chembl|llm_curated|llm_reviewed
clonidine hcl,clonidine|clonidine hydrochloride,2,chembl|llm_curated|llm_reviewed
clonidine hydrochloride,clonidine|clonidine hydrochloride,2,chembl|llm_curated|llm_reviewed
clopidogrel 1a pharma,clopidogrel|clopidogrel besilate,2,chembl|epar|llm_curated
clopidogrel acino,clopidogrel|clopidogrel besilate,2,chembl|epar|llm_curated
clopidogrel acino pharma,clopidogrel|clopidogrel besilate,2,chembl|epar|llm_curated
clopidogrel acino pharma gmbh,clopidogrel|clopidogrel besilate,2,chembl|epar|llm_curated
clopidogrel bgr (previously zylagren),clopidogrel (as hydrogen sulfate)|clopidogrel bisulfate,2,chembl|epar|llm_curated
clopidogrel bms,clopidogrel (as hydrogen sulfate)|clopidogrel bisulfate,2,chembl|epar|llm_curated
clopidogrel dura,clopidogrel (as hydrochloride)|clopidogrel hydrochloride,2,chembl|epar|llm_curated
clopidogrel hcs,clopidogrel (as hydrochloride)|clopidogrel hydrochloride,2,chembl|epar|llm_curated
clopidogrel hexal,clopidogrel|clopidogrel besilate,2,chembl|epar|llm_curated
clopidogrel krka,clopidogrel (as hydrochloride)|clopidogrel hydrochloride,2,chembl|epar|llm_curated
clopidogrel krka d.d. (previously zopya),clopidogrel (as hydrochloride)|clopidogrel hydrochloride,2,chembl|epar|llm_curated
clopidogrel qualimed,clopidogrel (as hydrochloride)|clopidogrel hydrochloride,2,chembl|epar|llm_curated
clopidogrel ratiopharm,clopidogrel|clopidogrel (as hydrogen sulfate)|clopidogrel bisulfate,3,chembl|epar
clopidogrel ratiopharm gmbh,clopidogrel|clopidogrel besilate,2,chembl|epar|llm_curated
clopidogrel sandoz,clopidogrel|clopidogrel besilate,2,chembl|epar|llm_curated
clopidogrel tad,clopidogrel (as hydrochloride)|clopidogrel hydrochloride,2,chembl|epar|llm_curated
clopidogrel teva (hydrogen sulphate),clopidogrel (as hydrogen sulfate)|clopidogrel bisulfate,2,chembl|epar|llm_curated
clopidogrel teva generics b.v.,clopidogrel (as hydrochloride)|clopidogrel hydrochloride,2,chembl|epar|llm_curated
clopidogrel teva pharma,clopidogrel|clopidogrel hydrochloride,2,chembl|epar|llm_curated
clopidogrel teva pharma (previously clopidogrel hcs),clopidogrel (as hydrochloride)|clopidogrel hydrochloride,2,chembl|epar|llm_curated
clopidogrel teva pharma b.v.,clopidogrel (as hydrobromide)|clopidogrel hydrobromide,2,chembl|epar|llm_curated
clopidogrel zentiva (previously clopidogrel winthrop),clopidogrel|clopidogrel bisulfate,2,chembl|epar|llm_curated
"clopra-""yellow""",metoclopramide|metoclopramide hydrochloride,2,chembl
clorazepate dipotassique,clorazepate|clorazepate dipotassium,2,chembl|llm_curated|llm_reviewed
cloretazine,creatine|laromustine,2,chembl|llm_reviewed
clotiazepam,clonazepam|clotiazepam,2,chembl|llm_reviewed
cloxacillin sodium,cloxacillin|cloxacillin sodium,2,chembl|llm_curated|llm_reviewed
coagadex,coagulation factor x human|human coagulation factor x,2,chembl|epar|llm_curated
cobalamin,cobalamin|mecobalamin,2,chembl|llm_reviewed
cobitolimod,cobitolimod|cobitolimod sodium,2,chembl|llm_curated|llm_reviewed
cocaine hcl,cocaine|cocaine hydrochloride,2,chembl|llm_curated|llm_reviewed
codeine phosphate,codeine|codeine phosphate,2,chembl|llm_curated|llm_reviewed
codeine phosphate hemihydrate,codeine|codeine phosphate,2,chembl|llm_curated|llm_reviewed
colesevelam hcl,colesevelam|colesevelam hydrochloride,2,chembl|llm_curated|llm_reviewed
colesevelam hydrochloride,colesevelam|colesevelam hydrochloride,2,chembl|llm_curated|llm_reviewed
colimicina,colistimethate sodium|colistin,2,chembl|llm_reviewed
colistin sulfate,colistin|colistin sulfate,2,chembl|llm_curated|llm_reviewed
colistin sulphate,colistin|colistin sulfate,2,chembl|llm_curated|llm_reviewed
cometriq,cabozantinib|cabozantinib s-malate,2,chembl|epar|llm_curated
comirnaty,"single-stranded, 5'-capped messenger rna produced using a cell-free in vitro transcription from the corresponding dna templates, encoding the viral spike (s) protein of sars-cov-2|tozinameran",2,chembl|epar|llm_curated
compazine,prochlorperazine|prochlorperazine edisylate|prochlorperazine maleate,3,chembl
compleheal,centella asiatica extract|plectranthus amboinicus extract,2,chembl
conbriza,bazedoxifene|bazedoxifene acetate,2,chembl|epar|llm_curated
controloc control,pantoprazole|pantoprazole sodium,2,chembl|epar|llm_curated
convenia,cefovecin|cefovecin (as sodium salt),2,chembl|epar|llm_curated
copiktra,duvelisib|duvelisib monohydrate,2,chembl|epar|llm_curated
copper (64cu) chloride,copper (64cu) chloride|cupric chloride cu-64,2,chembl|llm_reviewed
cortef,hydrocortisone|hydrocortisone cypionate,2,chembl|llm_curated
cortisone,cortisone|cortisone acetate,2,chembl|llm_curated
cortisone acetate,cortisone|cortisone acetate,2,chembl|llm_curated|llm_reviewed
cortivazol,clotrimazole|cortivazol,2,chembl|llm_reviewed
cortril,hydrocortisone|hydrocortisone acetate,2,chembl|llm_curated
cotara,iodine i 131 derlotuximab biotin|tnt-1b,2,chembl
cotellic,cobimetinib fumarate|cobimetinib hemifumarate,2,chembl|epar|llm_curated
covid-19 mrna vaccine,"covid-19 mrna vaccine, nucleoside-modified|covid-19 sa-mrna vaccine",2,llm_reviewed
"covid-19 vaccine (inactivated, adjuvanted) valneva","covid-19 vaccine (inactivated, adjuvanted, adsorbed)|sars-cov-2 virus, inactivated",2,chembl|epar|llm_curated
cp-690550-10,tofacitinib|tofacitinib citrate,2,chembl
cpd 23,redafamdastat|tomivosertib,2,chembl
cpg-1018,1018 iss|pg-110,2,chembl|llm_reviewed
crenezumab,crenezumab|erenumab,2,chembl|llm_reviewed
crenolanib besylate,crenolanib|crenolanib besylate,2,chembl|llm_curated|llm_reviewed
cresemba,isavuconazole|isavuconazonium sulfate,2,chembl|epar|llm_curated
crixivan,indinavir sulfate|indinavir sulfate ethanolate,2,chembl|epar|llm_curated
cromoglicate sodium,cromoglicate sodium|cromolyn sodium,2,chembl|llm_reviewed
cromoglicic acid,cromoglicate sodium|cromolyn,2,chembl|llm_reviewed
cromoglycate,cromoglicate sodium|cromolyn,2,chembl|llm_reviewed
cufence,trientine dihydrochloride|trientine hydrochloride,2,chembl|epar|llm_curated
cuprymina,copper (64cu) chloride|cupric chloride cu-64,2,chembl|epar|llm_curated
custirsen sodium,custirsen sodium|nusinersen sodium,2,chembl|llm_reviewed
cymbalta,duloxetine|duloxetine hydrochloride,2,chembl|epar|llm_curated
cystadane,betaine|betaine anhydrous,2,chembl|epar|llm_curated
cystadrops,cysteamine hydrochloride|mercaptamine hydrochloride,2,chembl|epar|llm_curated
cystagon,cysteamine|cysteamine bitartrate|mercaptamine bitartrate,3,chembl|epar
cysteamine bitartrate,cysteamine|cysteamine bitartrate,2,chembl|llm_curated|llm_reviewed
cysteamine hydrochloride,cysteamine|cysteamine hydrochloride,2,chembl|llm_curated|llm_reviewed
cyt387,momelotinib|momelotinib dihydrochloride,2,chembl|llm_curated
cytisine,cytisine|cytisinicline,2,chembl|llm_reviewed
cytovene,ganciclovir|ganciclovir sodium,2,chembl|llm_curated
d-600,gallopamil|methoxyverapamil,2,chembl|llm_curated
dabigatran etexilate accord,dabigatran etexilate mesilate|dabigatran etexilate mesylate,2,chembl|epar|llm_curated
dabrafenib mesylate,dabrafenib|dabrafenib mesylate,2,chembl|llm_curated|llm_reviewed
daclatasvir dihydrochloride,daclatasvir|daclatasvir dihydrochloride,2,chembl|llm_curated|llm_reviewed
dalnacogen ponparvovec,comsaleucel|dalnacogene ponparvovec,2,chembl|llm_curated
dalotuzumab,dalotuzumab|elotuzumab,2,chembl|llm_reviewed
dantrolen,dantrolene|dantrolene sodium,2,chembl|llm_curated|llm_reviewed
dapirolizumab pegol,dapirolizumab pegol|vobarilizumab,2,chembl|llm_reviewed
dapoxetine,dapoxetine|paroxetine,2,chembl|llm_reviewed
daquiran,pramipexole dihydrochloride|pramipexole dihydrochloride monohydrate,2,chembl|epar|llm_curated
daridorexant,adriforant|daridorexant,2,chembl|llm_reviewed
daronrix,"influenza a virus, inactivated whole virion|whole virion, inactivated, containing antigen*: a|vietnam|1194|2004 (h5n1)* produced in eggs",2,chembl|epar|llm_curated
darunavir ethanolate,darunavir|darunavir ethanolate,2,chembl|llm_curated|llm_reviewed
dasabuvir sodium monohydrate,dasabuvir|dasabuvir sodium monohydrate,2,chembl|llm_curated|llm_reviewed
dasatinib accord,dasatinib|dasatinib anhydrous,2,chembl|epar|llm_curated
dasatinib accord healthcare,dasatinib|dasatinib monohydrate,2,chembl|epar|llm_curated
dasatinib accordpharma,dasatinib|dasatinib anhydrous,2,chembl|epar|llm_curated
datscan,ioflupane (123l)|ioflupane i 123,2,chembl|epar|llm_curated
daunoxome,daunorubicin|daunorubicin citrate|daunorubicin liposomal,3,chembl|llm_reviewed
daurismo,glasdegib|glasdegib maleate,2,chembl|epar|llm_curated
dcfpyl,piflufolastat|piflufolastat f-18,2,chembl|llm_curated|llm_reviewed
decadron,dexamethasone|dexamethasone sodium phosphate,2,chembl|llm_curated
dectancyl,dexamethasone|dexamethasone acetate,2,chembl|llm_curated|llm_reviewed
dectova,zanamivir|zanamivir hydrate,2,chembl|epar|llm_curated
defactinib,alectinib|defactinib,2,chembl|llm_reviewed
defactinib hydrochloride,defactinib|defactinib hydrochloride,2,chembl
deferoxamine mesilate,deferoxamine|deferoxamine mesylate,2,chembl|llm_curated|llm_reviewed
defitelio,defibrotide|defibrotide sodium,2,chembl|epar|llm_curated
degarelix acetate,degarelix|degarelix acetate,2,chembl|llm_curated|llm_reviewed
dehydrated alcohol,alcohol|ethanol,2,chembl|llm_reviewed
delafloxacin meglumine,delafloxacin|delafloxacin meglumine,2,chembl|llm_curated|llm_reviewed
delsym,dextromethorphan|dextromethorphan hydrobromide|dextromethorphan polistirex,3,chembl|llm_curated
demcizumab,demcizumab|emicizumab,2,chembl|llm_reviewed
denagliptin,denagliptin|linagliptin,2,chembl|llm_reviewed
dengvaxia,"chimeric yellow fever dengue virus serotype 1 (live, attenuated)|chimeric yellow fever dengue virus serotype 2 (live, attenuated)|chimeric yellow fever dengue virus serotype 3 (live, attenuated)|chimeric yellow fever dengue virus serotype 4 (live, attenuated)|chimeric yellow fever dengue virus, live attenuated",2,chembl|epar|llm_curated
depakote,divalproex sodium|valproic acid,2,chembl|llm_curated
desferrioxamine mesilate,deferoxamine|deferoxamine mesylate,2,chembl|llm_curated|llm_reviewed
desmopressin acetate,desmopressin|desmopressin acetate,2,chembl|llm_curated|llm_reviewed
desmopressin acetate trihydrate,desmopressin|desmopressin acetate,2,chembl|llm_curated|llm_reviewed
destara,ibandronate sodium|ibandronic acid,2,chembl|epar|llm_curated
desvenlafaxine succinate,desvenlafaxine|desvenlafaxine succinate,2,chembl|llm_curated|llm_reviewed
deuruxolitinib phosphate,deuruxolitinib|deuruxolitinib phosphate,2,chembl|llm_curated|llm_reviewed
dexamfetamine,dexamfetamine|dextroamphetamine,2,chembl|llm_reviewed
dexamfetamine sulfate,dexamfetamine|dextroamphetamine sulfate,2,chembl|llm_reviewed
dexamphetamine sulfate,dexamfetamine|dextroamphetamine sulfate,2,chembl|llm_reviewed
dexlansoprazole,dexlansoprazole|lansoprazole,2,chembl|llm_reviewed
dextran,dextran|dextran 1,2,chembl|llm_curated|llm_reviewed
dextran 40,dextran|dextran 40,2,chembl|llm_curated
dextropropoxyphene,propoxyphene|propoxyphene hydrochloride,2,chembl|llm_curated
diamox,acetazolamide|acetazolamide sodium,2,chembl|llm_curated
diatrizoate sodium,diatrizoate sodium|sodium diatrizoate,2,chembl|llm_reviewed
dichlorphenamide,dichlorphenamide|diclofenamide,2,chembl|llm_reviewed
diclofenac diethylamine,diclofenac|diclofenac sodium,2,chembl|llm_curated|llm_reviewed
diclofenac diethylammonium,diclofenac|diclofenac sodium,2,chembl|llm_curated|llm_reviewed
diclofenac epolamine,diclofenac|diclofenac epolamine,2,chembl|llm_curated|llm_reviewed
diclofenac epolaminum,diclofenac|diclofenac epolamine,2,chembl|llm_curated|llm_reviewed
diclofenac potassium,diclofenac|diclofenac potassium,2,chembl|llm_curated|llm_reviewed
diclofenac-sodium,diclofenac|diclofenac sodium,2,llm_curated|llm_reviewed
digitoxin,digitoxin|digoxin,2,chembl|llm_reviewed
dilantin,phenytoin|phenytoin sodium,2,chembl|llm_curated
diltiazem hydrochloride,diltiazem hydrochloride|lidocaine hydrochloride,2,chembl|llm_reviewed
dimesna,"2,2'-dithiodiethanesulfonic acid|dimesna",2,chembl|llm_curated
dimethisterone,dimethisterone|dimethisterone anhydrous,2,chembl|llm_curated
dimetindene maleate,dimethindene|dimethindene maleate,2,chembl|llm_curated|llm_reviewed
dims0150,cobitolimod|cobitolimod sodium,2,chembl|llm_reviewed
dipalmitoylphosphatidylcholine,colfosceril palmitate|dipalmitoylphosphatidylcholine,2,chembl|llm_reviewed
diphenhydramine hydrochloride,diphenhydramine|diphenhydramine hydrochloride,2,chembl|llm_curated|llm_reviewed
diractin,ketoprofen|ketoprofen sodium,2,chembl|epar|llm_curated
diroximel fumarate,diroximel fumarate|diroximel fumarate (biib098),2,chembl|llm_curated|llm_reviewed
disodium folinate,folinic acid|leucovorin sodium,2,chembl|llm_reviewed
disodium pamidronate,pamidronate disodium|pamidronic acid,2,chembl|llm_reviewed
disopyramide,disopyramide|iopromide,2,chembl|llm_reviewed
dithranol,anthralin|dithranol,2,chembl|llm_reviewed
diuril,chlorothiazide|chlorothiazide sodium,2,chembl|llm_curated
dl-d-600,gallopamil|methoxyverapamil,2,chembl|llm_curated
dm199,recombinant human kallikrein-1|rinvecalinase alfa,2,chembl|llm_curated
dobutamine hydrochloride,dobutamine|dobutamine hydrochloride,2,chembl|llm_curated|llm_reviewed
docefrez,docetaxel|docetaxel anhydrous,2,chembl|epar|llm_curated
docetaxel kabi,docetaxel|docetaxel anhydrous,2,chembl|epar|llm_curated
docetaxel mylan,docetaxel|docetaxel anhydrous,2,chembl|epar|llm_curated
docetaxel teva pharma,docetaxel|docetaxel anhydrous,2,chembl|epar|llm_curated
docosapentaenoic acid,docosahexaenoic acid|docosapentaenoic acid,2,chembl|llm_reviewed
docusate sodium,docusate|docusate sodium,2,chembl|llm_curated|llm_reviewed
doliprane,acetaminophen|paracetamol,2,chembl|llm_reviewed
dolutegravir sodium,dolutegravir|dolutegravir sodium,2,chembl|llm_curated|llm_reviewed
domatinostat,domatinostat|somatostatin,2,chembl|llm_reviewed
domiphen bromide,clomiphene|domiphen bromide,2,chembl|llm_reviewed
donepezil hydrochloride,donepezil|donepezil hydrochloride,2,chembl|llm_curated|llm_reviewed
dopamine hcl,dopamine|dopamine hydrochloride,2,chembl|llm_curated|llm_reviewed
dopamine hydrochloride,dopamine|dopamine hydrochloride,2,chembl|llm_curated|llm_reviewed
dopexamine,deferoxamine|dopexamine,2,chembl|llm_reviewed
doptelet,avatrombopag|avatrombopag maleate,2,chembl|epar|llm_curated
doribax,doripenem|doripenem monohydrate,2,chembl|epar|llm_curated
doripenem monohydrate,doripenem|doripenem monohydrate,2,chembl|llm_curated|llm_reviewed
dorzolamide hydrochloride,dorzolamide|dorzolamide hydrochloride,2,chembl|llm_curated|llm_reviewed
dosulepin hydrochloride,dothiepin|dothiepin hydrochloride,2,chembl|llm_reviewed
"dov 216,419",centanafadine|centanafadine hydrochloride,2,chembl|llm_curated
dov 21947,amitifadine|amitifadine hydrochloride,2,chembl|llm_curated
dovato,dolutegravir sodium|dolutegravir sodium|lamivudine,2,chembl|epar|llm_curated
doxazosin mesilate,doxazosin|doxazosin mesylate,2,chembl|llm_curated|llm_reviewed
doxercalciferol,doxercalciferol|ergocalciferol,2,chembl|llm_reviewed
doxil,doxorubicin|doxorubicin hydrochloride,2,chembl|llm_curated
doxorubicini hydrochloridum,doxorubicin|doxorubicin hydrochloride,2,chembl|llm_curated|llm_reviewed
doxycycline hyclate,doxycycline|doxycycline hyclate,2,chembl|llm_curated|llm_reviewed
dronedarone hydrochloride,dronedarone|dronedarone hydrochloride,2,chembl|llm_curated|llm_reviewed
drotrecogin alfa activated,drotrecogin alfa|drotrecogin alfa (activated),2,chembl|llm_curated|llm_reviewed
dtpa,pentetic acid|technetium tc 99m pentetate,2,chembl|llm_curated
duavive,bazedoxifene acetate|oestrogens conjugated|bazedoxifene,2,chembl|epar|llm_curated
duloxetine boehringer ingelheim,duloxetine|duloxetine hydrochloride,2,chembl|epar|llm_curated
duloxetine lilly,duloxetine|duloxetine hydrochloride,2,chembl|epar|llm_curated
duloxetine zentiva,duloxetine|duloxetine hydrochloride,2,chembl|epar|llm_curated
duoresp spiromax,budesonide|budesonide|formoterol fumarate dihydrate,2,chembl|epar|llm_curated
durapatite,"calcium phosphate, tribasic|durapatite",2,chembl|llm_curated
durlobactam,durlobactam|sulbactam,2,chembl|llm_reviewed
dutogliptin tartrate,dutogliptin|dutogliptin tartrate,2,chembl|llm_curated|llm_reviewed
duvoglustat hydrochloride,duvoglustat hydrochloride|paltusotine hydrochloride,2,chembl|llm_reviewed
duvyzat,givinostat hydrochloride|givinostat hydrochloride monohydrate,2,chembl|epar|llm_curated
dydrogesterone,dydrogesterone|progesterone,2,chembl|llm_reviewed
e-3810,lucitanib|rabeprazole sodium,2,chembl|llm_curated
e-z scrub,chlorhexidine gluconate|hexachlorophene,2,chembl
e5555,atopaxar|atopaxar hydrobromide,2,chembl|llm_curated
eb-1020,centanafadine|centanafadine hydrochloride,2,chembl|llm_curated
ebilfumin,oseltamivir|oseltamivir phosphate,2,chembl|epar|llm_curated
echinacea purpurea,"echinacea purpurea|echinacea, unspecified",2,llm_reviewed
echogen,dodecafluoropentane|perflenapent,2,chembl|epar|llm_curated
econazole nitrate,econazole|econazole nitrate,2,chembl|llm_curated|llm_reviewed
ecopipam hcl,ecopipam|ecopipam hydrochloride,2,chembl|llm_curated|llm_reviewed
edarbi,azilsartan kamedoxomil|azilsartan medoxomil,2,chembl|epar|llm_curated
edecrin,ethacrynate sodium|ethacrynic acid,2,chembl|llm_curated
edistride,dapagliflozin propanediol|dapagliflozin propanediol monohydrate,2,chembl|epar|llm_curated
edurant,rilpivirine|rilpivirine hydrochloride,2,chembl|epar|llm_curated
effentora,fentanyl|fentanyl citrate,2,chembl|epar|llm_curated
efient,prasugrel|prasugrel hydrochloride,2,chembl|epar|llm_curated
eflornithine hydrochloride,eflornithine|eflornithine hydrochloride,2,chembl|llm_curated|llm_reviewed
eicosapentaenoic acid,eicosapentaenoic acid|icosapent,2,chembl|llm_reviewed
eicosapentaenoic acid ethyl ester,eicosapentaenoic acid|icosapent ethyl,2,chembl|llm_reviewed
elagolix sodium,elagolix|elagolix sodium,2,chembl|llm_curated|llm_reviewed
eldisine,felodipine|vindesine sulfate,2,chembl|llm_reviewed
eliapixant,camlipixant|eliapixant,2,chembl|llm_reviewed
eligard,leuprolide acetate|leuprorelin,2,chembl|llm_curated
eliglustat tartrate,eliglustat|eliglustat tartrate,2,chembl|llm_reviewed
ellaone,ulipristal|ulipristal acetate,2,chembl|epar|llm_curated
ellence,epirubicin|epirubicin hydrochloride,2,chembl|llm_curated
elsiglutide,elsiglutide|liraglutide,2,chembl|llm_reviewed
elsubrutinib,elsubrutinib|surufatinib,2,chembl|llm_reviewed
eltanexor,eltanexor|selinexor,2,chembl|llm_reviewed
elvorine,levoleucovorin|levoleucovorin calcium,2,chembl|llm_curated|llm_reviewed
elvucitabine,decitabine|elvucitabine,2,chembl|llm_reviewed
emactuzumab,alemtuzumab|emactuzumab,2,chembl|llm_reviewed
emd 1195686,safinamide|safinamide mesylate,2,chembl|llm_curated
emend,aprepitant|fosaprepitant dimeglumine,2,chembl|epar|llm_curated
emixustat hydrochloride,emixustat|emixustat hydrochloride,2,chembl|llm_curated|llm_reviewed
enalapril maleate,enalapril (maleate)|enalapril maleate,2,chembl|llm_curated|llm_reviewed
endolucinbeta,lutetium (177lu) chloride|lutetium chloride lu-177,2,chembl|epar|llm_curated
enoblituzumab,elotuzumab|enoblituzumab,2,chembl|llm_reviewed
enoxolone,enoximone|enoxolone,2,chembl|llm_reviewed
entecavir monohydrate,entecavir|entecavir monohydrate,2,chembl|llm_curated|llm_reviewed
entecavir viatris (previously entecavir mylan),entecavir|entecavir monohydrate,2,chembl|epar|llm_curated
envarsus,tacrolimus|tacrolimus anhydrous,2,chembl|epar
enviage,aliskiren|aliskiren fumarate,2,chembl|epar|llm_curated
enzepi,"pancreas powder|pancreas powder, porcine",2,chembl|epar|llm_curated
eperisone,eperisone|ephedrine,2,chembl|llm_reviewed
ephedrine hcl,ephedrine|ephedrine hydrochloride,2,chembl|llm_curated|llm_reviewed
ephedrine hydrochloride,ephedrine|ephedrine hydrochloride,2,chembl|llm_curated|llm_reviewed
episalvan,betulae cortex|birch triterpenes,2,chembl|epar|llm_curated
eplivanserin,eplivanserin|pimavanserin,2,chembl|llm_reviewed
epoetin omega,epoetin beta|epoetin omega,2,chembl|llm_reviewed
epoetina zeta,epoetin theta|epoetin zeta,2,chembl|llm_reviewed
epratuzumab,epratuzumab|pertuzumab,2,chembl|llm_reviewed
erelib,eslicarbazepine|eslicarbazepine acetate,2,chembl|llm_curated
ergometrine maleate,ergometrine|ergonovine maleate,2,chembl|llm_reviewed
ertugliflozin,ertugliflozin|ertugliflozin pidolate,2,chembl|llm_curated|llm_reviewed
ervebo,"recombinant vesicular stomatitis virus (strain indiana) with a deletion of the envelope glycoprotein, replaced with the zaire ebolavirus (strain kikwit 1995) surface glycoprotein|vesicular stomatitis virus encoding ebola virus glycoprotein",2,chembl|epar|llm_curated
erythromycin lactobionate,erythromycin|erythromycin lactobionate,2,chembl|llm_curated|llm_reviewed
escitalopram,citalopram|escitalopram,2,chembl|llm_reviewed
escitalopram oxalate,citalopram|escitalopram|escitalopram oxalate,3,chembl|llm_reviewed
esflurbiprofen,esflurbiprofen|flurbiprofen,2,chembl|llm_reviewed
esketamine hydrochloride,esketamine|esketamine hydrochloride,2,chembl|llm_curated|llm_reviewed
esmirtazapine,esmirtazapine|mirtazapine,2,chembl|llm_reviewed
esomeprazole magnesium,esomeprazole|esomeprazole magnesium,2,chembl|llm_curated|llm_reviewed
esomeprazole magnesium trihydrate,esomeprazole|esomeprazole magnesium,2,chembl|llm_curated|llm_reviewed
esomeprazole sodium,esomeprazole|esomeprazole sodium,2,chembl|llm_curated|llm_reviewed
ethanol,alcohol|ethanol,2,chembl|llm_reviewed
ethinyl estradiol,ethinyl estradiol|ethinylestradiol,2,chembl|llm_reviewed
etinilestradiol,ethinyl estradiol|ethinylestradiol,2,chembl|llm_reviewed
etomidate,etomidate|metomidate,2,chembl|llm_reviewed
etrolizumab,etrolizumab|ocrelizumab,2,chembl|llm_reviewed
eucalyptus oil,eucalyptol|eucalyptus oil,2,chembl|llm_reviewed
evarrest,"fibrinogen, human|human fibrinogen|human thrombin",2,chembl|epar|llm_curated
evenamide,evenamide|exenatide,2,chembl|llm_reviewed
evobrutinib,evobrutinib|tolebrutinib,2,chembl|llm_reviewed
evotopin,topotecan|topotecan hydrochloride,2,chembl|epar|llm_curated
evp-6124,encenicline|encenicline hydrochloride,2,chembl|llm_curated
exametazime,dexamfetamine|exametazime,2,chembl|llm_reviewed
exblifep,cefepime dihydrochloride monohydrate|enmetazobactam|cefepime hydrochloride,2,chembl|epar|llm_curated
exelon,rivastigmine|rivastigmine tartrate,2,chembl|epar|llm_curated
exkivity,mobocertinib|mobocertinib succinate,2,chembl|epar|llm_curated
extavia,interferon beta|interferon beta-1b,2,chembl|epar|llm_curated
exviera,dasabuvir sodium|dasabuvir sodium monohydrate,2,chembl|epar|llm_curated
f2695,levomilnacipran|levomilnacipran hydrochloride,2,chembl|llm_curated
fabhalta,iptacopan hydrochloride|iptacopan hydrochloride monohydrate,2,chembl|epar|llm_curated
factor viii inhibitor bypassing fraction,anti-inhibitor coagulant complex|coagulation factor viii inhibitor bypassing agent,2,chembl|llm_reviewed
fadrozole,fadrozole|finrozole,2,chembl|llm_reviewed
famciclovir,famciclovir|ganciclovir,2,chembl|llm_reviewed
fampridina,dalfampridine|fampridine,2,chembl|llm_reviewed
fampridine accord,dalfampridine|fampridine,2,chembl|epar|llm_curated
fampyra,dalfampridine|fampridine,2,chembl|epar|llm_curated
fareston,toremifene|toremifene citrate,2,chembl|epar|llm_curated
farmorubicina,epirubicin|epirubicin hydrochloride,2,chembl|llm_curated|llm_reviewed
faropenem medoxomil,faropenem medoxomil|meropenem,2,chembl|llm_reviewed
farydak,panobinostat|panobinostat lactate|panobinostat lactate anhydrous,3,chembl|epar
fasudil hydrochloride,fasudil|fasudil hydrochloride,2,chembl|llm_reviewed
"fbs0701, spd602",deferitazole|deferitazole magnesium,2,chembl|llm_curated
fc41-12 (perflenapent/perflisopent mixture),perflenapent|perflisopent,2,chembl
fedratinib,fedratinib|neratinib,2,chembl|llm_reviewed
fendrix,hepatitis b surface antigen|hepatitis b virus hbsag surface protein antigen,2,chembl|epar|llm_curated
fentanyl hcl,fentanyl|fentanyl hydrochloride,2,chembl|llm_curated|llm_reviewed
ferric hydroxide,ferric hydroxide|ferric oxyhydroxide,2,chembl|llm_curated
ferroglycine sulfate,ferroglycine sulfate|ferrous glycine sulfate,2,chembl|llm_reviewed
ferrous gluconate,ferrous gluconate|ferrous sulfate,2,chembl|llm_reviewed
ferumoxtran-10,ferumoxtran|ferumoxtran-10,2,chembl|llm_curated|llm_reviewed
fespixon,centella asiatica extract|plectranthus amboinicus extract,2,chembl
fetcroja,cefiderocol sulfate tosilate|cefiderocol sulfate tosylate,2,chembl|epar|llm_curated
fexeric,ferric citrate|ferric citrate coordination complex,2,chembl|epar|llm_curated
ficlatuzumab,farletuzumab|ficlatuzumab,2,chembl|llm_reviewed
filsuvez,"birch triterpenes|dry extract from birch bark (der 5-10 : 1), extraction solvent n-heptane 95% (w|w)",2,chembl|epar|llm_curated
finafloxacin,finafloxacin|ibafloxacin,2,chembl|llm_reviewed
fingolimod,fingolimod|fingolimod hydrochloride,2,chembl|llm_curated
fingolimod mylan,fingolimod|fingolimod hydrochloride,2,chembl|epar|llm_curated
finlee,dabrafenib mesilate|dabrafenib mesylate,2,chembl|epar|llm_curated
fintepla,fenfluramine|fenfluramine hydrochloride,2,chembl|epar|llm_curated
firazyr,icatibant|icatibant acetate,2,chembl|epar|llm_curated
firdapse (previously zenas),amifampridine|amifampridine phosphate,2,chembl|epar|llm_curated
firmagon,degarelix|degarelix acetate,2,chembl|epar|llm_curated
fk 506,tacrolimus|tacrolimus anhydrous,2,chembl
fk-506,tacrolimus|tacrolimus anhydrous,2,chembl
fk506,tacrolimus|tacrolimus anhydrous,2,chembl
flebaven,diosmin|hesperidin,2,chembl|llm_reviewed
flebogamma dif (previously flebogammadif),human immunoglobulin g|human normal immunoglobulin,2,chembl|epar|llm_curated
flecainide acetate,flecainide|flecainide acetate,2,chembl|llm_curated|llm_reviewed
flectadol,acetylsalicylic acid|aspirin dl-lysine,2,chembl|llm_reviewed
flibanserin,flibanserin|mianserin,2,chembl|llm_reviewed
florbetaben,florbetaben|florbetaben (18f),2,chembl|llm_curated|llm_reviewed
florbetaben (18f),florbetaben (18f)|florbetaben f18,2,chembl|llm_reviewed
florbetapir,florbetapir|florbetapir (18f),2,chembl|llm_curated|llm_reviewed
florbetapir (18f),florbetapir (18f)|florbetapir f 18,2,chembl|llm_reviewed
florquinitau f-18,florquinitau f-18|florquinitau f18,2,chembl|llm_reviewed
flortaucipir,flortaucipir|flortaucipir f-18,2,chembl|llm_curated|llm_reviewed
flortaucipir (18f),flortaucipir (18f)|flortaucipir f 18,2,chembl|llm_reviewed
flortaucipir f18,flortaucipir f 18|flortaucipir f-18,2,chembl|llm_reviewed
flotetuzumab,elotuzumab|flotetuzumab,2,chembl|llm_reviewed
fluciclovine,fluciclovine f-18|fluciclovine f18,2,llm_reviewed
flucloxacilline,floxacillin|flucloxacillin,2,chembl|llm_reviewed
flucytosine,cytosine|flucytosine,2,chembl|llm_reviewed
fludeoxyglucose (18f),fludeoxyglucose (18f)|fludeoxyglucose f 18,2,chembl|llm_reviewed
fludrocortisona,fludrocortisone|fludrocortisone acetate,2,chembl|llm_curated|llm_reviewed
fludrocortisone acetate,fludrocortisone|fludrocortisone acetate,2,chembl|llm_curated|llm_reviewed
fluenz,"influenza virus (live attenuated)|a|missouri|11|2025 (h1n1)pdm09 - like strain (a|switzerland|6849|2025, medi 400592)|a|darwin|1454|2025 (h3n2) - like strain (a|darwin|1369|2025, medi 406666)|b|tokyo|eis13-175|2025 - like strain (b|perth|115|2025, medi 407730)|influenza virus a|victoria|4897|2022 (h1n1)pdm09 - like strain (a|norway|31694|2022, medi 369815), a a|croatia|10136rv|2023 (h3n2)-like strain (a|perth|722|2024, medi 392611) b|austria|1359417|2021 - like strain (b|austria|1359417|2021, medi 355292)|reassortant influenza virus (live attenuated) of the following strains:a|california|7|2009 (h1n1)pdm09 like strain, a|victoria|361|2011 (h3n2) like strain, b|massachusetts|2|2012 like strain",3,epar|llm_curated
fluocinolone,fluocinolone|fluocinolone acetonide,2,chembl|llm_curated
fluorescein lisicol,fluorescein|fluorescein lisicol,2,chembl|llm_curated|llm_reviewed
fluorodopa (18f),18f-fluorodopa|fluorodopa f 18,2,chembl|llm_reviewed
fluoroestradiol f-18,18f-fluoroestradiol|fluoroestradiol f-18,2,chembl|llm_reviewed
fluoxetine hydrochloride,fluoxetine|fluoxetine hydrochloride,2,chembl|llm_curated|llm_reviewed
flurazepam,flurazepam|flurazepam hydrochloride,2,chembl|llm_curated
flurazepam hydrochloride,flurazepam hydrochloride|lorazepam,2,chembl|llm_reviewed
fluspirilene,flupirtine|fluspirilene,2,chembl|llm_reviewed
flutemetamol (18f),flutemetamol (18f)|flutemetamol f 18,2,chembl|llm_reviewed
fluvastatin sodium,fluvastatin|fluvastatin sodium,2,chembl|llm_curated|llm_reviewed
fluvoxamine maleate,fluvoxamine|fluvoxamine maleate,2,chembl|llm_curated|llm_reviewed
folinato calcico,calcium folinate|leucovorin calcium,2,chembl|llm_reviewed
follicle stimulating hormone,follitropin|follitropin alfa,2,chembl|llm_curated|llm_reviewed
forcaltonin,calcitonin salmon|recombinant salmon calcitonin,2,chembl|epar|llm_curated
forodesine hydrochloride,forodesine|forodesine hydrochloride,2,chembl|llm_curated|llm_reviewed
fortical,calcitonin salmon|maltodextrin,2,chembl|llm_curated
forxiga,dapagliflozin propanediol|dapagliflozin propanediol monohydrate,2,chembl|epar|llm_curated
fosamax,alendronate sodium|alendronic acid,2,chembl|llm_reviewed
fosamprenavir,amprenavir|fosamprenavir,2,chembl|llm_reviewed
fosaprepitant dimeglumine,fosaprepitant|fosaprepitant dimeglumine,2,chembl|llm_curated|llm_reviewed
fosavance,alendronate sodium|alendronic acid|colecalciferol,2,chembl|epar|llm_curated
fosfomycin disodium,fosfomycin|fosfomycin sodium,2,chembl|llm_curated|llm_reviewed
fosfomycin sodium,fosfomycin|fosfomycin sodium,2,chembl|llm_curated|llm_reviewed
fosfomycin trometamol,fosfomycin|fosfomycin tromethamine,2,chembl|llm_curated|llm_reviewed
fosgemcitabine palabenamide,fosgemcitabine palabenamide|gemcitabine,2,chembl|llm_reviewed
fotivda,tivozanib|tivozanib hydrochloride,2,chembl|epar|llm_curated
fr900506,tacrolimus|tacrolimus anhydrous,2,chembl
fresolimumab,fresolimumab|golimumab,2,chembl|llm_reviewed
frovatriptan succinate,frovatriptan succinate|sumatriptan succinate,2,chembl|llm_reviewed
fsh,follitropin alfa|menotropins,2,chembl|llm_reviewed
fty720,fingolimod|fingolimod hydrochloride,2,chembl|llm_curated|llm_reviewed
fucidine,furazidine|fusidate sodium,2,chembl|llm_reviewed
furmonertinib,firmonertinib|furmonertinib,2,chembl|llm_reviewed
g9s0vv191i,lactase|tilactase,2,chembl|llm_curated
gabapentin enacarbil,gabapentin|gabapentin enacarbil,2,chembl|llm_curated|llm_reviewed
gabitril,tiagabine|tiagabine hydrochloride,2,chembl|llm_curated
gadofosveset,gadofosveset|gadofosveset trisodium,2,chembl|llm_curated|llm_reviewed
gadopentetic acid,gadopentetate dimeglumine|gadopentetic acid,2,chembl|llm_reviewed
gadoxetic acid,gadoteric acid|gadoxetic acid,2,chembl|llm_reviewed
galafold,migalastat|migalastat hydrochloride,2,chembl|epar|llm_curated
galantamine hydrobromide,galantamine|galantamine hydrobromide,2,chembl|llm_curated|llm_reviewed
galicaftor,galicaftor|ivacaftor,2,chembl|llm_reviewed
galinpepimut-s,galinpepimut-s|nelipepimut-s,2,chembl|llm_reviewed
galiximab,daxdilimab|galiximab,2,chembl|llm_reviewed
gallium (68ga) edotreotide,edotreotide|edotreotide gallium ga-68,2,chembl|llm_reviewed
gallium (68ga) gozetotide,gallium ga 68 gozetotide|gozetotide,2,chembl|llm_reviewed
gallopamil,gallopamil|methoxyverapamil,2,chembl|llm_curated
gamophen,hexachlorophene|triclosan,2,chembl
ganciclovir sodium,ganciclovir|ganciclovir sodium,2,chembl|llm_curated|llm_reviewed
gantenerumab,ganitumab|gantenerumab,2,chembl|llm_reviewed
gantrisin,sulfisoxazole|sulfisoxazole acetyl|sulfisoxazole diolamine,3,chembl
gardasil,"human papillomavirus type 6 l1 protein|human papillomavirus type 11 l1 protein|human papillomavirus type 16 l1 protein|human papillomavirus type 18 l1 protein|human papillomavirus, l1 protein virus like particles",2,chembl|epar|llm_curated
gardasil 9,"human papillomavirus 9-valent vaccine, recombinant|human papillomavirus vaccine [types 6, 11, 16, 18, 31, 33, 45, 52, 58] (recombinant, adsorbed)|human papillomavirus, l1 protein virus like particles",3,chembl|epar|llm_reviewed
garenoxacin,garenoxacin|garenoxacin mesylate,2,chembl|llm_curated|llm_reviewed
gemifloxacin mesylate,difloxacin|gemifloxacin mesylate,2,chembl|llm_reviewed
gemtuzumab,alemtuzumab|gemtuzumab,2,chembl|llm_reviewed
gemzar,gemcitabine|gemcitabine hydrochloride,2,chembl|llm_curated
genasense,oblimersen|oblimersen sodium,2,chembl|epar|llm_curated
genotropin,menotropins|somatropin,2,chembl|llm_reviewed
gentamicin sulfate,gentamicin|gentamicin sulfate,2,chembl|llm_curated|llm_reviewed
gentamicin sulphate,gentamicin|gentamicin sulfate,2,chembl|llm_curated|llm_reviewed
geodon,ziprasidone hydrochloride|ziprasidone mesylate,2,chembl|llm_curated
gilotrif,afatinib|afatinib dimaleate,2,chembl|llm_curated
giotrif,afatinib|afatinib dimaleate,2,chembl|epar|llm_curated
girentuximab,girentuximab|rituximab,2,chembl|llm_reviewed
givlaari,givosiran|givosiran sodium,2,chembl|epar|llm_curated
gleevec,imatinib|imatinib mesylate,2,chembl|llm_curated
glibenclamida,glibenclamide|glyburide,2,chembl|llm_reviewed
gliolan,5-aminolevulinic acid hydrochloride|aminolevulinic acid hydrochloride,2,chembl|epar|llm_curated
glivec,imatinib|imatinib mesylate,2,chembl|epar|llm_curated
glp-1,glp-1|glucagon-like peptide 1|glucagon-like peptide-1 receptor agonist,3,chembl|llm_reviewed
glpg1205,glpg-1205|glpg1205,2,chembl|llm_reviewed
glucagen,glucagon|glucagon hydrochloride,2,chembl|llm_curated|llm_reviewed
glucagon hydrochloride,glucagon|glucagon hydrochloride,2,chembl|llm_curated|llm_reviewed
glucosamine hydrochloride,glucosamine|glucosamine hydrochloride,2,chembl|llm_curated|llm_reviewed
glucosamine sulfate,glucosamine|glucosamine sulfate,2,chembl|llm_curated|llm_reviewed
glucosamine sulfate potassium chloride,glucosamine|glucosamine sulfate potassium chloride,2,chembl|llm_curated|llm_reviewed
glucosulfone,glucosulfone|sodium glucosulfone,2,chembl|llm_curated
glufosfamide,glufosfamide|ifosfamide,2,chembl|llm_reviewed
glycerol,glycerin|glycerol,2,chembl|llm_reviewed
gmi-1070,rivipansel|rivipansel sodium,2,chembl|llm_curated
golvatinib,golvatinib|lenvatinib,2,chembl|llm_reviewed
gonadotrofina corionica,"chorionic gonadotropin|gonadotropin, chorionic",2,chembl|llm_reviewed
granisetron hydrochloride,granisetron|granisetron hydrochloride,2,chembl|llm_curated|llm_reviewed
granudoxy,doxycycline|doxycycline hyclate,2,chembl|llm_curated|llm_reviewed
granupas (previously para-aminosalicylic acid lucane),aminosalicylic acid|para-aminosalicylic acid,2,chembl|epar|llm_curated
grepid,clopidogrel (as besilate)|clopidogrel besilate,2,chembl|epar|llm_curated
grn163l,imetelstat|imetelstat sodium,2,chembl|llm_curated
gs-9883,bictegravir|bictegravir sodium,2,chembl|llm_curated
gs-9883-01,bictegravir|bictegravir sodium,2,chembl|llm_curated
gsk1120212b,trametinib|trametinib dimethyl sulfoxide,2,chembl|llm_reviewed
gsk1349572a,dolutegravir|dolutegravir sodium,2,chembl|llm_curated
gsk3640254d,fipravirimat|fipravirimat mesylate,2,chembl|llm_curated|llm_reviewed
gsk557296b,epelsiban|epelsiban besylate,2,chembl|llm_curated
gw572016f,lapatinib|lapatinib ditosylate,2,chembl
halaven,eribulin|eribulin mesylate,2,chembl|epar|llm_curated
haldol,haloperidol|haloperidol decanoate|haloperidol lactate,3,chembl
haloperidol decanoate,haloperidol|haloperidol decanoate,2,chembl|llm_curated|llm_reviewed
hb-201,esepapogene zalarnarepvec|hb-201,2,chembl|llm_curated
hb-202,hb-202|ninsipapogene sibarnarepvec,2,chembl|llm_curated
hbvaxpro,"hepatitis b virus hbsag surface protein antigen|hepatitis b, recombinant surface antigen",2,chembl|epar|llm_curated
helicobacter test infai,urea (13c)|urea c 13,2,chembl|epar|llm_curated
hemabate,carboprost|carboprost tromethamine,2,chembl|llm_curated
hepacare,"hepatitis b surface antigens recombinant (s, pre-s1, pre-s2) adsorbed on aluminium hydroxide [produced on genetically engineered murine (c127i) cells]|hepatitis b virus s protein, pre-s1 protein and pre-s2 protein virus like particles",2,chembl|epar|llm_curated
heparine sodique,heparin|heparin sodium,2,chembl|llm_curated|llm_reviewed
hepatitis b vaccine,hepatitis b vaccine (recombinant)|hepatitis b virus hbsag surface protein antigen,2,chembl|llm_reviewed
hepatitis b vaccine recombinant,hepatitis b vaccine (recombinant)|hepatitis b virus hbsag surface protein antigen,2,chembl|llm_reviewed
hepcludex,bulevirtide|bulevirtide acetate,2,chembl|epar|llm_curated
heplisav b,hepatitis b surface antigen|hepatitis b virus hbsag surface protein antigen,2,chembl|epar|llm_curated
herpes zoster vaccine gsk1437173a,"varicella zoster virus envelope glycoprotein e|zoster vaccine, recombinant adjuvanted",2,chembl|llm_reviewed
hesperidin,diosmin|hesperidin,2,chembl|llm_reviewed
hetrombopag olamine,eltrombopag olamine|hetrombopag olamine,2,chembl|llm_reviewed
hexadrol,dexamethasone|dexamethasone sodium phosphate,2,chembl|llm_curated
hexaminolevulinate hydrochloride,hexaminolevulinate|hexaminolevulinate hydrochloride,2,chembl|llm_curated|llm_reviewed
hizentra,human immunoglobulin g|human normal immunoglobulin (scig),2,chembl|epar|llm_curated
hl 275,alvocidib|alvocidib hydrochloride,2,chembl|llm_curated
hmr 1275,alvocidib|alvocidib hydrochloride,2,chembl|llm_curated
htf 919,tegaserod|tegaserod maleate,2,chembl|llm_curated
htf919,prucalopride|tegaserod,2,chembl|llm_reviewed
huj591,huj591|huj591 111in|huj591 177lu,3,chembl|llm_curated
huj591-gs,j591|j591 177lu,2,chembl|llm_curated
human coagulation factor ix,coagulation factor ix|coagulation factor ix human,2,chembl|llm_curated|llm_reviewed
human coagulation factor viii,human coagulation factor ix|human coagulation factor viii,2,chembl|llm_reviewed
human coagulation factor x,coagulation factor x|coagulation factor x human,2,chembl|llm_curated|llm_reviewed
human normal immunoglobulin iv,"human normal immunoglobulin|immunoglobulin, normal human",2,llm_reviewed
human von willebrand factor,"von willebrand factor human|von willebrand factor, human",2,chembl|llm_reviewed
humenza,"influenza a virus, split virion|split influenza virus, inactivated, containing antigen*: a|california|7|2009 (h1n1)v like strain (x-179a)*propagated in eggs.",2,chembl|epar|llm_curated
hycamtin,topotecan|topotecan hydrochloride,2,chembl|epar|llm_curated
hydralazine hydrochloride,hydralazine|hydralazine hydrochloride,2,chembl|llm_curated|llm_reviewed
hydrocortisone acetate,hydrocortisone|hydrocortisone acetate,2,chembl|llm_curated|llm_reviewed
hydrocortisone butyrate,hydrocortisone|hydrocortisone butyrate,2,chembl|llm_curated|llm_reviewed
hydrocortisone sodium phosphate,hydrocortisone|hydrocortisone sodium phosphate,2,chembl|llm_curated|llm_reviewed
hydrocortisone sodium succinate,hydrocortisone|hydrocortisone sodium succinate,2,chembl|llm_curated|llm_reviewed
hydrocortisone-17-butyrate,hydrocortisone|hydrocortisone butyrate,2,chembl|llm_curated|llm_reviewed
hydrocortisoni acetas,hydrocortisone|hydrocortisone acetate,2,chembl|llm_curated|llm_reviewed
hydrocortone,hydrocortisone|hydrocortisone acetate|hydrocortisone sodium phosphate,3,chembl|llm_reviewed
hydrogen carbonate,bicarbonate|sodium bicarbonate,2,chembl|llm_reviewed
hydroxychloroquine sulfate,hydroxychloroquine|hydroxychloroquine sulfate,2,chembl|llm_curated|llm_reviewed
hydroxychloroquine sulphate,hydroxychloroquine|hydroxychloroquine sulfate,2,chembl|llm_curated|llm_reviewed
hydroxyethyl starch,hetastarch|hydroxyethyl starch,2,chembl|llm_reviewed
hydroxyethyl starch 130,hydroxyethyl starch|hydroxyethyl starch 130|0.4,2,llm_curated|llm_reviewed
hydroxyprogesterone,hydroxyprogesterone|hydroxyprogesterone caproate,2,chembl|llm_curated|llm_reviewed
hydroxyzine hydrochloride,hydroxyzine|hydroxyzine hydrochloride,2,chembl|llm_curated|llm_reviewed
hyoscine butylbromide,butylscopolamine bromide|hyoscine butylbromide,2,chembl|llm_reviewed
hyoscine hydrobromide,scopolamine|scopolamine hydrobromide,2,chembl|llm_curated|llm_reviewed
hypaque,diatrizoate meglumine|diatrizoate sodium,2,chembl|llm_curated
iasibon,ibandronate sodium|ibandronic acid,2,chembl|epar|llm_curated
iasocholine,18f-fluorocholine|fluorocholine f-18,2,chembl|llm_reviewed
ib1001,levacetylleucine|trenonacog alfa,2,chembl
ibandronic acid accord,ibandronate sodium|ibandronic acid,2,chembl|epar|llm_curated
ibandronic acid sandoz,ibandronate sodium|ibandronic acid,2,chembl|epar|llm_curated
ibandronic acid teva,ibandronate sodium|ibandronic acid,2,chembl|epar|llm_curated
ibuprofen lysinate,ibuprofen|ibuprofen lysine,2,chembl|llm_curated|llm_reviewed
ibuprofen lysine,ibuprofen|ibuprofen lysine,2,chembl|llm_curated|llm_reviewed
ibuprofen sodium dihydrate,ibuprofen|ibuprofen sodium,2,chembl|llm_curated|llm_reviewed
ibutamoren mesilate,ibutamoren|ibutamoren mesylate,2,chembl|llm_curated|llm_reviewed
ibutamoren mesylate,ibutamoren|ibutamoren mesylate,2,chembl|llm_curated|llm_reviewed
iclusig,ponatinib|ponatinib hydrochloride,2,chembl|epar|llm_curated
idamycin,idarubicin|idarubicin hydrochloride,2,chembl|llm_curated
idec-159,idec-159|idec-159 111in|idec-159 90y,3,chembl
idhifa,enasidenib|enasidenib mesylate,2,chembl|llm_curated
idrabiotaparinux,idrabiotaparinux|idrabiotaparinux sodium,2,llm_curated|llm_reviewed
idraparinux sodium,idrabiotaparinux|idraparinux sodium,2,chembl|llm_reviewed
ikervis,ciclosporin|cyclosporine,2,chembl|epar|llm_curated
iloprost trometamol,iloprost|iloprost tromethamine,2,chembl|llm_curated|llm_reviewed
im051,crexavibart|ogalvibart,2,chembl
imatinib accord,imatinib|imatinib mesylate,2,chembl|epar|llm_curated
imatinib actavis,imatinib|imatinib mesylate,2,chembl|epar|llm_curated
imatinib koanaa,imatinib mesilate|imatinib mesylate,2,chembl|epar|llm_curated
imatinib medac,imatinib|imatinib mesylate,2,chembl|epar|llm_curated
imatinib mesylate,imatinib|imatinib mesylate,2,chembl
imatinib teva,imatinib|imatinib mesylate,2,chembl|epar|llm_curated
imatinib teva b.v.,imatinib mesilate|imatinib mesylate,2,chembl|epar|llm_curated
imciromab,imciromab|imciromab pentetate,2,chembl|llm_curated
imcivree,setmelanotide|setmelanotide acetate,2,chembl|epar|llm_curated
imgatuzumab,imgatuzumab|nimotuzumab,2,chembl|llm_reviewed
imipramine hydrochloride,clomipramine hydrochloride|imipramine hydrochloride,2,chembl|llm_reviewed
imitrex,sumatriptan|sumatriptan succinate,2,chembl|llm_curated
immu-107,clivatuzumab tetraxetan|yttrium y 90 clivatuzumab tetraxetan,2,chembl|llm_curated
immunogam,hepatitis b immune globulin|human hepatitis b immunoglobulin,2,chembl|epar|llm_curated
imuran,azathioprine|azathioprine sodium,2,chembl|llm_curated
imvanex,"modified vaccinia ankara - bavarian nordic (mva-bn) virus|vaccinia virus, live modified",2,chembl|epar|llm_curated
incb-018424 salt,ruxolitinib|ruxolitinib phosphate,2,chembl
indatuximab ravtansine,indatuximab ravtansine|isatuximab,2,chembl|llm_reviewed
indigo carmine,indigo carmine|indigotindisulfonate sodium,2,chembl|llm_reviewed
indinavir sulfate,indinavir|indinavir sulfate,2,chembl|llm_curated|llm_reviewed
indocin,indomethacin|indomethacin sodium,2,chembl|llm_curated
indomethacin sodium trihydrate,indomethacin|indomethacin sodium,2,chembl|llm_curated|llm_reviewed
inno-206,aldoxorubicin|aldoxorubicin hydrochloride,2,chembl|llm_curated
inpremzia,insulin human|insulin human (rdna),2,chembl|epar|llm_curated
inrebic,fedratinib dihydrochloride monohydrate|fedratinib hydrochloride,2,chembl|epar|llm_curated
insulatard,"insulin human|insulin human, isophane",2,chembl|epar|llm_curated
insulin human winthrop,"insulin human|insulin, neutral",2,chembl|epar|llm_curated
insulin zinc injection,"insulin zinc|insulin zinc, extended|insulin zinc, prompt",3,chembl|llm_curated
insulin zinc suspension,"insulin zinc|insulin zinc, extended|insulin zinc, prompt",3,chembl|llm_curated
interferon alfa natural,interferon|interferon alfa,2,chembl|llm_curated|llm_reviewed
interferon gamma,interferon|interferon gamma-1b,2,chembl|llm_curated|llm_reviewed
intrastigmina,neostigmine|neostigmine methylsulfate,2,chembl|llm_curated|llm_reviewed
intuniv,guanfacine|guanfacine hydrochloride,2,chembl|epar|llm_curated
invirase,saquinavir|saquinavir mesylate,2,chembl|epar|llm_curated
ioa,nomegestrol acetate|nomegestrol acetate|estradiol,2,chembl|epar|llm_curated
iobenguane,iobenguane|iobenguane i-123,2,chembl|llm_curated|llm_reviewed
iobenguane (123i),iobenguane i 123|iobenguane i-123,2,chembl|llm_reviewed
iobenguane i 131,iobenguane i 131|iobenguane i-123,2,chembl|llm_reviewed
iodine ioflupane (123i),iodine|ioflupane i 123,2,chembl|llm_reviewed
ion-957943,fesomersen|fesomersen sodium,2,chembl|llm_curated
iopamidol,iopamidol|palmidrol,2,chembl|llm_reviewed
iopidine,apraclonidine|apraclonidine hydrochloride,2,chembl|llm_curated
iotroxic acid,citric acid|iotroxic acid,2,chembl|llm_reviewed
ipi-504,retaspimycin|retaspimycin hydrochloride,2,chembl|llm_curated
ipp 201101,forigerimod|forigerimod acetate,2,chembl|llm_curated
ipreziv,azilsartan kamedoxomil|azilsartan medoxomil,2,chembl|epar|llm_curated
iproniazid,iproniazid|isoniazid,2,chembl|llm_reviewed
iptacopan hydrochloride,iptacopan|iptacopan hydrochloride,2,chembl|llm_curated|llm_reviewed
iratumumab,iratumumab|panitumumab,2,chembl|llm_reviewed
iron dextran,ferric oxyhydroxide|iron dextran,2,chembl|llm_curated
isavuconazonium sulfate,isavuconazonium|isavuconazonium sulfate,2,chembl|llm_curated|llm_reviewed
iscover,clopidogrel|clopidogrel bisulfate,2,chembl|epar|llm_curated
isemid,torasemide|torsemide,2,chembl|epar|llm_curated
isentress,raltegravir|raltegravir potassium,2,chembl|epar|llm_curated
isis 301012,mipomersen|mipomersen sodium,2,chembl|llm_curated|llm_reviewed
isis 304801,volanesorsen|volanesorsen sodium,2,chembl|llm_curated|llm_reviewed
isis 420915,inotersen|volanesorsen,2,chembl|llm_reviewed
isoallopregnanolone,isoallopregnanolone|sepranolone,2,chembl|llm_reviewed
isoprenaline hydrochloride,isoproterenol|isoproterenol hydrochloride,2,chembl|llm_curated|llm_reviewed
isoquercetin,isoquercetin|quercetin,2,chembl|llm_reviewed
itacitinib adipate,itacitinib|itacitinib adipate,2,chembl|llm_curated|llm_reviewed
ivabradine anpharm,ivabradine|ivabradine hydrochloride,2,chembl|epar|llm_curated
ivabradine hydrochloride,ivabradine|ivabradine hydrochloride,2,chembl|llm_curated|llm_reviewed
ivemend,fosaprepitant|fosaprepitant dimeglumine,2,chembl|epar|llm_curated
ixchiq,"chikungunya virus, live attenuated|chikungunya virus, strain chikv lr2006-opy1, live attenuated",2,chembl|epar|llm_curated
ixiaro,"japanese encephalitis virus, inactivated|japanese-encephalitis virus, inactivated (attenuated strain sa14-14-2 grown in vero cells)",2,chembl|epar|llm_curated
jakafi,ruxolitinib|ruxolitinib phosphate,2,chembl|llm_curated
jakavi,ruxolitinib|ruxolitinib phosphate,2,chembl|epar|llm_curated
januvia,sitagliptin|sitagliptin phosphate,2,chembl|epar|llm_curated
javlor,vinflunine|vinflunine ditartrate,2,chembl|epar|llm_curated
jcovden (previously covid-19 vaccine janssen),adenovirus type 26 encoding sars-cov-2 spike glycoprotein|adenovirus type 26 encoding the sars-cov-2 spike glycoprotein (ad26.cov2-s),2,chembl|epar|llm_curated
jnj-38518168,toreforant|toreforant tartrate,2,chembl|llm_curated
jzp-458,asparaginase erwinia chrysanthemi|crisantaspase,2,chembl|llm_curated
kadcyla,ado-trastuzumab emtansine|trastuzumab|trastuzumab emtansine,3,chembl|epar|llm_curated
kapruvia,difelikefalin|difelikefalin acetate,2,chembl|epar|llm_curated
karenitecin,cositecan|karenitecin,2,chembl|llm_curated
kc8857,tedisamil|tedisamil sesquifumarate,2,chembl|llm_curated
kenacort,triamcinolone|triamcinolone diacetate,2,chembl|llm_curated
kengrexal,cangrelor|cangrelor tetrasodium,2,chembl|epar|llm_curated
ketalar,ketamine|ketamine hydrochloride,2,chembl|llm_curated|llm_reviewed
ketamine hydrochloride,ketamine|ketamine hydrochloride,2,chembl|llm_curated|llm_reviewed
ketanest s,esketamine|esketamine hydrochloride,2,chembl|llm_curated|llm_reviewed
ketoprofen lysine salt,ketoprofen|ketoprofen lysine,2,chembl|llm_curated|llm_reviewed
ketorolac trometamol,ketorolac|ketorolac tromethamine,2,chembl|llm_curated|llm_reviewed
ketorolac tromethamine,ketorolac|ketorolac tromethamine,2,chembl|llm_curated|llm_reviewed
kexxtone,monensin (as monensin sodium)|monensin sodium,2,chembl|epar|llm_curated
kinpeygo,"budesonide|budesonide, micronised",2,chembl|epar|llm_curated
kiovig,human immunoglobulin g|human normal immunoglobulin (ivig),2,chembl|epar|llm_curated
kisplyx,lenvatinib|lenvatinib mesilate|lenvatinib mesylate,3,chembl|epar
kisqali,ribociclib|ribociclib succinate,2,chembl|epar|llm_curated
l 86 8275,alvocidib|alvocidib hydrochloride,2,chembl|llm_curated
l-arginine hydrochloride,arginine|arginine hydrochloride,2,chembl|llm_curated|llm_reviewed
l19il2,darleukin|l19il2,2,chembl|llm_curated
la-6023,metformin|metformin hydrochloride,2,chembl|llm_curated
laam,levomethadyl acetate|levomethadyl acetate hydrochloride,2,chembl|llm_curated
labetalol hydrochloride,labetalol|labetalol hydrochloride,2,chembl|llm_curated|llm_reviewed
lactulose,lactose|lactulose,2,chembl|llm_reviewed
lacutamab,lacutamab|olaratumab,2,chembl|llm_reviewed
ladiratuzumab vedotin,ladiratuzumab vedotin|olaratumab,2,chembl|llm_reviewed
lamisil,terbinafine|terbinafine hydrochloride,2,chembl|llm_curated|llm_reviewed
lamisil at,terbinafine|terbinafine hydrochloride,2,chembl|llm_curated
landiolol hydrochloride,landiolol|landiolol hydrochloride,2,chembl|llm_curated|llm_reviewed
lanreotide acetate,lanreotide|lanreotide acetate,2,chembl|llm_curated|llm_reviewed
lapatinib ditosylate,lapatinib|lapatinib ditosylate,2,chembl
lapatinib ditosylate monohydrate,lapatinib|lapatinib ditosylate,2,chembl
laromustine,laromustine|lomustine,2,chembl|llm_reviewed
larotrectinib,larotrectinib|larotrectinib sulfate,2,chembl|llm_curated|llm_reviewed
lasofoxifene,lasofoxifene|lasofoxifene tartrate,2,chembl|llm_curated|llm_reviewed
latanoprostene bunod,latanoprost|latanoprostene bunod,2,chembl|llm_curated|llm_reviewed
latuda,lurasidone|lurasidone hydrochloride,2,chembl|epar|llm_curated
lazcluze,lazertinib mesilate monohydrate|lazertinib mesylate,2,chembl|epar|llm_curated
lazertinib,alectinib|lazertinib,2,chembl|llm_reviewed
lbs-008,lb-100|tinlarebant,2,chembl|llm_reviewed
ledaga,chlormethine|mechlorethamine,2,chembl|epar|llm_curated
lenacapavir,lenacapavir|lenacapavir sodium,2,chembl|llm_curated|llm_reviewed
lenalidomide krka d.d.,lenalidomide hydrochloride hydrate|lenalidomide hydrochloride monohydrate,2,chembl|epar|llm_curated
lenomorelin,ghrelin|lenomorelin,2,chembl|llm_curated
lenvima,lenvatinib|lenvatinib mesilate|lenvatinib mesylate,3,chembl|epar|llm_curated
leqvio,inclisiran|inclisiran sodium,2,chembl|epar|llm_curated
leritine,anileridine hydrochloride|anileridine phosphate,2,chembl|llm_curated
leucogen,leucogen|purified p45 felv-envelope antigen,2,chembl|epar|llm_curated
leukine,leucine|sargramostim,2,chembl|llm_reviewed
leuprolide,leuprolide|leuprorelin,2,chembl|llm_reviewed
leuprolide mesylate,leuprolide mesylate|leuprorelin,2,chembl|llm_reviewed
leuprorelina,leuprolide|leuprorelin,2,chembl|llm_reviewed
levamisole hydrochloride,levamisole|levamisole hydrochloride,2,chembl|llm_curated|llm_reviewed
levamlodipine,amlodipine|levamlodipine,2,chembl|llm_reviewed
levaxin,levothyroxine|levothyroxine sodium,2,chembl|llm_curated|llm_reviewed
levitra,vardenafil|vardenafil hydrochloride,2,chembl|epar|llm_curated
levocabastine hydrochloride,levocabastine|levocabastine hydrochloride,2,chembl|llm_curated|llm_reviewed
levocetirizine dihydrochloride,levocetirizine|levocetirizine dihydrochloride,2,chembl|llm_curated|llm_reviewed
levomilnacipran,levomilnacipran|milnacipran,2,chembl|llm_reviewed
levosalbutamol tartrate,levalbuterol tartrate|levosalbutamol,2,chembl|llm_reviewed
levothyroxine sodique,levothyroxine|levothyroxine sodium,2,chembl|llm_curated|llm_reviewed
levothyroxine sodium,levothyroxine|levothyroxine sodium,2,chembl|llm_curated|llm_reviewed
liatermin,avotermin|liatermin,2,chembl|llm_reviewed
licarbazepina,eslicarbazepine|licarbazepine,2,chembl|llm_reviewed
licarbazepine,eslicarbazepine|licarbazepine,2,chembl|llm_reviewed
lidocaine hydrochloride monohydrate,lidocaine|lidocaine hydrochloride,2,chembl|llm_curated|llm_reviewed
lidocaini hydrochloridum,lidocaine|lidocaine hydrochloride,2,chembl|llm_curated|llm_reviewed
lintuzumab,lintuzumab|nimotuzumab,2,chembl|llm_reviewed
liothyronine hydrochloride,liothyronine|liothyronine sodium,2,chembl|llm_curated|llm_reviewed
liothyronine sodium,liothyronine|liothyronine sodium,2,chembl|llm_curated|llm_reviewed
lipiodol,ethiodized oil|lipiodol,2,chembl|llm_reviewed
lipitor,atorvastatin|atorvastatin calcium,2,chembl|llm_curated|llm_reviewed
liquid paraffin,liquid paraffin|mineral oil,2,chembl|llm_reviewed
lisdexamfetamine dimesylate,dexamfetamine|lisdexamfetamine dimesylate,2,chembl|llm_reviewed
litfulo,ritlecitinib tosilate|ritlecitinib tosylate,2,chembl|epar|llm_curated
lithium citrate,lithium|lithium citrate,2,chembl|llm_curated|llm_reviewed
litoxetine,litoxetine|vortioxetine,2,chembl|llm_reviewed
lixiana,edoxaban tosilate|edoxaban tosylate,2,chembl|epar|llm_curated
lmwd,dextran|dextran 40,2,chembl|llm_curated
locametz,gallium ga 68 gozetotide|gozetotide,2,chembl|epar|llm_curated
lodipressin,amlodipine besilate|amlodipine besylate,2,chembl|epar|llm_curated
lofexidine hydrochloride,lofexidine|lofexidine hydrochloride,2,chembl|llm_curated|llm_reviewed
lojuxta,lomitapide|lomitapide mesylate,2,chembl|epar|llm_curated
lonidamine,clonidine|lonidamine,2,chembl|llm_reviewed
lonsurf,tipiracil|trifluridine|trifluridine|tipiracil|trifluridine|tipiracil hydrochloride,3,epar|llm_curated|llm_reviewed
loperamide hydrochloride,loperamide|loperamide hydrochloride,2,chembl|llm_curated|llm_reviewed
lopressor,metoprolol fumarate|metoprolol tartrate,2,chembl|llm_curated
lorediplon,iloperidone|lorediplon,2,chembl|llm_reviewed
lorundrostat,linrodostat|lorundrostat,2,chembl|llm_reviewed
lorvotuzumab mertansine,elotuzumab|lorvotuzumab mertansine,2,chembl|llm_reviewed
losartan potassium,losartan|losartan potassium,2,chembl|llm_curated|llm_reviewed
loteprednol,loteprednol|loteprednol etabonate,2,chembl|llm_curated|llm_reviewed
lovastatin,fluvastatin|lovastatin,2,chembl|llm_reviewed
loxen,nicardipine|nicardipine hydrochloride,2,chembl|llm_curated|llm_reviewed
lu-30-029,gallopamil|methoxyverapamil,2,chembl|llm_curated
lulizumab pegol,eculizumab|lulizumab pegol,2,chembl|llm_reviewed
lumark,lutetium (177lu) chloride|lutetium chloride lu-177,2,chembl|epar|llm_curated
lumateperone tosylate,lumateperone|lumateperone tosylate,2,chembl|llm_curated|llm_reviewed
lupron,leuprolide acetate|leuprorelin,2,chembl|llm_curated
lupuzor,forigerimod|forigerimod acetate,2,chembl|llm_curated
lurasidone hcl,lurasidone|lurasidone hydrochloride,2,chembl|llm_curated|llm_reviewed
lurasidone hydrochloride,lurasidone|lurasidone hydrochloride,2,chembl|llm_curated|llm_reviewed
lutathera,lutetium (177lu) oxodotreotide|lutetium oxodotreotide lu-177,2,chembl|epar|llm_curated
lutetium (177lu) chloride billev (previously illuzyce),lutetium (177lu) chloride|lutetium chloride lu-177,2,chembl|epar|llm_curated
lutetium (177lu) oxodotreotide,lutetium (177lu) oxodotreotide|lutetium oxodotreotide lu-177,2,chembl|llm_reviewed
lutikizumab,lebrikizumab|lutikizumab,2,chembl|llm_reviewed
lyfnua,gefapixant|gefapixant citrate,2,chembl|epar|llm_curated
lymphoseek,technetium tc 99m tilmanocept|tilmanocept,2,chembl|epar|llm_curated
lyrinel xl,lysine|oxybutynin,2,chembl|llm_reviewed
lysine acetylsalicylate,aspirin dl-lysine|lysine,2,chembl|llm_reviewed
lytenava,bevacizumab|bevacizumab gamma,2,chembl|epar|llm_curated
m131ibg,iobenguane i 131|iobenguane i-131|iobenguane sulfate i 131,3,chembl|llm_curated
macimorelin acetate,macimorelin|macimorelin acetate,2,chembl|llm_curated|llm_reviewed
macrilen,macimorelin|macimorelin acetate,2,chembl|llm_curated
macrogol,macrogol|polyethylene glycol,2,chembl|llm_reviewed
macrogol 3350,macrogol|polyethylene glycol 3350,2,chembl|llm_reviewed
macrogol 4000,macrogol|polyethylene glycol 4000,2,chembl|llm_reviewed
macugen,pegaptanib|pegaptanib sodium,2,chembl|epar|llm_curated
magnesium acetate tetrahydrate,magnesium acetate|magnesium acetate tetrahydrate,2,chembl|llm_curated|llm_reviewed
manidipine,manidipine|manidipine 6300,2,chembl|llm_curated|llm_reviewed
mantadix,amantadine|amantadine hydrochloride,2,chembl|llm_curated|llm_reviewed
mapatumumab,daratumumab|mapatumumab,2,chembl|llm_reviewed
marcaine,amsacrine|bupivacaine hydrochloride,2,chembl|llm_reviewed
margetuximab,margetuximab|rituximab,2,chembl|llm_reviewed
marizomib,carfilzomib|marizomib,2,chembl|llm_reviewed
masican,masitinib|masitinib mesylate,2,chembl|epar|llm_curated
masivet,masitinib mesilate|masitinib mesylate,2,chembl|epar|llm_curated
masiviera,masitinib|masitinib mesylate,2,chembl|epar|llm_curated
masupirdine,aspirin|masupirdine,2,chembl|llm_reviewed
matuzumab,alemtuzumab|matuzumab,2,chembl|llm_reviewed
maxalt,rizatriptan|rizatriptan benzoate,2,chembl|llm_curated
maxidex,dexamethasone|dexamethasone sodium phosphate,2,chembl|llm_curated|llm_reviewed
mayzent,siponimod|siponimod fumaric acid,2,chembl|epar|llm_curated
mdl-107826a,alvocidib|alvocidib hydrochloride,2,chembl|llm_curated
mdma,methylenedioxymethamphetamine|midomafetamine,2,chembl|llm_reviewed
mdma hcl,methylenedioxymethamphetamine|midomafetamine hydrochloride,2,chembl|llm_reviewed
mdx-066,actoxumab|mk-3415,2,chembl|llm_curated
mebendazole,fenbendazole|mebendazole,2,chembl|llm_reviewed
mecamylamine hydrochloride,mecamylamine|mecamylamine hydrochloride,2,chembl|llm_curated|llm_reviewed
mecobalamin,mecobalamin|methylcobalamin,2,chembl|llm_curated
medi-564,bta-9881|medi-564,2,chembl
medicinal charcoal,"activated charcoal|charcoal, activated",2,chembl|llm_reviewed
medium-chain triglycerides,"medium-chain triglycerides|triglycerides, medium-chain",2,chembl|llm_curated
medroxiprogesterona,medroxyprogesterone|medroxyprogesterone acetate,2,chembl|llm_curated|llm_reviewed
medroxyprogesterone,medroxyprogesterone|medroxyprogesterone acetate,2,chembl|llm_curated|llm_reviewed
mefenamic acid,mefenamic acid|tolfenamic acid,2,chembl|llm_reviewed
meglumine amidotrizoate,diatrizoate meglumine|meglumine amidotrizoate,2,chembl|llm_reviewed
meglumine gadoterate,gadoterate meglumine|meglumine,2,chembl|llm_reviewed
mekinist,trametinib|trametinib dimethyl sulfoxide,2,chembl|epar|llm_curated
melagatran,melagatran|ximelagatran,2,chembl|llm_reviewed
melflufen,melflufen|melphalan flufenamide|melphalan flufenamide hydrochloride,3,chembl|llm_reviewed
"meningococcus c, purified polysaccharides antigen conjugated",meningococcal group c conjugate vaccine|meningococcal polysaccharide vaccine group c,2,chembl|llm_reviewed
menquadfi,neisseria meningitidis group c polysaccharide conjugated to tetanus toxoid|neisseria meningitidis group a polysaccharide conjugated to tetanus toxoid|neisseria meningitidis group y polysaccharide conjugated to tetanus toxoid|neisseria meningitidis group w-135 polysaccharide conjugated to tetanus toxoid|neisseria meningitidis polysaccharide conjugated to tetanus toxoid,2,chembl|epar|llm_curated
menthyl anthranilate,mequinol|meradimate,2,chembl|llm_curated
menveo,"meningococcal group a, c, w-135 and y conjugate vaccine|neisseria meningitidis oligosaccharide conjugated to corynebacterium diphtheriae crm197",2,chembl|epar|llm_curated
mepivacaine hydrochloride,mepivacaine|mepivacaine hydrochloride,2,chembl|llm_curated|llm_reviewed
mercaptamine bitartrate,cysteamine|cysteamine bitartrate,2,chembl|llm_curated|llm_reviewed
mericitabine,emtricitabine|mericitabine,2,chembl|llm_reviewed
metafolin,levomefolate calcium|levomefolic acid,2,chembl|llm_curated
metamizol,dipyrone|metamizole,2,chembl|llm_reviewed
metamizole sodium,dipyrone|metamizole,2,chembl|llm_reviewed
metamizole sodium monohydrate,dipyrone|metamizole,2,chembl|llm_reviewed
methacholine chloride,methacholine|methacholine chloride,2,chembl|llm_curated|llm_reviewed
methadone hydrochloride,methadone|methadone hydrochloride,2,chembl|llm_curated|llm_reviewed
methanthelinium bromide,methantheline|methantheline bromide,2,chembl|llm_curated|llm_reviewed
methenamine hippurate,methantheline|methenamine hippurate,2,chembl|llm_reviewed
methimazole,metamizole|methimazole,2,chembl|llm_reviewed
methylene blue,methylene blue|methylphenidate,2,chembl|llm_reviewed
methylphenidate hcl,methylphenidate|methylphenidate hydrochloride,2,chembl|llm_curated|llm_reviewed
methylthioninium chloride proveblue,methylene blue anhydrous|methylthioninium chloride,2,chembl|epar|llm_curated
metoclopramide hydrochloride,metoclopramide|metoclopramide hydrochloride,2,chembl|llm_curated|llm_reviewed
metolazone,ceftolozane|metolazone,2,chembl|llm_reviewed
metoprolol succinate,metoprolol|metoprolol succinate,2,chembl|llm_curated|llm_reviewed
metoprolol tartrate,metoprolol|metoprolol tartrate,2,chembl|llm_curated|llm_reviewed
metyrosine,metyrosine|tyrosine,2,chembl|llm_reviewed
mgso4,magnesium sulfate|magnesium sulfate anhydrous,2,chembl|llm_curated|llm_reviewed
miconazole nitrate,miconazole|miconazole nitrate,2,chembl|llm_curated|llm_reviewed
midodrine hydrochloride,midodrine|midodrine hydrochloride,2,chembl|llm_curated|llm_reviewed
migalastat hydrochloride,migalastat|migalastat hydrochloride,2,chembl|llm_curated|llm_reviewed
milataxel,milataxel|paclitaxel,2,chembl|llm_reviewed
milnacipran hydrochloride,milnacipran|milnacipran hydrochloride,2,chembl|llm_curated|llm_reviewed
milrinone lactate,milrinone|milrinone lactate,2,chembl|llm_curated|llm_reviewed
mirapexin,pramipexole dihydrochloride|pramipexole dihydrochloride monohydrate,2,chembl|epar|llm_curated
misonidazole,miconazole|misonidazole,2,chembl|llm_reviewed
mk-4827,niraparib|niraparib tosylate monohydrate,2,chembl|llm_curated
modigraf,tacrolimus|tacrolimus anhydrous,2,chembl|epar
molidustat,molidustat|molidustat sodium,2,chembl|llm_curated|llm_reviewed
monalizumab,monalizumab|omalizumab,2,chembl|llm_reviewed
monistat,miconazole|miconazole nitrate,2,chembl|llm_curated
monotard,insulin human|insulin human zinc,2,chembl|epar|llm_curated
morphine chlorhydrate,morphine|morphine hydrochloride,2,chembl|llm_curated|llm_reviewed
morphine hcl,morphine|morphine hydrochloride,2,chembl|llm_curated|llm_reviewed
morphine hydrochloride,morphine|morphine hydrochloride,2,chembl|llm_curated|llm_reviewed
morphine hydrochloride trihydrate,morphine|morphine hydrochloride,2,chembl|llm_curated|llm_reviewed
morphine sulphate,morphine|morphine sulfate,2,chembl|llm_curated|llm_reviewed
morphine sulphate pentahydrate,morphine|morphine sulfate,2,chembl|llm_curated|llm_reviewed
morphinhydrochlorid,morphine|morphine hydrochloride,2,llm_curated|llm_reviewed
motavizumab,motavizumab|omalizumab,2,chembl|llm_reviewed
motesanib diphosphate,motesanib|motesanib diphosphate,2,chembl|llm_curated|llm_reviewed
moventig,naloxegol|naloxegol oxalate,2,chembl|epar|llm_curated
moxifloxacin hydrochloride,moxifloxacin|moxifloxacin hydrochloride,2,chembl|llm_curated|llm_reviewed
moxivig,moxifloxacin|moxifloxacin hydrochloride|moxisylyte,3,chembl|llm_curated
mresvia,respiratory syncytial virus pre-fusion glycoprotein f mrna|single-stranded 5' capped mrna encoding the respiratory syncytial virus glycoprotein f stabilised in the prefusion conformation,2,chembl|epar|llm_curated
mrna-1273,"covid-19 mrna vaccine, nucleoside-modified|elasomeran",2,chembl|llm_reviewed
msc-1936369b,pimasertib|pimasertib hydrochloride,2,chembl|llm_curated
msc2156119j,tepotinib|tepotinib hydrochloride,2,chembl|llm_curated|llm_reviewed
mt-4129,lorundrostat|lorundrostat hydrobromide,2,chembl|llm_curated
mtp 131,elamipretide|elamipretide hydrochloride,2,chembl|llm_curated
multaq,dronedarone|dronedarone hydrochloride,2,chembl|epar|llm_curated
mupirocin calcium,mupirocin|mupirocin calcium,2,chembl|llm_curated|llm_reviewed
mvabea,"recombinant modified vaccinia ankara bavarian nordic virus encoding the: ebola virus zaire (zebov) mayinga strain glycoprotein (gp)|ebola virus sudan gulu strain gp|ebola virus taï forest strain nucleoprotein and the marburg virus musoke strain gp|vaccinia virus, modified encoding ebola virus glycoprotein and nucleoprotein",2,chembl|epar|llm_curated
mycamine,micafungin|micafungin sodium,2,chembl|epar|llm_curated
mycograb,efungumab|recombinant human monoclonal antibody to hsp,2,chembl|epar|llm_curated
myfortic,mycophenolate sodium|mycophenolic acid,2,chembl|llm_curated|llm_reviewed
myocet,doxorubicin|doxorubicin hydrochloride,2,chembl|llm_curated
mysildecard,sildenafil|sildenafil citrate,2,chembl|epar|llm_curated
mysimba,bupropion hydrochloride|bupropion hydrochloride|naltrexone hydrochloride,2,chembl|epar|llm_curated
n-803,inbakicept|nogapendekin alfa,2,chembl
nadolol,landiolol|nadolol,2,chembl|llm_reviewed
nadunolimab,nadunolimab|nidanilimab,2,chembl|llm_reviewed
nafamostat mesilate,nafamostat|nafamostat mesylate,2,chembl|llm_curated|llm_reviewed
nafamostat mesylate,nafamostat|nafamostat mesylate,2,chembl|llm_curated|llm_reviewed
nafarelin acetate,nafarelin|nafarelin acetate,2,chembl|llm_curated|llm_reviewed
nafithromycin,azithromycin|nafithromycin,2,chembl|llm_reviewed
nalbuphine hydrochloride,nalbuphine|nalbuphine hydrochloride,2,chembl|llm_curated|llm_reviewed
naldemedine tosylate,naldemedine|naldemedine tosylate,2,chembl|llm_curated|llm_reviewed
naloxegol oxalate,naloxegol|naloxegol oxalate,2,chembl|llm_curated|llm_reviewed
naloxone hydrochloride,naloxone|naloxone hydrochloride,2,chembl|llm_curated|llm_reviewed
naltrexone hydrochloride,naltrexone|naltrexone hydrochloride,2,chembl|llm_curated|llm_reviewed
namilumab,imalumab|namilumab,2,chembl|llm_reviewed
nandrolone,nandrolone|nandrolone cyclotate,2,chembl|llm_curated
nandrolone decanoate,nandrolone|nandrolone decanoate,2,chembl|llm_curated|llm_reviewed
naproxen sodium,naproxen|naproxen sodium,2,chembl|llm_curated|llm_reviewed
naptumomab estafenatox,blinatumomab|naptumomab estafenatox,2,chembl|llm_reviewed
naropin,ropivacaine|ropivacaine hydrochloride,2,chembl|llm_curated|llm_reviewed
navane,thiothixene|thiothixene hydrochloride,2,chembl|llm_curated
navelbine,vinorelbine|vinorelbine tartrate,2,chembl|llm_curated
nazartinib,afatinib|nazartinib,2,chembl|llm_reviewed
nbi-98854,valbenazine|valbenazine tosylate,2,chembl|llm_curated
nebcin,tobramycin|tobramycin sulfate,2,chembl|llm_curated
nebivolol hydrochloride,nebivolol|nebivolol hydrochloride,2,chembl|llm_curated|llm_reviewed
nedosiran,nedosiran|nedosiran sodium,2,chembl|llm_curated|llm_reviewed
nefopam hydrochloride,nefopam|nefopam hydrochloride,2,chembl|llm_curated|llm_reviewed
neladenoson bialanate,bay1067197|regadenoson,2,chembl|llm_reviewed
nelfinavir mesilate,nelfinavir|nelfinavir mesylate,2,chembl|llm_curated|llm_reviewed
nelfinavir mesylate,nelfinavir|nelfinavir mesylate,2,chembl|llm_curated|llm_reviewed
nembutal,pentobarbital|pentobarbital sodium,2,chembl|llm_curated
nemdatine,memantine|memantine hydrochloride,2,chembl|epar|llm_curated
nemvaleukin alfa,efavaleukin alfa|nemvaleukin alfa,2,chembl|llm_reviewed
neoatricon,dopamine hydrochloride|dopamine hydrochloride|dopamine,2,chembl|epar|llm_curated
neofordex,dexamethasone|dexamethasone acetate,2,chembl|epar|llm_curated
neomycin sulfate,neomycin|neomycin sulfate,2,chembl|llm_curated|llm_reviewed
neoral,ciclosporin|cyclosporine,2,chembl|llm_curated|llm_reviewed
neostigmine methylsulfate,neostigmine|neostigmine methylsulfate,2,chembl|llm_curated|llm_reviewed
neostigmine metilsulfate,neostigmine|neostigmine methylsulfate,2,chembl|llm_curated|llm_reviewed
nerlynx,neratinib|neratinib maleate,2,chembl|epar|llm_curated
nestorone,segesterone|segesterone acetate,2,chembl|llm_curated
neuraceq,florbetaben (18f)|florbetaben f18,2,chembl|epar|llm_curated
neurobloc,botulinum toxin type b|rimabotulinumtoxinb,2,chembl|epar|llm_curated
nevanimibe hydrochloride,memantine hydrochloride|nevanimibe hydrochloride,2,chembl|llm_reviewed
nexavar,sorafenib|sorafenib tosylate,2,chembl|epar|llm_curated
nexium control,esomeprazole|esomeprazole magnesium,2,chembl|epar|llm_curated
nexobrid,proteolytic enzymes enriched in bromelain|stem bromelain,2,chembl|epar|llm_curated
nezglyal,leriglitazone|leriglitazone hydrochloride,2,epar
nicardipine hydrochloride,nicardipine|nicardipine hydrochloride,2,chembl|llm_curated|llm_reviewed
niclosamide,lacosamide|niclosamide,2,chembl|llm_reviewed
"niclosamide, anhydrous",lacosamide|niclosamide,2,chembl|llm_reviewed
nih-11008,dexmecamylamine|dexmecamylamine hydrochloride,2,chembl|llm_curated
nilutamide,flutamide|nilutamide,2,chembl|llm_reviewed
nilvadipine,nicardipine|nilvadipine,2,chembl|llm_reviewed
nimbex,cisatracurium|cisatracurium besylate,2,chembl|llm_curated
nimenrix,neisseria meningitidis group a polysaccharide conjugated to tetanus toxoid|neisseria meningitidis group c polysaccharide conjugated to tetanus toxoid|neisseria meningitidis group w-135 polysaccharide conjugated to tetanus toxoid|neisseria meningitidis group y polysaccharide conjugated to tetanus toxoid|neisseria meningitidis polysaccharide conjugated to tetanus toxoid,2,chembl|epar|llm_curated
nimorazole,miconazole|nimorazole,2,chembl|llm_reviewed
nimvastid,rivastigmine|rivastigmine tartrate,2,chembl|epar|llm_curated
ninlaro,ixazomib|ixazomib citrate,2,chembl|epar|llm_curated
nintedanib accord,nintedanib|nintedanib esylate,2,chembl|epar|llm_curated
nintedanib esylate,nintedanib|nintedanib esylate,2,chembl|llm_curated|llm_reviewed
nirmatrelvir,nirmatrelvir|nirmatrelvir|ritonavir,2,chembl|llm_curated|llm_reviewed
nitrazepam,diazepam|nitrazepam,2,chembl|llm_reviewed
nitrogen,nitrogen|nitroglycerin,2,chembl|llm_reviewed
nitroprusside,nitroprusside|nitrous oxide,2,chembl|llm_reviewed
nizatidine,nizatidine|ranitidine,2,chembl|llm_reviewed
nodetrip (previously xeristar),duloxetine|duloxetine hydrochloride,2,chembl|epar|llm_curated
nolpitantium besylate,nolpitantium|nolpitantium besilate,2,chembl|llm_reviewed
nomegestrol,nomegestrol|nomegestrol acetate,2,chembl|llm_curated|llm_reviewed
nonacog gamma,coagulation factor ix recombinant human|nonacog gamma,2,chembl|llm_reviewed
nonafact,coagulation factor ix human|human coagulation factor ix,2,chembl|epar|llm_curated
norethindrone acetate,norethindrone acetate|norethisterone,2,chembl|llm_reviewed
norethisterone,norethindrone|norethisterone,2,chembl|llm_reviewed
norethisterone acetate,norethindrone acetate|norethisterone,2,chembl|llm_reviewed
norursodeoxycholic acid,norucholic acid|norursodeoxycholic acid,2,chembl|llm_reviewed
norvasc,amlodipine|amlodipine besylate,2,chembl|llm_curated
nsc-751452,dextromethorphan|dextromethorphan polistirex,2,chembl|llm_curated
nsc-758421,paromomycin sulfate|penicillamine,2,chembl
nulibry,fosdenopterin hydrobromide|fosdenopterin hydrobromide dihydrate,2,chembl|epar|llm_curated
nutrifolin,levomefolate calcium|levomefolic acid,2,chembl|llm_curated
nuvaxovid,sars cov-2 (original) recombinant spike protein|sars-cov-2 (omicron xbb.1.5) recombinant spike protein|sars-cov-2 virus spike protein,2,chembl|epar|llm_curated
nuvisertib,galunisertib|nuvisertib,2,chembl|llm_reviewed
nx-1207,fexapotide|fexapotide triflutate,2,chembl|llm_curated
nxl-104,avibactam|avibactam sodium,2,chembl|llm_curated
nyxthracis (previously obiltoxaximab sfl),nyxthracis|obiltoxaximab,2,chembl|epar|llm_curated
oblimersen,oblimersen|oblimersen sodium,2,chembl|llm_curated|llm_reviewed
ocaperidone,domperidone|ocaperidone,2,chembl|llm_reviewed
octenidine dihydrochloride,octenidine|octenidine hydrochloride,2,chembl|llm_curated|llm_reviewed
octenidine hydrochloride,octenidine|octenidine hydrochloride,2,chembl|llm_curated|llm_reviewed
octreolin,octreotide|octreotide acetate,2,chembl|llm_curated|llm_reviewed
odm-204,odm-204|odm-209,2,chembl|llm_reviewed
odm-207,odm-207|odm-209,2,chembl|llm_reviewed
odomzo,sonidegib|sonidegib diphosphate|sonidegib phosphate,3,chembl|epar|llm_curated
ofev,nintedanib|nintedanib esylate,2,chembl|epar|llm_curated
oleic acid,folic acid|oleic acid,2,chembl|llm_reviewed
olinciguat,olinciguat|riociguat,2,chembl|llm_reviewed
olodaterol hydrochloride,olodaterol|olodaterol hydrochloride,2,chembl|llm_curated|llm_reviewed
olpadronic acid,olpadronic acid|zoledronic acid,2,chembl|llm_reviewed
olpasiran,olpasiran|plozasiran,2,chembl|llm_reviewed
olysio,simeprevir|simeprevir sodium,2,chembl|epar|llm_curated
omeprazole magnesium,omeprazole|omeprazole magnesium,2,chembl|llm_curated|llm_reviewed
omontys,peginesatide|peginesatide acetate,2,chembl|epar|llm_curated
oncovin,vincristine|vincristine sulfate,2,chembl|llm_curated
ondansetron hcl,ondansetron|ondansetron hydrochloride,2,chembl|llm_curated|llm_reviewed
ondansetron hydrochloride,ondansetron|ondansetron hydrochloride,2,chembl|llm_curated|llm_reviewed
ondansetron hydrochloride dihydrate,ondansetron|ondansetron hydrochloride,2,chembl|llm_curated|llm_reviewed
oneness,centella asiatica extract|plectranthus amboinicus extract,2,chembl
onglyza,saxagliptin|saxagliptin hydrochloride,2,chembl|epar|llm_curated
onilcamotide,linaclotide|teprotumumab,2,chembl|llm_reviewed
opatanol,olopatadine|olopatadine hydrochloride,2,chembl|epar|llm_curated
opium tincture,opium|opium tincture,2,chembl|llm_curated|llm_reviewed
oprymea,pramipexole dihydrochloride|pramipexole dihydrochloride monohydrate,2,chembl|epar|llm_curated
opzelura,ruxolitinib|ruxolitinib phosphate,2,chembl|epar
orelabrutinib,orelabrutinib|rilzabrutinib,2,chembl|llm_reviewed
orilanolimab,giloralimab|orilanolimab,2,chembl|llm_reviewed
oritavancin diphosphate,oritavancin (diphosphate)|oritavancin diphosphate,2,chembl|llm_curated|llm_reviewed
orlaam,levacetylmethadol|levomethadyl acetate|levomethadyl acetate hydrochloride,3,chembl|epar
orladeyo,berotralstat dihydrochloride|berotralstat hydrochloride,2,chembl|epar|llm_curated
ornidazole,metronidazole|ornidazole,2,chembl|llm_reviewed
ornithine phenylacetate,eflornithine|ornithine phenylacetate,2,chembl|llm_reviewed
orserdu,elacestrant|elacestrant hydrochloride,2,chembl|epar|llm_curated
orticumab,alirocumab|orticumab,2,chembl|llm_reviewed
oseltamivir phosphate,oseltamivir|oseltamivir phosphate,2,chembl|llm_curated|llm_reviewed
osilodrostat,linrodostat|osilodrostat,2,chembl|llm_reviewed
ostarine,enobosarm|taurine,2,chembl|llm_reviewed
otamixaban,apixaban|otamixaban,2,chembl|llm_reviewed
oxervate,cenegermin|recombinant human nerve growth factor,2,chembl|epar|llm_curated
oxybutynin hydrochloride,oxybutynin|oxybutynin chloride,2,chembl|llm_curated|llm_reviewed
oxycontin,oxycodone hydrochloride|oxytocin,2,chembl|llm_reviewed
oxymetazoline hydrochloride,oxymetazoline|oxymetazoline hydrochloride,2,chembl|llm_curated|llm_reviewed
ozawade,pitolisant|pitolisant hydrochloride,2,chembl|epar|llm_curated
pacritinib,ceritinib|pacritinib,2,chembl|llm_reviewed
palbociclib isethionate,palbociclib|palbociclib isethionate,2,chembl
palonosetron accord,palonosetron|palonosetron hydrochloride,2,chembl|epar|llm_curated
palonosetron hcl,palonosetron|palonosetron hydrochloride,2,chembl|llm_curated|llm_reviewed
panadol,acetaminophen|tapentadol,2,chembl|llm_reviewed
pandemic influenza vaccine h5n1 astrazeneca (previously pandemic influenza vaccine h5n1 medimmune),"influenza a virus, live attenuated|reassortant influenza virus (live attenuated) of the following strain: a|vietnam|1203|2004 (h5n1) strain",2,chembl|epar|llm_curated
pandemic influenza vaccine h5n1 baxter ag,"influenza a virus, inactivated whole virion|influenza vaccine (whole virion, inactivated) containing antigen of: a|vietnam|1203|2004 (h5n1)",2,chembl|epar|llm_curated
pandemrix,"influenza a virus, split virion|split influenza virus inactivated, containing antigen equivalent to a|california|07|2009 (h1n1)-derived strain used nymc x-179a",2,chembl|epar|llm_curated
panmycin,tetracycline|tetracycline hydrochloride,2,chembl|llm_curated
pantecta control,pantoprazole|pantoprazole sodium,2,chembl|epar|llm_curated
pantoloc control,pantoprazole|pantoprazole sodium,2,chembl|epar|llm_curated
pantoprazole sodium,pantoprazole|pantoprazole sodium,2,chembl|llm_curated|llm_reviewed
pantoprazole sodium sesquihydrate,pantoprazole|pantoprazole sodium,2,chembl|llm_curated|llm_reviewed
pantozol control,pantoprazole|pantoprazole sodium,2,chembl|epar|llm_curated
paquinimod,laquinimod|paquinimod,2,chembl|llm_reviewed
parareg,cinacalcet|cinacalcet hydrochloride,2,chembl|epar|llm_curated
parecoxib sodium,parecoxib|parecoxib sodium,2,chembl|llm_curated|llm_reviewed
parlodel,bromocriptine|bromocriptine mesylate,2,chembl|llm_curated
parnaparin sodium,parnaparin|parnaparin sodium,2,chembl|llm_curated|llm_reviewed
paroxetine hydrochloride,paroxetine|paroxetine hydrochloride,2,chembl|llm_curated|llm_reviewed
paroxetine hydrochloride hemihydrate,paroxetine|paroxetine hydrochloride,2,chembl|llm_curated|llm_reviewed
pasireotide diaspartate,pasireotide|pasireotide diaspartate,2,chembl|llm_curated|llm_reviewed
patiromer calcium,patiromer|patiromer calcium,2,chembl|llm_curated|llm_reviewed
patrex,sildenafil|sildenafil citrate,2,chembl|epar|llm_curated
pazzul,eslicarbazepine|eslicarbazepine acetate,2,chembl|llm_curated
pd-0183805,canertinib|canertinib dihydrochloride,2,chembl
pd-03329910054,palbociclib|palbociclib isethionate,2,chembl
pd-183805,canertinib|canertinib dihydrochloride,2,chembl
pecfent,fentanyl|fentanyl citrate,2,chembl|epar|llm_curated
pefloxacin,difloxacin|pefloxacin,2,chembl|llm_reviewed
pegph20,pegvorhyaluronidase alfa|pegvorhyluronidase alfa,2,chembl|llm_reviewed
pegpleranib sodium,pegaptanib sodium|pegpleranib sodium,2,chembl|llm_reviewed
pemafibrate,bezafibrate|pemafibrate,2,chembl|llm_reviewed
pemetrexed baxter,pemetrexed disodium|pemetrexed disodium heptahydrate,2,chembl|epar|llm_curated
pemetrexed fresenius kabi,pemetrexed|pemetrexed monohydrate,2,chembl|epar|llm_curated
pemetrexed krka,pemetrexed disodium|pemetrexed disodium hemipentahydrate,2,chembl|epar|llm_curated
pemetrexed lilly,pemetrexed|pemetrexed disodium,2,chembl|epar|llm_curated
pemetrexed medac,pemetrexed|pemetrexed disodium hemipentahydrate,2,chembl|epar|llm_curated
pemetrexed pfizer (previously pemetrexed hospira),pemetrexed disodium hemipentahydrate|pemetrexed disodium|pemetrexed disodium hemipentahydrate,2,chembl|epar|llm_curated
pemetrexed sandoz,pemetrexed disodium|pemetrexed disodium hemipentahydrate,2,chembl|epar|llm_curated
pemirolast,apremilast|pemirolast,2,chembl|llm_reviewed
penciclovir,ganciclovir|penciclovir,2,chembl|llm_reviewed
penicillamine,penicillamine|penicillin v,2,chembl|llm_reviewed
pentacarinat,pentamidine|pentamidine isethionate,2,chembl|llm_curated
peposertib,nedisertib|peposertib,2,chembl|llm_reviewed
percorten,desoxycorticosterone|desoxycorticosterone acetate|desoxycorticosterone pivalate,3,chembl|llm_curated
perhexiline maleate,perhexiline|perhexiline maleate,2,chembl|llm_curated|llm_reviewed
periciazine,cetirizine|periciazine,2,chembl|llm_reviewed
perixis,tacrolimus|tacrolimus anhydrous,2,chembl
persicabtagen lemgedleucel,peluntamig|persicabtagene lemgedleucel,2,chembl|llm_curated
pertechnetate (99mtc) sodium,sodium pertechnetate (99mtc)|sodium pertechnetate tc 99m,2,chembl|llm_reviewed
pertussis toxoid pt,pertussis toxoid|pertussis vaccine,2,llm_reviewed
pethidine hydrochloride,meperidine|meperidine hydrochloride,2,chembl|llm_curated|llm_reviewed
petrolatum,"petrolatum|petrolatum, white",2,chembl|llm_curated|llm_reviewed
pf-0008066573,palbociclib|palbociclib isethionate,2,chembl
pf-3512676,agatolimod|agatolimod sodium,2,chembl|llm_curated
phenoxymethylpenicillin potassium,penicillin v|penicillin v potassium,2,chembl|llm_curated|llm_reviewed
phentermine hydrochloride,apomorphine hydrochloride|phentermine hydrochloride,2,chembl|llm_reviewed
phentolamine,phentolamine|phenytoin,2,chembl|llm_reviewed
phenylephrine hydrochloride,phenylephrine|phenylephrine hydrochloride,2,chembl|llm_curated|llm_reviewed
phenytoin sodium,phenytoin|phenytoin sodium,2,chembl|llm_curated|llm_reviewed
phospholipids egg,lecithin|phosphatidylcholine,2,chembl
physostigmine salicylate,physostigmine|physostigmine salicylate,2,chembl|llm_reviewed
picoplatin,cisplatin|picoplatin,2,chembl|llm_reviewed
piflufolastat (18f),piflufolastat f-18|piflufolastat f18,2,chembl|llm_reviewed
pilocarpine,pilocarpine|prilocaine,2,chembl|llm_reviewed
pilocarpine hydrochloride,clomipramine hydrochloride|pilocarpine hydrochloride,2,chembl|llm_reviewed
pimasertib,alisertib|pimasertib,2,chembl|llm_reviewed
pimavanserin tartrate,pimavanserin|pimavanserin tartrate,2,chembl|llm_curated|llm_reviewed
pinatuzumab vedotin,pinatuzumab vedotin|polatuzumab vedotin,2,chembl|llm_reviewed
pioglitazone hcl,pioglitazone|pioglitazone hydrochloride,2,chembl|llm_curated|llm_reviewed
pipamperone hydrochloride,pipamperone|raloxifene hydrochloride,2,chembl|llm_reviewed
piperacillin sodium,piperacillin|piperacillin sodium,2,chembl|llm_curated|llm_reviewed
piperacillin sodium salt,piperacillin|piperacillin sodium,2,chembl|llm_curated|llm_reviewed
piperaquine phosphate,piperaquine|piperaquine phosphate,2,chembl|llm_curated|llm_reviewed
piromelatine,agomelatine|piromelatine,2,chembl|llm_reviewed
plantago ovata seed coat,plantago seed|psyllium,2,chembl|llm_reviewed
platelet concentrate,platelet concentrate|platelets,2,chembl|llm_reviewed
plavix,clopidogrel bisulfate|clopidogrel hydrogen sulfate,2,chembl|epar|llm_curated
pleuromutilin,pleuromulin|pleuromutilin,2,chembl|llm_reviewed
pluvicto,lutetium (177lu) vipivotide tetraxetan|lutetium lu-177 vipivotide tetraxetan,2,chembl|epar|llm_curated
plx3397 hcl,pexidartinib|pexidartinib hydrochloride,2,chembl|llm_curated|llm_reviewed
pmx30063,brilacidin|brilacidin tetrahydrochloride,2,chembl|llm_curated
polymyxin b sulfate,polymyxin b|polymyxin b sulfate,2,chembl|llm_curated|llm_reviewed
ponezumab,ponezumab|tanezumab,2,chembl|llm_reviewed
posiphen,buntanetap|buntanetap tartrate,2,chembl|llm_curated
posluma,flotufolastat f 18|flotufolastat f-18|flotufolastat f-18 gallium,3,chembl|llm_curated
potactasol,topotecan|topotecan hydrochloride,2,chembl|epar|llm_curated
potassium acetate,potassium|potassium acetate,2,chembl|llm_curated|llm_reviewed
potassium citrate anhydrous,potassium citrate|potassium citrate anhydrous,2,chembl|llm_curated|llm_reviewed
potassium citrate monohydrate,potassium|potassium citrate,2,chembl|llm_curated|llm_reviewed
potassium clavulanate,clavulanate potassium|clavulanic acid,2,chembl|llm_reviewed
potassium phosphate,"potassium phosphate|potassium phosphate, unspecified form",2,chembl|llm_curated|llm_reviewed
poziotinib hydrochloride,poziotinib|poziotinib hydrochloride,2,chembl|llm_curated|llm_reviewed
pradaxa,dabigatran etexilate|dabigatran etexilate mesilate|dabigatran etexilate mesylate,3,chembl|epar|llm_curated
pramiconazole,itraconazole|pramiconazole,2,chembl|llm_reviewed
pramipexole accord,pramipexole dihydrochloride|pramipexole dihydrochloride monohydrate,2,chembl|epar|llm_curated
pramipexole dihydrochloride,pramipexole|pramipexole dihydrochloride,2,chembl|llm_curated|llm_reviewed
pramipexole dihydrochloride monohydrate,pramipexole dihydrochloride|pramipexole dihydrochloride monohydrate,2,chembl|llm_curated|llm_reviewed
pramipexole teva,pramipexole dihydrochloride|pramipexole dihydrochloride monohydrate,2,chembl|epar|llm_curated
prasugrel viatris (previously prasugrel mylan),prasugrel besilate|prasugrel besylate,2,chembl|epar|llm_curated
prazosin hydrochloride,pazopanib hydrochloride|prazosin hydrochloride,2,chembl|llm_reviewed
pred forte,prednisolone|prednisolone acetate,2,chembl|llm_reviewed
pregnenolone,pregnenolone|pregnenolone succinate,2,chembl|llm_curated
prehevbri,hepatitis b surface antigen|hepatitis b virus hbsag surface protein antigen,2,chembl|epar|llm_curated
preotact,parathyroid hormone|parathyroid hormone (rdna),2,chembl|epar|llm_curated
"prepandemic influenza vaccine (h5n1) (split virion, inactivated, adjuvanted) glaxosmithkline biologicals","influenza a virus, split virion|split influenza virus, inactivated, containing antigen: a|vietnam|1194|2004 (h5n1) like strain used (nibrg-14)",2,chembl|epar|llm_curated
prepandrix,"a|indonesia|05|2005 (h5n1) like strain used (pr8-ibcdc-rg2)|influenza a virus, split virion",2,chembl|epar|llm_curated
presatovir,presatovir|resatorvid,2,chembl|llm_reviewed
prevenar,pneumococcal oligosaccharide serotype 18c|pneumococcal polysaccharide serotype 19f|pneumococcal polysaccharide serotype 23f|pneumococcal polysaccharide serotype 4|pneumococcal polysaccharide serotype 6b|pneumococcal polysaccharide serotype 9v|pneumococcal polysaccharide serotype 14|streptococcus pneumoniae polysaccharide conjugated to corynebacterium diphtheriae crm197,2,chembl|epar|llm_curated
prevenar 13,pneumococcal polysaccharide conjugate vaccine (adsorbed)|pneumococcal polysaccharide serotype 1|pneumococcal polysaccharide serotype 3|pneumococcal polysaccharide serotype 4|pneumococcal polysaccharide serotype 5|pneumococcal polysaccharide serotype 6a|pneumococcal polysaccharide serotype 6b|pneumococcal polysaccharide serotype 7f|pneumococcal polysaccharide serotype 9v|pneumococcal polysaccharide serotype 14|pneumococcal polysaccharide serotype 18c|pneumococcal polysaccharide serotype 19a|pneumococcal polysaccharide serotype 19f|pneumococcal polysaccharide serotype 23f|streptococcus pneumoniae polysaccharide conjugated to corynebacterium diphtheriae crm197,3,chembl|epar|llm_reviewed
prevenar 20 (previously apexxnar),pneumococcal polysaccharide serotype 1|pneumococcal polysaccharide serotype 3|pneumococcal polysaccharide serotype 4|pneumococcal polysaccharide serotype 5|pneumococcal polysaccharide serotype 6a|pneumococcal polysaccharide serotype 6b|pneumococcal polysaccharide serotype 7f|pneumococcal polysaccharide serotype 8|pneumococcal polysaccharide serotype 9v|pneumococcal polysaccharide serotype 10a|pneumococcal polysaccharide serotype 11a|pneumococcal polysaccharide serotype 12f|pneumococcal polysaccharide serotype 14|pneumococcal polysaccharide serotype 15b|pneumococcal polysaccharide serotype 18c|pneumococcal polysaccharide serotype 19a|pneumococcal polysaccharide serotype 19f|pneumococcal polysaccharide serotype 22f|pneumococcal polysaccharide serotype 23f|pneumococcal polysaccharide serotype 33f|streptococcus pneumoniae polysaccharide conjugated to corynebacterium diphtheriae crm197,2,chembl|epar|llm_curated
prezista,darunavir|darunavir ethanolate,2,chembl|epar|llm_curated
prialt,ziconotide|ziconotide acetate,2,chembl|epar|llm_curated
prilocaine hydrochloride,prilocaine|prilocaine hydrochloride,2,chembl|llm_curated|llm_reviewed
prilosec,omeprazole|omeprazole magnesium,2,chembl|llm_curated
privigen,human immunoglobulin g|human normal immunoglobulin (ivig),2,chembl|epar|llm_curated
procaine,procainamide|procaine,2,chembl|llm_reviewed
procaine hydrochloride,procainamide|procaine hydrochloride,2,chembl|llm_reviewed
procarbazine hydrochloride,procarbazine|procarbazine hydrochloride,2,chembl|llm_curated|llm_reviewed
procomvax,hepatitis b virus hbsag surface protein antigen|polyribosylribitol phosphate from haemophilus influenzae type b as prp-ompc|outer membrane protein complex of neisseria meningitidis (outer membrane protein complex of the b11 strain of neisseria meningitidis subgroup b)|adsorbed hepatitis b surface antigen produced in recombinant yeast cells (saccharomyces cerevisiae),2,chembl|epar|llm_curated
procysbi,cysteamine bitartrate|mercaptamine bitartrate,2,chembl|epar|llm_curated
prograf,tacrolimus|tacrolimus anhydrous,2,chembl|llm_curated
proguanil hydrochloride,proguanil|proguanil hydrochloride,2,chembl|llm_curated|llm_reviewed
promazine,pramoxine|promazine,2,chembl|llm_reviewed
promestriene,progesterone|promestriene,2,chembl|llm_reviewed
prometax,rivastigmine|rivastigmine tartrate,2,chembl|epar|llm_curated
promethazine,promethazine|pyrimethamine,2,chembl|llm_reviewed
propafenone hydrochloride,propafenone|propafenone hydrochloride,2,chembl|llm_curated|llm_reviewed
propanolol,levopropranolol|propranolol,2,chembl|llm_reviewed
protamine,protamine|protamine sulfate,2,chembl|llm_curated|llm_reviewed
protamine sulfate,protamine|protamine sulfate,2,chembl|llm_curated|llm_reviewed
protaphane,"insulin human|insulin human, isophane",2,chembl|epar|llm_curated
protein c,protein c|protein c concentrate (human),2,chembl|llm_curated|llm_reviewed
prothrombin complex concentrate,prothrombin complex|prothrombin complex concentrate,2,chembl|llm_curated|llm_reviewed
protirelin,protirelin|triptorelin,2,chembl|llm_reviewed
proventil,albuterol|albuterol sulfate,2,chembl|llm_curated
proxinium,h11 scfv|oportuzumab monatox,2,chembl|llm_curated
prozinc,"insulin human|insulin, protamine zinc",2,chembl|epar|llm_curated
prucalopride succinate,prucalopride|prucalopride succinate,2,chembl|llm_curated|llm_reviewed
pt-100,talabostat|talabostat mesylate,2,chembl|llm_curated
pt-141,bremelanotide|bremelanotide acetate,2,chembl|llm_curated
pti-6d2,pti-6d2|pti-6d2 188re,2,chembl|llm_curated
ptk 0796,omadacycline|omadacycline tosylate,2,chembl|llm_curated
pumarix,"influenza a virus, split virion|pandemic influenza vaccine (h5n1) (split virion, inactivated, adjuvanted)",2,chembl|epar|llm_curated
purified pertussis toxoid,pertussis toxoid|tetanus toxoid,2,llm_reviewed
pylclari,piflufolastat (18f)|piflufolastat f18,2,chembl|epar|llm_curated
pylobactell,urea (13c)|urea c 13,2,chembl|epar|llm_curated
pylori-chek,urea (13c)|urea c 13,2,chembl|epar|llm_curated
pyrazinamide,procainamide|pyrazinamide,2,chembl|llm_reviewed
pyridostigmine,pyridostigmine|rivastigmine,2,chembl|llm_reviewed
pyridostigmine bromide,pyridostigmine bromide|rivastigmine,2,chembl|llm_reviewed
pyridoxine hydrochloride,pyridoxine|pyridoxine hydrochloride,2,chembl|llm_curated|llm_reviewed
qdenga,"dengue virus, live attenuated|dengue virus, serotype 2, expressing dengue virus, serotype 1, surface proteins, live, attenuated|dengue virus, serotype 2, expressing dengue virus, serotype 3, surface proteins, live, attenuated|dengue virus, serotype 2, expressing dengue virus, serotype 4, surface proteins, live, attenuated|dengue virus, serotype 2, live, attenuated",2,chembl|epar|llm_curated
qsiva,phentermine|phentermine|topiramate,2,chembl|epar|llm_curated
quadramet,samarium (153sm) lexidronam pentasodium|samarium sm 153 lexidronam pentasodium,2,chembl|epar|llm_curated
quetiapine fumarate,quetiapine|quetiapine fumarate,2,chembl|llm_curated|llm_reviewed
quilizumab,ibalizumab|quilizumab,2,chembl|llm_reviewed
quinidine,quinidine|quinine,2,chembl|llm_reviewed
quinidine sulfate,quinidine sulfate|quinine,2,chembl|llm_reviewed
quinine sulphate,quinine|quinine sulfate,2,chembl|llm_curated|llm_reviewed
quizartinib dihydrochloride,quizartinib|quizartinib dihydrochloride,2,chembl
rabeprazole sodium,rabeprazole|rabeprazole sodium,2,chembl|llm_curated|llm_reviewed
raclopride,prucalopride|raclopride,2,chembl|llm_reviewed
radiprodil,radiprodil|ramipril,2,chembl|llm_reviewed
radium (223ra) dichloride,radium (223ra) dichloride|radium ra 223 dichloride,2,chembl|llm_reviewed
radium ra 223 dichloride,radium (223ra) dichloride|radium ra 223 dichloride,2,chembl|llm_reviewed
radium-223,radium ra-223|radium-223 dichloride,2,chembl|llm_reviewed
radium-223 chloride,radium ra 223 dichloride|radium-223 dichloride,2,chembl|llm_reviewed
radium-223 dichloride,radium ra 223 dichloride|radium-223 dichloride,2,chembl|llm_reviewed
ralfinamide,procainamide|ralfinamide,2,chembl|llm_reviewed
rambazole,rabeprazole|talarozole,2,chembl|llm_reviewed
ramelteon,ramelteon|tasimelteon,2,chembl|llm_reviewed
raplixa,"fibrinogen, human|human fibrinogen|human thrombin",2,chembl|epar|llm_curated
rasagiline mesilate,rasagiline|rasagiline mesylate,2,chembl|llm_curated|llm_reviewed
rasagiline mesylate,rasagiline|rasagiline mesylate,2,chembl|llm_curated|llm_reviewed
rasagiline ratiopharm,rasagiline|rasagiline mesylate,2,chembl|epar|llm_curated
rasilez,aliskiren|aliskiren fumarate,2,chembl|epar|llm_curated
rdx-5791,tenapanor|tenapanor hydrochloride,2,chembl
rdx5791,tenapanor|tenapanor hydrochloride,2,chembl
reagila,cariprazine|cariprazine hydrochloride,2,chembl|epar|llm_curated
rebif,interferon beta|interferon beta-1a,2,chembl|epar|llm_curated
reboxetine,esreboxetine|reboxetine,2,chembl|llm_reviewed
recentin,cediranib|cediranib maleate,2,chembl|llm_curated|llm_reviewed
recombinant hepatitis b surface antigen,"hepatitis b vaccine (recombinant)|hepatitis b, recombinant surface antigen",2,llm_reviewed
reconcile,fluoxetine|fluoxetine hydrochloride,2,chembl|epar|llm_curated
refametinib,refametinib|trametinib,2,chembl|llm_reviewed
relaxin,relaxin|serelaxin,2,chembl|llm_reviewed
relpax,eletriptan|eletriptan hydrobromide,2,chembl|llm_curated
relvar ellipta,fluticasone furoate|fluticasone furoate|vilanterol,2,chembl|epar|llm_curated
remifentanil hcl,remifentanil|remifentanil hydrochloride,2,chembl|llm_curated|llm_reviewed
remifentanil hydrochloride,remifentanil|remifentanil hydrochloride,2,chembl|llm_curated|llm_reviewed
remimazolam besylate,remimazolam|remimazolam besylate,2,chembl|llm_curated|llm_reviewed
renagel,sevelamer|sevelamer hydrochloride,2,chembl|epar|llm_curated
resminostat,resminostat|resminostat mesilate,2,chembl|llm_curated|llm_reviewed
resolor,prucalopride|prucalopride succinate,2,chembl|epar|llm_curated
respreeza,.alpha.1-proteinase inhibitor human|human alpha1-proteinase inhibitor,2,chembl|epar|llm_curated
restylane,hyaluronic acid|hyaluronic acid (non-animal stabilized),2,chembl|llm_curated|llm_reviewed
retaspimycin hydrochloride,retaspimycin|retaspimycin hydrochloride,2,chembl|llm_curated|llm_reviewed
revamilast,apremilast|revamilast,2,chembl|llm_reviewed
revatio,sildenafil|sildenafil citrate,2,chembl|epar|llm_curated
revolade,eltrombopag|eltrombopag olamine,2,chembl|epar|llm_curated
revumenib,revumenib|vemurafenib,2,chembl|llm_reviewed
reyataz,atazanavir|atazanavir (as sulfate)|atazanavir sulfate,3,chembl|epar
rezafungin acetate,rezafungin|rezafungin acetate,2,chembl|llm_curated|llm_reviewed
rezolsta,darunavir ethanolate|darunavir|cobicistat,2,chembl|epar|llm_curated
rezurock,belumosudil mesilate|belumosudil mesylate,2,chembl|epar|llm_curated
rezzayo,rezafungin|rezafungin acetate,2,chembl|epar|llm_curated
rg-7594,mint-1526a|rg-7594,2,chembl
rhokiinsa,netarsudil|netarsudil dimesylate,2,chembl|epar|llm_curated
rhucin,conestat alfa|recombinant human c1-inhibitor,2,chembl|epar|llm_curated
riboflavin sodium phosphate,riboflavin 5'-phosphate sodium|riboflavin sodium phosphate,2,chembl|llm_reviewed
ricolinostat,linrodostat|ricolinostat,2,chembl|llm_reviewed
rifampicina,rifampicin|rifampin,2,chembl|llm_reviewed
rifampicine,rifampicin|rifampin,2,chembl|llm_reviewed
rifamycin,rifamycin|rifamycin sodium,2,chembl|llm_curated
rifamycin sodium,rifamycin|rifamycin sodium,2,chembl|llm_curated|llm_reviewed
rifapentine,rifapentine|trientine,2,chembl|llm_reviewed
rigosertib sodium,rigosertib|rigosertib sodium,2,chembl|llm_curated|llm_reviewed
rilpivirine hydrochloride,rilpivirine|rilpivirine hydrochloride,2,chembl|llm_curated|llm_reviewed
rimegepant sulfate,rimegepant|rimegepant sulfate,2,chembl|llm_curated|llm_reviewed
rinvoq,upadacitinib|upadacitinib hemihydrate,2,chembl|epar|llm_curated
riprazo,aliskiren|aliskiren fumarate,2,chembl|epar|llm_curated
ristaben,sitagliptin|sitagliptin phosphate,2,chembl|epar|llm_curated
ritlecitinib tosilate,ritlecitinib|ritlecitinib tosylate,2,chembl|llm_curated|llm_reviewed
rivastigmine 1 a pharma,rivastigmine|rivastigmine tartrate,2,chembl|epar|llm_curated
rivastigmine actavis,rivastigmine hydrogen tartrate|rivastigmine tartrate,2,chembl|epar|llm_curated
rivastigmine hexal,rivastigmine|rivastigmine tartrate,2,chembl|epar|llm_curated
rivastigmine hydrogen tartrate,rivastigmine hydrogen tartrate|rivastigmine tartrate,2,chembl|llm_reviewed
rivastigmine sandoz,rivastigmine|rivastigmine tartrate,2,chembl|epar|llm_curated
rivastigmine teva,rivastigmine|rivastigmine tartrate,2,chembl|epar|llm_curated
rivoceranib mesylate,rivoceranib|rivoceranib mesylate,2,chembl|llm_curated|llm_reviewed
rivoglitazone,pioglitazone|rivoglitazone,2,chembl|llm_reviewed
rixubis,coagulation factor ix recombinant human|nonacog gamma,2,chembl|epar|llm_curated
rizmoic,naldemedine tosilate|naldemedine tosylate,2,chembl|epar|llm_curated
rly5016,patiromer|patiromer calcium,2,chembl|llm_curated|llm_reviewed
robatumumab,ofatumumab|robatumumab,2,chembl|llm_reviewed
rodatristat ethyl,rodatristat|rodatristat ethyl,2,chembl|llm_curated|llm_reviewed
rofecoxib,robenacoxib|rofecoxib,2,chembl|llm_reviewed
rolistobart,orlistat|rolistobart,2,chembl|llm_reviewed
roniciclib,ribociclib|roniciclib,2,chembl|llm_reviewed
ropivacaine hcl,ropivacaine|ropivacaine hydrochloride,2,chembl|llm_curated|llm_reviewed
ropivacaine hydrochloride monohydrate,ropivacaine|ropivacaine hydrochloride,2,chembl|llm_curated|llm_reviewed
rosiglitazone maleate,rosiglitazone|rosiglitazone maleate,2,chembl|llm_curated|llm_reviewed
rostafuroxin,rostafuroxin|rostaporfin,2,chembl|llm_reviewed
rotarix,"human rotavirus, live attenuated|rotavirus, live attenuated",2,chembl|epar|llm_curated
rotashield,"rotavirus serotype 1 reassortant, rotavirus serotype 2 reassortant, rotavirus serotype 3 rhesus, rotavirus serotype 4 reassortant|rotavirus, live attenuated",2,chembl|epar|llm_curated
rotateq,"rotavirus serotype g1|rotavirus serotype g2|rotavirus serotype g3|rotavirus serotype g4|rotavirus serotype p1|rotavirus, live",2,chembl|epar|llm_curated
roteas,edoxaban tosilate|edoxaban tosylate,2,chembl|epar|llm_curated
roxithromycin,roxithromycin|solithromycin,2,chembl|llm_reviewed
rsd1235,vernakalant|vernakalant hydrochloride,2,chembl|llm_curated|llm_reviewed
rti-150,abobotulinumtoxina|botulinum toxin type a|daxibotulinumtoxina|incobotulinumtoxina|onabotulinumtoxina,5,chembl
rti150,abobotulinumtoxina|botulinum toxin type a|daxibotulinumtoxina|incobotulinumtoxina|onabotulinumtoxina,5,chembl
rubraca,rucaparib|rucaparib camsylate,2,chembl|epar|llm_curated
ruconest,conestat alfa|recombinant human c1-inhibitor,2,chembl|epar|llm_curated
rukobia,fostemsavir trometamol|fostemsavir tromethamine,2,chembl|epar|llm_curated
runcaciguat,cinaciguat|runcaciguat,2,chembl|llm_reviewed
ruxolitinib phosphate,ruxolitinib|ruxolitinib phosphate,2,chembl
rwj-333369,brivaracetam|carisbamate,2,chembl|llm_reviewed
rx 31,elamipretide|elamipretide hydrochloride,2,chembl|llm_curated
rx-3341,delafloxacin|delafloxacin meglumine,2,chembl|llm_curated
rytelo,imetelstat|imetelstat sodium,2,chembl|epar|llm_curated
safinamide methansulfonate,safinamide mesylate|safinamide methanesulfonate,2,chembl|llm_reviewed
samarium sm 153 lexidronam pentasodium,samarium (153sm) lexidronam pentasodium|samarium sm 153 lexidronam pentasodium,2,chembl|llm_reviewed
samidorphan l-malate,samidorphan|samidorphan l-malate,2,chembl|llm_curated|llm_reviewed
sandimmun,ciclosporin|cyclosporine,2,chembl|llm_curated|llm_reviewed
sanfetrinem,sanfetrinem|sanfetrinem cilexetil,2,chembl|llm_curated
sapacitabine,sapacitabine|somapacitan,2,chembl|llm_reviewed
sapropterin hydrochloride,sapropterin|sapropterin dihydrochloride,2,chembl|llm_curated|llm_reviewed
saquinavir mesylate,saquinavir|saquinavir mesylate,2,chembl|llm_curated|llm_reviewed
sarizotan hydrochloride,irbesartan hydrochloride|sarizotan hydrochloride,2,chembl|llm_reviewed
satoreotide tetraxetan,octreotide|satoreotide tetraxetan,2,chembl|llm_reviewed
satoreotide trizoxetan,octreotide|satoreotide trizoxetan,2,chembl|llm_reviewed
satumomab,indium in 111 satumomab pendetide|satumomab,2,chembl|llm_curated
scemblix,asciminib|asciminib hydrochloride,2,chembl|epar|llm_curated
scenesse,afamelanotide|afamelanotide acetate,2,chembl|epar|llm_curated
scopolamine hydrobromide,scopolamine|scopolamine hydrobromide,2,chembl|llm_curated|llm_reviewed
selincro,nalmefene|nalmefene hydrochloride dihydrate,2,chembl|epar|llm_curated
seloken,metoprolol|metoprolol tartrate,2,chembl|llm_curated|llm_reviewed
selumetinib sulfate,selumetinib|selumetinib sulfate,2,chembl|llm_reviewed
senaparib,niraparib|senaparib,2,chembl|llm_reviewed
seralutinib,lestaurtinib|seralutinib,2,chembl|llm_reviewed
serenoa repens,saw palmetto|saw palmetto extract,2,chembl|llm_curated|llm_reviewed
seroquel,quetiapine|quetiapine fumarate,2,chembl|llm_curated|llm_reviewed
sertraline hcl,sertraline|sertraline hydrochloride,2,chembl|llm_curated|llm_reviewed
sertraline hydrochloride,sertraline|sertraline hydrochloride,2,chembl|llm_curated|llm_reviewed
sevuparin,reviparin|sevuparin,2,chembl|llm_reviewed
shingrix,recombinant varicella zoster virus glycoprotein e|varicella zoster virus envelope glycoprotein e,2,chembl|epar|llm_curated
signifor,pasireotide|pasireotide diaspartate,2,chembl|epar|llm_curated
siklos,hydroxycarbamide|hydroxyurea,2,chembl|epar|llm_curated
sildenafil actavis,sildenafil|sildenafil citrate,2,chembl|epar|llm_curated
sildenafil ratiopharm,sildenafil|sildenafil citrate,2,chembl|epar|llm_curated
sildenafil teva,sildenafil|sildenafil citrate,2,chembl|epar|llm_curated
silgard,"human papillomavirus type 6 l1 protein|human papillomavirus type 11 l1 protein|human papillomavirus type 16 l1 protein|human papillomavirus type 18 l1 protein|human papillomavirus, l1 protein virus like particles",2,chembl|epar|llm_curated
silymarin,silibinin|silymarin,2,chembl|llm_reviewed
simtuzumab,nimotuzumab|simtuzumab,2,chembl|llm_reviewed
sinequan,doxepin|doxepin hydrochloride,2,chembl|llm_curated
singulair,montelukast|montelukast sodium,2,chembl|llm_curated|llm_reviewed
siplizumab,ibalizumab|siplizumab,2,chembl|llm_reviewed
sitagliptin accord,sitagliptin hydrochloride|sitagliptin hydrochloride monohydrate,2,chembl|epar|llm_curated
sitravatinib malate,sitravatinib|sitravatinib malate,2,chembl|llm_reviewed
sivextro,tedizolid|tedizolid phosphate,2,chembl|epar|llm_curated
skelid,tiludronate disodium|tiludronic acid,2,chembl|llm_curated
sn-26606,canertinib|canertinib dihydrochloride,2,chembl
soblidotin,silodosin|soblidotin,2,chembl|llm_reviewed
sodium alendronate,alendronate sodium|alendronic acid,2,chembl|llm_reviewed
sodium cromoglicate,cromoglicate sodium|cromolyn sodium,2,chembl|llm_reviewed
sodium folinate,folinic acid|leucovorin sodium,2,chembl|llm_reviewed
sodium fusidate,fusidate sodium|sodium fusidate,2,chembl|llm_reviewed
sodium gluconate,sodium folate|sodium gluconate,2,chembl|llm_reviewed
sodium hyaluronate,hyaluronate sodium|sodium hyaluronate,2,chembl|llm_reviewed
sodium iodide,sodium iodide|sodium iodide i-131,2,chembl|llm_curated|llm_reviewed
sodium iodide (131i),sodium iodide i 131|sodium iodide i-131,2,chembl|llm_reviewed
sodium iodide i131,sodium iodide i 131|sodium iodide i-131,2,chembl|llm_reviewed
sodium nitrate,sodium citrate|sodium nitrate,2,chembl|llm_reviewed
"sodium sulfate, anhydrous",sodium sulfate|sodium sulfate anhydrous,2,chembl|llm_curated|llm_reviewed
sodium sulphate anhydrous,sodium sulfate|sodium sulfate anhydrous,2,chembl|llm_curated|llm_reviewed
solanezumab,solanezumab|tanezumab,2,chembl|llm_reviewed
solriamfetol,solriamfetol|solriamfetol hydrochloride,2,chembl|llm_curated
somac control,pantoprazole|pantoprazole sodium,2,chembl|epar|llm_curated
somakit toc,edotreotide|edotreotide gallium ga-68,2,chembl|epar|llm_curated
somatorelin,somatorelin|somatropin,2,chembl|llm_reviewed
sonelokimab,m-1095|sonelokimab,2,chembl|llm_reviewed
sonovue,sulfur hexafluoride|sulphur hexafluoride,2,chembl|epar|llm_curated
sorafenib accord,sorafenib tosilate|sorafenib tosylate,2,chembl|epar|llm_curated
sotalol hydrochloride,sotalol|sotalol hydrochloride,2,chembl|llm_curated|llm_reviewed
sotrastaurin,rosuvastatin|sotrastaurin,2,chembl|llm_reviewed
sp-304,pirnabine|plecanatide,2,chembl|llm_curated
spebrutinib,spebrutinib|spebrutinib besylate,2,chembl|llm_curated
spebrutinib besylate,spebrutinib|spebrutinib besylate,2,chembl
spermidine,meperidine|spermidine,2,chembl|llm_reviewed
spikevax (previously covid-19 vaccine moderna),"elasomeran|single-stranded, 5'-capped messenger rna (mrna) produced using a cell-free in vitro transcription from the corresponding dna templates, encoding the viral spike (s) protein of sars-cov-2",2,chembl|epar|llm_curated
spl 7013,astodrimer|astodrimer sodium,2,chembl|llm_curated
spl-7013,astodrimer|astodrimer sodium,2,chembl|llm_curated
spl7013,astodrimer|astodrimer sodium,2,chembl|llm_curated
spp100,aliskiren|aliskiren fumarate,2,chembl|llm_curated
sprimeo,aliskiren|aliskiren fumarate,2,chembl|epar|llm_curated
ss 31,elamipretide|elamipretide hydrochloride,2,chembl|llm_curated
sta-5326 mesylate,apilimod|apilimod mesylate,2,chembl|llm_reviewed
staril,estriol|fosinopril sodium,2,chembl|llm_reviewed
stayveer,bosentan|bosentan (as monohydrate),2,chembl|epar|llm_curated
stedesa,eslicarbazepine|eslicarbazepine acetate,2,chembl|llm_curated
steglatro,ertugliflozin l-pyroglutamic acid|ertugliflozin pidolate,2,chembl|epar|llm_curated
stelazine,trifluoperazine|trifluoperazine hydrochloride,2,chembl|llm_curated
sterane,prednisolone|prednisolone acetate,2,chembl|llm_curated
sterile water,serine|water,2,chembl|llm_reviewed
sterile water for injection,serine|water,2,chembl|llm_reviewed
sti-571,imatinib|imatinib mesylate,2,chembl
sti571,imatinib|imatinib mesylate,2,chembl
stilnox,zolpidem|zolpidem tartrate,2,chembl|llm_curated|llm_reviewed
striascan,ioflupane (123l)|ioflupane i 123,2,chembl|epar|llm_curated
strimvelis,autologous cd34+ enriched cell fraction that contains cd34+ cells transduced with retroviral vector that encodes for the human ada cdna sequence|autologous cd34+ enriched cell fraction that contains cd34+ cells transduced with retroviral vector that encodes for the human adenosine deaminase (ada) cdna sequence from human haematopoietic stem|progenitor (cd34+) cells,2,chembl|epar|llm_curated
striverdi respimat,olodaterol|olodaterol hydrochloride,2,chembl|llm_curated
su011248 l-malate salt,sunitinib|sunitinib malate,2,chembl|llm_reviewed
suboxone,buprenorphine|buprenorphine|naloxone,2,chembl|epar|llm_curated
succinylcholine,succinylcholine|suxamethonium,2,chembl|llm_reviewed
sucralose,sucralose|sucrose,2,chembl|llm_reviewed
sufenta,sufentanil|sufentanil citrate,2,chembl|llm_curated|llm_reviewed
sugammadex sodium,sugammadex|sugammadex sodium,2,chembl|llm_curated|llm_reviewed
sulbactam sodium,sulbactam|sulbactam sodium,2,chembl|llm_curated|llm_reviewed
sulfametrole,sulfamethoxazole|sulfametrole,2,chembl|llm_reviewed
sulfamylon,mafenide|mafenide acetate,2,chembl|llm_curated
sulfur hexafluoride,sulfur hexafluoride|sulphur hexafluoride,2,chembl|llm_reviewed
sulphur hexafluoride,sulfur hexafluoride|sulphur hexafluoride,2,chembl|llm_reviewed
sumatriptan succinate,sumatriptan|sumatriptan succinate,2,chembl|llm_curated|llm_reviewed
surfaxin,lucinactant|sinapultide|dipalmitoylphosphatidylcholine|palmitoyl-oleoyl phosphatidylglycerol|palmitic acid,2,chembl|epar|llm_curated
surinabant,rimonabant|surinabant,2,chembl|llm_reviewed
sutent,sunitinib|sunitinib malate,2,chembl|epar|llm_curated
suxamethonium chloride,succinylcholine|succinylcholine chloride,2,chembl|llm_curated|llm_reviewed
sycrest,asenapine|asenapine maleate,2,chembl|epar|llm_curated
syr-472,trelagliptin|trelagliptin succinate,2,chembl|llm_curated
t2g1s,biciromab|biciromab brallobarbital,2,chembl|llm_curated
tabalumab,ianalumab|tabalumab,2,chembl|llm_reviewed
tabrecta,capmatinib dihydrochloride monohydrate|capmatinib hydrochloride,2,chembl|epar|llm_curated
tacaryl,methdilazine|methdilazine hydrochloride,2,chembl|llm_curated
tacforius,tacrolimus|tacrolimus monohydrate,2,chembl|epar|llm_curated
tacni,tacrolimus|tacrolimus anhydrous,2,chembl
tacrolimus,tacrolimus|tacrolimus anhydrous,2,chembl
tacrolimus hydrate,tacrolimus|tacrolimus anhydrous,2,chembl
tafinlar,dabrafenib|dabrafenib mesilate|dabrafenib mesylate,3,chembl|epar
tagamet,cimetidine|cimetidine hydrochloride,2,chembl|llm_curated
tagrisso,osimertinib|osimertinib mesilate|osimertinib mesylate,3,chembl|epar|llm_curated
tak-438,vonoprazan|vonoprazan fumarate,2,chembl|llm_curated
tak-491,azilsartan kamedoxomil|azilsartan medoxomil,2,chembl|llm_curated
tak-652,cenicriviroc|cenicriviroc mesylate,2,chembl|llm_curated
tak-954,felcisetrag|tak-994,2,chembl|llm_reviewed
talabostat mesylate,talabostat|talabostat mesylate,2,chembl|llm_curated|llm_reviewed
talaporfin sodium,enoxaparin sodium|talaporfin sodium,2,chembl|llm_reviewed
talazoparib tosylate,talazoparib|talazoparib tosylate,2,chembl
talzenna,talazoparib|talazoparib tosylate,2,chembl|epar|llm_curated
tamibarotene,amsilarotene|tamibarotene,2,chembl|llm_reviewed
tamiflu,oseltamivir|oseltamivir phosphate,2,chembl|epar|llm_curated
tamsulosin hcl,tamsulosin|tamsulosin hydrochloride,2,chembl|llm_curated|llm_reviewed
tamsulosin hydrochloride,tamsulosin|tamsulosin hydrochloride,2,chembl|llm_curated|llm_reviewed
tanespimycin,retaspimycin|tanespimycin,2,chembl|llm_reviewed
tapentadol hydrochloride,tapentadol|tapentadol hydrochloride,2,chembl|llm_curated|llm_reviewed
tarceva,erlotinib|erlotinib hydrochloride,2,chembl|epar|llm_curated
tasigna,nilotinib|nilotinib hydrochloride monohydrate,2,chembl|epar|llm_curated
tasocitinib citrate,tofacitinib|tofacitinib citrate,2,chembl|llm_reviewed
tasquinimod,laquinimod|tasquinimod,2,chembl|llm_reviewed
tauroursodeoxycholic acid,tauroursodeoxycholic acid|taurursodiol,2,chembl|llm_reviewed
tauvid,flortaucipir (18f)|flortaucipir f 18,2,chembl|epar|llm_curated
tavalisse,fostamatinib|fostamatinib disodium,2,chembl|llm_curated
tavanic,levofloxacin|telavancin,2,chembl|llm_reviewed
taxespira (previously docetaxel hospira uk limited ),docetaxel|docetaxel trihydrate,2,chembl|epar|llm_curated
tazobactam sodium,tazobactam|tazobactam sodium,2,chembl|llm_curated|llm_reviewed
tazobactam sodium salt,tazobactam|tazobactam sodium,2,chembl|llm_curated|llm_reviewed
tbr-652,cenicriviroc|cenicriviroc mesylate,2,chembl|llm_curated
tc-5214,dexmecamylamine|dexmecamylamine hydrochloride,2,chembl|llm_curated
tecartus,autologous peripheral blood t cells cd4 and cd8 selected and cd3 and cd28 activated transduced with retroviral vector expressing anti-cd19 cd28|cd3-zeta chimeric antigen receptor and cultured (brexucabtagene autoleucel)|brexucabtagene autoleucel,2,chembl|epar|llm_curated
technetium (99mtc) pertechnetate,sodium pertechnetate tc 99m|technetium tc-99m pertechnetate,2,chembl|llm_curated
tecovirimat siga,tecovirimat|tecovirimat monohydrate,2,chembl|epar|llm_curated
tedizolid phosphate,tedizolid|tedizolid phosphate,2,chembl|llm_curated|llm_reviewed
tekturna,aliskiren|aliskiren fumarate,2,chembl|epar|llm_curated
telatinib,alectinib|telatinib,2,chembl|llm_reviewed
temelimab,temelimab|tremelimumab,2,chembl|llm_reviewed
tenkasi (previously orbactiv),oritavancin (diphosphate)|oritavancin diphosphate,2,chembl|epar|llm_curated
tenofovir alafenamide fumarate,tenofovir alafenamide|tenofovir alafenamide fumarate,2,chembl|llm_curated|llm_reviewed
tepmetko,tepotinib hydrochloride|tepotinib hydrochloride monohydrate,2,chembl|epar|llm_curated
terbutaline sulfate,terbutaline|terbutaline sulfate,2,chembl|llm_curated|llm_reviewed
terbutaline sulphate,terbutaline|terbutaline sulfate,2,chembl|llm_curated|llm_reviewed
terramycin,oxytetracycline|oxytetracycline calcium|oxytetracycline hydrochloride,3,chembl
tesavel,sitagliptin|sitagliptin phosphate,2,chembl|epar|llm_curated
testosterone cipionate,testosterone|testosterone cypionate,2,chembl|llm_curated|llm_reviewed
testosterone enantate,testosterone|testosterone enanthate,2,chembl|llm_curated|llm_reviewed
testosterone propionate,testosterone|testosterone propionate,2,chembl|llm_curated|llm_reviewed
tetracaine hydrochloride,tetracaine|tetracaine hydrochloride,2,chembl|llm_curated|llm_reviewed
tetracycline hydrochloride,tetracycline|tetracycline hydrochloride,2,chembl|llm_curated|llm_reviewed
tetralite,nitramine|tetracycline,2,chembl|llm_reviewed
teveten,eprosartan|eprosartan mesylate,2,chembl|llm_curated
tgr-1202,umbralisib|umbralisib tosylate,2,chembl|llm_curated|llm_reviewed
th9507,tesamorelin|tesamorelin acetate,2,chembl|llm_curated
theryttrex,yttrium (90y) chloride|yttrium chloride y-90,2,chembl|epar|llm_curated
thiamine hydrochloride,thiamine|thiamine hydrochloride,2,chembl|llm_curated|llm_reviewed
thiamine nitrate,thiamine|thiamine mononitrate,2,chembl|llm_curated|llm_reviewed
thiamphenicol,chloramphenicol|thiamphenicol,2,chembl|llm_reviewed
thioctic acid,"lipoic acid, alpha|thioctic acid",2,chembl|llm_reviewed
thiopental sodium,thiopental|thiopental sodium,2,chembl|llm_curated|llm_reviewed
thorazine,chlorpromazine|chlorpromazine hydrochloride,2,chembl|llm_curated
thyrotropin,thyrotropin|thyrotropin alfa,2,chembl|llm_curated|llm_reviewed
tiabendazole,thiabendazole|tiabendazole,2,chembl|llm_reviewed
tiagabine,ancitabine|tiagabine,2,chembl|llm_reviewed
tianeptine,tianeptine|trientine,2,chembl|llm_reviewed
tiaprofenic acid,pamidronic acid|tiaprofenic acid,2,chembl|llm_reviewed
tilarginine acetate,ralaniten acetate|tilarginine acetate,2,chembl|llm_reviewed
timolol maleate,timolol|timolol maleate,2,chembl|llm_curated|llm_reviewed
tinzaparin sodium,tinzaparin|tinzaparin sodium,2,chembl|llm_curated|llm_reviewed
tinzaparine sodique,tinzaparin|tinzaparin sodium,2,chembl|llm_curated|llm_reviewed
tioctic acid,"lipoic acid, alpha|thioctic acid",2,chembl|llm_reviewed
tirabrutinib,rilzabrutinib|tirabrutinib,2,chembl|llm_reviewed
tirapazamine,tinzaparin|tirapazamine,2,chembl|llm_reviewed
tirofiban hydrochloride,tirofiban|tirofiban hydrochloride,2,chembl|llm_curated|llm_reviewed
tirofiban hydrochloride monohydrate,tirofiban|tirofiban hydrochloride,2,chembl|llm_curated|llm_reviewed
tivicay,dolutegravir|dolutegravir sodium,2,chembl|epar|llm_curated
tivozanib hydrochloride,tivozanib|tivozanib hydrochloride,2,chembl|llm_curated|llm_reviewed
tivozanib hydrochloride monohydrate,tivozanib|tivozanib hydrochloride,2,chembl|llm_curated|llm_reviewed
tixocortol-21-pivalate,tixocortol|tixocortol pivalate,2,chembl|llm_curated|llm_reviewed
tizanidine,ranitidine|tizanidine,2,chembl|llm_reviewed
tizanidine hydrochloride,amitifadine hydrochloride|tizanidine hydrochloride,2,chembl|llm_reviewed
tmc114 ethanolate,darunavir|darunavir ethanolate,2,chembl|llm_curated|llm_reviewed
tobramycin sulfate,tobramycin|tobramycin sulfate,2,chembl|llm_curated|llm_reviewed
tobramycin sulphate,tobramycin|tobramycin sulfate,2,chembl|llm_curated|llm_reviewed
tofacitinib citrate,tofacitinib|tofacitinib citrate,2,chembl|llm_curated|llm_reviewed
tominersen,inotersen|tominersen,2,chembl|llm_reviewed
tookad,padeliporfin di-potassium|padeliporfin potassium,2,chembl|epar|llm_curated
topotecan actavis,topotecan|topotecan hydrochloride,2,chembl|epar|llm_curated
topotecan hospira,topotecan|topotecan hydrochloride,2,chembl|epar|llm_curated
topotecan teva,topotecan|topotecan hydrochloride,2,chembl|epar|llm_curated
toradol,ketorolac tromethamine|tramadol,2,chembl|llm_reviewed
torecan,thiethylperazine|thiethylperazine malate|thiethylperazine maleate,3,chembl|llm_curated
toremifene citrate,toremifene|toremifene citrate,2,chembl|llm_curated|llm_reviewed
tosylchloramide sodium,chloramine t|chloramine-t anhydrous,2,chembl|llm_reviewed
tracleer,bosentan|bosentan (as monohydrate),2,chembl|epar|llm_curated
tractocile,atosiban|atosiban (as acetate)|atosiban acetate,3,chembl|epar
trafermin,artemin|trafermin,2,chembl|llm_reviewed
tramadol hcl,tramadol|tramadol hydrochloride,2,chembl|llm_curated|llm_reviewed
tramadol hydrochloride,tramadol|tramadol hydrochloride,2,chembl|llm_curated|llm_reviewed
trametinib dimethyl sulfoxide,trametinib|trametinib dimethyl sulfoxide,2,chembl|llm_curated|llm_reviewed
trazodone hydrochloride,trazodone|trazodone hydrochloride,2,chembl|llm_curated|llm_reviewed
treanda,bendamustine|bendamustine hydrochloride,2,chembl|llm_curated
tregalizumab,efalizumab|tregalizumab,2,chembl|llm_reviewed
trelegy ellipta,fluticasone furoate|fluticasone furoate|umeclidinium bromide|vilanterol trifenatate,2,chembl|epar|llm_curated
trenonacog alfa,nonacog alfa|trenonacog alfa,2,chembl|llm_reviewed
triamcinolone hexacetonide,triamcinolone|triamcinolone hexacetonide,2,chembl|llm_curated|llm_reviewed
tribasic calcium phosphate,"calcium phosphate, tribasic|durapatite",2,chembl|llm_curated
triclosan,triclosan|trilostane,2,chembl|llm_reviewed
trientine dihydrochloride,trientine|trientine hydrochloride,2,chembl|llm_curated|llm_reviewed
triheptanoin,tretinoin|triheptanoin,2,chembl|llm_reviewed
trilaciclib dihydrochloride,trilaciclib|trilaciclib dihydrochloride,2,chembl|llm_curated|llm_reviewed
trimebutine,trientine|trimebutine,2,chembl|llm_reviewed
trimetazidine dihydrochloride,trimetazidine|trimetazidine dihydrochloride,2,chembl|llm_curated|llm_reviewed
trimethoprim sulfate,trimethoprim|trimethoprim sulfate,2,chembl|llm_curated|llm_reviewed
triptorelin pamoate,triptorelin|triptorelin pamoate,2,chembl|llm_curated|llm_reviewed
trobalt,ezogabine|retigabine,2,chembl|epar|llm_curated
trofosfamide,ifosfamide|trofosfamide,2,chembl|llm_reviewed
trospium chloride,potassium chloride|trospium chloride,2,chembl|llm_reviewed
trovan iv,alatrofloxacin mesilate|alatrofloxacin mesylate,2,chembl|epar|llm_curated
trumenba,neisseria meningitidis factor h binding protein|neisseria meningitidis serogroup b fhbp (recombinant lipidated fhbp (factor h binding protein)) subfamily a|neisseria meningitidis serogroup b fhbp (recombinant lipidated fhbp (factor h binding protein)) subfamily b,2,chembl|epar|llm_curated
trusopt,dorzolamide|dorzolamide hydrochloride,2,chembl|llm_curated
truvada,emtricitabine|emtricitabine|tenofovir disoproxil|emtricitabine|tenofovir disoproxil fumarate,3,epar|llm_curated|llm_reviewed
trypsin,"trypsin|trypsin, crystallized",2,chembl|llm_curated|llm_reviewed
tucotuzumab celmoleukina,talacotuzumab|tucotuzumab celmoleukin,2,chembl|llm_reviewed
turalio,pexidartinib|pexidartinib hydrochloride,2,chembl|epar|llm_curated
turvel iv,alatrofloxacin mesilate|alatrofloxacin mesylate,2,chembl|epar|llm_curated
twinrix adult,hepatitis a virus (inactivated)|hepatitis b surface antigen|hepatitis b virus hbsag surface protein antigen,2,chembl|epar|llm_curated
twinrix paediatric,hepatitis a virus (inactivated)|hepatitis b surface antigen|hepatitis b virus hbsag surface protein antigen,2,chembl|epar|llm_curated
tykerb,lapatinib|lapatinib ditosylate,2,chembl
typhoid vi polysaccharide vaccine,salmonella typhi ty2 vi polysaccharide antigen|typhoid vi polysaccharide vaccine,2,chembl|llm_curated
tyvaso,treprostinil|treprostinil sodium,2,chembl|epar|llm_curated
tyverb,lapatinib|lapatinib ditosylate,2,chembl|epar|llm_curated
u3-1287,amg-888|patritumab,2,chembl|llm_curated
udenafil,sildenafil|udenafil,2,chembl|llm_reviewed
ulobetasol,halobetasol|halobetasol propionate,2,chembl|llm_curated|llm_reviewed
ultratard,insulin human|insulin human zinc,2,chembl|epar|llm_curated
unitensen,cryptenamine|cryptenamine acetates|cryptenamine tannates,3,chembl|llm_curated
unoprostone isopropyl,unoprostone|unoprostone isopropyl,2,chembl|llm_curated|llm_reviewed
upcard,torasemide anhydrous|torsemide,2,chembl|epar|llm_curated
urelumab,guselkumab|urelumab,2,chembl|llm_reviewed
ursodeoxycholic acid,ursodeoxycholic acid|ursodiol,2,chembl|llm_reviewed
utomilumab,golimumab|utomilumab,2,chembl|llm_reviewed
ux001,aceneuramic acid|sialic acid,2,chembl|llm_curated
valaciclovir hydrochloride,valacyclovir|valacyclovir hydrochloride,2,chembl|llm_curated|llm_reviewed
valemetostat tosylate,valemetostat|valemetostat tosylate,2,chembl|llm_curated|llm_reviewed
valproate semisodium,divalproex sodium|valproate semisodium,2,chembl|llm_reviewed
valrubicin,idarubicin|valrubicin,2,chembl|llm_reviewed
vancomycin hydrochloride,vancomycin|vancomycin hydrochloride,2,chembl|llm_curated|llm_reviewed
vanflyta,quizartinib|quizartinib dihydrochloride,2,chembl|epar|llm_curated
vaniqa,eflornithine|eflornithine hydrochloride,2,chembl|epar|llm_curated
vardenafil hydrochloride trihydrate,vardenafil|vardenafil hydrochloride,2,chembl|llm_curated|llm_reviewed
varenicline tartrate,varenicline|varenicline tartrate,2,chembl|llm_curated|llm_reviewed
varespladib sodium,dasabuvir sodium|varespladib,2,chembl|llm_reviewed
vargatef,nintedanib|nintedanib esylate,2,chembl|epar|llm_curated
varlilumab,sarilumab|varlilumab,2,chembl|llm_reviewed
varlitinib,avapritinib|varlitinib,2,chembl|llm_reviewed
varnimcabtagene autoleucel,rapcabtagene autoleucel|varnimcabtagene autoleucel,2,chembl|llm_reviewed
varuby,rolapitant|rolapitant hydrochloride,2,chembl|epar|llm_curated
vatelizumab,teplizumab|vatelizumab,2,chembl|llm_reviewed
vaxchora,"vibrio cholerae, live attenuated|vibrio cholerae, strain cvd 103-hgr, live",2,chembl|epar|llm_curated
vaxneuvance,pneumococcal polysaccharide conjugate vaccine (adsorbed)|streptococcus pneumoniae polysaccharide conjugated to corynebacterium diphtheriae crm197,2,chembl|epar|llm_curated
vaxzevria (previously covid-19 vaccine astrazeneca),chadox1-sars-cov-2|chimpanzee adenovirus encoding sars-cov-2 spike glycoprotein,2,chembl|epar|llm_curated
vecabrutinib,ibrutinib|vecabrutinib,2,chembl|llm_reviewed
velcade,bortezomib|bortezomib d-mannitol,2,chembl|epar|llm_curated
veletri,epoprostenol sodium|tezosentan,2,chembl|llm_curated
velphoro,ferric oxyhydroxide|sucroferric oxyhydroxide,2,chembl|epar|llm_curated
veltuzumab,elotuzumab|veltuzumab,2,chembl|llm_reviewed
vemlidy,tenofovir alafenamide|tenofovir alafenamide fumarate,2,chembl|epar|llm_curated
venglustat malate,venglustat|venglustat malate,2,chembl|llm_curated|llm_reviewed
venlafaxine hydrochloride,venlafaxine|venlafaxine hydrochloride,2,chembl|llm_curated|llm_reviewed
ventavis,iloprost|iloprost tromethamine,2,chembl|epar|llm_curated
ventolin,albuterol|albuterol sulfate|salbutamol,3,chembl|llm_reviewed
vepacel,"influenza a virus, inactivated whole virion|influenza virus (whole virion, inactivated), containing antigen of: a|vietnam|1203|2004 (h5n1)",2,chembl|epar|llm_curated
verapamil hydrochloride,verapamil|verapamil hydrochloride,2,chembl|llm_curated|llm_reviewed
veraseal,"human fibrinogen, human thrombin|human fibrinogen|human thrombin",2,epar|llm_curated
verinurad,lesinurad|verinurad,2,chembl|llm_reviewed
verkazia,ciclosporin|cyclosporine,2,chembl|epar|llm_curated
vesatolimod,entolimod|vesatolimod,2,chembl|llm_reviewed
vesicare,solifenacin|solifenacin succinate,2,chembl|llm_curated
vesprin,triflupromazine|triflupromazine hydrochloride,2,chembl|llm_curated
viagra,sildenafil|sildenafil citrate,2,chembl|epar|llm_curated
vibativ,telavancin|telavancin hydrochloride,2,chembl|epar|llm_curated
vibramycin,doxycycline|doxycycline calcium|doxycycline hyclate,3,chembl
vidofludimus,vidofludimus|vidofludimus calcium,2,chembl|llm_curated|llm_reviewed
vidprevtyn beta,"sars-cov-2 prefusion spike delta tm protein, recombinant (b.1.351 strain)|sars-cov-2 virus spike protein",2,chembl|epar|llm_curated
viekirax,ombitasvir|paritaprevir|ritonavir|ritonavir,2,chembl|epar|llm_curated
vigantol,cholecalciferol|vilanterol,2,chembl|llm_reviewed
vilanterol trifenatate,vilanterol|vilanterol trifenatate,2,chembl|llm_curated|llm_reviewed
vilazodone hydrochloride,vilazodone|vilazodone hydrochloride,2,chembl|llm_curated|llm_reviewed
viltolarsen,lotilaner|viltolarsen,2,chembl|llm_reviewed
vimizim,elosulfase alfa|recombinant human n-acetylgalactosamine-6-sulfatase,2,chembl|epar|llm_curated
vincristini sulfas,vincristine|vincristine sulfate,2,chembl|llm_curated|llm_reviewed
vinflunine ditartrate,vinflunine|vinflunine ditartrate,2,chembl|llm_curated|llm_reviewed
vipidia,alogliptin|alogliptin benzoate,2,chembl|epar|llm_curated
viracept,nelfinavir|nelfinavir mesylate,2,chembl|epar|llm_curated
viread,tenofovir disoproxil|tenofovir disoproxil fumarate,2,chembl|epar|llm_curated
vistaril,hydroxyzine|hydroxyzine hydrochloride|hydroxyzine pamoate,3,chembl|llm_curated
vitamin a,retinol|vitamin e,2,chembl|llm_reviewed
vitamin d,ergocalciferol|vitamin d,2,chembl|llm_reviewed
vitamin d nos,cholecalciferol|ergocalciferol,2,chembl|llm_reviewed
vitamina d3,cholecalciferol|vitamin k,2,llm_reviewed
vitrakvi,larotrectinib|larotrectinib sulfate,2,chembl|epar
vivadex,tacrolimus|tacrolimus anhydrous,2,chembl
vivagel,astodrimer|astodrimer sodium,2,chembl|llm_curated
vivanza,vardenafil|vardenafil hydrochloride,2,chembl|epar|llm_curated
vizamyl,flutemetamol (18f)|flutemetamol f 18,2,chembl|epar|llm_curated
vizarsin,sildenafil|sildenafil citrate,2,chembl|epar|llm_curated
vizimpro,dacomitinib|dacomitinib monohydrate,2,chembl|epar|llm_curated
vocabria,cabotegavir sodium|cabotegravir|cabotegravir sodium,2,chembl|epar|llm_curated
volasertib,alisertib|volasertib,2,chembl|llm_reviewed
volixibat,odevixibat|volixibat,2,chembl|llm_reviewed
von willebrand factor,"von willebrand factor human|von willebrand factor, human",2,chembl|llm_reviewed
vontrol,diphenidol|diphenidol hydrochloride,2,chembl|llm_curated
vopratelimab,crovalimab|vopratelimab,2,chembl|llm_reviewed
vorhyaluronidase alfa,hyaluronidase|hyaluronidase (human recombinant),2,chembl|llm_curated|llm_reviewed
votrient,pazopanib|pazopanib hydrochloride,2,chembl|epar|llm_curated
vs-6063,defactinib|defactinib hydrochloride,2,chembl|llm_curated
vudalimab,durvalumab|vudalimab,2,chembl|llm_reviewed
vumerity,diroximel fumarate|diroximel fumarate (biib098),2,chembl|epar|llm_curated
vydura,rimegepant|rimegepant sulfate,2,chembl|epar|llm_curated
vyndaqel,tafamidis|tafamidis meglumine,2,chembl|epar|llm_curated
wakix,pitolisant|pitolisant hydrochloride,2,chembl|epar|llm_curated
wilzin,zinc|zinc acetate,2,chembl|epar|llm_curated
win 40350,"calcium phosphate, tribasic|durapatite",2,chembl|llm_curated
win-40350,"calcium phosphate, tribasic|durapatite",2,chembl|llm_curated
wq-3034,delafloxacin|delafloxacin meglumine,2,chembl|llm_curated
x0002,ibuprofen trelamine|ibuprofen trelamine hydrochloride,2,chembl|llm_curated
xadago,safinamide|safinamide mesylate|safinamide methanesulfonate,3,chembl|epar
xagrid,anagrelide|anagrelide hydrochloride,2,chembl|epar|llm_curated
xaluprine (previously mercaptopurine nova laboratories),6-mercaptopurine monohydrate|mercaptopurine,2,chembl|epar|llm_curated
xanomeline tartrate,xanomeline|xanomeline tartrate,2,chembl|llm_reviewed
xelevia,sitagliptin|sitagliptin phosphate,2,chembl|epar|llm_curated
xeljanz,tofacitinib|tofacitinib citrate,2,chembl|epar|llm_curated
xerava,eravacycline|eravacycline dihydrochloride,2,chembl|epar|llm_curated
xermelo,telotristat ethyl|telotristat etiprate,2,chembl|epar|llm_curated
xl-184,cabozantinib|cabozantinib s-malate,2,chembl
xl-652,bms-779788|bms-852927,2,chembl
xl184,cabozantinib|cabozantinib s-malate,2,chembl
xofigo,radium (223ra) dichloride|radium ra 223 dichloride,2,chembl|epar|llm_curated
xospata,gilteritinib|gilteritinib fumarate,2,chembl|epar|llm_curated
xromi,hydroxycarbamide|hydroxyurea,2,chembl|epar|llm_curated
xylocaine,lidocaine|lidocaine hydrochloride,2,chembl|llm_curated|llm_reviewed
xylometazoline hydrochloride,xylometazoline|xylometazoline hydrochloride,2,chembl|llm_reviewed
xyzal,levocetirizine|levocetirizine dihydrochloride,2,chembl|llm_curated
yellox,bromfenac sodium|bromfenac sodium sesquihydrate,2,chembl|epar|llm_curated
ytracis,yttrium (90y) chloride|yttrium chloride y-90,2,chembl|epar|llm_curated
yttriga,yttrium (90y) chloride|yttrium chloride y-90,2,chembl|epar|llm_curated
zabdeno,adenovirus type 26 encoding ebola virus glycoprotein|recombinant adenovirus type 26 (ad26) encoding the glycoprotein (gp) of the ebola virus zaire (zebov) mayinga strain,2,chembl|epar|llm_curated
zalcitabine,ancitabine|zalcitabine,2,chembl|llm_reviewed
zalmoxis,allogeneic t cells genetically modified with a retroviral vector encoding for a truncated form of the human low affinity nerve growth factor receptor (deltalngfr) and the herpes simplex i virus thymidine kinase (hsv-tk mut2)|allogeneic t cells genetically modified with a retroviral vector encoding for a truncated form of the human low affinity nerve growth factor receptor (δlngfr) and the herpes simplex i virus thymidine kinase (hsv-tk mut2),2,chembl|epar|llm_curated
zalviso,sufentanil|sufentanil citrate,2,chembl|epar|llm_curated
zanolimumab,golimumab|zanolimumab,2,chembl|llm_reviewed
zejula,niraparib|niraparib (tosilate monohydrate)|niraparib tosylate monohydrate,3,chembl|epar|llm_curated
zelnorm,tegaserod|tegaserod maleate,2,chembl|epar|llm_curated
zemaira,.alpha.1-proteinase inhibitor human|alpha1-proteinase inhibitor,2,chembl|llm_reviewed
zemdri,plazomicin (sulfate)|plazomicin sulfate,2,chembl|epar|llm_curated
zestril,estriol|lisinopril,2,chembl|llm_reviewed
zevalin,ibritumomab tiuxetan|yttrium y 90 ibritumomab tiuxetan,2,chembl|epar|llm_curated
ziagen,abacavir|abacavir sulfate,2,chembl|epar|llm_curated
zilbrysq,zilucoplan|zilucoplan sodium,2,chembl|epar|llm_curated
zilebesiran,elebsiran|zilebesiran,2,chembl|llm_reviewed
zilovertamab,cirmtuzumab|zilovertamab vedotin,2,chembl|llm_reviewed
zilucoplan sodium,zilucoplan|zilucoplan sodium,2,chembl|llm_curated|llm_reviewed
zinacef,cefuroxime sodium|zinc,2,chembl|llm_reviewed
zinc acexamate,zinc acetate|zinc acexamate,2,chembl|llm_reviewed
zinc oxide,zinc chloride|zinc oxide,2,chembl|llm_reviewed
zinforo,ceftaroline fosamil|ceftaroline fosamil acetate,2,chembl|epar|llm_curated
zipalertinib,cln-081|zipalertinib,2,chembl|llm_reviewed
ziprasidone hydrochloride,ziprasidone|ziprasidone hydrochloride,2,chembl|llm_curated|llm_reviewed
zmapp,cosfroviximab|larcaviximab|porgaviximab,3,chembl
zoely,nomegestrol acetate|nomegestrol acetate|estradiol,2,chembl|epar|llm_curated
zoladex,goserelin|goserelin acetate,2,chembl|llm_curated
zoledronate,zoledronic acid|zoledronic acid anhydrous,2,chembl|llm_curated|llm_reviewed
zoledronic acid accord,zoledronic acid|zoledronic acid monohydrate,2,chembl|epar|llm_curated
zoledronic acid actavis,zoledronic acid|zoledronic acid monohydrate,2,chembl|epar|llm_curated
zoledronic acid hospira,zoledronic acid|zoledronic acid monohydrate,2,chembl|epar|llm_curated
zoledronic acid medac,zoledronic acid|zoledronic acid monohydrate,2,chembl|epar|llm_curated
zoledronic acid teva generics,zoledronic acid|zoledronic acid monohydrate,2,chembl|epar|llm_curated
zolpidem tartrate,zolpidem|zolpidem tartrate,2,chembl|llm_curated|llm_reviewed
zolsketil pegylated liposomal,"doxorubicin hydrochloride|doxorubicin hydrochloride, liposomal",2,chembl|epar|llm_curated
zometa,zoledronic acid|zoledronic acid|zoledronic acid monohydrate,2,chembl|epar|llm_curated
zostavax,"varicella zoster virus, live attenuated|varicella-zoster virus (live, attenuated)",2,chembl|epar|llm_curated
zovirax,acyclovir|acyclovir sodium,2,chembl|llm_curated
zuretinol acetate,retinol|zuretinol acetate,2,chembl|llm_reviewed
zutectra,hepatitis b immune globulin|human hepatitis b immunoglobulin,2,chembl|epar|llm_curated
zycortal,desoxycorticosterone pivalate|desoxycortone pivalate,2,chembl|epar|llm_curated
zyllt,clopidogrel (as hydrogen sulfate)|clopidogrel bisulfate,2,chembl|epar|llm_curated
zynteglo,autologous cd34+ cell enriched population that contains haematopoietic stem cells transduced with lentiviral vector encoding the βa-t87q-globin gene|betibeglogene autotemcel,2,chembl|epar|llm_curated
zytiga,abiraterone|abiraterone acetate,2,chembl|epar|llm_curated|llm_reviewed
