alias_clean,substances_all,n_substances,sources
18f,fludeoxyglucose f 18|fluorodopa f 18,2,chembl
18f-dpa-714,18f-dpa-714|dpa-714 f-18,2,chembl|llm_reviewed
18f-fch,18f-fluorocholine|fluorocholine f-18,2,chembl|llm_reviewed
18f-flt,18f-fluorothymidine|alovudine f-18,2,chembl|llm_reviewed
18f-psma,18f-psma-11|gozetotide alf-18,2,chembl|llm_reviewed
"3,4-methylenedioxymethamphetamine",methylenedioxymethamphetamine|midomafetamine,2,chembl|llm_reviewed
32p,chromic phosphate p 32|sodium phosphate p 32,2,chembl
5-aminolevulinic acid hydrochloride,aminolevulinic acid|aminolevulinic acid hydrochloride,2,chembl|llm_reviewed|manual
51cr,"albumin, chromated cr 51 serum|sodium chromate cr 51",2,chembl
57co,cobaltous chloride co 57|cyanocobalamin co 57,2,chembl
60co,cobaltous chloride co 60|cyanocobalamin co 60,2,chembl
a1443,afoxolaner|fluralaner,2,chembl
abacavir sulfate,abacavir|abacavir sulfate,2,chembl|llm_reviewed|manual
abacavir sulphate,abacavir|abacavir sulfate,2,chembl|llm_reviewed|manual
abbv-321,serclutamab|serclutamab talirine,2,chembl|manual
abetimus sodium,abetimus|abetimus sodium,2,chembl|llm_reviewed|manual
abexinostat,abexinostat|zabadinostat,2,chembl|llm_reviewed
abituzumab,abituzumab|tigatuzumab,2,chembl|llm_reviewed
abrysvo,"respiratory syncytial virus pre-fusion glycoprotein f|respiratory syncytial virus vaccine (bivalent, recombinant)",2,chembl|epar|manual
abt-492,delafloxacin|delafloxacin meglumine,2,chembl|manual
ac0137,pramlintide|pramlintide acetate,2,chembl|manual
ac220,quizartinib|quizartinib dihydrochloride,2,chembl|manual
ac2307,davalintide|davalintide acetate,2,chembl|manual
acamprosate calcium,acamprosate|acamprosate calcium,2,chembl|llm_reviewed|manual
acasunlimab,acasunlimab|sasanlimab,2,chembl|llm_reviewed
aceneuramic acid,aceneuramic acid|sialic acid,2,chembl|llm_reviewed
aceon,perindopril|perindopril erbumine|tramadol hydrochloride,3,chembl|manual
acetazolamide sodium,acetazolamide|acetazolamide sodium,2,chembl|llm_reviewed|manual
acetyl-l-leucine,acetylleucine|levacetylleucine,2,chembl|llm_reviewed
acetylcholine chloride,acetylcholine|acetylcholine chloride,2,chembl|llm_reviewed|manual
achn-490,plazomicin|plazomicin sulfate,2,chembl|manual
achromycin v,tetracycline|tetracycline hydrochloride,2,chembl|manual
acide nicotinique,niacin|nicotinic acid,2,chembl|llm_reviewed
acitretin,acitretin|alitretinoin,2,chembl|llm_reviewed
acotiamide,acotiamide|caricotamide,2,chembl|llm_reviewed
acrescent,memantine hydrochloride|memantine hydrochloride|donepezil hydrochloride,2,chembl|epar|manual
activyl tick plus,indoxacarb|permethrin|permethrin,2,chembl|epar|manual
actoxumab,actoxumab|mk-3415,2,chembl|manual
adct-301,camidanlumab|camidanlumab tesirine,2,chembl|manual
adct-402,loncastuximab|loncastuximab tesirine,2,chembl|manual
adecatumumab,adecatumumab|daratumumab,2,chembl|llm_reviewed
ademetionine,ademetionine|dimetindene,2,chembl|llm_reviewed
"adjupanrix (previously pandemic influenza vaccine (h5n1) (split virion, inactivated, adjuvanted) glaxosmithkline biologicals)","influenza a virus, split virion|split influenza virus, inactivated, containing antigen: a|vietnam|1194|2004 (h5n1) like strain used (nibrg-14)",2,chembl|epar|manual
adrecizumab,daclizumab|enibarcimab,2,chembl|llm_reviewed
adriamycin,doxorubicin|doxorubicin hydrochloride,2,chembl|manual
adrovance,alendronate sodium|colecalciferol|alendronic acid (as sodium trihydrate),2,chembl|epar|manual
advil,ibuprofen|ibuprofen sodium,2,chembl|manual
adynovi,"antihemophilic factor, pegylated (mw 20000) human sequence recombinant|rurioctocog alfa pegol",2,chembl|epar|manual
adzynma,apadamtase alfa|radamts13,2,chembl|epar|manual
aeb071,sotrastaurin|sotrastaurin acetate,2,chembl|manual
aegr-733,lomitapide|lomitapide mesylate,2,chembl|manual
aerivio spiromax,fluticasone propionate|salmeterol xinafoate|fluticasone propionate,2,chembl|epar|manual
af37702,peginesatide|peginesatide acetate,2,chembl|manual
afegostat tartrate,afegostat|afegostat tartrate,2,chembl|llm_reviewed|manual
aflunov,a|vietnam|1194|2004|influenza vaccine|influenza virus surface antigens (haemagglutinin and neuraminidase) of strain: a|turkey|turkey|1|05 (h5n1)-like strain (nibrg-23),3,epar|llm_reviewed
agilus,"dantrolene sodium|dantrolene sodium, hemiheptahydrate",2,chembl|epar|manual
agn-151607,botulinum toxin type a|gemibotulinumtoxin a,2,chembl|manual
ah252723,afoxolaner|fluralaner,2,chembl
akineton,biperiden|biperiden hydrochloride|biperiden lactate,3,chembl|manual
albendazole,albendazole|tiabendazole,2,chembl|llm_reviewed
albuferon,albinterferon alfa-2b|albuterol,2,chembl|llm_reviewed
albutein,albumin human|lutein,2,chembl|llm_reviewed
ald518,clazakizumab|sarilumab,2,chembl|llm_reviewed
aldomet,methyldopa|methyldopate hydrochloride,2,chembl|manual
aldoxorubicin,aldoxorubicin|doxorubicin,2,chembl|llm_reviewed
alecensa,alectinib|alectinib hydrochloride,2,chembl|epar|manual
alendronate sodium trihydrate,alendronate sodium|alendronic acid,2,chembl|llm_reviewed
alfentanil hydrochloride,alfentanil|alfentanil hydrochloride,2,chembl|llm_reviewed|manual
alimta,pemetrexed|pemetrexed disodium,2,chembl|epar|manual
aliqopa,copanlisib|copanlisib dihydrochloride|copanlisib hydrochloride,3,chembl|epar|manual
aliskiren hemifumarate,aliskiren|aliskiren fumarate,2,chembl|llm_reviewed|manual
alkeran,melphalan|melphalan hydrochloride,2,chembl|manual
allopregnanolone,allopregnanolone|brexanolone,2,chembl|llm_reviewed
almotriptan,almotriptan|almotriptan malate,2,chembl|llm_reviewed|manual
aln-ttrsc02,vutrisiran|vutrisiran sodium,2,chembl|manual
alpha tocopherol,tocopherol|vitamin e,2,chembl|llm_reviewed
alpha-tocopherol,tocopherol|vitamin e,2,chembl|llm_reviewed
alpharadin,radium ra 223 dichloride|radium-223 dichloride,2,chembl|llm_reviewed
alpheon,interferon alfa-2a|recombinant human interferon alfa-2a,2,chembl|epar|manual
altumomab,altumomab|indium in 111 altumomab pentetate,2,chembl|manual
alvocidib hydrochloride,alvocidib hydrochloride|lidocaine hydrochloride,2,chembl|llm_reviewed
amantadine hydrochloride,amantadine|amantadine hydrochloride,2,chembl|llm_reviewed|manual
amatuximab,amatuximab|isatuximab,2,chembl|llm_reviewed
ambirix,hepatitis a virus (inactivated)|hepatitis b surface antigen|hepatitis b virus hbsag surface protein antigen,2,chembl|epar|manual
ameile,aumolertinib|aumolertinib mesylate,2,chembl|manual
ameluz,5-aminolevulinic acid hydrochloride|aminolevulinic acid hydrochloride,2,chembl|epar|manual
amerol,aumolertinib|aumolertinib mesylate,2,chembl|manual
amg 706,motesanib|motesanib diphosphate,2,chembl|llm_reviewed|manual
amglidia,glibenclamide|glyburide,2,chembl|epar|manual
amibegron,amibegron|vibegron,2,chembl|llm_reviewed
amifostine,amifostine|mifepristone,2,chembl|llm_reviewed
amikacin sulphate,amikacin|amikacin sulfate,2,chembl|llm_reviewed|manual
amiloride hydrochloride,amiloride|amiloride hydrochloride,2,chembl|llm_reviewed|manual
amiodarone hydrochloride,amiodarone|amiodarone hydrochloride,2,chembl|llm_reviewed|manual
amisulpride,amisulpride|aramisulpride,2,chembl|llm_reviewed
amitriptyline hydrochloride,amitriptyline|amitriptyline hydrochloride,2,chembl|llm_reviewed|manual
amitriptylinoxide,amitriptyline|amitriptylinoxide,2,chembl|llm_reviewed
amlodipine besilate,amlodipine besilate|amlodipine besylate,2,chembl|llm_reviewed|manual
amlodipine besylate,amlodipine|amlodipine besylate,2,chembl|llm_reviewed|manual
ammonia,"ammonia|ammonia solution, strong",2,chembl|llm_reviewed|manual
amorolfine,amorolfine|vamorolone,2,chembl|llm_reviewed
ampicillin sodium,ampicillin|ampicillin sodium,2,chembl|llm_reviewed|manual
ampreloxetine,ampreloxetine|reboxetine,2,chembl|llm_reviewed
ampreloxetine hydrochloride,ampreloxetine hydrochloride|reboxetine,2,chembl|llm_reviewed
amrubicin,amrubicin|idarubicin,2,chembl|llm_reviewed
amt-101,am-211|vimekofusp,2,chembl|llm_reviewed
amyvid,florbetapir (18f)|florbetapir f 18,2,chembl|epar|manual
anagrelide hydrochloride monohydrate,anagrelide|anagrelide hydrochloride,2,chembl|llm_reviewed|manual
anamorelin,anamorelin|nafarelin,2,chembl|llm_reviewed
anatibant,anatibant|icatibant,2,chembl|llm_reviewed
anavex,blarcamesine|blarcamesine hydrochloride,2,chembl|manual
anetumab ravtansine,anetumab ravtansine|ganitumab,2,chembl|llm_reviewed
angiotensin ii,angiotensin ii|angiotensin ii acetate,2,chembl|llm_reviewed|manual
anitocabtagene autoleucel,anitocabtagene autoleucel|ciltacabtagene autoleucel,2,chembl|llm_reviewed
annamycin,annamycin|naxtarubicin,2,chembl|llm_reviewed
antepar,piperazine|piperazine citrate,2,chembl|manual
antithrombin iii,antithrombin iii|antithrombin iii human,2,chembl|llm_reviewed|manual
apatinib,apatinib|rivoceranib,2,chembl|llm_reviewed
apd791,temanogrel|temanogrel hydrochloride,2,chembl|manual
apx001,fosmanogepix|olorofim,2,chembl|llm_reviewed
aqneursa,l-acetylleucine|levacetylleucine,2,chembl|epar|manual
aqumeldi,enalapril (maleate)|enalapril maleate,2,chembl|epar|manual
ar-13324,netarsudil|netarsudil dimesylate,2,chembl|manual
arachidyl amido cholanoic acid,arachidyl amido cholanoic acid|icomidocholic acid,2,chembl|llm_reviewed
arbaclofen,arbaclofen|baclofen,2,chembl|llm_reviewed
arbutin,arbutin|rutin,2,chembl|llm_reviewed
arepanrix,"influenza a virus, split virion|split influenza virus, inactivated, containing antigen*: a|california|7|2009 (h1n1)v like strain (x-179a)*propagated in eggs.",2,chembl|epar|manual
arginine hydrochloride,arginine|arginine hydrochloride,2,chembl|llm_reviewed|manual
argipressin,argipressin tannate|vasopressin,2,chembl|llm_reviewed
ariclaim,duloxetine|duloxetine hydrochloride,2,chembl|epar|manual
arimoclomol citrate,arimoclomol|arimoclomol citrate,2,chembl|llm_reviewed|manual
aripiprazole lauroxil,aripiprazole|aripiprazole lauroxil,2,chembl|llm_reviewed|manual
aristocort,triamcinolone|triamcinolone acetonide|triamcinolone diacetate,3,chembl
armisarte (previously pemetrexed actavis),pemetrexed diacid monohydrate|pemetrexed monohydrate,2,chembl|epar|manual
articaine hydrochloride,articaine|articaine hydrochloride,2,chembl|llm_reviewed|manual
arundic acid,arundic acid|hyaluronic acid,2,chembl|llm_reviewed
arzoxifene,arzoxifene|raloxifene,2,chembl|llm_reviewed
asparaginase erwinia chrysanthemi (recombinant),asparaginase erwinia chrysanthemi|crisantaspase,2,chembl|manual
aspegic,acetylsalicylic acid|aspirin dl-lysine,2,chembl|llm_reviewed
astegolimab,astegolimab|atezolizumab,2,chembl|llm_reviewed
atazanavir krka,atazanavir (as sulfate)|atazanavir sulfate,2,chembl|epar|manual
atazanavir sulfate,atazanavir|atazanavir sulfate,2,chembl|llm_reviewed|manual
atazanavir sulphate,atazanavir|atazanavir sulfate,2,chembl|llm_reviewed|manual
atazanavir viatris (previously atazanavir mylan),atazanavir (as sulfate)|atazanavir sulfate,2,chembl|epar|manual
atb200,avalglucosidase alfa|cipaglucosidase alfa,2,chembl|llm_reviewed
atenativ,antithrombin iii|antithrombin iii human,2,chembl|llm_reviewed|manual
ati-5923,tecarfarin|tecarfarin sodium,2,chembl|manual
atomoxetine hydrochloride,atomoxetine|atomoxetine hydrochloride,2,chembl|llm_reviewed|manual
atosiban,atosiban|retosiban,2,chembl|llm_reviewed
atosiban sun,atosiban (as acetate)|atosiban acetate,2,chembl|epar|manual
atracurium,atracurium|gantacurium,2,chembl|llm_reviewed
atropine sulfate,atropine|atropine sulfate,2,chembl|llm_reviewed|manual
av-951,tivozanib|tivozanib hydrochloride,2,chembl|manual
avandamet,rosiglitazone|rosiglitazone|metformin hydrochloride,2,chembl|epar|manual
avandia,rosiglitazone|rosiglitazone maleate,2,chembl|epar|manual
avelox,moxifloxacin|moxifloxacin hydrochloride,2,chembl|llm_reviewed|manual
aventyl,nortriptyline|nortriptyline hydrochloride,2,chembl|manual
avibactam sodium,avibactam|avibactam sodium,2,chembl|llm_reviewed|manual
avonex,interferon beta|interferon beta-1a,2,chembl|epar|manual
axatilimab,axatilimab|daxdilimab,2,chembl|llm_reviewed
axumin,fluciclovine (18f)|fluciclovine f18,2,chembl|epar|manual
ay-5710,magaldrate|magaldrate anhydrous,2,chembl|manual
azd0171,azd-4017|falbikitug,2,chembl|llm_reviewed
azelastine hydrochloride,azelastine|azelastine hydrochloride,2,chembl|llm_reviewed|manual
azilect,rasagiline|rasagiline mesylate,2,chembl|epar|manual
azithromycin monohydrate,azithromycin|azithromycin monohydrate,2,chembl|llm_reviewed|manual
bactroban,mupirocin|mupirocin calcium,2,chembl|manual
balaxur,memantine hydrochloride|memantine hydrochloride|donepezil hydrochloride,2,chembl|epar|manual
barium sulfate,barium sulfate|sodium sulfate,2,chembl|llm_reviewed
barnidipine,barnidipine|manidipine,2,chembl|llm_reviewed
bavisant dihydrochloride monohydrate,bavisant dihydrochloride|givinostat hydrochloride monohydrate,2,chembl|llm_reviewed
bavituximab,bavituximab|ublituximab,2,chembl|llm_reviewed
bazedoxifene acetate,bazedoxifene|bazedoxifene acetate,2,chembl|llm_reviewed|manual
bbr 2778,pixantrone|pixantrone dimaleate,2,chembl|manual
bcx-1777,forodesine|forodesine hydrochloride,2,chembl|manual
beclometasone,beclomethasone|beclomethasone dipropionate,2,chembl|manual
beclomethasone,beclomethasone|beclomethasone dipropionate,2,chembl|llm_reviewed|manual
bedaquiline fumarate,bedaquiline|bedaquiline fumarate,2,chembl|llm_reviewed|manual
belapectin,belapectin|selamectin,2,chembl|llm_reviewed
belcesiran,belcesiran|elebsiran,2,chembl|llm_reviewed
bemiparin sodium,bemiparin|bemiparin sodium,2,chembl|llm_reviewed|manual
benefix,coagulation factor ix recombinant human|nonacog alfa,2,chembl|epar|manual
benzathine benzylpenicillin,benzathine benzylpenicillin|penicillin g benzathine,2,chembl|llm_reviewed
benzilpenicillina benzatinica,benzathine benzylpenicillin|penicillin g benzathine,2,chembl|llm_reviewed
benzydamine hydrochloride,benzydamine|benzydamine hydrochloride,2,chembl|llm_reviewed|manual
benzylpenicillin procaine,benzathine benzylpenicillin|penicillin g procaine,2,chembl|llm_reviewed
benzylpenicillin sodium,benzylpenicillin|penicillin g sodium,2,chembl|llm_reviewed
benzylpenicilline,benzylpenicillin|penicillin g,2,chembl|llm_reviewed
berinert,"c1-esterase inhibitor, human|human c1-esterase inhibitor",2,chembl|llm_reviewed
beroctocog alfa,beroctocog alfa|octocog alfa,2,chembl|llm_reviewed
berubicin hydrochloride,berubicin hydrochloride|epirubicin hydrochloride,2,chembl|llm_reviewed
berzosertib,beroterkib|berzosertib,2,chembl|llm_reviewed
besponsa,inotuzumab|inotuzumab ozogamicin,2,chembl|epar|manual
beta-galactosidase (aspergillus),lactase|tilactase,2,chembl|manual
betahistine dihydrochloride,betahistine|betahistine hydrochloride,2,chembl|llm_reviewed|manual
betamethasone acetate,betamethasone|betamethasone acetate,2,chembl|llm_reviewed|manual
betamethasone acibutate,betamethasone|betamethasone acibutate,2,chembl|llm_reviewed|manual
betamethasone sodium phosphate,betamethasone|betamethasone sodium phosphate,2,chembl|llm_reviewed|manual
betamethasoni valeras,betamethasone|betamethasone valerate,2,chembl|llm_reviewed|manual
betaxolol,betaxolol|bevantolol,2,chembl|llm_reviewed
bethanechol chloride,bethanechol chloride|ethanol,2,chembl|llm_reviewed
betoptic,betaxolol|betaxolol hydrochloride,2,chembl|manual
betrixaban,betrixaban|betrixaban maleate,2,chembl|llm_reviewed|manual
betrixaban maleate,betrixaban|betrixaban maleate,2,chembl|llm_reviewed|manual
bevantolol hydrochloride,bevantolol|bevantolol hydrochloride,2,chembl|llm_reviewed|manual
bia 2-093,eslicarbazepine|eslicarbazepine acetate,2,chembl|llm_reviewed|manual
bicillin,penicillin g benzathine|procaine benzylpenicillin,2,chembl|manual
bifonazole,bifonazole|miconazole,2,chembl|llm_reviewed
biib091,biib-015|biib-091,2,chembl|llm_reviewed
biib115,biib-015|salanersen,2,chembl|llm_reviewed
biktarvy,bictegravir|bictegravir|emtricitabine|tenofovir alafenamide|bictegravir|emtricitabine|tenofovir alafenamide|fumarate,3,epar|manual
bimervax,sars-cov-2 virus recombinant spike (s) protein receptor binding domain (rbd) fusion dimer produced by recombinant dna technology|selvacovatein,2,chembl|epar|manual
bindren,colestilan|colestilan chloride,2,chembl|epar|manual
binosto,alendronate sodium|alendronic acid,2,chembl|manual
biolimus,biolimus a9|umirolimus,2,chembl|llm_reviewed
bismuth subcitrate,bismuth subcitrate|bismuth subcitrate potassium,2,chembl|llm_reviewed|manual
bismuth subcitrate potassium,bismuth subcitrate|bismuth subcitrate potassium,2,chembl|llm_reviewed|manual
bisoprolol fumarate,bisoprolol|bisoprolol fumarate,2,chembl|llm_reviewed|manual
bisoprolol hemifumarate,bisoprolol|bisoprolol fumarate,2,chembl|llm_reviewed|manual
blarcamesine,acadesine|blarcamesine,2,chembl|llm_reviewed
blenoxane,bleomycin|bleomycin sulfate,2,chembl|manual
blocadren,timolol|timolol maleate,2,chembl|manual
bnt162b2,"covid-19 mrna vaccine, nucleoside-modified|tozinameran",2,chembl|llm_reviewed
bodyfolin,levomefolate calcium|levomefolic acid,2,chembl|manual
bondenza (previously ibandronic acid roche),ibandronate sodium|ibandronic acid,2,chembl|epar|manual
bondronat,ibandronate sodium|ibandronic acid,2,chembl|epar|manual
bonviva,ibandronate sodium|ibandronic acid,2,chembl|epar|manual
boric acid,boric acid|folic acid,2,chembl|llm_reviewed
bortezomib accord,bortezomib|bortezomib d-mannitol,2,chembl|epar|manual
bortezomib fresenius kabi,bortezomib|bortezomib d-mannitol,2,chembl|epar|manual
bortezomib hospira,bortezomib|bortezomib d-mannitol,2,chembl|epar|manual
bortezomib sun,bortezomib|bortezomib d-mannitol,2,chembl|epar|manual
bosulif,bosutinib|bosutinib (as monohydrate)|bosutinib monohydrate,3,chembl|epar|manual
botulinum toxin,botulinum toxin type a|onabotulinumtoxina,2,chembl|llm_reviewed
brazikumab,brazikumab|briakinumab,2,chembl|llm_reviewed
brepocitinib,abrocitinib|brepocitinib,2,chembl|llm_reviewed
bri 7013,astodrimer|astodrimer sodium,2,chembl|manual
bri-7013,astodrimer|astodrimer sodium,2,chembl|manual
bri7013,astodrimer|astodrimer sodium,2,chembl|manual
bridion,sugammadex|sugammadex sodium,2,chembl|epar|manual
brintellix,vortioxetine|vortioxetine hydrobromide,2,chembl|epar|manual
bromelain,bromelain|bromelains,2,chembl|llm_reviewed|manual
bromocriptine mesilate,bromocriptine|bromocriptine mesylate,2,chembl|llm_reviewed|manual
bromperidol,bromperidol|droperidol,2,chembl|llm_reviewed
bromuro de tiotropio,tiotropium|tiotropium bromide,2,chembl|llm_reviewed|manual
buccolam,midazolam|midazolam hydrochloride,2,chembl|epar|manual
bucelipase alfa,bucelipase alfa|cerliponase alfa,2,chembl|llm_reviewed
bucindolol hydrochloride,bucindolol|bucindolol hydrochloride,2,chembl|llm_reviewed|manual
bulevirtide,bulevirtide|bulevirtide acetate,2,chembl|llm_reviewed|manual
bupivacaine hydrochloride,bupivacaine|bupivacaine hydrochloride,2,chembl|llm_reviewed|manual
buserelin acetate,buserelin|buserelin acetate,2,chembl|llm_reviewed|manual
buspirone hydrochloride,buspirone hydrochloride|erlotinib hydrochloride,2,chembl|llm_reviewed
byfavo,remimazolam besilate|remimazolam besylate,2,chembl|epar|manual
bylvay,odevixibat|odevixibat sesquihydrate,2,chembl|epar|manual
cabometyx,cabozantinib|cabozantinib (s)-malate|cabozantinib s-malate,3,chembl|epar|manual
cabotegravir sodium,cabotegravir|cabotegravir sodium,2,chembl|llm_reviewed|manual
caelyx,doxorubicin|doxorubicin hydrochloride,2,chembl|manual
cafedrine,cafedrine|caffeine,2,chembl|llm_reviewed
calcium,calcium|caplacizumab,2,chembl|llm_reviewed
calcium acetate,calcium acetate|caplacizumab,2,chembl|llm_reviewed
calcium acetate anhydrous,calcium acetate|caplacizumab,2,chembl|llm_reviewed
calcium folinate pentahydrate,calcium folinate|leucovorin calcium,2,chembl|llm_reviewed
calcium gluceptate,calcium gluceptate|calcium gluconate,2,chembl|llm_reviewed
calcium levofolinate pentahydrate,levoleucovorin|levoleucovorin calcium,2,chembl|llm_reviewed|manual
calquence,acalabrutinib|acalabrutinib maleate|acalabrutinib|acalabrutinib maleate,3,chembl|epar|manual
camcevi,leuprolide mesylate|leuprorelin mesilate,2,chembl|epar|manual
camostat mesilate,camostat|camostat mesilate,2,chembl|llm_reviewed|manual
camostat mesylate,camostat|camostat mesilate,2,chembl|llm_reviewed|manual
camptosar,irinotecan|irinotecan hydrochloride,2,chembl|manual
camrelizumab,camrelizumab|ocrelizumab,2,chembl|llm_reviewed
cancidas (previously caspofungin msd),caspofungin (as acetate)|caspofungin acetate,2,chembl|epar|manual
canfosfamide hcl,canfosfamide|canfosfamide hydrochloride,2,chembl|llm_reviewed|manual
cangrelor tetrasodium,cangrelor|cangrelor tetrasodium,2,chembl|llm_reviewed|manual
cannabinol,cannabidiol|cannabinol,2,chembl|llm_reviewed
canrenone,balcinrenone|canrenone,2,chembl|llm_reviewed
capadenoson,apadenoson|capadenoson,2,chembl|llm_reviewed
capozide,captopril|hydrochlorothiazide|co-zidocapt,2,chembl|llm_reviewed
capromab pendetide,capromab pendetide|indium in 111 capromab pendetide,2,chembl|manual
capsicum oleoresin,capsicum|capsicum oleoresin,2,chembl|llm_reviewed|manual
carbasalate calcium,carbasalate calcium|carbaspirin calcium,2,chembl|llm_reviewed
carbetocin,carbetocin|carbocysteine,2,chembl|llm_reviewed
cariprazine hcl,cariprazine|cariprazine hydrochloride,2,chembl|llm_reviewed|manual
cariprazine hydrochloride,cariprazine|cariprazine hydrochloride,2,chembl|llm_reviewed|manual
carmellose sodium,carboxymethylcellulose sodium|carmellose sodium,2,chembl|llm_reviewed
carotuximab,carotuximab|rituximab,2,chembl|llm_reviewed
carphenazine,carphenazine|carphenazine maleate,2,chembl|manual
carteolol,atenolol|carteolol,2,chembl|llm_reviewed
carteolol hydrochloride,carteolol hydrochloride|solriamfetol hydrochloride,2,chembl|llm_reviewed
caspofungin diacetate,caspofungin|caspofungin acetate,2,chembl|llm_reviewed|manual
cathine,cathine|creatine,2,chembl|llm_reviewed
cb-01-11,rifamycin|rifamycin sodium,2,chembl|manual
cc-220,iberdomide|iberdomide hydrochloride,2,chembl|manual
cea-scan,arcitumomab|technetium tc 99m arcitumomab,2,chembl|epar|manual
cefalexin,cefalexin|cephalexin|cephalexin anhydrous,3,chembl|llm_reviewed
cefazolin sodium,cefazolin|cefazolin sodium,2,chembl|llm_reviewed|manual
cefepime dihydrochloride monohydrate,cefepime|cefepime hydrochloride,2,chembl|llm_reviewed|manual
cefepime hydrochloride,cefepime|cefepime hydrochloride,2,chembl|llm_reviewed|manual
ceflatonin,melatonin|omacetaxine mepesuccinate,2,chembl|llm_reviewed
cefotaxime sodium,cefotaxime|cefotaxime sodium,2,chembl|llm_reviewed|manual
ceftaroline,ceftaroline|ceftriaxone,2,chembl|llm_reviewed
ceftobiprole,ceftobiprole|ceftobiprole medocaril,2,chembl|llm_reviewed|manual
ceftobiprole medocaril,ceftobiprole medocaril|ceftobiprole medocaril free acid|ceftobiprole medocaril sodium,3,chembl|llm_reviewed
ceftobiprole medocaril sodium,ceftobiprole medocaril|ceftobiprole medocaril sodium,2,chembl|llm_reviewed|manual
ceftriaxone sodium,ceftriaxone|ceftriaxone sodium,2,chembl|llm_reviewed|manual
cefuroxime,cefuroxime|cefuroxime sodium,2,chembl|llm_reviewed|manual
cefuroxime sodium,cefuroxime|cefuroxime sodium,2,chembl|llm_reviewed|manual
celestone,betamethasone|betamethasone sodium phosphate,2,chembl|llm_reviewed|manual
celsunax,ioflupane (123i)|ioflupane i 123,2,chembl|epar|manual
celvapan,"influenza a virus, inactivated whole virion|whole virion influenza vaccine, inactivated containing antigen of strain a|california|07|2009 (h1n1)v",2,chembl|epar|manual
cend-1,certepetide|irgd,2,chembl
ceprotin,human protein c|protein c concentrate (human),2,chembl|epar|manual
cerdelga,eliglustat (tartrate)|eliglustat tartrate,2,chembl|epar|manual
certifect,amitraz|fipronil|amitraz|(s)-methoprene,2,chembl|epar|manual
certoparin sodium,certoparin sodium|enoxaparin sodium,2,chembl|llm_reviewed
cerubidine,daunorubicin|daunorubicin hydrochloride,2,chembl|manual
cervarix,"human papillomavirus, l1 protein virus like particles|human papillomavirus1 type 16 l1 protein|human papillomavirus type 18 l1 protein",2,chembl|epar|manual
cesnicabtagene autoleucel,cesnicabtagene autoleucel|obecabtagene autoleucel,2,chembl|llm_reviewed
cethromycin,cethromycin|telithromycin,2,chembl|llm_reviewed
cetirizine dihydrochloride,cetirizine|cetirizine hydrochloride,2,chembl|llm_reviewed|manual
cetraxal,ciprofloxacin|ciprofloxacin hydrochloride,2,chembl|manual
cetrorelix,cetrorelix|cetrorelix acetate,2,chembl|llm_reviewed|manual
cetrorelix acetate,cetrorelix|cetrorelix acetate,2,chembl|llm_reviewed|manual
cetrotide,cetrorelix|cetrorelix (as acetate)|cetrorelix acetate,3,chembl|epar
cetylpyridinium chloride,cetylpyridinium|cetylpyridinium chloride,2,chembl|llm_reviewed|manual
cg-315e,tramadol|tramadol hydrochloride,2,chembl|manual
cg250,cg250 111in|cg250 177lu|girentuximab,3,chembl
champix,varenicline|varenicline tartrate,2,chembl|epar|manual
chenodeoxycholic acid,chenodeoxycholic acid|chenodiol,2,chembl|llm_reviewed
chir-258,dovitinib|dovitinib lactate,2,chembl|manual
chlorhexidine digluconate,chlorhexidine|chlorhexidine gluconate,2,chembl|llm_reviewed|manual
chlorhexidine gluconate,chlorhexidine|chlorhexidine gluconate,2,chembl|llm_reviewed|manual
chloromycetin,chloramphenicol|chloramphenicol sodium succinate,2,chembl|manual
chloroprocaine hydrochloride,chloroprocaine|chloroprocaine hydrochloride,2,chembl|llm_reviewed|manual
chlorphenamine maleate,chlorpheniramine|chlorpheniramine maleate,2,chembl|llm_reviewed|manual
cholestagel,colesevelam (as hydrochloride)|colesevelam hydrochloride,2,chembl|epar|manual
chondroitin sulfate,chondroitin sulfate|chondroitin sulfate sodium,2,chembl|llm_reviewed|manual
chondroitin sulfate sodium,chondroitin sulfate|chondroitin sulfate sodium,2,chembl|llm_reviewed|manual
choriogonadotropin beta,"choriogonadotropin alfa|gonadotropin, chorionic",2,chembl|llm_reviewed
chorionic gonadotrophin,"chorionic gonadotropin|gonadotropin, chorionic",2,chembl|llm_reviewed
chorionic gonadotropin,"chorionic gonadotropin|gonadotropin, chorionic",2,chembl|llm_reviewed
ciclofosfamida,cyclophosphamide|cyclophosphamide anhydrous,2,chembl|llm_reviewed|manual
ciclopirox olamine,ciclopirox|ciclopirox olamine,2,chembl|llm_reviewed|manual
cilastatin sodium,cilastatin|cilastatin sodium,2,chembl|llm_reviewed|manual
cinrebafusp alfa,bintrafusp alfa|cinrebafusp alfa,2,chembl|llm_reviewed
cinryze,c1 inhibitor (human)|human c1-esterase inhibitor,2,chembl|epar|manual
cipro,ciprofloxacin|ciprofloxacin hydrochloride,2,chembl|manual
ciprofloxacin hydrochloride,ciprofloxacin|ciprofloxacin hydrochloride,2,chembl|llm_reviewed|manual
ciprofloxacin hydrochloride monohydrate,ciprofloxacin|ciprofloxacin hydrochloride,2,chembl|llm_reviewed|manual
ciproxin,ciprofloxacin|ciprofloxacin hydrochloride,2,chembl|llm_reviewed|manual
cisatracurium besilate,cisatracurium|cisatracurium besylate,2,chembl|llm_reviewed|manual
citalopram hbr,citalopram|citalopram hydrobromide,2,chembl|llm_reviewed|manual
citalopram hydrobromide,citalopram|citalopram hydrobromide,2,chembl|llm_reviewed|manual
citicoline,citicoline|citicoline sodium,2,chembl|llm_reviewed|manual
"cl 297,939",bisoprolol|bisoprolol fumarate,2,chembl|manual
clazakizumab,canakinumab|clazakizumab,2,chembl|llm_reviewed
clemastine hydrogen fumarate,clemastine|clemastine fumarate,2,chembl|llm_reviewed|manual
clenbuterol hydrochloride,clenbuterol|clenbuterol hydrochloride,2,chembl|llm_reviewed|manual
cleocin,clindamycin hydrochloride|clindamycin palmitate hydrochloride|clindamycin phosphate,3,chembl
clindamycin hydrochloride,clindamycin|clindamycin hydrochloride,2,chembl|llm_reviewed|manual
clindamycin palmitate hydrochloride,clindamycin|clindamycin palmitate hydrochloride,2,chembl|llm_reviewed|manual
clindamycin phosphate,clindamycin|clindamycin phosphate,2,chembl|llm_reviewed|manual
clobazam,clobazam|clonazepam,2,chembl|llm_reviewed
clobetasol,clobetasol|clobetasol propionate,2,chembl|llm_reviewed|manual
clomicalm,clomipramine|clomipramine hydrochloride,2,chembl|epar|manual
clomifene citrate,clomiphene|clomiphene citrate,2,chembl|llm_reviewed|manual
clonidine hcl,clonidine|clonidine hydrochloride,2,chembl|llm_reviewed|manual
clonidine hydrochloride,clonidine|clonidine hydrochloride,2,chembl|llm_reviewed|manual
clopidogrel 1a pharma,clopidogrel|clopidogrel besilate,2,chembl|epar|manual
clopidogrel acino,clopidogrel|clopidogrel besilate,2,chembl|epar|manual
clopidogrel acino pharma,clopidogrel|clopidogrel besilate,2,chembl|epar|manual
clopidogrel acino pharma gmbh,clopidogrel|clopidogrel besilate,2,chembl|epar|manual
clopidogrel bgr (previously zylagren),clopidogrel (as hydrogen sulfate)|clopidogrel bisulfate,2,chembl|epar|manual
clopidogrel bms,clopidogrel (as hydrogen sulfate)|clopidogrel bisulfate,2,chembl|epar|manual
clopidogrel dura,clopidogrel (as hydrochloride)|clopidogrel hydrochloride,2,chembl|epar|manual
clopidogrel hcs,clopidogrel (as hydrochloride)|clopidogrel hydrochloride,2,chembl|epar|manual
clopidogrel hexal,clopidogrel|clopidogrel besilate,2,chembl|epar|manual
clopidogrel krka,clopidogrel (as hydrochloride)|clopidogrel hydrochloride,2,chembl|epar|manual
clopidogrel krka d.d. (previously zopya),clopidogrel (as hydrochloride)|clopidogrel hydrochloride,2,chembl|epar|manual
clopidogrel qualimed,clopidogrel (as hydrochloride)|clopidogrel hydrochloride,2,chembl|epar|manual
clopidogrel ratiopharm,clopidogrel|clopidogrel (as hydrogen sulfate)|clopidogrel bisulfate,3,chembl|epar
clopidogrel ratiopharm gmbh,clopidogrel|clopidogrel besilate,2,chembl|epar|manual
clopidogrel sandoz,clopidogrel|clopidogrel besilate,2,chembl|epar|manual
clopidogrel tad,clopidogrel (as hydrochloride)|clopidogrel hydrochloride,2,chembl|epar|manual
clopidogrel teva (hydrogen sulphate),clopidogrel (as hydrogen sulfate)|clopidogrel bisulfate,2,chembl|epar|manual
clopidogrel teva generics b.v.,clopidogrel (as hydrochloride)|clopidogrel hydrochloride,2,chembl|epar|manual
clopidogrel teva pharma,clopidogrel|clopidogrel hydrochloride,2,chembl|epar|manual
clopidogrel teva pharma (previously clopidogrel hcs),clopidogrel (as hydrochloride)|clopidogrel hydrochloride,2,chembl|epar|manual
clopidogrel teva pharma b.v.,clopidogrel (as hydrobromide)|clopidogrel hydrobromide,2,chembl|epar|manual
clopidogrel zentiva (previously clopidogrel winthrop),clopidogrel|clopidogrel bisulfate,2,chembl|epar|manual
clorazepate dipotassique,clorazepate|clorazepate dipotassium,2,chembl|llm_reviewed|manual
cloretazine,creatine|laromustine,2,chembl|llm_reviewed
clotiazepam,clonazepam|clotiazepam,2,chembl|llm_reviewed
cloxacillin sodium,cloxacillin|cloxacillin sodium,2,chembl|llm_reviewed|manual
coagadex,coagulation factor x human|human coagulation factor x,2,chembl|epar|manual
cobalamin,cobalamin|mecobalamin,2,chembl|llm_reviewed
cobitolimod,cobitolimod|cobitolimod sodium,2,chembl|llm_reviewed|manual
cocaine hcl,cocaine|cocaine hydrochloride,2,chembl|llm_reviewed|manual
codeine phosphate,codeine|codeine phosphate,2,chembl|llm_reviewed|manual
codeine phosphate hemihydrate,codeine|codeine phosphate,2,chembl|llm_reviewed|manual
colesevelam hcl,colesevelam|colesevelam hydrochloride,2,chembl|llm_reviewed|manual
colesevelam hydrochloride,colesevelam|colesevelam hydrochloride,2,chembl|llm_reviewed|manual
colimicina,colistimethate sodium|colistin,2,chembl|llm_reviewed
colistin sulfate,colistin|colistin sulfate,2,chembl|llm_reviewed|manual
colistin sulphate,colistin|colistin sulfate,2,chembl|llm_reviewed|manual
cometriq,cabozantinib|cabozantinib s-malate,2,chembl|epar|manual
comirnaty,"single-stranded, 5'-capped messenger rna produced using a cell-free in vitro transcription from the corresponding dna templates, encoding the viral spike (s) protein of sars-cov-2|tozinameran",2,chembl|epar|manual
compazine,prochlorperazine|prochlorperazine edisylate|prochlorperazine maleate,3,chembl
compleheal,centella asiatica extract|plectranthus amboinicus extract,2,chembl
conbriza,bazedoxifene|bazedoxifene acetate,2,chembl|epar|manual
controloc control,pantoprazole|pantoprazole sodium,2,chembl|epar|manual
convenia,cefovecin|cefovecin (as sodium salt),2,chembl|epar|manual
copiktra,duvelisib|duvelisib monohydrate,2,chembl|epar|manual
copper (64cu) chloride,copper (64cu) chloride|cupric chloride cu-64,2,chembl|llm_reviewed
cortef,hydrocortisone|hydrocortisone cypionate,2,chembl|manual
cortisone,cortisone|cortisone acetate,2,chembl|manual
cortisone acetate,cortisone|cortisone acetate,2,chembl|llm_reviewed|manual
cortivazol,clotrimazole|cortivazol,2,chembl|llm_reviewed
cortril,hydrocortisone|hydrocortisone acetate,2,chembl|manual
cotara,iodine i 131 derlotuximab biotin|tnt-1b,2,chembl
cotellic,cobimetinib fumarate|cobimetinib hemifumarate,2,chembl|epar|manual
covid-19 mrna vaccine,"covid-19 mrna vaccine, nucleoside-modified|covid-19 sa-mrna vaccine",2,llm_reviewed
"covid-19 vaccine (inactivated, adjuvanted) valneva","covid-19 vaccine (inactivated, adjuvanted, adsorbed)|sars-cov-2 virus, inactivated",2,chembl|epar|manual
cpg-1018,1018 iss|pg-110,2,chembl|llm_reviewed
crenezumab,crenezumab|erenumab,2,chembl|llm_reviewed
crenolanib besylate,crenolanib|crenolanib besylate,2,chembl|llm_reviewed|manual
cresemba,isavuconazole|isavuconazonium sulfate,2,chembl|epar|manual
crixivan,indinavir sulfate|indinavir sulfate ethanolate,2,chembl|epar|manual
cromoglicate sodium,cromoglicate sodium|cromolyn sodium,2,chembl|llm_reviewed
cromoglicic acid,cromoglicate sodium|cromolyn,2,chembl|llm_reviewed
cromoglycate,cromoglicate sodium|cromolyn,2,chembl|llm_reviewed
cufence,trientine dihydrochloride|trientine hydrochloride,2,chembl|epar|manual
cuprymina,copper (64cu) chloride|cupric chloride cu-64,2,chembl|epar|manual
custirsen sodium,custirsen sodium|nusinersen sodium,2,chembl|llm_reviewed
cymbalta,duloxetine|duloxetine hydrochloride,2,chembl|epar|manual
cystadane,betaine|betaine anhydrous,2,chembl|epar|manual
cystadrops,cysteamine hydrochloride|mercaptamine hydrochloride,2,chembl|epar|manual
cystagon,cysteamine|cysteamine bitartrate|mercaptamine bitartrate,3,chembl|epar
cysteamine bitartrate,cysteamine|cysteamine bitartrate,2,chembl|llm_reviewed|manual
cysteamine hydrochloride,cysteamine|cysteamine hydrochloride,2,chembl|llm_reviewed|manual
cyt387,momelotinib|momelotinib dihydrochloride,2,chembl|manual
cytisine,cytisine|cytisinicline,2,chembl|llm_reviewed
cytovene,ganciclovir|ganciclovir sodium,2,chembl|manual
d-600,gallopamil|methoxyverapamil,2,chembl|manual
dabigatran etexilate accord,dabigatran etexilate mesilate|dabigatran etexilate mesylate,2,chembl|epar|manual
dabrafenib mesylate,dabrafenib|dabrafenib mesylate,2,chembl|llm_reviewed|manual
daclatasvir dihydrochloride,daclatasvir|daclatasvir dihydrochloride,2,chembl|llm_reviewed|manual
dalnacogen ponparvovec,comsaleucel|dalnacogene ponparvovec,2,chembl|manual
dalotuzumab,dalotuzumab|elotuzumab,2,chembl|llm_reviewed
dantrolen,dantrolene|dantrolene sodium,2,chembl|llm_reviewed|manual
dapirolizumab pegol,dapirolizumab pegol|vobarilizumab,2,chembl|llm_reviewed
dapoxetine,dapoxetine|paroxetine,2,chembl|llm_reviewed
daquiran,pramipexole dihydrochloride|pramipexole dihydrochloride monohydrate,2,chembl|epar|manual
daridorexant,adriforant|daridorexant,2,chembl|llm_reviewed
daronrix,"influenza a virus, inactivated whole virion|whole virion, inactivated, containing antigen*: a|vietnam|1194|2004 (h5n1)* produced in eggs",2,chembl|epar|manual
darunavir ethanolate,darunavir|darunavir ethanolate,2,chembl|llm_reviewed|manual
dasabuvir sodium monohydrate,dasabuvir|dasabuvir sodium monohydrate,2,chembl|llm_reviewed|manual
dasatinib accord,dasatinib|dasatinib anhydrous,2,chembl|epar|manual
dasatinib accord healthcare,dasatinib|dasatinib monohydrate,2,chembl|epar|manual
dasatinib accordpharma,dasatinib|dasatinib anhydrous,2,chembl|epar|manual
datscan,ioflupane (123l)|ioflupane i 123,2,chembl|epar|manual
daunoxome,daunorubicin|daunorubicin citrate|daunorubicin liposomal,3,chembl|llm_reviewed
daurismo,glasdegib|glasdegib maleate,2,chembl|epar|manual
dcfpyl,piflufolastat|piflufolastat f-18,2,chembl|llm_reviewed|manual
decadron,dexamethasone|dexamethasone sodium phosphate,2,chembl|manual
dectancyl,dexamethasone|dexamethasone acetate,2,chembl|llm_reviewed|manual
dectova,zanamivir|zanamivir hydrate,2,chembl|epar|manual
defactinib,alectinib|defactinib,2,chembl|llm_reviewed
deferoxamine mesilate,deferoxamine|deferoxamine mesylate,2,chembl|llm_reviewed|manual
defitelio,defibrotide|defibrotide sodium,2,chembl|epar|manual
degarelix acetate,degarelix|degarelix acetate,2,chembl|llm_reviewed|manual
dehydrated alcohol,alcohol|ethanol,2,chembl|llm_reviewed
delafloxacin meglumine,delafloxacin|delafloxacin meglumine,2,chembl|llm_reviewed|manual
delsym,dextromethorphan|dextromethorphan hydrobromide|dextromethorphan polistirex,3,chembl|manual
demcizumab,demcizumab|emicizumab,2,chembl|llm_reviewed
denagliptin,denagliptin|linagliptin,2,chembl|llm_reviewed
dengvaxia,"chimeric yellow fever dengue virus serotype 1 (live, attenuated)|chimeric yellow fever dengue virus serotype 2 (live, attenuated)|chimeric yellow fever dengue virus serotype 3 (live, attenuated)|chimeric yellow fever dengue virus serotype 4 (live, attenuated)|chimeric yellow fever dengue virus, live attenuated",2,chembl|epar|manual
depakote,divalproex sodium|valproic acid,2,chembl|manual
desferrioxamine mesilate,deferoxamine|deferoxamine mesylate,2,chembl|llm_reviewed|manual
desmopressin acetate,desmopressin|desmopressin acetate,2,chembl|llm_reviewed|manual
desmopressin acetate trihydrate,desmopressin|desmopressin acetate,2,chembl|llm_reviewed|manual
destara,ibandronate sodium|ibandronic acid,2,chembl|epar|manual
desvenlafaxine succinate,desvenlafaxine|desvenlafaxine succinate,2,chembl|llm_reviewed|manual
deuruxolitinib phosphate,deuruxolitinib|deuruxolitinib phosphate,2,chembl|llm_reviewed|manual
dexamfetamine,dexamfetamine|dextroamphetamine,2,chembl|llm_reviewed
dexamfetamine sulfate,dexamfetamine|dextroamphetamine sulfate,2,chembl|llm_reviewed
dexamphetamine sulfate,dexamfetamine|dextroamphetamine sulfate,2,chembl|llm_reviewed
dexlansoprazole,dexlansoprazole|lansoprazole,2,chembl|llm_reviewed
dextran,dextran|dextran 1,2,chembl|llm_reviewed|manual
dextran 40,dextran|dextran 40,2,chembl|manual
dextropropoxyphene,propoxyphene|propoxyphene hydrochloride,2,chembl|manual
diamox,acetazolamide|acetazolamide sodium,2,chembl|manual
diatrizoate sodium,diatrizoate sodium|sodium diatrizoate,2,chembl|llm_reviewed
dichlorphenamide,dichlorphenamide|diclofenamide,2,chembl|llm_reviewed
diclofenac diethylamine,diclofenac|diclofenac sodium,2,chembl|llm_reviewed|manual
diclofenac diethylammonium,diclofenac|diclofenac sodium,2,chembl|llm_reviewed|manual
diclofenac epolamine,diclofenac|diclofenac epolamine,2,chembl|llm_reviewed|manual
diclofenac epolaminum,diclofenac|diclofenac epolamine,2,chembl|llm_reviewed|manual
diclofenac potassium,diclofenac|diclofenac potassium,2,chembl|llm_reviewed|manual
diclofenac-sodium,diclofenac|diclofenac sodium,2,llm_reviewed|manual
digitoxin,digitoxin|digoxin,2,chembl|llm_reviewed
dilantin,phenytoin|phenytoin sodium,2,chembl|manual
diltiazem hydrochloride,diltiazem hydrochloride|lidocaine hydrochloride,2,chembl|llm_reviewed
dimesna,"2,2'-dithiodiethanesulfonic acid|dimesna",2,chembl|manual
dimethisterone,dimethisterone|dimethisterone anhydrous,2,chembl|manual
dimetindene maleate,dimethindene|dimethindene maleate,2,chembl|llm_reviewed|manual
dipalmitoylphosphatidylcholine,colfosceril palmitate|dipalmitoylphosphatidylcholine,2,chembl|llm_reviewed
diphenhydramine hydrochloride,diphenhydramine|diphenhydramine hydrochloride,2,chembl|llm_reviewed|manual
diractin,ketoprofen|ketoprofen sodium,2,chembl|epar|manual
diroximel fumarate,diroximel fumarate|diroximel fumarate (biib098),2,chembl|llm_reviewed|manual
disodium folinate,folinic acid|leucovorin sodium,2,chembl|llm_reviewed
disodium pamidronate,pamidronate disodium|pamidronic acid,2,chembl|llm_reviewed
disopyramide,disopyramide|iopromide,2,chembl|llm_reviewed
dithranol,anthralin|dithranol,2,chembl|llm_reviewed
diuril,chlorothiazide|chlorothiazide sodium,2,chembl|manual
dl-d-600,gallopamil|methoxyverapamil,2,chembl|manual
dm199,recombinant human kallikrein-1|rinvecalinase alfa,2,chembl|manual
dobutamine hydrochloride,dobutamine|dobutamine hydrochloride,2,chembl|llm_reviewed|manual
docefrez,docetaxel|docetaxel anhydrous,2,chembl|epar|manual
docetaxel kabi,docetaxel|docetaxel anhydrous,2,chembl|epar|manual
docetaxel mylan,docetaxel|docetaxel anhydrous,2,chembl|epar|manual
docetaxel teva pharma,docetaxel|docetaxel anhydrous,2,chembl|epar|manual
docosapentaenoic acid,docosahexaenoic acid|docosapentaenoic acid,2,chembl|llm_reviewed
docusate sodium,docusate|docusate sodium,2,chembl|llm_reviewed|manual
doliprane,acetaminophen|paracetamol,2,chembl|llm_reviewed
dolutegravir sodium,dolutegravir|dolutegravir sodium,2,chembl|llm_reviewed|manual
domatinostat,domatinostat|somatostatin,2,chembl|llm_reviewed
domiphen bromide,clomiphene|domiphen bromide,2,chembl|llm_reviewed
donepezil hydrochloride,donepezil|donepezil hydrochloride,2,chembl|llm_reviewed|manual
dopamine hcl,dopamine|dopamine hydrochloride,2,chembl|llm_reviewed|manual
dopamine hydrochloride,dopamine|dopamine hydrochloride,2,chembl|llm_reviewed|manual
dopexamine,deferoxamine|dopexamine,2,chembl|llm_reviewed
doptelet,avatrombopag|avatrombopag maleate,2,chembl|epar|manual
doribax,doripenem|doripenem monohydrate,2,chembl|epar|manual
doripenem monohydrate,doripenem|doripenem monohydrate,2,chembl|llm_reviewed|manual
dorzolamide hydrochloride,dorzolamide|dorzolamide hydrochloride,2,chembl|llm_reviewed|manual
"dov 216,419",centanafadine|centanafadine hydrochloride,2,chembl|manual
dov 21947,amitifadine|amitifadine hydrochloride,2,chembl|manual
dovato,dolutegravir sodium|dolutegravir sodium|lamivudine,2,chembl|epar|manual
doxazosin mesilate,doxazosin|doxazosin mesylate,2,chembl|llm_reviewed|manual
doxercalciferol,doxercalciferol|ergocalciferol,2,chembl|llm_reviewed
doxil,doxorubicin|doxorubicin hydrochloride,2,chembl|manual
doxorubicini hydrochloridum,doxorubicin|doxorubicin hydrochloride,2,chembl|llm_reviewed|manual
doxycycline hyclate,doxycycline|doxycycline hyclate,2,chembl|llm_reviewed|manual
dronedarone hydrochloride,dronedarone|dronedarone hydrochloride,2,chembl|llm_reviewed|manual
drotrecogin alfa activated,drotrecogin alfa|drotrecogin alfa (activated),2,chembl|llm_reviewed|manual
dtpa,pentetic acid|technetium tc 99m pentetate,2,chembl|manual
duavive,bazedoxifene acetate|oestrogens conjugated|bazedoxifene,2,chembl|epar|manual
duloxetine boehringer ingelheim,duloxetine|duloxetine hydrochloride,2,chembl|epar|manual
duloxetine lilly,duloxetine|duloxetine hydrochloride,2,chembl|epar|manual
duloxetine zentiva,duloxetine|duloxetine hydrochloride,2,chembl|epar|manual
duoresp spiromax,budesonide|budesonide|formoterol fumarate dihydrate,2,chembl|epar|manual
durapatite,"calcium phosphate, tribasic|durapatite",2,chembl|manual
durlobactam,durlobactam|sulbactam,2,chembl|llm_reviewed
dutogliptin tartrate,dutogliptin|dutogliptin tartrate,2,chembl|llm_reviewed|manual
duvoglustat hydrochloride,duvoglustat hydrochloride|paltusotine hydrochloride,2,chembl|llm_reviewed
duvyzat,givinostat hydrochloride|givinostat hydrochloride monohydrate,2,chembl|epar|manual
dydrogesterone,dydrogesterone|progesterone,2,chembl|llm_reviewed
e-3810,lucitanib|rabeprazole sodium,2,chembl|manual
e-z scrub,chlorhexidine gluconate|hexachlorophene,2,chembl
e5555,atopaxar|atopaxar hydrobromide,2,chembl|manual
eb-1020,centanafadine|centanafadine hydrochloride,2,chembl|manual
ebilfumin,oseltamivir|oseltamivir phosphate,2,chembl|epar|manual
echinacea purpurea,"echinacea purpurea|echinacea, unspecified",2,llm_reviewed
echogen,dodecafluoropentane|perflenapent,2,chembl|epar|manual
econazole nitrate,econazole|econazole nitrate,2,chembl|llm_reviewed|manual
ecopipam hcl,ecopipam|ecopipam hydrochloride,2,chembl|llm_reviewed|manual
edarbi,azilsartan kamedoxomil|azilsartan medoxomil,2,chembl|epar|manual
edecrin,ethacrynate sodium|ethacrynic acid,2,chembl|manual
edistride,dapagliflozin propanediol|dapagliflozin propanediol monohydrate,2,chembl|epar|manual
edurant,rilpivirine|rilpivirine hydrochloride,2,chembl|epar|manual
effentora,fentanyl|fentanyl citrate,2,chembl|epar|manual
efient,prasugrel|prasugrel hydrochloride,2,chembl|epar|manual
eflornithine hydrochloride,eflornithine|eflornithine hydrochloride,2,chembl|llm_reviewed|manual
eicosapentaenoic acid,eicosapentaenoic acid|icosapent,2,chembl|llm_reviewed
eicosapentaenoic acid ethyl ester,eicosapentaenoic acid|icosapent ethyl,2,chembl|llm_reviewed
elagolix sodium,elagolix|elagolix sodium,2,chembl|llm_reviewed|manual
eldisine,felodipine|vindesine sulfate,2,chembl|llm_reviewed
eliapixant,camlipixant|eliapixant,2,chembl|llm_reviewed
eligard,leuprolide acetate|leuprorelin,2,chembl|manual
ellaone,ulipristal|ulipristal acetate,2,chembl|epar|manual
ellence,epirubicin|epirubicin hydrochloride,2,chembl|manual
elsiglutide,elsiglutide|liraglutide,2,chembl|llm_reviewed
elsubrutinib,elsubrutinib|surufatinib,2,chembl|llm_reviewed
eltanexor,eltanexor|selinexor,2,chembl|llm_reviewed
elvorine,levoleucovorin|levoleucovorin calcium,2,chembl|llm_reviewed|manual
elvucitabine,decitabine|elvucitabine,2,chembl|llm_reviewed
emactuzumab,alemtuzumab|emactuzumab,2,chembl|llm_reviewed
emd 1195686,safinamide|safinamide mesylate,2,chembl|manual
emend,aprepitant|fosaprepitant dimeglumine,2,chembl|epar|manual
emixustat hydrochloride,emixustat|emixustat hydrochloride,2,chembl|llm_reviewed|manual
enalapril maleate,enalapril (maleate)|enalapril maleate,2,chembl|llm_reviewed|manual
endolucinbeta,lutetium (177lu) chloride|lutetium chloride lu-177,2,chembl|epar|manual
enoblituzumab,elotuzumab|enoblituzumab,2,chembl|llm_reviewed
enoxolone,enoximone|enoxolone,2,chembl|llm_reviewed
entecavir monohydrate,entecavir|entecavir monohydrate,2,chembl|llm_reviewed|manual
entecavir viatris (previously entecavir mylan),entecavir|entecavir monohydrate,2,chembl|epar|manual
enviage,aliskiren|aliskiren fumarate,2,chembl|epar|manual
enzepi,"pancreas powder|pancreas powder, porcine",2,chembl|epar|manual
eperisone,eperisone|ephedrine,2,chembl|llm_reviewed
ephedrine hcl,ephedrine|ephedrine hydrochloride,2,chembl|llm_reviewed|manual
ephedrine hydrochloride,ephedrine|ephedrine hydrochloride,2,chembl|llm_reviewed|manual
episalvan,betulae cortex|birch triterpenes,2,chembl|epar|manual
eplivanserin,eplivanserin|pimavanserin,2,chembl|llm_reviewed
epoetin omega,epoetin beta|epoetin omega,2,chembl|llm_reviewed
epoetina zeta,epoetin theta|epoetin zeta,2,chembl|llm_reviewed
epratuzumab,epratuzumab|pertuzumab,2,chembl|llm_reviewed
erelib,eslicarbazepine|eslicarbazepine acetate,2,chembl|manual
ergometrine maleate,ergometrine|ergonovine maleate,2,chembl|llm_reviewed
ertugliflozin,ertugliflozin|ertugliflozin pidolate,2,chembl|llm_reviewed|manual
ervebo,"recombinant vesicular stomatitis virus (strain indiana) with a deletion of the envelope glycoprotein, replaced with the zaire ebolavirus (strain kikwit 1995) surface glycoprotein|vesicular stomatitis virus encoding ebola virus glycoprotein",2,chembl|epar|manual
erythromycin lactobionate,erythromycin|erythromycin lactobionate,2,chembl|llm_reviewed|manual
escitalopram,citalopram|escitalopram,2,chembl|llm_reviewed
escitalopram oxalate,citalopram|escitalopram oxalate,2,chembl|llm_reviewed
esflurbiprofen,esflurbiprofen|flurbiprofen,2,chembl|llm_reviewed
esketamine hydrochloride,esketamine|esketamine hydrochloride,2,chembl|llm_reviewed|manual
esmirtazapine,esmirtazapine|mirtazapine,2,chembl|llm_reviewed
esomeprazole magnesium,esomeprazole|esomeprazole magnesium,2,chembl|llm_reviewed|manual
esomeprazole magnesium trihydrate,esomeprazole|esomeprazole magnesium,2,chembl|llm_reviewed|manual
esomeprazole sodium,esomeprazole|esomeprazole sodium,2,chembl|llm_reviewed|manual
ethanol,alcohol|ethanol,2,chembl|llm_reviewed
ethinyl estradiol,ethinyl estradiol|ethinylestradiol,2,chembl|llm_reviewed
etinilestradiol,ethinyl estradiol|ethinylestradiol,2,chembl|llm_reviewed
etomidate,etomidate|metomidate,2,chembl|llm_reviewed
etrolizumab,etrolizumab|ocrelizumab,2,chembl|llm_reviewed
eucalyptus oil,eucalyptol|eucalyptus oil,2,chembl|llm_reviewed
evarrest,"fibrinogen, human|human fibrinogen|human thrombin",2,chembl|epar|manual
evenamide,evenamide|exenatide,2,chembl|llm_reviewed
evobrutinib,evobrutinib|tolebrutinib,2,chembl|llm_reviewed
evotopin,topotecan|topotecan hydrochloride,2,chembl|epar|manual
evp-6124,encenicline|encenicline hydrochloride,2,chembl|manual
exametazime,dexamfetamine|exametazime,2,chembl|llm_reviewed
exblifep,cefepime dihydrochloride monohydrate|enmetazobactam|cefepime hydrochloride,2,chembl|epar|manual
exelon,rivastigmine|rivastigmine tartrate,2,chembl|epar|manual
exkivity,mobocertinib|mobocertinib succinate,2,chembl|epar|manual
extavia,interferon beta|interferon beta-1b,2,chembl|epar|manual
exviera,dasabuvir sodium|dasabuvir sodium monohydrate,2,chembl|epar|manual
f2695,levomilnacipran|levomilnacipran hydrochloride,2,chembl|manual
fabhalta,iptacopan hydrochloride|iptacopan hydrochloride monohydrate,2,chembl|epar|manual
factor viii inhibitor bypassing fraction,anti-inhibitor coagulant complex|coagulation factor viii inhibitor bypassing agent,2,chembl|llm_reviewed
fadrozole,fadrozole|finrozole,2,chembl|llm_reviewed
famciclovir,famciclovir|ganciclovir,2,chembl|llm_reviewed
fampridina,dalfampridine|fampridine,2,chembl|llm_reviewed
fampridine accord,dalfampridine|fampridine,2,chembl|epar|manual
fampyra,dalfampridine|fampridine,2,chembl|epar|manual
fareston,toremifene|toremifene citrate,2,chembl|epar|manual
farmorubicina,epirubicin|epirubicin hydrochloride,2,chembl|llm_reviewed|manual
faropenem medoxomil,faropenem medoxomil|meropenem,2,chembl|llm_reviewed
farydak,panobinostat|panobinostat lactate|panobinostat lactate anhydrous,3,chembl|epar
"fbs0701, spd602",deferitazole|deferitazole magnesium,2,chembl|manual
fc41-12 (perflenapent/perflisopent mixture),perflenapent|perflisopent,2,chembl
fedratinib,fedratinib|neratinib,2,chembl|llm_reviewed
fendrix,hepatitis b surface antigen|hepatitis b virus hbsag surface protein antigen,2,chembl|epar|manual
fentanyl hcl,fentanyl|fentanyl hydrochloride,2,chembl|llm_reviewed|manual
ferric hydroxide,ferric hydroxide|ferric oxyhydroxide,2,chembl|manual
ferroglycine sulfate,ferroglycine sulfate|ferrous glycine sulfate,2,chembl|llm_reviewed
ferrous gluconate,ferrous gluconate|ferrous sulfate,2,chembl|llm_reviewed
ferumoxtran-10,ferumoxtran|ferumoxtran-10,2,chembl|llm_reviewed|manual
fespixon,centella asiatica extract|plectranthus amboinicus extract,2,chembl
fetcroja,cefiderocol sulfate tosilate|cefiderocol sulfate tosylate,2,chembl|epar|manual
fexeric,ferric citrate|ferric citrate coordination complex,2,chembl|epar|manual
ficlatuzumab,farletuzumab|ficlatuzumab,2,chembl|llm_reviewed
filsuvez,"birch triterpenes|dry extract from birch bark (der 5-10 : 1), extraction solvent n-heptane 95% (w|w)",2,chembl|epar|manual
finafloxacin,finafloxacin|ibafloxacin,2,chembl|llm_reviewed
fingolimod,fingolimod|fingolimod hydrochloride,2,chembl|manual
fingolimod mylan,fingolimod|fingolimod hydrochloride,2,chembl|epar|manual
finlee,dabrafenib mesilate|dabrafenib mesylate,2,chembl|epar|manual
fintepla,fenfluramine|fenfluramine hydrochloride,2,chembl|epar|manual
firazyr,icatibant|icatibant acetate,2,chembl|epar|manual
firdapse (previously zenas),amifampridine|amifampridine phosphate,2,chembl|epar|manual
firmagon,degarelix|degarelix acetate,2,chembl|epar|manual
flebaven,diosmin|hesperidin,2,chembl|llm_reviewed
flebogamma dif (previously flebogammadif),human immunoglobulin g|human normal immunoglobulin,2,chembl|epar|manual
flecainide acetate,flecainide|flecainide acetate,2,chembl|llm_reviewed|manual
flectadol,acetylsalicylic acid|aspirin dl-lysine,2,chembl|llm_reviewed
flibanserin,flibanserin|mianserin,2,chembl|llm_reviewed
florbetaben,florbetaben|florbetaben (18f),2,chembl|llm_reviewed|manual
florbetaben (18f),florbetaben (18f)|florbetaben f18,2,chembl|llm_reviewed
florbetapir,florbetapir|florbetapir (18f),2,chembl|llm_reviewed|manual
florbetapir (18f),florbetapir (18f)|florbetapir f 18,2,chembl|llm_reviewed
flortaucipir,flortaucipir|flortaucipir f-18,2,chembl|llm_reviewed|manual
flortaucipir (18f),flortaucipir (18f)|flortaucipir f 18,2,chembl|llm_reviewed
flortaucipir f18,flortaucipir f 18|flortaucipir f-18,2,chembl|llm_reviewed
flotetuzumab,elotuzumab|flotetuzumab,2,chembl|llm_reviewed
fluciclovine,fluciclovine f-18|fluciclovine f18,2,llm_reviewed
flucloxacilline,floxacillin|flucloxacillin,2,chembl|llm_reviewed
flucytosine,cytosine|flucytosine,2,chembl|llm_reviewed
fludeoxyglucose (18f),fludeoxyglucose (18f)|fludeoxyglucose f 18,2,chembl|llm_reviewed
fludrocortisona,fludrocortisone|fludrocortisone acetate,2,chembl|llm_reviewed|manual
fludrocortisone acetate,fludrocortisone|fludrocortisone acetate,2,chembl|llm_reviewed|manual
fluenz,"influenza virus a|victoria|4897|2022 (h1n1)pdm09 - like strain (a|norway|31694|2022, medi 369815), a a|croatia|10136rv|2023 (h3n2)-like strain (a|perth|722|2024, medi 392611) b|austria|1359417|2021 - like strain (b|austria|1359417|2021, medi 355292)|reassortant influenza virus (live attenuated) of the following strains:a|california|7|2009 (h1n1)pdm09 like strain, a|victoria|361|2011 (h3n2) like strain, b|massachusetts|2|2012 like strain",2,epar|manual
fluocinolone,fluocinolone|fluocinolone acetonide,2,chembl|manual
fluorescein lisicol,fluorescein|fluorescein lisicol,2,chembl|llm_reviewed|manual
fluorodopa (18f),18f-fluorodopa|fluorodopa f 18,2,chembl|llm_reviewed
fluoroestradiol f-18,18f-fluoroestradiol|fluoroestradiol f-18,2,chembl|llm_reviewed
fluoxetine hydrochloride,fluoxetine|fluoxetine hydrochloride,2,chembl|llm_reviewed|manual
flurazepam,flurazepam|flurazepam hydrochloride,2,chembl|manual
flurazepam hydrochloride,flurazepam hydrochloride|lorazepam,2,chembl|llm_reviewed
fluspirilene,flupirtine|fluspirilene,2,chembl|llm_reviewed
flutemetamol (18f),flutemetamol (18f)|flutemetamol f 18,2,chembl|llm_reviewed
fluvastatin sodium,fluvastatin|fluvastatin sodium,2,chembl|llm_reviewed|manual
fluvoxamine maleate,fluvoxamine|fluvoxamine maleate,2,chembl|llm_reviewed|manual
folinato calcico,calcium folinate|leucovorin calcium,2,chembl|llm_reviewed
follicle stimulating hormone,follitropin|follitropin alfa,2,chembl|llm_reviewed|manual
forcaltonin,calcitonin salmon|recombinant salmon calcitonin,2,chembl|epar|manual
forodesine hydrochloride,forodesine|forodesine hydrochloride,2,chembl|llm_reviewed|manual
fortical,calcitonin salmon|maltodextrin,2,chembl|manual
forxiga,dapagliflozin propanediol|dapagliflozin propanediol monohydrate,2,chembl|epar|manual
fosamax,alendronate sodium|alendronic acid,2,chembl|llm_reviewed
fosamprenavir,amprenavir|fosamprenavir,2,chembl|llm_reviewed
fosaprepitant dimeglumine,fosaprepitant|fosaprepitant dimeglumine,2,chembl|llm_reviewed|manual
fosavance,alendronate sodium|alendronic acid|colecalciferol,2,chembl|epar|manual
fosfomycin disodium,fosfomycin|fosfomycin sodium,2,chembl|llm_reviewed|manual
fosfomycin sodium,fosfomycin|fosfomycin sodium,2,chembl|llm_reviewed|manual
fosfomycin trometamol,fosfomycin|fosfomycin tromethamine,2,chembl|llm_reviewed|manual
fosgemcitabine palabenamide,fosgemcitabine palabenamide|gemcitabine,2,chembl|llm_reviewed
fotivda,tivozanib|tivozanib hydrochloride,2,chembl|epar|manual
fresolimumab,fresolimumab|golimumab,2,chembl|llm_reviewed
frovatriptan succinate,frovatriptan succinate|sumatriptan succinate,2,chembl|llm_reviewed
fsh,follitropin alfa|menotropins,2,chembl|llm_reviewed
fty720,fingolimod|fingolimod hydrochloride,2,chembl|llm_reviewed|manual
fucidine,furazidine|fusidate sodium,2,chembl|llm_reviewed
furmonertinib,firmonertinib|furmonertinib,2,chembl|llm_reviewed
g9s0vv191i,lactase|tilactase,2,chembl|manual
gabapentin enacarbil,gabapentin|gabapentin enacarbil,2,chembl|llm_reviewed|manual
gabitril,tiagabine|tiagabine hydrochloride,2,chembl|manual
gadofosveset,gadofosveset|gadofosveset trisodium,2,chembl|llm_reviewed|manual
gadopentetic acid,gadopentetate dimeglumine|gadopentetic acid,2,chembl|llm_reviewed
gadoxetic acid,gadoteric acid|gadoxetic acid,2,chembl|llm_reviewed
galafold,migalastat|migalastat hydrochloride,2,chembl|epar|manual
galantamine hydrobromide,galantamine|galantamine hydrobromide,2,chembl|llm_reviewed|manual
galicaftor,galicaftor|ivacaftor,2,chembl|llm_reviewed
galinpepimut-s,galinpepimut-s|nelipepimut-s,2,chembl|llm_reviewed
galiximab,daxdilimab|galiximab,2,chembl|llm_reviewed
gallopamil,gallopamil|methoxyverapamil,2,chembl|manual
gamophen,hexachlorophene|triclosan,2,chembl
ganciclovir sodium,ganciclovir|ganciclovir sodium,2,chembl|llm_reviewed|manual
gantenerumab,ganitumab|gantenerumab,2,chembl|llm_reviewed
gantrisin,sulfisoxazole|sulfisoxazole acetyl|sulfisoxazole diolamine,3,chembl
gardasil,"human papillomavirus type 6 l1 protein|human papillomavirus type 11 l1 protein|human papillomavirus type 16 l1 protein|human papillomavirus type 18 l1 protein|human papillomavirus, l1 protein virus like particles",2,chembl|epar|manual
gardasil 9,"human papillomavirus 9-valent vaccine, recombinant|human papillomavirus vaccine [types 6, 11, 16, 18, 31, 33, 45, 52, 58] (recombinant, adsorbed)|human papillomavirus, l1 protein virus like particles",3,chembl|epar|llm_reviewed
garenoxacin,garenoxacin|garenoxacin mesylate,2,chembl|llm_reviewed|manual
gemifloxacin mesylate,difloxacin|gemifloxacin mesylate,2,chembl|llm_reviewed
gemtuzumab,alemtuzumab|gemtuzumab,2,chembl|llm_reviewed
gemzar,gemcitabine|gemcitabine hydrochloride,2,chembl|manual
genasense,oblimersen|oblimersen sodium,2,chembl|epar|manual
genotropin,menotropins|somatropin,2,chembl|llm_reviewed
gentamicin sulfate,gentamicin|gentamicin sulfate,2,chembl|llm_reviewed|manual
gentamicin sulphate,gentamicin|gentamicin sulfate,2,chembl|llm_reviewed|manual
geodon,ziprasidone hydrochloride|ziprasidone mesylate,2,chembl|manual
gilotrif,afatinib|afatinib dimaleate,2,chembl|manual
giotrif,afatinib|afatinib dimaleate,2,chembl|epar|manual
girentuximab,girentuximab|rituximab,2,chembl|llm_reviewed
givlaari,givosiran|givosiran sodium,2,chembl|epar|manual
gleevec,imatinib|imatinib mesylate,2,chembl|manual
glibenclamida,glibenclamide|glyburide,2,chembl|llm_reviewed
gliolan,5-aminolevulinic acid hydrochloride|aminolevulinic acid hydrochloride,2,chembl|epar|manual
glivec,imatinib|imatinib mesylate,2,chembl|epar|manual
glp-1,glp-1|glucagon-like peptide 1|glucagon-like peptide-1 receptor agonist,3,chembl|llm_reviewed
glpg1205,glpg-1205|glpg1205,2,chembl|llm_reviewed
glucagen,glucagon|glucagon hydrochloride,2,chembl|llm_reviewed|manual
glucagon hydrochloride,glucagon|glucagon hydrochloride,2,chembl|llm_reviewed|manual
glucosamine hydrochloride,glucosamine|glucosamine hydrochloride,2,chembl|llm_reviewed|manual
glucosamine sulfate,glucosamine|glucosamine sulfate,2,chembl|llm_reviewed|manual
glucosamine sulfate potassium chloride,glucosamine|glucosamine sulfate potassium chloride,2,chembl|llm_reviewed|manual
glucosulfone,glucosulfone|sodium glucosulfone,2,chembl|manual
glufosfamide,glufosfamide|ifosfamide,2,chembl|llm_reviewed
glycerol,glycerin|glycerol,2,chembl|llm_reviewed
gmi-1070,rivipansel|rivipansel sodium,2,chembl|manual
golvatinib,golvatinib|lenvatinib,2,chembl|llm_reviewed
gonadotrofina corionica,"chorionic gonadotropin|gonadotropin, chorionic",2,chembl|llm_reviewed
granisetron hydrochloride,granisetron|granisetron hydrochloride,2,chembl|llm_reviewed|manual
granudoxy,doxycycline|doxycycline hyclate,2,chembl|llm_reviewed|manual
granupas (previously para-aminosalicylic acid lucane),aminosalicylic acid|para-aminosalicylic acid,2,chembl|epar|manual
grepid,clopidogrel (as besilate)|clopidogrel besilate,2,chembl|epar|manual
grn163l,imetelstat|imetelstat sodium,2,chembl|manual
gs-9883,bictegravir|bictegravir sodium,2,chembl|manual
gs-9883-01,bictegravir|bictegravir sodium,2,chembl|manual
gsk1349572a,dolutegravir|dolutegravir sodium,2,chembl|manual
gsk3640254d,fipravirimat|fipravirimat mesylate,2,chembl|llm_reviewed|manual
gsk557296b,epelsiban|epelsiban besylate,2,chembl|manual
halaven,eribulin|eribulin mesylate,2,chembl|epar|manual
haldol,haloperidol|haloperidol decanoate|haloperidol lactate,3,chembl
haloperidol decanoate,haloperidol|haloperidol decanoate,2,chembl|llm_reviewed|manual
hb-201,esepapogene zalarnarepvec|hb-201,2,chembl|manual
hb-202,hb-202|ninsipapogene sibarnarepvec,2,chembl|manual
hbvaxpro,"hepatitis b virus hbsag surface protein antigen|hepatitis b, recombinant surface antigen",2,chembl|epar|manual
helicobacter test infai,urea (13c)|urea c 13,2,chembl|epar|manual
hemabate,carboprost|carboprost tromethamine,2,chembl|manual
hepacare,"hepatitis b surface antigens recombinant (s, pre-s1, pre-s2) adsorbed on aluminium hydroxide [produced on genetically engineered murine (c127i) cells]|hepatitis b virus s protein, pre-s1 protein and pre-s2 protein virus like particles",2,chembl|epar|manual
heparine sodique,heparin|heparin sodium,2,chembl|llm_reviewed|manual
hepatitis b vaccine,hepatitis b vaccine (recombinant)|hepatitis b virus hbsag surface protein antigen,2,chembl|llm_reviewed
hepatitis b vaccine recombinant,hepatitis b vaccine (recombinant)|hepatitis b virus hbsag surface protein antigen,2,chembl|llm_reviewed
hepcludex,bulevirtide|bulevirtide acetate,2,chembl|epar|manual
heplisav b,hepatitis b surface antigen|hepatitis b virus hbsag surface protein antigen,2,chembl|epar|manual
herpes zoster vaccine gsk1437173a,"varicella zoster virus envelope glycoprotein e|zoster vaccine, recombinant adjuvanted",2,chembl|llm_reviewed
hesperidin,diosmin|hesperidin,2,chembl|llm_reviewed
hetrombopag olamine,eltrombopag olamine|hetrombopag olamine,2,chembl|llm_reviewed
hexadrol,dexamethasone|dexamethasone sodium phosphate,2,chembl|manual
hexaminolevulinate hydrochloride,hexaminolevulinate|hexaminolevulinate hydrochloride,2,chembl|llm_reviewed|manual
hizentra,human immunoglobulin g|human normal immunoglobulin (scig),2,chembl|epar|manual
hl 275,alvocidib|alvocidib hydrochloride,2,chembl|manual
hmr 1275,alvocidib|alvocidib hydrochloride,2,chembl|manual
htf 919,tegaserod|tegaserod maleate,2,chembl|manual
htf919,prucalopride|tegaserod,2,chembl|llm_reviewed
huj591,huj591|huj591 111in|huj591 177lu,3,chembl|manual
huj591-gs,j591|j591 177lu,2,chembl|manual
human coagulation factor ix,coagulation factor ix|coagulation factor ix human,2,chembl|llm_reviewed|manual
human coagulation factor viii,human coagulation factor ix|human coagulation factor viii,2,chembl|llm_reviewed
human coagulation factor x,coagulation factor x|coagulation factor x human,2,chembl|llm_reviewed|manual
human normal immunoglobulin iv,"human normal immunoglobulin|immunoglobulin, normal human",2,llm_reviewed
human von willebrand factor,"von willebrand factor human|von willebrand factor, human",2,chembl|llm_reviewed
humenza,"influenza a virus, split virion|split influenza virus, inactivated, containing antigen*: a|california|7|2009 (h1n1)v like strain (x-179a)*propagated in eggs.",2,chembl|epar|manual
hycamtin,topotecan|topotecan hydrochloride,2,chembl|epar|manual
hydralazine hydrochloride,hydralazine|hydralazine hydrochloride,2,chembl|llm_reviewed|manual
hydrocortisone acetate,hydrocortisone|hydrocortisone acetate,2,chembl|llm_reviewed|manual
hydrocortisone butyrate,hydrocortisone|hydrocortisone butyrate,2,chembl|llm_reviewed|manual
hydrocortisone sodium phosphate,hydrocortisone|hydrocortisone sodium phosphate,2,chembl|llm_reviewed|manual
hydrocortisone sodium succinate,hydrocortisone|hydrocortisone sodium succinate,2,chembl|llm_reviewed|manual
hydrocortisone-17-butyrate,hydrocortisone|hydrocortisone butyrate,2,chembl|llm_reviewed|manual
hydrocortisoni acetas,hydrocortisone|hydrocortisone acetate,2,chembl|llm_reviewed|manual
hydrocortone,hydrocortisone|hydrocortisone acetate|hydrocortisone sodium phosphate,3,chembl|llm_reviewed
hydrogen carbonate,bicarbonate|sodium bicarbonate,2,chembl|llm_reviewed
hydroxychloroquine sulfate,hydroxychloroquine|hydroxychloroquine sulfate,2,chembl|llm_reviewed|manual
hydroxychloroquine sulphate,hydroxychloroquine|hydroxychloroquine sulfate,2,chembl|llm_reviewed|manual
hydroxyethyl starch,hetastarch|hydroxyethyl starch,2,chembl|llm_reviewed
hydroxyethyl starch 130,hydroxyethyl starch|hydroxyethyl starch 130|0.4,2,llm_reviewed|manual
hydroxyprogesterone,hydroxyprogesterone|hydroxyprogesterone caproate,2,chembl|llm_reviewed|manual
hydroxyzine hydrochloride,hydroxyzine|hydroxyzine hydrochloride,2,chembl|llm_reviewed|manual
hyoscine butylbromide,butylscopolamine bromide|hyoscine butylbromide,2,chembl|llm_reviewed
hyoscine hydrobromide,scopolamine|scopolamine hydrobromide,2,chembl|llm_reviewed|manual
hypaque,diatrizoate meglumine|diatrizoate sodium,2,chembl|manual
iasibon,ibandronate sodium|ibandronic acid,2,chembl|epar|manual
iasocholine,18f-fluorocholine|fluorocholine f-18,2,chembl|llm_reviewed
ib1001,levacetylleucine|trenonacog alfa,2,chembl
ibandronic acid accord,ibandronate sodium|ibandronic acid,2,chembl|epar|manual
ibandronic acid sandoz,ibandronate sodium|ibandronic acid,2,chembl|epar|manual
ibandronic acid teva,ibandronate sodium|ibandronic acid,2,chembl|epar|manual
ibuprofen lysinate,ibuprofen|ibuprofen lysine,2,chembl|llm_reviewed|manual
ibuprofen lysine,ibuprofen|ibuprofen lysine,2,chembl|llm_reviewed|manual
ibuprofen sodium dihydrate,ibuprofen|ibuprofen sodium,2,chembl|llm_reviewed|manual
ibutamoren mesilate,ibutamoren|ibutamoren mesylate,2,chembl|llm_reviewed|manual
ibutamoren mesylate,ibutamoren|ibutamoren mesylate,2,chembl|llm_reviewed|manual
iclusig,ponatinib|ponatinib hydrochloride,2,chembl|epar|manual
idamycin,idarubicin|idarubicin hydrochloride,2,chembl|manual
idec-159,idec-159|idec-159 111in|idec-159 90y,3,chembl
idhifa,enasidenib|enasidenib mesylate,2,chembl|manual
idrabiotaparinux,idrabiotaparinux|idrabiotaparinux sodium,2,llm_reviewed|manual
idraparinux sodium,idrabiotaparinux|idraparinux sodium,2,chembl|llm_reviewed
ikervis,ciclosporin|cyclosporine,2,chembl|epar|manual
iloprost trometamol,iloprost|iloprost tromethamine,2,chembl|llm_reviewed|manual
im051,crexavibart|ogalvibart,2,chembl
imatinib accord,imatinib|imatinib mesylate,2,chembl|epar|manual
imatinib actavis,imatinib|imatinib mesylate,2,chembl|epar|manual
imatinib koanaa,imatinib mesilate|imatinib mesylate,2,chembl|epar|manual
imatinib medac,imatinib|imatinib mesylate,2,chembl|epar|manual
imatinib teva,imatinib|imatinib mesylate,2,chembl|epar|manual
imatinib teva b.v.,imatinib mesilate|imatinib mesylate,2,chembl|epar|manual
imciromab,imciromab|imciromab pentetate,2,chembl|manual
imcivree,setmelanotide|setmelanotide acetate,2,chembl|epar|manual
imgatuzumab,imgatuzumab|nimotuzumab,2,chembl|llm_reviewed
imipramine hydrochloride,clomipramine hydrochloride|imipramine hydrochloride,2,chembl|llm_reviewed
imitrex,sumatriptan|sumatriptan succinate,2,chembl|manual
immu-107,clivatuzumab tetraxetan|yttrium y 90 clivatuzumab tetraxetan,2,chembl|manual
immunogam,hepatitis b immune globulin|human hepatitis b immunoglobulin,2,chembl|epar|manual
imuran,azathioprine|azathioprine sodium,2,chembl|manual
imvanex,"modified vaccinia ankara - bavarian nordic (mva-bn) virus|vaccinia virus, live modified",2,chembl|epar|manual
indatuximab ravtansine,indatuximab ravtansine|isatuximab,2,chembl|llm_reviewed
indigo carmine,indigo carmine|indigotindisulfonate sodium,2,chembl|llm_reviewed
indinavir sulfate,indinavir|indinavir sulfate,2,chembl|llm_reviewed|manual
indocin,indomethacin|indomethacin sodium,2,chembl|manual
indomethacin sodium trihydrate,indomethacin|indomethacin sodium,2,chembl|llm_reviewed|manual
inno-206,aldoxorubicin|aldoxorubicin hydrochloride,2,chembl|manual
inpremzia,insulin human|insulin human (rdna),2,chembl|epar|manual
inrebic,fedratinib dihydrochloride monohydrate|fedratinib hydrochloride,2,chembl|epar|manual
insulatard,"insulin human|insulin human, isophane",2,chembl|epar|manual
insulin human winthrop,"insulin human|insulin, neutral",2,chembl|epar|manual
insulin zinc injection,"insulin zinc|insulin zinc, extended|insulin zinc, prompt",3,chembl|manual
insulin zinc suspension,"insulin zinc|insulin zinc, extended|insulin zinc, prompt",3,chembl|manual
interferon alfa natural,interferon|interferon alfa,2,chembl|llm_reviewed|manual
interferon gamma,interferon|interferon gamma-1b,2,chembl|llm_reviewed|manual
intrastigmina,neostigmine|neostigmine methylsulfate,2,chembl|llm_reviewed|manual
intuniv,guanfacine|guanfacine hydrochloride,2,chembl|epar|manual
invirase,saquinavir|saquinavir mesylate,2,chembl|epar|manual
ioa,nomegestrol acetate|nomegestrol acetate|estradiol,2,chembl|epar|manual
iobenguane,iobenguane|iobenguane i-123,2,chembl|llm_reviewed|manual
iobenguane (123i),iobenguane i 123|iobenguane i-123,2,chembl|llm_reviewed
iobenguane i 131,iobenguane i 131|iobenguane i-123,2,chembl|llm_reviewed
iodine ioflupane (123i),iodine|ioflupane i 123,2,chembl|llm_reviewed
ion-957943,fesomersen|fesomersen sodium,2,chembl|manual
iopamidol,iopamidol|palmidrol,2,chembl|llm_reviewed
iopidine,apraclonidine|apraclonidine hydrochloride,2,chembl|manual
iotroxic acid,citric acid|iotroxic acid,2,chembl|llm_reviewed
ipi-504,retaspimycin|retaspimycin hydrochloride,2,chembl|manual
ipp 201101,forigerimod|forigerimod acetate,2,chembl|manual
ipreziv,azilsartan kamedoxomil|azilsartan medoxomil,2,chembl|epar|manual
iproniazid,iproniazid|isoniazid,2,chembl|llm_reviewed
iptacopan hydrochloride,iptacopan|iptacopan hydrochloride,2,chembl|llm_reviewed|manual
iratumumab,iratumumab|panitumumab,2,chembl|llm_reviewed
iron dextran,ferric oxyhydroxide|iron dextran,2,chembl|manual
isavuconazonium sulfate,isavuconazonium|isavuconazonium sulfate,2,chembl|llm_reviewed|manual
iscover,clopidogrel|clopidogrel bisulfate,2,chembl|epar|manual
isemid,torasemide|torsemide,2,chembl|epar|manual
isentress,raltegravir|raltegravir potassium,2,chembl|epar|manual
isis 301012,mipomersen|mipomersen sodium,2,chembl|llm_reviewed|manual
isis 304801,volanesorsen|volanesorsen sodium,2,chembl|llm_reviewed|manual
isis 420915,inotersen|volanesorsen,2,chembl|llm_reviewed
isoallopregnanolone,isoallopregnanolone|sepranolone,2,chembl|llm_reviewed
isoprenaline hydrochloride,isoproterenol|isoproterenol hydrochloride,2,chembl|llm_reviewed|manual
isoquercetin,isoquercetin|quercetin,2,chembl|llm_reviewed
itacitinib adipate,itacitinib|itacitinib adipate,2,chembl|llm_reviewed|manual
ivabradine anpharm,ivabradine|ivabradine hydrochloride,2,chembl|epar|manual
ivabradine hydrochloride,ivabradine|ivabradine hydrochloride,2,chembl|llm_reviewed|manual
ivemend,fosaprepitant|fosaprepitant dimeglumine,2,chembl|epar|manual
ixchiq,"chikungunya virus, live attenuated|chikungunya virus, strain chikv lr2006-opy1, live attenuated",2,chembl|epar|manual
ixiaro,"japanese encephalitis virus, inactivated|japanese-encephalitis virus, inactivated (attenuated strain sa14-14-2 grown in vero cells)",2,chembl|epar|manual
jakafi,ruxolitinib|ruxolitinib phosphate,2,chembl|manual
jakavi,ruxolitinib|ruxolitinib phosphate,2,chembl|epar|manual
januvia,sitagliptin|sitagliptin phosphate,2,chembl|epar|manual
javlor,vinflunine|vinflunine ditartrate,2,chembl|epar|manual
jcovden (previously covid-19 vaccine janssen),adenovirus type 26 encoding sars-cov-2 spike glycoprotein|adenovirus type 26 encoding the sars-cov-2 spike glycoprotein (ad26.cov2-s),2,chembl|epar|manual
jnj-38518168,toreforant|toreforant tartrate,2,chembl|manual
jzp-458,asparaginase erwinia chrysanthemi|crisantaspase,2,chembl|manual
kadcyla,ado-trastuzumab emtansine|trastuzumab|trastuzumab emtansine,3,chembl|epar|manual
kapruvia,difelikefalin|difelikefalin acetate,2,chembl|epar|manual
karenitecin,cositecan|karenitecin,2,chembl|manual
kc8857,tedisamil|tedisamil sesquifumarate,2,chembl|manual
kenacort,triamcinolone|triamcinolone diacetate,2,chembl|manual
kengrexal,cangrelor|cangrelor tetrasodium,2,chembl|epar|manual
ketalar,ketamine|ketamine hydrochloride,2,chembl|llm_reviewed|manual
ketamine hydrochloride,ketamine|ketamine hydrochloride,2,chembl|llm_reviewed|manual
ketanest s,esketamine|esketamine hydrochloride,2,chembl|llm_reviewed|manual
ketoprofen lysine salt,ketoprofen|ketoprofen lysine,2,chembl|llm_reviewed|manual
ketorolac trometamol,ketorolac|ketorolac tromethamine,2,chembl|llm_reviewed|manual
ketorolac tromethamine,ketorolac|ketorolac tromethamine,2,chembl|llm_reviewed|manual
kexxtone,monensin (as monensin sodium)|monensin sodium,2,chembl|epar|manual
kinpeygo,"budesonide|budesonide, micronised",2,chembl|epar|manual
kiovig,human immunoglobulin g|human normal immunoglobulin (ivig),2,chembl|epar|manual
kisplyx,lenvatinib|lenvatinib mesilate|lenvatinib mesylate,3,chembl|epar
kisqali,ribociclib|ribociclib succinate,2,chembl|epar|manual
l 86 8275,alvocidib|alvocidib hydrochloride,2,chembl|manual
l-arginine hydrochloride,arginine|arginine hydrochloride,2,chembl|llm_reviewed|manual
l19il2,darleukin|l19il2,2,chembl|manual
la-6023,metformin|metformin hydrochloride,2,chembl|manual
laam,levomethadyl acetate|levomethadyl acetate hydrochloride,2,chembl|manual
labetalol hydrochloride,labetalol|labetalol hydrochloride,2,chembl|llm_reviewed|manual
lactulose,lactose|lactulose,2,chembl|llm_reviewed
lacutamab,lacutamab|olaratumab,2,chembl|llm_reviewed
ladiratuzumab vedotin,ladiratuzumab vedotin|olaratumab,2,chembl|llm_reviewed
lamisil,terbinafine|terbinafine hydrochloride,2,chembl|llm_reviewed|manual
lamisil at,terbinafine|terbinafine hydrochloride,2,chembl|manual
landiolol hydrochloride,landiolol|landiolol hydrochloride,2,chembl|llm_reviewed|manual
lanreotide acetate,lanreotide|lanreotide acetate,2,chembl|llm_reviewed|manual
laromustine,laromustine|lomustine,2,chembl|llm_reviewed
larotrectinib,larotrectinib|larotrectinib sulfate,2,chembl|llm_reviewed|manual
lasofoxifene,lasofoxifene|lasofoxifene tartrate,2,chembl|llm_reviewed|manual
latanoprostene bunod,latanoprost|latanoprostene bunod,2,chembl|llm_reviewed|manual
latuda,lurasidone|lurasidone hydrochloride,2,chembl|epar|manual
lazcluze,lazertinib mesilate monohydrate|lazertinib mesylate,2,chembl|epar|manual
lazertinib,alectinib|lazertinib,2,chembl|llm_reviewed
lbs-008,lb-100|tinlarebant,2,chembl|llm_reviewed
ledaga,chlormethine|mechlorethamine,2,chembl|epar|manual
lenacapavir,lenacapavir|lenacapavir sodium,2,chembl|llm_reviewed|manual
lenalidomide krka d.d.,lenalidomide hydrochloride hydrate|lenalidomide hydrochloride monohydrate,2,chembl|epar|manual
lenomorelin,ghrelin|lenomorelin,2,chembl|manual
lenvima,lenvatinib|lenvatinib mesilate|lenvatinib mesylate,3,chembl|epar|manual
leqvio,inclisiran|inclisiran sodium,2,chembl|epar|manual
leritine,anileridine hydrochloride|anileridine phosphate,2,chembl|manual
leucogen,leucogen|purified p45 felv-envelope antigen,2,chembl|epar|manual
leukine,leucine|sargramostim,2,chembl|llm_reviewed
leuprolide,leuprolide|leuprorelin,2,chembl|llm_reviewed
leuprolide mesylate,leuprolide mesylate|leuprorelin,2,chembl|llm_reviewed
leuprorelina,leuprolide|leuprorelin,2,chembl|llm_reviewed
levamisole hydrochloride,levamisole|levamisole hydrochloride,2,chembl|llm_reviewed|manual
levamlodipine,amlodipine|levamlodipine,2,chembl|llm_reviewed
levaxin,levothyroxine|levothyroxine sodium,2,chembl|llm_reviewed|manual
levitra,vardenafil|vardenafil hydrochloride,2,chembl|epar|manual
levocabastine hydrochloride,levocabastine|levocabastine hydrochloride,2,chembl|llm_reviewed|manual
levocetirizine dihydrochloride,levocetirizine|levocetirizine dihydrochloride,2,chembl|llm_reviewed|manual
levomilnacipran,levomilnacipran|milnacipran,2,chembl|llm_reviewed
levosalbutamol tartrate,levalbuterol tartrate|levosalbutamol,2,chembl|llm_reviewed
levothyroxine sodique,levothyroxine|levothyroxine sodium,2,chembl|llm_reviewed|manual
levothyroxine sodium,levothyroxine|levothyroxine sodium,2,chembl|llm_reviewed|manual
liatermin,avotermin|liatermin,2,chembl|llm_reviewed
licarbazepina,eslicarbazepine|licarbazepine,2,chembl|llm_reviewed
licarbazepine,eslicarbazepine|licarbazepine,2,chembl|llm_reviewed
lidocaine hydrochloride monohydrate,lidocaine|lidocaine hydrochloride,2,chembl|llm_reviewed|manual
lidocaini hydrochloridum,lidocaine|lidocaine hydrochloride,2,chembl|llm_reviewed|manual
lintuzumab,lintuzumab|nimotuzumab,2,chembl|llm_reviewed
liothyronine hydrochloride,liothyronine|liothyronine sodium,2,chembl|llm_reviewed|manual
liothyronine sodium,liothyronine|liothyronine sodium,2,chembl|llm_reviewed|manual
lipiodol,ethiodized oil|lipiodol,2,chembl|llm_reviewed
lipitor,atorvastatin|atorvastatin calcium,2,chembl|llm_reviewed|manual
liquid paraffin,liquid paraffin|mineral oil,2,chembl|llm_reviewed
lisdexamfetamine dimesylate,dexamfetamine|lisdexamfetamine dimesylate,2,chembl|llm_reviewed
litfulo,ritlecitinib tosilate|ritlecitinib tosylate,2,chembl|epar|manual
lithium citrate,lithium|lithium citrate,2,chembl|llm_reviewed|manual
litoxetine,litoxetine|vortioxetine,2,chembl|llm_reviewed
lixiana,edoxaban tosilate|edoxaban tosylate,2,chembl|epar|manual
lmwd,dextran|dextran 40,2,chembl|manual
locametz,gallium ga 68 gozetotide|gozetotide,2,chembl|epar|manual
lodipressin,amlodipine besilate|amlodipine besylate,2,chembl|epar|manual
lofexidine hydrochloride,lofexidine|lofexidine hydrochloride,2,chembl|llm_reviewed|manual
lojuxta,lomitapide|lomitapide mesylate,2,chembl|epar|manual
lonidamine,clonidine|lonidamine,2,chembl|llm_reviewed
lonsurf,tipiracil|trifluridine|trifluridine|tipiracil hydrochloride,2,epar|manual
loperamide hydrochloride,loperamide|loperamide hydrochloride,2,chembl|llm_reviewed|manual
lopressor,metoprolol fumarate|metoprolol tartrate,2,chembl|manual
lorediplon,iloperidone|lorediplon,2,chembl|llm_reviewed
lorundrostat,linrodostat|lorundrostat,2,chembl|llm_reviewed
lorvotuzumab mertansine,elotuzumab|lorvotuzumab mertansine,2,chembl|llm_reviewed
losartan potassium,losartan|losartan potassium,2,chembl|llm_reviewed|manual
loteprednol,loteprednol|loteprednol etabonate,2,chembl|llm_reviewed|manual
lovastatin,fluvastatin|lovastatin,2,chembl|llm_reviewed
loxen,nicardipine|nicardipine hydrochloride,2,chembl|llm_reviewed|manual
lu-30-029,gallopamil|methoxyverapamil,2,chembl|manual
lulizumab pegol,eculizumab|lulizumab pegol,2,chembl|llm_reviewed
lumark,lutetium (177lu) chloride|lutetium chloride lu-177,2,chembl|epar|manual
lumateperone tosylate,lumateperone|lumateperone tosylate,2,chembl|llm_reviewed|manual
lupron,leuprolide acetate|leuprorelin,2,chembl|manual
lupuzor,forigerimod|forigerimod acetate,2,chembl|manual
lurasidone hcl,lurasidone|lurasidone hydrochloride,2,chembl|llm_reviewed|manual
lurasidone hydrochloride,lurasidone|lurasidone hydrochloride,2,chembl|llm_reviewed|manual
lutathera,lutetium (177lu) oxodotreotide|lutetium oxodotreotide lu-177,2,chembl|epar|manual
lutetium (177lu) chloride billev (previously illuzyce),lutetium (177lu) chloride|lutetium chloride lu-177,2,chembl|epar|manual
lutetium (177lu) oxodotreotide,lutetium (177lu) oxodotreotide|lutetium oxodotreotide lu-177,2,chembl|llm_reviewed
lutikizumab,lebrikizumab|lutikizumab,2,chembl|llm_reviewed
lyfnua,gefapixant|gefapixant citrate,2,chembl|epar|manual
lymphoseek,technetium tc 99m tilmanocept|tilmanocept,2,chembl|epar|manual
lyrinel xl,lysine|oxybutynin,2,chembl|llm_reviewed
lysine acetylsalicylate,aspirin dl-lysine|lysine,2,chembl|llm_reviewed
lytenava,bevacizumab|bevacizumab gamma,2,chembl|epar|manual
m131ibg,iobenguane i 131|iobenguane i-131|iobenguane sulfate i 131,3,chembl|manual
macimorelin acetate,macimorelin|macimorelin acetate,2,chembl|llm_reviewed|manual
macrilen,macimorelin|macimorelin acetate,2,chembl|manual
macrogol,macrogol|polyethylene glycol,2,chembl|llm_reviewed
macrogol 3350,macrogol|polyethylene glycol 3350,2,chembl|llm_reviewed
macrogol 4000,macrogol|polyethylene glycol 4000,2,chembl|llm_reviewed
macugen,pegaptanib|pegaptanib sodium,2,chembl|epar|manual
magnesium acetate tetrahydrate,magnesium acetate|magnesium acetate tetrahydrate,2,chembl|llm_reviewed|manual
manidipine,manidipine|manidipine 6300,2,chembl|llm_reviewed|manual
mantadix,amantadine|amantadine hydrochloride,2,chembl|llm_reviewed|manual
mapatumumab,daratumumab|mapatumumab,2,chembl|llm_reviewed
marcaine,amsacrine|bupivacaine hydrochloride,2,chembl|llm_reviewed
margetuximab,margetuximab|rituximab,2,chembl|llm_reviewed
marizomib,carfilzomib|marizomib,2,chembl|llm_reviewed
masican,masitinib|masitinib mesylate,2,chembl|epar|manual
masivet,masitinib mesilate|masitinib mesylate,2,chembl|epar|manual
masiviera,masitinib|masitinib mesylate,2,chembl|epar|manual
masupirdine,aspirin|masupirdine,2,chembl|llm_reviewed
matuzumab,alemtuzumab|matuzumab,2,chembl|llm_reviewed
maxalt,rizatriptan|rizatriptan benzoate,2,chembl|manual
maxidex,dexamethasone|dexamethasone sodium phosphate,2,chembl|llm_reviewed|manual
mayzent,siponimod|siponimod fumaric acid,2,chembl|epar|manual
mdl-107826a,alvocidib|alvocidib hydrochloride,2,chembl|manual
mdma,methylenedioxymethamphetamine|midomafetamine,2,chembl|llm_reviewed
mdma hcl,methylenedioxymethamphetamine|midomafetamine hydrochloride,2,chembl|llm_reviewed
mdx-066,actoxumab|mk-3415,2,chembl|manual
mebendazole,fenbendazole|mebendazole,2,chembl|llm_reviewed
mecamylamine hydrochloride,mecamylamine|mecamylamine hydrochloride,2,chembl|llm_reviewed|manual
mecobalamin,mecobalamin|methylcobalamin,2,chembl|manual
medi-564,bta-9881|medi-564,2,chembl
medicinal charcoal,"activated charcoal|charcoal, activated",2,chembl|llm_reviewed
medium-chain triglycerides,"medium-chain triglycerides|triglycerides, medium-chain",2,chembl|manual
medroxiprogesterona,medroxyprogesterone|medroxyprogesterone acetate,2,chembl|llm_reviewed|manual
medroxyprogesterone,medroxyprogesterone|medroxyprogesterone acetate,2,chembl|llm_reviewed|manual
mefenamic acid,mefenamic acid|tolfenamic acid,2,chembl|llm_reviewed
meglumine amidotrizoate,diatrizoate meglumine|meglumine amidotrizoate,2,chembl|llm_reviewed
meglumine gadoterate,gadoterate meglumine|meglumine,2,chembl|llm_reviewed
mekinist,trametinib|trametinib dimethyl sulfoxide,2,chembl|epar|manual
melagatran,melagatran|ximelagatran,2,chembl|llm_reviewed
melflufen,melflufen|melphalan flufenamide|melphalan flufenamide hydrochloride,3,chembl|llm_reviewed
"meningococcus c, purified polysaccharides antigen conjugated",meningococcal group c conjugate vaccine|meningococcal polysaccharide vaccine group c,2,chembl|llm_reviewed
menquadfi,neisseria meningitidis group c polysaccharide conjugated to tetanus toxoid|neisseria meningitidis group a polysaccharide conjugated to tetanus toxoid|neisseria meningitidis group y polysaccharide conjugated to tetanus toxoid|neisseria meningitidis group w-135 polysaccharide conjugated to tetanus toxoid|neisseria meningitidis polysaccharide conjugated to tetanus toxoid,2,chembl|epar|manual
menthyl anthranilate,mequinol|meradimate,2,chembl|manual
menveo,"meningococcal group a, c, w-135 and y conjugate vaccine|neisseria meningitidis oligosaccharide conjugated to corynebacterium diphtheriae crm197",2,chembl|epar|manual
mepivacaine hydrochloride,mepivacaine|mepivacaine hydrochloride,2,chembl|llm_reviewed|manual
mercaptamine bitartrate,cysteamine|cysteamine bitartrate,2,chembl|llm_reviewed|manual
mericitabine,emtricitabine|mericitabine,2,chembl|llm_reviewed
metafolin,levomefolate calcium|levomefolic acid,2,chembl|manual
metamizol,dipyrone|metamizole,2,chembl|llm_reviewed
metamizole sodium,dipyrone|metamizole,2,chembl|llm_reviewed
metamizole sodium monohydrate,dipyrone|metamizole,2,chembl|llm_reviewed
methacholine chloride,methacholine|methacholine chloride,2,chembl|llm_reviewed|manual
methadone hydrochloride,methadone|methadone hydrochloride,2,chembl|llm_reviewed|manual
methanthelinium bromide,methantheline|methantheline bromide,2,chembl|llm_reviewed|manual
methenamine hippurate,methantheline|methenamine hippurate,2,chembl|llm_reviewed
methimazole,metamizole|methimazole,2,chembl|llm_reviewed
methylene blue,methylene blue|methylphenidate,2,chembl|llm_reviewed
methylphenidate hcl,methylphenidate|methylphenidate hydrochloride,2,chembl|llm_reviewed|manual
methylthioninium chloride proveblue,methylene blue anhydrous|methylthioninium chloride,2,chembl|epar|manual
metoclopramide hydrochloride,metoclopramide|metoclopramide hydrochloride,2,chembl|llm_reviewed|manual
metolazone,ceftolozane|metolazone,2,chembl|llm_reviewed
metoprolol succinate,metoprolol|metoprolol succinate,2,chembl|llm_reviewed|manual
metoprolol tartrate,metoprolol|metoprolol tartrate,2,chembl|llm_reviewed|manual
metyrosine,metyrosine|tyrosine,2,chembl|llm_reviewed
mgso4,magnesium sulfate|magnesium sulfate anhydrous,2,chembl|llm_reviewed|manual
miconazole nitrate,miconazole|miconazole nitrate,2,chembl|llm_reviewed|manual
midodrine hydrochloride,midodrine|midodrine hydrochloride,2,chembl|llm_reviewed|manual
migalastat hydrochloride,migalastat|migalastat hydrochloride,2,chembl|llm_reviewed|manual
milataxel,milataxel|paclitaxel,2,chembl|llm_reviewed
milnacipran hydrochloride,milnacipran|milnacipran hydrochloride,2,chembl|llm_reviewed|manual
milrinone lactate,milrinone|milrinone lactate,2,chembl|llm_reviewed|manual
mirapexin,pramipexole dihydrochloride|pramipexole dihydrochloride monohydrate,2,chembl|epar|manual
misonidazole,miconazole|misonidazole,2,chembl|llm_reviewed
mk-4827,niraparib|niraparib tosylate monohydrate,2,chembl|manual
molidustat,molidustat|molidustat sodium,2,chembl|llm_reviewed|manual
monalizumab,monalizumab|omalizumab,2,chembl|llm_reviewed
monistat,miconazole|miconazole nitrate,2,chembl|manual
monotard,insulin human|insulin human zinc,2,chembl|epar|manual
morphine chlorhydrate,morphine|morphine hydrochloride,2,chembl|llm_reviewed|manual
morphine hcl,morphine|morphine hydrochloride,2,chembl|llm_reviewed|manual
morphine hydrochloride,morphine|morphine hydrochloride,2,chembl|llm_reviewed|manual
morphine hydrochloride trihydrate,morphine|morphine hydrochloride,2,chembl|llm_reviewed|manual
morphine sulphate,morphine|morphine sulfate,2,chembl|llm_reviewed|manual
morphine sulphate pentahydrate,morphine|morphine sulfate,2,chembl|llm_reviewed|manual
morphinhydrochlorid,morphine|morphine hydrochloride,2,llm_reviewed|manual
motavizumab,motavizumab|omalizumab,2,chembl|llm_reviewed
motesanib diphosphate,motesanib|motesanib diphosphate,2,chembl|llm_reviewed|manual
moventig,naloxegol|naloxegol oxalate,2,chembl|epar|manual
moxifloxacin hydrochloride,moxifloxacin|moxifloxacin hydrochloride,2,chembl|llm_reviewed|manual
moxivig,moxifloxacin|moxifloxacin hydrochloride|moxisylyte,3,chembl|manual
mresvia,respiratory syncytial virus pre-fusion glycoprotein f mrna|single-stranded 5' capped mrna encoding the respiratory syncytial virus glycoprotein f stabilised in the prefusion conformation,2,chembl|epar|manual
mrna-1273,"covid-19 mrna vaccine, nucleoside-modified|elasomeran",2,chembl|llm_reviewed
msc-1936369b,pimasertib|pimasertib hydrochloride,2,chembl|manual
msc2156119j,tepotinib|tepotinib hydrochloride,2,chembl|llm_reviewed|manual
mt-4129,lorundrostat|lorundrostat hydrobromide,2,chembl|manual
mtp 131,elamipretide|elamipretide hydrochloride,2,chembl|manual
multaq,dronedarone|dronedarone hydrochloride,2,chembl|epar|manual
mupirocin calcium,mupirocin|mupirocin calcium,2,chembl|llm_reviewed|manual
mvabea,"recombinant modified vaccinia ankara bavarian nordic virus encoding the: ebola virus zaire (zebov) mayinga strain glycoprotein (gp)|ebola virus sudan gulu strain gp|ebola virus taï forest strain nucleoprotein and the marburg virus musoke strain gp|vaccinia virus, modified encoding ebola virus glycoprotein and nucleoprotein",2,chembl|epar|manual
mycamine,micafungin|micafungin sodium,2,chembl|epar|manual
mycograb,efungumab|recombinant human monoclonal antibody to hsp,2,chembl|epar|manual
myfortic,mycophenolate sodium|mycophenolic acid,2,chembl|manual
myocet,doxorubicin|doxorubicin hydrochloride,2,chembl|manual
mysildecard,sildenafil|sildenafil citrate,2,chembl|epar|manual
mysimba,bupropion hydrochloride|bupropion hydrochloride|naltrexone hydrochloride,2,chembl|epar|manual
n-803,inbakicept|nogapendekin alfa,2,chembl
nadolol,landiolol|nadolol,2,chembl|llm_reviewed
nadunolimab,nadunolimab|nidanilimab,2,chembl|llm_reviewed
nafamostat mesilate,nafamostat|nafamostat mesylate,2,chembl|llm_reviewed|manual
nafamostat mesylate,nafamostat|nafamostat mesylate,2,chembl|llm_reviewed|manual
nafarelin acetate,nafarelin|nafarelin acetate,2,chembl|llm_reviewed|manual
nafithromycin,azithromycin|nafithromycin,2,chembl|llm_reviewed
nalbuphine hydrochloride,nalbuphine|nalbuphine hydrochloride,2,chembl|llm_reviewed|manual
naldemedine tosylate,naldemedine|naldemedine tosylate,2,chembl|llm_reviewed|manual
naloxegol oxalate,naloxegol|naloxegol oxalate,2,chembl|llm_reviewed|manual
naloxone hydrochloride,naloxone|naloxone hydrochloride,2,chembl|llm_reviewed|manual
naltrexone hydrochloride,naltrexone|naltrexone hydrochloride,2,chembl|llm_reviewed|manual
namilumab,imalumab|namilumab,2,chembl|llm_reviewed
nandrolone,nandrolone|nandrolone cyclotate,2,chembl|manual
nandrolone decanoate,nandrolone|nandrolone decanoate,2,chembl|llm_reviewed|manual
naproxen sodium,naproxen|naproxen sodium,2,chembl|llm_reviewed|manual
naptumomab estafenatox,blinatumomab|naptumomab estafenatox,2,chembl|llm_reviewed
naropin,ropivacaine|ropivacaine hydrochloride,2,chembl|llm_reviewed|manual
navane,thiothixene|thiothixene hydrochloride,2,chembl|manual
navelbine,vinorelbine|vinorelbine tartrate,2,chembl|manual
nazartinib,afatinib|nazartinib,2,chembl|llm_reviewed
nbi-98854,valbenazine|valbenazine tosylate,2,chembl|manual
nebcin,tobramycin|tobramycin sulfate,2,chembl|manual
nebivolol hydrochloride,nebivolol|nebivolol hydrochloride,2,chembl|llm_reviewed|manual
nedosiran,nedosiran|nedosiran sodium,2,chembl|llm_reviewed|manual
nefopam hydrochloride,nefopam|nefopam hydrochloride,2,chembl|llm_reviewed|manual
neladenoson bialanate,bay1067197|regadenoson,2,chembl|llm_reviewed
nelfinavir mesilate,nelfinavir|nelfinavir mesylate,2,chembl|llm_reviewed|manual
nelfinavir mesylate,nelfinavir|nelfinavir mesylate,2,chembl|llm_reviewed|manual
nembutal,pentobarbital|pentobarbital sodium,2,chembl|manual
nemdatine,memantine|memantine hydrochloride,2,chembl|epar|manual
nemvaleukin alfa,efavaleukin alfa|nemvaleukin alfa,2,chembl|llm_reviewed
neoatricon,dopamine hydrochloride|dopamine hydrochloride|dopamine,2,chembl|epar|manual
neofordex,dexamethasone|dexamethasone acetate,2,chembl|epar|manual
neomycin sulfate,neomycin|neomycin sulfate,2,chembl|llm_reviewed|manual
neoral,ciclosporin|cyclosporine,2,chembl|manual
neostigmine methylsulfate,neostigmine|neostigmine methylsulfate,2,chembl|llm_reviewed|manual
neostigmine metilsulfate,neostigmine|neostigmine methylsulfate,2,chembl|llm_reviewed|manual
nerlynx,neratinib|neratinib maleate,2,chembl|epar|manual
nestorone,segesterone|segesterone acetate,2,chembl|manual
neuraceq,florbetaben (18f)|florbetaben f18,2,chembl|epar|manual
neurobloc,botulinum toxin type b|rimabotulinumtoxinb,2,chembl|epar|manual
nevanimibe hydrochloride,memantine hydrochloride|nevanimibe hydrochloride,2,chembl|llm_reviewed
nexavar,sorafenib|sorafenib tosylate,2,chembl|epar|manual
nexium control,esomeprazole|esomeprazole magnesium,2,chembl|epar|manual
nexobrid,proteolytic enzymes enriched in bromelain|stem bromelain,2,chembl|epar|manual
nicardipine hydrochloride,nicardipine|nicardipine hydrochloride,2,chembl|llm_reviewed|manual
niclosamide,lacosamide|niclosamide,2,chembl|llm_reviewed
"niclosamide, anhydrous",lacosamide|niclosamide,2,chembl|llm_reviewed
nih-11008,dexmecamylamine|dexmecamylamine hydrochloride,2,chembl|manual
nilutamide,flutamide|nilutamide,2,chembl|llm_reviewed
nilvadipine,nicardipine|nilvadipine,2,chembl|llm_reviewed
nimbex,cisatracurium|cisatracurium besylate,2,chembl|manual
nimenrix,neisseria meningitidis group a polysaccharide conjugated to tetanus toxoid|neisseria meningitidis group c polysaccharide conjugated to tetanus toxoid|neisseria meningitidis group w-135 polysaccharide conjugated to tetanus toxoid|neisseria meningitidis group y polysaccharide conjugated to tetanus toxoid|neisseria meningitidis polysaccharide conjugated to tetanus toxoid,2,chembl|epar|manual
nimorazole,miconazole|nimorazole,2,chembl|llm_reviewed
nimvastid,rivastigmine|rivastigmine tartrate,2,chembl|epar|manual
ninlaro,ixazomib|ixazomib citrate,2,chembl|epar|manual
nintedanib accord,nintedanib|nintedanib esylate,2,chembl|epar|manual
nintedanib esylate,nintedanib|nintedanib esylate,2,chembl|llm_reviewed|manual
nirmatrelvir,nirmatrelvir|nirmatrelvir|ritonavir,2,chembl|llm_reviewed|manual
nitrazepam,diazepam|nitrazepam,2,chembl|llm_reviewed
nitrogen,nitrogen|nitroglycerin,2,chembl|llm_reviewed
nitroprusside,nitroprusside|nitrous oxide,2,chembl|llm_reviewed
nizatidine,nizatidine|ranitidine,2,chembl|llm_reviewed
nodetrip (previously xeristar),duloxetine|duloxetine hydrochloride,2,chembl|epar|manual
nomegestrol,nomegestrol|nomegestrol acetate,2,chembl|llm_reviewed|manual
nonacog gamma,coagulation factor ix recombinant human|nonacog gamma,2,chembl|llm_reviewed
nonafact,coagulation factor ix human|human coagulation factor ix,2,chembl|epar|manual
norethindrone acetate,norethindrone acetate|norethisterone,2,chembl|llm_reviewed
norethisterone,norethindrone|norethisterone,2,chembl|llm_reviewed
norethisterone acetate,norethindrone acetate|norethisterone,2,chembl|llm_reviewed
norursodeoxycholic acid,norucholic acid|norursodeoxycholic acid,2,chembl|llm_reviewed
norvasc,amlodipine|amlodipine besylate,2,chembl|manual
nsc-751452,dextromethorphan|dextromethorphan polistirex,2,chembl|manual
nsc-758421,paromomycin sulfate|penicillamine,2,chembl
nuedexta,dextromethorphan hydrobromide|dextromethorphan|quinidine,2,chembl|epar|manual
nulibry,fosdenopterin hydrobromide|fosdenopterin hydrobromide dihydrate,2,chembl|epar|manual
nutrifolin,levomefolate calcium|levomefolic acid,2,chembl|manual
nuvaxovid,sars cov-2 (original) recombinant spike protein|sars-cov-2 (omicron xbb.1.5) recombinant spike protein|sars-cov-2 virus spike protein,2,chembl|epar|manual
nuvisertib,galunisertib|nuvisertib,2,chembl|llm_reviewed
nx-1207,fexapotide|fexapotide triflutate,2,chembl|manual
nxl-104,avibactam|avibactam sodium,2,chembl|manual
nyxthracis (previously obiltoxaximab sfl),nyxthracis|obiltoxaximab,2,chembl|epar|manual
oblimersen,oblimersen|oblimersen sodium,2,chembl|llm_reviewed|manual
ocaperidone,domperidone|ocaperidone,2,chembl|llm_reviewed
octenidine dihydrochloride,octenidine|octenidine hydrochloride,2,chembl|llm_reviewed|manual
octenidine hydrochloride,octenidine|octenidine hydrochloride,2,chembl|llm_reviewed|manual
octreolin,octreotide|octreotide acetate,2,chembl|llm_reviewed|manual
odm-204,odm-204|odm-209,2,chembl|llm_reviewed
odm-207,odm-207|odm-209,2,chembl|llm_reviewed
odomzo,sonidegib|sonidegib diphosphate|sonidegib phosphate,3,chembl|epar|manual
ofev,nintedanib|nintedanib esylate,2,chembl|epar|manual
oleic acid,folic acid|oleic acid,2,chembl|llm_reviewed
olinciguat,olinciguat|riociguat,2,chembl|llm_reviewed
olodaterol hydrochloride,olodaterol|olodaterol hydrochloride,2,chembl|llm_reviewed|manual
olpadronic acid,olpadronic acid|zoledronic acid,2,chembl|llm_reviewed
olpasiran,olpasiran|plozasiran,2,chembl|llm_reviewed
olysio,simeprevir|simeprevir sodium,2,chembl|epar|manual
omeprazole magnesium,omeprazole|omeprazole magnesium,2,chembl|llm_reviewed|manual
omontys,peginesatide|peginesatide acetate,2,chembl|epar|manual
oncovin,vincristine|vincristine sulfate,2,chembl|manual
ondansetron hcl,ondansetron|ondansetron hydrochloride,2,chembl|llm_reviewed|manual
ondansetron hydrochloride,ondansetron|ondansetron hydrochloride,2,chembl|llm_reviewed|manual
ondansetron hydrochloride dihydrate,ondansetron|ondansetron hydrochloride,2,chembl|llm_reviewed|manual
oneness,centella asiatica extract|plectranthus amboinicus extract,2,chembl
onglyza,saxagliptin|saxagliptin hydrochloride,2,chembl|epar|manual
onilcamotide,linaclotide|teprotumumab,2,chembl|llm_reviewed
opatanol,olopatadine|olopatadine hydrochloride,2,chembl|epar|manual
opium tincture,opium|opium tincture,2,chembl|llm_reviewed|manual
oprymea,pramipexole dihydrochloride|pramipexole dihydrochloride monohydrate,2,chembl|epar|manual
orelabrutinib,orelabrutinib|rilzabrutinib,2,chembl|llm_reviewed
orilanolimab,giloralimab|orilanolimab,2,chembl|llm_reviewed
oritavancin diphosphate,oritavancin (diphosphate)|oritavancin diphosphate,2,chembl|llm_reviewed|manual
orlaam,levacetylmethadol|levomethadyl acetate|levomethadyl acetate hydrochloride,3,chembl|epar
orladeyo,berotralstat dihydrochloride|berotralstat hydrochloride,2,chembl|epar|manual
ornidazole,metronidazole|ornidazole,2,chembl|llm_reviewed
ornithine phenylacetate,eflornithine|ornithine phenylacetate,2,chembl|llm_reviewed
orserdu,elacestrant|elacestrant hydrochloride,2,chembl|epar|manual
orticumab,alirocumab|orticumab,2,chembl|llm_reviewed
oseltamivir phosphate,oseltamivir|oseltamivir phosphate,2,chembl|llm_reviewed|manual
osilodrostat,linrodostat|osilodrostat,2,chembl|llm_reviewed
ostarine,enobosarm|taurine,2,chembl|llm_reviewed
otamixaban,apixaban|otamixaban,2,chembl|llm_reviewed
oxervate,cenegermin|recombinant human nerve growth factor,2,chembl|epar|manual
oxybutynin hydrochloride,oxybutynin|oxybutynin chloride,2,chembl|llm_reviewed|manual
oxycontin,oxycodone hydrochloride|oxytocin,2,chembl|llm_reviewed
oxymetazoline hydrochloride,oxymetazoline|oxymetazoline hydrochloride,2,chembl|llm_reviewed|manual
ozawade,pitolisant|pitolisant hydrochloride,2,chembl|epar|manual
pacritinib,ceritinib|pacritinib,2,chembl|llm_reviewed
palonosetron accord,palonosetron|palonosetron hydrochloride,2,chembl|epar|manual
palonosetron hcl,palonosetron|palonosetron hydrochloride,2,chembl|llm_reviewed|manual
panadol,acetaminophen|tapentadol,2,chembl|llm_reviewed
pandemic influenza vaccine h5n1 astrazeneca (previously pandemic influenza vaccine h5n1 medimmune),"influenza a virus, live attenuated|reassortant influenza virus (live attenuated) of the following strain: a|vietnam|1203|2004 (h5n1) strain",2,chembl|epar|manual
pandemic influenza vaccine h5n1 baxter ag,"influenza a virus, inactivated whole virion|influenza vaccine (whole virion, inactivated) containing antigen of: a|vietnam|1203|2004 (h5n1)",2,chembl|epar|manual
pandemrix,"influenza a virus, split virion|split influenza virus inactivated, containing antigen equivalent to a|california|07|2009 (h1n1)-derived strain used nymc x-179a",2,chembl|epar|manual
panmycin,tetracycline|tetracycline hydrochloride,2,chembl|manual
pantecta control,pantoprazole|pantoprazole sodium,2,chembl|epar|manual
pantoloc control,pantoprazole|pantoprazole sodium,2,chembl|epar|manual
pantoprazole sodium,pantoprazole|pantoprazole sodium,2,chembl|llm_reviewed|manual
pantoprazole sodium sesquihydrate,pantoprazole|pantoprazole sodium,2,chembl|llm_reviewed|manual
pantozol control,pantoprazole|pantoprazole sodium,2,chembl|epar|manual
paquinimod,laquinimod|paquinimod,2,chembl|llm_reviewed
parareg,cinacalcet|cinacalcet hydrochloride,2,chembl|epar|manual
parecoxib sodium,parecoxib|parecoxib sodium,2,chembl|llm_reviewed|manual
parlodel,bromocriptine|bromocriptine mesylate,2,chembl|manual
parnaparin sodium,parnaparin|parnaparin sodium,2,chembl|llm_reviewed|manual
paroxetine hydrochloride,paroxetine|paroxetine hydrochloride,2,chembl|llm_reviewed|manual
paroxetine hydrochloride hemihydrate,paroxetine|paroxetine hydrochloride,2,chembl|llm_reviewed|manual
pasireotide diaspartate,pasireotide|pasireotide diaspartate,2,chembl|llm_reviewed|manual
patiromer calcium,patiromer|patiromer calcium,2,chembl|llm_reviewed|manual
patrex,sildenafil|sildenafil citrate,2,chembl|epar|manual
pazzul,eslicarbazepine|eslicarbazepine acetate,2,chembl|manual
pecfent,fentanyl|fentanyl citrate,2,chembl|epar|manual
pefloxacin,difloxacin|pefloxacin,2,chembl|llm_reviewed
pegph20,pegvorhyaluronidase alfa|pegvorhyluronidase alfa,2,chembl|llm_reviewed
pegpleranib sodium,pegaptanib sodium|pegpleranib sodium,2,chembl|llm_reviewed
pemafibrate,bezafibrate|pemafibrate,2,chembl|llm_reviewed
pemetrexed baxter,pemetrexed disodium|pemetrexed disodium heptahydrate,2,chembl|epar|manual
pemetrexed fresenius kabi,pemetrexed|pemetrexed monohydrate,2,chembl|epar|manual
pemetrexed krka,pemetrexed disodium|pemetrexed disodium hemipentahydrate,2,chembl|epar|manual
pemetrexed lilly,pemetrexed|pemetrexed disodium,2,chembl|epar|manual
pemetrexed medac,pemetrexed|pemetrexed disodium hemipentahydrate,2,chembl|epar|manual
pemetrexed pfizer (previously pemetrexed hospira),pemetrexed disodium hemipentahydrate|pemetrexed disodium|pemetrexed disodium hemipentahydrate,2,chembl|epar|manual
pemetrexed sandoz,pemetrexed disodium|pemetrexed disodium hemipentahydrate,2,chembl|epar|manual
pemirolast,apremilast|pemirolast,2,chembl|llm_reviewed
penciclovir,ganciclovir|penciclovir,2,chembl|llm_reviewed
penicillamine,penicillamine|penicillin v,2,chembl|llm_reviewed
pentacarinat,pentamidine|pentamidine isethionate,2,chembl|manual
peposertib,nedisertib|peposertib,2,chembl|llm_reviewed
percorten,desoxycorticosterone|desoxycorticosterone acetate|desoxycorticosterone pivalate,3,chembl|manual
perhexiline maleate,perhexiline|perhexiline maleate,2,chembl|llm_reviewed|manual
periciazine,cetirizine|periciazine,2,chembl|llm_reviewed
persicabtagen lemgedleucel,peluntamig|persicabtagene lemgedleucel,2,chembl|manual
pertussis toxoid pt,pertussis toxoid|pertussis vaccine,2,llm_reviewed
pethidine hydrochloride,meperidine|meperidine hydrochloride,2,chembl|llm_reviewed|manual
petrolatum,"petrolatum|petrolatum, white",2,chembl|llm_reviewed|manual
pf-3512676,agatolimod|agatolimod sodium,2,chembl|manual
phenoxymethylpenicillin potassium,penicillin v|penicillin v potassium,2,chembl|llm_reviewed|manual
phentermine hydrochloride,apomorphine hydrochloride|phentermine hydrochloride,2,chembl|llm_reviewed
phentolamine,phentolamine|phenytoin,2,chembl|llm_reviewed
phenylephrine hydrochloride,phenylephrine|phenylephrine hydrochloride,2,chembl|llm_reviewed|manual
phenytoin sodium,phenytoin|phenytoin sodium,2,chembl|llm_reviewed|manual
phospholipids egg,lecithin|phosphatidylcholine,2,chembl
picoplatin,cisplatin|picoplatin,2,chembl|llm_reviewed
piflufolastat (18f),piflufolastat f-18|piflufolastat f18,2,chembl|llm_reviewed
pilocarpine,pilocarpine|prilocaine,2,chembl|llm_reviewed
pilocarpine hydrochloride,clomipramine hydrochloride|pilocarpine hydrochloride,2,chembl|llm_reviewed
pimasertib,alisertib|pimasertib,2,chembl|llm_reviewed
pimavanserin tartrate,pimavanserin|pimavanserin tartrate,2,chembl|llm_reviewed|manual
pinatuzumab vedotin,pinatuzumab vedotin|polatuzumab vedotin,2,chembl|llm_reviewed
pioglitazone hcl,pioglitazone|pioglitazone hydrochloride,2,chembl|llm_reviewed|manual
pipamperone hydrochloride,pipamperone|raloxifene hydrochloride,2,chembl|llm_reviewed
piperacillin sodium,piperacillin|piperacillin sodium,2,chembl|llm_reviewed|manual
piperacillin sodium salt,piperacillin|piperacillin sodium,2,chembl|llm_reviewed|manual
piperaquine phosphate,piperaquine|piperaquine phosphate,2,chembl|llm_reviewed|manual
piromelatine,agomelatine|piromelatine,2,chembl|llm_reviewed
plantago ovata seed coat,plantago seed|psyllium,2,chembl|llm_reviewed
platelet concentrate,platelet concentrate|platelets,2,chembl|llm_reviewed
plavix,clopidogrel bisulfate|clopidogrel hydrogen sulfate,2,chembl|epar|manual
pleuromutilin,pleuromulin|pleuromutilin,2,chembl|llm_reviewed
pluvicto,lutetium (177lu) vipivotide tetraxetan|lutetium lu-177 vipivotide tetraxetan,2,chembl|epar|manual
plx3397 hcl,pexidartinib|pexidartinib hydrochloride,2,chembl|llm_reviewed|manual
pmx30063,brilacidin|brilacidin tetrahydrochloride,2,chembl|manual
polymyxin b sulfate,polymyxin b|polymyxin b sulfate,2,chembl|llm_reviewed|manual
ponezumab,ponezumab|tanezumab,2,chembl|llm_reviewed
posiphen,buntanetap|buntanetap tartrate,2,chembl|manual
posluma,flotufolastat f 18|flotufolastat f-18|flotufolastat f-18 gallium,3,chembl|manual
potactasol,topotecan|topotecan hydrochloride,2,chembl|epar|manual
potassium acetate,potassium|potassium acetate,2,chembl|llm_reviewed|manual
potassium citrate anhydrous,potassium citrate|potassium citrate anhydrous,2,chembl|llm_reviewed|manual
potassium citrate monohydrate,potassium|potassium citrate,2,chembl|llm_reviewed|manual
potassium clavulanate,clavulanate potassium|clavulanic acid,2,chembl|llm_reviewed
potassium phosphate,"potassium phosphate|potassium phosphate, unspecified form",2,chembl|llm_reviewed|manual
poziotinib hydrochloride,poziotinib|poziotinib hydrochloride,2,chembl|llm_reviewed|manual
pradaxa,dabigatran etexilate|dabigatran etexilate mesilate|dabigatran etexilate mesylate,3,chembl|epar|manual
pramiconazole,itraconazole|pramiconazole,2,chembl|llm_reviewed
pramipexole accord,pramipexole dihydrochloride|pramipexole dihydrochloride monohydrate,2,chembl|epar|manual
pramipexole dihydrochloride,pramipexole|pramipexole dihydrochloride,2,chembl|llm_reviewed|manual
pramipexole dihydrochloride monohydrate,pramipexole dihydrochloride|pramipexole dihydrochloride monohydrate,2,chembl|llm_reviewed|manual
pramipexole teva,pramipexole dihydrochloride|pramipexole dihydrochloride monohydrate,2,chembl|epar|manual
prasugrel viatris (previously prasugrel mylan),prasugrel besilate|prasugrel besylate,2,chembl|epar|manual
prazosin hydrochloride,pazopanib hydrochloride|prazosin hydrochloride,2,chembl|llm_reviewed
pregnenolone,pregnenolone|pregnenolone succinate,2,chembl|manual
prehevbri,hepatitis b surface antigen|hepatitis b virus hbsag surface protein antigen,2,chembl|epar|manual
preotact,parathyroid hormone|parathyroid hormone (rdna),2,chembl|epar|manual
"prepandemic influenza vaccine (h5n1) (split virion, inactivated, adjuvanted) glaxosmithkline biologicals","influenza a virus, split virion|split influenza virus, inactivated, containing antigen: a|vietnam|1194|2004 (h5n1) like strain used (nibrg-14)",2,chembl|epar|manual
prepandrix,"a|indonesia|05|2005 (h5n1) like strain used (pr8-ibcdc-rg2)|influenza a virus, split virion",2,chembl|epar|manual
presatovir,presatovir|resatorvid,2,chembl|llm_reviewed
prevenar,pneumococcal oligosaccharide serotype 18c|pneumococcal polysaccharide serotype 19f|pneumococcal polysaccharide serotype 23f|pneumococcal polysaccharide serotype 4|pneumococcal polysaccharide serotype 6b|pneumococcal polysaccharide serotype 9v|pneumococcal polysaccharide serotype 14|streptococcus pneumoniae polysaccharide conjugated to corynebacterium diphtheriae crm197,2,chembl|epar|manual
prevenar 13,pneumococcal polysaccharide conjugate vaccine (adsorbed)|pneumococcal polysaccharide serotype 1|pneumococcal polysaccharide serotype 3|pneumococcal polysaccharide serotype 4|pneumococcal polysaccharide serotype 5|pneumococcal polysaccharide serotype 6a|pneumococcal polysaccharide serotype 6b|pneumococcal polysaccharide serotype 7f|pneumococcal polysaccharide serotype 9v|pneumococcal polysaccharide serotype 14|pneumococcal polysaccharide serotype 18c|pneumococcal polysaccharide serotype 19a|pneumococcal polysaccharide serotype 19f|pneumococcal polysaccharide serotype 23f|streptococcus pneumoniae polysaccharide conjugated to corynebacterium diphtheriae crm197,3,chembl|epar|llm_reviewed
prevenar 20 (previously apexxnar),pneumococcal polysaccharide serotype 1|pneumococcal polysaccharide serotype 3|pneumococcal polysaccharide serotype 4|pneumococcal polysaccharide serotype 5|pneumococcal polysaccharide serotype 6a|pneumococcal polysaccharide serotype 6b|pneumococcal polysaccharide serotype 7f|pneumococcal polysaccharide serotype 8|pneumococcal polysaccharide serotype 9v|pneumococcal polysaccharide serotype 10a|pneumococcal polysaccharide serotype 11a|pneumococcal polysaccharide serotype 12f|pneumococcal polysaccharide serotype 14|pneumococcal polysaccharide serotype 15b|pneumococcal polysaccharide serotype 18c|pneumococcal polysaccharide serotype 19a|pneumococcal polysaccharide serotype 19f|pneumococcal polysaccharide serotype 22f|pneumococcal polysaccharide serotype 23f|pneumococcal polysaccharide serotype 33f|streptococcus pneumoniae polysaccharide conjugated to corynebacterium diphtheriae crm197,2,chembl|epar|manual
prezista,darunavir|darunavir ethanolate,2,chembl|epar|manual
prialt,ziconotide|ziconotide acetate,2,chembl|epar|manual
prilocaine hydrochloride,prilocaine|prilocaine hydrochloride,2,chembl|llm_reviewed|manual
prilosec,omeprazole|omeprazole magnesium,2,chembl|manual
privigen,human immunoglobulin g|human normal immunoglobulin (ivig),2,chembl|epar|manual
procaine,procainamide|procaine,2,chembl|llm_reviewed
procaine hydrochloride,procainamide|procaine hydrochloride,2,chembl|llm_reviewed
procarbazine hydrochloride,procarbazine|procarbazine hydrochloride,2,chembl|llm_reviewed|manual
procomvax,hepatitis b virus hbsag surface protein antigen|polyribosylribitol phosphate from haemophilus influenzae type b as prp-ompc|outer membrane protein complex of neisseria meningitidis (outer membrane protein complex of the b11 strain of neisseria meningitidis subgroup b)|adsorbed hepatitis b surface antigen produced in recombinant yeast cells (saccharomyces cerevisiae),2,chembl|epar|manual
procysbi,cysteamine bitartrate|mercaptamine bitartrate,2,chembl|epar|manual
proguanil hydrochloride,proguanil|proguanil hydrochloride,2,chembl|llm_reviewed|manual
promazine,pramoxine|promazine,2,chembl|llm_reviewed
promestriene,progesterone|promestriene,2,chembl|llm_reviewed
prometax,rivastigmine|rivastigmine tartrate,2,chembl|epar|manual
promethazine,promethazine|pyrimethamine,2,chembl|llm_reviewed
propafenone hydrochloride,propafenone|propafenone hydrochloride,2,chembl|llm_reviewed|manual
propanolol,levopropranolol|propranolol,2,chembl|llm_reviewed
protamine,protamine|protamine sulfate,2,chembl|llm_reviewed|manual
protamine sulfate,protamine|protamine sulfate,2,chembl|llm_reviewed|manual
protaphane,"insulin human|insulin human, isophane",2,chembl|epar|manual
protein c,protein c|protein c concentrate (human),2,chembl|llm_reviewed|manual
prothrombin complex concentrate,prothrombin complex|prothrombin complex concentrate,2,chembl|llm_reviewed|manual
protirelin,protirelin|triptorelin,2,chembl|llm_reviewed
proventil,albuterol|albuterol sulfate,2,chembl|manual
proxinium,h11 scfv|oportuzumab monatox,2,chembl|manual
prozinc,"insulin human|insulin, protamine zinc",2,chembl|epar|manual
prucalopride succinate,prucalopride|prucalopride succinate,2,chembl|llm_reviewed|manual
pt-100,talabostat|talabostat mesylate,2,chembl|manual
pt-141,bremelanotide|bremelanotide acetate,2,chembl|manual
pti-6d2,pti-6d2|pti-6d2 188re,2,chembl|manual
ptk 0796,omadacycline|omadacycline tosylate,2,chembl|manual
pumarix,"influenza a virus, split virion|pandemic influenza vaccine (h5n1) (split virion, inactivated, adjuvanted)",2,chembl|epar|manual
purified pertussis toxoid,pertussis toxoid|tetanus toxoid,2,llm_reviewed
pylclari,piflufolastat (18f)|piflufolastat f18,2,chembl|epar|manual
pylobactell,urea (13c)|urea c 13,2,chembl|epar|manual
pylori-chek,urea (13c)|urea c 13,2,chembl|epar|manual
pyrazinamide,procainamide|pyrazinamide,2,chembl|llm_reviewed
pyridostigmine,pyridostigmine|rivastigmine,2,chembl|llm_reviewed
pyridostigmine bromide,pyridostigmine bromide|rivastigmine,2,chembl|llm_reviewed
pyridoxine hydrochloride,pyridoxine|pyridoxine hydrochloride,2,chembl|llm_reviewed|manual
qdenga,"dengue virus, live attenuated|dengue virus, serotype 2, expressing dengue virus, serotype 1, surface proteins, live, attenuated|dengue virus, serotype 2, expressing dengue virus, serotype 3, surface proteins, live, attenuated|dengue virus, serotype 2, expressing dengue virus, serotype 4, surface proteins, live, attenuated|dengue virus, serotype 2, live, attenuated",2,chembl|epar|manual
qsiva,phentermine|phentermine|topiramate,2,chembl|epar|manual
quadramet,samarium (153sm) lexidronam pentasodium|samarium sm 153 lexidronam pentasodium,2,chembl|epar|manual
quetiapine fumarate,quetiapine|quetiapine fumarate,2,chembl|llm_reviewed|manual
quilizumab,ibalizumab|quilizumab,2,chembl|llm_reviewed
quinidine,quinidine|quinine,2,chembl|llm_reviewed
quinidine sulfate,quinidine sulfate|quinine,2,chembl|llm_reviewed
quinine sulphate,quinine|quinine sulfate,2,chembl|llm_reviewed|manual
rabeprazole sodium,rabeprazole|rabeprazole sodium,2,chembl|llm_reviewed|manual
raclopride,prucalopride|raclopride,2,chembl|llm_reviewed
radiprodil,radiprodil|ramipril,2,chembl|llm_reviewed
radium (223ra) dichloride,radium (223ra) dichloride|radium ra 223 dichloride,2,chembl|llm_reviewed
radium ra 223 dichloride,radium (223ra) dichloride|radium ra 223 dichloride,2,chembl|llm_reviewed
radium-223,radium ra-223|radium-223 dichloride,2,chembl|llm_reviewed
radium-223 chloride,radium ra 223 dichloride|radium-223 dichloride,2,chembl|llm_reviewed
radium-223 dichloride,radium ra 223 dichloride|radium-223 dichloride,2,chembl|llm_reviewed
ralfinamide,procainamide|ralfinamide,2,chembl|llm_reviewed
rambazole,rabeprazole|talarozole,2,chembl|llm_reviewed
ramelteon,ramelteon|tasimelteon,2,chembl|llm_reviewed
raplixa,"fibrinogen, human|human fibrinogen|human thrombin",2,chembl|epar|manual
rasagiline mesilate,rasagiline|rasagiline mesylate,2,chembl|llm_reviewed|manual
rasagiline mesylate,rasagiline|rasagiline mesylate,2,chembl|llm_reviewed|manual
rasagiline ratiopharm,rasagiline|rasagiline mesylate,2,chembl|epar|manual
rasilez,aliskiren|aliskiren fumarate,2,chembl|epar|manual
reagila,cariprazine|cariprazine hydrochloride,2,chembl|epar|manual
rebif,interferon beta|interferon beta-1a,2,chembl|epar|manual
reboxetine,esreboxetine|reboxetine,2,chembl|llm_reviewed
recentin,cediranib|cediranib maleate,2,chembl|llm_reviewed|manual
recombinant hepatitis b surface antigen,"hepatitis b vaccine (recombinant)|hepatitis b, recombinant surface antigen",2,llm_reviewed
reconcile,fluoxetine|fluoxetine hydrochloride,2,chembl|epar|manual
refametinib,refametinib|trametinib,2,chembl|llm_reviewed
relaxin,relaxin|serelaxin,2,chembl|llm_reviewed
relpax,eletriptan|eletriptan hydrobromide,2,chembl|manual
relvar ellipta,fluticasone furoate|fluticasone furoate|vilanterol,2,chembl|epar|manual
remifentanil hcl,remifentanil|remifentanil hydrochloride,2,chembl|llm_reviewed|manual
remifentanil hydrochloride,remifentanil|remifentanil hydrochloride,2,chembl|llm_reviewed|manual
remimazolam besylate,remimazolam|remimazolam besylate,2,chembl|llm_reviewed|manual
renagel,sevelamer|sevelamer hydrochloride,2,chembl|epar|manual
resminostat,resminostat|resminostat mesilate,2,chembl|llm_reviewed|manual
resolor,prucalopride|prucalopride succinate,2,chembl|epar|manual
respreeza,.alpha.1-proteinase inhibitor human|human alpha1-proteinase inhibitor,2,chembl|epar|manual
restylane,hyaluronic acid|hyaluronic acid (non-animal stabilized),2,chembl|llm_reviewed|manual
retaspimycin hydrochloride,retaspimycin|retaspimycin hydrochloride,2,chembl|llm_reviewed|manual
revamilast,apremilast|revamilast,2,chembl|llm_reviewed
revatio,sildenafil|sildenafil citrate,2,chembl|epar|manual
revolade,eltrombopag|eltrombopag olamine,2,chembl|epar|manual
revumenib,revumenib|vemurafenib,2,chembl|llm_reviewed
reyataz,atazanavir|atazanavir (as sulfate)|atazanavir sulfate,3,chembl|epar
rezafungin acetate,rezafungin|rezafungin acetate,2,chembl|llm_reviewed|manual
rezolsta,darunavir ethanolate|darunavir|cobicistat,2,chembl|epar|manual
rezurock,belumosudil mesilate|belumosudil mesylate,2,chembl|epar|manual
rezzayo,rezafungin|rezafungin acetate,2,chembl|epar|manual
rg-7594,mint-1526a|rg-7594,2,chembl
rhokiinsa,netarsudil|netarsudil dimesylate,2,chembl|epar|manual
rhucin,conestat alfa|recombinant human c1-inhibitor,2,chembl|epar|manual
riboflavin sodium phosphate,riboflavin 5'-phosphate sodium|riboflavin sodium phosphate,2,chembl|llm_reviewed
ricolinostat,linrodostat|ricolinostat,2,chembl|llm_reviewed
rifampicina,rifampicin|rifampin,2,chembl|llm_reviewed
rifampicine,rifampicin|rifampin,2,chembl|llm_reviewed
rifamycin,rifamycin|rifamycin sodium,2,chembl|manual
rifamycin sodium,rifamycin|rifamycin sodium,2,chembl|llm_reviewed|manual
rifapentine,rifapentine|trientine,2,chembl|llm_reviewed
rigosertib sodium,rigosertib|rigosertib sodium,2,chembl|llm_reviewed|manual
rilpivirine hydrochloride,rilpivirine|rilpivirine hydrochloride,2,chembl|llm_reviewed|manual
rimegepant sulfate,rimegepant|rimegepant sulfate,2,chembl|llm_reviewed|manual
rinvoq,upadacitinib|upadacitinib hemihydrate,2,chembl|epar|manual
riprazo,aliskiren|aliskiren fumarate,2,chembl|epar|manual
ristaben,sitagliptin|sitagliptin phosphate,2,chembl|epar|manual
ritlecitinib tosilate,ritlecitinib|ritlecitinib tosylate,2,chembl|llm_reviewed|manual
rivastigmine 1 a pharma,rivastigmine|rivastigmine tartrate,2,chembl|epar|manual
rivastigmine actavis,rivastigmine hydrogen tartrate|rivastigmine tartrate,2,chembl|epar|manual
rivastigmine hexal,rivastigmine|rivastigmine tartrate,2,chembl|epar|manual
rivastigmine hydrogen tartrate,rivastigmine hydrogen tartrate|rivastigmine tartrate,2,chembl|llm_reviewed
rivastigmine sandoz,rivastigmine|rivastigmine tartrate,2,chembl|epar|manual
rivastigmine teva,rivastigmine|rivastigmine tartrate,2,chembl|epar|manual
rivoceranib mesylate,rivoceranib|rivoceranib mesylate,2,chembl|llm_reviewed|manual
rivoglitazone,pioglitazone|rivoglitazone,2,chembl|llm_reviewed
rixubis,coagulation factor ix recombinant human|nonacog gamma,2,chembl|epar|manual
rizmoic,naldemedine tosilate|naldemedine tosylate,2,chembl|epar|manual
rly5016,patiromer|patiromer calcium,2,chembl|llm_reviewed|manual
robatumumab,ofatumumab|robatumumab,2,chembl|llm_reviewed
rodatristat ethyl,rodatristat|rodatristat ethyl,2,chembl|llm_reviewed|manual
rofecoxib,robenacoxib|rofecoxib,2,chembl|llm_reviewed
rolistobart,orlistat|rolistobart,2,chembl|llm_reviewed
roniciclib,ribociclib|roniciclib,2,chembl|llm_reviewed
ropivacaine hcl,ropivacaine|ropivacaine hydrochloride,2,chembl|llm_reviewed|manual
ropivacaine hydrochloride monohydrate,ropivacaine|ropivacaine hydrochloride,2,chembl|llm_reviewed|manual
rosiglitazone maleate,rosiglitazone|rosiglitazone maleate,2,chembl|llm_reviewed|manual
rostafuroxin,rostafuroxin|rostaporfin,2,chembl|llm_reviewed
rotarix,"human rotavirus, live attenuated|rotavirus, live attenuated",2,chembl|epar|manual
rotashield,"rotavirus serotype 1 reassortant, rotavirus serotype 2 reassortant, rotavirus serotype 3 rhesus, rotavirus serotype 4 reassortant|rotavirus, live attenuated",2,chembl|epar|manual
rotateq,"rotavirus serotype g1|rotavirus serotype g2|rotavirus serotype g3|rotavirus serotype g4|rotavirus serotype p1|rotavirus, live",2,chembl|epar|manual
roteas,edoxaban tosilate|edoxaban tosylate,2,chembl|epar|manual
roxithromycin,roxithromycin|solithromycin,2,chembl|llm_reviewed
rsd1235,vernakalant|vernakalant hydrochloride,2,chembl|llm_reviewed|manual
rti-150,abobotulinumtoxina|botulinum toxin type a|daxibotulinumtoxina|incobotulinumtoxina|onabotulinumtoxina,5,chembl
rti150,abobotulinumtoxina|botulinum toxin type a|daxibotulinumtoxina|incobotulinumtoxina|onabotulinumtoxina,5,chembl
rubraca,rucaparib|rucaparib camsylate,2,chembl|epar|manual
ruconest,conestat alfa|recombinant human c1-inhibitor,2,chembl|epar|manual
rukobia,fostemsavir trometamol|fostemsavir tromethamine,2,chembl|epar|manual
runcaciguat,cinaciguat|runcaciguat,2,chembl|llm_reviewed
rwj-333369,brivaracetam|carisbamate,2,chembl|llm_reviewed
rx 31,elamipretide|elamipretide hydrochloride,2,chembl|manual
rx-3341,delafloxacin|delafloxacin meglumine,2,chembl|manual
rytelo,imetelstat|imetelstat sodium,2,chembl|epar|manual
safinamide methansulfonate,safinamide mesylate|safinamide methanesulfonate,2,chembl|llm_reviewed
samarium sm 153 lexidronam pentasodium,samarium (153sm) lexidronam pentasodium|samarium sm 153 lexidronam pentasodium,2,chembl|llm_reviewed
samidorphan l-malate,samidorphan|samidorphan l-malate,2,chembl|llm_reviewed|manual
sandimmun,ciclosporin|cyclosporine,2,chembl|manual
sanfetrinem,sanfetrinem|sanfetrinem cilexetil,2,chembl|manual
sapacitabine,sapacitabine|somapacitan,2,chembl|llm_reviewed
sapropterin hydrochloride,sapropterin|sapropterin dihydrochloride,2,chembl|llm_reviewed|manual
saquinavir mesylate,saquinavir|saquinavir mesylate,2,chembl|llm_reviewed|manual
sarizotan hydrochloride,irbesartan hydrochloride|sarizotan hydrochloride,2,chembl|llm_reviewed
satoreotide tetraxetan,octreotide|satoreotide tetraxetan,2,chembl|llm_reviewed
satoreotide trizoxetan,octreotide|satoreotide trizoxetan,2,chembl|llm_reviewed
satumomab,indium in 111 satumomab pendetide|satumomab,2,chembl|manual
scemblix,asciminib|asciminib hydrochloride,2,chembl|epar|manual
scenesse,afamelanotide|afamelanotide acetate,2,chembl|epar|manual
scopolamine hydrobromide,scopolamine|scopolamine hydrobromide,2,chembl|llm_reviewed|manual
selincro,nalmefene|nalmefene hydrochloride dihydrate,2,chembl|epar|manual
seloken,metoprolol|metoprolol tartrate,2,chembl|llm_reviewed|manual
senaparib,niraparib|senaparib,2,chembl|llm_reviewed
seralutinib,lestaurtinib|seralutinib,2,chembl|llm_reviewed
serenoa repens,saw palmetto|saw palmetto extract,2,chembl|llm_reviewed|manual
seroquel,quetiapine|quetiapine fumarate,2,chembl|llm_reviewed|manual
sertraline hcl,sertraline|sertraline hydrochloride,2,chembl|llm_reviewed|manual
sertraline hydrochloride,sertraline|sertraline hydrochloride,2,chembl|llm_reviewed|manual
sevuparin,reviparin|sevuparin,2,chembl|llm_reviewed
shingrix,recombinant varicella zoster virus glycoprotein e|varicella zoster virus envelope glycoprotein e,2,chembl|epar|manual
sifrol,pramipexole dihydrochloride|pramipexole dihydrochloride monohydrate,2,chembl|epar|manual
signifor,pasireotide|pasireotide diaspartate,2,chembl|epar|manual
siklos,hydroxycarbamide|hydroxyurea,2,chembl|epar|manual
sildenafil actavis,sildenafil|sildenafil citrate,2,chembl|epar|manual
sildenafil ratiopharm,sildenafil|sildenafil citrate,2,chembl|epar|manual
sildenafil teva,sildenafil|sildenafil citrate,2,chembl|epar|manual
silgard,"human papillomavirus type 6 l1 protein|human papillomavirus type 11 l1 protein|human papillomavirus type 16 l1 protein|human papillomavirus type 18 l1 protein|human papillomavirus, l1 protein virus like particles",2,chembl|epar|manual
silymarin,silibinin|silymarin,2,chembl|llm_reviewed
simtuzumab,nimotuzumab|simtuzumab,2,chembl|llm_reviewed
sinequan,doxepin|doxepin hydrochloride,2,chembl|manual
singulair,montelukast|montelukast sodium,2,chembl|llm_reviewed|manual
siplizumab,ibalizumab|siplizumab,2,chembl|llm_reviewed
sitagliptin accord,sitagliptin hydrochloride|sitagliptin hydrochloride monohydrate,2,chembl|epar|manual
sivextro,tedizolid|tedizolid phosphate,2,chembl|epar|manual
skelid,tiludronate disodium|tiludronic acid,2,chembl|manual
soblidotin,silodosin|soblidotin,2,chembl|llm_reviewed
sodium alendronate,alendronate sodium|alendronic acid,2,chembl|llm_reviewed
sodium cromoglicate,cromoglicate sodium|cromolyn sodium,2,chembl|llm_reviewed
sodium folinate,folinic acid|leucovorin sodium,2,chembl|llm_reviewed
sodium fusidate,fusidate sodium|sodium fusidate,2,chembl|llm_reviewed
sodium gluconate,sodium folate|sodium gluconate,2,chembl|llm_reviewed
sodium hyaluronate,hyaluronate sodium|sodium hyaluronate,2,chembl|llm_reviewed
sodium iodide,sodium iodide|sodium iodide i-131,2,chembl|llm_reviewed|manual
sodium iodide (131i),sodium iodide i 131|sodium iodide i-131,2,chembl|llm_reviewed
sodium iodide i131,sodium iodide i 131|sodium iodide i-131,2,chembl|llm_reviewed
sodium nitrate,sodium citrate|sodium nitrate,2,chembl|llm_reviewed
"sodium sulfate, anhydrous",sodium sulfate|sodium sulfate anhydrous,2,chembl|llm_reviewed|manual
sodium sulphate anhydrous,sodium sulfate|sodium sulfate anhydrous,2,chembl|llm_reviewed|manual
solanezumab,solanezumab|tanezumab,2,chembl|llm_reviewed
solriamfetol,solriamfetol|solriamfetol hydrochloride,2,chembl|manual
somac control,pantoprazole|pantoprazole sodium,2,chembl|epar|manual
somakit toc,edotreotide|edotreotide gallium ga-68,2,chembl|epar|manual
somatorelin,somatorelin|somatropin,2,chembl|llm_reviewed
sonelokimab,m-1095|sonelokimab,2,chembl|llm_reviewed
sonovue,sulfur hexafluoride|sulphur hexafluoride,2,chembl|epar|manual
sorafenib accord,sorafenib tosilate|sorafenib tosylate,2,chembl|epar|manual
sotalol hydrochloride,sotalol|sotalol hydrochloride,2,chembl|llm_reviewed|manual
sotrastaurin,rosuvastatin|sotrastaurin,2,chembl|llm_reviewed
sp-304,pirnabine|plecanatide,2,chembl|manual
spebrutinib,spebrutinib|spebrutinib besylate,2,chembl|manual
spermidine,meperidine|spermidine,2,chembl|llm_reviewed
spikevax (previously covid-19 vaccine moderna),"elasomeran|single-stranded, 5'-capped messenger rna (mrna) produced using a cell-free in vitro transcription from the corresponding dna templates, encoding the viral spike (s) protein of sars-cov-2",2,chembl|epar|manual
spl 7013,astodrimer|astodrimer sodium,2,chembl|manual
spl-7013,astodrimer|astodrimer sodium,2,chembl|manual
spl7013,astodrimer|astodrimer sodium,2,chembl|manual
spp100,aliskiren|aliskiren fumarate,2,chembl|manual
sprimeo,aliskiren|aliskiren fumarate,2,chembl|epar|manual
ss 31,elamipretide|elamipretide hydrochloride,2,chembl|manual
staril,estriol|fosinopril sodium,2,chembl|llm_reviewed
stayveer,bosentan|bosentan (as monohydrate),2,chembl|epar|manual
stedesa,eslicarbazepine|eslicarbazepine acetate,2,chembl|manual
steglatro,ertugliflozin l-pyroglutamic acid|ertugliflozin pidolate,2,chembl|epar|manual
stelazine,trifluoperazine|trifluoperazine hydrochloride,2,chembl|manual
sterane,prednisolone|prednisolone acetate,2,chembl|manual
sterile water,serine|water,2,chembl|llm_reviewed
sterile water for injection,serine|water,2,chembl|llm_reviewed
stilnox,zolpidem|zolpidem tartrate,2,chembl|llm_reviewed|manual
striascan,ioflupane (123l)|ioflupane i 123,2,chembl|epar|manual
strimvelis,autologous cd34+ enriched cell fraction that contains cd34+ cells transduced with retroviral vector that encodes for the human ada cdna sequence|autologous cd34+ enriched cell fraction that contains cd34+ cells transduced with retroviral vector that encodes for the human adenosine deaminase (ada) cdna sequence from human haematopoietic stem|progenitor (cd34+) cells,2,chembl|epar|manual
striverdi respimat,olodaterol|olodaterol hydrochloride,2,chembl|manual
suboxone,buprenorphine|buprenorphine|naloxone,2,chembl|epar|manual
succinylcholine,succinylcholine|suxamethonium,2,chembl|llm_reviewed
sucralose,sucralose|sucrose,2,chembl|llm_reviewed
sufenta,sufentanil|sufentanil citrate,2,chembl|llm_reviewed|manual
sugammadex sodium,sugammadex|sugammadex sodium,2,chembl|llm_reviewed|manual
sulbactam sodium,sulbactam|sulbactam sodium,2,chembl|llm_reviewed|manual
sulfametrole,sulfamethoxazole|sulfametrole,2,chembl|llm_reviewed
sulfamylon,mafenide|mafenide acetate,2,chembl|manual
sulfur hexafluoride,sulfur hexafluoride|sulphur hexafluoride,2,chembl|llm_reviewed
sulphur hexafluoride,sulfur hexafluoride|sulphur hexafluoride,2,chembl|llm_reviewed
sumatriptan succinate,sumatriptan|sumatriptan succinate,2,chembl|llm_reviewed|manual
surfaxin,lucinactant|sinapultide|dipalmitoylphosphatidylcholine|palmitoyl-oleoyl phosphatidylglycerol|palmitic acid,2,chembl|epar|manual
surinabant,rimonabant|surinabant,2,chembl|llm_reviewed
sutent,sunitinib|sunitinib malate,2,chembl|epar|manual
suxamethonium chloride,succinylcholine|succinylcholine chloride,2,chembl|llm_reviewed|manual
sycrest,asenapine|asenapine maleate,2,chembl|epar|manual
syr-472,trelagliptin|trelagliptin succinate,2,chembl|manual
t2g1s,biciromab|biciromab brallobarbital,2,chembl|manual
tabalumab,ianalumab|tabalumab,2,chembl|llm_reviewed
tabrecta,capmatinib dihydrochloride monohydrate|capmatinib hydrochloride,2,chembl|epar|manual
tacaryl,methdilazine|methdilazine hydrochloride,2,chembl|manual
tacforius,tacrolimus|tacrolimus monohydrate,2,chembl|epar|manual
tafinlar,dabrafenib|dabrafenib mesilate|dabrafenib mesylate,3,chembl|epar
tagamet,cimetidine|cimetidine hydrochloride,2,chembl|manual
tagrisso,osimertinib|osimertinib mesilate|osimertinib mesylate,3,chembl|epar|manual
tak-438,vonoprazan|vonoprazan fumarate,2,chembl|manual
tak-491,azilsartan kamedoxomil|azilsartan medoxomil,2,chembl|manual
tak-652,cenicriviroc|cenicriviroc mesylate,2,chembl|manual
tak-954,felcisetrag|tak-994,2,chembl|llm_reviewed
talabostat mesylate,talabostat|talabostat mesylate,2,chembl|llm_reviewed|manual
talaporfin sodium,enoxaparin sodium|talaporfin sodium,2,chembl|llm_reviewed
talzenna,talazoparib|talazoparib tosylate,2,chembl|epar|manual
tamibarotene,amsilarotene|tamibarotene,2,chembl|llm_reviewed
tamiflu,oseltamivir|oseltamivir phosphate,2,chembl|epar|manual
tamsulosin hcl,tamsulosin|tamsulosin hydrochloride,2,chembl|llm_reviewed|manual
tamsulosin hydrochloride,tamsulosin|tamsulosin hydrochloride,2,chembl|llm_reviewed|manual
tanespimycin,retaspimycin|tanespimycin,2,chembl|llm_reviewed
tapentadol hydrochloride,tapentadol|tapentadol hydrochloride,2,chembl|llm_reviewed|manual
tarceva,erlotinib|erlotinib hydrochloride,2,chembl|epar|manual
tasigna,nilotinib|nilotinib hydrochloride monohydrate,2,chembl|epar|manual
tasquinimod,laquinimod|tasquinimod,2,chembl|llm_reviewed
tauroursodeoxycholic acid,tauroursodeoxycholic acid|taurursodiol,2,chembl|llm_reviewed
tauvid,flortaucipir (18f)|flortaucipir f 18,2,chembl|epar|manual
tavalisse,fostamatinib|fostamatinib disodium,2,chembl|manual
tavanic,levofloxacin|telavancin,2,chembl|llm_reviewed
taxespira (previously docetaxel hospira uk limited ),docetaxel|docetaxel trihydrate,2,chembl|epar|manual
tazobactam sodium,tazobactam|tazobactam sodium,2,chembl|llm_reviewed|manual
tazobactam sodium salt,tazobactam|tazobactam sodium,2,chembl|llm_reviewed|manual
tbr-652,cenicriviroc|cenicriviroc mesylate,2,chembl|manual
tc-5214,dexmecamylamine|dexmecamylamine hydrochloride,2,chembl|manual
tecartus,autologous peripheral blood t cells cd4 and cd8 selected and cd3 and cd28 activated transduced with retroviral vector expressing anti-cd19 cd28|cd3-zeta chimeric antigen receptor and cultured (brexucabtagene autoleucel)|brexucabtagene autoleucel,2,chembl|epar|manual
technetium (99mtc) pertechnetate,sodium pertechnetate tc 99m|technetium tc-99m pertechnetate,2,chembl|manual
tecovirimat siga,tecovirimat|tecovirimat monohydrate,2,chembl|epar|manual
tedizolid phosphate,tedizolid|tedizolid phosphate,2,chembl|llm_reviewed|manual
tekturna,aliskiren|aliskiren fumarate,2,chembl|epar|manual
telatinib,alectinib|telatinib,2,chembl|llm_reviewed
temelimab,temelimab|tremelimumab,2,chembl|llm_reviewed
tenkasi (previously orbactiv),oritavancin (diphosphate)|oritavancin diphosphate,2,chembl|epar|manual
tenofovir alafenamide fumarate,tenofovir alafenamide|tenofovir alafenamide fumarate,2,chembl|llm_reviewed|manual
tepmetko,tepotinib hydrochloride|tepotinib hydrochloride monohydrate,2,chembl|epar|manual
terbutaline sulfate,terbutaline|terbutaline sulfate,2,chembl|llm_reviewed|manual
terbutaline sulphate,terbutaline|terbutaline sulfate,2,chembl|llm_reviewed|manual
terramycin,oxytetracycline|oxytetracycline calcium|oxytetracycline hydrochloride,3,chembl
tesavel,sitagliptin|sitagliptin phosphate,2,chembl|epar|manual
testosterone cipionate,testosterone|testosterone cypionate,2,chembl|llm_reviewed|manual
testosterone enantate,testosterone|testosterone enanthate,2,chembl|llm_reviewed|manual
testosterone propionate,testosterone|testosterone propionate,2,chembl|llm_reviewed|manual
tetracaine hydrochloride,tetracaine|tetracaine hydrochloride,2,chembl|llm_reviewed|manual
tetracycline hydrochloride,tetracycline|tetracycline hydrochloride,2,chembl|llm_reviewed|manual
tetralite,nitramine|tetracycline,2,chembl|llm_reviewed
teveten,eprosartan|eprosartan mesylate,2,chembl|manual
tgr-1202,umbralisib|umbralisib tosylate,2,chembl|llm_reviewed|manual
th9507,tesamorelin|tesamorelin acetate,2,chembl|manual
theryttrex,yttrium (90y) chloride|yttrium chloride y-90,2,chembl|epar|manual
thiamine hydrochloride,thiamine|thiamine hydrochloride,2,chembl|llm_reviewed|manual
thiamine nitrate,thiamine|thiamine mononitrate,2,chembl|llm_reviewed|manual
thiamphenicol,chloramphenicol|thiamphenicol,2,chembl|llm_reviewed
thioctic acid,"lipoic acid, alpha|thioctic acid",2,chembl|llm_reviewed
thiopental sodium,thiopental|thiopental sodium,2,chembl|llm_reviewed|manual
thorazine,chlorpromazine|chlorpromazine hydrochloride,2,chembl|manual
thyrotropin,thyrotropin|thyrotropin alfa,2,chembl|llm_reviewed|manual
tiabendazole,thiabendazole|tiabendazole,2,chembl|llm_reviewed
tiagabine,ancitabine|tiagabine,2,chembl|llm_reviewed
tianeptine,tianeptine|trientine,2,chembl|llm_reviewed
tiaprofenic acid,pamidronic acid|tiaprofenic acid,2,chembl|llm_reviewed
tilarginine acetate,ralaniten acetate|tilarginine acetate,2,chembl|llm_reviewed
timolol maleate,timolol|timolol maleate,2,chembl|llm_reviewed|manual
tinzaparin sodium,tinzaparin|tinzaparin sodium,2,chembl|llm_reviewed|manual
tinzaparine sodique,tinzaparin|tinzaparin sodium,2,chembl|llm_reviewed|manual
tioctic acid,"lipoic acid, alpha|thioctic acid",2,chembl|llm_reviewed
tirabrutinib,rilzabrutinib|tirabrutinib,2,chembl|llm_reviewed
tirapazamine,tinzaparin|tirapazamine,2,chembl|llm_reviewed
tirofiban hydrochloride,tirofiban|tirofiban hydrochloride,2,chembl|llm_reviewed|manual
tirofiban hydrochloride monohydrate,tirofiban|tirofiban hydrochloride,2,chembl|llm_reviewed|manual
tivicay,dolutegravir|dolutegravir sodium,2,chembl|epar|manual
tivozanib hydrochloride,tivozanib|tivozanib hydrochloride,2,chembl|llm_reviewed|manual
tivozanib hydrochloride monohydrate,tivozanib|tivozanib hydrochloride,2,chembl|llm_reviewed|manual
tixocortol-21-pivalate,tixocortol|tixocortol pivalate,2,chembl|llm_reviewed|manual
tizanidine,ranitidine|tizanidine,2,chembl|llm_reviewed
tizanidine hydrochloride,amitifadine hydrochloride|tizanidine hydrochloride,2,chembl|llm_reviewed
tmc114 ethanolate,darunavir|darunavir ethanolate,2,chembl|llm_reviewed|manual
tobramycin sulfate,tobramycin|tobramycin sulfate,2,chembl|llm_reviewed|manual
tobramycin sulphate,tobramycin|tobramycin sulfate,2,chembl|llm_reviewed|manual
tofacitinib citrate,tofacitinib|tofacitinib citrate,2,chembl|llm_reviewed|manual
tominersen,inotersen|tominersen,2,chembl|llm_reviewed
tookad,padeliporfin di-potassium|padeliporfin potassium,2,chembl|epar|manual
topotecan actavis,topotecan|topotecan hydrochloride,2,chembl|epar|manual
topotecan hospira,topotecan|topotecan hydrochloride,2,chembl|epar|manual
topotecan teva,topotecan|topotecan hydrochloride,2,chembl|epar|manual
toradol,ketorolac tromethamine|tramadol,2,chembl|llm_reviewed
torecan,thiethylperazine|thiethylperazine malate|thiethylperazine maleate,3,chembl|manual
toremifene citrate,toremifene|toremifene citrate,2,chembl|llm_reviewed|manual
tosylchloramide sodium,chloramine t|chloramine-t anhydrous,2,chembl|llm_reviewed
tracleer,bosentan|bosentan (as monohydrate),2,chembl|epar|manual
tractocile,atosiban|atosiban (as acetate)|atosiban acetate,3,chembl|epar
trafermin,artemin|trafermin,2,chembl|llm_reviewed
tramadol hcl,tramadol|tramadol hydrochloride,2,chembl|llm_reviewed|manual
tramadol hydrochloride,tramadol|tramadol hydrochloride,2,chembl|llm_reviewed|manual
trametinib dimethyl sulfoxide,trametinib|trametinib dimethyl sulfoxide,2,chembl|llm_reviewed|manual
trazodone hydrochloride,trazodone|trazodone hydrochloride,2,chembl|llm_reviewed|manual
treanda,bendamustine|bendamustine hydrochloride,2,chembl|manual
tregalizumab,efalizumab|tregalizumab,2,chembl|llm_reviewed
trelegy ellipta,fluticasone furoate|fluticasone furoate|umeclidinium bromide|vilanterol trifenatate,2,chembl|epar|manual
trenonacog alfa,nonacog alfa|trenonacog alfa,2,chembl|llm_reviewed
triamcinolone hexacetonide,triamcinolone|triamcinolone hexacetonide,2,chembl|llm_reviewed|manual
tribasic calcium phosphate,"calcium phosphate, tribasic|durapatite",2,chembl|manual
triclosan,triclosan|trilostane,2,chembl|llm_reviewed
trientine dihydrochloride,trientine|trientine hydrochloride,2,chembl|llm_reviewed|manual
triheptanoin,tretinoin|triheptanoin,2,chembl|llm_reviewed
trilaciclib dihydrochloride,trilaciclib|trilaciclib dihydrochloride,2,chembl|llm_reviewed|manual
trimebutine,trientine|trimebutine,2,chembl|llm_reviewed
trimetazidine dihydrochloride,trimetazidine|trimetazidine dihydrochloride,2,chembl|llm_reviewed|manual
trimethoprim sulfate,trimethoprim|trimethoprim sulfate,2,chembl|llm_reviewed|manual
triptorelin pamoate,triptorelin|triptorelin pamoate,2,chembl|llm_reviewed|manual
trobalt,ezogabine|retigabine,2,chembl|epar|manual
trofosfamide,ifosfamide|trofosfamide,2,chembl|llm_reviewed
trospium chloride,potassium chloride|trospium chloride,2,chembl|llm_reviewed
trovan iv,alatrofloxacin mesilate|alatrofloxacin mesylate,2,chembl|epar|manual
trumenba,neisseria meningitidis factor h binding protein|neisseria meningitidis serogroup b fhbp (recombinant lipidated fhbp (factor h binding protein)) subfamily a|neisseria meningitidis serogroup b fhbp (recombinant lipidated fhbp (factor h binding protein)) subfamily b,2,chembl|epar|manual
trusopt,dorzolamide|dorzolamide hydrochloride,2,chembl|manual
truvada,emtricitabine|emtricitabine|tenofovir disoproxil|emtricitabine|tenofovir disoproxil fumarate,3,epar|manual
trypsin,"trypsin|trypsin, crystallized",2,chembl|llm_reviewed|manual
tucotuzumab celmoleukina,talacotuzumab|tucotuzumab celmoleukin,2,chembl|llm_reviewed
turalio,pexidartinib|pexidartinib hydrochloride,2,chembl|epar|manual
turvel iv,alatrofloxacin mesilate|alatrofloxacin mesylate,2,chembl|epar|manual
twinrix adult,hepatitis a virus (inactivated)|hepatitis b surface antigen|hepatitis b virus hbsag surface protein antigen,2,chembl|epar|manual
twinrix paediatric,hepatitis a virus (inactivated)|hepatitis b surface antigen|hepatitis b virus hbsag surface protein antigen,2,chembl|epar|manual
typhoid vi polysaccharide vaccine,salmonella typhi ty2 vi polysaccharide antigen|typhoid vi polysaccharide vaccine,2,chembl|manual
tyvaso,treprostinil|treprostinil sodium,2,chembl|epar|manual
tyverb,lapatinib|lapatinib ditosylate,2,chembl|epar|manual
u3-1287,amg-888|patritumab,2,chembl|manual
udenafil,sildenafil|udenafil,2,chembl|llm_reviewed
ulobetasol,halobetasol|halobetasol propionate,2,chembl|llm_reviewed|manual
ultratard,insulin human|insulin human zinc,2,chembl|epar|manual
unitensen,cryptenamine|cryptenamine acetates|cryptenamine tannates,3,chembl|manual
unoprostone isopropyl,unoprostone|unoprostone isopropyl,2,chembl|llm_reviewed|manual
upcard,torasemide anhydrous|torsemide,2,chembl|epar|manual
urelumab,guselkumab|urelumab,2,chembl|llm_reviewed
ursodeoxycholic acid,ursodeoxycholic acid|ursodiol,2,chembl|llm_reviewed
utomilumab,golimumab|utomilumab,2,chembl|llm_reviewed
ux001,aceneuramic acid|sialic acid,2,chembl|manual
valaciclovir hydrochloride,valacyclovir|valacyclovir hydrochloride,2,chembl|llm_reviewed|manual
valemetostat tosylate,valemetostat|valemetostat tosylate,2,chembl|llm_reviewed|manual
valproate semisodium,divalproex sodium|valproate semisodium,2,chembl|llm_reviewed
valrubicin,idarubicin|valrubicin,2,chembl|llm_reviewed
vancomycin hydrochloride,vancomycin|vancomycin hydrochloride,2,chembl|llm_reviewed|manual
vanflyta,quizartinib|quizartinib dihydrochloride,2,chembl|epar|manual
vaniqa,eflornithine|eflornithine hydrochloride,2,chembl|epar|manual
vardenafil hydrochloride trihydrate,vardenafil|vardenafil hydrochloride,2,chembl|llm_reviewed|manual
varenicline tartrate,varenicline|varenicline tartrate,2,chembl|llm_reviewed|manual
varespladib sodium,dasabuvir sodium|varespladib,2,chembl|llm_reviewed
vargatef,nintedanib|nintedanib esylate,2,chembl|epar|manual
varlilumab,sarilumab|varlilumab,2,chembl|llm_reviewed
varlitinib,avapritinib|varlitinib,2,chembl|llm_reviewed
varnimcabtagene autoleucel,rapcabtagene autoleucel|varnimcabtagene autoleucel,2,chembl|llm_reviewed
varuby,rolapitant|rolapitant hydrochloride,2,chembl|epar|manual
vatelizumab,teplizumab|vatelizumab,2,chembl|llm_reviewed
vaxchora,"vibrio cholerae, live attenuated|vibrio cholerae, strain cvd 103-hgr, live",2,chembl|epar|manual
vaxneuvance,pneumococcal polysaccharide conjugate vaccine (adsorbed)|streptococcus pneumoniae polysaccharide conjugated to corynebacterium diphtheriae crm197,2,chembl|epar|manual
vaxzevria (previously covid-19 vaccine astrazeneca),chadox1-sars-cov-2|chimpanzee adenovirus encoding sars-cov-2 spike glycoprotein,2,chembl|epar|manual
vecabrutinib,ibrutinib|vecabrutinib,2,chembl|llm_reviewed
velcade,bortezomib|bortezomib d-mannitol,2,chembl|epar|manual
veletri,epoprostenol sodium|tezosentan,2,chembl|manual
velphoro,ferric oxyhydroxide|sucroferric oxyhydroxide,2,chembl|epar|manual
veltuzumab,elotuzumab|veltuzumab,2,chembl|llm_reviewed
vemlidy,tenofovir alafenamide|tenofovir alafenamide fumarate,2,chembl|epar|manual
venglustat malate,venglustat|venglustat malate,2,chembl|llm_reviewed|manual
venlafaxine hydrochloride,venlafaxine|venlafaxine hydrochloride,2,chembl|llm_reviewed|manual
ventavis,iloprost|iloprost tromethamine,2,chembl|epar|manual
ventolin,albuterol|albuterol sulfate|salbutamol,3,chembl|llm_reviewed
vepacel,"influenza a virus, inactivated whole virion|influenza virus (whole virion, inactivated), containing antigen of: a|vietnam|1203|2004 (h5n1)",2,chembl|epar|manual
verapamil hydrochloride,verapamil|verapamil hydrochloride,2,chembl|llm_reviewed|manual
veraseal,"human fibrinogen, human thrombin|human fibrinogen|human thrombin",2,epar|manual
verinurad,lesinurad|verinurad,2,chembl|llm_reviewed
verkazia,ciclosporin|cyclosporine,2,chembl|epar|manual
vesatolimod,entolimod|vesatolimod,2,chembl|llm_reviewed
vesicare,solifenacin|solifenacin succinate,2,chembl|manual
vesprin,triflupromazine|triflupromazine hydrochloride,2,chembl|manual
viagra,sildenafil|sildenafil citrate,2,chembl|epar|manual
vibativ,telavancin|telavancin hydrochloride,2,chembl|epar|manual
vibramycin,doxycycline|doxycycline calcium|doxycycline hyclate,3,chembl
vidofludimus,vidofludimus|vidofludimus calcium,2,chembl|llm_reviewed|manual
vidprevtyn beta,"sars-cov-2 prefusion spike delta tm protein, recombinant (b.1.351 strain)|sars-cov-2 virus spike protein",2,chembl|epar|manual
viekirax,ombitasvir|paritaprevir|ritonavir|ritonavir,2,chembl|epar|manual
vigantol,cholecalciferol|vilanterol,2,chembl|llm_reviewed
vilanterol trifenatate,vilanterol|vilanterol trifenatate,2,chembl|llm_reviewed|manual
vilazodone hydrochloride,vilazodone|vilazodone hydrochloride,2,chembl|llm_reviewed|manual
viltolarsen,lotilaner|viltolarsen,2,chembl|llm_reviewed
vimizim,elosulfase alfa|recombinant human n-acetylgalactosamine-6-sulfatase,2,chembl|epar|manual
vincristini sulfas,vincristine|vincristine sulfate,2,chembl|llm_reviewed|manual
vinflunine ditartrate,vinflunine|vinflunine ditartrate,2,chembl|llm_reviewed|manual
vipidia,alogliptin|alogliptin benzoate,2,chembl|epar|manual
viracept,nelfinavir|nelfinavir mesylate,2,chembl|epar|manual
viread,tenofovir disoproxil|tenofovir disoproxil fumarate,2,chembl|epar|manual
vistaril,hydroxyzine|hydroxyzine hydrochloride|hydroxyzine pamoate,3,chembl|manual
vitamin a,retinol|vitamin e,2,chembl|llm_reviewed
vitamin d,ergocalciferol|vitamin d,2,chembl|llm_reviewed
vitamin d nos,cholecalciferol|ergocalciferol,2,chembl|llm_reviewed
vitamina d3,cholecalciferol|vitamin k,2,llm_reviewed
vivagel,astodrimer|astodrimer sodium,2,chembl|manual
vivanza,vardenafil|vardenafil hydrochloride,2,chembl|epar|manual
vizamyl,flutemetamol (18f)|flutemetamol f 18,2,chembl|epar|manual
vizarsin,sildenafil|sildenafil citrate,2,chembl|epar|manual
vizimpro,dacomitinib|dacomitinib monohydrate,2,chembl|epar|manual
vocabria,cabotegavir sodium|cabotegravir|cabotegravir sodium,2,chembl|epar|manual
volasertib,alisertib|volasertib,2,chembl|llm_reviewed
volixibat,odevixibat|volixibat,2,chembl|llm_reviewed
von willebrand factor,"von willebrand factor human|von willebrand factor, human",2,chembl|llm_reviewed
vontrol,diphenidol|diphenidol hydrochloride,2,chembl|manual
vopratelimab,crovalimab|vopratelimab,2,chembl|llm_reviewed
vorhyaluronidase alfa,hyaluronidase|hyaluronidase (human recombinant),2,chembl|llm_reviewed|manual
votrient,pazopanib|pazopanib hydrochloride,2,chembl|epar|manual
vs-6063,defactinib|defactinib hydrochloride,2,chembl|manual
vudalimab,durvalumab|vudalimab,2,chembl|llm_reviewed
vumerity,diroximel fumarate|diroximel fumarate (biib098),2,chembl|epar|manual
vydura,rimegepant|rimegepant sulfate,2,chembl|epar|manual
vyndaqel,tafamidis|tafamidis meglumine,2,chembl|epar|manual
wakix,pitolisant|pitolisant hydrochloride,2,chembl|epar|manual
wilzin,zinc|zinc acetate,2,chembl|epar|manual
win 40350,"calcium phosphate, tribasic|durapatite",2,chembl|manual
win-40350,"calcium phosphate, tribasic|durapatite",2,chembl|manual
wq-3034,delafloxacin|delafloxacin meglumine,2,chembl|manual
x0002,ibuprofen trelamine|ibuprofen trelamine hydrochloride,2,chembl|manual
xadago,safinamide|safinamide mesylate|safinamide methanesulfonate,3,chembl|epar
xagrid,anagrelide|anagrelide hydrochloride,2,chembl|epar|manual
xaluprine (previously mercaptopurine nova laboratories),6-mercaptopurine monohydrate|mercaptopurine,2,chembl|epar|manual
xelevia,sitagliptin|sitagliptin phosphate,2,chembl|epar|manual
xeljanz,tofacitinib|tofacitinib citrate,2,chembl|epar|manual
xerava,eravacycline|eravacycline dihydrochloride,2,chembl|epar|manual
xermelo,telotristat ethyl|telotristat etiprate,2,chembl|epar|manual
xl-652,bms-779788|bms-852927,2,chembl
xofigo,radium (223ra) dichloride|radium ra 223 dichloride,2,chembl|epar|manual
xospata,gilteritinib|gilteritinib fumarate,2,chembl|epar|manual
xromi,hydroxycarbamide|hydroxyurea,2,chembl|epar|manual
xylocaine,lidocaine|lidocaine hydrochloride,2,chembl|llm_reviewed|manual
xyzal,levocetirizine|levocetirizine dihydrochloride,2,chembl|manual
yellox,bromfenac sodium|bromfenac sodium sesquihydrate,2,chembl|epar|manual
ytracis,yttrium (90y) chloride|yttrium chloride y-90,2,chembl|epar|manual
yttriga,yttrium (90y) chloride|yttrium chloride y-90,2,chembl|epar|manual
zabdeno,adenovirus type 26 encoding ebola virus glycoprotein|recombinant adenovirus type 26 (ad26) encoding the glycoprotein (gp) of the ebola virus zaire (zebov) mayinga strain,2,chembl|epar|manual
zalcitabine,ancitabine|zalcitabine,2,chembl|llm_reviewed
zalmoxis,allogeneic t cells genetically modified with a retroviral vector encoding for a truncated form of the human low affinity nerve growth factor receptor (deltalngfr) and the herpes simplex i virus thymidine kinase (hsv-tk mut2)|allogeneic t cells genetically modified with a retroviral vector encoding for a truncated form of the human low affinity nerve growth factor receptor (δlngfr) and the herpes simplex i virus thymidine kinase (hsv-tk mut2),2,chembl|epar|manual
zalviso,sufentanil|sufentanil citrate,2,chembl|epar|manual
zanolimumab,golimumab|zanolimumab,2,chembl|llm_reviewed
zejula,niraparib|niraparib (tosilate monohydrate)|niraparib tosylate monohydrate,3,chembl|epar|manual
zelnorm,tegaserod|tegaserod maleate,2,chembl|epar|manual
zemaira,.alpha.1-proteinase inhibitor human|alpha1-proteinase inhibitor,2,chembl|llm_reviewed
zemdri,plazomicin (sulfate)|plazomicin sulfate,2,chembl|epar|manual
zestril,estriol|lisinopril,2,chembl|llm_reviewed
zevalin,ibritumomab tiuxetan|yttrium y 90 ibritumomab tiuxetan,2,chembl|epar|manual
ziagen,abacavir|abacavir sulfate,2,chembl|epar|manual
zilbrysq,zilucoplan|zilucoplan sodium,2,chembl|epar|manual
zilebesiran,elebsiran|zilebesiran,2,chembl|llm_reviewed
zilovertamab,cirmtuzumab|zilovertamab vedotin,2,chembl|llm_reviewed
zilucoplan sodium,zilucoplan|zilucoplan sodium,2,chembl|llm_reviewed|manual
zinacef,cefuroxime sodium|zinc,2,chembl|llm_reviewed
zinc acexamate,zinc acetate|zinc acexamate,2,chembl|llm_reviewed
zinc oxide,zinc chloride|zinc oxide,2,chembl|llm_reviewed
zinforo,ceftaroline fosamil|ceftaroline fosamil acetate,2,chembl|epar|manual
zipalertinib,cln-081|zipalertinib,2,chembl|llm_reviewed
ziprasidone hydrochloride,ziprasidone|ziprasidone hydrochloride,2,chembl|llm_reviewed|manual
zmapp,cosfroviximab|larcaviximab|porgaviximab,3,chembl
zoely,nomegestrol acetate|nomegestrol acetate|estradiol,2,chembl|epar|manual
zoladex,goserelin|goserelin acetate,2,chembl|manual
zoledronate,zoledronic acid|zoledronic acid anhydrous,2,chembl|llm_reviewed|manual
zoledronic acid accord,zoledronic acid|zoledronic acid monohydrate,2,chembl|epar|manual
zoledronic acid actavis,zoledronic acid|zoledronic acid monohydrate,2,chembl|epar|manual
zoledronic acid hospira,zoledronic acid|zoledronic acid monohydrate,2,chembl|epar|manual
zoledronic acid medac,zoledronic acid|zoledronic acid monohydrate,2,chembl|epar|manual
zoledronic acid teva generics,zoledronic acid|zoledronic acid monohydrate,2,chembl|epar|manual
zolpidem tartrate,zolpidem|zolpidem tartrate,2,chembl|llm_reviewed|manual
zolsketil pegylated liposomal,"doxorubicin hydrochloride|doxorubicin hydrochloride, liposomal",2,chembl|epar|manual
zometa,zoledronic acid|zoledronic acid|zoledronic acid monohydrate,2,chembl|epar|manual
zostavax,"varicella zoster virus, live attenuated|varicella-zoster virus (live, attenuated)",2,chembl|epar|manual
zovirax,acyclovir|acyclovir sodium,2,chembl|manual
zuretinol acetate,retinol|zuretinol acetate,2,chembl|llm_reviewed
zutectra,hepatitis b immune globulin|human hepatitis b immunoglobulin,2,chembl|epar|manual
zycortal,desoxycorticosterone pivalate|desoxycortone pivalate,2,chembl|epar|manual
zyllt,clopidogrel (as hydrogen sulfate)|clopidogrel bisulfate,2,chembl|epar|manual
zynteglo,autologous cd34+ cell enriched population that contains haematopoietic stem cells transduced with lentiviral vector encoding the βa-t87q-globin gene|betibeglogene autotemcel,2,chembl|epar|manual
zytiga,abiraterone|abiraterone acetate,2,chembl|epar|manual
