"raw_clean","substance_clean","match_status","reason"
"gemcitabine100 mg","gemcitabine","accepted","dose glued to INN"
"5-fluorouracil","fluorouracil","accepted","numerical prefix synonym"
"5fu","fluorouracil","accepted","abbreviated synonym"
"5-fu","fluorouracil","accepted","abbreviated synonym"
"6-mercaptopurine","mercaptopurine","accepted","numerical prefix synonym"
"6mp","mercaptopurine","accepted","abbreviated synonym"
"ara-c","cytarabine","accepted","common abbreviation"
"mtx","methotrexate","accepted","common abbreviation"
"cpt-11","irinotecan","accepted","research code"
"vp-16","etoposide","accepted","research code"
"mesalazine","mesalazine","accepted","European INN (mesalamine is US name)"
"mesalamine","mesalazine","accepted","US name for mesalazine"
"colecalciferol","colecalciferol","accepted","INN (cholecalciferol is synonym)"
"cholecalciferol","colecalciferol","accepted","synonym for colecalciferol"
"fingolimod","fingolimod","accepted","INN"
"acetylsalicylic acid","acetylsalicylic acid","accepted","INN for aspirin"
"aspirin","acetylsalicylic acid","accepted","common name for acetylsalicylic acid"
"glycopyrronium","glycopyrronium","accepted","INN"
"glycopyrronium bromide","glycopyrronium","accepted","salt form"
"botulinum toxin","botulinum toxin type a","accepted","generic class term; type A is the clinical default"
"clostridium botulinum toxin type a","botulinum toxin type a","accepted","biological toxin INN"
"botulinum toxin type a","botulinum toxin type a","accepted","biological toxin INN"
"onabotulinumtoxina","botulinum toxin type a","accepted","brand-derived INN"
"abobotulinumtoxina","botulinum toxin type a","accepted","brand-derived INN"
"incobotulinumtoxina","botulinum toxin type a","accepted","brand-derived INN"
"ciclosporin","ciclosporin","accepted","EU INN (cyclosporine is US spelling)"
"cyclosporin","ciclosporin","accepted","variant spelling of ciclosporin"
"cyclosporine","ciclosporin","accepted","US spelling of ciclosporin"
"glibenclamide","glibenclamide","accepted","EU INN (glyburide is US name)"
"glyburide","glibenclamide","accepted","US name for glibenclamide"
"aciclovir","aciclovir","accepted","EU INN (acyclovir is US spelling)"
"acyclovir","aciclovir","accepted","US spelling of aciclovir"
"paracetamol","paracetamol","accepted","INN (acetaminophen is US name)"
"acetaminophen","paracetamol","accepted","US name for paracetamol"
"fampridine","fampridine","accepted","INN (dalfampridine is US brand-INN)"
"dalfampridine","fampridine","accepted","US name for fampridine"
"flucloxacillin","flucloxacillin","accepted","INN (floxacillin is synonym)"
"floxacillin","flucloxacillin","accepted","synonym for flucloxacillin"
"adrenaline","adrenaline","accepted","INN (epinephrine is US name)"
"epinephrine","adrenaline","accepted","US name for adrenaline"
"noradrenaline","noradrenaline","accepted","INN (norepinephrine is US name)"
"norepinephrine","noradrenaline","accepted","US name for noradrenaline"
"salbutamol","salbutamol","accepted","INN (albuterol is US name)"
"albuterol","salbutamol","accepted","US name for salbutamol"
"botox","botulinum toxin type a","accepted","brand name for botulinum toxin type a"
"dysport","botulinum toxin type a","accepted","brand name for botulinum toxin type a"
"xeomin","botulinum toxin type a","accepted","brand name for botulinum toxin type a"
"human normal immunoglobulin","human normal immunoglobulin","accepted","INN for pooled immunoglobulin"
"ivig","human normal immunoglobulin","accepted","abbreviation for intravenous immunoglobulin"
"cisplatino","cisplatin","accepted","Spanish/Italian INN variant for cisplatin"
"oxaliplatino","oxaliplatin","accepted","Spanish/Italian INN variant for oxaliplatin"
"capecitabina","capecitabine","accepted","Spanish/Italian INN variant for capecitabine"
"lamivudina","lamivudine","accepted","Spanish/Italian INN variant for lamivudine"
"emtricitabina","emtricitabine","accepted","Spanish/Italian INN variant for emtricitabine"
"paracetamolo","paracetamol","accepted","Italian INN variant for paracetamol"
"acido acetilsalicilico","acetylsalicylic acid","accepted","Italian/Spanish for acetylsalicylic acid"
"rifampicin","rifampicin","accepted","INN form (rifampin is USAN synonym)"
"rifampin","rifampicin","accepted","USAN name for rifampicin (INN)"
"ethinylestradiol","ethinylestradiol","accepted","INN (no space variant normalisation)"
"calcipotriene","calcipotriol","accepted","USAN name for calcipotriol (INN)"
"peginterferon alfa 2a","peginterferon alfa-2a","accepted","space instead of hyphen before 2a"
"peginterferon alfa-2a","peginterferon alfa-2a","accepted","INN form"
"peginterferon alfa 2b","peginterferon alfa-2b","accepted","space instead of hyphen before 2b"
"peginterferon alfa-2b","peginterferon alfa-2b","accepted","INN form"
"nab-paclitaxel","paclitaxel","accepted","albumin-bound formulation; INN is paclitaxel"
"human thrombin","thrombin","accepted","human-derived thrombin maps to INN thrombin"
"dexamethason","dexamethasone","accepted","German spelling of dexamethasone"
"folinic acid","folinic acid","accepted","INN form (leucovorin is brand name)"
"leucovorin","folinic acid","accepted","brand/common name for folinic acid"
"leucovorin calcium","folinic acid","accepted","salt/brand form; INN is folinic acid"
"calcium folinate","folinic acid","accepted","salt form of folinic acid"
"levoleucovorin calcium","levoleucovorin","accepted","salt form; INN is levoleucovorin"
"calcium levofolinate","levoleucovorin","accepted","calcium salt of levo-folinic acid; INN is levoleucovorin"
"lidocaine hydrochloride","lidocaine","accepted","hydrochloride salt; INN is lidocaine"
"carbo-cell","carboplatin","accepted","brand name for carboplatin"
"pertactin","pertactin","accepted","B. pertussis outer membrane protein (vaccine antigen); prevent false fuzzy-match to penetratin"
"same","ademetionine","accepted","SAMe abbreviation for S-adenosylmethionine (ademetionine)"
"insulin isophane","insulin isophane","accepted","NPH insulin; INN is insulin isophane (not insulin human)"
"insulin aspartat","insulin aspart","accepted","Danish/German spelling of insulin aspart"
"insulin aspartate","insulin aspart","accepted","variant spelling of insulin aspart"
"insulin glargin","insulin glargine","accepted","German spelling of insulin glargine"
"insulin glargine u-300","insulin glargine","accepted","high-concentration formulation; INN is insulin glargine"
"insulin glargine u-100","insulin glargine","accepted","standard formulation; INN is insulin glargine"
"insulin","insulin human","accepted","generic insulin term maps to insulin human (must be last; specific analogues above take priority)"
"california","influenza vaccine","accepted","override: corrected canonical (chunk 1)"
"wisconsin","influenza vaccine","accepted","override: corrected canonical (chunk 1)"
"malaysia","influenza vaccine","accepted","override: corrected canonical (chunk 1)"
"haemagglutinin from a","influenza vaccine","accepted","override: corrected canonical (chunk 1)"
"haemagglutinin from b","influenza vaccine","accepted","override: corrected canonical (chunk 1)"
"brisbane","influenza vaccine","accepted","override: corrected canonical (chunk 1)"
"carboplatino","carboplatin","accepted","accepted during manual curation (chunk 1)"
"pneumococcal polysaccharide serotype 4","pneumococcal polysaccharide conjugate vaccine (adsorbed)","accepted","accepted during manual curation (chunk 1)"
"pneumococcal polysaccharide serotype 6b","pneumococcal polysaccharide conjugate vaccine (adsorbed)","accepted","accepted during manual curation (chunk 1)"
"new caledonia","influenza vaccine","accepted","override: corrected canonical (chunk 1)"
"influenza, purified antigen","influenza vaccine","accepted","override: corrected canonical (chunk 1)"
"fluorouracile","fluorouracil","accepted","accepted during manual curation (chunk 1)"
"abt-450","paritaprevir","accepted","accepted during manual curation (chunk 1)"
"bay 1841788","darolutamide","accepted","accepted during manual curation (chunk 1)"
"follitropin alfa","follitropin alfa","accepted","override: corrected canonical (chunk 1)"
"pneumococcal polysaccharide serotype 14","pneumococcal polysaccharide conjugate vaccine (adsorbed)","accepted","accepted during manual curation (chunk 1)"
"pneumococcal polysaccharide serotype 23f","pneumococcal polysaccharide vaccine","accepted","override: plain polysaccharide serotype, no conjugate tag (chunk 1)"
"hydroxycarbamide","hydroxyurea","accepted","accepted during manual curation (chunk 1)"
"pneumococcal polysaccharide serotype 1","pneumococcal polysaccharide conjugate vaccine (adsorbed)","accepted","accepted during manual curation (chunk 1)"
"jnj-61186372","amivantamab","accepted","accepted during manual curation (chunk 1)"
"pneumococcal polysaccharide serotype 9v","pneumococcal polysaccharide conjugate vaccine (adsorbed)","accepted","accepted during manual curation (chunk 1)"
"pneumococcal polysaccharide serotype 18c","pneumococcal polysaccharide conjugate vaccine (adsorbed)","accepted","accepted during manual curation (chunk 1)"
"pneumococcal polysaccharide serotype 19f","pneumococcal polysaccharide vaccine","accepted","override: plain polysaccharide serotype, no conjugate tag (chunk 1)"
"pertussis toxoid","pertussis vaccine","accepted","accepted during manual curation (chunk 1)"
"human fibrinogen","fibrinogen, human","accepted","accepted during manual curation (chunk 1)"
"prednisolon","prednisolone","accepted","accepted during manual curation (chunk 1)"
"pneumococcal polysaccharide serotype 6a","pneumococcal polysaccharide conjugate vaccine (adsorbed)","accepted","accepted during manual curation (chunk 1)"
"filamentous haemagglutinin","filamentous haemagglutinin","accepted","override: corrected canonical (chunk 1)"
"pneumococcal polysaccharide serotype 3","pneumococcal polysaccharide conjugate vaccine (adsorbed)","accepted","accepted during manual curation (chunk 1)"
"pneumococcal polysaccharide serotype 5","pneumococcal polysaccharide conjugate vaccine (adsorbed)","accepted","accepted during manual curation (chunk 1)"
"pneumococcal polysaccharide serotype 7f","pneumococcal polysaccharide conjugate vaccine (adsorbed)","accepted","accepted during manual curation (chunk 1)"
"pneumococcal polysaccharide serotype 19a","pneumococcal polysaccharide conjugate vaccine (adsorbed)","accepted","accepted during manual curation (chunk 1)"
"timolol maleate","timolol","accepted","override: corrected canonical (chunk 1)"
"vilanterol trifenatate","vilanterol","accepted","override: corrected canonical (chunk 1)"
"abbv-066","risankizumab","accepted","accepted during manual curation (chunk 1)"
"bay 94-8862","finerenone","accepted","accepted during manual curation (chunk 1)"
"karxt","xanomeline|trospium","accepted","override: corrected canonical (chunk 1)"
"enoxaparin","enoxaparin sodium","accepted","accepted during manual curation (chunk 1)"
"endoxan","cyclophosphamide","accepted","accepted during manual curation (chunk 1)"
"victoria","influenza vaccine","accepted","override: corrected canonical (chunk 1)"
"pneumococcal polysaccharide serotype 3","pneumococcal polysaccharide conjugate vaccine (adsorbed)","accepted","accepted during manual curation (chunk 1)"
"pneumococcal polysaccharide serotype 5","pneumococcal polysaccharide conjugate vaccine (adsorbed)","accepted","accepted during manual curation (chunk 1)"
"5-fu medac 50 mg","fluorouracil","accepted","override: corrected canonical (chunk 1)"
"oxaliplatine","oxaliplatin","accepted","accepted during manual curation (chunk 1)"
"tioguanine","thioguanine","accepted","accepted during manual curation (chunk 1)"
"desametasone","dexamethasone","accepted","accepted during manual curation (chunk 1)"
"pneumococcal polysaccharide serotype 1","pneumococcal polysaccharide conjugate vaccine (adsorbed)","accepted","accepted during manual curation (chunk 1)"
"pneumococcal polysaccharide serotype 4","pneumococcal polysaccharide conjugate vaccine (adsorbed)","accepted","accepted during manual curation (chunk 1)"
"pneumococcal polysaccharide serotype 6a conjugated to crm197","pneumococcal polysaccharide conjugate vaccine (adsorbed)","accepted","accepted during manual curation (chunk 1)"
"pneumococcal polysaccharide serotype 18c","pneumococcal polysaccharide conjugate vaccine (adsorbed)","accepted","accepted during manual curation (chunk 1)"
"vay736","ianalumab","accepted","accepted during manual curation (chunk 1)"
"abt-493","glecaprevir","accepted","accepted during manual curation (chunk 1)"
"abt-530","pibrentasvir","accepted","accepted during manual curation (chunk 1)"
"filamentous haemagglutinin","filamentous haemagglutinin","accepted","override: corrected canonical (chunk 1)"
"gemcitabina","gemcitabine","accepted","accepted during manual curation (chunk 1)"
"ropivacain","ropivacaine","accepted","accepted during manual curation (chunk 1)"
"pneumococcal polysaccharide serotype 5 conjugated to crm197","pneumococcal polysaccharide conjugate vaccine (adsorbed)","accepted","accepted during manual curation (chunk 1)"
"pneumococcal polysaccharide serotype 1 conjugated to crm197","pneumococcal polysaccharide conjugate vaccine (adsorbed)","accepted","accepted during manual curation (chunk 1)"
"pneumococcal polysaccharide serotype 3 conjugated to crm197","pneumococcal polysaccharide conjugate vaccine (adsorbed)","accepted","accepted during manual curation (chunk 1)"
"pneumococcal polysaccharide serotype 4 conjugated to crm197","pneumococcal polysaccharide conjugate vaccine (adsorbed)","accepted","accepted during manual curation (chunk 1)"
"pneumococcal polysaccharide serotype 7f conjugated to crm197","pneumococcal polysaccharide vaccine","accepted","override: plain polysaccharide serotype, no conjugate tag (chunk 1)"
"pneumococcal polysaccharide serotype 19a conjugated to crm197","pneumococcal polysaccharide conjugate vaccine (adsorbed)","accepted","accepted during manual curation (chunk 1)"
"pneumococcal polysaccharide serotype 7f","pneumococcal polysaccharide conjugate vaccine (adsorbed)","accepted","accepted during manual curation (chunk 1)"
"pneumococcal polysaccharide serotype 9v","pneumococcal polysaccharide conjugate vaccine (adsorbed)","accepted","accepted during manual curation (chunk 1)"
"pneumococcal polysaccharide serotype 14","pneumococcal polysaccharide conjugate vaccine (adsorbed)","accepted","accepted during manual curation (chunk 1)"
"pneumococcal polysaccharide serotype 19f","pneumococcal polysaccharide vaccine","accepted","override: plain polysaccharide serotype, no conjugate tag (chunk 1)"
"pneumococcal polysaccharide serotype 19a","pneumococcal polysaccharide conjugate vaccine (adsorbed)","accepted","accepted during manual curation (chunk 1)"
"pneumococcal polysaccharide serotype 23f","pneumococcal polysaccharide vaccine","accepted","override: plain polysaccharide serotype, no conjugate tag (chunk 1)"
"jnj-64407564","talquetamab","accepted","accepted during manual curation (chunk 1)"
"bgb-11417","sonrotoclax","accepted","accepted during manual curation (chunk 1)"
"lou064","remibrutinib","accepted","override: corrected canonical (chunk 1)"
"hydroxycarbamide","hydroxyurea","accepted","accepted during manual curation (chunk 1)"
"calcium chloride dihydrate","calcium chloride","accepted","override: corrected canonical (chunk 1)"
"ribavirina","ribavirin","accepted","accepted during manual curation (chunk 1)"
"solomon islands","influenza vaccine","accepted","override: corrected canonical (chunk 1)"
"prevenar 13","pneumococcal polysaccharide conjugate vaccine (adsorbed)","accepted","override: corrected canonical (chunk 1)"
"abt-267","ombitasvir","accepted","accepted during manual curation (chunk 1)"
"ciclofosfamide","cyclophosphamide","accepted","accepted during manual curation (chunk 1)"
"pneumococcal polysaccharide serotype 6b","pneumococcal polysaccharide conjugate vaccine (adsorbed)","accepted","accepted during manual curation (chunk 1)"
"pneumococcal polysaccharide serotype 22f","pneumococcal polysaccharide vaccine","accepted","override: plain polysaccharide serotype, no conjugate tag (chunk 1)"
"pneumococcal polysaccharide serotype 33f","pneumococcal polysaccharide vaccine","accepted","override: plain polysaccharide serotype, no conjugate tag (chunk 1)"
"pneumococcal polysaccharide serotype 6b conjugated to crm197","pneumococcal polysaccharide conjugate vaccine (adsorbed)","accepted","accepted during manual curation (chunk 1)"
"pneumococcal polysaccharide serotype 9v conjugated to crm197","pneumococcal polysaccharide conjugate vaccine (adsorbed)","accepted","accepted during manual curation (chunk 1)"
"pneumococcal polysaccharide serotype 14 conjugated to crm197","pneumococcal polysaccharide vaccine","accepted","override: plain polysaccharide serotype, no conjugate tag (chunk 1)"
"pneumococcal polysaccharide serotype 19f conjugated to crm197","pneumococcal polysaccharide vaccine","accepted","override: plain polysaccharide serotype, no conjugate tag (chunk 1)"
"pneumococcal polysaccharide serotype 23f conjugated to crm197","pneumococcal polysaccharide vaccine","accepted","override: plain polysaccharide serotype, no conjugate tag (chunk 1)"
"abx464","obefazimod","accepted","accepted during manual curation (chunk 1)"
"sonelokimab","sonelokimab","accepted","override: corrected canonical (chunk 1)"
"jnj-56021927","apalutamide","accepted","accepted during manual curation (chunk 1)"
"argx-113","efgartigimod alfa","accepted","accepted during manual curation (chunk 1)"
"enoxaparin","enoxaparin sodium","accepted","accepted during manual curation (chunk 1)"
"glycerol","glycerin","accepted","accepted during manual curation (chunk 1)"
"ursodeoxycholic acid","ursodiol","accepted","accepted during manual curation (chunk 1)"
"sodio bicarbonato","sodium bicarbonate","accepted","accepted during manual curation (chunk 1)"
"follitropin alfa","follitropin alfa","accepted","override: corrected canonical (chunk 1)"
"uruguay","influenza vaccine","accepted","override: corrected canonical (chunk 1)"
"ain457","secukinumab","accepted","accepted during manual curation (chunk 1)"
"potassio cloruro","potassium chloride","accepted","override: corrected canonical (chunk 1)"
"norethisterone acetate","norethisterone","accepted","override: corrected canonical (chunk 1)"
"ciprofloxacin hydrochloride","ciprofloxacin","accepted","override: corrected canonical (chunk 1)"
"morphine hydrochloride","morphine","accepted","override: corrected canonical (chunk 1)"
"vilanterol trifenatate","vilanterol","accepted","override: corrected canonical (chunk 1)"
"pertussis toxoid","pertussis vaccine","accepted","accepted during manual curation (chunk 1)"
"abt-333","dasabuvir","accepted","accepted during manual curation (chunk 1)"
"pneumococcal polysaccharide serotype 8","pneumococcal polysaccharide conjugate vaccine (adsorbed)","accepted","accepted during manual curation (chunk 1)"
"pneumococcal polysaccharide serotype 10a","pneumococcal polysaccharide conjugate vaccine (adsorbed)","accepted","accepted during manual curation (chunk 1)"
"pneumococcal polysaccharide serotype 11a","pneumococcal polysaccharide conjugate vaccine (adsorbed)","accepted","accepted during manual curation (chunk 1)"
"pneumococcal polysaccharide serotype 12f","pneumococcal polysaccharide vaccine","accepted","override: plain polysaccharide serotype, no conjugate tag (chunk 1)"
"pneumococcal polysaccharide serotype 15b","pneumococcal polysaccharide conjugate vaccine (adsorbed)","accepted","accepted during manual curation (chunk 1)"
"pneumococcal polysaccharide serotype 18c conjugated to crm197","pneumococcal polysaccharide conjugate vaccine (adsorbed)","accepted","accepted during manual curation (chunk 1)"
"pneumococcal polysaccharide serotype 22f conjugated to crm197","pneumococcal polysaccharide vaccine","accepted","override: plain polysaccharide serotype, no conjugate tag (chunk 1)"
"pneumococcal polysaccharide serotype 33f conjugated to crm197","pneumococcal polysaccharide vaccine","accepted","override: plain polysaccharide serotype, no conjugate tag (chunk 1)"
"fluorouracile accord 50 mg","fluorouracil","accepted","accepted during manual curation (chunk 1)"
"ytb323","rapcabtagene autoleucel","accepted","accepted during manual curation (chunk 1)"
"zidovudina","zidovudine","accepted","accepted during manual curation (chunk 1)"
"5-aminolevulinic acid hydrochloride","aminolevulinic acid","accepted","override: corrected canonical (chunk 1)"
"antithymocyte immunoglobulin rabbit","antithymocyte globulin (rabbit)","accepted","override: corrected canonical (chunk 1)"
"hydrocortisone sodium succinate","hydrocortisone","accepted","override: corrected canonical (chunk 1)"
"amg 386","trebananib","accepted","accepted during manual curation (chunk 1)"
"pneumococcal polysaccharide serotype 6a","pneumococcal polysaccharide conjugate vaccine (adsorbed)","accepted","accepted during manual curation (chunk 1)"
"colestyramine","cholestyramine","accepted","accepted during manual curation (chunk 1)"
"gw685698 fluticasone furoate","fluticasone furoate","accepted","override: corrected canonical (chunk 1)"
"macrogol 4000","macrogol","accepted","override: corrected canonical (chunk 1)"
"rpl554","ensifentrine","accepted","accepted during manual curation (chunk 1)"
"phenoxymethylpenicillin","penicillin v","accepted","accepted during manual curation (chunk 1)"
"metformina","metformin","accepted","accepted during manual curation (chunk 1)"
"macrogol 3350","macrogol","accepted","override: corrected canonical (chunk 1)"
"simvastatina","simvastatin","accepted","accepted during manual curation (chunk 1)"
"calcium carbonate","calcium carbonate","accepted","override: corrected canonical (chunk 1)"
"radium-223 dichloride","radium-223 dichloride","accepted","override: corrected canonical (chunk 1)"
"influenza vaccine split virion, inactivated","influenza vaccine","accepted","override: corrected canonical (chunk 1)"
"natriumklorid b. braun 9 mg","sodium chloride","accepted","override: corrected canonical (chunk 1)"
"albumin","albumin human","accepted","accepted during manual curation (chunk 1)"
"fludeoxyglucose (18f)","fludeoxyglucose (18f)","accepted","override: corrected canonical (chunk 1)"
"18f-dpa-714","18f-dpa-714","accepted","override: corrected canonical (chunk 1)"
"lipitor","atorvastatin","accepted","override: corrected canonical (chunk 1)"
"magnesium chloride hexahydrate","magnesium chloride","accepted","override: corrected canonical (chunk 1)"
"atorvastatina","atorvastatin","accepted","accepted during manual curation (chunk 1)"
"gemcitabina","gemcitabine","accepted","accepted during manual curation (chunk 1)"
"microplasmin","ocriplasmin","accepted","accepted during manual curation (chunk 1)"
"fluarix","influenza vaccine","accepted","override: corrected canonical (chunk 1)"
"morphine sulphate","morphine","accepted","override: corrected canonical (chunk 1)"
"dalteparin","dalteparin sodium","accepted","accepted during manual curation (chunk 1)"
"gemcitabin","gemcitabine","accepted","accepted during manual curation (chunk 1)"
"remifentanil hydrochloride","remifentanil","accepted","override: corrected canonical (chunk 1)"
"clonidine hydrochloride","clonidine","accepted","override: corrected canonical (chunk 1)"
"albumin","albumin human","accepted","accepted during manual curation (chunk 1)"
"pneumococcal polysaccharide serotype 1","pneumococcal polysaccharide conjugate vaccine (adsorbed)","accepted","accepted during manual curation (chunk 1)"
"pneumococcal polysaccharide serotype 3","pneumococcal polysaccharide conjugate vaccine (adsorbed)","accepted","accepted during manual curation (chunk 1)"
"pneumococcal polysaccharide serotype 4","pneumococcal polysaccharide conjugate vaccine (adsorbed)","accepted","accepted during manual curation (chunk 1)"
"pneumococcal polysaccharide serotype 5","pneumococcal polysaccharide conjugate vaccine (adsorbed)","accepted","accepted during manual curation (chunk 1)"
"pneumococcal polysaccharide serotype 6b","pneumococcal polysaccharide conjugate vaccine (adsorbed)","accepted","accepted during manual curation (chunk 1)"
"pneumococcal polysaccharide serotype 7f","pneumococcal polysaccharide conjugate vaccine (adsorbed)","accepted","accepted during manual curation (chunk 1)"
"pneumococcal polysaccharide serotype 9v","pneumococcal polysaccharide conjugate vaccine (adsorbed)","accepted","accepted during manual curation (chunk 1)"
"pneumococcal polysaccharide serotype 14","pneumococcal polysaccharide conjugate vaccine (adsorbed)","accepted","accepted during manual curation (chunk 1)"
"pneumococcal polysaccharide serotype 18c","pneumococcal polysaccharide conjugate vaccine (adsorbed)","accepted","accepted during manual curation (chunk 1)"
"pneumococcal polysaccharide serotype 19a","pneumococcal polysaccharide conjugate vaccine (adsorbed)","accepted","accepted during manual curation (chunk 1)"
"pneumococcal polysaccharide serotype 19f","pneumococcal polysaccharide vaccine","accepted","override: plain polysaccharide serotype, no conjugate tag (chunk 1)"
"pneumococcal polysaccharide serotype 23f","pneumococcal polysaccharide vaccine","accepted","override: plain polysaccharide serotype, no conjugate tag (chunk 1)"
"human fibrinogen","fibrinogen, human","accepted","accepted during manual curation (chunk 1)"
"fluorine 18f fludeoxyglucose","fludeoxyglucose (18f)","accepted","override: corrected canonical (chunk 1)"
"azacitidina","azacitidine","accepted","accepted during manual curation (chunk 1)"
"sodium hydrogen carbonate","sodium bicarbonate","accepted","override: corrected canonical (chunk 1)"
"california","influenza vaccine","accepted","override: corrected canonical (chunk 1)"
"rilpivirine hydrochloride","rilpivirine","accepted","override: corrected canonical (chunk 1)"
"diclorhidrato de histamina 10 mg","histamine","accepted","override: corrected canonical (chunk 1)"
"lee011","ribociclib","accepted","accepted during manual curation (chunk 1)"
"atropine sulfate","atropine","accepted","override: corrected canonical (chunk 1)"
"doxorubicina cloridrato","doxorubicin","accepted","accepted during manual curation (chunk 1)"
"dolutegravir sodium","dolutegravir","accepted","override: corrected canonical (chunk 1)"
"bms-986165","deucravacitinib","accepted","accepted during manual curation (chunk 1)"
"argx-117","empasiprubart","accepted","accepted during manual curation (chunk 1)"
"zilovertamab vedotin","zilovertamab vedotin","accepted","override: corrected canonical (chunk 1)"
"kardegic 75 mg, poudre pour solution buvable en sachet-dose","acetylsalicylic acid","accepted","override: corrected canonical (chunk 1)"
"jnj-63723283","cetrelimab","accepted","accepted during manual curation (chunk 1)"
"thymoglobuline 5 mg","antithymocyte globulin (rabbit)","accepted","override: corrected canonical (chunk 1)"
"ritlecitinib tosilate","ritlecitinib","accepted","override: corrected canonical (chunk 1)"
"cellulose, microcrystalline","microcrystalline cellulose","accepted","accepted during manual curation (chunk 1)"
"jnj-80202135","nipocalimab","accepted","accepted during manual curation (chunk 1)"
"carboplatine accord 10 mg","carboplatin","accepted","accepted during manual curation (chunk 1)"
"cisplatine accord 1 mg","cisplatin","accepted","accepted during manual curation (chunk 1)"
"carboplatine medac 10 mg","carboplatin","accepted","accepted during manual curation (chunk 1)"
"doxorubicine","doxorubicin","accepted","accepted during manual curation (chunk 1)"
"macrogol 3350","macrogol","accepted","override: corrected canonical (chunk 1)"
"inactivated polio virus type 1","poliovirus vaccine, inactivated","accepted","override: corrected canonical (chunk 1)"
"inactivated polio virus type 2","poliovirus vaccine, inactivated","accepted","override: corrected canonical (chunk 1)"
"inactivated polio virus type 3","poliovirus vaccine, inactivated","accepted","override: corrected canonical (chunk 1)"
"follitropin beta","follitropin beta","accepted","override: corrected canonical (chunk 1)"
"morphine sulphate","morphine","accepted","override: corrected canonical (chunk 1)"
"nicotinic acid","niacin","accepted","accepted during manual curation (chunk 1)"
"nicotinic acid","niacin","accepted","accepted during manual curation (chunk 1)"
"neisseria meningitidis serogroup c polysaccharide psc conjugated to tetanus toxoid tt","meningococcal group c conjugate vaccine","accepted","override: corrected canonical (chunk 1)"
"esomeprazol","esomeprazole","accepted","accepted during manual curation (chunk 1)"
"pertussis toxoid","pertussis vaccine","accepted","accepted during manual curation (chunk 1)"
"bibf 1120","nintedanib","accepted","accepted during manual curation (chunk 1)"
"lidocane","lidocaine","accepted","accepted during manual curation (chunk 1)"
"monofer","iron isomaltoside 1000","accepted","accepted during manual curation (chunk 1)"
"human fibrinogen","fibrinogen, human","accepted","accepted during manual curation (chunk 1)"
"calcio cloruro","calcium chloride","accepted","override: corrected canonical (chunk 1)"
"etravirina","etravirine","accepted","accepted during manual curation (chunk 1)"
"human papillomavirus type 16 l1 protein","human papillomavirus vaccine","accepted","override: corrected canonical (chunk 1)"
"dimebon dihydrochloride","latrepirdine","accepted","accepted during manual curation (chunk 1)"
"gsk573719","umeclidinium","accepted","accepted during manual curation (chunk 1)"
"ciclosporina","cyclosporine","accepted","accepted during manual curation (chunk 1)"
"estradiol valerate","estradiol valerate","accepted","override: corrected canonical (chunk 1)"
"afq056","mavoglurant","accepted","accepted during manual curation (chunk 1)"
"neostigmine metilsulfate","neostigmine","accepted","override: corrected canonical (chunk 1)"
"colchicina","colchicine","accepted","accepted during manual curation (chunk 1)"
"influenza virus split virion, inactivated a","influenza a virus, inactivated whole virion","accepted","accepted during manual curation (chunk 1)"
"mnb rlp2086 subfamily a","meningococcal group b vaccine","accepted","override: corrected canonical (chunk 1)"
"mnb rlp2086 subfamily b","meningococcal group b vaccine","accepted","override: corrected canonical (chunk 1)"
"enoxaparina sodica","enoxaparin sodium","accepted","accepted during manual curation (chunk 1)"
"citric acid anhydrous","citric acid","accepted","override: corrected canonical (chunk 1)"
"erythromycin lactobionate","erythromycin","accepted","override: corrected canonical (chunk 1)"
"5-aminolevulinic acid","aminolevulinic acid","accepted","accepted during manual curation (chunk 1)"
"vilanterol trifenatate","vilanterol","accepted","override: corrected canonical (chunk 1)"
"neisseria meningitidis group c polysaccharide conjugated to tetanus toxoid carrier protein","meningococcal group c conjugate vaccine","accepted","override: corrected canonical (chunk 1)"
"psilocybine","psilocybin","accepted","accepted during manual curation (chunk 1)"
"vilanterol trifenatate","vilanterol","accepted","override: corrected canonical (chunk 1)"
"interleukin-2","aldesleukin","accepted","accepted during manual curation (chunk 1)"
"nicotinamide","niacinamide","accepted","accepted during manual curation (chunk 1)"
"massachusetts","influenza vaccine","accepted","override: corrected canonical (chunk 1)"
"calcio levofolinato","levoleucovorin","accepted","override: corrected canonical (chunk 1)"
"trabectedina","trabectedin","accepted","accepted during manual curation (chunk 1)"
"amifampridina","amifampridine","accepted","accepted during manual curation (chunk 1)"
"bms-986205","linrodostat","accepted","accepted during manual curation (chunk 1)"
"azd6738","ceralasertib","accepted","accepted during manual curation (chunk 1)"
"covid-19 mrna vaccine nucleoside-modified","covid-19 mrna vaccine, nucleoside-modified","accepted","override: corrected canonical (chunk 1)"
"covid-19 vaccine chadox1-s recombinant","covid-19 vaccine, adenoviral vector","accepted","override: corrected canonical (chunk 1)"
"cisplatinum accord, 1 mg","cisplatin","accepted","accepted during manual curation (chunk 1)"
"cisplatin-ebewe, 1 mg","cisplatin","accepted","accepted during manual curation (chunk 1)"
"doxorubicine accord 2 mg","doxorubicin","accepted","accepted during manual curation (chunk 1)"
"fludarabina teva 25 mg","fludarabine","accepted","accepted during manual curation (chunk 1)"
"chlorure de sodium proamp 0,9 %, solution injectable","sodium chloride","accepted","override: corrected canonical (chunk 1)"
"immunoglobulins, normal human, for intravascular adm.","immunoglobulin, normal human","accepted","override: corrected canonical (chunk 1)"
"grafalon 20 mg","antithymocyte globulin (rabbit)","accepted","override: corrected canonical (chunk 1)"
"sel120 monohydrochloride","sel-120","accepted","accepted during manual curation (chunk 1)"
"novartis meningococcal acwy conjugate vaccine","meningococcal group acwy vaccine","accepted","override: corrected canonical (chunk 1)"
"dexametasona","dexamethasone","accepted","accepted during manual curation (chunk 1)"
"exemestan","exemestane","accepted","accepted during manual curation (chunk 1)"
"sodium valproate","valproate sodium","accepted","accepted during manual curation (chunk 1)"
"tmc125","etravirine","accepted","accepted during manual curation (chunk 1)"
"japanese encephalitis purified inactivated vaccine","japanese encephalitis virus, inactivated","accepted","accepted during manual curation (chunk 1)"
"hydrochlorothiazid","hydrochlorothiazide","accepted","accepted during manual curation (chunk 1)"
"live attenuated rubella vaccine, ra 27","rubella virus vaccine, live","accepted","override: corrected canonical (chunk 1)"
"calcium chloride","calcium chloride","accepted","override: corrected canonical (chunk 1)"
"methotrexat","methotrexate","accepted","accepted during manual curation (chunk 1)"
"nicotinamide","niacinamide","accepted","accepted during manual curation (chunk 1)"
"bupivacain","bupivacaine","accepted","accepted during manual curation (chunk 1)"
"immunoglobulins, normal human, for intravascular adm.","immunoglobulin, normal human","accepted","override: corrected canonical (chunk 1)"
"carboplatino","carboplatin","accepted","accepted during manual curation (chunk 1)"
"intradermal influenza vaccine","influenza vaccine","accepted","override: corrected canonical (chunk 1)"
"ribavirina","ribavirin","accepted","accepted during manual curation (chunk 1)"
"morphine sulphate","morphine","accepted","override: corrected canonical (chunk 1)"
"omega-3-triglycerides","omega-3 fatty acids","accepted","override: corrected canonical (chunk 1)"
"nicotinic acid","niacin","accepted","accepted during manual curation (chunk 1)"
"timolol maleate","timolol","accepted","override: corrected canonical (chunk 1)"
"5-aminolevulinic acid hydrochloride","aminolevulinic acid hydrochloride","accepted","accepted during manual curation (chunk 1)"
"ursodeoxycholic acid","ursodiol","accepted","override: corrected canonical (chunk 1)"
"alendronate","alendronic acid","accepted","accepted during manual curation (chunk 1)"
"ferinject","ferric carboxymaltose","accepted","override: corrected canonical (chunk 1)"
"fluorouracile","fluorouracil","accepted","accepted during manual curation (chunk 1)"
"ciclofosfamida","cyclophosphamide","accepted","override: corrected canonical (chunk 1)"
"nicotinic acid","niacin","accepted","accepted during manual curation (chunk 1)"
"nonavalent hpv vlp vaccine","human papillomavirus 9-valent vaccine, recombinant","accepted","override: corrected canonical (chunk 1)"
"tetracosactide","cosyntropin","accepted","accepted during manual curation (chunk 1)"
"human papillomavirus type 18 l1 protein","human papillomavirus vaccine","accepted","override: corrected canonical (chunk 1)"
"fluorouracilo","fluorouracil","accepted","accepted during manual curation (chunk 1)"
"purified diphtheria toxoid d","diphtheria toxoid","accepted","override: corrected canonical (chunk 1)"
"purified tetanus toxoid t","tetanus toxoid","accepted","override: corrected canonical (chunk 1)"
"haemophilus influenzae type b polysaccharide prp conjugated to tetanus toxoid tt","haemophilus influenzae type b strain 20752 capsular polysaccharide tetanus toxoid conjugate antigen","accepted","accepted during manual curation (chunk 1)"
"metilprednisolone","methylprednisolone","accepted","accepted during manual curation (chunk 1)"
"lenalidomida","lenalidomide","accepted","accepted during manual curation (chunk 1)"
"acido zoledronico","zoledronic acid","accepted","accepted during manual curation (chunk 1)"
"human papillomavirus type 6 l1 protein","human papillomavirus vaccine","accepted","override: corrected canonical (chunk 1)"
"human papillomavirus type 11 l1 protein","human papillomavirus vaccine","accepted","override: corrected canonical (chunk 1)"
"human papillomavirus type 16 l1 protein","human papillomavirus vaccine","accepted","override: corrected canonical (chunk 1)"
"human papillomavirus type 18 l1 protein","human papillomavirus vaccine","accepted","override: corrected canonical (chunk 1)"
"calcium chloride dihydrate","calcium chloride","accepted","override: corrected canonical (chunk 1)"
"mitomicina","mitomycin","accepted","accepted during manual curation (chunk 1)"
"amg 827","brodalumab","accepted","accepted during manual curation (chunk 1)"
"pneumovax","pneumococcal polysaccharide vaccine","accepted","override: corrected canonical (chunk 1)"
"split virion, inactivated a","influenza vaccine","accepted","override: corrected canonical (chunk 1)"
"ganciclovir sodium","ganciclovir","accepted","override: corrected canonical (chunk 1)"
"retigabine","ezogabine","accepted","accepted during manual curation (chunk 1)"
"azd4547","fexagratinib","accepted","accepted during manual curation (chunk 1)"
"prevenar13","pneumococcal polysaccharide conjugate vaccine (adsorbed)","accepted","override: corrected canonical (chunk 1)"
"bez235","dactolisib","accepted","accepted during manual curation (chunk 1)"
"lanreotide acetate","lanreotide","accepted","override: corrected canonical (chunk 1)"
"amg 145","evolocumab","accepted","override: corrected canonical (chunk 1)"
"sulphur hexafluoride","sulphur hexafluoride","accepted","override: corrected canonical (chunk 1)"
"enoxaparin","enoxaparin sodium","accepted","accepted during manual curation (chunk 1)"
"ulipristal acetate","ulipristal acetate","accepted","override: corrected canonical (chunk 1)"
"neisseria meningitidis group a polysaccharide conjugated to tetanus toxoid carrier protein","meningococcal group a conjugate vaccine","accepted","override: corrected canonical (chunk 1)"
"neisseria meningitidis group w-135 polysaccharide conjugated to tetanus toxoid carrier protein","meningococcal group w135 conjugate vaccine","accepted","override: corrected canonical (chunk 1)"
"neisseria meningitidis group y polysaccharide conjugated to tetanus toxoid carrier protein","meningococcal group y conjugate vaccine","accepted","override: corrected canonical (chunk 1)"
"pivmecillinam","amdinocillin pivoxil","accepted","accepted during manual curation (chunk 1)"
"pneumococcal polysaccharide serotype 2","pneumococcal polysaccharide conjugate vaccine (adsorbed)","accepted","accepted during manual curation (chunk 1)"
"pneumococcal polysaccharide serotype 9n","pneumococcal polysaccharide conjugate vaccine (adsorbed)","accepted","accepted during manual curation (chunk 1)"
"pneumococcal polysaccharide serotype 20","pneumococcal polysaccharide conjugate vaccine (adsorbed)","accepted","accepted during manual curation (chunk 1)"
"pneumococcal polysaccharide serotype 17f","pneumococcal polysaccharide vaccine","accepted","override: plain polysaccharide serotype, no conjugate tag (chunk 1)"
"cefalexin","cefalexin","accepted","override: corrected canonical (chunk 1)"
"pdr001","spartalizumab","accepted","accepted during manual curation (chunk 1)"
"neisseria meningitidis group a polysaccharide conjugated to tetanus toxoid carrier protein","meningococcal group a conjugate vaccine","accepted","override: corrected canonical (chunk 1)"
"neisseria meningitidis group y polysaccharide conjugated to tetanus toxoid carrier protein","meningococcal group y conjugate vaccine","accepted","override: corrected canonical (chunk 1)"
"neisseria meningitidis group w-135 polysaccharide conjugated to tetanus toxoid carrier protein","meningococcal group w135 conjugate vaccine","accepted","override: corrected canonical (chunk 1)"
"pneumococcal polysaccharide serotype 6a","pneumococcal polysaccharide conjugate vaccine (adsorbed)","accepted","accepted during manual curation (chunk 1)"
"177lu-edotreotide","edotreotide","accepted","accepted during manual curation (chunk 1)"
"itacitinib adipate","itacitinib","accepted","override: corrected canonical (chunk 1)"
"efgartigimod","efgartigimod alfa","accepted","accepted during manual curation (chunk 1)"
"patritumab deruxtecan","patritumab deruxtecan","accepted","override: corrected canonical (chunk 1)"
"camostat mesilate","camostat","accepted","override: corrected canonical (chunk 1)"
"isis 678354","olezarsen","accepted","accepted during manual curation (chunk 1)"
"covid-19 mrna vaccine nucleoside modified","covid-19 mrna vaccine, nucleoside-modified","accepted","override: corrected canonical (chunk 1)"
"18f-psma-1007","18f-psma-1007","accepted","override: corrected canonical (chunk 1)"
"nacl 0,9 % b. braun, solution pour perfusion","sodium chloride","accepted","override: corrected canonical (chunk 1)"
"endoxan 1000 mg, poudre pour solution injectable","cyclophosphamide","accepted","accepted during manual curation (chunk 1)"
"ritlecitinib tosilate","ritlecitinib","accepted","override: corrected canonical (chunk 1)"
"chlorure de sodium 0,9 % aguettant, solution pour perfusion","sodium chloride","accepted","override: corrected canonical (chunk 1)"
"armisarte 25 mg","pemetrexed","accepted","override: corrected canonical (chunk 1)"
"carboplatino teva 10 mg","carboplatin","accepted","accepted during manual curation (chunk 1)"
"fluor-18-fdg, 400 mbq-210 gbq, injektionsvreske
fludeoxyglucose (18f)","fludeoxyglucose (18f)","accepted","override: corrected canonical (chunk 1)"
"raludotatug deruxtecan","raludotatug deruxtecan","accepted","override: corrected canonical (chunk 1)"
"elvorine 100 mg","levoleucovorin","accepted","override: corrected canonical (chunk 1)"
"eloxatine 5 mg","oxaliplatin","accepted","override: corrected canonical (chunk 1)"
"menjugate","meningococcal group c conjugate vaccine","accepted","override: corrected canonical (chunk 1)"
"hepatitis b virus surface antigen recombinant s protein","hepatitis b vaccine (recombinant)","accepted","override: corrected canonical (chunk 1)"
"human insulin","insulin human","accepted","accepted during manual curation (chunk 1)"
"letrozol","letrozole","accepted","accepted during manual curation (chunk 1)"
"clostridium botulinum type a toxin - haemagglutinin complex","botulinum toxin type a","accepted","override: corrected canonical (chunk 1)"
"vitamin c","ascorbic acid","accepted","override: corrected canonical (chunk 1)"
"n. meningitidis serogroup c polysaccharide psc conjugated to tetanus toxoid tt","meningococcal group c conjugate vaccine","accepted","override: corrected canonical (chunk 1)"
"pertussis toxoid pt","pertussis vaccine","accepted","accepted during manual curation (chunk 1)"
"rilpivirine hydrochloride","rilpivirine","accepted","override: corrected canonical (chunk 1)"
"ciclosporine","cyclosporine","accepted","accepted during manual curation (chunk 1)"
"eptacog alfa activated","eptacog alfa (activated)","accepted","accepted during manual curation (chunk 1)"
"fibrinogen","fibrinogen, human","accepted","accepted during manual curation (chunk 1)"
"intratect","immunoglobulin, normal human","accepted","override: corrected canonical (chunk 1)"
"itf2357","givinostat","accepted","accepted during manual curation (chunk 1)"
"etoposid","etoposide","accepted","accepted during manual curation (chunk 1)"
"influenza vaccine split virion, inactivated","influenza vaccine","accepted","override: corrected canonical (chunk 1)"
"human insulin","insulin human","accepted","accepted during manual curation (chunk 1)"
"dacarbazina","dacarbazine","accepted","accepted during manual curation (chunk 1)"
"valproate","valproic acid","accepted","accepted during manual curation (chunk 1)"
"ferrous sulphate","ferrous sulfate","accepted","accepted during manual curation (chunk 1)"
"purified antigen fractions of inactivated influenza viruses","influenza vaccine","accepted","override: corrected canonical (chunk 1)"
"phleum pratense","phleum pratense","accepted","override: corrected canonical (chunk 1)"
"pioglitazon","pioglitazone","accepted","accepted during manual curation (chunk 1)"
"metformina","metformin","accepted","accepted during manual curation (chunk 1)"
"haemophilus influenzae type b polysaccharide","haemophilus influenzae type b polysaccharide","accepted","override: corrected canonical (chunk 1)"
"acetylsalicylsure","acetylsalicylic acid","accepted","override: corrected canonical (chunk 1)"
"migalastat hydrochloride","migalastat","accepted","override: corrected canonical (chunk 1)"
"dimethylfumarat","dimethyl fumarate","accepted","accepted during manual curation (chunk 1)"
"poliovirus 3 types","poliovirus vaccine, inactivated","accepted","override: corrected canonical (chunk 1)"
"coagulation factor viii","coagulation factor viii","accepted","override: corrected canonical (chunk 1)"
"n.meningitidis serogroup a polysaccharide psa conjugated to tetanus toxoid tt","meningococcal group a conjugate vaccine","accepted","override: corrected canonical (chunk 1)"
"novartis meningococcal b recombinant + omv nz vaccine","meningococcal group b vaccine","accepted","override: corrected canonical (chunk 1)"
"novartis meningococcal b recombinant vaccine","meningococcal group b vaccine","accepted","override: corrected canonical (chunk 1)"
"colestilan","colestilan chloride","accepted","accepted during manual curation (chunk 1)"
"5-fluorouracile","fluorouracil","accepted","accepted during manual curation (chunk 1)"
"nacl","sodium chloride","accepted","override: corrected canonical (chunk 1)"
"cisplatine","cisplatin","accepted","accepted during manual curation (chunk 1)"
"alfentanil hydrochloride","alfentanil","accepted","override: corrected canonical (chunk 1)"
"atx-101","deoxycholic acid","accepted","accepted during manual curation (chunk 1)"
"influenza vaccine surface antigen, inactivated","influenza vaccine","accepted","override: corrected canonical (chunk 1)"
"acide folinique","folinic acid","accepted","override: corrected canonical (chunk 1)"
"oxybuprocaine","benoxinate","accepted","accepted during manual curation (chunk 1)"
"glyceryl trinitrate","nitroglycerin","accepted","accepted during manual curation (chunk 1)"
"prednison","prednisone","accepted","accepted during manual curation (chunk 1)"
"macrogol","polyethylene glycol","accepted","accepted during manual curation (chunk 1)"
"medical oxygen","oxygen","accepted","override: corrected canonical (chunk 1)"
"triptorelin pamoate","triptorelin","accepted","override: corrected canonical (chunk 1)"
"idroclorotiazide","hydrochlorothiazide","accepted","accepted during manual curation (chunk 1)"
"amg 479","ganitumab","accepted","accepted during manual curation (chunk 1)"
"dactylis glomerata pollen","dactylis glomerata pollen","accepted","override: corrected canonical (chunk 1)"
"trombina umana","thrombin","accepted","accepted during manual curation (chunk 1)"
"aluminium hydroxide","aluminum hydroxide","accepted","accepted during manual curation (chunk 1)"
"sodio solfato anidro","sodium sulfate","accepted","override: corrected canonical (chunk 1)"
"purified pertussis toxoid pt","pertussis toxoid","accepted","override: corrected canonical (chunk 1)"
"purified filamentous haemagglutinin fha","filamentous haemagglutinin","accepted","override: corrected canonical (chunk 1)"
"purified pertactin prn","pertactin","accepted","override: corrected canonical (chunk 1)"
"inactivated poliovirus types 1-2-3","poliovirus vaccine, inactivated","accepted","override: corrected canonical (chunk 1)"
"metformina hidrocloruro","metformin","accepted","accepted during manual curation (chunk 1)"
"human albumin","albumin human","accepted","accepted during manual curation (chunk 1)"
"prednisona","prednisone","accepted","accepted during manual curation (chunk 1)"
"verde indocianina","indocyanine green","accepted","override: corrected canonical (chunk 1)"
"18fflutemetamol","flutemetamol","accepted","accepted during manual curation (chunk 1)"
"sugammadex sodium","sugammadex","accepted","override: corrected canonical (chunk 1)"
"dutogliptin tartrate","dutogliptin","accepted","override: corrected canonical (chunk 1)"
"somatropina","somatropin","accepted","accepted during manual curation (chunk 1)"
"prograft","tacrolimus","accepted","override: corrected canonical (chunk 1)"
"ferric carboxymaltose fcm","ferric carboxymaltose","accepted","accepted during manual curation (chunk 1)"
"catapresan","clonidine","accepted","override: corrected canonical (chunk 1)"
"clonidine hydrochloride","clonidine","accepted","override: corrected canonical (chunk 1)"
"ropivacain","ropivacaine","accepted","accepted during manual curation (chunk 1)"
"bkm120","buparlisib","accepted","override: corrected canonical (chunk 1)"
"gsk1605786a","vercirnon sodium","accepted","accepted during manual curation (chunk 1)"
"esketamine hydrochloride","esketamine","accepted","override: corrected canonical (chunk 1)"
"tetrahydrocannabinol botanical drug substance thc bds","dronabinol","accepted","accepted during manual curation (chunk 1)"
"brisbane","influenza vaccine","accepted","override: corrected canonical (chunk 1)"
"amphotericine b, liposome","amphotericin b","accepted","accepted during manual curation (chunk 1)"
"delta-9-tetrahydrocannabinol","dronabinol","accepted","accepted during manual curation (chunk 1)"
"macrogols","macrogol","accepted","override: corrected canonical (chunk 1)"
"glpg0634","filgotinib","accepted","accepted during manual curation (chunk 1)"
"influenza virus  split virion, inactivated a","influenza a virus, inactivated whole virion","accepted","accepted during manual curation (chunk 1)"
"human serum albumin","albumin human","accepted","accepted during manual curation (chunk 1)"
"timolol maleate","timolol","accepted","override: corrected canonical (chunk 1)"
"amg 416","etelcalcetide hydrochloride","accepted","accepted during manual curation (chunk 1)"
"pneumococcal polysaccharide serotype 6b conjugated to crm197 adsorbed on aluminium phosphate","pneumococcal polysaccharide vaccine","accepted","override: plain polysaccharide serotype, no conjugate tag (chunk 1)"
"pneumococcal polysaccharide serotype 9v conjugated to crm197 adsorbed on aluminium phosphate","pneumococcal polysaccharide vaccine","accepted","override: plain polysaccharide serotype, no conjugate tag (chunk 1)"
"pneumococcal polysaccharide serotype 14 conjugated to crm197 adsorbed on aluminium phosphate","pneumococcal polysaccharide vaccine","accepted","override: plain polysaccharide serotype, no conjugate tag (chunk 1)"
"pneumococcal polysaccharide serotype 19f conjugated to crm197 adsorbed on aluminium phosphate","pneumococcal polysaccharide vaccine","accepted","override: plain polysaccharide serotype, no conjugate tag (chunk 1)"
"pneumococcal polysaccharide serotype 23f conjugated to crm197 adsorbed on aluminium phosphate","pneumococcal polysaccharide vaccine","accepted","override: plain polysaccharide serotype, no conjugate tag (chunk 1)"
"pneumococcal polysaccharide serotypes 1-3-4-5-6a-7f-9v-14-18c-19a-19f-23f conjugated to crm197 carrier protein","pneumococcal polysaccharide vaccine","accepted","override: plain polysaccharide serotype, no conjugate tag (chunk 1)"
"pneumococcal polysaccharide serotype 6b conjugated to crm197 carrier protein","pneumococcal polysaccharide vaccine","accepted","override: plain polysaccharide serotype, no conjugate tag (chunk 1)"
"pneumococcal polysaccharide serotype 1 conj. to protein d non-typeable h. influenzae derived","pneumococcal polysaccharide vaccine","accepted","override: plain polysaccharide serotype, no conjugate tag (chunk 1)"
"pneumococcal polysaccharide serotype 4 conj. to protein d non-typeable h. influenzae derived","pneumococcal polysaccharide vaccine","accepted","override: plain polysaccharide serotype, no conjugate tag (chunk 1)"
"pneumococcal polysaccharide serotype 5 conj. protein d non-typeable h. influenzae derived","pneumococcal polysaccharide vaccine","accepted","override: plain polysaccharide serotype, no conjugate tag (chunk 1)"
"pneumococcal polysaccharide serotype 6b conj. to protein d non-typeable h. influenzae derived","pneumococcal polysaccharide vaccine","accepted","override: plain polysaccharide serotype, no conjugate tag (chunk 1)"
"pneumococcal polysaccharide serotype 7f conj. to protein d non-typeable h. influenzae derived","pneumococcal polysaccharide vaccine","accepted","override: plain polysaccharide serotype, no conjugate tag (chunk 1)"
"pneumococcal polysaccharide serotype 9v conj. to protein d non-typeable h. influenzae derived","pneumococcal polysaccharide vaccine","accepted","override: plain polysaccharide serotype, no conjugate tag (chunk 1)"
"pneumococcal polysaccharide serotype 14 conj. to protein d non-typeable h. influenzae derived","pneumococcal polysaccharide vaccine","accepted","override: plain polysaccharide serotype, no conjugate tag (chunk 1)"
"pneumococcal polysaccharide serotype 23 f conj. to protein d non-typeable h. influenzae derived","pneumococcal polysaccharide vaccine","accepted","override: plain polysaccharide serotype, no conjugate tag (chunk 1)"
"pneumococcal polysaccharide serotype 18c conj. to tetanus toxoid","pneumococcal polysaccharide conjugate vaccine (adsorbed)","accepted","accepted during manual curation (chunk 1)"
"pneumococcal polysaccharide serotype 19f conj. to diphtheria toxoid","pneumococcal polysaccharide vaccine","accepted","override: plain polysaccharide serotype, no conjugate tag (chunk 1)"
"pneumococcal polysaccharide serotype 8","pneumococcal polysaccharide conjugate vaccine (adsorbed)","accepted","accepted during manual curation (chunk 1)"
"pneumococcal polysaccharide serotype 10a","pneumococcal polysaccharide conjugate vaccine (adsorbed)","accepted","accepted during manual curation (chunk 1)"
"pneumococcal polysaccharide serotype 11a","pneumococcal polysaccharide conjugate vaccine (adsorbed)","accepted","accepted during manual curation (chunk 1)"
"pneumococcal polysaccharide serotype 12f","pneumococcal polysaccharide vaccine","accepted","override: plain polysaccharide serotype, no conjugate tag (chunk 1)"
"pneumococcal polysaccharide serotype 15b","pneumococcal polysaccharide conjugate vaccine (adsorbed)","accepted","accepted during manual curation (chunk 1)"
"pneumococcal polysaccharide serotype 22f","pneumococcal polysaccharide vaccine","accepted","override: plain polysaccharide serotype, no conjugate tag (chunk 1)"
"pneumococcal polysaccharide serotype 33f","pneumococcal polysaccharide vaccine","accepted","override: plain polysaccharide serotype, no conjugate tag (chunk 1)"
"cytarabin","cytarabine","accepted","accepted chunk 1"
"natriumklorid ”b. braun”","sodium chloride","accepted","override: sodium chloride brand (chunk 1)"
"idrossiclorochina solfato","hydroxychloroquine","accepted","override: Italian for hydroxychloroquine sulfate (chunk 1)"
"azd2014","vistusertib","accepted","accepted chunk 2"
"sodium sulphate","sodium sulfate","accepted","accepted chunk 2"
"meningococcal group a oligosaccharide conjugated to corynebacterium diphtheriae crm197 protein","meningococcal group a conjugate vaccine","accepted","override chunk 2"
"meningococcal group c oligosaccharide conjugated to corynebacterium diphtheriae crm197 protein","meningococcal group c conjugate vaccine","accepted","override chunk 2"
"inc280","capmatinib","accepted","accepted chunk 2"
"azd5363","capivasertib","accepted","accepted chunk 2"
"lum001","maralixibat chloride","accepted","accepted chunk 2"
"magnesium oxide, light","magnesium oxide","accepted","override chunk 2"
"chlorphenamine","chlorpheniramine","accepted","accepted chunk 2"
"texas","influenza vaccine","accepted","override chunk 2"
"human papillomavirus type 31 l1 protein","human papillomavirus vaccine","accepted","override chunk 2"
"human papillomavirus type 33 l1 protein","human papillomavirus vaccine","accepted","override chunk 2"
"human papillomavirus type 45 l1 protein","human papillomavirus vaccine","accepted","override chunk 2"
"human papillomavirus type 52 l1 protein","human papillomavirus vaccine","accepted","override chunk 2"
"tobramycin sulfate","tobramycin","accepted","override chunk 2"
"benzylpenicillin sodium","benzylpenicillin","accepted","override chunk 2"
"colecalciferolo","cholecalciferol","accepted","accepted chunk 2"
"etamsylate","ethamsylate","accepted","accepted chunk 2"
"insulina glargine","insulin glargine","accepted","accepted chunk 2"
"bcx7353","berotralstat","accepted","accepted chunk 2"
"mirvetuximab soravtansine","mirvetuximab soravtansine","accepted","override chunk 2"
"anti-human t-lymphocyte immunoglobulin from rabbits","antithymocyte globulin (rabbit)","accepted","override chunk 2"
"bay 2433334","asundexian","accepted","override chunk 2"
"mirvetuximab soravtansine","mirvetuximab soravtansine","accepted","override chunk 2"
"disitamab vedotin","disitamab vedotin","accepted","override chunk 2"
"leucovorin-teva 10 mg","leucovorin","accepted","accepted chunk 2"
"prednisolon 5 mg jenapharm","prednisolone","accepted","accepted chunk 2"
"prednison acis 5 mg, tabletten","prednisone","accepted","accepted chunk 2"
"carbomedac® 10 mg","carboplatin","accepted","override chunk 2"
"paclitaxel-gry® 6 mg","paclitaxel","accepted","accepted chunk 2"
"gemcitabin hikma 38 mg","gemcitabine","accepted","accepted chunk 2"
"genoxal 1.000 mg polvo para solución inyectable y para perfusión","cyclophosphamide","accepted","override chunk 2"
"sterile 0.9% (w","sodium chloride","accepted","override chunk 2"
"nacl 0.9%","sodium chloride","accepted","accepted chunk 2"
"gadovist 1.0 mmol","gadobutrol","accepted","accepted chunk 2"
"cisplatine teva 1 mg","cisplatin","accepted","accepted chunk 2"
"bay 73-4506","regorafenib","accepted","accepted chunk 2"
"isotone kochsalz-lösung 0,9 % braun infusionslösung","sodium chloride","accepted","override chunk 2"
"carboplatino hikma 10 mg","carboplatin","accepted","accepted chunk 2"
"antithymocyte immunoglobulin (rabbit)","antithymocyte globulin (rabbit)","accepted","override chunk 2"
"biib059","litifilimab","accepted","accepted chunk 2"
"oxaliplatine accord 5 mg","oxaliplatin","accepted","accepted chunk 2"
"dexamethason-ratiopharm® 4 mg tabletten","dexamethasone","accepted","accepted chunk 2"
"jdq443","opnurasib","accepted","accepted chunk 2"
"natriumklorid 9 mg","sodium chloride","accepted","override chunk 2"
"gemcitabina accord 100 mg","gemcitabine","accepted","accepted chunk 2"
"valemetostat tosylate","valemetostat","accepted","override chunk 2"
"benzylpenicillin","penicillin g","accepted","accepted chunk 2"
"jnj-42756493","erdafitinib","accepted","accepted chunk 2"
"sodium chloride fresenius kabi italia 0.9 % solution for infusion","sodium chloride","accepted","override chunk 2"
"lisaftoclax","apg-2575","accepted","accepted chunk 2"
"sodium chloride 0.9% intravenous infusion bp","sodium chloride","accepted","accepted chunk 2"
"oxaliplatine fresenius kabi 5 mg","oxaliplatin","accepted","accepted chunk 2"
"ifinatamab deruxtecan","ifinatamab deruxtecan","accepted","override chunk 2"
"qarziba 4.5 mg","dinutuximab beta","accepted","override chunk 2"
"[68ga]fapi-46","[68ga]fapi-46","accepted","override chunk 2"
"folinic acid (as calcium folinate) 10 mg","folinic acid","accepted","accepted chunk 2"
"chlorure de sodium fresenius 0,9 %, solution pour perfusion","sodium chloride","accepted","override chunk 2"
"vir-3434","tobevibart","accepted","accepted chunk 2"
"vir-2218","elebsiran","accepted","accepted chunk 2"
"ifinatamab deruxtecan","ifinatamab deruxtecan","accepted","override chunk 2"
"amg 531","romiplostim","accepted","accepted chunk 2"
"risedronate","risedronic acid","accepted","accepted chunk 2"
"inactivated poliovirus type 1","poliovirus vaccine, inactivated","accepted","accepted chunk 2 pass2"
"inactivated poliovirus type 2","poliovirus vaccine, inactivated","accepted","accepted chunk 2 pass2"
"inactivated poliovirus type 3","poliovirus vaccine, inactivated","accepted","accepted chunk 2 pass2"
"chlortalidone","chlorthalidone","accepted","accepted chunk 2"
"mycophenolate","mycophenolic acid","accepted","accepted chunk 2"
"isopropyl myristate","isopropyl myristate","accepted","override chunk 2"
"influvac","influenza vaccine","accepted","override chunk 2"
"seroquel","quetiapine","accepted","override chunk 2"
"omeprazol","omeprazole","accepted","accepted chunk 2"
"buscopan","butylscopolamine bromide","accepted","accepted chunk 2"
"filamentous haemagglutinin fha","filamentous haemagglutinin","accepted","override chunk 2"
"diphtheria toxoid d","diphtheria toxoid","accepted","accepted chunk 2"
"bemiparin sodium","bemiparin","accepted","override chunk 2"
"anecortave","anecortave acetate","accepted","accepted chunk 2"
"dehydroepiandrosterone","prasterone","accepted","accepted chunk 2"
"physostigminsalicylat","physostigmine","accepted","accepted chunk 2"
"manganese chloride tetrahydrate","manganese chloride","accepted","accepted chunk 2"
"gadobenic acid","gadobenate dimeglumine","accepted","accepted chunk 2"
"ropivacaine hydrochloride monohydrate","ropivacaine","accepted","override chunk 2"
"ketorolak","ketorolac","accepted","accepted chunk 2"
"cp-4055 for infusion","elacytarabine","accepted","accepted chunk 2"
"ropivacainhydrochlorid","ropivacaine hydrochloride","accepted","accepted chunk 2"
"hepatitis b immunoglobulin","hepatitis b immune globulin","accepted","accepted chunk 2"
"purified diphtheria toxoid","diphtheria toxoid","accepted","override chunk 2"
"purified tetanus toxoid","tetanus toxoid","accepted","override chunk 2"
"clonidinhydrochlorid","clonidine","accepted","override chunk 2"
"capecitabin","capecitabine","accepted","accepted chunk 2"
"albumina humana","albumin human","accepted","accepted chunk 2"
"dipeptiven","alanyl glutamine","accepted","override chunk 2"
"purified diphtheria toxoid","diphtheria toxoid","accepted","override chunk 2"
"purified tetanus toxoid","tetanus toxoid","accepted","override chunk 2"
"enoxaparin-natrium","enoxaparin sodium","accepted","accepted chunk 2"
"omeprazol","omeprazole","accepted","accepted chunk 2"
"triamcinolona acetonido","triamcinolone","accepted","accepted chunk 2"
"methylphenidathydrochlorid","methylphenidate","accepted","override chunk 2"
"cyclophosphamid","cyclophosphamide","accepted","accepted chunk 2"
"benzylpenicillin","penicillin g","accepted","accepted chunk 2"
"lidocain","lidocaine","accepted","accepted chunk 2"
"insulina glargina","insulin glargine","accepted","accepted chunk 2"
"vegf trap","aflibercept","accepted","accepted chunk 2"
"methylprednisolon","methylprednisolone","accepted","accepted chunk 2"
"vinorelbina","vinorelbine","accepted","accepted chunk 2"
"fluvirin influenza vaccine surface antigen, inactivated ph.eur.","influenza vaccine","accepted","override chunk 2"
"lbh589b","panobinostat","accepted","override chunk 2"
"n.meningitidis serogroup w polysaccharide psw conjugated to tetanus toxoid tt","meningococcal group w135 conjugate vaccine","accepted","override chunk 2"
"n.meningitidis serogroup y polysaccharide psy conjugated to tetanus toxoid tt","meningococcal group y conjugate vaccine","accepted","override chunk 2"
"haemocomplettan","fibrinogen, human","accepted","override chunk 2"
"pegaptanib","pegaptanib","accepted","accepted chunk 2"
"interferon-beta 1a","interferon beta","accepted","accepted chunk 2"
"pethidine","meperidine","accepted","accepted chunk 2"
"indometacin","indomethacin","accepted","accepted chunk 2"
"sevoflurano","sevoflurane","accepted","accepted chunk 2"
"amg 102","rilotumumab","accepted","accepted chunk 2"
"rhenium-188-hedp","rhenium-188 hedp","accepted","override chunk 2"
"n.meningitidis serogroup c polysaccharide psc conjugated to tetanus toxoid tt","meningococcal group c conjugate vaccine","accepted","override chunk 2"
"aripiprazolo","aripiprazole","accepted","accepted chunk 2"
"tmozolomide","temozolomide","accepted","accepted chunk 2 pass2"
"ofloxacine","ofloxacin","accepted","accepted chunk 2"
"amg 655","conatumumab","accepted","accepted chunk 2"
"xylocaine","lidocaine","accepted","override chunk 2"
"begrivac","influenza vaccine","accepted","override chunk 2"
"eparina sodica","heparin","accepted","accepted chunk 2"
"chlorure de sodium","sodium chloride","accepted","override chunk 2"
"levofloxacine","levofloxacin","accepted","accepted chunk 2"
"irinotcan","irinotecan","accepted","accepted chunk 2"
"morfin","morphine","accepted","override chunk 2"
"lidocaina cloridrato","lidocaine","accepted","accepted chunk 2 pass2"
"lurasidone hcl","lurasidone","accepted","override chunk 2"
"hydrocortison","hydrocortisone","accepted","accepted chunk 2 pass2"
"phytomenadione","phytonadione","accepted","accepted chunk 2"
"sulfate dhydroxychloroquine","hydroxychloroquine","accepted","override chunk 2"
"sodium acetate trihydrate","sodium acetate","accepted","accepted chunk 2"
"fibrinogeno umano","fibrinogen, human","accepted","accepted chunk 2"
"metformine","metformin","accepted","accepted chunk 2"
"l-alanine","alanine","accepted","accepted chunk 2"
"l-alanyl-l-glutamine","alanyl glutamine","accepted","accepted chunk 2"
"glycyl-l-tyrosine","glycyl-l-tyrosine","accepted","accepted chunk 2 pass2"
"pneumovax 23","pneumococcal polysaccharide vaccine","accepted","override chunk 2"
"naloxon","naloxone","accepted","accepted chunk 2"
"micofenolico acido","mycophenolic acid","accepted","accepted chunk 2"
"neisseria meningitidis group c oligosaccharide conjugated to corynebacterium diphtheriae crm-197 protein","neisseria meningitidis oligosaccharide conjugated to corynebacterium diphtheriae crm197","accepted","accepted chunk 2"
"gdc-0449","vismodegib","accepted","accepted chunk 2"
"sevorane","sevoflurane","accepted","accepted chunk 2"
"azilsartan medoxomil","azilsartan medoxomil","accepted","override chunk 2"
"chlortalidone","chlorthalidone","accepted","accepted chunk 2"
"recombinant hepatitis b surface antigen","hepatitis b, recombinant surface antigen","accepted","accepted chunk 2"
"biostate","coagulation factor viii","accepted","override chunk 2"
"hydrocortisone acetate","hydrocortisone","accepted","override chunk 2"
"litio carbonato","lithium carbonate","accepted","accepted chunk 2"
"aliskireno","aliskiren","accepted","accepted chunk 2"
"bacillus calmette-guerin","bcg vaccine","accepted","override chunk 2"
"gft505 20mg lactose - magnesium stearate","elafibranor","accepted","accepted chunk 2"
"purified hepatitis b surface antigen hbsag","hepatitis b vaccine (recombinant)","accepted","override chunk 2"
"piperacillin sodium","piperacillin","accepted","override chunk 2"
"tazobactam sodium","tazobactam","accepted","override chunk 2"
"normosang","hemin","accepted","override chunk 2"
"azd8931","sapitinib","accepted","accepted chunk 2"
"tramadolo cloridrato","tramadol","accepted","accepted chunk 2"
"inmunoglobulina conejo anti-linfocitos t humanos","antithymocyte globulin (rabbit)","accepted","override chunk 2"
"progesterona","progesterone","accepted","accepted chunk 2"
"hydroxyethyl starch","hetastarch","accepted","accepted chunk 2"
"5-flourouracil","fluorouracil","accepted","accepted chunk 2"
"acenocumarol","acenocoumarol","accepted","accepted chunk 2"
"imp321","eftilagimod alfa","accepted","accepted chunk 2"
"virus gripe b inactivado hemaglutinina de","influenza vaccine","accepted","override chunk 2"
"ara290","cibinetide","accepted","accepted chunk 2 pass2"
"palmitic acid","palmitic acid","accepted","override chunk 2"
"micronized purified flavonoid fraction","micronized purified flavonoid fraction","accepted","override chunk 2"
"inactivated type 3 poliovirus saukett","poliovirus vaccine, inactivated","accepted","accepted chunk 2 pass2"
"rubella virus wistar ra 27","rubella virus vaccine, live","accepted","override chunk 2"
"phenoxymethylpenicillin potassium","penicillin v","accepted","accepted chunk 2"
"dihidroclorhidrato de histamina","histamine","accepted","override chunk 2"
"torasemide","torsemide","accepted","accepted chunk 2"
"rabipur","rabies vaccine","accepted","override chunk 2"
"varicella virus oka","varicella virus vaccine, live","accepted","override chunk 2"
"nktr-118","naloxegol","accepted","accepted chunk 2"
"tedizolid phosphate","tedizolid","accepted","override chunk 2"
"nadroparin","nadroparin calcium","accepted","accepted chunk 2"
"live attenuated rubella virus wistar ra 27","rubella virus vaccine, live","accepted","override chunk 2"
"yttrium 90y ibritumomab tiuxetan","yttrium y 90 ibritumomab tiuxetan","accepted","accepted chunk 2"
"azd5069","azd-5099","accepted","accepted chunk 2"
"isoprenaline","isoproterenol","accepted","accepted chunk 2"
"human normal immunoglobulin iv","human normal immunoglobulin","accepted","accepted chunk 2"
"valaciclovir","valacyclovir","accepted","accepted chunk 2"
"gsk1278863","daprodustat","accepted","accepted chunk 2"
"rabbit anti-human thymocyte immunoglobulin","antithymocyte globulin (rabbit)","accepted","override chunk 2"
"pristinamycin","pristinamycin","accepted","accepted chunk 2 pass2"
"antigens of the influenza virus a","influenza vaccine","accepted","override chunk 2"
"antigens of the influenza virus b","influenza vaccine","accepted","override chunk 2"
"humax-tf-adc","tisotumab vedotin","accepted","accepted chunk 2"
"apr-246","eprenetapopt","accepted","accepted chunk 2"
"reassortant influenza virus live attenuated","influenza vaccine, live attenuated","accepted","override chunk 2"
"human menopausal gonadotrophins","menotropins","accepted","override chunk 2"
"human papillomavirus type 58 l1 protein","human papillomavirus vaccine","accepted","override chunk 2"
"sodium chloride 0.9","sodium chloride","accepted","accepted chunk 2"
"immunoglobulin","immunoglobulin, normal human","accepted","accepted chunk 2 pass2"
"neridronate sodium","neridronic acid","accepted","accepted chunk 2"
"18fdpa-714","dpa-714","accepted","accepted chunk 2"
"docosahexaenoic acid","doconexent","accepted","accepted chunk 2"
"phuket","influenza vaccine","accepted","override chunk 2"
"clobetasol","clobetasol propionate","accepted","accepted chunk 2"
"samidorphan l-malate","samidorphan","accepted","override chunk 2"
"ibuprofene","ibuprofen","accepted","accepted chunk 2"
"cbd","cannabidiol","accepted","accepted chunk 2 pass2"
"interleukina 2 recombinant","aldesleukin","accepted","accepted chunk 2 pass2"
"gemcitabina cloridrato","gemcitabine","accepted","accepted chunk 2 pass2"
"influenza vaccine","influenza vaccine","accepted","override chunk 2"
"vaccino polisaccaridico anti-meningococcico a.c.y e w-135","meningococcal polysaccharide vaccine","accepted","override chunk 2"
"phuket","influenza vaccine","accepted","override chunk 2"
"recombinant human hyaluronidase ph20","hyaluronidase","accepted","accepted chunk 2 pass2"
"avibactam sodium","avibactam","accepted","override chunk 2"
"micofenolato mofetile","mycophenolate mofetil","accepted","accepted chunk 2"
"neisseria meningitidis serogroup a polysaccharide conjugated to tetanus toxoid carrier protein","meningococcal group a conjugate vaccine","accepted","override chunk 2"
"neisseria meningitidis serogroup c polysaccharide conjugated to tetanus toxoid carrier protein","meningococcal group c conjugate vaccine","accepted","override chunk 2"
"neisseria meningitidis serogroup y polysaccharide conjugated to tetanus toxoid carrier protein","meningococcal group y conjugate vaccine","accepted","override chunk 2"
"neisseria meningitidis serogroup w polysaccharide conjugated to tetanus toxoid carrier protein","meningococcal group w135 conjugate vaccine","accepted","override chunk 2"
"tenofovir alafenamide fumarate","tenofovir alafenamide","accepted","override chunk 2"
"f-18-psma-1007","18f-psma-1007","accepted","override chunk 2"
"cannabidiolo","cannabidiol","accepted","accepted chunk 2"
"n-acetyl-l-leucine","acetylleucine","accepted","accepted chunk 2"
"tofacitinib citrate","tofacitinib","accepted","override chunk 2"
"akst4290","lazucirnon","accepted","accepted chunk 2 pass2"
"bay 1747846","gadoquatrane","accepted","accepted chunk 2"
"ropivacain fresenius kabi","ropivacaine","accepted","accepted chunk 2"
"regn10933","casirivimab","accepted","accepted chunk 2"
"regn10987","imdevimab","accepted","accepted chunk 2"
"calcium folinate pentahydrate","calcium folinate","accepted","override chunk 2"
"nbi-921352","zandatrigine","accepted","accepted chunk 2"
"sar444245","pegenzileukin","accepted","accepted chunk 2"
"covid-19 vaccine moderna","covid-19 sa-mrna vaccine","accepted","accepted chunk 2"
"covid-19 mrna vaccine","covid-19 sa-mrna vaccine","accepted","accepted chunk 2"
"natriumchloride 0,9% oplossing voor injectie","sodium chloride","accepted","override chunk 2"
"sodium chloride 0.9% w","sodium chloride","accepted","accepted chunk 2"
"solumedrol 500 mg, poudre pour solution injectable","methylprednisolone","accepted","override chunk 2"
"sodium chloride intravenous infusion bp 0.9% w","sodium chloride","accepted","accepted chunk 2"
"natriumklorid isotonisk ""sad"", injektionsvæske, opløsning","sodium chloride","accepted","override chunk 2"
"clostridium botulinum neurotoxin type a (150kd), free of complexing proteins","botulinum toxin type a","accepted","override chunk 2"
"carboplatine hospira 10 mg","carboplatin","accepted","accepted chunk 2"
"oxaliplatine accord 5 mg","oxaliplatin","accepted","accepted chunk 2"
"arginine-lysine solution for infusion","arginine","accepted","accepted chunk 2 pass2"
"iptacopan hydrochloride","iptacopan","accepted","override chunk 2"
"cdz173","leniolisib phosphate","accepted","accepted chunk 2 pass2"
"guselkumab- solution for infusion- 10 mg","guselkumab","accepted","accepted chunk 2"
"infracyanine 25 mg","indocyanine green","accepted","accepted chunk 2 pass2"
"carboplat onkovis 10 mg","carboplatin","accepted","accepted chunk 2 pass2"
"vx-770  fixed-dose combination granules","ivacaftor","accepted","accepted chunk 2"
"mycofit, 250 mg, kapsułki twarde","mycophenolate mofetil","accepted","override chunk 2"
"sar445761 - belumosudil","belumosudil","accepted","override chunk 2"
"letrozol stada® 2,5 mg filmtabletten","letrozole","accepted","accepted chunk 2"
"disodium folinate","leucovorin sodium","accepted","accepted chunk 2"
"chlorure de sodium 0,9 % baxter, solution pour perfusion en poche","sodium chloride","accepted","override chunk 2"
"zelenectide pevedotin","zelenectide pevedotin","accepted","accepted chunk 2 pass2"
"kalinox 50%","nitrous oxide","accepted","override chunk 2"
"botulinum toxin type a 500 units powder for solution for injection","botulinum toxin type a","accepted","accepted chunk 2"
"gemcitabin-gry 1000 mg pulver zur herstellung einer infusionslösung","gemcitabine","accepted","accepted chunk 2"
"azd0486","surovatamig","accepted","accepted chunk 2"
"rifadine 300 mg, gélule","rifampin","accepted","accepted chunk 2"
"fluorouracile pfizer 50 mg","fluorouracil","accepted","accepted chunk 2"
"tmt212","trametinib","accepted","accepted chunk 2"
"vrdn-001 (insulin-like growth factor-1 receptor [igf-1r] inhibitor)","veligrotug","accepted","accepted chunk 2 pass2"
"suero fisiológico braun 0,9% disolvente para uso parenteral cloruro de sodio","sodium chloride","accepted","override chunk 2"
"sonazoid 8 mikroliter per ml pulver og væske til injeksjonsvæske, dispersjon","perflubutane","accepted","accepted chunk 2"
"lidocaína b. braun 20 mg","lidocaine","accepted","accepted chunk 2 pass2"
"endoxan 50 mg, comprimé enrobé","cyclophosphamide","accepted","accepted chunk 2"
"ofev 150 mg soft capsules","nintedanib","accepted","override chunk 2"
"sodio cloruro 0,9% baxter soluzione per infusione","sodium chloride","accepted","override chunk 2"
"imurel 25 mg, comprimé pelliculé","azathioprine","accepted","override chunk 2"
"fastjekt
300 mikrogramm, injektionslösung im fertigpen","epinephrine","accepted","accepted chunk 2 pass2"
"ioa-244","roginolisib","accepted","accepted chunk 2"
"fluorouracile teva 1000 mg","fluorouracil","accepted","accepted chunk 2"
"varivax® pulver und lösungsmittel zur herstellung einer injektionssuspension in einer fertigspritze varizellen-lebendimpfstoff","varicella virus vaccine, live","accepted","override chunk 2"
"interferon gamma-1b","interferon gamma-1b","accepted","accepted chunk 2 pass2"
"acido acetilsaliclico","acetylsalicylic acid","accepted","override chunk 2"
"nevirapina","nevirapine","accepted","accepted chunk 2"
"olanzapina","olanzapine","accepted","accepted chunk 2 pass2"
"lanthanum iii carbonate hydrate","lanthanum carbonate","accepted","accepted chunk 2"
"intralipid 20","lipid emulsion, intravenous","accepted","override chunk 2"
"rad001","everolimus","accepted","accepted chunk 2"
"shangai","influenza vaccine","accepted","override chunk 2"
"dormicum","midazolam","accepted","override chunk 2"
"varicella, live attenuated","varicella virus vaccine, live","accepted","override chunk 2"
"morbilli, combinations with parotitis and rubella, live attenuated","measles, mumps, rubella virus vaccine, live","accepted","override chunk 2"
"r+ verapamil","verapamil","accepted","accepted chunk 2"
"risedronate","risedronic acid","accepted","accepted chunk 2"
"n. meningitidis serogroup w polysaccharide psw conjugated to tetanus toxoid tt","meningococcal group w135 conjugate vaccine","accepted","override chunk 2"
"n. meningitidis serogroup y polysaccharide psy conjugated to tetanus toxoid tt","meningococcal group y conjugate vaccine","accepted","override chunk 2"
"tetanus toxoid t","tetanus toxoid","accepted","accepted chunk 2"
"house dust mite allergoid dermatophagoides pteronyssinus","dermatophagoides pteronyssinus extract","accepted","override chunk 2"
"amlodipin","amlodipine","accepted","accepted chunk 2"
"18f-fdg","fludeoxyglucose f 18","accepted","accepted chunk 2"
"18f-choline","18f-choline","accepted","override chunk 2"
"eicosapentaenoic acid","icosapent","accepted","accepted chunk 2"
"docosahexaenoic acid","doconexent","accepted","accepted chunk 2"
"citarabina","cytarabine","accepted","accepted chunk 2"
"risperidon","risperidone","accepted","accepted chunk 2"
"epoetin lambda","epoetin lambda","accepted","accepted chunk 2 pass2"
"indometacin","indomethacin","accepted","accepted chunk 2"
"ventolin evohaler","salbutamol","accepted","override chunk 2"
"seretide","fluticasone|salmeterol","accepted","override chunk 2"
"decortin","prednisone","accepted","accepted chunk 2"
"vitamin d3","cholecalciferol","accepted","accepted chunk 2"
"liquid paraffin","mineral oil","accepted","accepted chunk 2"
"triamcinolonacetonid","triamcinolone acetonide","accepted","accepted chunk 2"
"homoharringtonine","omacetaxine mepesuccinate","accepted","accepted chunk 2"
"remifentanilhydrochlorid","remifentanil","accepted","override chunk 2"
"prophylactic hpv-16","human papillomavirus vaccine","accepted","override chunk 2"
"morphinsulfat","morphine sulfate","accepted","accepted chunk 2 pass2"
"morfin meda","morphine","accepted","override chunk 2"
"twinrix","hepatitis a and b vaccine","accepted","override chunk 2"
"holoxan","ifosfamide","accepted","override chunk 2"
"ascorbic acid vit c","ascorbic acid","accepted","accepted chunk 2"
"vaxigrip","influenza vaccine","accepted","override chunk 2"
"slv308 mono hydrochloride","pardoprunox","accepted","accepted chunk 2"
"cineol","eucalyptol","accepted","override chunk 2"
"mitomycin-c","mitomycin","accepted","accepted chunk 2"
"actinomycin d","dactinomycin","accepted","accepted chunk 2"
"ziprasidon","ziprasidone","accepted","accepted chunk 2"
"5 fluorouracil","fluorouracil","accepted","accepted chunk 2"
"influenza vaccine, surface antigen, inactivated, virosome","influenza vaccine","accepted","override chunk 2"
"gemcitabinhydrochlorid","gemcitabine hydrochloride","accepted","accepted chunk 2 pass2"
"trombyl","acetylsalicylic acid","accepted","accepted chunk 2 pass2"
"vincristina","vincristine","accepted","accepted chunk 2"
"oksikodoni","oxycodone","accepted","override chunk 2"
"desloratadina","desloratadine","accepted","accepted chunk 2"
"nomegestrol acetate","nomegestrol acetate","accepted","override chunk 2"
"gsk256066b aqueous nasal spray","gsk-256066","accepted","accepted chunk 2"
"haemophilus influenza type b polysaccharide prp conjugated to tetanus toxoid tt","haemophilus influenzae type b polysaccharide","accepted","override chunk 2"
"seretide 250 evohaler","fluticasone|salmeterol","accepted","override chunk 2"
"oxymetazoline hydrochloride","oxymetazoline","accepted","override chunk 2"
"methylthioninium chloride","methylene blue anhydrous","accepted","accepted chunk 2"
"sinistrin","sinistrin","accepted","override chunk 2"
"metotrexato","methotrexate","accepted","accepted chunk 2"
"haemophilus type b conjugated to tetanus toxoid tt","haemophilus influenzae type b polysaccharide","accepted","override chunk 2"
"alkaline phosphatase","alkaline phosphatase","accepted","override chunk 2"
"hydrochloorthiazide","hydrochlorothiazide","accepted","accepted chunk 2 pass2"
"isopropyl myristate","isopropyl myristate","accepted","override chunk 2"
"dibotermin alpha","dibotermin alfa","accepted","accepted chunk 2"
"kappaproct","cobitolimod sodium","accepted","accepted chunk 2"
"triptorelina","triptorelin","accepted","accepted chunk 2"
"mecasermin rinfabate","mecasermin rinfabate","accepted","override chunk 2"
"rabbit anti-human thymocyte immunoglobulin","antithymocyte globulin (rabbit)","accepted","override chunk 2"
"calciumfolinat","calcium folinate","accepted","accepted chunk 2"
"furosmide","furosemide","accepted","accepted chunk 2"
"bordetella pertussis antigens","bordetella pertussis toxin","accepted","accepted chunk 2"
"dimeticone","dimethicone","accepted","accepted chunk 2"
"dequalinium chloride","dequalinium chloride","accepted","override chunk 2"
"bemiparina sodica","bemiparin","accepted","accepted chunk 2"
"cuv1647","afamelanotide","accepted","accepted chunk 2"
"lvobupivacane","levobupivacaine","accepted","accepted chunk 2"
"xylocain","lidocaine","accepted","override chunk 2"
"oxymetazoline hydrochloride","oxymetazoline","accepted","override chunk 2"
"simvastatine","simvastatin","accepted","accepted chunk 2 pass2"
"tmozolomide","temozolomide","accepted","accepted chunk 2 pass2"
"mthotrexate","methotrexate","accepted","override chunk 2"
"ciprofloxacine","ciprofloxacin","accepted","accepted chunk 2 pass2"
"catapressan","clonidine","accepted","override chunk 2"
"sch 527123","navarixin","accepted","accepted chunk 2"
"rosuvastatine","rosuvastatin","accepted","accepted chunk 2"
"calcio carbonato","calcium carbonate","accepted","override chunk 2"
"proposed: pegzerepoetin alfa","pegzerepoetin alfa","accepted","override chunk 2"
"carboplatine","carboplatin","accepted","accepted chunk 2"
"measles, combinations with mumps, rubella and varicella, live attenuated","measles, mumps, rubella and varicella virus vaccine, live","accepted","override chunk 2"
"methylthioninium chloride","methylene blue anhydrous","accepted","accepted chunk 2"
"fluvalab influenza vaccine","influenza vaccine","accepted","chunk 3"
"lidocaina","lidocaine","accepted","chunk 3"
"deforolimus","ridaforolimus","accepted","chunk 3"
"ibritumomab tiuxetan90y","ibritumomab tiuxetan","accepted","chunk 3"
"timololo maleato","timolol","accepted","chunk 3"
"acido gadoterico","gadoteric acid","accepted","chunk 3"
"uracile","uracil","accepted","chunk 3"
"l-arginine","arginine","accepted","chunk 3 pass2"
"acetilsalicilico acido","acetylsalicylic acid","accepted","chunk 3"
"medicinsk luft aga","medical air","accepted","chunk 3"
"etinilestradiolo","ethinylestradiol","accepted","chunk 3"
"benzalkonium chloride","benzalkonium chloride","accepted","chunk 3 pass2"
"benzalkonium chloride","benzalkonium chloride","accepted","chunk 3 pass2"
"hepatitis a inactivated","hepatitis a vaccine","accepted","chunk 3"
"pravastatine","pravastatin","accepted","chunk 3"
"doxycycline hyclate","doxycycline","accepted","chunk 3"
"florida","influenza vaccine","accepted","chunk 3"
"antigeno superficie hepatitis b","hepatitis b vaccine (recombinant)","accepted","chunk 3"
"toxoide tetanico","tetanus toxoid","accepted","chunk 3"
"vareniclina","varenicline","accepted","chunk 3"
"atomoxetina hidrocloruro","atomoxetine","accepted","chunk 3"
"ciproxin","ciprofloxacin","accepted","chunk 3 pass2"
"rasagilin","rasagiline","accepted","chunk 3 pass2"
"ropivacane","ropivacaine","accepted","chunk 3"
"etinilestradiol","ethinylestradiol","accepted","chunk 3"
"duloxetina hidrocloruro","duloxetine","accepted","chunk 3"
"naropeine","ropivacaine","accepted","chunk 3"
"lolium perenne","lolium perenne pollen","accepted","chunk 3"
"oxigeno","oxygen","accepted","chunk 3"
"glucosa monohidratada","glucose","accepted","chunk 3"
"triptofano","tryptophan","accepted","chunk 3"
"amoxicilina trihidrato","amoxicillin","accepted","chunk 3"
"bendamustina","bendamustine","accepted","chunk 3"
"daptomicina","daptomycin","accepted","chunk 3"
"vancomicina hidrocloruro","vancomycin","accepted","chunk 3"
"tranexamico acido","tranexamic acid","accepted","chunk 3"
"kalinox","nitrous oxide","accepted","chunk 3"
"antithrombin iii","antithrombin iii","accepted","chunk 3"
"folitropina alfa","follitropin alfa","accepted","chunk 3"
"azatioprina","azathioprine","accepted","chunk 3"
"aripiprazol","aripiprazole","accepted","chunk 3"
"metilprednisolona","methylprednisolone","accepted","chunk 3"
"levobupivacaina hidrocloruro","levobupivacaine","accepted","chunk 3"
"betametasona fosfato sodio","betamethasone","accepted","chunk 3"
"betametasona acetato","betamethasone","accepted","chunk 3"
"aprotinina","aprotinin","accepted","chunk 3"
"pravastatina sodica","pravastatin","accepted","chunk 3"
"inactivated, split virion a","influenza vaccine","accepted","chunk 3"
"protein c","protein c","accepted","chunk 3"
"split, inactivated a","influenza vaccine","accepted","chunk 3"
"hierro carboximaltosa","ferric carboxymaltose","accepted","chunk 3"
"havrix","hepatitis a vaccine","accepted","chunk 3"
"risperidona","risperidone","accepted","chunk 3"
"quetiapina fumarato","quetiapine","accepted","chunk 3"
"busulfano","busulfan","accepted","chunk 3"
"cido folnico","folinic acid","accepted","chunk 3"
"dexamthasone","dexamethasone","accepted","chunk 3"
"potassium canrenoate","canrenoate potassium","accepted","chunk 3"
"benznidazol","benznidazole","accepted","chunk 3"
"chondroitin sulphate sodium","chondroitin sulfate","accepted","chunk 3"
"melatonina","melatonin","accepted","chunk 3"
"mercaptamine bitartrate","cysteamine","accepted","chunk 3"
"proposed inn - orteronel","orteronel","accepted","chunk 3"
"18f flutemetamol","flutemetamol","accepted","chunk 3 pass2"
"carbon dioxide","carbon dioxide","accepted","chunk 3 pass2"
"perth","influenza vaccine","accepted","chunk 3"
"follicle-stimulating hormone","follitropin alfa","accepted","chunk 3 pass2"
"inactivated type 2 poliovirus mef-1","poliovirus vaccine, inactivated","accepted","chunk 3"
"cetylpyridinium chloride","cetylpyridinium","accepted","chunk 3 pass2"
"typherix","hepatitis a vaccine","accepted","chunk 3"
"recombinant human alpha-mannosidase","velmanase alfa","accepted","chunk 3"
"indometacina","indomethacin","accepted","chunk 3"
"mek162","binimetinib","accepted","chunk 3"
"cxa-101","ceftolozane","accepted","chunk 3"
"novartis menacwy conjugate vaccine","meningococcal group acwy vaccine","accepted","chunk 3"
"anidulafungina","anidulafungin","accepted","chunk 3"
"anastrazole","anastrozole","accepted","chunk 3"
"acido ascorbico","ascorbic acid","accepted","chunk 3"
"sodio ascorbato","sodium ascorbate","accepted","chunk 3"
"fludarabina fosfato","fludarabine","accepted","chunk 3"
"ccx168","avacopan","accepted","chunk 3"
"opc-34712","brexpiprazole","accepted","chunk 3"
"hydroxychloroquine sulphate","hydroxychloroquine","accepted","chunk 3"
"azzalure","botulinum toxin type a","accepted","chunk 3"
"bilastina","bilastine","accepted","chunk 3"
"sodium hyaluronate","hyaluronate sodium","accepted","chunk 3 pass2"
"potassium bicarbonate","potassium bicarbonate","accepted","chunk 3"
"gabapentina","gabapentin","accepted","chunk 3"
"asp015k","peficitinib","accepted","chunk 3"
"hepatitis a virus antigen inactivated","hepatitis a vaccine","accepted","chunk 3"
"yamagata - like virus antigen","influenza vaccine","accepted","chunk 3"
"victoria - like virus antigen","influenza vaccine","accepted","chunk 3"
"pertussis filamentous haemagglutinin","filamentous haemagglutinin","accepted","chunk 3"
"poliovirus inactivated type 1","poliovirus vaccine, inactivated","accepted","chunk 3"
"poliovirus inactivated type 2","poliovirus vaccine, inactivated","accepted","chunk 3"
"poliovirus inactivated type 3","poliovirus vaccine, inactivated","accepted","chunk 3"
"hepatitis b rdna","hepatitis b vaccine (recombinant)","accepted","chunk 3"
"haemophilus influenzae type b conjugate","haemophilus influenzae type b polysaccharide","accepted","chunk 3"
"pertussis pertactin","pertactin","accepted","chunk 3"
"syl1001","tivanisiran","accepted","chunk 3 pass2"
"cromoglicic acid","cromolyn","accepted","chunk 3"
"isis 420915","volanesorsen","accepted","chunk 3"
"l-asparaginase encapsulated in erythrocytes","asparaginase","accepted","chunk 3 pass2"
"micronised progesterone","progesterone","accepted","chunk 3"
"fibrinogeno umano liofilizzato","fibrinogen, human","accepted","chunk 3"
"influenza b","influenza vaccine","accepted","chunk 3"
"haemophilus type b polysaccharide polyribosylribitol phosphate","haemophilus influenzae type b polysaccharide","accepted","chunk 3"
"trientine dihydrochloride","trientine","accepted","chunk 3 pass2"
"prx102","pegunigalsidase alfa","accepted","chunk 3"
"natriumklorid braun 234 mg","sodium chloride","accepted","chunk 3"
"calcium levofolinate pentahydrate","levoleucovorin","accepted","chunk 3"
"azithromycine","azithromycin","accepted","chunk 3"
"pegylated liposomal doxorubicin","doxorubicin liposomal","accepted","chunk 3"
"cabotegravir sodium","cabotegravir","accepted","chunk 3"
"2008-like virus","influenza vaccine","accepted","chunk 3"
"amg 334","erenumab","accepted","chunk 3"
"abt-199 gdc-0199 100 mg","venetoclax","accepted","chunk 3"
"acido folinico","folinic acid","accepted","chunk 3"
"ory-1001","iadademstat","accepted","chunk 3"
"human normal immunoglobulin ivig","human normal immunoglobulin (ivig)","accepted","chunk 3 pass2"
"langlenatide","efpeglenatide","accepted","chunk 3 pass2"
"immune globulin human, 10 caprylate","immunoglobulin, normal human","accepted","chunk 3 pass2"
"d-biotin","biotin","accepted","chunk 3"
"kolekalciferol d3","cholecalciferol","accepted","chunk 3"
"glpg1205","glpg1205","accepted","chunk 3"
"isis 304801","volanesorsen","accepted","chunk 3"
"eicosapentanoic acid","eicosapentaenoic acid","accepted","chunk 3"
"colistin sulfate","colistin","accepted","chunk 3"
"propranololo","propranolol","accepted","chunk 3"
"botulinum toxin a","botulinum toxin type a","accepted","chunk 3"
"zinco solfato","zinc sulfate","accepted","chunk 3"
"bendamustina cloridrato","bendamustine","accepted","chunk 3"
"morfina cloridrato","morphine","accepted","chunk 3"
"colistimetato sodico","colistimethate sodium","accepted","chunk 3"
"amoxicillina triidrato","amoxicillin","accepted","chunk 3"
"medicinal oxygen","oxygen","accepted","chunk 3"
"mpdl3280a","atezolizumab","accepted","chunk 3"
"piperacilline","piperacillin","accepted","chunk 3"
"metilprednisolone emisuccinato sodico","methylprednisolone","accepted","chunk 3"
"bleomicina solfato","bleomycin","accepted","chunk 3"
"botulinum neurotoxin type a","botulinum toxin type a","accepted","chunk 3"
"5-aminolaevulinic acid","aminolevulinic acid","accepted","chunk 3"
"abt-494","upadacitinib","accepted","chunk 3"
"dipalmitoylphosphatidylcholine","dipalmitoylphosphatidylcholine","accepted","chunk 3"
"lasmitidan","lasmiditan","accepted","chunk 3"
"aldesleuchina","aldesleukin","accepted","chunk 3"
"cytisine","cytisine","accepted","chunk 3"
"umeclinidium bromide","umeclidinium","accepted","chunk 3"
"obe2109","linzagolix","accepted","chunk 3"
"neisseria meningitidis group w-135 polysaccharide","meningococcal group w135 conjugate vaccine","accepted","chunk 3"
"neisseria meningitidis group y polysaccharide","meningococcal group y conjugate vaccine","accepted","chunk 3"
"rilpivirina","rilpivirine","accepted","chunk 3"
"rovalpituzumab tesirine","rovalpituzumab tesirine","accepted","chunk 3 pass2"
"vaccino meningococcico polisaccaridico","meningococcal polysaccharide vaccine","accepted","chunk 3"
"n. meningitidis group w135 oligosaccharide conjugated crm197","meningococcal group w135 conjugate vaccine","accepted","chunk 3"
"letrozolo","letrozole","accepted","chunk 3"
"folinic acid calcium salt","folinic acid","accepted","chunk 3"
"folinic acid sodium salt","folinic acid","accepted","chunk 3"
"levofolinic acid sodium salt","levoleucovorin","accepted","chunk 3"
"levofolinic acid calcium salt","levoleucovorin","accepted","chunk 3"
"dermatophagoides pteronyssinus extract","dermatophagoides pteronyssinus extract","accepted","chunk 3"
"meningococcal serogroup b recombinant lp2086 mnb rlp2086 subfamily a protein","meningococcal group b vaccine","accepted","chunk 3"
"meningococcal serogroup b recombinant lp2086 mnb rlp2086 subfamily b protein","meningococcal group b vaccine","accepted","chunk 3"
"18f-naf","sodium fluoride f-18","accepted","chunk 3"
"benzoyl peroxide, hydrous","benzoyl peroxide","accepted","chunk 3"
"metilprednisolone sodio succinato","methylprednisolone","accepted","chunk 3"
"bgb-a317","tislelizumab","accepted","chunk 3"
"empagliflozine","empagliflozin","accepted","chunk 3"
"bio101","20-hydroxyecdysone","accepted","chunk 3 pass2"
"neisseria meningitidis serogroup b fhbp subfamily a","meningococcal group b vaccine","accepted","chunk 3"
"neisseria meningitidis serogroup b fhbp subfamily b","meningococcal group b vaccine","accepted","chunk 3"
"neisseria meningitidis group w polysaccharide conjugated to tetanus toxoid carrier protein","meningococcal group w135 conjugate vaccine","accepted","chunk 3"
"levofloxacina","levofloxacin","accepted","chunk 3"
"18ff-psma-1007","18f-psma-1007","accepted","chunk 3 pass2"
"fluorescein sodium","fluorescein sodium","accepted","chunk 3 pass2"
"covid-19 vaccine","covid-19 mrna vaccine, nucleoside-modified","accepted","chunk 3"
"haemophilus influenzae type b polysaccharide polyribosylribitol phosphate","haemophilus influenzae type b polysaccharide","accepted","chunk 3"
"thymoglobuline 25 mg powder for solution for infusion","antithymocyte globulin (rabbit)","accepted","chunk 3 pass2"
"chadox1 ncov-19","covid-19 vaccine, adenoviral vector","accepted","chunk 3"
"edp-938","zelicapavir","accepted","chunk 3 pass2"
"deuruxolitinib phosphate","deuruxolitinib","accepted","chunk 3 pass2"
"calcium gluconate","calcium gluconate","accepted","chunk 3"
"l-arginine hydrochloride","arginine","accepted","chunk 3"
"covid-19 vaccine astrazeneca","covid-19 vaccine, adenoviral vector","accepted","chunk 3"
"vaxzevria","covid-19 vaccine, adenoviral vector","accepted","chunk 3"
"tusamitamab ravtansine","tusamitamab ravtansine","accepted","chunk 3"
"covid-19 mrna vaccine","covid-19 mrna vaccine, nucleoside-modified","accepted","chunk 3"
"spikevax","covid-19 mrna vaccine, nucleoside-modified","accepted","chunk 3"
"paracet 1 g tabletter","paracetamol","accepted","chunk 3"
"empressin 40 ie","vasopressin","accepted","chunk 3"
"prednisona cinfa 10 mg comprimidos","prednisone","accepted","chunk 3"
"sodium chloride injection bp 0.9% w","sodium chloride","accepted","chunk 3"
"telisotuzumab vedotin","telisotuzumab vedotin","accepted","chunk 3"
"prednisolon 10 mg jenapharm","prednisolone","accepted","chunk 3"
"prednisolon 1 mg jenapharm","prednisolone","accepted","chunk 3"
"isotone natriumchloridlösung 0,9 % braun injektionslösung","sodium chloride","accepted","chunk 3"
"atb200","avalglucosidase alfa","accepted","chunk 3"
"prednisolon pfizer 5 mg tabletter","prednisolone","accepted","chunk 3"
"prednisolon pfizer 2,5 mg tabletter","prednisolone","accepted","chunk 3"
"ropivacain fresenius kabi 7,5 mg","ropivacaine","accepted","chunk 3"
"fludarabin hexal® 25 mg","fludarabine","accepted","chunk 3"
"dexa 8 mg inject jenapharm injektionslösung","dexamethasone","accepted","chunk 3"
"sendoxan pulver till injektionsvätska, lösning","cyclophosphamide","accepted","chunk 3"
"apexxnar suspension for injection in pre-filled syringe pneumococcal polysaccharide conjugate vaccine (20-valent, adsorbed)","pneumococcal polysaccharide conjugate vaccine (adsorbed)","accepted","chunk 3"
"xylocaine 10 mg","lidocaine","accepted","chunk 3"
"gemcitabin aqvida 38 mg","gemcitabine","accepted","chunk 3"
"daunoblastin® 20 mg pulver zur herstellung einer infusions- oder injektionslösung","daunorubicin","accepted","chunk 3"
"anhydrous docetaxel","docetaxel","accepted","chunk 3"
"natriumchloride 0,9%, oplossing voor infusie","sodium chloride","accepted","chunk 3"
"methylprednisolon acis 1000 mg pulver und lösungsmittel zur herstellung einer injektions- bzw. infusionslösung","methylprednisolone","accepted","chunk 3 pass2"
"imukin 2 x 106 ui (0,1 mg), solution injectable","interferon gamma-1b","accepted","chunk 3"
"cellulose microcristalline","microcrystalline cellulose","accepted","chunk 3"
"garadacimab","garadacimab","accepted","chunk 3"
"histakut dimetindenmaleat 1 mg","dimetindene","accepted","chunk 3"
"piflufolastat (18f)","piflufolastat f-18","accepted","chunk 3"
"carboplatine fresenius kabi 10 mg","carboplatin","accepted","chunk 3"
"bendamustin hikma 2,5 mg","bendamustine","accepted","chunk 3"
"vx-770 granules","ivacaftor","accepted","chunk 3"
"v sodium chloride injection bp","sodium chloride","accepted","chunk 3"
"zipalertinib","zipalertinib","accepted","chunk 3"
"pex010 psilocybin capsules ( 25mg psilocybin)","psilocybin","accepted","chunk 3"
"amoxicilline","amoxicillin","accepted","chunk 3 pass2"
"levact 2,5 mg","bendamustine","accepted","chunk 3"
"byl719","alpelisib","accepted","chunk 3"
"chlorure de sodium 0,9 % lavoisier, solution pour perfusion","sodium chloride","accepted","chunk 3"
"kenacort-t 40 mg","triamcinolone","accepted","chunk 3"
"delandistrogene moxeparvovec-rokl","delandistrogene moxeparvovec","accepted","chunk 3"
"chlorure de sodium 0,9 % b. braun, solution injectable en ampoule","sodium chloride","accepted","chunk 3"
"systen 50, pleisters voor transdermaal gebruik 50 microgram","estradiol","accepted","chunk 3"
"rocephine 1 g","ceftriaxone","accepted","chunk 3"
"jnj-54767414","daratumumab","accepted","chunk 3"
"oxaliplatine kabi 5 mg","oxaliplatin","accepted","chunk 3"
"rabipur poeder en oplosmiddel voor oplossing voor injectie in een voorgevulde spuit.rabiësvaccin (geïnactiveerd).","rabies vaccine","accepted","chunk 3"
"enoxaparina rovi 4.000 ui (40 mg)","enoxaparin sodium","accepted","chunk 3"
"endoxan baxter 50 mg compresse rivestite","cyclophosphamide","accepted","chunk 3"
"chlorure de sodium 0,9 % viaflo, solution pour perfusion","sodium chloride","accepted","chunk 3"
"aspirine protect 100 mg, comprimé gastro-resistant","acetylsalicylic acid","accepted","chunk 3"
"linisol 1 %, solution injectable","lidocaine","accepted","chunk 3"
"sodium folinate","folinic acid","accepted","chunk 3"
"folikabi 10 mg","folinic acid","accepted","chunk 3"
"panodil, filmovertrukne tabletter 500 mg (ny formulering)","paracetamol","accepted","chunk 3 pass2"
"injectio natrii chlorati isotonica polpharma, 9 mg","sodium chloride","accepted","chunk 3"
"prednison 20 mg galen®","prednisone","accepted","chunk 3"
"prednison 10 mg galen®","prednisone","accepted","chunk 3"
"holoxan 2000 mg, poudre pour usage parentéral","ifosfamide","accepted","chunk 3"
"vx-770 fixed-dose combination granules","ivacaftor","accepted","chunk 3"
"lidokain-adrenalin sad, injektionsvæske, opløsning","lidocaine|epinephrine","accepted","chunk 3"
"ofev 100 mg soft capsules","nintedanib","accepted","chunk 3"
"folinezuur sandoz 10 mg","folinic acid","accepted","chunk 3"
"fentanest 0,05 mg","fentanyl","accepted","chunk 3"
"imu-838 22.5 mg tablet","vidofludimus calcium","accepted","chunk 3"
"ketanest® s 25 mg","esketamine","accepted","chunk 3"
"acetylsalicylzuur aurobindo cardio 80 mg, tabletten.","acetylsalicylic acid","accepted","chunk 3"
"oxytocine cd pharma 40 ie","oxytocin","accepted","chunk 3"
"pentaglobin 50 mg","immunoglobulin m-enriched","accepted","chunk 3"
"verdye 5 mg","indocyanine green","accepted","chunk 3"
"zimino 2,5 mg","nilotinib","accepted","chunk 3"
"folinate de calcium hikma 10 mg","folinic acid","accepted","chunk 3"
"sulfametoxazol med trimetoprim sad, tabletter","sulfamethoxazole|trimethoprim","accepted","chunk 3"
"natriumklorid braun 9 mg","sodium chloride","accepted","chunk 3"
"oxaliplatine arrow lab 5 mg","oxaliplatin","accepted","chunk 3"
"imu-838 30 mg tablet","vidofludimus calcium","accepted","chunk 3"
"imu-838 15 mg tablets","vidofludimus calcium","accepted","chunk 3"
"rinatabart sesutecan","rinatabart sesutecan","accepted","chunk 3"
"oxaliplatine hospira 5 mg","oxaliplatin","accepted","chunk 3"
"pex010 psilocybin capsules (25mg psilocybin)","psilocybin","accepted","chunk 3"
"bleoprim 15 mg polvere per soluzione iniettabile","bleomycin","accepted","chunk 3"
"monofer, injektions- og infusionsvæske, opløsning","iron isomaltoside 1000","accepted","chunk 3"
"v) sodium chloride solution in single-use pfs","sodium chloride","accepted","chunk 3"
"novolizer salbutamol 100 microgrammes","salbutamol","accepted","chunk 3"
"acide actylsalicylique","acetylsalicylic acid","accepted","chunk 3"
"spm 927","lacosamide","accepted","chunk 3"
"acr16","pridopidine","accepted","chunk 3"
"haemophilus influenzae type b polysaccharide conjugated to tt","haemophilus influenzae type b polysaccharide","accepted","chunk 3"
"peg interferon alfa-2a","peginterferon alfa-2a","accepted","chunk 3"
"desvenlafaxine succinate","desvenlafaxine","accepted","chunk 3"
"metronidatsoli","metronidazole","accepted","chunk 3"
"human immunoglobulin","immunoglobulin, normal human","accepted","chunk 3"
"fty720","fingolimod","accepted","chunk 3"
"doxorubicina","doxorubicin","accepted","chunk 3"
"mesalazinum","mesalazine","accepted","chunk 3"
"rsd1235","vernakalant","accepted","chunk 3"
"enoxaparin-na","enoxaparin sodium","accepted","chunk 3"
"prophylactic bivalent hpv","human papillomavirus vaccine","accepted","chunk 3"
"tetani anatoxinum","tetanus toxoid","accepted","chunk 3"
"toxoide diftrico","diphtheria toxoid","accepted","chunk 3"
"toxoide tetnico","tetanus toxoid","accepted","chunk 3"
"dexketoprofeno trometamol","dexketoprofen","accepted","chunk 3"
"purified, inactivated, trivalent, influenza vaccine split virion, cultivated in hens eggs","influenza vaccine","accepted","chunk 3"
"sodium s-lactate","sodium lactate","accepted","chunk 3"
"estavudina","stavudine","accepted","chunk 3"
"amn107","nilotinib","accepted","chunk 3"
"somatropine","somatropin","accepted","chunk 3"
"alprostapint 500 g konzentrat zur infusionsbereitung","alprostadil","accepted","chunk 3 pass2"
"vaccinum inactivatum influenzae","influenza vaccine","accepted","chunk 3"
"metamizol","metamizole","accepted","chunk 3"
"zidovudina dc.it fu","zidovudine","accepted","chunk 3"
"formoterol-fumarate","formoterol","accepted","chunk 3"
"doctaxel","docetaxel","accepted","chunk 3"
"gosrline","goserelin","accepted","chunk 3"
"sodium lactate s+","sodium lactate","accepted","chunk 3"
"amg 706","motesanib","accepted","chunk 3"
"11c-acetate","acetic acid c-11","accepted","chunk 3 pass2"
"ap23573 drug product","ridaforolimus","accepted","chunk 3"
"tenecteplasa","tenecteplase","accepted","chunk 3"
"buprenorfine","buprenorphine","accepted","chunk 3"
"ketoprofenum","ketoprofen","accepted","chunk 3"
"ezetimib","ezetimibe","accepted","chunk 3"
"rosiglitazona","rosiglitazone","accepted","chunk 3"
"magnesium sulphate","magnesium sulfate","accepted","chunk 3"
"telavancinum","telavancin","accepted","chunk 3"
"coffein","caffeine","accepted","chunk 3"
"etoposidi","etoposide","accepted","chunk 3"
"vardenafilo hidrocloruro","vardenafil","accepted","chunk 3"
"n. meningitidis serogroup a polysaccharide psa conjugated to tetanus toxoid tt","meningococcal group a conjugate vaccine","accepted","chunk 3"
"interferon-beta-1a","interferon beta-1a","accepted","chunk 3 pass2"
"nitroglicerina","nitroglycerin","accepted","chunk 3"
"lavender oil ph. eur.","lavender oil","accepted","chunk 3 pass2"
"codeine phosphate","codeine","accepted","chunk 3"
"s+-ibuprofen, dexibuprofen","dexibuprofen","accepted","chunk 3"
"forodesine hydrochloride","forodesine","accepted","chunk 3"
"alpha-tocopherol","tocopherol","accepted","chunk 3"
"venlafaxin","venlafaxine","accepted","chunk 3"
"factor viii concentrate","coagulation factor viii","accepted","chunk 3"
"rapamycine","sirolimus","accepted","chunk 3"
"tocopherol vit e","tocopherol","accepted","chunk 3"
"desvenlafaxine succinate","desvenlafaxine","accepted","chunk 3"
"hepatitis b vaccine recombinant upgraded process","hepatitis b vaccine (recombinant)","accepted","chunk 3"
"phenytoin sodium","phenytoin","accepted","chunk 3"
"esomeprazole magnesium trihydrate","esomeprazole","accepted","chunk 3"
"sertralin","sertraline","accepted","chunk 3"
"white soft paraffin","white soft paraffin","accepted","chunk 3"
"amoxicillin-trihydrat","amoxicillin","accepted","chunk 3"
"antithymocyte immunoglobulin  rabbit","antithymocyte globulin (rabbit)","accepted","chunk 3"
"n. meningitidis serogroup a polysaccharide psa","meningococcal group a conjugate vaccine","accepted","chunk 3"
"n. meningitidis serogroup c polysaccharide psc","meningococcal group c conjugate vaccine","accepted","chunk 3"
"n. meningitidis serogroup w polysaccharide psw","meningococcal group w135 conjugate vaccine","accepted","chunk 3"
"n. meningitidis serogroup y polysaccharide psy","meningococcal group y conjugate vaccine","accepted","chunk 3"
"everolismus","everolimus","accepted","chunk 3"
"talidomida","thalidomide","accepted","chunk 3"
"polymyxin b-sulphate","polymyxin b","accepted","chunk 3"
"azatioprina","azathioprine","accepted","chunk 3"
"haemophilus type b polysaccharide prp conjugated to tetanus toxoid tt","haemophilus influenzae type b polysaccharide","accepted","chunk 3"
"verteporfina","verteporfin","accepted","chunk 3"
"omega-3","omega-3 fatty acids","accepted","chunk 3"
"sulphasalazine","sulfasalazine","accepted","chunk 3"
"depsipeptide","romidepsin","accepted","chunk 3"
"karboplatin","carboplatin","accepted","chunk 3"
"vardenafil-hcl","vardenafil","accepted","chunk 3"
"l-carnitine","levocarnitine","accepted","chunk 3"
"prophylactic fluarix adjuvanted with as25","influenza vaccine","accepted","chunk 3"
"alpharix","influenza vaccine","accepted","chunk 3"
"timololhydrogenmaleat","timolol","accepted","chunk 3"
"tobramycine","tobramycin","accepted","chunk 3"
"ceftazidim","ceftazidime","accepted","chunk 3"
"dacarbazin","dacarbazine","accepted","chunk 3"
"acetylsalycilic acid","acetylsalicylic acid","accepted","chunk 3"
"tak-475","lapaquistat acetate","accepted","chunk 3 pass2"
"sendoxan","cyclophosphamide","accepted","chunk 3"
"grass pollen","grass pollen extract","accepted","chunk 3"
"hpv-16 l1 antigen","human papillomavirus vaccine","accepted","chunk 3"
"hpv-18 l1 antigen","human papillomavirus vaccine","accepted","chunk 3"
"purified pertussis toxoid","tetanus toxoid","accepted","chunk 3"
"vitamin b12","cyanocobalamin","accepted","chunk 3"
"desonidum","desonide","accepted","chunk 3"
"octreotid","octreotide","accepted","chunk 3"
"gsk189075","remogliflozin etabonate","accepted","chunk 3 pass2"
"methylphenidathydrochloride","methylphenidate","accepted","chunk 3"
"acido acetil salicilico","acetylsalicylic acid","accepted","chunk 3"
"lamotrigin","lamotrigine","accepted","chunk 3"
"isis 301012","mipomersen","accepted","chunk 3"
"acido micofenolico","mycophenolic acid","accepted","chunk 3"
"s-ketamin","esketamine","accepted","chunk 3"
"epirubicinhydrochlorid","epirubicin","accepted","chunk 3"
"botulinum a toxin","botulinum toxin type a","accepted","chunk 3"
"diphtheriae adsorbatum","diphtheria toxoid","accepted","chunk 3"
"tetani adsorbatum","tetanus toxoid","accepted","chunk 3"
"pertussis sine cellulis ex elementis praepartum adsorbatum pt","pertussis toxoid","accepted","chunk 3"
"pertussis sine cellulis ex elementis praepartum adsorbatum fha","filamentous haemagglutinin","accepted","chunk 3"
"pertussis sine cellulis ex elementis praepartum adsorbatum fim","pertussis fimbriae haemagglutinin","accepted","chunk 3 pass2"
"pertussis sine cellulis ex elementis praepartum adsorbatum prn","pertactin","accepted","chunk 3"
"poliomyelitidis inactivatum stirpe 1","poliovirus vaccine, inactivated","accepted","chunk 3"
"poliomyelitidis inactivatum stirpe 2","poliovirus vaccine, inactivated","accepted","chunk 3"
"haemophili stirpe b conjugatum","haemophilus influenzae type b polysaccharide","accepted","chunk 3"
"etposide","etoposide","accepted","chunk 3"
"salmon calcitonin","calcitonin salmon","accepted","chunk 3"
"anastrazole","anastrozole","accepted","chunk 3"
"cefrom","cefpirome","accepted","chunk 3"
"theophyllin","theophylline","accepted","chunk 3"
"esomeprazole magnesium trihydrate","esomeprazole","accepted","chunk 3"
"sevofluraan","sevoflurane","accepted","chunk 3"
"pioglitazona","pioglitazone","accepted","chunk 3"
"glp-1","glucagon-like peptide-1 receptor agonist","accepted","chunk 3"
"ebastina","ebastine","accepted","chunk 3"
"cido ibandrnico","ibandronic acid","accepted","chunk 3 pass2"
"hydrokortisoninatriumsuksinaatti","hydrocortisone","accepted","chunk 3"
"er-niacin or niacin","nicotinic acid","accepted","chunk 3"
"5-ala","aminolevulinic acid","accepted","chunk 3"
"pravastatine","pravastatin","accepted","chunk 3"
"clostridium botulinum type a neurotoxin complex","botulinum toxin type a","accepted","chunk 3"
"ast-120","charcoal, activated","accepted","chunk 3 pass2"
"vincristin","vincristine","accepted","chunk 3"
"ssr150106xb","ssr-150106","accepted","chunk 3 pass2"
"kloxacillin","cloxacillin","accepted","chunk 3"
"peginterfern alfa-2a","peginterferon alfa-2a","accepted","chunk 3"
"metforminhydrochloride","metformin","accepted","chunk 3"
"acetyl salicylic acid","acetylsalicylic acid","accepted","chunk 3"
"azd2171","cediranib","accepted","chunk 3 pass2"
"levamisole hydrochloride","levamisole","accepted","chunk 3"
"alpharen","fermagate","accepted","chunk 3 pass2"
"salmeterolo","salmeterol","accepted","chunk 3"
"isoprenalin","isoprednidene","accepted","chunk 3"
"bromocriptin","bromocriptine","accepted","chunk 3"
"sch 420814","preladenant","accepted","chunk 3 pass2"
"botulinum toxin type a, purified neurotoxin complex","botulinum toxin type a","accepted","chunk 3"
"clostridium botulinum neurotoxin type a","botulinum toxin type a","accepted","chunk 3"
"f-dopa","18f-fdopa","accepted","chunk 3 pass2"
"ibandronate","ibandronic acid","accepted","chunk 3 pass2"
"motesanib diphosphate","motesanib","accepted","chunk 3"
"carbamamazepine","carbamazepine","accepted","chunk 3 pass2"
"human insulin analogue","human insulin","accepted","chunk 3 pass2"
"paroxetin","paroxetine","accepted","chunk 3 pass2"
"recombinant hepatitis b surface antigen","hepatitis b vaccine (recombinant)","accepted","chunk 3"
"haemophilus influenzae type b conjugated to tetanus toxoid","haemophilus influenzae type b polysaccharide","accepted","chunk 3"
"haemophilus b-tt and neisseria meningitidis group c-tt","haemophilus influenzae type b polysaccharide","accepted","chunk 3"
"hib conjugated to tt","haemophilus influenzae type b polysaccharide","accepted","chunk 3"
"glaxosmithkline biologicals low dose influenza vaccine adjuvanted with as03","influenza vaccine","accepted","chunk 3"
"beclomethasone diproprionate","beclomethasone dipropionate","accepted","chunk 3 pass2"
"bleomycine","bleomycin","accepted","chunk 3"
"mycophenolatmofetil","mycophenolate mofetil","accepted","chunk 3"
"insuline humaine recombinante","insulin human","accepted","chunk 3"
"candesartancilexetil","candesartan cilexetil","accepted","chunk 3"
"-lapachone","lapachone","accepted","chunk 3 pass2"
"poliovirus inactivated 3 types","poliovirus vaccine, inactivated","accepted","chunk 3"
"acz885 drug substance","canakinumab","accepted","chunk 3"
"sodium hyaluronate","hyaluronate sodium","accepted","chunk 3"
"lenogastrim","lenograstim","accepted","chunk 3"
"goserelina","goserelin","accepted","chunk 3"
"propolis cream 0,5","propolis wax","accepted","chunk 3 pass2"
"azelaic acid aza 15 gel","azelaic acid","accepted","chunk 3 pass2"
"drotrecogin alfa activated","drotrecogin alfa","accepted","chunk 3"
"doxycyclin","doxycycline","accepted","chunk 3"
"ibuprofeno","ibuprofen","accepted","chunk 3"
"pethidine hydrochloride","meperidine","accepted","chunk 3"
"perhexilene","perhexiline","accepted","chunk 3"
"agrippal","influenza vaccine","accepted","chunk 3"
"emthexate","methotrexate","accepted","chunk 3"
"allergen extract of grass pollen","grass pollen extract","accepted","chunk 3"
"abt-263","navitoclax","accepted","chunk 3"
"5 fluoro-uracile","fluorouracil","accepted","chunk 3"
"liquid paraffin","liquid paraffin","accepted","chunk 3"
"grazax","phleum pratense","accepted","chunk 3"
"meningitec","meningococcal group c conjugate vaccine","accepted","chunk 3"
"morab-003","farletuzumab","accepted","chunk 3"
"hepatitis b, purified antigen","hepatitis b vaccine (recombinant)","accepted","chunk 3"
"zoster vaccine live","zoster vaccine, live","accepted","chunk 3"
"diphteria toxoid","diphtheria toxoid","accepted","chunk 3"
"diphteria toxoid","diphtheria toxoid","accepted","chunk 3"
"avi-4658","eteplirsen","accepted","chunk 3"
"sultamicilin","sultamicillin","accepted","chunk 3"
"piperacillin-natrium","piperacillin","accepted","chunk 3"
"hydrous benzoyl peroxide","benzoyl peroxide","accepted","chunk 3"
"menitorix","haemophilus influenzae type b and meningococcal group c vaccine","accepted","chunk 3 pass2"
"octocog alpha","octocog alfa","accepted","chunk 3"
"5-aminolevulinate","aminolevulinic acid","accepted","chunk 3"
"d-cycloserine","cycloserine","accepted","chunk 3"
"dha","docosahexaenoic acid","accepted","chunk 3"
"isavuconazonium sulfate","isavuconazonium","accepted","chunk 3"
"prilocane","prilocaine","accepted","chunk 3"
"lnograstim","lenograstim","accepted","chunk 3"
"slv308monohydrochloride","esmolol hydrochloride","accepted","chunk 3"
"bms-354825-03","dasatinib","accepted","chunk 3"
"fosamax","alendronic acid","accepted","chunk 3"
"cisatracurium besilate","cisatracurium","accepted","chunk 3"
"toremifene citrate","toremifene","accepted","chunk 3"
"wistar ra 27","rubella virus vaccine, live","accepted","chunk 3"
"rifampicine","rifampicin","accepted","chunk 3"
"clindamycine","clindamycin","accepted","chunk 3"
"teicoplanine","teicoplanin","accepted","chunk 3"
"monoxyde dazote","nitric oxide","accepted","chunk 3 pass2"
"immunoglobuline humaine normale","immunoglobulin, normal human","accepted","chunk 3"
"epirubicine","epirubicin","accepted","chunk 3"
"amoxicilline","amoxicillin","accepted","chunk 3"
"prednisolon 20 mg jenapharm","prednisolone","accepted","chunk 3 pattern"
"chlorure de sodium fresenius 0,9 %, solution injectable","sodium chloride","accepted","chunk 3 pattern"
"natriumchloride 0,9 %, oplossing voor injectie","sodium chloride","accepted","chunk 3 pattern"
"chlorure de sodium 0,9% fresenius kabi solvant pour préparation parentérale","sodium chloride","accepted","chunk 3 pattern"
"pex010 psilocybin capsules (1.0 mg psilocybin)","psilocybin","accepted","chunk 3 pattern"
"prednisolon pfizer 10 mg tabletter","prednisolone","accepted","chunk 3 pattern"
"natriumchloride 0,9 % w","sodium chloride","accepted","chunk 3 pattern"
"imu-838 45 mg tablet","vidofludimus calcium","accepted","chunk 3 pattern"
"sodio cloruro baxter s.p.a. 0,9% soluzione per infusione","sodium chloride","accepted","chunk 3 pattern"
"prednison 5 mg galen® tabletten","prednisone","accepted","chunk 3 pattern"
"pex010 psilocybin capsules (1mg psilocybin)","psilocybin","accepted","chunk 3 pattern"
"chlorure de sodium 0,9 % b. braun, solution pour perfusion","sodium chloride","accepted","chunk 3 pattern"
"endoxan baxter","cyclophosphamide","accepted","chunk 3 pattern"
"natriumchloride 0,9, solution for injection","sodium chloride","accepted","chunk 3 pattern"
"prednisolon 50 mg jenapharm","prednisolone","accepted","chunk 3 pattern"
"pex010 psilocybin","psilocybin","accepted","chunk 3 pattern"
"prednisolon 1 mg jenapharm®","prednisolone","accepted","chunk 3 pattern"
"methylprednisolon 16 mg jenapharm®","prednisolone","accepted","chunk 3 pattern"
"prednisolon 10 mg jenapharm®","prednisolone","accepted","chunk 3 pattern"
"natriumchloride 0,9 %, oplossing voor infusie 9 g","sodium chloride","accepted","chunk 3 pattern"
"panodil 500 mg tabletter.","paracetamol","accepted","chunk 3 pass2"
"prednison 5 mg galen®","prednisone","accepted","chunk 3 pattern"
"prednison 50 mg galen®","prednisone","accepted","chunk 3 pattern"
"endoxan baxter 500 mg polvere per soluzione iniettabile","cyclophosphamide","accepted","chunk 3 pattern"
"endoxan baxter 200 mg polvere per soluzione iniettabile","cyclophosphamide","accepted","chunk 3 pattern"
"natriumchloride noridem 0,9%, oplossing voor injectie en oplosmiddel voor parenteraal gebruik 9 mg","sodium chloride","accepted","chunk 3 pattern"
"natriumchloride 0,9% fresenius kabi oplossing voor infusie","sodium chloride","accepted","chunk 3 pattern"
"panodil, filmovertrukne tabletter","paracetamol","accepted","chunk 3 pass2"
"natriumchloride 0,9 % m","sodium chloride","accepted","chunk 3 pattern"
"endoxan® „baxter“ 50 mg - dragees","cyclophosphamide","accepted","chunk 3 pattern"
"endoxan baxter 1 g polvere per soluzione iniettabile","cyclophosphamide","accepted","chunk 3 pattern"
"clomifene citrate","clomiphene","accepted","chunk 4"
"lvtiractam","levetiracetam","accepted","chunk 4"
"paractamol","paracetamol","accepted","chunk 4"
"n.meningitidis serogroup c polysaccharide psc conjugated to corynebacterium diphteriae protein crm-197","meningococcal group c conjugate vaccine","accepted","chunk 4"
"pertussis toxoid pt","pertussis toxoid","accepted","chunk 4"
"atorvastatine","atorvastatin","accepted","chunk 4"
"atorvastatine","atorvastatin","accepted","chunk 4"
"ketogan novum","ketobemidone","accepted","chunk 4"
"aspegic","acetylsalicylic acid","accepted","chunk 4"
"micofenolato mofetilo","mycophenolate mofetil","accepted","chunk 4"
"gadopentetic acid, dimeglumine salt","gadopentetic acid dimeglumine","accepted","chunk 4 pass2"
"dehydroepiandrosterone dhea","prasterone","accepted","chunk 4"
"omeprazole magnesium","omeprazole","accepted","chunk 4"
"rivastigmin","rivastigmine","accepted","chunk 4"
"menbvac","meningococcal group b vaccine","accepted","chunk 4"
"ethanol","ethanol","accepted","chunk 4 pass2"
"anti-cd137","anti-cd137","accepted","chunk 4 pass2"
"mycophenolat-natrium","mycophenolate sodium","accepted","chunk 4"
"amitriptilina","amitriptyline","accepted","chunk 4"
"selo-zok","metoprolol","accepted","chunk 4"
"seloken","metoprolol","accepted","chunk 4"
"thymoglobuline","antithymocyte globulin (rabbit)","accepted","chunk 4"
"thymoglobulin","antithymocyte globulin (rabbit)","accepted","chunk 4"
"magnesio cloruro esaidrato","magnesium chloride","accepted","chunk 4"
"epothilone folate","epothilone d","accepted","chunk 4 pass2"
"ym178 ocas tablet 50 mg","mirabegron","accepted","chunk 4 pass2"
"amoxycillin","amoxicillin","accepted","chunk 4"
"piritramid","piritramide","accepted","chunk 4"
"sodium hyaluronate","sodium hyaluronate","accepted","chunk 4"
"lofexidine hydrochloride","lofexidine","accepted","chunk 4"
"lenalidomid","lenalidomide","accepted","chunk 4"
"prilocaina","prilocaine","accepted","chunk 4"
"heparine sodique","heparin","accepted","chunk 4"
"bensrazide","benserazide","accepted","chunk 4"
"epoetin alpha","epoetin alfa","accepted","chunk 4"
"bromelain","bromelains","accepted","chunk 4 pass2"
"y-90 ibritumomab tiuxetan","ibritumomab tiuxetan","accepted","chunk 4 pass2"
"gft505","elafibranor","accepted","chunk 4"
"dimebon","latrepirdine","accepted","chunk 4"
"haloperidol decanoate","haloperidol","accepted","chunk 4"
"fluticason-17-propionat","fluticasone propionate","accepted","chunk 4"
"rapydan","lidocaine|tetracaine","accepted","chunk 4 pass2"
"methoxy polyethylene glycol-epoetine beta","methoxy polyethylene glycol-epoetin beta","accepted","chunk 4"
"tratuzumab","trastuzumab","accepted","chunk 4"
"amlodipina","amlodipine","accepted","chunk 4"
"levobupivacain","levobupivacaine","accepted","chunk 4"
"racepinefrine","racepinephrine","accepted","chunk 4"
"dapaglifozin","dapagliflozin","accepted","chunk 4"
"azd0530","saracatinib","accepted","chunk 4"
"hexafluorure de soufre","sulphur hexafluoride","accepted","chunk 4"
"sorafnib","sorafenib","accepted","chunk 4"
"albmina humana","albumin human","accepted","chunk 4"
"methoxy polythylne glycol-epoetin bta","methoxy polyethylene glycol-epoetin beta","accepted","chunk 4"
"rec human insulin","insulin human","accepted","chunk 4"
"abt-869","linifanib","accepted","chunk 4"
"l-methionine","methionine","accepted","chunk 4"
"radium-223 chloride","radium-223 dichloride","accepted","chunk 4"
"clobetasol-17-propionat","clobetasol propionate","accepted","chunk 4"
"imvamune","smallpox vaccine","accepted","chunk 4 pass2"
"ivabradin","ivabradine","accepted","chunk 4"
"follitropine alfa","follitropin alfa","accepted","chunk 4"
"elagolix sodium","elagolix","accepted","chunk 4"
"hydroxyprogesterone","hydroxyprogesterone","accepted","chunk 4"
"adenosina","adenosine","accepted","chunk 4"
"artikaiini","articaine","accepted","chunk 4"
"magnesium oxide","magnesium oxide","accepted","chunk 4"
"ribavirine","ribavirin","accepted","chunk 4"
"unfractionated heparin","heparin","accepted","chunk 4"
"dapaglifozin","dapagliflozin","accepted","chunk 4"
"natriumchloride","sodium chloride","accepted","chunk 4"
"natriumwaterstofcarbonaat","sodium bicarbonate","accepted","chunk 4"
"pregabalina","pregabalin","accepted","chunk 4"
"novartis meningooccal b recombinant + omv nz vaccine","meningococcal group b vaccine","accepted","chunk 4"
"n. meningitides serogroup a polysaccharide psa conjugated to tetanus toxoid tt","meningococcal group a conjugate vaccine","accepted","chunk 4"
"n. meningitides serogroup c polysaccharide psc conjugated to tetanus toxoid tt","meningococcal group c conjugate vaccine","accepted","chunk 4"
"n. meningitides serogroup w polysaccharide psw conjugated to tetanus toxoid tt","meningococcal group w135 conjugate vaccine","accepted","chunk 4"
"quetiapin","quetiapine","accepted","chunk 4"
"megestrol","megestrol acetate","accepted","chunk 4 pass2"
"gadopentetic acid","gadopentetic acid","accepted","chunk 4"
"formoterolo fumarato diidrato","formoterol","accepted","chunk 4"
"elafin","elafin","accepted","chunk 4 pass2"
"influenza vaccine suface antigen, inactivated","influenza vaccine","accepted","chunk 4"
"propofolum","propofol","accepted","chunk 4 pass2"
"fusidico acido","fusidic acid","accepted","chunk 4"
"corticosteroid","corticosteroid","accepted","chunk 4 pass2"
"neumococo antigeno polisacarido capsular serotipo 14","pneumococcal polysaccharide conjugate vaccine (adsorbed)","accepted","chunk 4 pattern"
"neumococo antigeno polisacarido capsular serotipo 18c","pneumococcal polysaccharide conjugate vaccine (adsorbed)","accepted","chunk 4 pattern"
"neumococo antigeno polisacarido capsular serotipo 19f","pneumococcal polysaccharide conjugate vaccine (adsorbed)","accepted","chunk 4 pattern"
"neumococo antigeno polisacarido capsular serotipo 23f","pneumococcal polysaccharide conjugate vaccine (adsorbed)","accepted","chunk 4 pattern"
"neumococo antigeno polisacarido capsular serotipo 4","pneumococcal polysaccharide conjugate vaccine (adsorbed)","accepted","chunk 4 pattern"
"neumococo antigeno polisacarido capsular serotipo 6b","pneumococcal polysaccharide conjugate vaccine (adsorbed)","accepted","chunk 4 pattern"
"neumococo antigeno polisacarido capsular serotipo 9v","pneumococcal polysaccharide conjugate vaccine (adsorbed)","accepted","chunk 4 pattern"
"bordetella pertussis hemaglutinina filamentosa","filamentous haemagglutinin","accepted","chunk 4"
"bordetella pertussis toxoide","pertussis toxoid","accepted","chunk 4"
"hinfluenzae tipo b polisacarido conjugado toxoide tetanico","haemophilus influenzae type b polysaccharide","accepted","chunk 4"
"toxoide difterico","diphtheria toxoid","accepted","chunk 4"
"virus polio tipo i","poliovirus vaccine, inactivated","accepted","chunk 4 pattern"
"virus polio tipo ii","poliovirus vaccine, inactivated","accepted","chunk 4 pattern"
"virus polio tipo iii","poliovirus vaccine, inactivated","accepted","chunk 4 pattern"
"sodio alginato","sodium alginate","accepted","chunk 4"
"folico acido","folic acid","accepted","chunk 4"
"somatotropine","somatropin","accepted","chunk 4"
"hexyl aminolevulinate hydrochloride","hexaminolevulinate","accepted","chunk 4"
"proteina coagulabile umana","fibrinogen, human","accepted","chunk 4"
"methylergometrine","methylergonovine","accepted","chunk 4"
"benzydamine hydrochloride","benzydamine","accepted","chunk 4"
"bibf 1120 100 mg capsules","nintedanib","accepted","chunk 4 pattern"
"bibf 1120 150 mg capsules","nintedanib","accepted","chunk 4 pattern"
"metilfenidato hidrocloruro","methylphenidate","accepted","chunk 4"
"pantoprazol","pantoprazole","accepted","chunk 4"
"lutropina alfa","lutropin alfa","accepted","chunk 4"
"l-asparaginase","asparaginase","accepted","chunk 4 pass2"
"or oromucosal nicotine spray","nicotine","accepted","chunk 4 pass2"
"buprenorphin","buprenorphine","accepted","chunk 4 pass2"
"phenoxy ethanol","phenoxyethanol","accepted","chunk 4 pass2"
"glycerol","glycerol","accepted","chunk 4 pass2"
"pegylated interferon alfa-2a","peginterferon alfa-2a","accepted","chunk 4"
"ketanest-s","esketamine","accepted","chunk 4"
"ah111585 18f injection","18f-ah111585","accepted","chunk 4 pass2"
"cetrizine","cetirizine","accepted","chunk 4"
"tetraspan","tetrastarch","accepted","chunk 4 pass2"
"espironolactona","spironolactone","accepted","chunk 4"
"pyridoxinhydrochlorid","pyridoxine","accepted","chunk 4"
"ald518","sarilumab","accepted","chunk 4"
"cisplatyl","cisplatin","accepted","chunk 4"
"tnofovir disoproxil","tenofovir disoproxil","accepted","chunk 4"
"tobramicina","tobramycin","accepted","chunk 4"
"hepatitis a virus antigen","hepatitis a vaccine","accepted","chunk 4"
"gsk2190915 oral solution","gsk2190915","accepted","chunk 4 pass2"
"glucosa anhidra","glucose","accepted","chunk 4"
"calcio cloruro dihidrato","calcium chloride","accepted","chunk 4"
"lactato sodio","sodium lactate","accepted","chunk 4"
"magnesio cloruro hexahidrato","magnesium chloride","accepted","chunk 4"
"prolina","proline","accepted","chunk 4"
"glicina","glycine","accepted","chunk 4"
"alanina","alanine","accepted","chunk 4"
"serina","serine","accepted","chunk 4"
"metionina","methionine","accepted","chunk 4"
"tirosina","tyrosine","accepted","chunk 4"
"leucina","leucine","accepted","chunk 4"
"fenilalanina","phenylalanine","accepted","chunk 4"
"lisina hidrocloruro","lysine","accepted","chunk 4"
"histidina","histidine","accepted","chunk 4"
"valina","valine","accepted","chunk 4"
"treonina","threonine","accepted","chunk 4"
"isoleucina","isoleucine","accepted","chunk 4"
"arginina","arginine","accepted","chunk 4"
"folinsure","folinic acid","accepted","chunk 4"
"sapropterina","sapropterin","accepted","chunk 4"
"at9283 as the free base of the l-lactate salt","at9283","accepted","chunk 4 pass2"
"ciclosporina  para microemulsion","cyclosporine","accepted","chunk 4"
"toxina botulinica tipo a","botulinum toxin type a","accepted","chunk 4"
"clavulanato potasio","clavulanic acid","accepted","chunk 4"
"nefopam hydrochloride","nefopam","accepted","chunk 4"
"oxicodone cloridrato","oxycodone","accepted","chunk 4"
"hylan g-f 20 synvisc, genzyme corp, cambridge, ma","hylan g-f 20","accepted","chunk 4"
"sitaxsentan sodium","sitaxentan","accepted","chunk 4"
"sodium chlorid","sodium chloride","accepted","chunk 4"
"amiodarona","amiodarone","accepted","chunk 4"
"colistina mesilato sodio","colistimethate sodium","accepted","chunk 4"
"meningococcus b, outer membrane vesicle vaccine","meningococcal group b vaccine","accepted","chunk 4"
"18f-fmiso","18f-fmiso","accepted","chunk 4 pass2"
"ap214 acetate","ap214","accepted","chunk 4 pass2"
"mln8237","alisertib","accepted","chunk 4"
"fattore viii umano di coagulazione","coagulation factor viii","accepted","chunk 4"
"doxiciclina hiclato","doxycycline","accepted","chunk 4"
"atn-103","ozoralizumab","accepted","chunk 4 pass2"
"gemcitabina hidrocloruro","gemcitabine","accepted","chunk 4"
"arry-371797","arry-797","accepted","chunk 4 pass2"
"neisseria meningitidis serogroup c polysaccharide","meningococcal group c polysaccharide vaccine","accepted","chunk 4"
"sugammadex-octanatrium","sugammadex","accepted","chunk 4"
"neostigminmetilsulfat","neostigmine","accepted","chunk 4"
"glycopyrroniumbromid","glycopyrronium","accepted","chunk 4"
"peginterferon alfa-2a peg-ifn","peginterferon alfa-2a","accepted","chunk 4 pass2"
"hormona luteinizante","lutropin alfa","accepted","chunk 4"
"hormona foliculo estimulante","follitropin alfa","accepted","chunk 4"
"amg 785","romosozumab","accepted","chunk 4"
"moroctocog-alfa","moroctocog alfa","accepted","chunk 4"
"amoxicilina","amoxicillin","accepted","chunk 4"
"clavulanico acido","clavulanic acid","accepted","chunk 4"
"metronidazol","metronidazole","accepted","chunk 4"
"acidos omega 3 esteres etilicos","omega-3 fatty acids","accepted","chunk 4"
"ketanest","ketamine","accepted","chunk 4 pass2"
"morfin special","morphine","accepted","chunk 4 pass2"
"piperacilina sodica","piperacillin","accepted","chunk 4"
"hydroxyethylstarch","hetastarch","accepted","chunk 4 pass2"
"-aescin","aescin","accepted","chunk 4 pass2"
"liposomal daunorubicin","daunorubicin liposomal","accepted","chunk 4"
"virus grippal fragment et inactiv contenant des antignes analogues aux souches suivantes voir rcp.","influenza vaccine","accepted","chunk 4"
"intradermal influenza vaccine 9g","influenza vaccine","accepted","chunk 4"
"intradermal influenza vaccine 15g","influenza vaccine","accepted","chunk 4"
"rly5016","patiromer","accepted","chunk 4"
"pregabalina","pregabalin","accepted","chunk 4"
"zinc","zinc","accepted","chunk 4 pass2"
"factor xiii concentrate human, pasteurized","coagulation factor xiii, human","accepted","chunk 4 pass2"
"melfalan","melphalan","accepted","chunk 4 pass2"
"ivabradina","ivabradine","accepted","chunk 4"
"metadona hidrocloruro","methadone","accepted","chunk 4 pass2"
"ketamina hidrocloruro","ketamine","accepted","chunk 4 pass2"
"dobutamina","dobutamine","accepted","chunk 4 pass2"
"folinato calcio","calcium folinate","accepted","chunk 4"
"fluvirin influenza vaccine surface antigen, inactivated ph.eur","influenza vaccine","accepted","chunk 4"
"icg pulsion","indocyanine green","accepted","chunk 4"
"fentanilo citrato","fentanyl","accepted","chunk 4 pass2"
"human factor x","coagulation factor x human","accepted","chunk 4 pass2"
"inmunoglobulina g humana","immunoglobulin, normal human","accepted","chunk 4"
"epoetina beta","epoetin beta","accepted","chunk 4"
"preflucel","influenza vaccine","accepted","chunk 4"
"mepivacaina hidrocloruro","mepivacaine","accepted","chunk 4 pass2"
"toxine botulique type a","botulinum toxin type a","accepted","chunk 4"
"epoetine alfa","epoetin alfa","accepted","chunk 4"
"atorvastatina calcica trihidrato","atorvastatin","accepted","chunk 4"
"oleovit d3","cholecalciferol","accepted","chunk 4"
"narop","ropivacaine","accepted","chunk 4"
"5-fluorouracilo","fluorouracil","accepted","chunk 4"
"ceftazidima pentaidrato","ceftazidime","accepted","chunk 4"
"ciprofloxacina cloridrato","ciprofloxacin","accepted","chunk 4"
"gadopentetat-dimeglumin","gadopentetic acid dimeglumine","accepted","chunk 4"
"pneumococcal polysaccharide-protein d conjugates","pneumococcal polysaccharide conjugate vaccine (adsorbed)","accepted","chunk 4"
"pneumococcal polysaccharide-tetanus toxoid conjugate","pneumococcal polysaccharide conjugate vaccine (adsorbed)","accepted","chunk 4"
"pneumococcal polysaccharide-diphtheria toxoid","pneumococcal polysaccharide conjugate vaccine (adsorbed)","accepted","chunk 4"
"pneumoccocal polysaccharide-diphtheria toxoid","pneumococcal polysaccharide conjugate vaccine (adsorbed)","accepted","chunk 4"
"talactoferrinum alfa","talactoferrin alfa","accepted","chunk 4"
"rocuroniumbromid","rocuronium","accepted","chunk 4"
"plasminogeno","plasminogen","accepted","chunk 4"
"salmeterolo xinafoato","salmeterol","accepted","chunk 4"
"fentanyyli","fentanyl","accepted","chunk 4"
"mdv3100","enzalutamide","accepted","chunk 4"
"echinacea purpurea","echinacea purpurea","accepted","chunk 4"
"swine a","influenza vaccine","accepted","chunk 4"
"chenodeoxycholic acid","chenodiol","accepted","chunk 4"
"bromuro de glicopirronio","glycopyrronium bromide","accepted","chunk 4 pass2"
"influenza vaccine surface antigen, inactivated, prepared in cell cultures","influenza vaccine","accepted","chunk 4"
"remifentanyl","remifentanil","accepted","chunk 4 pass2"
"2009 h1n1v-like vaccine adjuvanted with as03","influenza vaccine","accepted","chunk 4"
"valproato sodio","valproate sodium","accepted","chunk 4 pass2"
"fenitoina sodica","phenytoin","accepted","chunk 4 pass2"
"hepatitis a virus inactivated","hepatitis a vaccine","accepted","chunk 4"
"acido malico","malic acid","accepted","chunk 4 pass2"
"rlp2086 subfamily a","meningococcal group b vaccine","accepted","chunk 4"
"rlp2086 subfamily b","meningococcal group b vaccine","accepted","chunk 4"
"vinorelbina tartrato","vinorelbine","accepted","chunk 4"
"sodium laurilsulfate","sodium lauryl sulfate","accepted","chunk 4"
"gonadotrofina corionica","chorionic gonadotropin","accepted","chunk 4"
"immunglobulin","immunoglobulin, normal human","accepted","chunk 4 pass2"
"rdea594","lesinurad","accepted","chunk 4"
"betapred","betamethasone","accepted","chunk 4"
"fluval p suspension for injection","influenza vaccine","accepted","chunk 4"
"18f-fluoromethylcholine","18f-fluoromethylcholine","accepted","chunk 4"
"furoato de fluticasona","fluticasone furoate","accepted","chunk 4"
"clemastinfumarat","clemastine","accepted","chunk 4"
"oleovit d3 tropfen","cholecalciferol","accepted","chunk 4"
"iron ii sulphate","ferrous sulfate","accepted","chunk 4"
"argininhydrochlorid","arginine","accepted","chunk 4"
"insuline asparte","insulin aspart","accepted","chunk 4"
"kolekalsiferoli d3 vitamiini","cholecalciferol","accepted","chunk 4"
"epaxal","hepatitis a vaccine","accepted","chunk 4"
"claritromicina","clarithromycin","accepted","chunk 4"
"mdx-010","ipilimumab","accepted","chunk 4"
"haemocomplettan p","fibrinogen, human","accepted","chunk 4"
"recombinant human growth hormone","somatropin","accepted","chunk 4"
"remifentanilo hidrocloruro","remifentanil","accepted","chunk 4"
"trombina humana","thrombin","accepted","chunk 4"
"fibrinogeno humano","fibrinogen, human","accepted","chunk 4"
"human leucocyte interferon-alpha","interferon alfa","accepted","chunk 4"
"antigeno polisacarido meningococo grupo c","meningococcal group c polysaccharide vaccine","accepted","chunk 4"
"ferroglicina sulfato","ferrous glycine sulfate","accepted","chunk 4"
"voriconazol","voriconazole","accepted","chunk 4"
"telotristat etiprate","telotristat etiprate","accepted","chunk 4"
"citicolina sodica","citicoline","accepted","chunk 4"
"fludarabina","fludarabine","accepted","chunk 4"
"imab362","zolbetuximab","accepted","chunk 4"
"gsk1120212","trametinib","accepted","chunk 4"
"buserelin acetate","buserelin","accepted","chunk 4"
"nicotinell","nicotine","accepted","chunk 4"
"natriumchlorid","sodium chloride","accepted","chunk 4"
"trisodium citrate dihydrate","sodium citrate","accepted","chunk 4 pass2"
"ethanol 96 per cent","ethanol","accepted","chunk 4 pass2"
"ethanol","ethanol","accepted","chunk 4 pass2"
"japanese encephalitis vaccine inactivated","japanese encephalitis vaccine","accepted","chunk 4"
"liraglutida","liraglutide","accepted","chunk 4"
"insulina lispro","insulin lispro","accepted","chunk 4"
"mecasermina","mecasermin","accepted","chunk 4"
"tc-5214 s-mecamylamine","mecamylamine","accepted","chunk 4 pass2"
"digoxina","digoxin","accepted","chunk 4"
"inactivated varicella zoster virus vaccine","varicella zoster virus vaccine, inactivated","accepted","chunk 4"
"oxycodon","oxycodone","accepted","chunk 4"
"vinflunin","vinflunine","accepted","chunk 4"
"bendamustina hidrocloruro","bendamustine","accepted","chunk 4"
"fluval ab influenza vaccine","influenza vaccine","accepted","chunk 4"
"bedaquiline fumarate","bedaquiline","accepted","chunk 4"
"etoposido","etoposide","accepted","chunk 4"
"isotretinoina","isotretinoin","accepted","chunk 4"
"inactivated type 1 poliovirus mahoney","poliovirus vaccine, inactivated","accepted","chunk 4"
"d toxoid","diphtheria toxoid","accepted","chunk 4"
"bupivacaina hidrocloruro","bupivacaine","accepted","chunk 4"
"levobupivacaina","levobupivacaine","accepted","chunk 4"
"alopurinol","allopurinol","accepted","chunk 4"
"cal-101","idelalisib","accepted","chunk 4"
"methacholine chloride","methacholine","accepted","chunk 4"
"fimbriae types 2 and 3","pertussis fimbriae","accepted","chunk 4 pass2"
"meningococcal group a oligosaccharide","meningococcal group a conjugate vaccine","accepted","chunk 4"
"medicinsk oxygen","oxygen","accepted","chunk 4 pass2"
"vivotif","typhoid vaccine, live","accepted","chunk 4"
"vatreptacog alfa activated","vatreptacog alfa (activated)","accepted","chunk 4"
"tigeciclina","tigecycline","accepted","chunk 4"
"pravastatina","pravastatin","accepted","chunk 4"
"rhasm","olipudase alfa","accepted","chunk 4 pass2"
"lidokain","lidocaine","accepted","chunk 4"
"nonacog gamma","coagulation factor ix recombinant human","accepted","chunk 4"
"ketamina","ketamine","accepted","chunk 4"
"eritromicina lactobionato","erythromycin","accepted","chunk 4"
"fibrinogeno","fibrinogen, human","accepted","chunk 4"
"obyoctocog alfa","moroctocog alfa","accepted","chunk 4 pass2"
"leuprorelina acetato","leuprorelin","accepted","chunk 4"
"neisvac-c","meningococcal group c conjugate vaccine","accepted","chunk 4"
"furosemida","furosemide","accepted","chunk 4"
"clomifene citrate","clomiphene","accepted","chunk 4"
"hepatitis a virus inactivated  adsorbed on aluminium hydroxide hydrated produced on human diploid mrc-5 cells","hepatitis a vaccine","accepted","chunk 4"
"vitamin d nos","cholecalciferol","accepted","chunk 4 pass2"
"amfotericina b","amphotericin b","accepted","chunk 4"
"ykp3089","cenobamate","accepted","chunk 4"
"spironolakton","spironolactone","accepted","chunk 4"
"espironolactona","spironolactone","accepted","chunk 4"
"adi-peg 20","pegargiminase","accepted","chunk 4 pass2"
"colistin sulphate","colistin","accepted","chunk 4"
"evrolimus","everolimus","accepted","chunk 4 pass2"
"phleum pratense pollen extract","phleum pratense","accepted","chunk 4"
"fluval ab-like influenza vaccine","influenza vaccine","accepted","chunk 4"
"potassium clavulanate","clavulanic acid","accepted","chunk 4 pass2"
"esafluoruro di zolfo","sulphur hexafluoride","accepted","chunk 4 pass2"
"choline","choline","accepted","chunk 4"
"human normal immunoglobulin scig","human normal immunoglobulin (scig)","accepted","chunk 4 pass2"
"anti-interleukin-6 monoclonal antibody","anti-il-6 monoclonal antibody","accepted","chunk 4 pass2"
"pegylated interferon lambda","peginterferon lambda-1a","accepted","chunk 4 pass2"
"pipotiazine","pipotiazine palmitate","accepted","chunk 4 pass2"
"life attenuated varicella  oka","varicella virus vaccine, live","accepted","chunk 4"
"hepatitis a virus antigen hav, hm 175","hepatitis a vaccine","accepted","chunk 4"
"adrimedac","doxorubicin","accepted","chunk 4"
"silver nitrate","silver nitrate","accepted","chunk 4 pass2"
"lolium perenne l.","lolium perenne pollen","accepted","chunk 4"
"poa pratensis l.","poa pratensis pollen","accepted","chunk 4"
"dactylis glomerata l.","dactylis glomerata pollen","accepted","chunk 4"
"cromoglicate sodium","cromoglicate sodium","accepted","chunk 4"
"8-methoxypsoralen","methoxsalen","accepted","chunk 4"
"lavenderoil","lavender oil","accepted","chunk 4"
"c1 esterase inhibitor human","c1-esterase inhibitor, human","accepted","chunk 4"
"valaciclovirum","valacyclovir","accepted","chunk 4"
"vaccinum encephalitidis ricinis advectae inactivatum","tick-borne encephalitis vaccine","accepted","chunk 4"
"sgi 110","guadecitabine","accepted","chunk 4"
"jnj-27018966","eluxadoline","accepted","chunk 4 pass2"
"rocuroniumbromide fresenius kabi 10 mg","rocuronium","accepted","chunk 4"
"oksikodonihydrokloridi","oxycodone","accepted","chunk 4"
"purified pertussis toxoid","pertussis toxoid","accepted","chunk 4"
"purified filamentous haemagglutin","filamentous haemagglutinin","accepted","chunk 4"
"purified pertactin","pertactin","accepted","chunk 4"
"dermatophagoides pteronyssinus","dermatophagoides pteronyssinus extract","accepted","chunk 4"
"dermatophagoides farinae","dermatophagoides farinae extract","accepted","chunk 4"
"carmellose sodium","carmellose sodium","accepted","chunk 4"
"regn 727","alirocumab","accepted","chunk 4 pass2"
"zinc isovalerianate","zinc valerate","accepted","chunk 4 pass2"
"influenza a","influenza vaccine","accepted","chunk 4"
"human-cl rhfviii","coagulation factor viii","accepted","chunk 4 pass2"
"fraxiparine","nadroparin calcium","accepted","chunk 4"
"fsh","follitropin alfa","accepted","chunk 4 pass2"
"eicosapentaenoic acid ethyl ester","eicosapentaenoic acid","accepted","chunk 4"
"human coagulation factor x","coagulation factor x","accepted","chunk 4"
"proposed inn - filgotinib","filgotinib","accepted","chunk 4 pass2"
"propsoed inn - filgotinib","filgotinib","accepted","chunk 4 pass2"
"levotiroxina","levothyroxine","accepted","chunk 4"
"meningococcal group y oligosaccharide conjugate to corynebacterium diphtheriae crm197 protein","meningococcal group y conjugate vaccine","accepted","chunk 4"
"sgi-110","guadecitabine","accepted","chunk 4"
"inactivated type 1 poliovirus mahoney","poliovirus vaccine, inactivated","accepted","chunk 4"
"klexane","enoxaparin sodium","accepted","chunk 4"
"cetrorelix acetate","cetrorelix","accepted","chunk 4"
"dinoproston","dinoprostone","accepted","chunk 4"
"n-acetylcysteine","acetylcysteine","accepted","chunk 4"
"rutoside","rutin","accepted","chunk 4"
"lederfolin","folinic acid","accepted","chunk 4"
"hyoscine butylbromide","hyoscine butylbromide","accepted","chunk 4 pass2"
"grass pollen extract","grass pollen extract","accepted","chunk 4"
"linisol","lidocaine","accepted","chunk 4"
"prucalopride succinate","prucalopride","accepted","chunk 4"
"alluminio cloruro","aluminum chloride","accepted","chunk 4"
"alluminio lattato","aluminum lactate","accepted","chunk 4 pass2"
"clottafact","fibrinogen, human","accepted","chunk 4 pass2"
"menotrophin","menotropins","accepted","chunk 4"
"2012-like virus","influenza vaccine","accepted","chunk 4"
"rigosertib sodium","rigosertib","accepted","chunk 4"
"telotristat etiprate","telotristat etiprate","accepted","chunk 4"
"buscapina","butylscopolamine bromide","accepted","chunk 4 pass2"
"abt-199 gdc-0199 10 mg","venetoclax","accepted","chunk 4 pass2"
"bay 1021189 1.25 mg coated tablet","vericiguat","accepted","chunk 4 pass2"
"bay 1021189 tablet 5 mg","vericiguat","accepted","chunk 4 pass2"
"ceralifimod","ceralifimod","accepted","chunk 4"
"abt 494","upadacitinib","accepted","chunk 4"
"meningococcal group w-135 oligosaccharide conjugate to cotynebacterium diphtheriae crm197 protein","meningococcal group w135 conjugate vaccine","accepted","chunk 4"
"macrogol","macrogol","accepted","chunk 4"
"iasocholine","18f-fluorocholine","accepted","chunk 4 pass2"
"purified poloxamer 188","poloxamer 188","accepted","chunk 4"
"ara 290","cibinetide","accepted","chunk 4"
"colistin sulphate","colistin","accepted","chunk 4"
"corticoides","corticosteroid","accepted","chunk 4 pass2"
"tisagenlecleucel-t","tisagenlecleucel","accepted","chunk 4"
"linisol","lidocaine","accepted","chunk 4 pass2"
"human von willebrand factor","von willebrand factor, human","accepted","chunk 4"
"human clottable protein","fibrinogen, human","accepted","chunk 4"
"99mtc nanocoll","technetium tc-99m nanocolloid","accepted","chunk 4 pass2"
"natriumchloride","sodium chloride","accepted","chunk 4"
"18f-fch","18f-fluorocholine","accepted","chunk 4"
"isis 396443","nusinersen","accepted","chunk 4"
"protein s","protein s human","accepted","chunk 4 pass2"
"coagulation factor viia recombinant","eptacog alfa (activated)","accepted","chunk 4"
"radium-223","radium-223 dichloride","accepted","chunk 4"
"carbasalate calcium","carbasalate calcium","accepted","chunk 4"
"indocyanin green","indocyanine green","accepted","chunk 4"
"99mtc-nanocoll","technetium tc-99m nanocolloid","accepted","chunk 4 pass2"
"idarubicine","idarubicin","accepted","chunk 4"
"2012-like virus","influenza vaccine","accepted","chunk 4"
"restylane lidocaine","hyaluronic acid","accepted","chunk 4"
"restylane perlane lidocaine","hyaluronic acid","accepted","chunk 4"
"emervel classic lidocaine","hyaluronic acid","accepted","chunk 4"
"emervel deep lidocaine","hyaluronic acid","accepted","chunk 4"
"restylane vital lidocaine","hyaluronic acid","accepted","chunk 4"
"dactylis glomerata pollen extract","dactylis glomerata pollen","accepted","chunk 4"
"lolium perenne pollen extract","lolium perenne pollen","accepted","chunk 4"
"poa pratensis pollen extract","poa pratensis pollen","accepted","chunk 4"
"ephedrine hydrochloride","ephedrine","accepted","chunk 4"
"pegylated proline-interferone alpha-2b recombinant","peginterferon alfa-2b","accepted","chunk 4 pass2"
"losferron","ferrous fumarate","accepted","chunk 4"
"etofenamat","etofenamate","accepted","chunk 4"
"landiolol hydrochloride","landiolol","accepted","chunk 4"
"medi4736","durvalumab","accepted","chunk 4"
"infacort","hydrocortisone","accepted","chunk 4 pass2"
"solupred","prednisolone","accepted","chunk 4"
"elvorine","levoleucovorin","accepted","chunk 4"
"riluzolo","riluzole","accepted","chunk 4"
"acetylsalicylzuur cardio 80 pch","acetylsalicylic acid","accepted","chunk 4"
"roactmera","tocilizumab","accepted","chunk 4"
"thymoglobuline","antithymocyte globulin (rabbit)","accepted","chunk 4"
"5 fluorouracile","fluorouracil","accepted","chunk 4"
"fampridina","fampridine","accepted","chunk 4"
"plasmalyte","balanced electrolyte solution","accepted","chunk 4 pass2"
"mbx-8025","seladelpar","accepted","chunk 4 pass2"
"delafloxacin meglumine","delafloxacin","accepted","chunk 4"
"fentanyyli","fentanyl","accepted","chunk 4"
"mthylprednisolone","methylprednisolone","accepted","chunk 4"
"ossicodone cloridrato","oxycodone","accepted","chunk 4"
"crenolanib besylate","crenolanib","accepted","chunk 4"
"disodium zoledronate tetrahydrate","zoledronic acid","accepted","chunk 4"
"bupivacane","bupivacaine","accepted","chunk 4 pass2"
"bax69","imalumab","accepted","chunk 4 pass2"
"insulina aspart","insulin aspart","accepted","chunk 4"
"insulina degludec","insulin degludec","accepted","chunk 4"
"arq 087","derazantinib","accepted","chunk 4 pass2"
"imunor","umifenovir","accepted","chunk 4 pass2"
"doxiciclina iclato","doxycycline","accepted","chunk 4"
"acetylsalycylic acid","acetylsalicylic acid","accepted","chunk 4 pass2"
"ketalar 10mg","ketamine","accepted","chunk 4"
"dexmedetomidina cloridrato","dexmedetomidine","accepted","chunk 4"
"sodium cromoglicate","cromolyn sodium","accepted","chunk 4 pass2"
"daclatasvir dihydrochloride","daclatasvir","accepted","chunk 4"
"peanut protein extract","peanut extract","accepted","chunk 4 pass2"
"peanut flour","peanut flour","accepted","chunk 4 pass2"
"btamthasone","betamethasone","accepted","chunk 4"
"17propionate 21dihydroxypregn4ene3, 20dione","hydrocortisone","accepted","chunk 4 pass2"
"ipp-201101","forigerimod","accepted","chunk 4 pass2"
"vorsoritide","vorsoritide","accepted","chunk 4"
"sodium chloride solution 0.9","sodium chloride","accepted","chunk 4"
"clavulanic","clavulanic acid","accepted","chunk 4"
"vis410","vis-410","accepted","chunk 5"
"oxygene medicinal liquide","oxygen","accepted","chunk 5"
"ketalar","ketamine","accepted","chunk 5"
"diphtheria, tetanus, pertussis vaccine","diphtheria, tetanus, pertussis vaccine","accepted","chunk 5"
"4.2 nacl","sodium chloride","accepted","chunk 5"
"kte-x19","brexucabtagene autoleucel","accepted","chunk 5"
"flecainidum","flecainide","accepted","chunk 5"
"omeprazolo","omeprazole","accepted","chunk 5"
"sodium glycerophosphate hydrate","sodium glycerophosphate","accepted","chunk 5"
"rhgm-csf","regramostim","accepted","chunk 5"
"haemophilus type b conjugate vaccine tetanus toxoid conjugate","haemophilus influenzae type b polysaccharide","accepted","chunk 5"
"pegunigalsidase alpha","pegunigalsidase alfa","accepted","chunk 5"
"darbepoetina alfa","darbepoetin alfa","accepted","chunk 5"
"octaplas","plasma protein fraction","accepted","chunk 5"
"ringers acetate","ringer's acetate","accepted","chunk 5"
"varicella zoster virus glycoprotein e antigen","zoster vaccine, recombinant adjuvanted","accepted","chunk 5"
"von willebrand faktor","von willebrand factor, human","accepted","chunk 5"
"natriumchlorid 0,9","sodium chloride","accepted","chunk 5"
"codeine phosphate hemihydrate","codeine","accepted","chunk 5"
"incb054828","pemigatinib","accepted","chunk 5"
"conoxia","oxygen","accepted","chunk 5"
"piperaquine phosphate","piperaquine","accepted","chunk 5"
"rilpivirina idrocloride","rilpivirine","accepted","chunk 5"
"rilpivirina base libera","rilpivirine","accepted","chunk 5"
"carbossimaltosio ferrico","ferric carboxymaltose","accepted","chunk 5"
"chenodeoxycholic acid","chenodeoxycholic acid","accepted","chunk 5"
"neisseria meningitidis group c polysaccharide","meningococcal group c polysaccharide vaccine","accepted","chunk 5"
"apokinon","apomorphine","accepted","chunk 5"
"benzidamina cloridrato","benzydamine","accepted","chunk 5"
"trypsin","trypsin","accepted","chunk 5 p2"
"benzilpenicillina benzatinica","benzathine benzylpenicillin","accepted","chunk 5"
"melfalan cloridrato","melphalan","accepted","chunk 5"
"rifaximina","rifaximin","accepted","chunk 5"
"tgr-1202","umbralisib","accepted","chunk 5"
"dermatophagoides farinae extract","dermatophagoides farinae extract","accepted","chunk 5 p2"
"meningococcal group a oligosaccharides conjugated to corynebacterium diphtheriae c7 197 m8 crm197 protein","meningococcal group a conjugate vaccine","accepted","chunk 5"
"meningococcal group y oligosaccharide conjugated to corynebacterium diphtheriae crm197 protein","meningococcal group y conjugate vaccine","accepted","chunk 5"
"idrocortisone","hydrocortisone","accepted","chunk 5"
"pneumococcal polysaccharide conjugate vaccine 13-valent, adsorbed","pneumococcal polysaccharide conjugate vaccine (adsorbed)","accepted","chunk 5"
"methyl aminovulinate","methyl aminolevulinate","accepted","chunk 5 p2"
"2013, wild type","influenza vaccine","accepted","chunk 5"
"regn2810","cemiplimab","accepted","chunk 5"
"fluoxetina cloridrato","fluoxetine","accepted","chunk 5"
"carbonate de lithium","lithium carbonate","accepted","chunk 5"
"lnp023","iptacopan","accepted","chunk 5"
"vaccino pneumococcico","pneumococcal polysaccharide vaccine","accepted","chunk 5"
"vaccino haemophilus influenzae b coniugato con tossoidetetanico","haemophilus influenzae type b polysaccharide","accepted","chunk 5"
"hong kong","influenza vaccine","accepted","chunk 5"
"quadrivalent vlp influenza vaccine","influenza vaccine","accepted","chunk 5"
"outer membrane vesicles omv from neisseria meningitidis group b","meningococcal group b vaccine","accepted","chunk 5"
"doxiciclina","doxycycline","accepted","chunk 5 p2"
"tak-831","luvadaxistat","accepted","chunk 5 p2"
"frazione fosfolipidica da polmone suino","poractant alfa","accepted","chunk 5 p2"
"dcc-2618","ripretinib","accepted","chunk 5"
"sulbactam sodium","sulbactam","accepted","chunk 5"
"l-ascorbic acid","ascorbic acid","accepted","chunk 5"
"norethisterone","norethisterone","accepted","chunk 5"
"apl-2","pegcetacoplan","accepted","chunk 5"
"ferrous ii glycine sulfate complex","ferrous glycine sulfate","accepted","chunk 5"
"bivv009","sutimlimab","accepted","chunk 5"
"bcg - bacillo di calmette e guerin","bcg vaccine","accepted","chunk 5"
"sulopenem etzadroxil","sulopenem etzadroxil","accepted","chunk 5"
"decitabina","decitabine","accepted","chunk 5"
"nebivololo","nebivolol","accepted","chunk 5"
"argipressin","vasopressin","accepted","chunk 5"
"magnesium sulfate heptahydrate","magnesium sulfate","accepted","chunk 5"
"sodium bicarbonate bp","sodium bicarbonate","accepted","chunk 5"
"bevantolol hydrochloride","bevantolol","accepted","chunk 5"
"calcio folinato","calcium folinate","accepted","chunk 5"
"gadobutrolo","gadobutrol","accepted","chunk 5"
"carbamazepina","carbamazepine","accepted","chunk 5"
"sodio valproato","valproate sodium","accepted","chunk 5"
"acido valproico","valproic acid","accepted","chunk 5"
"psma-hbed-cc psma-11","[68ga]psma-11","accepted","chunk 5"
"vortioxetina bromidrato","vortioxetine","accepted","chunk 5"
"regn3500","itepekimab","accepted","chunk 5"
"tretinoina","tretinoin","accepted","chunk 5"
"poziotinib hydrochloride","poziotinib","accepted","chunk 5"
"peposertib","peposertib","accepted","chunk 5"
"camidanlumab tesirine","camidanlumab tesirine","accepted","chunk 5"
"regn3918","pozelimab","accepted","chunk 5"
"18fpsma-11","18f-psma-11","accepted","chunk 5"
"cevidoplenib","cevidoplenib","accepted","chunk 5"
"vaxigriptetra","influenza vaccine","accepted","chunk 5"
"hepatitis b surface antigen rdna adsorbed on aluminium phosphate produced in s. cerevisae cells by rdna","hepatitis b vaccine (recombinant)","accepted","chunk 5"
"poliovirus type 2 inactivated","poliovirus vaccine, inactivated","accepted","chunk 5"
"sodio solfato","sodium sulfate","accepted","chunk 5"
"noradrenalin","norepinephrine","accepted","chunk 5"
"acido lattico","lactic acid","accepted","chunk 5"
"sodio idrossido","sodium hydroxide","accepted","chunk 5"
"cisplatina","cisplatin","accepted","chunk 5"
"belantamab mafodotin","belantamab mafodotin","accepted","chunk 5"
"meningococcal group w-135 oligosaccharide conjugated to corynebacterium diphtheriae crm197 protein","meningococcal group w135 conjugate vaccine","accepted","chunk 5"
"meningococcal group y oligosaccharide conjugated to corynebacterium diphtheriae crm197 protein","meningococcal group y conjugate vaccine","accepted","chunk 5"
"d-mannitol","mannitol","accepted","chunk 5"
"acetilcisteina","acetylcysteine","accepted","chunk 5"
"doravirina","doravirine","accepted","chunk 5"
"botulinum-toxin type a","botulinum toxin type a","accepted","chunk 5 p2"
"krt-232","navtemadlin","accepted","chunk 5 p2"
"caboznatinib","cabozantinib","accepted","chunk 5"
"diphtheria, tetanus, pertussis acellular, component, hepatitis b rdna, poliomyelitis inact. and haemophilus type b conjugate vaccine adsorbed","diphtheria tetanus pertussis hepatitis b poliovirus haemophilus influenzae type b vaccine","accepted","chunk 5 p2"
"tak-994","tak-994","accepted","chunk 5 p2"
"recombinant human pentraxin-2","zinpentraxin alfa","accepted","chunk 5 p2"
"ibutamoren mesilate","ibutamoren","accepted","chunk 5"
"neisseria meningitidis group a polysaccharide","meningococcal group a polysaccharide vaccine","accepted","chunk 5"
"marzeptacog alfa activated","marzeptacog alfa (activated)","accepted","chunk 5"
"bnt162b2","covid-19 mrna vaccine, nucleoside-modified","accepted","chunk 5"
"apraglutide","apraglutide","accepted","chunk 5"
"ifx-1","vilobelimab","accepted","chunk 5 p2"
"eparina","heparin","accepted","chunk 5"
"gardasil 9","human papillomavirus 9-valent vaccine, recombinant","accepted","chunk 5"
"venglustat malate","venglustat","accepted","chunk 5"
"acido alendronico","alendronic acid","accepted","chunk 5"
"furazidine","furazidine","accepted","chunk 5"
"covid-19 vaccine astrazeneca chadox1 ncov-19","covid-19 vaccine, adenoviral vector","accepted","chunk 5"
"l-leucine","leucine","accepted","chunk 5"
"l-isoleucine","isoleucine","accepted","chunk 5"
"l-valine","valine","accepted","chunk 5"
"covid-19 vaccine janssen","covid-19 vaccine, adenoviral vector","accepted","chunk 5"
"thc","dronabinol","accepted","chunk 5"
"mrna-1273","covid-19 mrna vaccine, nucleoside-modified","accepted","chunk 5"
"3,4-methylenedioxymethamphetamine hydrochloride","methylenedioxymethamphetamine","accepted","chunk 5"
"moderna","covid-19 mrna vaccine, nucleoside-modified","accepted","chunk 5"
"covid-19 vaccine ad26.cov2-s recombinant","covid-19 vaccine, adenoviral vector","accepted","chunk 5"
"chimpanzee adenovirus encoding the sars-cov-2 spike glycoprotein chadox1-s","covid-19 vaccine, adenoviral vector","accepted","chunk 5"
"adenovirus type 26 encoding the sars-cov-2 spike glycoprotein ad26.cov2-s","covid-19 vaccine, adenoviral vector","accepted","chunk 5"
"nadunolimab","nadunolimab","accepted","chunk 5"
"aramisulpride","aramisulpride","accepted","chunk 5"
"esamisulpride","esamisulpride","accepted","chunk 5"
"anti-t lymphocyte immunoglobulin for human use, rabbit","antithymocyte globulin (rabbit)","accepted","chunk 5"
"apraglutide","apraglutide","accepted","chunk 5"
"insulina","insulin human","accepted","chunk 5 p2"
"5-methoxy-n,n-dimethyltryptamine","5-meo-dmt","accepted","chunk 5"
"lithiumcarbonate","lithium carbonate","accepted","chunk 5"
"rha protein, derived from influenza b virus victoria lineage","influenza vaccine","accepted","chunk 5"
"rha protein, derived from influenza b virus yamagata lineage","influenza vaccine","accepted","chunk 5"
"dexamfetamine","dexamfetamine","accepted","chunk 5"
"kalsiumfolinat pfizer 10 mg","calcium folinate","accepted","chunk 5"
"esketiv 25 mg","esketamine","accepted","chunk 5"
"calcio levofolinato teva generics 175 mg polvere per soluzione per infusione","levoleucovorin","accepted","chunk 5 fix"
"trimeton 10 mg","chlorpheniramine","accepted","chunk 5"
"mdx1106 ono-4538","nivolumab","accepted","chunk 5"
"aprednislon 1 mg tabletten","prednisolone","accepted","chunk 5"
"influvactetra, injektionsvæske, suspension i fyldt injektionssprøjte","influenza vaccine","accepted","chunk 5 pat"
"vaxigrip tetra, suspensie voor injectie in een voorgevulde spuit
quadrivalent griepvaccin (gesplitst virion, geïnactiveerd)","influenza vaccine","accepted","chunk 5 pat"
"modamide 5 mg, comprimé","amiloride","accepted","chunk 5"
"bgb-a425","surzebiclimab","accepted","chunk 5 p2"
"prednison acis 5 mg","prednisone","accepted","chunk 5"
"prednison acis 20 mg","prednisone","accepted","chunk 5"
"sodium chloride 0.45% solution for infusion","sodium chloride","accepted","chunk 5"
"vaxigrip tetra, suspension for injection in pre-filled syringe
quadrivalent influenza vaccine (split virion, inactivated)","influenza vaccine","accepted","chunk 5 pat"
"canoderm 5 % kräm","urea","accepted","chunk 5"
"coumadine 2 mg, comprimé sécable","warfarin","accepted","chunk 5"
"heparine choay 5 000 ui","heparin","accepted","chunk 5"
"coumadine 5 mg, comprimé sécable","warfarin","accepted","chunk 5"
"incruse ellipta 55 micrograms inhalation powder, pre-dispensed","umeclidinium","accepted","chunk 5"
"hjertemagnyl, filmovertrukne tabletter 75 mg","acetylsalicylic acid","accepted","chunk 5"
"ribocarbo®-l 10 mg","carboplatin","accepted","chunk 5"
"fludarabinphosphat-gry® 25 mg","fludarabine","accepted","chunk 5"
"bendarabin 50 mg pulver zur herstellung einer injektions- oder infusionslösung","bendamustine","accepted","chunk 5"
"trimodulin (human igm, iga, igg solution)","immunoglobulin, normal human","accepted","chunk 5"
"vinorelbin nc 10 mg","vinorelbine","accepted","chunk 5"
"docetaxel-ebewe, 10 mg","docetaxel","accepted","chunk 5"
"doce nc 10 mg","docetaxel","accepted","chunk 5"
"doxorubicinhydrochlorid teva® 2 mg","doxorubicin","accepted","chunk 5"
"depo-eligard 22,5 mg, poeder en oplosmiddel voor oplossing voor injectie","leuprorelin","accepted","chunk 5"
"depo-eligard 7,5 mg, poeder en oplosmiddel voor oplossing voor injectie","leuprorelin","accepted","chunk 5"
"depo-eligard 45 mg, poeder en oplosmiddel voor oplossing voor injectie","leuprorelin","accepted","chunk 5"
"bendacitabin 38 mg","gemcitabine","accepted","chunk 5 p2"
"ventoline 0,4 mg","salbutamol","accepted","chunk 5"
"nipruss 60 mg, poeder voor oplossing voor infusie","sodium nitroprusside","accepted","chunk 5"
"dopacis 90 mbq","18f-fluorodopa","accepted","chunk 5"
"iobenguane (123i)","iobenguane i-123","accepted","chunk 5"
"vincrisin 1 mg","vincristine","accepted","chunk 5"
"nacl 0,9 % b. braun, oplossing voor injectie","sodium chloride","accepted","chunk 5 p2"
"adenosin life medical 5 mg","adenosine","accepted","chunk 5 p2"
"bioclavid 500 mg","amoxicillin|clavulanic acid","accepted","chunk 5 p2"
"flucortac 50 microgrammes, comprimé sécable","fludrocortisone","accepted","chunk 5"
"cytarabin accord 100 mg","cytarabine","accepted","chunk 5"
"micofenolato de mofetil generis 250 mg cápsulas","mycophenolate mofetil","accepted","chunk 5"
"pneumococcus, purified polysaccharides antigen","pneumococcal polysaccharide vaccine","accepted","chunk 5"
"alpharix-tetra, suspension injectable en seringue préremplie vaccin antigrippal (virion fragmenté, inactivé)","influenza vaccine","accepted","chunk 5 pat"
"v) sodium chloride","sodium chloride","accepted","chunk 5"
"natrium chloratum 0,9% baxter, roztwór do infuzji","sodium chloride","accepted","chunk 5"
"decapeptyl-cr 3,75 mg, poeder en oplosmiddel voor suspensie voor injectie","triptorelin","accepted","chunk 5"
"cisplatine hospira 100 mg","cisplatin","accepted","chunk 5"
"vincristinesulfaat teva 1 mg","vincristine","accepted","chunk 5"
"clariscan 0,5 mmol","gadoteric acid","accepted","chunk 5"
"zoledronate eg 5mg","zoledronic acid","accepted","chunk 5"
"solupred 5 mg, comprimé orodispersible","prednisolone","accepted","chunk 5"
"lutetium (177lu) oxodotreotide","lutetium (177lu) oxodotreotide","accepted","chunk 5"
"eto-gry® 20 mg","etoposide","accepted","chunk 5"
"pneumococcal 21-valent conjugate vaccine","pneumococcal polysaccharide conjugate vaccine (adsorbed)","accepted","chunk 5"
"prednisolon stada® 10 mg tabletten","prednisolone","accepted","chunk 5"
"prednisolon stada® 5 mg tabletten","prednisolone","accepted","chunk 5"
"attentin 10 mg tablette","dexamfetamine","accepted","chunk 5"
"dexamfetamine sulfate 20 mg modified-release capsule","dexamfetamine","accepted","chunk 5"
"attentin 5 mg, tablette","dexamfetamine","accepted","chunk 5"
"dexamfetamine sulfate 15 mg modified-release capsule","dexamfetamine","accepted","chunk 5"
"dexamfetamine sulfate 10 mg modified-release capsule","dexamfetamine","accepted","chunk 5"
"cisplatine 1 mg","cisplatin","accepted","chunk 5"
"rimactan 300 mg, gélule","rifampicin","accepted","chunk 5"
"furmonertinib","furmonertinib","accepted","chunk 5"
"[18f]psma-11","18f-psma-11","accepted","chunk 5"
"degarelix acetate","degarelix","accepted","chunk 5"
"sacubitrilo","sacubitril","accepted","chunk 5"
"endoxan 1000 mg milteliai injekciniam tirpalui","cyclophosphamide","accepted","chunk 5"
"bendamustin cell pharm® 2,5 mg","bendamustine","accepted","chunk 5"
"bintrafusp alfa (anti-pd-l1","bintrafusp alfa","accepted","chunk 5"
"carboplatine kabi 10 mg","carboplatin","accepted","chunk 5"
"gemsol, 40 mg","gemcitabine","accepted","chunk 5"
"actemra","tocilizumab","accepted","chunk 5"
"ventolin 100 microgramos","salbutamol","accepted","chunk 5"
"fludarabinphosphat ""ebewe"", koncentrat til injektions-","fludarabine","accepted","chunk 5"
"aspirine 100, 100 mg tabletten","acetylsalicylic acid","accepted","chunk 5"
"befizal l.p. 400 mg, comprimé enrobé à libération prolongée","bezafibrate","accepted","chunk 5"
"farletuzumab ecteribulin","farletuzumab ecteribulin","accepted","chunk 5"
"colchicina seid 0,5 mg comprimidos","colchicine","accepted","chunk 5"
"solu medrol 1000 mg","methylprednisolone","accepted","chunk 5"
"sodio cloruro fresenius kabi italia 0,9%, soluzione per infusione","sodium chloride","accepted","chunk 5"
"calcium citrate","calcium citrate","accepted","chunk 5"
"oxygene medicinal liquide air liquide sante france, gaz pour inhalation, pour évaporateur fixe","oxygen","accepted","chunk 5 p2"
"carboplatino pharmacia 10 mg","carboplatin","accepted","chunk 5"
"carboplatino accord 10 mg","carboplatin","accepted","chunk 5"
"acetylsalicylzuur cardio teva 80 mg","acetylsalicylic acid","accepted","chunk 5"
"sodium chloride 0,9%","sodium chloride","accepted","chunk 5"
"fenprocoumon sandoz 3 mg, tabletten","phenprocoumon","accepted","chunk 5"
"flebogamma dif 50 mg","immunoglobulin, normal human","accepted","chunk 5"
"quetiapin sandoz 25 mg filmdrasjerte tabletter","quetiapine","accepted","chunk 5"
"nacl solution","sodium chloride","accepted","chunk 5"
"botulinum toxin type a 300 units powder for solution for injection","botulinum toxin type a","accepted","chunk 5 pat"
"calciumfolinat kabi 10 mg","calcium folinate","accepted","chunk 5"
"calciumfolinat-gry® 100 mg","calcium folinate","accepted","chunk 5"
"vancomycine sandoz 500 mg, poudre pour solution à diluer pour perfusion ou pour solution buvable","vancomycin","accepted","chunk 5"
"wild-type a influenza virus a","influenza vaccine","accepted","chunk 5"
"belgium","influenza vaccine","accepted","chunk 5"
"granocyte 34 millions ui","lenograstim","accepted","chunk 5"
"reumaflex 50 mg","methotrexate","accepted","chunk 5"
"ophtesic 20 mg","oxybuprocaine","accepted","chunk 5"
"colirofta anestésico doble 1 mg","tetracaine","accepted","chunk 5"
"cam2029 (octreotide subcutaneous depot)","octreotide","accepted","chunk 5"
"ketalar 50 mg","ketamine","accepted","chunk 5"
"oncotice® powder for instillation fluid for intravesical use containing 2-8 x 108 cfu tice bcg.","bcg vaccine","accepted","chunk 5"
"locally sourced 0.9% sodium chloride","sodium chloride","accepted","chunk 5"
"lorano akut, 10 mg tabletten","loratadine","accepted","chunk 5"
"ribofolin® 10 mg","folinic acid","accepted","chunk 5"
"tachipirina 500 mg compresse","paracetamol","accepted","chunk 5"
"deltacortene 5 mg compresse","prednisone","accepted","chunk 5"
"doxy-m-ratiopharm® 100 mg tabletten","doxycycline","accepted","chunk 5"
"fluenz nasal spray suspension 
influenza vaccine (live attenuated, nasal)","influenza vaccine, live attenuated","accepted","chunk 5"
"doxorubicine arrow 2 mg","doxorubicin","accepted","chunk 5"
"vinblastinsulfat teva® 1 mg","vinblastine","accepted","chunk 5"
"rifaldin 300 mg cápsulas","rifampicin","accepted","chunk 5"
"scd-044 tablets 0.3mg","skip","accepted","chunk 5 pat"
"scd-044 tablets 0.6mg","skip","accepted","chunk 5 pat"
"scd-044 tablets 1.0mg","skip","accepted","chunk 5 pat"
"scd-044 tablets 0.1mg","skip","accepted","chunk 5 pat"
"fluorodopa (18f)","18f-fluorodopa","accepted","chunk 5"
"jnj-75276617 (g022)","skip","accepted","chunk 5 pat"
"jnj-75276617 (g007)","skip","accepted","chunk 5 pat"
"jnj-75276617 (g008)","skip","accepted","chunk 5 pat"
"jnj-75276617 (g021)","skip","accepted","chunk 5 pat"
"jnj-75276617 (g024)","skip","accepted","chunk 5 pat"
"jnj-75276617 (g023)","skip","accepted","chunk 5 pat"
"jnj-68284528","ciltacabtagene autoleucel","accepted","chunk 5"
"trombyl 75 mg tabletter","acetylsalicylic acid","accepted","chunk 5"
"colchicina lirca 0.5 mg compresse","colchicine","accepted","chunk 5"
"gonapeptyl daily 0,1 mg","triptorelin","accepted","chunk 5"
"midazolam-ratiopharm® 2 mg","midazolam","accepted","chunk 5"
"dexambutol 500 mg, comprimé pelliculé","ethambutol","accepted","chunk 5"
"carboplatin-gry® 10 mg","carboplatin","accepted","chunk 5"
"solumedrol 1 g, poudre et solvant pour solution injectable","methylprednisolone","accepted","chunk 5"
"albutein 200 g","albumin human","accepted","chunk 5"
"penthrox 99,9%, liquide pour inhalation par vapeur de 3 ml","methoxyflurane","accepted","chunk 5 p2"
"dexagalen® 8 mg injekt
injektionslösung","dexamethasone","accepted","chunk 5"
"celestone cronodose suspensión inyectable","betamethasone","accepted","chunk 5"
"ribodoxo® 2 mg","doxorubicin","accepted","chunk 5"
"atenativ 1000 i.e. - pulver und lösungsmittel zur herstellung einer injektions- oder infusionslösung","antithrombin iii","accepted","chunk 5"
"atenativ 50 ui","antithrombin iii","accepted","chunk 5"
"pneumococcal conjugate vaccine (pcv)","pneumococcal polysaccharide conjugate vaccine (adsorbed)","accepted","chunk 5"
"isotonische kochsalzlösung fresenius","sodium chloride","accepted","chunk 5"
"fet","18f-fluoroethyltyrosine","accepted","chunk 5"
"recombinant adamts13 (radamts13)","recombinant adamts13","accepted","chunk 5 p2"
"cyclophosphamid beta 500 mg","cyclophosphamide","accepted","chunk 5"
"thymoglobuline 
5 mg","antithymocyte globulin (rabbit)","accepted","chunk 5"
"infectoscab® 5 %
crème","permethrin","accepted","chunk 5"
"daunoblastin 20 mg pulver zur herstellung einer infusions- oder injektionslösung","daunorubicin","accepted","chunk 5"
"zyn002 transdermal gel cannabidiol (cbd)","cannabidiol","accepted","chunk 5"
"68-fapi-46","[68ga]fapi-46","accepted","chunk 5"
"gentamicine panpharma 80 mg, solution injectable","gentamicin","accepted","chunk 5"
"accupaque™ 350 injektionslösung oder lösung zum einnehmen","iohexol","accepted","chunk 5"
"ketanest® s 5 mg","esketamine","accepted","chunk 5"
"endoxan®","cyclophosphamide","accepted","chunk 5"
"seg101","crizanlizumab","accepted","chunk 5"
"human albumin ”csl behring”, infusionsvæske, opløsning 5 %","albumin human","accepted","chunk 5 fix"
"trametinib dimethyl sulfoxide","trametinib","accepted","chunk 5"
"jamp pomalidomide","pomalidomide","accepted","chunk 5"
"lederfolin 25 mg polvere per soluzione iniettabile per uso endovenoso","folinic acid","accepted","chunk 5"
"hydroxycarbamide medac 500 mg capsule, hard","hydroxyurea","accepted","chunk 5"
"natriumklorid fresenius kabi, 9 mg","sodium chloride","accepted","chunk 5"
"lyumjev 100 units","insulin lispro","accepted","chunk 5"
"sodium chloride fresenius kabi 0,9% infuzní roztok","sodium chloride","accepted","chunk 5"
"human albumin solution","albumin human","accepted","chunk 5"
"medicinal charcoal","activated charcoal","accepted","chunk 5"
"laroxyl 40 mg","amitriptyline","accepted","chunk 5"
"sulfato de magnesio altan 150 mg","magnesium sulfate","accepted","chunk 5"
"carboplatin-ebewe, 10 mg","carboplatin","accepted","chunk 5"
"claversal 1 g comprimidos gastrorresistentes","mesalazine","accepted","chunk 5"
"conoxia® vloeibaar, 100% v","oxygen","accepted","chunk 5 p2"
"gadovist 1,0 mmol","gadobutrol","accepted","chunk 5"
"flortaucipir f18","flortaucipir f-18","accepted","chunk 5"
"capecitabin ""zentiva"", filmovertrukne tabletter","capecitabine","accepted","chunk 5"
"panzyga 100 mg","immunoglobulin, normal human","accepted","chunk 5"
"levobupivacaïne fresenius kabi 2,5 mg","levobupivacaine","accepted","chunk 5"
"nacl 0,9 % b. braun, solution injectable","sodium chloride","accepted","chunk 5"
"alpha-1-proteinase inhibitor (human)","alpha1-proteinase inhibitor","accepted","chunk 5"
"spersadex 1 mg","dexamethasone","accepted","chunk 5"
"medialipide 20 pour cent, émulsion pour perfusion","lipid emulsion, intravenous","accepted","chunk 5"
"mgl-3196 60 mg oral","resmetirom","accepted","chunk 5"
"mgl-3196 100 mg oral","resmetirom","accepted","chunk 5"
"mgl-3196 80 mg oral","resmetirom","accepted","chunk 5"
"cefuroxim hikma 1500 mg poeder voor oplossing voor injectie of infusie","cefuroxime","accepted","chunk 5"
"methotrexaat teva 25,0 mg, oplossing voor injectie in een voorgevulde pen","methotrexate","accepted","chunk 5"
"ketamina molteni 50 mg","ketamine","accepted","chunk 5"
"metformine arrow lab 500 mg, comprimé pelliculé","metformin","accepted","chunk 5"
"ftc","emtricitabine","accepted","chunk 5"
"taf","tenofovir alafenamide","accepted","chunk 5"
"bay 2927088 bayer (cm)","skip","accepted","chunk 5 pat"
"bay 2927088","skip","accepted","chunk 5 pat"
"bay 2927088 bayer","skip","accepted","chunk 5 pat"
"acepurin, poeder voor infusievloeistof 1g","allopurinol","accepted","chunk 5"
"dermodrin 30 mg","diphenhydramine","accepted","chunk 5"
"baf312","siponimod","accepted","chunk 5"
"aacidexam 5 mg","dexamethasone","accepted","chunk 5"
"mini-plasco nacl b. braun 0,9 %, solution injectable","sodium chloride","accepted","chunk 5"
"mini-plasco nacl b. braun 0,9 %, oplossing voor injectie","sodium chloride","accepted","chunk 5"
"levobupivacaïne fresenius kabi 5 mg","levobupivacaine","accepted","chunk 5"
"monofer 100 mg","iron isomaltoside 1000","accepted","chunk 5"
"linisol 2 % oplossing voor injectie","lidocaine","accepted","chunk 5"
"nanogam 100 mg","immunoglobulin, normal human","accepted","chunk 5"
"fluorouracile ahcl 50 mg","fluorouracil","accepted","chunk 5"
"blu-5937","camlipixant","accepted","chunk 5"
"para-tabs 500 mg tabletti","paracetamol","accepted","chunk 5"
"dcc-3014","vimseltinib","accepted","chunk 5"
"cardioaspirin 100 mg compresse gastroresistenti","acetylsalicylic acid","accepted","chunk 5"
"vx-770 film-coated fixed-dose combination tablet","ivacaftor","accepted","chunk 5 p2"
"vx-770 fixed-dose combination tablet","ivacaftor","accepted","chunk 5 p2"
"fluocyne 10%, solution injectable i.v.","fluorouracil","accepted","chunk 5"
"trabectedina teva 1 mg polvere per concentrato per soluzione per infusione","trabectedin","accepted","chunk 5"
"trabectedina teva 0,25 mg polvere per concentrato per soluzione per infusione","trabectedin","accepted","chunk 5"
"dectancyl 0,5 mg, comprimé","dexamethasone","accepted","chunk 5"
"topotecane accord 1 mg","topotecan","accepted","chunk 5"
"fluorouracilo accord 50 mg","fluorouracil","accepted","chunk 5"
"alpn-303 solution for injection","povetacicept","accepted","chunk 5 p2"
"alpn-303 solution for injection in pre-filled syringe","povetacicept","accepted","chunk 5 p2"
"pivekimab sunirine","pivekimab sunirine","accepted","chunk 5"
"lidocaïne kabi 20 mg","lidocaine","accepted","chunk 5"
"sauerstoff medizinisch air liquide","oxygen","accepted","chunk 5"
"vaxigriptetra, suspension injectable en seringue préremplie
vaccin grippal quadrivalent (inactivé, à virion fragmenté)","influenza vaccine","accepted","chunk 5 pat"
"[68ga]psma-hbed-cc","[68ga]psma-11","accepted","chunk 5"
"flecardia   διάλυμα για ένεση","flecainide","accepted","chunk 5 p2"
"gemcitabina accord 200 mg concentrado para solución para perfusión","gemcitabine","accepted","chunk 5"
"carboplatine teva 10 mg","carboplatin","accepted","chunk 5"
"augmentin 500 mg","amoxicillin|clavulanic acid","accepted","chunk 5"
"iomeron 400 mgi","iomeprol","accepted","chunk 5"
"doxorubicine teva 50 mg","doxorubicin","accepted","chunk 5"
"oxanest® 10 mg","oxycodone","accepted","chunk 5"
"ser fiziologic 90 mg","sodium chloride","accepted","chunk 5"
"cefuroxim „astro“ - trockenstechampulle","cefuroxime","accepted","chunk 5 p2"
"prolastin 1000 mg, pulver und lösungsmittel zur her-
stellung einer infusionslösung","alpha1-proteinase inhibitor","accepted","chunk 5"
"dibase 50.000 u.i.","cholecalciferol","accepted","chunk 5"
"medroxyprogesterone","medroxyprogesterone","accepted","chunk 5"
"solupred 20 mg, comprimé orodispersible","prednisolone","accepted","chunk 5"
"sodio ioduro (i131) curium netherlands 37-7400 mbq capsula rigida","sodium iodide i-131","accepted","chunk 5"
"lenalidomid hexal 10 mg hartkapseln","lenalidomide","accepted","chunk 5"
"lenalidomid hexal 15 mg hartkapseln","lenalidomide","accepted","chunk 5"
"lenalidomid hexal 5 mg hartkapseln","lenalidomide","accepted","chunk 5"
"lenalidomid hexal 25 mg hartkapseln","lenalidomide","accepted","chunk 5"
"elvorine 25 mg","levoleucovorin","accepted","chunk 5"
"doxorubicine hydrochloride","doxorubicin","accepted","chunk 5 pat"
"calciumfolinat-gry 200mg","calcium folinate","accepted","chunk 5 pat"
"doxorubicine hydrochloride","doxorubicin","accepted","chunk 5 pat"
"calciumfolinat 5 h2o","calcium folinate","accepted","chunk 5 pat"
"chlorhydrate de doxorubicine 50mg","doxorubicin","accepted","chunk 5 pat"
"colchicina lirca","colchicine","accepted","chunk 5 pat"
"solupred 5 mg, comprimé effervescent","prednisolone","accepted","chunk 5 pat"
"prednison acis 20 mg, tabletten","prednisone","accepted","chunk 5 pat"
"calciumfolinat hexal 10 mg","calcium folinate","accepted","chunk 5 pat"
"calciumfolinat-gry® 500 mg","calcium folinate","accepted","chunk 5 pat"
"calciumfolinat-gry® 300 mg","calcium folinate","accepted","chunk 5 pat"
"calciumfolinat sandoz 10 mg","calcium folinate","accepted","chunk 5 pat"
"doxorubicine hcl hikma 2 mg","doxorubicin","accepted","chunk 5 pat"
"colchicina lirca 1 mg compresse","colchicine","accepted","chunk 5 pat"
"elvorine 50 mg","levoleucovorin","accepted","chunk 6"
"human normal immunoglobulin (iv)","immunoglobulin, normal human","accepted","chunk 6"
"uvedose 100 000 ui, solution buvable en ampoule","cholecalciferol","accepted","chunk 6"
"gemsol","gemcitabine","accepted","chunk 6"
"spikevax 50 micrograms dispersion for injection in pre-filled syringe covid-19 mrna vaccine","covid-19 mrna vaccine, nucleoside-modified","accepted","chunk 6"
"lenalidomid stada 5 mg hartkapseln","lenalidomide","accepted","chunk 6 p2"
"lenalidomid al 15 mg hartkapseln","lenalidomide","accepted","chunk 6 p2"
"lenalidomid al 25 mg hartkapseln","lenalidomide","accepted","chunk 6 p2"
"lenalidomid stada 15 mg hartkapseln","lenalidomide","accepted","chunk 6 p2"
"lenalidomid stada 10 mg hartkapseln","lenalidomide","accepted","chunk 6 p2"
"lenalidomid al 5 mg hartkapseln","lenalidomide","accepted","chunk 6 p2"
"lenalidomid stada 25 mg hartkapseln","lenalidomide","accepted","chunk 6 p2"
"lenalidomid al 10 mg hartkapseln","lenalidomide","accepted","chunk 6 p2"
"encorton, 5 mg, tabletki","prednisone","accepted","chunk 6"
"monofree dexamethason 1 mg","dexamethasone","accepted","chunk 6"
"dicloabak 1 mg","diclofenac","accepted","chunk 6"
"sigvotatug vedotin","sigvotatug vedotin","accepted","chunk 6"
"estrofem, filmovertrukne tabletter","estradiol","accepted","chunk 6"
"metotressato teva 25 mg","methotrexate","accepted","chunk 6"
"5-fluorouracil–ebewe, 50 mg","fluorouracil","accepted","chunk 6"
"chlorid sodný b. braun 0,9 % infuzní roztok","sodium chloride","accepted","chunk 6"
"natriumchlorid ”noridem”,solvens til parenteral anvendelse","sodium chloride","accepted","chunk 6 fix"
"argatra multidose 100 mg","argatroban","accepted","chunk 6"
"linaprazan glurate","linaprazan glurate","accepted","chunk 6"
"augmentin 100 mg","amoxicillin|clavulanic acid","accepted","chunk 6"
"emla® 5 pour cent, crème","lidocaine|prilocaine","accepted","chunk 6"
"adrenalina b. braun 1 mg","epinephrine","accepted","chunk 6"
"endoxan 500 mg, poeder voor oplossing voor injectie","cyclophosphamide","accepted","chunk 6"
"ropivacaína b. braun 2 mg","ropivacaine","accepted","chunk 6"
"zoonotic influenza vaccine seqirus suspension for injection in pre-filled syringe zoonotic influenza vaccine (h5n8) (surface antigen, inactivated, adjuvanted)","influenza vaccine","accepted","chunk 6"
"alpharix suspensie voor injectie in een voorgevulde spuit trivalent griepvaccin (gefragmenteerd virion, geïnactiveerd)","influenza vaccine","accepted","chunk 6"
"brenipatide","brenipatide","accepted","chunk 6"
"slinda 4 mg kalvopäällysteinen tabletti","drospirenone","accepted","chunk 6"
"methotrexaat sandoz 2,5 mg, tabletten","methotrexate","accepted","chunk 6"
"eptacog alfa activado","eptacog alfa (activated)","accepted","chunk 6"
"licarbazepina","eslicarbazepine","accepted","chunk 6"
"amg 162 solution for injection","denosumab","accepted","chunk 6"
"calprofen","ibuprofen","accepted","chunk 6"
"entecapone","entacapone","accepted","chunk 6"
"oestradiol hemihydrate","estradiol","accepted","chunk 6"
"hydrochlortiazide","hydrochlorothiazide","accepted","chunk 6"
"canfosfamide hcl","canfosfamide","accepted","chunk 6"
"biclutamide","bicalutamide","accepted","chunk 6"
"bay 12-8039 tablets","moxifloxacin","accepted","chunk 6"
"escalicarbazepine","eslicarbazepine","accepted","chunk 6"
"risedronate 75mg","risedronic acid","accepted","chunk 6"
"disodium pamidronate","pamidronic acid","accepted","chunk 6"
"chondroitin sulfate","chondroitin sulfate","accepted","chunk 6"
"recombinant human n-acetylgalactosamine 4-sulfatase","galsulfase","accepted","chunk 6"
"mecaserbin rinfabate","mecasermin rinfabate","accepted","chunk 6"
"xyzal 5mg tablets","levocetirizine","accepted","chunk 6"
"licarbazepinum","eslicarbazepine","accepted","chunk 6"
"acido folico","folic acid","accepted","chunk 6"
"cianocobalamina","cyanocobalamin","accepted","chunk 6"
"eflornitina hidrocloruro","eflornithine","accepted","chunk 6"
"peg interferon alfa-2b","peginterferon alfa-2b","accepted","chunk 6"
"bendamustin","bendamustine","accepted","chunk 6"
"prolonged release torasemide","torsemide","accepted","chunk 6"
"inmediate release torasemide","torsemide","accepted","chunk 6"
"dexamethasone- 21-isonicotinate","dexamethasone","accepted","chunk 6"
"oxytetracycline-hcl","oxytetracycline","accepted","chunk 6"
"gentamicinsulfate","gentamicin","accepted","chunk 6"
"doxorubicini hydrochloridum","doxorubicin","accepted","chunk 6"
"vincristini sulfas","vincristine","accepted","chunk 6"
"filgrastimum","filgrastim","accepted","chunk 6"
"melphalanum","melphalan","accepted","chunk 6"
"gamma-aminobutyric acid analogue s-3 aminomethyl-5-methylhaxanoic acid","pregabalin","accepted","chunk 6"
"rosuvastatiini","rosuvastatin","accepted","chunk 6"
"atorvastatiini","atorvastatin","accepted","chunk 6"
"ziprasidona","ziprasidone","accepted","chunk 6"
"v isopropyl alcohol","isopropyl alcohol","accepted","chunk 6"
"rupatadina fumarato","rupatadine","accepted","chunk 6"
"doxorrubicina clorhidrato hcl","doxorubicin","accepted","chunk 6"
"toxoide pertsico","pertussis toxoid","accepted","chunk 6"
"propiverine hydrochloride","propiverine","accepted","chunk 6"
"toxoide pertsico adsorbido en xido de aluminio hidratado","pertussis toxoid","accepted","chunk 6"
"manidipine","manidipine","accepted","chunk 6"
"valsartn","valsartan","accepted","chunk 6"
"doxorubicina gp-pharm","doxorubicin","accepted","chunk 6"
"follitrophin alfa","follitropin alfa","accepted","chunk 6"
"piperacillina dc.it              .","piperacillin","accepted","chunk 6"
"ketorolaco trometamol","ketorolac","accepted","chunk 6"
"sodium racemic lactate","sodium lactate","accepted","chunk 6"
"metilfenidato clorhidrato","methylphenidate","accepted","chunk 6"
"somatotropina","somatropin","accepted","chunk 6"
"telithomycin","telithromycin","accepted","chunk 6"
"clavulanic acid as the potassium salt","clavulanic acid","accepted","chunk 6"
"isophane nph insulin","insulin nph","accepted","chunk 6"
"valproate semisodium usan  divalproex sodium","valproate semisodium","accepted","chunk 6"
"sodium sulphate anhydrous","sodium sulfate","accepted","chunk 6"
"sodium picosulphate","sodium picosulfate","accepted","chunk 6"
"glykopyrron","glycopyrronium","accepted","chunk 6"
"atropinsulfat","atropine","accepted","chunk 6"
"naproxen sodium","naproxen","accepted","chunk 6"
"hyroxyethylstarch 130","hydroxyethyl starch","accepted","chunk 6"
"hydrocortisone-17-butyrate","hydrocortisone","accepted","chunk 6"
"tixocortol-21-pivalate","tixocortol","accepted","chunk 6"
"doxorubicin-hcl","doxorubicin","accepted","chunk 6"
"bia 2-093","eslicarbazepine","accepted","chunk 6"
"pneumoccocal saccharide conjugated vaccine, adsorbed","pneumococcal polysaccharide conjugate vaccine (adsorbed)","accepted","chunk 6"
"stilnox","zolpidem","accepted","chunk 6"
"hydrocortone","hydrocortisone","accepted","chunk 6"
"beclomethasone","beclomethasone","accepted","chunk 6"
"hydroxy-ethyl-starch 130","hydroxyethyl starch","accepted","chunk 6"
"dtic dacarbazine","dacarbazine","accepted","chunk 6"
"darbopoetin alfa","darbepoetin alfa","accepted","chunk 6"
"heparina sdica","heparin","accepted","chunk 6"
"oxymetazolini hydrochloridum","oxymetazoline","accepted","chunk 6"
"morfine sulfaat","morphine","accepted","chunk 6"
"clorhidrato de memantina","memantine","accepted","chunk 6"
"tetrahydrobiopterin","sapropterin","accepted","chunk 6"
"neoplatin 10","cisplatin","accepted","chunk 6 p2"
"neoplatin 50","cisplatin","accepted","chunk 6 p2"
"olmesartanmedoxomil","olmesartan medoxomil","accepted","chunk 6"
"allopregnanolone","allopregnanolone","accepted","chunk 6"
"glimepirid","glimepiride","accepted","chunk 6"
"htf919","prucalopride","accepted","chunk 6"
"laf237","vildagliptin","accepted","chunk 6"
"milrinon","milrinone","accepted","chunk 6"
"suxamethonium chloride","succinylcholine","accepted","chunk 6"
"beloc zok","metoprolol","accepted","chunk 6"
"diclofenac-natrium","diclofenac","accepted","chunk 6"
"hydrocortisoni acetas","hydrocortisone","accepted","chunk 6"
"betamethasoni valeras","betamethasone","accepted","chunk 6"
"dexpanthenolum","dexpanthenol","accepted","chunk 6"
"chlonidine chloride","clonidine","accepted","chunk 6"
"levosinmendaani","levosimendan","accepted","chunk 6"
"isopto dex","dexamethasone","accepted","chunk 6"
"codein","codeine","accepted","chunk 6"
"docetaxelum","docetaxel","accepted","chunk 6"
"acorbic acid vitamin c","ascorbic acid","accepted","chunk 6"
"rituksimabi","rituximab","accepted","chunk 6"
"vinkristiini","vincristine","accepted","chunk 6"
"prednisoni","prednisone","accepted","chunk 6"
"pegfilgastriimi","pegfilgrastim","accepted","chunk 6"
"diamorphine hydrochloride","diamorphine","accepted","chunk 6"
"diamorphine hydrochloride","diamorphine","accepted","chunk 6"
"homotaurine","tramiprosate","accepted","chunk 6"
"octocog","octocog alfa","accepted","chunk 6"
"fusidine sure acid","fusidic acid","accepted","chunk 6"
"didanosina","didanosine","accepted","chunk 6"
"remifentanilo","remifentanil","accepted","chunk 6"
"fentanilo","fentanyl","accepted","chunk 6"
"mgso4","magnesium sulfate","accepted","chunk 6"
"epirubicina","epirubicin","accepted","chunk 6"
"delta-9-tetrahidrocannabinol thc","dronabinol","accepted","chunk 6"
"cannabiniol cbd","cannabidiol","accepted","chunk 6"
"racecadotrilo tiorfan","racecadotril","accepted","chunk 6"
"estramustina","estramustine","accepted","chunk 6"
"hidrocortisone","hydrocortisone","accepted","chunk 6"
"cromoglicic acid","cromoglicate sodium","accepted","chunk 6"
"gemcitabini hydrochloridi","gemcitabine","accepted","chunk 6"
"diclofenac-sodium","diclofenac","accepted","chunk 6"
"goselerinacetate","goserelin","accepted","chunk 6"
"hydrokortisonbutyrat 1 mg","hydrocortisone","accepted","chunk 6"
"hydroxycarbamid","hydroxyurea","accepted","chunk 6"
"eritromicina dci lactobionato de eritromicina","erythromycin","accepted","chunk 6"
"progesterona natural micronizada","progesterone","accepted","chunk 6"
"vitamina b12","cyanocobalamin","accepted","chunk 6"
"rwj-333369","brivaracetam","accepted","chunk 6"
"lisinpril dihydrate","lisinopril","accepted","chunk 6"
"+-s,s-reboxetine","reboxetine","accepted","chunk 6 p2"
"esomeprazol magnesium","esomeprazole","accepted","chunk 6"
"alikiren","aliskiren","accepted","chunk 6"
"raloxifeno","raloxifene","accepted","chunk 6"
"pleuromutilin","pleuromutilin","accepted","chunk 6"
"sodium fusidate","sodium fusidate","accepted","chunk 6"
"coated methylnaltrexone","methylnaltrexone","accepted","chunk 6"
"leuproreline acetat","leuprorelin","accepted","chunk 6"
"progesteronum mikroniserad, ph eur","progesterone","accepted","chunk 6"
"bupivocaine hydrochloride 0.5","bupivacaine","accepted","chunk 6"
"erythromycine","erythromycin","accepted","chunk 6"
"diamorphine","diamorphine","accepted","chunk 6"
"tiabendazole","tiabendazole","accepted","chunk 6"
"somatotropinum humanum human growth hormone","somatropin","accepted","chunk 6"
"gantacurium for injection","gantacurium","accepted","chunk 6"
"succinylcholine","succinylcholine","accepted","chunk 6"
"adenosin, 5 mg","adenosine","accepted","chunk 6"
"serenoa repens","saw palmetto extract","accepted","chunk 6"
"bisoprololhemifumarat","bisoprolol","accepted","chunk 6"
"tetraccycline-hydrochloride","tetracycline","accepted","chunk 6"
"natrium folinas","folinic acid","accepted","chunk 6"
"peginterferon alfa 2-a","peginterferon alfa-2a","accepted","chunk 6"
"granisetron-hydrochlorid","granisetron","accepted","chunk 6"
"examestane","exemestane","accepted","chunk 6"
"pancreatinum","pancreatin","accepted","chunk 6"
"polyglobin 10","immunoglobulin, normal human","accepted","chunk 6"
"rapeglinide","repaglinide","accepted","chunk 6"
"somatropiini","somatropin","accepted","chunk 6"
"mycophenylate mofetil","mycophenolate mofetil","accepted","chunk 6"
"dexamethasone-21-acetate","dexamethasone","accepted","chunk 6"
": quetiapine","quetiapine","accepted","chunk 6"
"estradiolvalerate","estradiol valerate","accepted","chunk 6"
"medroxyprogesteroneacetate","medroxyprogesterone acetate","accepted","chunk 6"
"cefuroxim","cefuroxime","accepted","chunk 6"
"peginterferon alpha 2b","peginterferon alfa-2b","accepted","chunk 6"
"iopromid","iopromide","accepted","chunk 6"
"hydromorphoni hydrochloridum","hydromorphone","accepted","chunk 6"
"calcium hydroxide","calcium hydroxide","accepted","chunk 6"
"triamcinolon-acetonide","triamcinolone acetonide","accepted","chunk 6"
"gemzitabine","gemcitabine","accepted","chunk 6"
"diclofenac-sodium","diclofenac","accepted","chunk 6"
"acetyl-l-carnitine","acetylcarnitine","accepted","chunk 6"
"zidovuvina","zidovudine","accepted","chunk 6"
"testosterone propionate","testosterone","accepted","chunk 6"
"pioglitzone hcl","pioglitazone","accepted","chunk 6"
"aluminium hydroxide adjuvanted whole virion a","influenza vaccine","accepted","chunk 6"
"virosomal subunit influenza a","influenza vaccine","accepted","chunk 6"
"silibilin","silybin","accepted","chunk 6"
"ferrous sulfate nature made","ferrous sulfate","accepted","chunk 6"
"nevirapina anhidra","nevirapine","accepted","chunk 6"
"cholincitrate","choline citrate","accepted","chunk 6"
"arginina cloridrato","arginine","accepted","chunk 6"
"gemtutsumabum ozogamicum","gemtuzumab ozogamicin","accepted","chunk 6"
"acetylcystein","acetylcysteine","accepted","chunk 6"
"palonosetron hcl","palonosetron","accepted","chunk 6"
"nevirapina anhidra","nevirapine","accepted","chunk 6"
"mycophenolat mofetil","mycophenolate mofetil","accepted","chunk 6"
"formoterolfumarat","formoterol","accepted","chunk 6"
"tiotropiumbromide","tiotropium","accepted","chunk 6"
"cyclophospamide","cyclophosphamide","accepted","chunk 6"
"goserelina acetato","goserelin","accepted","chunk 6"
"glycopyrroniumbromide","glycopyrronium","accepted","chunk 6"
"lanzoprazole","lansoprazole","accepted","chunk 6"
"rabeprazol","rabeprazole","accepted","chunk 6"
"vildagliptinum","vildagliptin","accepted","chunk 6"
"anastrozol","anastrozole","accepted","chunk 6"
"trometamol, 2-amino-2-hydroxymethyl-1, 3-propanediol tris-hydroxymethyl-aminomethane","tromethamine","accepted","chunk 6"
"bupivicaine hcl","bupivacaine","accepted","chunk 6"
"5-azacitidine","azacitidine","accepted","chunk 6"
"ubidecarenon","ubidecarenone","accepted","chunk 6"
"metforminehydrochloride","metformin","accepted","chunk 6"
"gentuzumab ozogamicina","gemtuzumab ozogamicin","accepted","chunk 6"
"fluvirin surface antigen, inactivated influenza vaccine","influenza vaccine","accepted","chunk 6"
"tamsulosini hydrochloridum","tamsulosin","accepted","chunk 6"
"sildenafilum","sildenafil","accepted","chunk 6"
"diclofenaco dietilamonico","diclofenac","accepted","chunk 6"
"adrenalini tartras","epinephrine","accepted","chunk 6"
"ropivakainhydroklorid monohydrat","ropivacaine","accepted","chunk 6"
"levobupivacainhydrochlorid","levobupivacaine","accepted","chunk 6"
"ibritumomoab tiuxetan","ibritumomab tiuxetan","accepted","chunk 6"
"batrafen solution","ciclopirox","accepted","chunk 6"
"dithranol","dithranol","accepted","chunk 6"
"betahistin","betahistine","accepted","chunk 6"
"perxexiline","perhexiline","accepted","chunk 6"
"ampicillin-natrium","ampicillin","accepted","chunk 6"
"oncovexgm-csf","talimogene laherparepvec","accepted","chunk 6"
"eicosapentaeonic acid","eicosapentaenoic acid","accepted","chunk 6"
"docosahexaeonic acid","docosahexaenoic acid","accepted","chunk 6"
"efectin er","venlafaxine","accepted","chunk 6"
"seretide diskus, mite, forte","fluticasone|salmeterol","accepted","chunk 6"
"fluticasone-17-propionat","fluticasone propionate","accepted","chunk 6"
"lapatanib","lapatinib","accepted","chunk 6"
"ciklosporin","cyclosporine","accepted","chunk 6"
"endobulin","immunoglobulin, normal human","accepted","chunk 6"
"terbinafini hydrochloridum","terbinafine","accepted","chunk 6"
"isoallopregnanolone","isoallopregnanolone","accepted","chunk 6"
"isosorbide-5-mononitrate","isosorbide mononitrate","accepted","chunk 6"
"pramipexol","pramipexole","accepted","chunk 6"
"oestrogel","estradiol","accepted","chunk 6"
"rosuvastatincaclium","rosuvastatin","accepted","chunk 6"
"vicirviroc","vicriviroc","accepted","chunk 6"
"sumamed","azithromycin","accepted","chunk 6"
"doxycyclinum inn","doxycycline","accepted","chunk 6"
"buprenophine 70g","buprenorphine","accepted","chunk 6"
"pegunterferon alfa-2a","peginterferon alfa-2a","accepted","chunk 6"
"lamotrogine","lamotrigine","accepted","chunk 6"
"valproate semisodium","valproate semisodium","accepted","chunk 6"
"eberconazol","eberconazole","accepted","chunk 6"
"triamcinolona acetnido","triamcinolone acetonide","accepted","chunk 6"
"topiramato","topiramate","accepted","chunk 6"
"methylprednisone","methylprednisolone","accepted","chunk 6"
"teicoplatina","teicoplanin","accepted","chunk 6"
"vancomicina","vancomycin","accepted","chunk 6"
"donezepilo","donepezil","accepted","chunk 6"
"doxorrubicina clorhidrato liposomal pegilada","doxorubicin liposomal","accepted","chunk 6"
"amiodarona clorhidrato","amiodarone","accepted","chunk 6"
"procainamida","procainamide","accepted","chunk 6"
"lipoic acid","thioctic acid","accepted","chunk 6"
"dimethylsulfoxide","dimethyl sulfoxide","accepted","chunk 6"
"tamsulosine hydrochloride","tamsulosin","accepted","chunk 6"
"mycophenolate motetil","mycophenolate mofetil","accepted","chunk 6"
"betadexum","betadex","accepted","chunk 6"
"uroquinasa","urokinase","accepted","chunk 6"
"mycophenolic acid mycophenolate sodium","mycophenolate sodium","accepted","chunk 6"
"rostaporfin","rostaporfin","accepted","chunk 6"
"bromuro de tiotropio","tiotropium","accepted","chunk 6"
"epirubicinehydrochloride","epirubicin","accepted","chunk 6"
"cyclofosfamide","cyclophosphamide","accepted","chunk 6"
"human insulin rdna","insulin human","accepted","chunk 6"
"gemcitabina gemzar","gemcitabine","accepted","chunk 6"
"doxorrubicina hc1","doxorubicin","accepted","chunk 6"
"cefepim","cefepime","accepted","chunk 6"
"oxybutinin gel 3","oxybutynin","accepted","chunk 6"
"nimustinhydrochlorid","nimustine","accepted","chunk 6"
"levocetirizina","levocetirizine","accepted","chunk 6"
"lestaurinib","lestaurtinib","accepted","chunk 6"
"neoplatin","cisplatin","accepted","chunk 6"
"sulfasalazin","sulfasalazine","accepted","chunk 6"
"duloxitine","duloxetine","accepted","chunk 6"
"carboplatinum","carboplatin","accepted","chunk 6"
"precortalon aquosum","prednisolone","accepted","chunk 6"
"bromelain, inn l8.d","bromelain","accepted","chunk 6"
"finasterid","finasteride","accepted","chunk 6"
"metformina clorhidrato","metformin","accepted","chunk 6"
"formoterolfumarat 2h2o","formoterol","accepted","chunk 6"
"lipitor 40mg encapsulated tablet","atorvastatin","accepted","chunk 6"
"xylometazolin","xylometazoline","accepted","chunk 6"
"follitrophin beta","follitropin beta","accepted","chunk 6"
"dexametasona fosfato","dexamethasone","accepted","chunk 6"
"bactroban nasal ointment","mupirocin","accepted","chunk 6"
"seropram","citalopram","accepted","chunk 6"
"amoxicillina   dc.it","amoxicillin","accepted","chunk 6"
"irbesasrtan","irbesartan","accepted","chunk 6"
"tacilimumab","tocilizumab","accepted","chunk 6"
"mitoxantron","mitoxantrone","accepted","chunk 6"
"ciclosporinum","cyclosporine","accepted","chunk 6"
"acidum mycophenolicum","mycophenolic acid","accepted","chunk 6"
"cabergolin","cabergoline","accepted","chunk 6"
"tacrolimusum monohydricum","tacrolimus","accepted","chunk 6"
"dexrazoxano","dexrazoxane","accepted","chunk 6"
"etopsido","etoposide","accepted","chunk 6"
"glucagon-like peptide-2","teduglutide","accepted","chunk 6"
"hki-272","neratinib","accepted","chunk 6"
"lansoprazol","lansoprazole","accepted","chunk 6"
"rabeprazol","rabeprazole","accepted","chunk 6"
"fluticasonpropionat","fluticasone propionate","accepted","chunk 6"
"azathioprin","azathioprine","accepted","chunk 6"
"sulfasalazin","sulfasalazine","accepted","chunk 6"
"galantamin","galantamine","accepted","chunk 6"
"vindesin","vindesine","accepted","chunk 6"
"busulphan","busulfan","accepted","chunk 6"
"ferrous sulphate 200mg tablets","ferrous sulfate","accepted","chunk 6"
"zemaira","alpha1-proteinase inhibitor","accepted","chunk 6"
"desmopressinacetat","desmopressin","accepted","chunk 6"
"levo-menthol","menthol","accepted","chunk 6"
"colesevelam hcl","colesevelam","accepted","chunk 6"
"lignocaine 2 with preservative","lidocaine","accepted","chunk 6"
"fentanylcitrat","fentanyl","accepted","chunk 6"
"ropinirol","ropinirole","accepted","chunk 6"
"isosorbide-5-mononitrate","isosorbide mononitrate","accepted","chunk 6"
"metoprololsuccinate","metoprolol","accepted","chunk 6"
"cetylpyridium chloride","cetylpyridinium","accepted","chunk 6"
"lidokain sad","lidocaine","accepted","chunk 6"
"sodium cromoglicate","cromoglicate sodium","accepted","chunk 6"
"bezafibrat","bezafibrate","accepted","chunk 6"
"ebrantil","urapidil","accepted","chunk 6"
"lbh589","panobinostat","accepted","chunk 6"
"alpharadin","radium-223 dichloride","accepted","chunk 6"
"formoterolhemifuarat","formoterol","accepted","chunk 6"
"formoterolhemifumarat","formoterol","accepted","chunk 6"
"glucagonhydrochlorid","glucagon","accepted","chunk 6"
"azacytidine","azacitidine","accepted","chunk 6"
"glucagone like peptide","glucagon","accepted","chunk 6 p2"
"fluvastatin-natrium","fluvastatin","accepted","chunk 6"
"permetrexed","pemetrexed","accepted","chunk 6"
"tmc114","darunavir","accepted","chunk 6"
"bendamustin hydrochloride","bendamustine","accepted","chunk 6"
"duloxetina","duloxetine","accepted","chunk 6"
"peginterferon alpha-2b","peginterferon alfa-2b","accepted","chunk 6"
"ribavirinum","ribavirin","accepted","chunk 6"
"azt","zidovudine","accepted","chunk 6"
"metforminhydroklorid","metformin","accepted","chunk 6"
"metformiini","metformin","accepted","chunk 6"
"triamcinolona","triamcinolone","accepted","chunk 6"
"fluorouracil-gry 1000mg","fluorouracil","accepted","chunk 6"
"streptozotocin","streptozocin","accepted","chunk 6"
"cefuroxim-axetil","cefuroxime axetil","accepted","chunk 6"
"flutamida","flutamide","accepted","chunk 6"
"biperidenlactat","biperiden","accepted","chunk 6"
"biperidenhydrchlorid","biperiden","accepted","chunk 6"
"cusimolol 0,5 eye drops","timolol","accepted","chunk 6"
"gadodiamid","gadodiamide","accepted","chunk 6"
"gadopentetsyradimegluminat","gadopentetic acid dimeglumine","accepted","chunk 6"
"rosiglitatsoni","rosiglitazone","accepted","chunk 6"
"methyl aminolevulinate as hydrochloride","methyl aminolevulinate","accepted","chunk 6"
"ciclosporinum","cyclosporine","accepted","chunk 6"
"growth hormone","somatropin","accepted","chunk 6"
"amg706","motesanib","accepted","chunk 6"
"y90-ibritumomab tiuxetan","ibritumomab tiuxetan","accepted","chunk 6"
"som230","pasireotide","accepted","chunk 6"
"sodium oxybate usan","sodium oxybate","accepted","chunk 6"
"saquinavir mesylate","saquinavir","accepted","chunk 6"
"sodium valproat","valproate sodium","accepted","chunk 6"
"5 -azacitidine","azacitidine","accepted","chunk 6"
"avelox","moxifloxacin","accepted","chunk 6"
"levtiracetam","levetiracetam","accepted","chunk 6"
"bay 58-2667","cinaciguat","accepted","chunk 6 p2"
"sodium mycophenolate","mycophenolate sodium","accepted","chunk 6"
"enoximon","enoximone","accepted","chunk 6"
"zinc acetate usp","zinc acetate","accepted","chunk 6"
"glibenclamida","glibenclamide","accepted","chunk 6"
"sodium selenite pentahydrate","sodium selenite","accepted","chunk 6"
"sodium selenite pentahydrate","sodium selenite","accepted","chunk 6"
"peginterfern alfa 2-b","peginterferon alfa-2b","accepted","chunk 6"
"pegisterfern alfa 2-b","peginterferon alfa-2b","accepted","chunk 6"
"vatalinib","vatalanib","accepted","chunk 6"
"botulinum toxin b","botulinum toxin type b","accepted","chunk 6"
"sumamed","azithromycin","accepted","chunk 6"
"levocetirizina clorhidrato","levocetirizine","accepted","chunk 6"
"rupatadina fumarato","rupatadine","accepted","chunk 6"
"human insulin rdna","insulin human","accepted","chunk 6"
"solucin salino isotnica","sodium chloride","accepted","chunk 6"
"potassio ioduro  fu","potassium iodide","accepted","chunk 6"
"lidocaina  dc.it   fu","lidocaine","accepted","chunk 6"
"eparina sodica  dc.it   fu","heparin","accepted","chunk 6"
"citicolina","citicoline","accepted","chunk 6"
"alfa-1-antitripsina","alpha1-proteinase inhibitor","accepted","chunk 6"
"morfinhydrochlorid","morphine","accepted","chunk 6"
"thalidomid","thalidomide","accepted","chunk 6"
"proguanil hydrochloride","proguanil","accepted","chunk 6"
"ciprofloxacinhydroklorid","ciprofloxacin","accepted","chunk 6"
"hydroxyethyl starch 130","hydroxyethyl starch","accepted","chunk 6"
"lipitor 10mg","atorvastatin","accepted","chunk 6"
"lipitor 80mg","atorvastatin","accepted","chunk 6"
"bms-275183-01","bms-275183","accepted","chunk 6 p2"
"dadatinib","dasatinib","accepted","chunk 6"
"tioctic acid","thioctic acid","accepted","chunk 6"
"chondroitin sulphates, sodium salt","chondroitin sulfate","accepted","chunk 6"
"maxidex","dexamethasone","accepted","chunk 6"
"chlorphenamine maleate","chlorpheniramine","accepted","chunk 6"
"bibf 1120 50 mg","nintedanib","accepted","chunk 6 p2"
"bibf 1120 200 mg","nintedanib","accepted","chunk 6 p2"
"bibw 2992 5 mg","afatinib","accepted","chunk 6 p2"
"bibw 2992 20 mg","afatinib","accepted","chunk 6 p2"
"albumin spr 40 mg","albumin human","accepted","chunk 6"
"gsk256066b diskus","gsk-256066","accepted","chunk 6 p2"
"sulfato de magnesio","magnesium sulfate","accepted","chunk 6"
"methylprednisolonum","methylprednisolone","accepted","chunk 6"
"sodium-s-lactate","sodium lactate","accepted","chunk 6"
"aprednislon","prednisolone","accepted","chunk 6"
"dp mannitol","mannitol","accepted","chunk 6"
"epinefrina","epinephrine","accepted","chunk 6"
"perlflutren","perflutren","accepted","chunk 6"
"alfuzosine hydrochloride","alfuzosin","accepted","chunk 6"
"albumine","albumin human","accepted","chunk 6"
"leuprorelide acetate","leuprorelin","accepted","chunk 6"
"carbonate de calcium","calcium carbonate","accepted","chunk 6"
"colcalcifrol concentrat","cholecalciferol","accepted","chunk 6"
"leuprorelinacetat","leuprorelin","accepted","chunk 6"
"ticilimumab fully human igg2 monoclonal antibody","tremelimumab","accepted","chunk 6"
"emtricibine","emtricitabine","accepted","chunk 6"
"chlorohexidine dihydrochloride","chlorhexidine","accepted","chunk 6"
"ferumoxtran usan","ferumoxtran","accepted","chunk 6"
"typhoid, oral, live attenuated","typhoid vaccine, live","accepted","chunk 6"
"n acetylcysteine","acetylcysteine","accepted","chunk 6"
"salmeteol xinofoate","salmeterol","accepted","chunk 6"
"quetiapinhemifumarat","quetiapine","accepted","chunk 6"
"hydroxokobalamin","hydroxocobalamin","accepted","chunk 6"
"dorzolamidhydrochlorid","dorzolamide","accepted","chunk 6"
"timololmeleat","timolol","accepted","chunk 6"
"v isopropyl alcohol","isopropyl alcohol","accepted","chunk 6"
"budesnida","budesonide","accepted","chunk 6"
"benzocain containing lozenge","benzocaine","accepted","chunk 6"
"anaesthesin pastilles","benzocaine","accepted","chunk 6"
"lamivudin","lamivudine","accepted","chunk 6"
"parecoxib sodium","parecoxib","accepted","chunk 6"
"calcio folinato  dc.it","calcium folinate","accepted","chunk 6"
"cianocobalamina  fu   dc.it","cyanocobalamin","accepted","chunk 6"
"xylocaine 4 topical","lidocaine","accepted","chunk 6"
"irinotecanhydrochlorid trihydrat","irinotecan","accepted","chunk 6"
"coagulation factor ix","coagulation factor ix","accepted","chunk 6"
"laevobupivicaine","levobupivacaine","accepted","chunk 6"
"memantin, ebixa","memantine","accepted","chunk 6"
"travaprost","travoprost","accepted","chunk 6"
"darbepoetin alpha","darbepoetin alfa","accepted","chunk 6"
"magnesiumoxid","magnesium oxide","accepted","chunk 6"
"doxorrubicina liposomal pegilada","doxorubicin liposomal","accepted","chunk 6"
"fluvastatin-natrium, 80mg locol 80mg retardtablette","fluvastatin","accepted","chunk 6"
"pronaxen","naproxen","accepted","chunk 6"
"ropion","ketoprofen","accepted","chunk 6"
"insulina detemir","insulin detemir","accepted","chunk 6"
"glukosamin","glucosamine","accepted","chunk 6"
"moxilfoxacin","moxifloxacin","accepted","chunk 6"
"cytosin arabinosid","cytarabine","accepted","chunk 6"
"cytarabinum","cytarabine","accepted","chunk 6"
"glycopyrronnii bromide","glycopyrronium","accepted","chunk 6"
"sunitinib-malat","sunitinib","accepted","chunk 6"
"phenytoin sodium gel","phenytoin","accepted","chunk 6"
"fomoterol","formoterol","accepted","chunk 6"
"adenosin item 5 mg","adenosine","accepted","chunk 6"
"hepatitis b recombinant surface antigen","hepatitis b vaccine (recombinant)","accepted","chunk 6"
"rotavirus live attenuated","rotavirus vaccine, live","accepted","chunk 6"
"bordetella pertussis 3 antigens","pertussis toxoid","accepted","chunk 6"
"ticilimumab","tremelimumab","accepted","chunk 6"
"ibritumumab tiuxetan","ibritumomab tiuxetan","accepted","chunk 6"
"5-mthf","levomefolic acid","accepted","chunk 6"
"frusemide","furosemide","accepted","chunk 6"
"tenovofirdisoproxil","tenofovir disoproxil","accepted","chunk 6"
"entacapona","entacapone","accepted","chunk 6"
"metfomin","metformin","accepted","chunk 6"
"emconcor mitis","bisoprolol","accepted","chunk 6"
"s-+-ketaminhydrochlorid","esketamine","accepted","chunk 6"
"natrium chloratum","sodium chloride","accepted","chunk 6"
"carboplatinum","carboplatin","accepted","chunk 6"
"palonosetrn","palonosetron","accepted","chunk 6"
"granisetrn","granisetron","accepted","chunk 6"
"tetracosactide acetate","cosyntropin","accepted","chunk 6"
"ammonia","ammonia","accepted","chunk 6 p2"
"peginterferon-alfa 2a","peginterferon alfa-2a","accepted","chunk 6"
"nitrous oxide medicinal","nitrous oxide","accepted","chunk 6"
"diphtheria adsorbatum","diphtheria toxoid","accepted","chunk 6"
"fosamax once weekly 70mg","alendronic acid","accepted","chunk 6"
"pamidronate","pamidronic acid","accepted","chunk 6"
"ilomedin","iloprost","accepted","chunk 6"
"peg-interferon alfa-2a","peginterferon alfa-2a","accepted","chunk 6"
"gtx-024","enobosarm","accepted","chunk 6"
"fludarabin","fludarabine","accepted","chunk 6"
"duloxetin-hydrochlorid","duloxetine","accepted","chunk 6"
"perhexiline maleate","perhexiline","accepted","chunk 6"
"factor viii inhibitor bypassing fraction","coagulation factor viii inhibitor bypassing agent","accepted","chunk 6"
"rpaglinide","repaglinide","accepted","chunk 6"
"1  clotrimazol","clotrimazole","accepted","chunk 6"
"adenosin","adenosine","accepted","chunk 6"
"dobutamin","dobutamine","accepted","chunk 6"
"rosiglitazona maleato","rosiglitazone","accepted","chunk 6"
"torasemida","torsemide","accepted","chunk 6"
"spironolacton","spironolactone","accepted","chunk 6"
"sulfate de morphine","morphine","accepted","chunk 6"
"sodium flouride","sodium fluoride","accepted","chunk 6"
"celestone chronodose","betamethasone","accepted","chunk 6"
"budesonide-salmeterol","budesonide|salmeterol","accepted","chunk 6"
"mycophenolat","mycophenolate mofetil","accepted","chunk 6"
"ciclosporine a","cyclosporine","accepted","chunk 6"
"biolimus","biolimus a9","accepted","chunk 6"
"lapatinb","lapatinib","accepted","chunk 6"
"hepatitis b vaccine","hepatitis b vaccine (recombinant)","accepted","chunk 6"
"zoledronic acid free of water","zoledronic acid","accepted","chunk 6"
"somatropinum","somatropin","accepted","chunk 6"
"cisplatinum","cisplatin","accepted","chunk 6"
"idrabiotaparinux","idrabiotaparinux","accepted","chunk 6"
"ketamiinihydrokloridi","ketamine","accepted","chunk 6"
"fluoruracil","fluorouracil","accepted","chunk 6"
"heparina calcica","heparin","accepted","chunk 6"
"heparina de bajo peso molecular","heparin","accepted","chunk 6"
"temozolamida","temozolomide","accepted","chunk 6"
"valproic acid, sodium","valproate sodium","accepted","chunk 6"
"buserelina","buserelin","accepted","chunk 6"
"leuprorelina","leuprorelin","accepted","chunk 6"
"metforminhydrochlorid","metformin","accepted","chunk 6"
"mbp8298 synthetic peptide","dirucotide","accepted","chunk 6 p2"
"herpesin cream","acyclovir","accepted","chunk 6"
"amlodipin as amlodipinbesilate","amlodipine","accepted","chunk 6"
"dalteparine sodium","dalteparin sodium","accepted","chunk 6"
"triamcinolonacetonide","triamcinolone acetonide","accepted","chunk 6"
"ktamine panpharma","ketamine","accepted","chunk 6"
"silymarin","silymarin","accepted","chunk 6"
"rivastigminum","rivastigmine","accepted","chunk 6"
"vitamin c ascorbic acid","ascorbic acid","accepted","chunk 6"
"cupric oxide","copper oxide","accepted","chunk 6"
"metformin-hcl","metformin","accepted","chunk 6"
"levodopa-carbidopa-entacapone","levodopa|carbidopa|entacapone","accepted","chunk 6"
"plasmin human","plasmin","accepted","chunk 6"
"metformina e rosiglitazone","metformin|rosiglitazone","accepted","chunk 6"
"cyclophosfamide","cyclophosphamide","accepted","chunk 6"
"morfin special 10mg","morphine","accepted","chunk 6"
"levothyroxine sodique","levothyroxine","accepted","chunk 6"
"rosuvastatina de calcio","rosuvastatin","accepted","chunk 6"
"ventolin solution for intravenous infusion 5mg in 5ml 1mg","salbutamol","accepted","chunk 6"
"albinterferon alfa 2b","albinterferon alfa-2b","accepted","chunk 6"
"methotrexat lederle tabletten","methotrexate","accepted","chunk 6"
"oksaliplatiini","oxaliplatin","accepted","chunk 6"
"repaglinidi","repaglinide","accepted","chunk 6"
"nateglinidi","nateglinide","accepted","chunk 6"
"proguanil hydrochloride","proguanil","accepted","chunk 6"
"hydroxyde daluminium","aluminum hydroxide","accepted","chunk 6"
"hydroxyde de magnsium","magnesium hydroxide","accepted","chunk 6"
"deksametasoni 5 mg","dexamethasone","accepted","chunk 6"
"deksametasoni 10 mg","dexamethasone","accepted","chunk 6"
"deksametasoni 15 mg","dexamethasone","accepted","chunk 6"
"epoeitin alfa","epoetin alfa","accepted","chunk 6"
"loperamid","loperamide","accepted","chunk 6"
"s+ketamine","esketamine","accepted","chunk 6"
"human insulin inhalation powder hiip","insulin human","accepted","chunk 6"
"rosiglitazon","rosiglitazone","accepted","chunk 6"
"interfron alpha 2a","interferon alfa-2a","accepted","chunk 6"
"sodium ascorbat","sodium ascorbate","accepted","chunk 6"
"oxicodone","oxycodone","accepted","chunk 6"
"diphtheria toxoic","diphtheria toxoid","accepted","chunk 6"
"singulair","montelukast","accepted","chunk 6"
"betametasone   dc.it","betamethasone","accepted","chunk 6"
"cloramfenicolo  dc.it   fu","chloramphenicol","accepted","chunk 6"
"ctuximab","cetuximab","accepted","chunk 6"
"erytropoietin","epoetin alfa","accepted","chunk 6"
"gemcitabin hydrochloride","gemcitabine","accepted","chunk 6"
"amoxicilline et acide clavulanique","amoxicillin|clavulanic acid","accepted","chunk 6"
"doxorubicinhydrochlorid","doxorubicin","accepted","chunk 6"
"kinzalmono 40","telmisartan","accepted","chunk 6"
"kinzalmono 80","telmisartan","accepted","chunk 6"
"sulfato de morfina","morphine","accepted","chunk 6"
"seroquel ir tablets","quetiapine","accepted","chunk 6"
"l-glutamine","glutamine","accepted","chunk 6"
"timololo  dc.it                    .","timolol","accepted","chunk 6"
"hepatitis b vaccine","hepatitis b vaccine (recombinant)","accepted","chunk 6"
"hepatitis b vaccine recombinant","hepatitis b vaccine (recombinant)","accepted","chunk 6"
"odansetron","ondansetron","accepted","chunk 7"
"cis-diamminedichloroplatinum","cisplatin","accepted","chunk 7"
"smp-986","afacifenacin","accepted","chunk 7 p2"
"inactivated poliovirus","poliovirus vaccine, inactivated","accepted","chunk 7"
"epoetin beta recombinant human erythropoietin","epoetin beta","accepted","chunk 7"
"oncovex gm-csf","talimogene laherparepvec","accepted","chunk 7"
"isavuconazolium sulfate","isavuconazonium","accepted","chunk 7"
"memantina","memantine","accepted","chunk 7"
"calcii chloridum dihydricum,kalii chloridum,magnesii chloridum hexahydricum,natrii chloridum","balanced electrolyte solution","accepted","chunk 7"
"gelatina modif.","gelatin","accepted","chunk 7"
"ppm-204 15 mg capsules","indeglitazar","accepted","chunk 7"
"ppm-204 30 mg capsules","indeglitazar","accepted","chunk 7"
"ppm-204 60 mg capsules","indeglitazar","accepted","chunk 7"
"ppm-204 120 mg capsules","indeglitazar","accepted","chunk 7"
"folinate de calcium acide folinique","calcium folinate","accepted","chunk 7"
"col-144 ly573144 eli lilly  company","lasmiditan","accepted","chunk 7"
"esomeprazolo magnesio triidrato","esomeprazole","accepted","chunk 7"
"pimecrolismus","pimecrolimus","accepted","chunk 7"
"n-ac etylcysteine","acetylcysteine","accepted","chunk 7"
"nitrogylcerin","nitroglycerin","accepted","chunk 7"
"oxicodone  dc.it","oxycodone","accepted","chunk 7"
"introselen iv","inotersen","accepted","chunk 7"
"poractant alfa 1534 chf","poractant alfa","accepted","chunk 7"
"rosigitazone xr","rosiglitazone","accepted","chunk 7"
"magnesium hydroxide","magnesium hydroxide","accepted","chunk 7"
"bortzomib","bortezomib","accepted","chunk 7"
"dexamthasone actate","dexamethasone","accepted","chunk 7"
"methylaminolevulinate hydrochloride","methyl aminolevulinate","accepted","chunk 7"
"tamoxifene citrate","tamoxifen","accepted","chunk 7"
"donepezilhydrochlorid","donepezil","accepted","chunk 7"
"ceftriaxon","ceftriaxone","accepted","chunk 7"
"nafarelin acetate","nafarelin","accepted","chunk 7"
"ketoprofne","ketoprofen","accepted","chunk 7"
"diclofnac","diclofenac","accepted","chunk 7"
"carboplatino aguettant","carboplatin","accepted","chunk 7"
"exemestano","exemestane","accepted","chunk 7"
"fumaric acid ester","fumaric acid","accepted","chunk 7"
"ferric carboxymaltose proposed inn","ferric carboxymaltose","accepted","chunk 7"
"morphin","morphine","accepted","chunk 7"
"1. cladribine","cladribine","accepted","chunk 7"
"daunoxome","daunorubicin liposomal","accepted","chunk 7"
"teofylliini","theophylline","accepted","chunk 7"
"bisacodylum","bisacodyl","accepted","chunk 7"
"lidokainhydroklorid","lidocaine","accepted","chunk 7"
"hydrocortisonacetat","hydrocortisone","accepted","chunk 7"
"5-fluorouracile 5-fu","fluorouracil","accepted","chunk 7"
"cisplatine cddp","cisplatin","accepted","chunk 7"
"acide ascorbique","ascorbic acid","accepted","chunk 7"
"topotcan","topotecan","accepted","chunk 7"
"gemcitabinhydrochloride","gemcitabine","accepted","chunk 7"
"almogran","almotriptan malate","accepted","chunk 7"
"coagulation factor vii","coagulation factor vii","accepted","chunk 7"
"cotrimoxazole","co-trimoxazole","accepted","chunk 7"
"cotrimoxazole","co-trimoxazole","accepted","chunk 7"
"isavuconcazonium sulfate","isavuconazonium sulfate","accepted","chunk 7"
"telipressin","terlipressin","accepted","chunk 7"
"fluoxetinum","fluoxetine","accepted","chunk 7"
"desmopressine","desmopressin","accepted","chunk 7"
"chlorydrate damiloride","amiloride","accepted","chunk 7"
"belustine","lomustine","accepted","chunk 7"
"amikacin sulphate","amikacin","accepted","chunk 7"
"triamcinolon acetonide","triamcinolone acetonide","accepted","chunk 7"
"valeriana officinalis","valerian","accepted","chunk 7 p2"
"pizotifen","pizotyline","accepted","chunk 7"
"streptozocine","streptozocin","accepted","chunk 7"
"daunorubicine","daunorubicin","accepted","chunk 7"
"actate de mthylprednisolone","methylprednisolone","accepted","chunk 7"
"insulindetemir","insulin detemir","accepted","chunk 7"
"flupirtin","flupirtine","accepted","chunk 7"
"l-carnitine   glucose solution 1.5","carnitine","accepted","chunk 7"
"l-carnitine   glucose solution 2.5","levocarnitine","accepted","chunk 7 p2"
"l-carnitine + glucose solution 1.5","carnitine","accepted","chunk 7"
"l-carnitine + glucose solution 2.5","carnitine","accepted","chunk 7"
"histamin","histamine","accepted","chunk 7"
"indometacine","indomethacin","accepted","chunk 7"
"omprazole","omeprazole","accepted","chunk 7"
"josamycine","josamycin","accepted","chunk 7"
"charbon activ","activated charcoal","accepted","chunk 7"
"arylsulfatase a","galsulfase","accepted","chunk 7"
"beclomathasone dipropionate","beclomethasone dipropionate","accepted","chunk 7"
"recombinant interleukin-21","recombinant human interleukin-15","accepted","chunk 7"
"clemastin","clemastine","accepted","chunk 7"
"ferrous sulphate 200 mg tablets","ferrous sulfate","accepted","chunk 7"
"dimethylsulfoxid","dimethyl sulfoxide","accepted","chunk 7"
"ropivakain","ropivacaine","accepted","chunk 7"
"loxen","nicardipine","accepted","chunk 7"
"tinzaparine sodique","tinzaparin","accepted","chunk 7"
"tretinoine","tretinoin","accepted","chunk 7"
"18ffallypride","fallypride","accepted","chunk 7"
"polyethylene glycol-epoetin beta","methoxy polyethylene glycol-epoetin beta","accepted","chunk 7"
"ifosfamida dci","ifosfamide","accepted","chunk 7 p2"
"labtalol chlorhydrate","labetalol","accepted","chunk 7"
"sulfate de magnsium","magnesium sulfate","accepted","chunk 7"
"labtalol dci chlorhydrate    labtalol dci chlorhydrate","labetalol","accepted","chunk 7"
"nicotinic acid 500","nicotinic acid","accepted","chunk 7"
"nicotinic acid 1000","nicotinic acid","accepted","chunk 7"
"etopos","etoposide","accepted","chunk 7"
"ktamine","ketamine","accepted","chunk 7"
"suxamthonium","suxamethonium","accepted","chunk 7"
"radiotermin","radotermin","accepted","chunk 7"
"hepatitis b surface antigen recombinant","hepatitis b vaccine (recombinant)","accepted","chunk 7"
"chlorhexamed forte 0,2","chlorhexidine","accepted","chunk 7"
"sumatriptan succinate","sumatriptan","accepted","chunk 7"
"ifosfamid","ifosfamide","accepted","chunk 7"
"alendronate sodium trihydrate","alendronic acid","accepted","chunk 7"
"parathyroid hormone rdna","teriparatide","accepted","chunk 7"
"calciferol tablets","ergocalciferol","accepted","chunk 7"
"losatan losartan","losartan","accepted","chunk 7"
"decortin h","prednisone","accepted","chunk 7"
"clostridial collagenase for injection","collagenase clostridium histolyticum","accepted","chunk 7"
"spiraxin","acetylsalicylic acid","accepted","chunk 7"
"rivastigmina","rivastigmine","accepted","chunk 7"
"hepatitis b virus surface antigen recombinant hbsag","hepatitis b vaccine (recombinant)","accepted","chunk 7"
"ketamin","ketamine","accepted","chunk 7 p2"
"acide fusidique","fusidic acid","accepted","chunk 7"
"trimethoprime sulfemethoxazole","trimethoprim|sulfamethoxazole","accepted","chunk 7"
"methoxy polyethylene glycol epoetin beta","methoxy polyethylene glycol-epoetin beta","accepted","chunk 7"
"manidipine hydrochloride","manidipine","accepted","chunk 7"
"aminohippurate sodium pah","aminohippurate sodium","accepted","chunk 7"
"rsv604","rsv-604","accepted","chunk 7"
"disodium clodronate","clodronate disodium","accepted","chunk 7"
"gabapentine","gabapentin","accepted","chunk 7"
"traztuzumab","trastuzumab","accepted","chunk 7"
"clobetasol-17 propionate","clobetasol propionate","accepted","chunk 7"
"chlorydrate dpirubicine","epirubicin","accepted","chunk 7"
"immune globulin subcutaneous human","human immunoglobulin g","accepted","chunk 7"
"tropistron","tropisetron","accepted","chunk 7"
"dsatinib","dasatinib","accepted","chunk 7"
"omega 3 fatty acids","omega-3 fatty acids","accepted","chunk 7"
"fbta05","fbt-a05","accepted","chunk 7"
"cefuroxima","cefuroxime","accepted","chunk 7"
"amphotricine b liposomale","amphotericin b","accepted","chunk 7"
"atnolol","atenolol","accepted","chunk 7"
"flumazenilo n-metil11c","flumazenil","accepted","chunk 7"
"creatine-13c","creatine","accepted","chunk 7"
"albuferom","albuterol","accepted","chunk 7"
"dexpanthnol","dexpanthenol","accepted","chunk 7"
"macrogol 3350, sodium sulfate anhydrous, sodium chloride, potassium chloride","macrogol|electrolytes","accepted","chunk 7 p2"
"macrogol 3350, sodium sulfate anhydrous, potassium chloride, sodium chloride, sodium bicarbonate","macrogol|electrolytes","accepted","chunk 7 p2"
"bupivacana","bupivacaine","accepted","chunk 7"
"prilocana","prilocaine","accepted","chunk 7"
"deaxamethasone","dexamethasone","accepted","chunk 7"
"dolsin","meperidine","accepted","chunk 7"
"olopatadina","olopatadine","accepted","chunk 7"
"methoxy-polyethylenglycol-epoetin beta","methoxy polyethylene glycol-epoetin beta","accepted","chunk 7 p2"
"danaparoid natrium","danaparoid sodium","accepted","chunk 7 p2"
"fondapainuxum natricum","fondaparinux","accepted","chunk 7"
"benzidamine hydrochloride","benzydamine hydrochloride","accepted","chunk 7"
"gadoteric acid corresponding to dota+gadolinium oxide","gadoteric acid","accepted","chunk 7"
"diphereline s.r. 3 mg inj","triptorelin","accepted","chunk 7"
"zinc pyrithione","pyrithione zinc","accepted","chunk 7"
"lidocainhydrochlorid 1 h2o","lidocaine","accepted","chunk 7"
"amphocil","amphomycin","accepted","chunk 7"
"ibritumomab tiuxtan","ibritumomab tiuxetan","accepted","chunk 7"
"zarnestra","tipifarnib","accepted","chunk 7"
"neisseria meningitidis  group c polysaccharide","meningococcal group c polysaccharide vaccine","accepted","chunk 7"
"melperon","melperone","accepted","chunk 7"
"flourouracil","fluorouracil","accepted","chunk 7"
"fluoro-uracile","fluorouracil","accepted","chunk 7"
"18f-fluoromizonidazole","[18f]fluoromisonidazole","accepted","chunk 7"
"pimekrolimuusi","pimecrolimus","accepted","chunk 7"
"insuline aspartate","insulin aspart","accepted","chunk 7"
"tropisetron hydrochloride","tropisetron","accepted","chunk 7"
"tigecyclin","tigecycline","accepted","chunk 7"
"beclometasone-17,21-dipropionate","beclomethasone","accepted","chunk 7"
"mycophnolate moftil","mycophenolate mofetil","accepted","chunk 7"
"mycophnlate moftil","mycophenolate mofetil","accepted","chunk 7"
"acetyl-d,l-leucine","acetylleucine","accepted","chunk 7"
"clarithromycine","clarithromycin","accepted","chunk 7"
"sertindolum","sertindole","accepted","chunk 7"
"glycopyronnium bromide","glycopyrronium","accepted","chunk 7"
"ltrozole","letrozole","accepted","chunk 7"
"chlorydrate de levobupivacane","levobupivacaine","accepted","chunk 7"
"granocyte 34","lenograstim","accepted","chunk 7"
"gastrografin","gastrin","accepted","chunk 7"
"benzoylperoxide","benzoyl peroxide","accepted","chunk 7"
"ibondronate","ibandronic acid","accepted","chunk 7"
"ltrozole","letrozole","accepted","chunk 7"
"tamoxifne","tamoxifen","accepted","chunk 7"
"gsk561679","verucerfont","accepted","chunk 7"
"tocoferol acetato","tocopherol","accepted","chunk 7"
"eritropoyetina beta","epoetin beta","accepted","chunk 7"
"clevudina","clevudine","accepted","chunk 7"
"aracytine","cytarabine","accepted","chunk 7"
"tamoxifencitrat","tamoxifen citrate","accepted","chunk 7"
"goserelinacetat","goserelin","accepted","chunk 7"
"roipivacaine","ropivacaine","accepted","chunk 7"
"sodium aurothiomalate","gold sodium thiomalate","accepted","chunk 7"
"vendal amp 200 mg","morphine","accepted","chunk 7"
"naloxon ratiopharm","naloxone","accepted","chunk 7"
"exenatid","exenatide","accepted","chunk 7"
"erotinib","erlotinib","accepted","chunk 7"
"warfarina","warfarin","accepted","chunk 7"
"magnesium acetate tetrahydrate","magnesium acetate","accepted","chunk 7"
"sodium glycerophosphate hydrated","sodium glycerophosphate","accepted","chunk 7"
"icodestrina","icodextrin","accepted","chunk 7"
"magnesio cloruro","magnesium chloride","accepted","chunk 7"
"calcio cloruro biidrato","calcium chloride","accepted","chunk 7"
"ym178 ocas tablet 100 mg","mirabegron","accepted","chunk 7"
"lauromacrogol 400","polidocanol","accepted","chunk 7"
"lapaquistat","lapaquistat acetate","accepted","chunk 7"
"rosuvastatine calcium","rosuvastatin","accepted","chunk 7"
"perfusalgan","paracetamol","accepted","chunk 7"
"cetirizin","cetirizine","accepted","chunk 7"
"tauroursodeoxycholic acid","taurursodiol","accepted","chunk 7"
"ertapeneme","ertapenem","accepted","chunk 7"
"chlorhydrate dambroxol","ambroxol","accepted","chunk 7"
"tzp-101 hcl monohydrate","ulimorelin hydrochloride","accepted","chunk 7"
"azd0837","atecegatran metoxil","accepted","chunk 7"
"fludrocortisona","fludrocortisone","accepted","chunk 7"
"nimodipino","nimodipine","accepted","chunk 7"
"trimetazidine dihydrochloride","trimetazidine","accepted","chunk 7"
"hepatitis b-virus-surface antigen","hepatitis b vaccine (recombinant)","accepted","chunk 7"
"human hepatitis b immunoglobuline","human hepatitis b immunoglobulin","accepted","chunk 7"
"17beta-estradiol","estradiol","accepted","chunk 7"
"hesperidin","hesperidin","accepted","chunk 7"
"inn colecalciferol","cholecalciferol","accepted","chunk 7"
"insulinaspart","insulin aspart","accepted","chunk 7"
"asp9831","asp-9831","accepted","chunk 7"
"enoxaparine","enoxaparin sodium","accepted","chunk 7"
"nadroparine","nadroparin calcium","accepted","chunk 7"
"tinzaparine","tinzaparin","accepted","chunk 7"
"ampicillina","ampicillin","accepted","chunk 7"
"trazodon","trazodone","accepted","chunk 7"
"cispltin","cisplatin","accepted","chunk 7"
"ifosfamida","ifosfamide","accepted","chunk 7"
"betamethasone-17-valerate","betamethasone valerate","accepted","chunk 7"
"deanol pyroglutamate","deanol aceglumate","accepted","chunk 7"
"sitaglptin","sitagliptin","accepted","chunk 7"
"proteine c recombinante xigris","drotrecogin alfa","accepted","chunk 7"
"micofenolato mofetil","mycophenolate mofetil","accepted","chunk 7"
"timoglobulina","antithymocyte globulin (rabbit)","accepted","chunk 7"
"tirofiban hydrochloride","tirofiban","accepted","chunk 7"
"act-064992","macitentan","accepted","chunk 7 p2"
"triptorline pamoate exprim en triptorline","triptorelin","accepted","chunk 7 p2"
"mdx-1100","eldelumab","accepted","chunk 7"
"ur-1505 2 ointment","sgr-1505","accepted","chunk 7 p2"
"ur-1505 1 ointment","sgr-1505","accepted","chunk 7 p2"
"ur-1505 0.5 ointment","sgr-1505","accepted","chunk 7 p2"
"cromoglycate","cromoglicate sodium","accepted","chunk 7"
"aica-riboside","acadesine","accepted","chunk 7"
"lomustin","lomustine","accepted","chunk 7 p2"
"doxapramhydrochlorid 1 h2o","doxapram hydrochloride","accepted","chunk 7 p2"
"nandrolon","nandrolone","accepted","chunk 7 p2"
"kodein","codeine","accepted","chunk 7 p2"
"insuline asparate","insulin aspart","accepted","chunk 7"
"lvodopa","levodopa","accepted","chunk 7"
"ventoline 100 microgramme par dose","salbutamol","accepted","chunk 7"
"melperon","melperone","accepted","chunk 7 p2"
"svoflurane","sevoflurane","accepted","chunk 7 p2"
"dexmedetomidiini","dexmedetomidine","accepted","chunk 7 p2"
"algeldrato","algeldrate","accepted","chunk 7"
"magnesio trisilicato","magnesium trisilicate","accepted","chunk 7"
"malato de sunitinib","sunitinib","accepted","chunk 7"
"atropin chauvin","atropine","accepted","chunk 7 p2"
"ferrous sulfate natura made","ferrous sulfate","accepted","chunk 7 p2"
"colistimethate sodique","colistimethate sodium","accepted","chunk 7"
"modiodal","modafinil","accepted","chunk 7"
"darbopoietin alfa","darbepoetin alfa","accepted","chunk 7"
"dantrolen","dantrolene","accepted","chunk 7"
"gadopentetsure, dimegluminsalz","gadopentetic acid dimeglumine","accepted","chunk 7"
"tzp-101 i.v. injection","ulimorelin hydrochloride","accepted","chunk 7"
"telbivudina","telbivudine","accepted","chunk 7"
"uroquinase","urokinase","accepted","chunk 7"
"diptheria toxoid","diphtheria toxoid","accepted","chunk 7"
"sulphur hexafluoride sf6","sulphur hexafluoride","accepted","chunk 7"
"acetylcyteine","acetylcysteine","accepted","chunk 7"
"levosalbutamol tartrate","levosalbutamol","accepted","chunk 7 p2"
"tartrate acide de potassium","potassium bitartrate","accepted","chunk 7"
"racecadotrilo","racecadotril","accepted","chunk 7"
"prt060128 potassium","elinogrel","accepted","chunk 7"
"octocog  alpha","octocog alfa","accepted","chunk 7"
"fondaparinux-sodium","fondaparinux sodium","accepted","chunk 7"
"enoxaparin-sodium","enoxaparin sodium","accepted","chunk 7"
"oxigeno gas","oxygen","accepted","chunk 7"
"elotinib","erlotinib","accepted","chunk 7"
"aridol","mannitol","accepted","chunk 7 p2"
"sitagliptina","sitagliptin","accepted","chunk 7"
"ibritumomab tiuxtan","ibritumomab tiuxetan","accepted","chunk 7 p2"
"clarithromycine","clarithromycin","accepted","chunk 7"
"valproic acid and sodium valproate","valproic acid","accepted","chunk 7"
"valproic acid  sodium valproate","valproic acid","accepted","chunk 7"
"ropivacainhydroklorid","ropivacaine","accepted","chunk 7 p2"
"ketorolactrometamol","ketorolac","accepted","chunk 7 p2"
"oxcarbazepin","oxcarbazepine","accepted","chunk 7"
"cad106","amilomotide","accepted","chunk 7"
"imidazole-4-carboxylic acid","4-imidazolecarboxylic acid","accepted","chunk 7"
"titropium bromide","tiotropium","accepted","chunk 7"
"human von willebrand factor","von willebrand factor human","accepted","chunk 7"
"juvidex","mannose 6-phosphate","accepted","chunk 7"
"gadoterate","gadoteric acid","accepted","chunk 7"
"aldesleuskin","aldesleukin","accepted","chunk 7"
"meningococcal polysaccharide","meningococcal polysaccharide vaccine","accepted","chunk 7"
"dabigatarn etexilate","dabigatran etexilate","accepted","chunk 7"
"atomoxetin","atomoxetine","accepted","chunk 7"
"sch 900340","tavaborole","accepted","chunk 7"
"carbasalate calium","carbaspirin","accepted","chunk 7"
"trimetoprima: dosis 1-4 mg","trimethoprim","accepted","chunk 7 p2"
"prednison 5, 20 liva por. tablet nob","prednisone","accepted","chunk 7"
"methylprednisoloni natrii succinas","methylprednisolone","accepted","chunk 7"
"tmc207 as fumarate salt, r403323","bedaquiline","accepted","chunk 7"
"cromoglicate de sodium","cromoglicate sodium","accepted","chunk 7"
"lflunomide","leflunomide","accepted","chunk 7"
"busdonide","budesonide","accepted","chunk 7"
"formotrol","formoterol","accepted","chunk 7"
"drotrcogine alfa active","drotrecogin alfa (activated)","accepted","chunk 7"
"pegaptanib sodico","pegaptanib","accepted","chunk 7"
"buprenorfin","buprenorphine","accepted","chunk 7"
"fluticason","fluticasone","accepted","chunk 7"
"r-salbutamol sulphate","levosalbutamol","accepted","chunk 7"
"d-alpha-tocopherol","vitamin e","accepted","chunk 7"
"l-lysine","lysine","accepted","chunk 7"
"idrabiotaparinux","idrabiotaparinux sodium","accepted","chunk 7"
"pro051","drisapersen","accepted","chunk 7"
"molsidomina","molsidomine","accepted","chunk 7"
"acetylocysteina","acetylcysteine","accepted","chunk 7"
"telbivudin","telbivudine","accepted","chunk 7"
"sertindol","sertindole","accepted","chunk 7"
"alpha 1-proteinase inhibitor human","alpha1-proteinase inhibitor","accepted","chunk 7"
"hcd122","lucatumumab","accepted","chunk 7"
"betamethsone dipropionate","betamethasone dipropionate","accepted","chunk 7"
"quinine sulphate","quinine","accepted","chunk 7"
"pregabaliini","pregabalin","accepted","chunk 7"
"acetyl-l-leucine","acetylleucine","accepted","chunk 7"
"hparine choay","heparin","accepted","chunk 7"
"levosalbutamol tartrate","levosalbutamol","accepted","chunk 7"
"hmpl-004","andrographolide","accepted","chunk 7 p2"
"insulina glargina solostar","insulin glargine","accepted","chunk 7"
"insulina glargina vial","insulin glargine","accepted","chunk 7"
"insulina nph","insulin nph","accepted","chunk 7"
"insulina lispto","insulin lispro","accepted","chunk 7"
"ropivacaina hidrocloruro","ropivacaine","accepted","chunk 7"
"chlorhydrate de mthadone","methadone","accepted","chunk 7"
"buprnorphine","buprenorphine","accepted","chunk 7 p2"
"sodium lactate +","sodium lactate","accepted","chunk 7 p2"
"raf265","raf-265","accepted","chunk 7 p2"
"profenid","ketoprofen","accepted","chunk 7"
"imipnme monohydrate exprim en produit anhydre","imipenem","accepted","chunk 7"
"cilastatine sodique exprime en cilastatine","cilastatin","accepted","chunk 7 p2"
"amikacine","amikacin","accepted","chunk 7"
"levornorgestrel 150 mcg and ethinylestradiol 30mcg","levonorgestrel|ethinylestradiol","accepted","chunk 7"
"jtt-305","encaleret","accepted","chunk 7 p2"
"agalsidase alpha","agalsidase alfa","accepted","chunk 7 p2"
"sodium glycerophosphate 21.6","sodium glycerophosphate","accepted","chunk 7"
"sodium chloride 30","sodium chloride","accepted","chunk 7"
"zinc sulphate 1mmol in 10ml","zinc sulfate","accepted","chunk 7"
"ipratropio bromuro","ipratropium","accepted","chunk 7"
"octreotidacetat","octreotide","accepted","chunk 7"
"loteprednol","loteprednol etabonate","accepted","chunk 7 p2"
"endoxan cyclophosphamide","cyclophosphamide","accepted","chunk 7"
"ur-1505 0.5 ointment","sgr-1505","accepted","chunk 7 p2"
"ur-1505 2 ointment","sgr-1505","accepted","chunk 7 p2"
"ur-1505 4 ointment","sgr-1505","accepted","chunk 7 p2"
"tigatuzamab","tigatuzumab","accepted","chunk 7 p2"
"midodrina hidrocloruro","midodrine","accepted","chunk 7"
"kallicrein","kallikrein","accepted","chunk 7 p2"
"chlorhydrate de sotalol","sotalol","accepted","chunk 7"
"clonazpam","clonazepam","accepted","chunk 7"
"anti-cd26","anti-cd26","accepted","chunk 7"
"fludesoxyglucose","fludeoxyglucose (18f)","accepted","chunk 7"
"bevazizumab","bevacizumab","accepted","chunk 7"
"aeg35156","aeg-35156","accepted","chunk 7"
"cysteamine hydrochloride","cysteamine","accepted","chunk 7"
"hesperidine methylchalcone","hesperidin","accepted","chunk 7"
"mivacurio","mivacurium","accepted","chunk 7"
"ranitidina","ranitidine","accepted","chunk 7"
"solpadol effervescent tablets","paracetamol|codeine","accepted","chunk 7"
"--gossypol g-","gossypol","accepted","chunk 7"
"mor103","otilimab","accepted","chunk 7"
"l-histidine","histidine","accepted","chunk 7"
"l-lysine","lysine","accepted","chunk 7"
"l-phenylalanine","phenylalanine","accepted","chunk 7"
"l-proline","proline","accepted","chunk 7"
"l-serine","serine","accepted","chunk 7"
"l-threonine","threonine","accepted","chunk 7"
"l-tryptophan","tryptophan","accepted","chunk 7"
"l-tyrosine","tyrosine","accepted","chunk 7"
"dibasic potassium phosphate","potassium phosphate, dibasic","accepted","chunk 7"
"jnj-16269110","usistapide","accepted","chunk 7"
"magnesium sulphate solution","magnesium sulfate","accepted","chunk 7"
"nikotin","nicotine","accepted","chunk 7"
"trimetroprim","trimethoprim","accepted","chunk 7"
"mometasonfuroat","mometasone furoate","accepted","chunk 7"
"gsk233705b","darotropium bromide","accepted","chunk 7"
"ajmalina","ajmaline","accepted","chunk 7"
"flecainida","flecainide","accepted","chunk 7"
"omega-3-acid triglycerides","omega-3 fatty acids","accepted","chunk 7"
"reboxetin","reboxetine","accepted","chunk 7"
"buprenorfina","buprenorphine","accepted","chunk 7"
"naltrexona hidrocloruro","naltrexone","accepted","chunk 7"
"ibritunomab tiuxetan","ibritumomab tiuxetan","accepted","chunk 7"
"zonisamid","zonisamide","accepted","chunk 7"
"vardenalfil","vardenafil","accepted","chunk 7"
"imc-a12 5 mg","cixutumumab","accepted","chunk 7"
"vasovist","gadofosveset trisodium","accepted","chunk 7"
"deferoxamina","deferoxamine","accepted","chunk 7"
"chlorydrate de desipramine","desipramine","accepted","chunk 7"
"folinato calcico","calcium folinate","accepted","chunk 7"
"morphine chlorhydrate","morphine","accepted","chunk 7"
"caspofungine actate","caspofungin","accepted","chunk 7"
"morphinehydrochloride","morphine","accepted","chunk 7"
"sildenafilo","sildenafil","accepted","chunk 7"
"methanthelinium bromide","methantheline","accepted","chunk 7"
"cloxacilina","cloxacillin","accepted","chunk 7"
"magnesiumkloridi","magnesium chloride","accepted","chunk 7"
"chorionic gonadotrophin","chorionic gonadotropin","accepted","chunk 7"
"hparine choay","heparin","accepted","chunk 7"
"peg-interferon-alpha-2b","peginterferon alfa-2b","accepted","chunk 7"
"peg-interferon-alpha-2a","peginterferon alfa-2a","accepted","chunk 7"
"imiglucerasa","imiglucerase","accepted","chunk 7"
"l19sip","l19sip 131i","accepted","chunk 7"
"cp-4126 for infusion","gemcitabine elaidate","accepted","chunk 7"
"rampril","ramipril","accepted","chunk 7"
"capozide","captopril|hydrochlorothiazide","accepted","chunk 7"
"chlormadinonscetate","chlormadinone acetate","accepted","chunk 7"
"cyr-101","roluperidone hydrochloride","accepted","chunk 7"
"lecitina duovo","lecithin","accepted","chunk 7"
"kaliumchloride","potassium chloride","accepted","chunk 7"
"magnesiumhydroxide","magnesium hydroxide","accepted","chunk 7"
"tac-101","amsilarotene","accepted","chunk 7"
"pentamycin","natamycin","accepted","chunk 7"
"mthadone chlorhydrate","methadone","accepted","chunk 7"
"enoxaparine","enoxaparin sodium","accepted","chunk 7"
"heparine sodium","heparin sodium","accepted","chunk 7"
"acide folique","folic acid","accepted","chunk 7"
"folitropin alfa","follitropin alfa","accepted","chunk 7"
"arry-438162","binimetinib","accepted","chunk 7"
"folinico acido","folinic acid","accepted","chunk 7"
"pioglitasoni","pioglitazone","accepted","chunk 7"
"matricaria flower","chamomile","accepted","chunk 7"
"acetate de fludrocortisone","fludrocortisone","accepted","chunk 7"
"11c-metomidate pet tracer","metomidate","accepted","chunk 7"
"fibringeno","fibrinogen, human","accepted","chunk 7"
"trombina","thrombin","accepted","chunk 7"
"hgt-1111","cebsulfase alfa","accepted","chunk 7"
"men15596","ibodutant","accepted","chunk 7"
"rivabirina","ribavirin","accepted","chunk 7"
"nifedipin","nifedipine","accepted","chunk 7"
"larazotide acetate","larazotide acetate","accepted","chunk 7"
"methyl-aminolevulinate","methyl aminolevulinate","accepted","chunk 7"
"valeriana rizoma","valerian","accepted","chunk 7"
"sitagliptina fosfato monohidrato","sitagliptin","accepted","chunk 7"
"hepatitis b recombinant","hepatitis b, recombinant surface antigen","accepted","chunk 7"
"calmuril fat cream","urea","accepted","chunk 7"
"calmuril","urea","accepted","chunk 7"
"recombinant human insulin","insulin human","accepted","chunk 7"
"gadoxetic acid, disodium","gadoxetate disodium","accepted","chunk 7"
"atazanvir","atazanavir","accepted","chunk 7"
"parathyroideahormon","parathyroid hormone","accepted","chunk 7"
"miconazol","miconazole","accepted","chunk 7"
"peginterfron alfa-2a","peginterferon alfa-2a","accepted","chunk 7"
"chondrotine sulfate sodique","chondroitin sulfate","accepted","chunk 7"
"chondritin sulfate sodium","chondroitin sulfate","accepted","chunk 7"
"azd4877","azd-4877","accepted","chunk 7"
"carictotamide","caricotamide","accepted","chunk 7"
"methylphenidat retard 15 mg","methylphenidate","accepted","chunk 7"
"mycopheylate mofetil","mycophenolate mofetil","accepted","chunk 7"
"capcitabine","capecitabine","accepted","chunk 7"
"biostate sp","coagulation factor viii","accepted","chunk 7"
"biostate rp","coagulation factor viii","accepted","chunk 7"
"sevofluranum","sevoflurane","accepted","chunk 7"
"methotraxe","methotrexate","accepted","chunk 7"
"quercetina","quercetin","accepted","chunk 7"
"blx-028914","ht-0712","accepted","chunk 7"
"bethametasone","betamethasone","accepted","chunk 7"
"mupirocina calcica","mupirocin","accepted","chunk 7"
"ringer-acetat","ringer's acetate","accepted","chunk 7"
"atomoxetinhydrochlorid","atomoxetine","accepted","chunk 7"
"slv334","slv-334","accepted","chunk 7"
"st. johns wort","st. john's wort","accepted","chunk 7"
"filgastrim","filgrastim","accepted","chunk 7"
"pegfilgastrim","pegfilgrastim","accepted","chunk 7"
"xylocain liniment 3","lidocaine","accepted","chunk 7"
"vitamina a","retinol","accepted","chunk 7"
"vitamina b1","thiamine","accepted","chunk 7"
"vitamina b2","riboflavin","accepted","chunk 7"
"niacina","niacin","accepted","chunk 7"
"vitamina b6","pyridoxine","accepted","chunk 7"
"vitamina c","ascorbic acid","accepted","chunk 7"
"vitamina e","vitamin e","accepted","chunk 7"
"magnesio","magnesium","accepted","chunk 7"
"selenio","selenium","accepted","chunk 7"
"luteina","lutein","accepted","chunk 7 p2"
"zeaxantina","zeaxanthin","accepted","chunk 7 p2"
"gsk1004723 nasal spray","gsk-1004723","accepted","chunk 7"
"luaa21004","vortioxetine","accepted","chunk 7"
"levosimendanum","levosimendan","accepted","chunk 7"
"ketanest s","esketamine","accepted","chunk 7 p2"
"oc000459 tablet","timapiprant","accepted","chunk 7"
"sitagliptinphosphat","sitagliptin phosphate","accepted","chunk 7"
"s-ketamine","esketamine","accepted","chunk 7"
"bta798","vapendavir","accepted","chunk 7"
"cisplatyna","cisplatin","accepted","chunk 7"
"arc1779 injection","egaptivon pegol","accepted","chunk 7"
"alfa-1-antitripsina iv","alpha1-proteinase inhibitor","accepted","chunk 7"
"nerispirdine hydrochloride","nerispirdine","accepted","chunk 7"
"moclamine","moclobemide","accepted","chunk 7"
"exemestano","exemestane","accepted","chunk 7"
"lithiumcarbonaat","lithium carbonate","accepted","chunk 7"
"doxorrubicina","doxorubicin","accepted","chunk 7"
"juvista","avotermin","accepted","chunk 7"
"mometansone furoate","mometasone furoate","accepted","chunk 7"
"chlorydrate de lidocaine","lidocaine","accepted","chunk 7"
"chlorydrate de ropivacane","ropivacaine","accepted","chunk 7"
"chlorydrate de morphine","morphine","accepted","chunk 7"
"chlorydrate de tramadole","tramadol","accepted","chunk 7"
"chlorydrate de tramadol","tramadol","accepted","chunk 7"
"dibenzoyl peroxide","benzoyl peroxide","accepted","chunk 7"
"retaspimycin hydrochloride","retaspimycin","accepted","chunk 7"
"pravastatine sodique","pravastatin","accepted","chunk 7"
"quetiapina","quetiapine","accepted","chunk 7"
"sertralina","sertraline","accepted","chunk 7"
"sutininib","sunitinib","accepted","chunk 7"
"thiopental sodium","thiopental","accepted","chunk 7"
"carmelosa sodica","carmellose sodium","accepted","chunk 7"
"morphinhydrochlorid","morphine hydrochloride","accepted","chunk 7"
"gadoterol","gadoteridol","accepted","chunk 7"
"ironotecan","irinotecan","accepted","chunk 7"
"trastuzumab-mcc-dm1","ado-trastuzumab emtansine","accepted","chunk 7"
"ultracain 2","articaine","accepted","chunk 7"
"pnobinostat","panobinostat","accepted","chunk 7"
"levobupivacane","levobupivacaine","accepted","chunk 7"
"phnylphrine chlorhydrate","phenylephrine","accepted","chunk 7"
"chlorhydrate de lidocaine monohydrate","lidocaine","accepted","chunk 7 p2"
"lvofloxacine","levofloxacin","accepted","chunk 7"
"11c-flumazenil","flumazenil","accepted","chunk 7"
"somatostatina","somatostatin","accepted","chunk 7"
"18f-fallypride","fallypride","accepted","chunk 7"
"ktoprofne","ketoprofen","accepted","chunk 7"
"albmina humana al 20","albumin human","accepted","chunk 7"
"carbamazepin","carbamazepine","accepted","chunk 7"
"malate de sinitunib","sunitinib","accepted","chunk 7 p2"
"oxycodonehydrochloride","oxycodone hydrochloride","accepted","chunk 7"
"octrotide","octreotide","accepted","chunk 7"
"quetiapina","quetiapine","accepted","chunk 7"
"fluoxtine","fluoxetine","accepted","chunk 7"
"vinorelbin","vinorelbine","accepted","chunk 7"
"slv320","derenofylline","accepted","chunk 7"
"azelainacid schering 20 creme","azelaic acid","accepted","chunk 7"
"ibuprofne lysinate","ibuprofen","accepted","chunk 7"
"natriumchloride solution 5.85","sodium chloride","accepted","chunk 7"
"ventolin 2.5 nebules","salbutamol","accepted","chunk 7"
"bortezomibum","bortezomib","accepted","chunk 7"
"mantadix","amantadine","accepted","chunk 7"
"hpam4","clivatuzumab tetraxetan","accepted","chunk 7"
"methylaminolevulinat hydrochlorid","methyl aminolevulinate","accepted","chunk 7"
"gcs-100","cs-1003","accepted","chunk 7"
"nktr-102 peg-irinotecan","etirinotecan pegol","accepted","chunk 7"
"lanthanumcarbonat","lanthanum carbonate","accepted","chunk 7"
"fesoterdine","fesoterodine","accepted","chunk 7"
"gsk679586","gsk-679586a","accepted","chunk 7"
"lithiumcarbonat","lithium carbonate","accepted","chunk 7"
"tosylchloramide sodium","chloramine t","accepted","chunk 7"
"ketoprofeeni","ketoprofen","accepted","chunk 7"
"tmc114 ethanolate","darunavir","accepted","chunk 7"
"genotonorm","somatropin","accepted","chunk 7"
"phytomenadion","phytonadione","accepted","chunk 7"
"thiaminnitrat","thiamine","accepted","chunk 7"
"nicotinamid","niacinamide","accepted","chunk 7"
"zinkchlorid","zinc chloride","accepted","chunk 7"
"gallopamil hydrochloride","gallopamil","accepted","chunk 7"
"cetuximabum","cetuximab","accepted","chunk 7"
"felodipin","felodipine","accepted","chunk 7"
"hepatitis b surface antigen adsorbed","hepatitis b vaccine (recombinant)","accepted","chunk 7"
"litican","alizapride","accepted","chunk 7"
"naproxeno","naproxen","accepted","chunk 7"
"dactylis glomerate","dactylis glomerata pollen","accepted","chunk 7"
"fludeoxyglucose18f","fludeoxyglucose","accepted","chunk 7"
"acadesina","acadesine","accepted","chunk 7"
"gadoxetic acid disodium","gadoxetate disodium","accepted","chunk 7"
"omega-3 fatty acids epa, dha","omega-3 fatty acids","accepted","chunk 7"
"col-144 ly573144 eli lilly and company","lasmiditan","accepted","chunk 7"
"pol6326","balixafortide","accepted","chunk 7"
"hydroxyure","hydroxyurea","accepted","chunk 7"
"netilmicina","netilmicin","accepted","chunk 7"
"malate de sunitiib","sunitinib","accepted","chunk 7"
"clobetasol proprionate","clobetasol propionate","accepted","chunk 7"
"icodextrina","icodextrin","accepted","chunk 7"
"clobetasol-17-propionate","clobetasol propionate","accepted","chunk 7"
"norfloxacino","norfloxacin","accepted","chunk 7"
"macrosalb","macrosalb (131i)","accepted","chunk 7"
"eparan solfato","heparan sulfate","accepted","chunk 7"
"amoxicilina sodica","amoxicillin","accepted","chunk 7"
"leflunomid","leflunomide","accepted","chunk 7"
"guanetidin","guanethidine","accepted","chunk 7"
"prilokain","prilocaine","accepted","chunk 7"
"ktoprofne","ketoprofen","accepted","chunk 7"
"chlorydrate de mthylphnidate","methylphenidate","accepted","chunk 7"
"hydrochlorothiatide","hydrochlorothiazide","accepted","chunk 7"
"fruktose capsules","fructose","accepted","chunk 7"
"citric acid anhydrate","citric acid","accepted","chunk 7"
"polysorbate 60","polysorbate 80","accepted","chunk 7"
"sorbitanstearate","sorbitan monostearate","accepted","chunk 7"
"isoborbide dinitrate","isosorbide dinitrate","accepted","chunk 7"
"actate de terlipressine","terlipressin","accepted","chunk 7"
"asparaginsure","aspartic acid","accepted","chunk 7"
"histidinhydrochloride monohydrate","histidine","accepted","chunk 7"
"mannitole","mannitol","accepted","chunk 7"
"estrogeni coniugati naturali","conjugated estrogens","accepted","chunk 7"
"medrossiprogesterone acetato","medroxyprogesterone acetate","accepted","chunk 7"
"flecainida","flecainide","accepted","chunk 7"
"propafenona","propafenone","accepted","chunk 7"
"vitamin k1 phylloquinone","vitamin k","accepted","chunk 7"
"methylphenidat-hcl","methylphenidate","accepted","chunk 7"
"exendin-4","exenatide","accepted","chunk 7"
"baf312 5 mg tablet","siponimod","accepted","chunk 7 p2"
"baf312 4mg tablet","siponimod","accepted","chunk 7 p2"
"baf312 1mg tablet","siponimod","accepted","chunk 7 p2"
"baf312 0.25mg tablet","siponimod","accepted","chunk 7 p2"
"interferon-alfa-2a","interferon alfa-2a","accepted","chunk 7"
"metilprednisolona aceponato","methylprednisolone aceponate","accepted","chunk 7"
"eptacgo alfa pegol activated","eptacog alfa pegol (activated)","accepted","chunk 7"
"enoxaparine","enoxaparin sodium","accepted","chunk 7"
"cytomegalovirus immunoglobulin","cytomegalovirus immunoglobulin","accepted","chunk 7"
"lignocaine","lidocaine","accepted","chunk 7"
"amethocaine","tetracaine","accepted","chunk 7"
"levocisteina cloridrato monoidrato","cysteine","accepted","chunk 7"
"amoxicilline anhydre","amoxicillin","accepted","chunk 7 p2"
"dfriprone","deferiprone","accepted","chunk 7"
"canrnoate de potassium","canrenoate potassium","accepted","chunk 7"
"temozolomid","temozolomide","accepted","chunk 7"
"warfarina","warfarin","accepted","chunk 7"
"ilv-094","fezakinumab","accepted","chunk 7"
"vildagliptine","vildagliptin","accepted","chunk 7"
"nilotnib","nilotinib","accepted","chunk 7"
"lamisil","terbinafine","accepted","chunk 7"
"ym178 ocas tablet 25 mg","mirabegron","accepted","chunk 7"
"afegostat tartrate","afegostat","accepted","chunk 7"
"norelgestomin","norelgestromin","accepted","chunk 7"
"octocog alfa recombinant human coagulation factor viii","octocog alfa","accepted","chunk 7"
"estradiolo cipionato","estradiol","accepted","chunk 7"
"noretisterone","norethisterone","accepted","chunk 7"
"saccharide of serotype 4, 6b, 9v, 14, 18c, 19f and 23f conjugated to crm197","pneumococcal polysaccharide conjugate vaccine (adsorbed)","accepted","chunk 7"
"albiglutida","albiglutide","accepted","chunk 7"
"colistimethat-natrium","colistimethate","accepted","chunk 7"
"diclofenaco","diclofenac","accepted","chunk 7"
"tartrate de varnicline","varenicline","accepted","chunk 7"
"13c-urea","urea c 13","accepted","chunk 7"
"rokuroni","rocuronium","accepted","chunk 7"
"vegf trap-eye","aflibercept","accepted","chunk 7"
"epinphrine","epinephrine","accepted","chunk 7"
"mmantine","memantine","accepted","chunk 7"
"gw870086x rotadisk","gw-870086","accepted","chunk 7"
"tolicizumab","tocilizumab","accepted","chunk 7"
"somatostatine","somatostatin","accepted","chunk 7"
"tranexamic acide","tranexamic acid","accepted","chunk 7"
"ciprofloxacino","ciprofloxacin","accepted","chunk 7"
"histamindihydrochlorid 1 provokationssubstanz","histamine dihydrochloride","accepted","chunk 7"
"histamin 10 salbe provokationssubstanz histamindihydrochlorid in vaslinum album","histamine","accepted","chunk 7"
"donepezilo hidrocloruro","donepezil","accepted","chunk 7"
"dl-methionine","methionine","accepted","chunk 7"
"inn: elacytarabine","elacytarabine","accepted","chunk 7"
"rmifentanil ultiva","remifentanil","accepted","chunk 7"
"fosfomicina sodica","fosfomycin","accepted","chunk 7"
"cilastatina sodica","cilastatin","accepted","chunk 7"
"epinefrin","epinephrine","accepted","chunk 7"
"oestradiol valerate","estradiol valerate","accepted","chunk 7"
"nafarelin acetate","nafarelin","accepted","chunk 7"
"lipitor 40 mg","atorvastatin","accepted","chunk 7"
"busereline","buserelin","accepted","chunk 8"
"tnofovir disoproxil sous forme de fumarate","tenofovir disoproxil","accepted","chunk 8"
"pegaptanib-sodium","pegaptanib sodium","accepted","chunk 8"
"taurina","taurine","accepted","chunk 8"
"cisteina","cysteine","accepted","chunk 8"
"aspartico acido","aspartic acid","accepted","chunk 8"
"glutamico acido","glutamic acid","accepted","chunk 8"
"cisteina hidrocloruro hidratado","cysteine","accepted","chunk 8"
"lisina","lysine","accepted","chunk 8"
"cistina","cystine","accepted","chunk 8"
"chlorhydrate de lidocane","lidocaine","accepted","chunk 8 p2"
"chlorrhydrate de ropivacane","ropivacaine","accepted","chunk 8 p2"
"5-aminosalicylic acid","aminosalicylic acid","accepted","chunk 8"
"glucosa monohidrato","glucose","accepted","chunk 8"
"meningococcus c, purified polysaccharides antigen conjugated","meningococcal group c conjugate vaccine","accepted","chunk 8"
"farmorubicine","epirubicin","accepted","chunk 8"
"cx601 una sola dosis de 40 mill. de clulas","darvadstrocel","accepted","chunk 8"
"tazocin","piperacillin|tazobactam","accepted","chunk 8"
"temozolomida","temozolomide","accepted","chunk 8"
"milrinona","milrinone","accepted","chunk 8"
"nepafenaco","nepafenac","accepted","chunk 8"
"propyleneglycol","propylene glycol","accepted","chunk 8"
"celestone","betamethasone","accepted","chunk 8"
"moxifloxacino hidrocloruro","moxifloxacin","accepted","chunk 8"
"cdp6038","olokizumab","accepted","chunk 8"
"coal tar solution","coal tar","accepted","chunk 8"
"hydrocortisonum","hydrocortisone","accepted","chunk 8"
"acc-001","vanutide cridificar","accepted","chunk 8"
"acc-001 + qs-21 adjuvant","vanutide cridificar","accepted","chunk 8"
"gadoteric acid corersponding to dota+gadolinium oxide","gadoteric acid","accepted","chunk 8"
"brivudina","brivudine","accepted","chunk 8"
"gadoteric acidcorresponding to dota+gadolinium oxide","gadoteric acid","accepted","chunk 8"
"condroitin sulfato","chondroitin sulfate","accepted","chunk 8"
"chlorydrate de clonidine","clonidine","accepted","chunk 8"
"metoclopramida hidrocloruro","metoclopramide","accepted","chunk 8 p2"
"methotrexaat","methotrexate","accepted","chunk 8"
"colestiramina","cholestyramine","accepted","chunk 8"
"metotrexato sodio","methotrexate","accepted","chunk 8"
"amiodarona hidrocloruro","amiodarone","accepted","chunk 8"
"incb028050 phosphate","baricitinib","accepted","chunk 8"
"ktamine panpharma 50 mg","ketamine","accepted","chunk 8"
"gadodiamida","gadodiamide","accepted","chunk 8"
"dicicloverina hidrocloruro","dicyclomine","accepted","chunk 8"
"ethanol gel","ethanol","accepted","chunk 8"
"dehydrated alcohol absolute alcohol bp for injection","ethanol","accepted","chunk 8"
"ferrisat","ferric sulfate","accepted","chunk 8"
"mycophnolate moftif","mycophenolate mofetil","accepted","chunk 8"
"metilfenidato","methylphenidate","accepted","chunk 8"
"isoflavon 90mg dragees","isoflavone","accepted","chunk 8"
"trifolium pratense extracto","clover, red","accepted","chunk 8"
"pneumococcal saccharide conjugated vaccine, adsorbed","pneumococcal polysaccharide conjugate vaccine (adsorbed)","accepted","chunk 8"
"nepidermina","nepidermin","accepted","chunk 8"
"gsk221149a","retosiban","accepted","chunk 8"
"nnc151-0000","nnc0114-0006","accepted","chunk 8"
"donepezilo","donepezil","accepted","chunk 8"
"gsk557296","epelsiban","accepted","chunk 8"
"bol-303242-x ophtalmic suspension","mapracorat","accepted","chunk 8"
"bfiradol","befiradol","accepted","chunk 8"
"acide nicotinique","nicotinic acid","accepted","chunk 8 p2"
"8.4 sodium bicarbonate","sodium bicarbonate","accepted","chunk 8"
"salicylic acid in vaseline album","salicylic acid","accepted","chunk 8"
"ciproterona acetato","cyproterone acetate","accepted","chunk 8"
"vas203","ronopterin","accepted","chunk 8"
"glucosamina sulfato","glucosamine","accepted","chunk 8"
"simticone","simeticone","accepted","chunk 8 p2"
"trabectedine","trabectedin","accepted","chunk 8"
"jnj-39758979-aac-100 mg","jnj-39758979","accepted","chunk 8"
"naltrexon","naltrexone","accepted","chunk 8"
"tobramicina solfato","tobramycin","accepted","chunk 8"
"l-asparaginase encapsulated in erythrcoytes","asparaginase","accepted","chunk 8"
"levocarnil","levocarnitine","accepted","chunk 8"
"alteplasi","alteplase","accepted","chunk 8"
"gestone","progesterone","accepted","chunk 8"
"pxl01","ensereptide","accepted","chunk 8"
"polyphenon e","sinecatechins","accepted","chunk 8"
"cristantaspase","crisantaspase","accepted","chunk 8"
"amsacrin","amsacrine","accepted","chunk 8"
"triptorelin-6-month","triptorelin","accepted","chunk 8"
"osi-906","linsitinib","accepted","chunk 8"
"lutropin alfa r-hlh","lutropin alfa","accepted","chunk 8"
"betamethasoni dipropionas","betamethasone dipropionate","accepted","chunk 8"
"norfloxacine","norfloxacin","accepted","chunk 8"
"90y-ibritumomab tiuxetan","yttrium y 90 ibritumomab tiuxetan","accepted","chunk 8"
"dexametasona fosfato sodio","dexamethasone","accepted","chunk 8"
"cefotaxima","cefotaxime","accepted","chunk 8"
"amlodipino besilato","amlodipine","accepted","chunk 8"
"amlodipino","amlodipine","accepted","chunk 8"
"tavocept","dimesna","accepted","chunk 8"
"proteine plasmatiche umane coagulabili","fibrinogen, human","accepted","chunk 8"
"rdea594 capsules, 100 mg","lesinurad","accepted","chunk 8"
"azitromycin","azithromycin","accepted","chunk 8"
"granocyte - 34 million iu lenograstim rhug-csf","lenograstim","accepted","chunk 8"
"dextrometorfano hidrobromuro","dextromethorphan","accepted","chunk 8"
"cafeina","caffeine","accepted","chunk 8"
"factane 100 ui","coagulation factor viii","accepted","chunk 8"
"kenacort a-40","triamcinolone","accepted","chunk 8"
"clindamycin-2- dihydrogenphosphat","clindamycin","accepted","chunk 8 p2"
"oxicodona hidrocloruro","oxycodone","accepted","chunk 8 p2"
"calcium dobesilate","calcium dobesilate","accepted","chunk 8"
"tivozanib hydrochloride","tivozanib","accepted","chunk 8"
"tivozanib hydrochloride","tivozanib","accepted","chunk 8"
"ethyl icosapentate","icosapent ethyl","accepted","chunk 8 p2"
"palmitoylethanolamide","palmidrol","accepted","chunk 8"
"0.2 ropivacaine","ropivacaine","accepted","chunk 8 p2"
"bms-663068","fostemsavir","accepted","chunk 8 p2"
"galantamina hidrobromuro","galantamine","accepted","chunk 8 p2"
"disodium pamidronate","pamidronate disodium","accepted","chunk 8 p2"
"volulyte 6 solution for infusion","hydroxyethyl starch","accepted","chunk 8"
"asp1941","asp-1948","accepted","chunk 8 p2"
"suxamethoniumchlorid","suxamethonium","accepted","chunk 8 p2"
"sugammadexnatrium","sugammadex","accepted","chunk 8 p2"
"etamido","skip","accepted","chunk 8 p2"
"pha-848125ac","milciclib maleate","accepted","chunk 8 p2"
"levobupicavaine","levobupivacaine","accepted","chunk 8 p2"
"isofundine","balanced electrolyte solution","accepted","chunk 8"
"mycofenolaat mofetil","mycophenolate mofetil","accepted","chunk 8 p2"
"prednisolon 5 pch","prednisolone","accepted","chunk 8 p2"
"magnesium hydroxide suspension","magnesium hydroxide","accepted","chunk 8"
"oxetacaine","oxethazaine","accepted","chunk 8 p2"
"elacytaribine","elacytarabine","accepted","chunk 8 p2"
"cholecalciferole 50.000 iu","cholecalciferol","accepted","chunk 8"
"hydrocortison 10 mg jenapharm","hydrocortisone","accepted","chunk 8 p2"
"bisoprololi","bisoprolol","accepted","chunk 8 p2"
"white petrolatum","petrolatum, white","accepted","chunk 8 p2"
"influenza vaccines","influenza vaccine","accepted","chunk 8"
"vitamin d3, cholecalciferol","cholecalciferol","accepted","chunk 8"
"citrate de sufentanil","sufentanil","accepted","chunk 8"
"hydroxyethyl starch","hydroxyethyl starch","accepted","chunk 8"
"ranibuzmab","ranibizumab","accepted","chunk 8 p2"
"icosapent ethyl ester","icosapent ethyl","accepted","chunk 8"
"ezn-2208","firtecan pegol","accepted","chunk 8"
"irinothecan","irinotecan","accepted","chunk 8 p2"
"pentalong 80","pentaerythritol tetranitrate","accepted","chunk 8 p2"
"sar407899a","sar-407899","accepted","chunk 8 p2"
"mantadix 100mg","amantadine","accepted","chunk 8"
"ipratropiumbromide","ipratropium bromide","accepted","chunk 8 p2"
"reviparin","reviparin sodium","accepted","chunk 8 p2"
"glargine","insulin glargine","accepted","chunk 8"
"aspart","insulin aspart","accepted","chunk 8"
"etoricoxibe","etoricoxib","accepted","chunk 8"
"clorhidrato de tapentadol","tapentadol","accepted","chunk 8"
"natrium sulfuricum","sodium sulfate","accepted","chunk 8"
"fumaria officinalis","fumaria officinalis","accepted","chunk 8"
"levothyroxinum","levothyroxine","accepted","chunk 8 p2"
"calciumcarbonate","calcium carbonate","accepted","chunk 8 p2"
"sodium dodecyl sulfate","sodium lauryl sulfate","accepted","chunk 8 p2"
"estradiolvalerat","estradiol valerate","accepted","chunk 8 p2"
"somatotropin","somatropin","accepted","chunk 8 p2"
"insuline dtmir","insulin detemir","accepted","chunk 8"
"magnesium pidolate","magnesium pidolate","accepted","chunk 8"
"mannitoli","mannitol","accepted","chunk 8 p2"
"bromelain","bromelain","accepted","chunk 8"
"depomedrone","methylprednisolone","accepted","chunk 8"
"18f fluoromisonidazole","[18f]fluoromisonidazole","accepted","chunk 8 p2"
"epoetina zeta","epoetin zeta","accepted","chunk 8"
"metadon recip","methadone","accepted","chunk 8 p2"
"seretide 500 accuhaler","fluticasone|salmeterol","accepted","chunk 8"
"glpg0259","glpg-0259","accepted","chunk 8 p2"
"ribomustin, treanda","bendamustine hydrochloride","accepted","chunk 8 p2"
"humax-cd20, arzerra","ofatumumab","accepted","chunk 8 p2"
"mycophenolic sodium","mycophenolate sodium","accepted","chunk 8 p2"
"arq 197","tivantinib","accepted","chunk 8 p2"
"epinefrina bitartrato","epinephrine","accepted","chunk 8 p2"
"diapam","diazepam","accepted","chunk 8 p2"
"azacitidin","azacitidine","accepted","chunk 8 p2"
"hydrocholorthiazide","hydrochlorothiazide","accepted","chunk 8 p2"
"mk-2578 pegylated erythropoietin","mk-2748","accepted","chunk 8 p2"
"medi-551","inebilizumab","accepted","chunk 8 p2"
"testosterona undecanoato","testosterone undecanoate","accepted","chunk 8"
"srt2104","srt-2104","accepted","chunk 8 p2"
"pentoxifilina","pentoxifylline","accepted","chunk 8 p2"
"dexametasona fosfato disodio","dexamethasone","accepted","chunk 8 p2"
"bms-734016","ipilimumab","accepted","chunk 8 p2"
"methylprednisolonacetat","methylprednisolone acetate","accepted","chunk 8 p2"
"gsk1521498","gsk-1521498","accepted","chunk 8"
"fluoro-choline","18f-fluorocholine","accepted","chunk 8"
"agomelatina","agomelatine","accepted","chunk 8"
"iron sulphate","ferrous sulfate","accepted","chunk 8"
"syrolinus","sirolimus","accepted","chunk 8"
"6 mercaptopurine","mercaptopurine","accepted","chunk 8"
"6 mercaptopurine","mercaptopurine","accepted","chunk 8"
"cafeina citrato","caffeine","accepted","chunk 8"
"presnisolone-21-acetate","prednisolone acetate","accepted","chunk 8"
"azd0530 difumarate","saracatinib","accepted","chunk 8"
"mifepristona","mifepristone","accepted","chunk 8"
"pantoprazolum","pantoprazole","accepted","chunk 8"
"dropridol","droperidol","accepted","chunk 8"
"ondanstron","ondansetron","accepted","chunk 8"
"pzaopanib","pazopanib","accepted","chunk 8"
"codeina fosfato","codeine","accepted","chunk 8"
"pentoxifilina","pentoxifylline","accepted","chunk 8"
"tocoferol","tocopherol","accepted","chunk 8"
"oxgeno","oxygen","accepted","chunk 8"
"zoledronate","zoledronic acid","accepted","chunk 8"
"isoniazida","isoniazid","accepted","chunk 8"
"rifampicina","rifampicin","accepted","chunk 8"
"mgn1703","mgn1703","accepted","chunk 8"
"gluconate de calcium","calcium gluconate","accepted","chunk 8"
"posaconazol","posaconazole","accepted","chunk 8"
"tapendol hydrochloride","tapentadol","accepted","chunk 8"
"fluorothymidine","18f-fluorothymidine","accepted","chunk 8"
"argipressin synthetic vasopressin","vasopressin","accepted","chunk 8"
"prednisolonum","prednisolone","accepted","chunk 8"
"chlorydrate de lidocane monohydrat","lidocaine","accepted","chunk 8"
"chlorhydrate de morphine","morphine","accepted","chunk 8"
"fibrinogen koncentrat","fibrinogen, human","accepted","chunk 8"
"deferoxamina mesilato","deferoxamine","accepted","chunk 8"
"lercanidipin","lercanidipine","accepted","chunk 8"
"somatuline autosolution","lanreotide","accepted","chunk 8"
"folitropina beta","follitropin beta","accepted","chunk 8"
"verteporfine","verteporfin","accepted","chunk 8"
"doxyxycline","doxycycline","accepted","chunk 8"
"testosterona","testosterone","accepted","chunk 8"
"estrogenos conjugados","conjugated estrogens","accepted","chunk 8"
"buserelina acetato","buserelin","accepted","chunk 8"
"saracatanib","saracatinib","accepted","chunk 8"
"apozema vitamin e 600 i.e.","tocopherol","accepted","chunk 8"
"desferrioxamine methane sulphonate deferoxamine mesilate","deferoxamine","accepted","chunk 8"
"vitamin d3 colecalciferol","cholecalciferol","accepted","chunk 8"
"ketotifeno fumarato","ketotifen","accepted","chunk 8"
"xilometazolina hidrocloruro","xylometazoline","accepted","chunk 8"
"azd3241","verdiperstat","accepted","chunk 8"
"sapropterindihydrochloride","sapropterin dihydrochloride","accepted","chunk 8"
"heparina sodica","heparin","accepted","chunk 8"
"everolimusum","everolimus","accepted","chunk 8"
"magnesio sulfato","magnesium sulfate","accepted","chunk 8"
"triamcinolonum acetonidum","triamcinolone acetonide","accepted","chunk 8"
"recentin","cediranib","accepted","chunk 8"
"ge-148 18f injection","fluciclovine f18","accepted","chunk 8"
"tazaroten","tazarotene","accepted","chunk 8"
"azd7295","azd-7295","accepted","chunk 8"
"fnofibrate mylan 200 mg, glule","fenofibrate","accepted","chunk 8"
"mitomicina c","mitomycin","accepted","chunk 8 p2"
"xylocaine 1 with adrenaline epinephrine 1:200,000","lidocaine|epinephrine","accepted","chunk 8"
"xylocaine 2 with adrenaline epinephrine 1:200,000","lidocaine|epinephrine","accepted","chunk 8"
"dimethylfumarate","dimethyl fumarate","accepted","chunk 8"
"citric acid, monohydrate","citric acid","accepted","chunk 8"
"carbabenzpyride","enisamium iodide","accepted","chunk 8"
"dompridone","domperidone","accepted","chunk 8"
"eslicabzepine acetate","eslicarbazepine","accepted","chunk 8"
"polyethylene glycol 3550","polyethylene glycol 3350","accepted","chunk 8"
"docusatum natricum inn","docusate","accepted","chunk 8"
"clonidin","clonidine","accepted","chunk 8"
"ferumoxitol","ferumoxytol","accepted","chunk 8"
"cafine","caffeine","accepted","chunk 8"
"amoxicillina","amoxicillin","accepted","chunk 8"
"acido clavulanico","clavulanic acid","accepted","chunk 8"
"caffeina","caffeine","accepted","chunk 8"
"azd1775","adavosertib","accepted","chunk 8"
"bisacodilo","bisacodyl","accepted","chunk 8"
"domperidona","domperidone","accepted","chunk 8"
"triptorelina pamoato","triptorelin","accepted","chunk 8"
"follitropin alpha","follitropin alfa","accepted","chunk 8"
"imcgp100","tebentafusp","accepted","chunk 8"
"teriparatidi","teriparatide","accepted","chunk 8"
"hydroxyethylstarch 200","hydroxyethyl starch","accepted","chunk 8"
"dimetindene maleate","dimethindene","accepted","chunk 8"
"itraconazol","itraconazole","accepted","chunk 8"
"posaconazol","posaconazole","accepted","chunk 8"
"anfotericina b","amphotericin b","accepted","chunk 8"
"caspofungina","caspofungin","accepted","chunk 8"
"nafarelina acetato","nafarelin","accepted","chunk 8"
"cholekalciferol","cholecalciferol","accepted","chunk 8 fix"
"cholekalciferol","cholecalciferol","accepted","chunk 8 fix"
"idroxicarbamide","hydroxycarbamide","accepted","chunk 8"
"silibinina succinato sodio","silibinin","accepted","chunk 8"
"5-fluoroucacil 5-fu","fluorouracil","accepted","chunk 8"
"imiglucrase","imiglucerase","accepted","chunk 8"
"lidocane chlorhydrate monohydrate","lidocaine","accepted","chunk 8"
"triptorelinpamoate","triptorelin pamoate","accepted","chunk 8"
"fbs0701 capsule","deferitazole","accepted","chunk 8 fix"
"zoledronic acid monohydrate","zoledronic acid","accepted","chunk 8"
"clofarabina","clofarabine","accepted","chunk 8"
"albglutide","albiglutide","accepted","chunk 8"
"carbocisteine","carbocysteine","accepted","chunk 8"
"methylphnidate ou mph","methylphenidate","accepted","chunk 8"
"palifosfamide-tris","palifosfamide","accepted","chunk 8"
"calcio cloruro diidrato","calcium chloride","accepted","chunk 8 p2"
"farmorubicina","epirubicin","accepted","chunk 8 p2"
"flunarizina dihidrocloruro","flunarizine","accepted","chunk 8"
"atoquavone","atovaquone","accepted","chunk 8"
"chlorhydrate de proguanil","proguanil","accepted","chunk 8"
"artmther","artemether","accepted","chunk 8"
"lumfantrine","lumefantrine","accepted","chunk 8"
"ccx354-c","ccx354","accepted","chunk 8"
"pyrimthamine","pyrimethamine","accepted","chunk 8"
"spiramycine","spiramycin","accepted","chunk 8"
"atomoxetinum","atomoxetine","accepted","chunk 8"
"gsk2190915","fiboflapon","accepted","chunk 8"
"0.1 bupivacaine","bupivacaine","accepted","chunk 8"
"nbivolol","nebivolol","accepted","chunk 8"
"von willebrand factor complex","von willebrand factor human","accepted","chunk 8 p2"
"silibinin-c-2,3-dihydrogen succinate, disodium salt","silibinin","accepted","chunk 8"
"qaw039","fevipiprant","accepted","chunk 8"
"pancreatic enzymes","pancreatin","accepted","chunk 8"
"elisidepsin trifluoroacetate","plitidepsin","accepted","chunk 8"
"trv120027","trv-120027","accepted","chunk 8"
"ironiii isomaltoside 1000","iron isomaltoside 1000","accepted","chunk 8"
"ga-68-dotatoc","edotreotide gallium ga-68","accepted","chunk 8"
"panax ginseng","ginseng, asian","accepted","chunk 8"
"metilnaltrexona bromuro","methylnaltrexone","accepted","chunk 8"
"follicle stimulating hormone","follitropin alfa","accepted","chunk 8"
"benzeraside","benserazide","accepted","chunk 8"
"tasocitinib citrate","tofacitinib citrate","accepted","chunk 8"
"methyle aminolevulinate","methyl aminolevulinate","accepted","chunk 8"
"act-179811","cadazolid","accepted","chunk 8"
"botulinium toxin type a","botulinum toxin type a","accepted","chunk 8"
"linolenic acid","linoleic acid","accepted","chunk 8"
"luteinising hormone human","lutropin alfa","accepted","chunk 8"
"atracurium besilate","atracurium besylate","accepted","chunk 8"
"diklofenak","diclofenac","accepted","chunk 8"
"u3-1287 amg 888","seribantumab","accepted","chunk 8"
"gliclazida","gliclazide","accepted","chunk 8"
"glimepirida","glimepiride","accepted","chunk 8"
"repaglinida","repaglinide","accepted","chunk 8"
"vildagliptina","vildagliptin","accepted","chunk 8"
"tosylchloramid-natrium","chloramine t","accepted","chunk 8"
"chlorhexadine","chlorhexidine","accepted","chunk 8"
"prostvac-v","rilimogene galvacirepvec","accepted","chunk 8"
"gm-csf","regramostim","accepted","chunk 8"
"protein complex derived from clostridium botulinum","botulinum toxin type a","accepted","chunk 8"
"anti-il-20 109-0012","fletikumab","accepted","chunk 8"
"w, benzalkonium chloride","benzalkonium chloride","accepted","chunk 8"
"mitoq","mitoquinone mesylate","accepted","chunk 8"
"bibf1120","nintedanib","accepted","chunk 8"
"human hepatitis b immunoglobulin","hepatitis b immune globulin","accepted","chunk 8"
"123i ioflupane","ioflupane","accepted","chunk 8"
"rotavirus serotype g1","rotavirus vaccine, live","accepted","chunk 8"
"rotavirus serotype g2","rotavirus vaccine, live","accepted","chunk 8"
"rotavirus serotype g3","rotavirus vaccine, live","accepted","chunk 8"
"rotavirus serotype g4","rotavirus vaccine, live","accepted","chunk 8"
"rotavirus serotype p18","rotavirus vaccine, live","accepted","chunk 8"
"pramocaina hidrocloruro","pramoxine","accepted","chunk 8"
"polydocanol","polidocanol","accepted","chunk 8"
"toxina botulnica a","botulinum toxin type a","accepted","chunk 8"
"clcoxib","celecoxib","accepted","chunk 8"
"sulfate de vinblatine","vinblastine","accepted","chunk 8"
"cyclophosphamine","cyclophosphamide","accepted","chunk 8"
"indocyanine green dye","indocyanine green","accepted","chunk 8"
"bia 9-1067","opicapone","accepted","chunk 8"
"nicotinamidepyridine 3-carboxamide","nicotinamide riboside","accepted","chunk 8"
"morfine","morphine","accepted","chunk 8"
"fluticasonfuroaat","fluticasone furoate","accepted","chunk 8"
"tranexamic acid cyklokapron injection 500mg in 5ml","tranexamic acid","accepted","chunk 8"
"bhq880","bhq-880","accepted","chunk 8"
"somatropinrhgh","somatropin","accepted","chunk 8"
"triptorelina acetato","triptorelin","accepted","chunk 8"
"nicotina","nicotine","accepted","chunk 8"
"amg479","ganitumab","accepted","chunk 8"
"flutivate creme","fluticasone propionate","accepted","chunk 8 p2"
"levofloxacino","levofloxacin","accepted","chunk 8"
"isoniazida","isoniazid","accepted","chunk 8"
"piridoxina hidrocloruro","pyridoxine","accepted","chunk 8"
"chlorydrate de nalbuphine","nalbuphine","accepted","chunk 8 p2"
"chlorydrate dhydroxyzine","hydroxyzine","accepted","chunk 8 p2"
"autologous dc","autologous cord blood","accepted","chunk 8"
"tetanus toxoid conjugate","tetanus toxoid","accepted","chunk 8"
"grt6005 cpsulas duras rellenas de lquido con sedds_0708","cebranopadol","accepted","chunk 8"
"grt6005 hard capsules  liquid filled with sedds_0708","cebranopadol","accepted","chunk 8"
"phylloquinone","phytomenadione","accepted","chunk 8"
"carbamide","urea","accepted","chunk 8"
"benzoyl peroxide 2.5","benzoyl peroxide","accepted","chunk 8"
"glimepirid bmm pharma","glimepiride","accepted","chunk 8"
"monobenzonum","monobenzone","accepted","chunk 8"
"nonacog gamma","nonacog gamma","accepted","chunk 8"
"rocuronio bromuro","rocuronium","accepted","chunk 8"
"suxametonio cloruro","suxamethonium","accepted","chunk 8"
"atropina sulfato","atropine","accepted","chunk 8"
"levobupicaina","levobupivacaine","accepted","chunk 8"
"dextran","dextran","accepted","chunk 8"
"chlorhydrate de metformine","metformin","accepted","chunk 8"
"azd1152 hydroxy-quinazoline pyrazole anilide azd1152 hqpa","barasertib","accepted","chunk 8"
"hydroxyethyl starch and sodium chloride","hydroxyethyl starch","accepted","chunk 8"
"psyllium frskaller","psyllium","accepted","chunk 8"
"alx-0061","vobarilizumab","accepted","chunk 8"
"baclofne","baclofen","accepted","chunk 8"
"acetazolamida","acetazolamide","accepted","chunk 8"
"dipyridamol","dipyridamole","accepted","chunk 8"
"pci-32765-00","ibrutinib","accepted","chunk 8"
"brinzolamida","brinzolamide","accepted","chunk 8"
"trabectedine","trabectedin","accepted","chunk 8"
"gsk1120212b","trametinib dimethyl sulfoxide","accepted","chunk 8"
"tobramcyin","tobramycin","accepted","chunk 8"
"diamox acetazolamide","acetazolamide","accepted","chunk 8 p2"
"diazoxida","diazoxide","accepted","chunk 8"
"oxalipltain","oxaliplatin","accepted","chunk 8"
"5- fluorouracile","fluorouracil","accepted","chunk 8"
"rituximabum","rituximab","accepted","chunk 8"
"morphine sulphate pentahydrate","morphine","accepted","chunk 8"
"tzp-101 hydrochloride monohydrate","ulimorelin hydrochloride","accepted","chunk 8"
"protein complex derived from clostridium botulinum","botulinum toxin type a","accepted","chunk 8"
"glucosa","glucose","accepted","chunk 8"
"hydrochlorthiazide","hydrochlorothiazide","accepted","chunk 8"
"octeotride lar","octreotide","accepted","chunk 8"
"cxa-201","ceftolozane|tazobactam","accepted","chunk 8"
"trevilor retard","venlafaxine","accepted","chunk 8"
"topimarato","topiramate","accepted","chunk 8"
"nebcinal","tobramycin","accepted","chunk 8"
"sorbitolum","sorbitol","accepted","chunk 8"
"methylfenidaat 10 mg","methylphenidate","accepted","chunk 8"
"factane 200 iu","coagulation factor viii","accepted","chunk 8"
"iron sulphate","ferrous sulfate","accepted","chunk 8"
"rvx000222","apabetalone","accepted","chunk 8"
"teicoplanina","teicoplanin","accepted","chunk 8"
"heparina","heparin","accepted","chunk 8"
"lde225","sonidegib","accepted","chunk 8"
"gsk2118436","dabrafenib","accepted","chunk 8"
"propofil","propofol","accepted","chunk 8"
"medi-575","tovetumab","accepted","chunk 8"
"fenilefrina hidrocloruro","phenylephrine","accepted","chunk 8"
"atorvaststin","atorvastatin","accepted","chunk 8"
"papaverin-hcl 2,5","papaverine","accepted","chunk 8"
"octreotida","octreotide","accepted","chunk 8"
"fenitoina","phenytoin","accepted","chunk 8"
"bicarbonato sdico","bicarbonate","accepted","chunk 8"
"fludesoxiglucosa 18f","fludeoxyglucose","accepted","chunk 8"
"plantago ovata cascara","plantago seed","accepted","chunk 8"
"metilcelulosa","methylcellulose","accepted","chunk 8"
"bps804","setrusumab","accepted","chunk 8"
"pentoxifilline","pentoxifylline","accepted","chunk 8"
"acetilcistena","acetylcysteine","accepted","chunk 8"
"amidotrizoico acido","diatrizoate","accepted","chunk 8"
"meglumina","meglumine","accepted","chunk 8"
"irinotecanhydrochlorid","irinotecan","accepted","chunk 8"
"lomustin ccnu","lomustine","accepted","chunk 8"
"procarbazinhydrochlorid","procarbazine","accepted","chunk 8"
"piperazina","piperazine","accepted","chunk 8"
"ceftazidima","ceftazidime","accepted","chunk 8"
"ceftriaxona","ceftriaxone","accepted","chunk 8"
"cefazolina","cefazolin","accepted","chunk 8"
"ampicilina","ampicillin","accepted","chunk 8"
"tolcapona","tolcapone","accepted","chunk 8"
"terlipresina","terlipressin","accepted","chunk 8"
"norepinefrina bitartrato","norepinephrine","accepted","chunk 8"
"metoxaleno","methoxsalen","accepted","chunk 8"
"unoprostone isopropyl","unoprostone","accepted","chunk 8"
"vitamin d3 colecalciferol 25-oh vitamin d3","cholecalciferol","accepted","chunk 8"
"sodium chloride 0,9 sterile solution","sodium chloride","accepted","chunk 8"
"berinert","c1-esterase inhibitor, human","accepted","chunk 8"
"marabavir","maribavir","accepted","chunk 8"
"ib-meca","piclidenoson","accepted","chunk 8"
"delix","ramipril","accepted","chunk 8"
"nitazoxanida","nitazoxanide","accepted","chunk 8"
"erythrocine oral","erythromycin","accepted","chunk 8"
"carbasalate calcium","carbaspirin calcium","accepted","chunk 8"
"diclofenaco sdico","diclofenac","accepted","chunk 8"
"lidocaina clorhidrato","lidocaine","accepted","chunk 8"
"rocuronio","rocuronium","accepted","chunk 8"
"sevofluorane","sevoflurane","accepted","chunk 8"
"mdma","methylenedioxymethamphetamine","accepted","chunk 8"
"matronidazole","metronidazole","accepted","chunk 8"
"lutetium 177lu-lilotomab satetraxetan","lutetium (lu177) lilotomab satetraxetan","accepted","chunk 8"
"tetracosactida","cosyntropin","accepted","chunk 8"
"valaciclovir hydrochloride","valacyclovir","accepted","chunk 8"
"sodium i131 iodide","sodium iodide i-131","accepted","chunk 8 p2"
"rly5016 powder for suspension","patiromer","accepted","chunk 8"
"gwp42003 capsule","cannabidiol","accepted","chunk 8"
"gwp42004 capsule","tetrahydrocannabivarin","accepted","chunk 8"
"ly2157299 monohydrate","galunisertib","accepted","chunk 8"
"triamcinolonacetate 40","triamcinolone acetonide","accepted","chunk 8"
"iddacaterol maleate","indacaterol","accepted","chunk 8"
"raloxifeno hidrocloruro","raloxifene","accepted","chunk 8"
"capacetabine","capecitabine","accepted","chunk 8"
"calcitonine-sandoz","calcitonin","accepted","chunk 8"
"certoluzimab pegol","certolizumab pegol","accepted","chunk 8"
"neostigmina","neostigmine","accepted","chunk 8"
"atropina","atropine","accepted","chunk 8"
"indapamida","indapamide","accepted","chunk 8"
"hidroclorotiazida","hydrochlorothiazide","accepted","chunk 8"
"clortalidona","chlorthalidone","accepted","chunk 8"
"eplerenona","eplerenone","accepted","chunk 8"
"hidralazina","hydralazine","accepted","chunk 8"
"rosuvastatina","rosuvastatin","accepted","chunk 8"
"dopamina","dopamine","accepted","chunk 8"
"isosorbida mononitrato","isosorbide mononitrate","accepted","chunk 8"
"stamaril","yellow fever vaccine","accepted","chunk 8"
"gsk2251052","epetraborole","accepted","chunk 8"
"azd3480 also known as tc-1734","ispronicline","accepted","chunk 8"
"gdc-0980","apitolisib","accepted","chunk 8"
"claritromycine 250 pch","clarithromycin","accepted","chunk 8 fix"
"claritromycine 500 pch","clarithromycin","accepted","chunk 8 fix"
"ceftidoren","cefditoren","accepted","chunk 8"
"mitomycine c","mitomycin","accepted","chunk 8"
"erdostein","erdosteine","accepted","chunk 8"
"sodium nitrite 3 w","sodium nitrite","accepted","chunk 8"
"peginterferon alfa-2b150mcg","peginterferon alfa-2b","accepted","chunk 8"
"cyclophosphide monohydrate","cyclophosphamide","accepted","chunk 8"
"memantina hidrocloruro","memantine","accepted","chunk 8"
"poractant alpha","poractant alfa","accepted","chunk 8"
"18ffluormisonidazol","[18f]fluoromisonidazole","accepted","chunk 8"
"metotrexate","methotrexate","accepted","chunk 8"
"lff571","lff-571","accepted","chunk 8"
"idarubicina","idarubicin","accepted","chunk 8"
"ema401 sodium salt","olodanrigan","accepted","chunk 8"
"ezetimiba","ezetimibe","accepted","chunk 8"
"fluvastatina sodica","fluvastatin","accepted","chunk 8"
"talcum","talc","accepted","chunk 8"
"hidralazina hidrocloruro","hydralazine","accepted","chunk 8"
"apadenoson-dp","apadenoson","accepted","chunk 8"
"vinflunina","vinflunine","accepted","chunk 8"
"morab-004","ontuxizumab","accepted","chunk 8"
"lidocane hydrochloride monohydraat","lidocaine","accepted","chunk 8"
"sodium iodide i-124","sodium iodide i 123","accepted","chunk 8"
"iodinated i 131 ethyl esters of the fatty acids of poppy-seed oil","lipiodol","accepted","chunk 8"
"treosulfano","treosulfan","accepted","chunk 8"
"diphtheria crm197 protein","diphtheria toxoid","accepted","chunk 8"
"detemir levemir","insulin detemir","accepted","chunk 8"
"azd2927","azd-2927","accepted","chunk 8"
"fbs0701 50 mg capsule","deferitazole","accepted","chunk 8 fix"
"fbs0701 100 mg capsule","deferitazole","accepted","chunk 8 fix"
"fbs0701 200 mg capsule","deferitazole","accepted","chunk 8 fix"
"fbs0701 250 mg capsule","deferitazole","accepted","chunk 8 fix"
"fbs0701 375 mg capsule","deferitazole","accepted","chunk 8 fix"
"vitamina d3","vitamin k","accepted","chunk 8"
"qab149 75mcg","indacaterol","accepted","chunk 8 fix"
"qab149 75mcg epic","indacaterol","accepted","chunk 8 fix"
"syl040012","bamosiran","accepted","chunk 8"
"mesocain 1 inj. sol.","lidocaine","accepted","chunk 8"
"debrase powder","stem bromelain","accepted","chunk 8"
"hidroclorotiazida","hydrochlorothiazide","accepted","chunk 8"
"amilorida","amiloride","accepted","chunk 8"
"lenti-d drug product","elivaldogene tavalentivec","accepted","chunk 8"
"insuline glargine","insulin glargine","accepted","chunk 8"
"insuline glargine","insulin glargine","accepted","chunk 8"
"abt-888","veliparib","accepted","chunk 8"
"biib023","biib-023","accepted","chunk 8"
"albmina humana grifols 20 solucin para perfusin.","albumin human","accepted","chunk 8"
"clomifeno citrato","clomiphene","accepted","chunk 8"
"sodium sulphate, anhydrous","sodium sulfate anhydrous","accepted","chunk 8"
"diamorphine hydrochloride bp","diamorphine","accepted","chunk 8"
"warfarine","warfarin","accepted","chunk 8"
"spirix","acetylsalicylic acid","accepted","chunk 8"
"sodium chloride 0,9","sodium chloride","accepted","chunk 8"
"light magnesium oxide","magnesium oxide","accepted","chunk 8"
"riboflavina","riboflavin","accepted","chunk 8"
"protena de fusin del factor ix recombinante de la coagulacin con la albmina humana rix-fp","albutrepenonacog alfa","accepted","chunk 8"
"protena de fusin del  factor ix recombinante de la coagulacin con la albmina humana rix-fp","albutrepenonacog alfa","accepted","chunk 8"
"fibrinogen as clottable protein","fibrinogen, human","accepted","chunk 8"
"sodium 1,2-13c acetate","sodium acetate","accepted","chunk 8"
"ivabradine hydrochloride","ivabradine","accepted","chunk 8"
"fluoresceina sodica 1 g 5 ml 20","fluorescein","accepted","chunk 8 p2"
"metoprololum","metoprolol","accepted","chunk 8"
"medi8968","medi-8968","accepted","chunk 8"
"vitamin d3 forte renapharma","cholecalciferol","accepted","chunk 8"
"valproic acid orfiril","valproic acid","accepted","chunk 8"
"5-azacitidine vidaza","azacitidine","accepted","chunk 8"
"lidocaini hydroklorid monohydrat","lidocaine","accepted","chunk 8"
"norursodeoxycholic acid","norucholic acid","accepted","chunk 8"
"1-13c-caprylic acid","1-13c-caprylic acid","accepted","chunk 8"
"soy oil","soybean oil","accepted","chunk 8"
"18f fluciclatide","fluciclatide","accepted","chunk 8"
"levobupivicaine","levobupivacaine","accepted","chunk 8"
"octreolin","octreotide","accepted","chunk 8"
"iodinated povidone 10 w","iodine","accepted","chunk 8"
"terbutalin","terbutaline","accepted","chunk 8"
"interleukin 10","interleukin-10","accepted","chunk 8"
"interleukin 4","interleukin-4","accepted","chunk 8"
"rfixfc","eftrenonacog alfa","accepted","chunk 8"
"parnaparin sodium","parnaparin","accepted","chunk 8"
"ringer-acetat baxter viaflo inf","ringer's acetate","accepted","chunk 8"
"indocyaningrn","indocyanine green","accepted","chunk 8"
"bmn 110","elosulfase alfa","accepted","chunk 8"
"nrl001 5mg","methoxamine","accepted","chunk 8"
"nrl001 7.5mg","methoxamine","accepted","chunk 8"
"nrl001 10mg","methoxamine","accepted","chunk 8"
"sar113945","sar-113945","accepted","chunk 8"
"bms-986001","censavudine","accepted","chunk 8"
"trprostinil","treprostinil","accepted","chunk 8"
"metronidaziole","metronidazole","accepted","chunk 8"
"ephedrine hcl","ephedrine","accepted","chunk 8"
"18f-fludeoxyglucose","fludeoxyglucose","accepted","chunk 8"
"gdc-0941","pictilisib","accepted","chunk 8"
"aflunov","influenza vaccine","accepted","chunk 8"
"medicinal oxygen ph eur 0417","oxygen","accepted","chunk 8"
"aflunov","influenza vaccine","accepted","chunk 8"
"lidocainehydrochloride","lidocaine hydrochloride","accepted","chunk 8"
"2-chloroprocaine hydrochloride","chloroprocaine","accepted","chunk 8"
"oxgeno","oxygen","accepted","chunk 8"
"hydroxyethyl starch idrossietil amido","hydroxyethyl starch","accepted","chunk 8"
"eicosapentaenoic acid epa","eicosapentaenoic acid","accepted","chunk 8"
"ema401","olodanrigan","accepted","chunk 8"
"cefazoline benzathine","cefazolin","accepted","chunk 8"
"vitamin b1 ratiopharm","thiamine","accepted","chunk 8"
"rupatadina 10 mg","rupatadine","accepted","chunk 8"
"human fibrinogen concentrate","fibrinogen, human","accepted","chunk 8"
"fluocinolona acetnido","fluocinolone acetonide","accepted","chunk 8"
"11c-tariquidar","tariquidar","accepted","chunk 8"
"norpinphrine tartrate","norepinephrine","accepted","chunk 8"
"phdrine chlorhydrate","ephedrine","accepted","chunk 8"
"medi-546","anifrolumab","accepted","chunk 8"
"lamazym","velmanase alfa","accepted","chunk 8"
"betamethasonvalerat","betamethasone valerate","accepted","chunk 8"
"anhydrous citric acid","citric acid","accepted","chunk 8"
"ssp-002358 tablets","revexepride","accepted","chunk 8"
"diphtheria, tetanus, pertussis acellular, component and poliomyelitis inactivated vaccine adsorbed","diphtheria, tetanus, pertussis, poliovirus vaccine","accepted","chunk 8"
"hxdromorphone hydrochloride","hydromorphone hydrochloride","accepted","chunk 8"
"doxorubicin-hydrochlorid","doxorubicin hydrochloride","accepted","chunk 8"
"restylane","hyaluronic acid","accepted","chunk 8"
"restylane subq lidocaine","hyaluronic acid","accepted","chunk 8"
"restylane lip volume","hyaluronic acid","accepted","chunk 8"
"restylane lip refresh","hyaluronic acid","accepted","chunk 8"
"perlane-l","hyaluronic acid","accepted","chunk 8"
"cloropidogrel bisulfate","clopidogrel bisulfate","accepted","chunk 8"
"dexaethasone","dexamethasone","accepted","chunk 8"
"azd3241 extended release tablets 25 mg","verdiperstat","accepted","chunk 8 fix"
"azd3241 extended release tablets 100 mg","verdiperstat","accepted","chunk 8 fix"
"chlopromazine","chlorpromazine","accepted","chunk 8"
"bupivakainhydroklorid","bupivacaine","accepted","chunk 8"
"sulfentanil","sufentanil","accepted","chunk 8"
"morfinhydroklorid","morphine","accepted","chunk 8"
"bupivakain","bupivacaine","accepted","chunk 8"
"proteina c","protein c","accepted","chunk 8"
"colecaciferol","cholecalciferol","accepted","chunk 8"
"sodium clorhide","sodium chloride","accepted","chunk 8"
"mk-6072, mdx-1388, cdb1","bezlotoxumab","accepted","chunk 8"
"levofolene","levoleucovorin","accepted","chunk 8"
"curcumine","curcumin","accepted","chunk 8"
"valaciclovir hydrochloride","valacyclovir","accepted","chunk 8"
"japanese encephalitis vaccine inactivated, adsorbed","japanese encephalitis vaccine","accepted","chunk 8"
"azd8931 film coated tablet 20 mg","sapitinib","accepted","chunk 8 fix"
"azd8931 film coated tablet 40mg","sapitinib","accepted","chunk 8 fix"
"neuvax","nelipepimut-s","accepted","chunk 8"
"d-vitamin olja","cholecalciferol","accepted","chunk 8"
"5 carbon dioxide","carbon dioxide","accepted","chunk 8"
"peginterferon -2a","peginterferon alfa-2a","accepted","chunk 8"
"testosteronundekanoat","testosterone undecanoate","accepted","chunk 8"
"cispaltin","cisplatin","accepted","chunk 8"
"sodium bicarbonate 8.4 w","sodium bicarbonate","accepted","chunk 8"
"folate sodium","sodium folate","accepted","chunk 8"
"jnj-40346527","edicotinib","accepted","chunk 8"
"morphin merck tropfen 2","morphine","accepted","chunk 8"
"5-aminolevulinic acid hydrochloride 20 gel","aminolevulinic acid","accepted","chunk 8"
"albmina humana grifols 20 es una solucin que contiene 200 g","albumin human","accepted","chunk 8"
"clorhidrato de trazodona","trazodone","accepted","chunk 8"
"clorhidrato de venlafaxina","venlafaxine","accepted","chunk 8"
"clorhidrato de trazodona","trazodone","accepted","chunk 8"
"morphine- naloxone","morphine|naloxone","accepted","chunk 8"
"volulyte 6","hydroxyethyl starch 130|0.4","accepted","chunk 8 p2"
"atenololum","atenolol","accepted","chunk 8 p2"
"plactidil","pinacidil","accepted","chunk 8"
"thioctic acid","thioctic acid","accepted","chunk 8"
"l-glutamic acid","glutamic acid","accepted","chunk 8"
"amustaline dihydrochloride","amitifadine hydrochloride","accepted","chunk 8"
"biib033","opicinumab","accepted","chunk 8"
"human normal immunoglobulin for intravenous use ivig","immunoglobulin, normal human","accepted","chunk 8"
"mycophnolate sodique","mycophenolate sodium","accepted","chunk 8"
"ge antigen","varicella zoster virus glycoprotein e","accepted","chunk 8"
"bibw2992","afatinib","accepted","chunk 8"
"pr1: lormetazepam","lormetazepam","accepted","chunk 8"
"pr2: midazolam","midazolam","accepted","chunk 8"
"ganitumad","ganitumab","accepted","chunk 8"
"iodixanolo","iodixanol","accepted","chunk 8"
"echinacea purpurea","echinacea, unspecified","accepted","chunk 8"
"capsicum annuum","capsicum","accepted","chunk 8"
"chamomilla recutita","chamomile","accepted","chunk 8"
"iodum","iodine","accepted","chunk 8"
"natrium tetraboracicum","sodium tetraborate","accepted","chunk 8"
"sanguinaria","sanguinarium","accepted","chunk 8"
"linezolide","linezolid","accepted","chunk 8"
"indocyanine green icg","indocyanine green","accepted","chunk 8"
"aln-ttr02","patisiran","accepted","chunk 8"
"lentiglobin bb305","betibeglogene autotemcel","accepted","chunk 8"
"recombinant human interleukin-7","recombinant human interleukin-7","accepted","chunk 8"
"cilastatin sodium","cilastatin","accepted","chunk 8"
"doximycin doksisykliinihyklaatti","doxycycline","accepted","chunk 8"
"allopurinolo","allopurinol","accepted","chunk 8"
"glargine","insulin glargine","accepted","chunk 8"
"ags-003 mdcs","rocapuldencel-t","accepted","chunk 8"
"ropivacain hcl","ropivacaine","accepted","chunk 8"
"lamotrigina","lamotrigine","accepted","chunk 8"
"oxcarbazepina","oxcarbazepine","accepted","chunk 8"
"betaine anhydrous","betaine","accepted","chunk 8"
"saccharose","sucrose","accepted","chunk 8"
"rhumab 2c4","pertuzumab","accepted","chunk 8"
"rotigotina","rotigotine","accepted","chunk 8"
"regn727","alirocumab","accepted","chunk 8"
"fbs0701 capsule","deferitazole","accepted","chunk 8 fix"
"fbs0701 capsule","deferitazole","accepted","chunk 8 fix"
"omega-3 docosalhexaenoic acid dha and  eicosapentaenoic acid epa","omega-3 fatty acids","accepted","chunk 9"
"rviii-singlechain","lonoctocog alfa","accepted","chunk 9"
"dexametasone","dexamethasone","accepted","chunk 9"
"gadopentetic acid","gadopentetate dimeglumine","accepted","chunk 9"
"legalon sil","silibinin","accepted","chunk 9"
"nox-h94","lexaptepid pegol","accepted","chunk 9"
"oxgeno medicinal","oxygen","accepted","chunk 9 p2"
"immodin","skip","accepted","chunk 9 p2"
"n8-gp 500u vial","turoctocog alfa pegol","accepted","chunk 9"
"folinic acid leucovorin","folinic acid","accepted","chunk 9"
"celekoxib","celecoxib","accepted","chunk 9"
"vilazodone hydrochloride","vilazodone","accepted","chunk 9 p2"
"vilazodone hydrochloride","vilazodone","accepted","chunk 9 p2"
"atenativ","antithrombin iii","accepted","chunk 9 p2"
"tationil 600","glutathione","accepted","chunk 9 p2"
"ceftriaxone sodium","ceftriaxone","accepted","chunk 9"
"methyl aminolevulinate hydrocloride","methyl aminolevulinate hydrochloride","accepted","chunk 9"
"indocynanine green","indocyanine green","accepted","chunk 9"
"ondansetron hydrochloride","ondansetron","accepted","chunk 9 p2"
"takrolimuusi","tacrolimus","accepted","chunk 9"
"testosteronipropionaatti","testosterone propionate","accepted","chunk 9"
"gsk2110183","afuresertib","accepted","chunk 9"
"recombinant human interferon-gamma","interferon gamma-1b","accepted","chunk 9 p2"
"amethasone sodium phosphate","dexamethasone","accepted","chunk 9 p2"
"recombinant human nerve growth factor rhngf","recombinant human nerve growth factor","accepted","chunk 9 p2"
"5-aminolevulinic acid 5-ala","aminolevulinic acid","accepted","chunk 9"
"ecopipam hcl","ecopipam","accepted","chunk 9 p2"
"kenacort a40","triamcinolone","accepted","chunk 9 p2"
"ropivaca 7.5 mg","ropivacaine","accepted","chunk 9 p2"
"asp1707","opigolix","accepted","chunk 9"
"ventolin","salbutamol","accepted","chunk 9 p2"
"aluminum chlorohydrate","aluminum chlorohydrate","accepted","chunk 9 p2"
"prednisonum","prednisone","accepted","chunk 9"
"azathioprinum","azathioprine","accepted","chunk 9"
"ampicillinum","ampicillin","accepted","chunk 9"
"benzylpenicillin procaine","benzathine benzylpenicillin","accepted","chunk 9 p2"
"ban2401","lecanemab","accepted","chunk 9"
"siponimid","siponimod","accepted","chunk 9"
"rimapen","rimegepant","accepted","chunk 9"
"octenidine hydrochloride","octenidine","accepted","chunk 9 p2"
"simvsatatin","simvastatin","accepted","chunk 9"
"amphiporfin","fimaporfin","accepted","chunk 9"
"gadofosveset-trisodium","gadofosveset trisodium","accepted","chunk 9"
"bordetella pertussis antigen: filamentous haemagglutinin","filamentous haemagglutinin","accepted","chunk 9"
"docosahexanoic acid","doconexent","accepted","chunk 9"
"ambrolizumab","pembrolizumab","accepted","chunk 9"
"temozolamide","temozolomide","accepted","chunk 9"
"salemterol xinafoate","salmeterol","accepted","chunk 9"
"rpc1063","ozanimod","accepted","chunk 9"
"atl1103","atesidorsen","accepted","chunk 9"
"naloksoni hydrokloridi","naloxone","accepted","chunk 9"
"prdenisona","prednisone","accepted","chunk 9"
"amantadina","amantadine","accepted","chunk 9"
"protamine hydrochloride","protamine","accepted","chunk 9 p2"
"matricaria recutita","chamomile","accepted","chunk 9"
"atropa belladonna","belladonna","accepted","chunk 9"
"echinacea","echinacea, unspecified","accepted","chunk 9"
"hypericum perforatum","st. john's wort","accepted","chunk 9"
"arnica montana","arnica montana","accepted","chunk 9"
"menotrophine","menotropins","accepted","chunk 9"
"botulinum toxin","onabotulinumtoxina","accepted","chunk 9"
"vitamin e tpgs tocophersolan","tocopherol","accepted","chunk 9"
"sodium iodide 123i","sodium iodide i 123","accepted","chunk 9"
"r-verapamil hydrochloride","verapamil","accepted","chunk 9"
"masitinb mesylate","masitinib mesylate","accepted","chunk 9"
"gylceryl trinitrate","nitroglycerin","accepted","chunk 9"
"l-ornithine l-aspartate","ornithine|aspartate","accepted","chunk 9"
"ropivakainhydroklorid","ropivacaine","accepted","chunk 9"
"azd2014 free base","vistusertib","accepted","chunk 9"
"bisacodile","bisacodyl","accepted","chunk 9"
"peginterferon","peginterferon alfa-2a","accepted","chunk 9"
"teleukin","teceleukin","accepted","chunk 9 p2"
"isoallopregnanolone","sepranolone","accepted","chunk 9"
"physostigmin","physostigmine","accepted","chunk 9"
"bms-955176-03","bms-955176","accepted","chunk 9"
"magnesium carbonate, heavy","magnesium carbonate","accepted","chunk 9 p2"
"peginterferon alpha 2a","peginterferon alfa-2a","accepted","chunk 9"
"metylprednisolon","methylprednisolone","accepted","chunk 9"
"bovine lactoferrin","lactoferrin, bovine","accepted","chunk 9"
"plantago ovata seed coat","psyllium","accepted","chunk 9"
"plantago ovata seed coat","psyllium","accepted","chunk 9"
"methylprednisolonsuccinat","methylprednisolone hemisuccinate","accepted","chunk 9"
"n-acetylcystin","acetylcysteine","accepted","chunk 9"
"stavudina","stavudine","accepted","chunk 9"
"targin","oxycodone|naloxone","accepted","chunk 9"
"lgx818","encorafenib","accepted","chunk 9"
"bgj398","infigratinib","accepted","chunk 9"
"gsk2339345","gsk-2339345","accepted","chunk 9"
"beta-carotene","beta carotene","accepted","chunk 9"
"ascorbate","ascorbic acid","accepted","chunk 9"
"ruxolitnib","ruxolitinib","accepted","chunk 9"
"macrodex","dextran 70","accepted","chunk 9"
"metoprololsuccinat 47,5 mg","metoprolol","accepted","chunk 9"
"azd8931 difumarate inn: sapitinib","sapitinib","accepted","chunk 9"
"azd1775 hemihydrate","adavosertib","accepted","chunk 9"
"sodium phosphate monobasic monohydrate","sodium phosphate, monobasic","accepted","chunk 9"
"sodium phosphate dibasic anhydrous","sodium phosphate, dibasic, anhydrous","accepted","chunk 9"
"paclit","paclitaxel","accepted","chunk 9"
"pethidine hydrocholoride","meperidine","accepted","chunk 9"
"fesoterodinefumaraat","fesoterodine fumarate","accepted","chunk 9"
"oxybutynine.hcl 5mg","oxybutynin","accepted","chunk 9 p2"
"interferon-beta 1b","interferon beta","accepted","chunk 9"
"cariprazine hydrochloride","cariprazine","accepted","chunk 9"
"glpg0974","glpg-0974","accepted","chunk 9"
"scyllo-inositol","scyllitol","accepted","chunk 9"
"rotavirus serotype g1 human-bovine rotavirus reassortants live produced on vero cells","rotavirus vaccine, live","accepted","chunk 9 fix"
"rotavirus serotype g2 human-bovine rotavirus reassortants live produced on vero cells","rotavirus vaccine, live","accepted","chunk 9 fix"
"rotavirus serotype g3 human-bovine rotavirus reassortants live produced on vero cells","rotavirus vaccine, live","accepted","chunk 9 fix"
"rotavirus serotype g4 human-bovine rotavirus reassortants live produced on vero cells","rotavirus vaccine, live","accepted","chunk 9 fix"
"rotavirus serotype p1a8 human-bovine rotavirus reassortants live produced on vero cells","rotavirus vaccine, live","accepted","chunk 9 fix"
"forene","isoflurane","accepted","chunk 9"
"dnib0600a","lifastuzumab vedotin","accepted","chunk 9"
"indocyaningreen","indocyanine green","accepted","chunk 9"
"lik066","licogliflozin","accepted","chunk 9"
"clofarabin","clofarabine","accepted","chunk 9"
"esmocard","esmolol","accepted","chunk 9"
"cocaine hcl","cocaine","accepted","chunk 9 p2"
"18-f fluoroestradiol","18f-fluoroestradiol","accepted","chunk 9"
"milciclib maleate","milciclib maleate","accepted","chunk 9"
"herpes zoster vaccine gsk1437173a","zoster vaccine, recombinant adjuvanted","accepted","chunk 9"
"herpes zoster vaccine gsk1437173a","zoster vaccine, recombinant adjuvanted","accepted","chunk 9"
"gsk525762","molibresib","accepted","chunk 9"
"fluormethylcholine 18f","18f-fluoromethylcholine","accepted","chunk 9"
"laninamivir octanoate","laninamivir octanoate","accepted","chunk 9"
"sulphur hexafluoride  8 l","sulphur hexafluoride","accepted","chunk 9"
"pantoprazolo","pantoprazole","accepted","chunk 9"
"acido clodronico","clodronic acid","accepted","chunk 9"
"hyoscine patch","scopolamine","accepted","chunk 9"
"budsonide","budesonide","accepted","chunk 9"
"sodiumchloride 0.9","sodium chloride","accepted","chunk 9"
"clomifeen citraat","clomiphene","accepted","chunk 9"
"cetirizina","cetirizine","accepted","chunk 9"
"neisseria meningitidis group w-135 polysaccharide conjugated to tetanus toxoid","meningococcal group w135 conjugate vaccine","accepted","chunk 9"
"rhuph20 sc","hyaluronidase","accepted","chunk 9"
"spironolactonum","spironolactone","accepted","chunk 9"
"rapidcan","articaine","accepted","chunk 9"
"ser100","ser-100","accepted","chunk 9"
"sodium chloride solution 0.9 baxter","sodium chloride","accepted","chunk 9"
"amg 337","amg-337","accepted","chunk 9"
"bay 1067197 hcl 10 mg tablet","bay1067197","accepted","chunk 9 fix"
"bisoprololo","bisoprolol","accepted","chunk 9"
"lercanidipino","lercanidipine","accepted","chunk 9"
"dimetilfumarato","dimethyl fumarate","accepted","chunk 9"
"flectadol","acetylsalicylic acid","accepted","chunk 9 p2"
"chondroitine sodium sulfate","chondroitin sulfate","accepted","chunk 9 p2"
"matodextrine","maltodextrin","accepted","chunk 9"
"aln-18328","patisiran","accepted","chunk 9"
"gel de morphine oral","morphine","accepted","chunk 9 p2"
"reveglucosidase alpha","reveglucosidase alfa","accepted","chunk 9"
"leuprolide mesylate","leuprorelin","accepted","chunk 9"
"chlorin e6","chlorin e6","accepted","chunk 9"
"pomalidomida","pomalidomide","accepted","chunk 9"
"folinic acid as calcium folinate","folinic acid","accepted","chunk 9"
"glucagon-like peptide-1 7-36 amide","glucagon-like peptide-1","accepted","chunk 9"
"retinyl palmitate","vitamin a palmitate","accepted","chunk 9"
"msc2156119j","tepotinib","accepted","chunk 9"
"amphotericin b deoxycholate","amphotericin b","accepted","chunk 9"
"rabbit anti-human thymocyte-immunoglobulin","antithrombin globulin (rabbit)","accepted","chunk 9"
"abt-199 gdc-0199 50 mg","venetoclax","accepted","chunk 9"
"aflibercet","aflibercept","accepted","chunk 9"
"desferrioxamine mesilate","deferoxamine","accepted","chunk 9"
"nitroglycerine","nitroglycerin","accepted","chunk 9"
"lanerotide","lanreotide","accepted","chunk 9"
"lacosimide","lacosamide","accepted","chunk 9"
"bym338 150mg","bimagrumab","accepted","chunk 9"
"paracet weifa","paracetamol","accepted","chunk 9"
"levobupivicaine hydrochloride","levobupivacaine hydrochloride","accepted","chunk 9"
"disulfirame","disulfiram","accepted","chunk 9"
"bay 1067197 hlc 10 mg tablet","bay1067197","accepted","chunk 9 fix"
"bay 1067197 hlc 2.5 mg tablet","bay1067197","accepted","chunk 9 fix"
"5-aminolevulinic acid hydrochloride 5-ala hcl","aminolevulinic acid","accepted","chunk 9 p2"
"epoetina","epoetin alfa","accepted","chunk 9"
"ac220 quizartinib","quizartinib","accepted","chunk 9"
"vigantoletten 1000","cholecalciferol","accepted","chunk 9"
"idursulfasa","idursulfase","accepted","chunk 9"
"botulinumtoxin-a","botulinum toxin type a","accepted","chunk 9"
"levocabastine hydrochloride","levocabastine","accepted","chunk 9"
"levocabastine hydrochloride","levocabastine","accepted","chunk 9"
"podophyllotoxin","podofilox","accepted","chunk 9"
"epigallocatechin gallate egcg","epigalocatechin gallate","accepted","chunk 9"
"mercaptamine","cysteamine","accepted","chunk 9"
"cis-platino","cisplatin","accepted","chunk 9"
"malate","malic acid","accepted","chunk 9"
"17-alpha-hydroxyprogesterone caproate","hydroxyprogesterone caproate","accepted","chunk 9"
"dextromethorphanhydrobromid","dextromethorphan hydrobromide","accepted","chunk 9"
"mirtazapin","mirtazapine","accepted","chunk 9"
"vitamina d3","cholecalciferol","accepted","chunk 9"
"diphthria toxoid","diphtheria toxoid","accepted","chunk 9"
"alxn1007","olendalizumab","accepted","chunk 9"
"azd4017 no inn","azd-4017","accepted","chunk 9"
"sylatron peginterferon alfa-2b for injection, for subcutaneous use","peginterferon alfa-2b","accepted","chunk 9"
"lambrolizumab","pembrolizumab","accepted","chunk 9"
"odm-201 300mg film-coated tablet","darolutamide","accepted","chunk 9"
"fludroxycortide","flurandrenolide","accepted","chunk 9"
"opa-15406","difamilast","accepted","chunk 9"
"flutmtamol 18f","flutemetamol","accepted","chunk 9"
"dotatoc marqu au gallium 68","edotreotide gallium-68","accepted","chunk 9"
"tripotassium dicitratobismuthate","bismuth subcitrate","accepted","chunk 9"
"metformin-hydrochlorid","metformin","accepted","chunk 9"
"dexamfetamine sulphate controlled release","dexamfetamine","accepted","chunk 9"
"recombinant human nerve growth factor","cenegermin","accepted","chunk 9"
"recombinant human nerve growth factor","cenegermin","accepted","chunk 9"
"alpha tocopherol","tocopherol","accepted","chunk 9"
"adnosine","adenosine","accepted","chunk 9"
"omega-3 fatty acid ethylesthers","omega-3 fatty acids","accepted","chunk 9"
"tiopentale","thiopental","accepted","chunk 9"
"cisatracurio besilato","cisatracurium","accepted","chunk 9"
"clivatizumab tetraxetan","clivatuzumab tetraxetan","accepted","chunk 9"
"soya oil","soybean oil","accepted","chunk 9"
"colloidal oatmeal","oatmeal, colloidal","accepted","chunk 9"
"adenosin triphosphate","adenosine triphosphate","accepted","chunk 9"
"endoprost","iloprost","accepted","chunk 9"
"norursodeoxycholic acid","norursodeoxycholic acid","accepted","chunk 9"
"sodium iodide i131","sodium iodide i-131","accepted","chunk 9"
"omega 3-acid-ethyl esters 1000mg soft capsules","omega-3 fatty acids","accepted","chunk 9"
"intrastigmina","neostigmine","accepted","chunk 9"
"hydroxocobalamine","hydroxocobalamin","accepted","chunk 9"
"mesocain 1","lidocaine","accepted","chunk 9"
"chlorid sodn 0,9 braun","sodium chloride","accepted","chunk 9"
"dosulepin hydrochloride","dothiepin","accepted","chunk 9 p2"
"cincacalcet","cinacalcet","accepted","chunk 9"
"nelfinavir mesylate","nelfinavir","accepted","chunk 9"
"colistineb","colistin","accepted","chunk 9"
"colecalciferolo vitamina d3","cholecalciferol","accepted","chunk 9"
"doenepzil hydrochloride","donepezil","accepted","chunk 9"
"toxine botulique de type a","botulinum toxin type a","accepted","chunk 9"
"hydroxyethylstarch 6 130","hydroxyethyl starch","accepted","chunk 9"
"ibuprofen lysine","ibuprofen","accepted","chunk 9"
"dpx-survivac","maveropepimut-s","accepted","chunk 9 p2"
"lidocaina normon 10mg","lidocaine","accepted","chunk 9"
"0.9 sodium chloride","sodium chloride","accepted","chunk 9 p2"
"5-fluoracil","fluorouracil","accepted","chunk 9"
"abirateronacetaat","abiraterone acetate","accepted","chunk 9"
"nabuphine hydrochloride","nalbuphine","accepted","chunk 9"
"levact  i.v.","bendamustine","accepted","chunk 9"
"ifosphamide","ifosfamide","accepted","chunk 9 p2"
"etopside","etoposide","accepted","chunk 9 p2"
"octerotide","octreotide","accepted","chunk 9"
"diphtheria, tetanus and pertussis acellular, component vaccine adsorbed","diphtheria, tetanus, pertussis vaccine","accepted","chunk 9"
"radium 223 dichloride","radium-223 dichloride","accepted","chunk 9"
"fingolimodi","fingolimod","accepted","chunk 9"
"lanthanum carbonate hydrate","lanthanum carbonate","accepted","chunk 9 p2"
"adalimumab-eu","adalimumab","accepted","chunk 9"
"prothrombin complex concentrate","prothrombin complex","accepted","chunk 9"
"lutinus","progesterone","accepted","chunk 9"
"meglumine amidotrizoate","meglumine amidotrizoate","accepted","chunk 9"
"diatrizoate sodium","sodium diatrizoate","accepted","chunk 9"
"clobetasol propionate 0.05","clobetasol propionate","accepted","chunk 9 p2"
"abt-199, venetoclax","venetoclax","accepted","chunk 9 p2"
"rivogenleucleucel","rivogenlecleucel","accepted","chunk 9"
"astodrimer sodium","astodrimer sodium","accepted","chunk 9"
"cxl-1427","cimlanod","accepted","chunk 9"
"ephinephrine hydrogentartrate","epinephrine","accepted","chunk 9"
"pegylated interferon alpha 2a","peginterferon alfa-2a","accepted","chunk 9"
"bupivacaina","bupivacaine","accepted","chunk 9"
"azd7624 inhal. sol. 2-20 mg","azd-7624","accepted","chunk 9 p2"
"medi4893","suvratoxumab","accepted","chunk 9"
"alm201","alm-201","accepted","chunk 9"
"11c-raclopride","11c-raclopride","accepted","chunk 9"
"dacarbazina citrato","dacarbazine","accepted","chunk 9"
"rxdx-101","entrectinib","accepted","chunk 9"
"polyhexanid","polihexanide","accepted","chunk 9"
"trientine dihydrochloride","trientine hydrochloride","accepted","chunk 9"
"pyridorin","pyridoxamine dihydrochloride","accepted","chunk 9"
"oxycodoni hydrochloridum","oxycodone hydrochloride","accepted","chunk 9"
"azacididine","azacitidine","accepted","chunk 9"
"l-arginine argimax","arginine","accepted","chunk 9"
"acide tranexamique","tranexamic acid","accepted","chunk 9"
"ceftriaxone sodium","ceftriaxone","accepted","chunk 9"
"mln0128","sapanisertib","accepted","chunk 9"
"ergometrine maleate","ergometrine","accepted","chunk 9"
"onabotulinumtoxin a","onabotulinumtoxina","accepted","chunk 9"
"spironolacton hexal","spironolactone","accepted","chunk 9"
"mycophenolatmofetile","mycophenolate mofetil","accepted","chunk 9"
"nitroprussiate de sodium 50 mg","sodium nitroprusside","accepted","chunk 9"
"rbl015.1 lip","nbl-015","accepted","chunk 9 p2"
"rbl015.1rin","nbl-015","accepted","chunk 9 p2"
"aluminium phosphate","aluminum phosphate","accepted","chunk 9"
"sodium thiosulfate pentahydrate","sodium thiosulfate","accepted","chunk 9 p2"
"acido obeticolico","obeticholic acid","accepted","chunk 9"
"mannitolo 18","mannitol","accepted","chunk 9"
"salmonella typhi, vi polysaccharide","typhoid vi polysaccharide vaccine","accepted","chunk 9"
"l- acetylcarnitine","acetylcarnitine","accepted","chunk 9"
"18f-flt","18f-fluorothymidine","accepted","chunk 9"
"benzoyl peroxide 2.5 gel","benzoyl peroxide","accepted","chunk 9 p2"
"ropivacainum","ropivacaine","accepted","chunk 9 p2"
"onabotulinumtoxin a","onabotulinumtoxina","accepted","chunk 9"
"mexiletina cloridrato","mexiletine","accepted","chunk 9"
"asparten 5g","aspartame","accepted","chunk 9 p2"
"indinavir sulfate","indinavir","accepted","chunk 9"
"ulipristalacetate","ulipristal acetate","accepted","chunk 9"
"abt-267 abt333","ombitasvir","accepted","chunk 9"
"tranexmic acid","tranexamic acid","accepted","chunk 9"
"simoctolog alfa","simoctocog alfa","accepted","chunk 9"
"aspirine","aspirin","accepted","chunk 9"
"arachidyl amido cholanoic acid","arachidyl amido cholanoic acid","accepted","chunk 9 p2"
"riboflavin sodium phosphate","riboflavin sodium phosphate","accepted","chunk 9"
"amoxicilin","amoxicillin","accepted","chunk 9"
"magnesium carbonate","magnesium carbonate","accepted","chunk 9"
"fluciclovine","fluciclovine f-18","accepted","chunk 9 p2"
"calcio gluconato","calcium gluconate","accepted","chunk 9"
"potassio lattato","potassium lactate","accepted","chunk 9"
"potassio solfato","potassium sulfate","accepted","chunk 9"
"deksmedetomidiini","dexmedetomidine","accepted","chunk 9"
"furosemid","furosemide","accepted","chunk 9"
"eucardic","carvedilol","accepted","chunk 9"
"glargine insulin","insulin glargine","accepted","chunk 9 p2"
"levact","bendamustine","accepted","chunk 9"
"atyr1940","atyr-1940","accepted","chunk 9"
"levonorgestrel-releasing intra-uterine system","levonorgestrel","accepted","chunk 9 p2"
"actinomicina d","dactinomycin","accepted","chunk 9"
"rta 408","omaveloxolone","accepted","chunk 9"
"tetracane","tetracaine","accepted","chunk 9"
"prilocain","prilocaine","accepted","chunk 9"
"omega-3-carboxylic acid","omega-3-carboxylic acids","accepted","chunk 9"
"5 5-fluorouracil","fluorouracil","accepted","chunk 9"
"methylaminolevulinic acid","methyl aminolevulinate","accepted","chunk 9"
"lomustina","lomustine","accepted","chunk 9"
"recombinant hepatitis b surface antigen, 20 micrograms","hepatitis b vaccine (recombinant)","accepted","chunk 9 p2"
"custodiol","ursodiol","accepted","chunk 9"
"voloctocogene roxaparvovec","dirloctocogene samoparvovec","accepted","chunk 9 p2"
"nebcine","benzocaine","accepted","chunk 9"
"amg 557","amg-557","accepted","chunk 9"
"medi5872","medi-578","accepted","chunk 9"
"indigo carmine","indigo carmine","accepted","chunk 9 p2"
"phenazone","antipyrine","accepted","chunk 9"
"rapamycin","sirolimus","accepted","chunk 9"
"sulphamethoxazole","sulfamethoxazole","accepted","chunk 9"
"ibuprofeno arginato","ibuprofen","accepted","chunk 9"
"ibuprofeno arginate","ibuprofen","accepted","chunk 9"
"ironiiiisomaltoside 1000","iron isomaltoside 1000","accepted","chunk 9"
"ropivacain hydrochloride","ropivacaine hydrochloride","accepted","chunk 9"
"citric acid monohydrate","citric acid","accepted","chunk 9"
"magnesium carbonate","magnesium carbonate","accepted","chunk 9"
"sodium chloride 0.9 solution for injection","sodium chloride","accepted","chunk 9"
"ccd-1042","ganaxolone","accepted","chunk 9"
"amg 319","amg-319","accepted","chunk 9"
"vsn16r","vsn-16r","accepted","chunk 9"
"septrin forte","trimethoprim|sulfamethoxazole","accepted","chunk 9 p2"
"abt-414","depatuxizumab mafodotin","accepted","chunk 9"
"cudc-907","fimepinostat","accepted","chunk 9"
"n-acetyl-l-cysteine","acetylcysteine","accepted","chunk 9"
"remimazolam besylate","remimazolam","accepted","chunk 9 p2"
"18f-fluormethylcholine","fluoromethylcholine (18f)","accepted","chunk 9"
"flumist","influenza vaccine, live attenuated","accepted","chunk 9"
"prm-151","zinpentraxin alfa","accepted","chunk 9"
"clopidgrel","clopidogrel","accepted","chunk 9"
"decapinol","delmopinol","accepted","chunk 9"
"desametasone 21-fosfato disodico","dexamethasone","accepted","chunk 9 p2"
"histamin dihydrochloride","histamine dihydrochloride","accepted","chunk 9"
"min-101","roluperidone hydrochloride","accepted","chunk 9"
"morfine hcl retard cf 10 mg","morphine","accepted","chunk 9"
"tocopherol","gamma-tocopherol","accepted","chunk 9"
"asp7962","asp-7962","accepted","chunk 9"
"zpl-3893787","adriforant","accepted","chunk 9"
"plrixafor","plerixafor","accepted","chunk 9"
"azd7594 inhalation powder hard capsule 29 - 450 g","velsecorat","accepted","chunk 9 p2"
"olodaterol hydrochloride","olodaterol","accepted","chunk 9"
"volulyte","hydroxyethyl starch 130|0.4","accepted","chunk 9"
"flurouracilo","fluorouracil","accepted","chunk 9"
"alpha interferon","interferon alfa","accepted","chunk 9"
"eplerenon sandoz 50 mg","eplerenone","accepted","chunk 9"
"macrogol 4000  polyethylene glycol 4000","macrogol","accepted","chunk 9"
"rurioctocog alfa pegol","antihemophilic factor, pegylated (mw 20000) human sequence recombinant","accepted","chunk 9"
"praxis asa ec 81 mg daily low dose","acetylsalicylic acid","accepted","chunk 9"
"legilizumab","ligelizumab","accepted","chunk 9"
"cilastatina","cilastatin","accepted","chunk 9"
"sulfate de magnesium","magnesium sulfate","accepted","chunk 9"
"pantoprazolo sodico sesquidrato","pantoprazole","accepted","chunk 9"
"piperallicin","piperacillin","accepted","chunk 9"
"azd9291 80 mg film-coated tablet","osimertinib","accepted","chunk 9"
"spi-1005, ebselen","ebselen","accepted","chunk 9"
"tenofovirdisoproxil","tenofovir disoproxil","accepted","chunk 9"
"emtricitabin","emtricitabine","accepted","chunk 9"
"emtricitabin","emtricitabine","accepted","chunk 9"
"cisplatine hospira","cisplatin","accepted","chunk 9"
"glucosemonohydraat","glucose","accepted","chunk 9"
"calciumchloridedihydraat","calcium chloride","accepted","chunk 9"
"magnesiumchloridehexahydraat","magnesium chloride","accepted","chunk 9"
"cyclosphamine","cyclophosphamide","accepted","chunk 9"
"interleuchina-2 umana ricombinante","aldesleukin","accepted","chunk 9"
"ringers solutions","ringer's lactate","accepted","chunk 9"
"ringers solution","ringer's lactate","accepted","chunk 9"
"tocilizumabum","tocilizumab","accepted","chunk 9"
"mycophenolat sodium","mycophenolate sodium","accepted","chunk 9"
"e vitamin","tocopherol","accepted","chunk 9"
"fluciclovine 18f injection","fluciclovine f18","accepted","chunk 9"
"toxinum clostridii botulinii","botulinum toxin type a","accepted","chunk 9"
"lorazpam","lorazepam","accepted","chunk 9"
"bromazpam","bromazepam","accepted","chunk 9"
"oxazpam","oxazepam","accepted","chunk 9"
"tmazpam","temazepam","accepted","chunk 9"
"c1 inhibitor, human","c1 inhibitor (human)","accepted","chunk 9"
"sodium tetradecyl sulphate","sodium tetradecyl sulfate","accepted","chunk 9"
"rupatadina","rupatadine","accepted","chunk 9"
"bupivacane hidrocloruro","bupivacaine","accepted","chunk 9"
"ringers lactate solution","ginger","accepted","chunk 9"
"medium-chain triglycerides bp","medium-chain triglycerides","accepted","chunk 9"
"morfine hcl cf","morphine","accepted","chunk 9"
"isopropyl alcohol 70 v","isopropyl alcohol","accepted","chunk 9"
"fibrinogen concentrate, human","fibrinogen, human","accepted","chunk 9"
"vitamine d","vitamin d","accepted","chunk 9"
"bisoprololo fumarato","bisoprolol","accepted","chunk 9"
"cfz533","iscalimab","accepted","chunk 9"
"methylprednisolne","methylprednisolone","accepted","chunk 9"
"folinc acid","folic acid","accepted","chunk 9 p2"
"seretide diskus 50","fluticasone|salmeterol","accepted","chunk 9"
"sodium thiosulfate pentahydrate","sodium thiosulfate","accepted","chunk 9"
"ropivacaina","ropivacaine","accepted","chunk 9"
"diosmectite","montmorillonite","accepted","chunk 9"
"esopremazole","esomeprazole","accepted","chunk 9"
"depatuxizumab mafodotin","depatuxizumab mafodotin","accepted","chunk 9"
"zoledronic acid fresenius kabi","zoledronic acid","accepted","chunk 9"
"18f fluoromethylcholine","18f-fluoromethylcholine","accepted","chunk 9"
"ethicon vicryl","ethion","accepted","chunk 9"
"efedrin","ephedrine","accepted","chunk 9"
"benzoylperoxid","benzoyl peroxide","accepted","chunk 9"
"ibuprofne","ibuprofen","accepted","chunk 9"
"123iiobenguane","iobenguane i-123","accepted","chunk 9"
"brimonidintartrat","brimonidine tartrate","accepted","chunk 9"
"piperacillina sodica","piperacillin","accepted","chunk 9"
"caspofungin diacetate","caspofungin","accepted","chunk 9"
"amfotericina b liposomal","amphotericin b","accepted","chunk 9"
"iva337","lanifibranor","accepted","chunk 9"
"glargine insulin","insulin glargine","accepted","chunk 9"
"medi3902","gremubamab","accepted","chunk 9"
"regn2222","suptavumab","accepted","chunk 9"
"bunesumab","burosumab","accepted","chunk 9"
"mitomycin-c 10 mg polvo para solucin inyectable mitomycin-c 40 mg polvo para solucin inyectable","mitomycin","accepted","chunk 9"
"dotanoc","dota-noc","accepted","chunk 9"
"vancomicina cloridrato","vancomycin","accepted","chunk 9"
"metronidazolo","metronidazole","accepted","chunk 9"
"atomoxetina cloridrato","atomoxetine","accepted","chunk 9"
"metilfenidato cloridrato","methylphenidate","accepted","chunk 9"
"acido nicotinico","niacin","accepted","chunk 9"
"fenofibrato","fenofibrate","accepted","chunk 9"
"azd9291","osimertinib","accepted","chunk 9"
"mgcd265","glesatinib","accepted","chunk 9"
"leo 124249 ointment 30 mg","delgocitinib","accepted","chunk 9"
"isoprenaline hydrochloride","isoproterenol","accepted","chunk 9"
"yttrium90 radiolabelled anticd66","yttrium y-90","accepted","chunk 9"
"macimorelin acetate","macimorelin","accepted","chunk 9"
"rs-baclofen","baclofen","accepted","chunk 9"
"d-sorbitol","sorbitol","accepted","chunk 9"
"dexamfetamine","dextroamphetamine","accepted","chunk 9"
"lacotse monohydrate","lactose","accepted","chunk 9"
"buprenorphinhydrochlorid","buprenorphine hydrochloride","accepted","chunk 9"
"fetanyl","fentanyl","accepted","chunk 9"
"muscoril","thiocolchicoside","accepted","chunk 9"
"adrnaline","epinephrine","accepted","chunk 9"
"hydroxypropylmethylcellulose","hypromellose","accepted","chunk 9"
"benzalkoniumchlorid","benzalkonium chloride","accepted","chunk 9"
"amilorid mylan","amiloride","accepted","chunk 9"
"albuman","albumin human","accepted","chunk 9"
"jbt-101","lenabasum","accepted","chunk 9"
"2,9  sodium chloride","sodium chloride","accepted","chunk 9"
"alxn1210","ravulizumab","accepted","chunk 9"
"xylometazolini hydrochloridum 0,010g","xylometazoline","accepted","chunk 9"
"methotrexat accord","methotrexate","accepted","chunk 9"
"dapagliflozine","dapagliflozin","accepted","chunk 9"
"sodium sulfate, anhydrous","sodium sulfate","accepted","chunk 9"
"jnj-63623872-zcd","pimodivir","accepted","chunk 9"
"interferone alfa-2a pegilato","peginterferon alfa-2a","accepted","chunk 9"
"lonafarnip","lonafarnib","accepted","chunk 9"
"heparine sodique panpharma","heparin","accepted","chunk 9"
"beta-carotene","beta carotene","accepted","chunk 9"
"ranolazina","ranolazine","accepted","chunk 9"
"nimodipina","nimodipine","accepted","chunk 9"
"testosterone propionate","testosterone propionate","accepted","chunk 9"
"immune globulin subcutaneous human, 20, caprylate","immunoglobulin, normal human","accepted","chunk 9"
"hydrogen peroxide","hydrogen peroxide","accepted","chunk 9"
"fluoresceina sodica","fluorescein","accepted","chunk 9"
"vadastuximab talirine","vadastuximab talirine","accepted","chunk 9"
"ventolin infuus, oplossing voor injectie 0,5 mg","salbutamol","accepted","chunk 9"
"imidazolyl ethanamide pentandioic acid","ingavirin","accepted","chunk 9"
"nitrous oxide 50 and oxygen 50","nitrous oxide","accepted","chunk 9"
"human normal immunoglobulin iv","immunoglobulin, normal human","accepted","chunk 9"
"klonidinhydroklorid apl","clonidine","accepted","chunk 9"
"glembatumumab vedotin","glembatumumab vedotin","accepted","chunk 9"
"gsk2269557","gsk-2269557","accepted","chunk 9"
"colistineb","colistin","accepted","chunk 9"
"oxanest","oxycodone","accepted","chunk 9"
"deuterium depleted water ddw","deuterium oxide","accepted","chunk 9"
"ucb7665","rozanolixizumab","accepted","chunk 9"
"isis 703802","vupanorsen","accepted","chunk 9"
"gluscan 600 mbq","glucagon","accepted","chunk 9"
"sodium chloride 7","sodium chloride","accepted","chunk 9"
"dexketoprofene trometamolo","dexketoprofen","accepted","chunk 9"
"mianserine hydrocloride","mianserin","accepted","chunk 9"
"sucroferric oxyhydroxide","ferric oxyhydroxide","accepted","chunk 9"
"glpg1690","ziritaxestat","accepted","chunk 9"
"citalopram hbr","citalopram","accepted","chunk 9"
"usl311","usl-311","accepted","chunk 9"
"trimetoprim-sulfametoxazol","trimethoprim|sulfamethoxazole","accepted","chunk 9"
"amg 211","am-211","accepted","chunk 9"
"redmorphine drops","morphine","accepted","chunk 9"
"ranolazina ranexa","ranolazine","accepted","chunk 9"
"aln-65585","lumasiran","accepted","chunk 9"
"arimoclomol citrate","arimoclomol","accepted","chunk 9 p2"
"18fthk-5351","18f-thk-5351","accepted","chunk 9"
"fluorine-18","sodium fluoride f 18","accepted","chunk 9"
"epi-506","ralaniten acetate","accepted","chunk 9"
"raxatrigine proposed","vixotrigine","accepted","chunk 9"
"kte-c19","axicabtagene ciloleucel","accepted","chunk 9"
"mekobalamin","mecobalamin","accepted","chunk 9"
"fentanil","fentanyl","accepted","chunk 9"
"codeina","codeine","accepted","chunk 9"
"codeina","codeine","accepted","chunk 9"
"rilatine","methylphenidate","accepted","chunk 9"
"chlorhydrate de propranolol","propranolol","accepted","chunk 9"
"chlorhydrate de propranolol","propranolol","accepted","chunk 9"
"tapenatdol","tapentadol","accepted","chunk 9"
"calcifediolo","calcifediol","accepted","chunk 9"
"zopiklon","zopiclone","accepted","chunk 9"
"aftinib","afatinib","accepted","chunk 9"
"sodium alendronate","alendronic acid","accepted","chunk 9"
"peppermint oil","peppermint oil","accepted","chunk 9"
"otx015","birabresib","accepted","chunk 9"
"human plasminogen","plasminogen","accepted","chunk 9"
"epinpehrine","epinephrine","accepted","chunk 9"
"panacod","paracetamol|codeine","accepted","chunk 9"
"rezafungin acetate","rezafungin","accepted","chunk 9"
"qgc001","firibastat","accepted","chunk 9"
"icagrelor","ticagrelor","accepted","chunk 9"
"alendron acid","alendronic acid","accepted","chunk 9"
"tobramycinum","tobramycin","accepted","chunk 9"
"inn-dapagliflozin","dapagliflozin","accepted","chunk 9"
"inn-saxagliptin","saxagliptin","accepted","chunk 9"
"hydroxypropyl-beta-cyclodextrin","2-hydroxypropyl-beta-cyclodextrin","accepted","chunk 9"
"chlorhydrate de lidocane anhydre","lidocaine","accepted","chunk 9"
"ingenolo mebutato","ingenol mebutate","accepted","chunk 9"
"tak228","sapanisertib","accepted","chunk 9"
"acido tranexamico","tranexamic acid","accepted","chunk 9"
"geonistin vagianl tablets","genistein","accepted","chunk 9"
"eflornithine hydrochloride","eflornithine","accepted","chunk 9"
"nintedanib esylate","nintedanib","accepted","chunk 9"
"formoter fumarate","formoterol fumarate","accepted","chunk 9"
"pycnogenol","maritime pine","accepted","chunk 9"
"bismuth subcitrate","bismuth subcitrate","accepted","chunk 9"
"bucindolol hydrochloride","bucindolol","accepted","chunk 9"
"temozolamide","temozolomide","accepted","chunk 9"
"temozolamide","temozolomide","accepted","chunk 9"
"jnj-56022473 csl362 100 mg","talacotuzumab","accepted","chunk 9"
"vareniclina tartrato","varenicline","accepted","chunk 9"
"aceneuramic acid common name: sialic acid","aceneuramic acid","accepted","chunk 9"
"zpl-5212372","pf-5212372","accepted","chunk 9"
"ceftazidim fresenius kabi","ceftazidime","accepted","chunk 9"
"bepanthenol sensiderm","dexpanthenol","accepted","chunk 9"
"all-trans retinoic acid","tretinoin","accepted","chunk 9"
"neod001","birtamimab","accepted","chunk 9"
"triparatide","teriparatide","accepted","chunk 9"
"rvt-101","intepirdine","accepted","chunk 9"
"potassium phosphate","potassium phosphate","accepted","chunk 9 p2"
"cortexolone 17 alpha propionate","cortodoxone","accepted","chunk 9"
"deuterabenazine","deutetrabenazine","accepted","chunk 9"
"diprospan","betamethasone dipropionate","accepted","chunk 9"
"clopdiogrel mylan 75 mg coated tablets","clopidogrel","accepted","chunk 9"
"iomeprolo","iomeprol","accepted","chunk 9"
"densoumab","denosumab","accepted","chunk 9"
"duvellsib","duvelisib","accepted","chunk 9"
"duvellslb","duvelisib","accepted","chunk 9"
"tafamidis meglumine","tafamidis meglumine","accepted","chunk 9 p2"
"melflufen","melflufen","accepted","chunk 9"
"peginterferon alpha-2a","peginterferon alfa-2a","accepted","chunk 9"
"avx-012 ophthalmic solution","acoltremon","accepted","chunk 9"
"diclofenac-sodium","diclofenac sodium","accepted","chunk 9"
"pednisone","prednisone","accepted","chunk 9"
"carfilsomib","carfilzomib","accepted","chunk 9"
"terbinafine-hydrochloride","terbinafine hydrochloride","accepted","chunk 9"
"tak-788","mobocertinib","accepted","chunk 9"
"xoma 358","ersodetug","accepted","chunk 9"
"hydroxychloroquin","hydroxychloroquine","accepted","chunk 9"
"lirilumb","lirilumab","accepted","chunk 9"
"botulinum toxin typ a","botulinum toxin type a","accepted","chunk 9"
"claritromycin","clarithromycin","accepted","chunk 9"
"g1t38 di-hcl","lerociclib","accepted","chunk 9"
"5 fluorouracilo","fluorouracil","accepted","chunk 9"
"methadon hcl","methadone","accepted","chunk 9"
"gonadotropina menotropina altamente purificada","gonadotropin, serum","accepted","chunk 9"
"urea 13 c","urea c 13","accepted","chunk 9"
"actate de somatostatine hydrat","octreotide","accepted","chunk 9"
"actate doctrotide","octreotide","accepted","chunk 9"
"medi8897","nirsevimab","accepted","chunk 9"
"carbolithium 150 mg","lithium carbonate","accepted","chunk 9 fix"
"carbolithium 300 mg","lithium carbonate","accepted","chunk 9 fix"
"moxifloxacina cloridrato","moxifloxacin","accepted","chunk 9"
"bactrim forte","trimethoprim|sulfamethoxazole","accepted","chunk 9"
"mak683","mak-683","accepted","chunk 9"
"trometamol","tromethamine","accepted","chunk 9"
"ibsolvmir","dextran sulfate sodium (5000 mw)","accepted","chunk 9"
"flucticason","fluticasone","accepted","chunk 9"
"potassio clavulanato","clavulanic acid","accepted","chunk 9"
"insulina zinco umana da dna ricombinante","insulin zinc human","accepted","chunk 9"
"sar566658","sar-566658","accepted","chunk 9"
"insuline lispro","insulin lispro","accepted","chunk 9"
"nitrofural","nitrofurazone","accepted","chunk 9"
"coversin","nomacopan","accepted","chunk 9"
"lactate de magnsium dihydrat","magnesium lactate","accepted","chunk 9"
"humulin regular","insulin human","accepted","chunk 9"
"tafoxiparin sodium","tafoxiparin","accepted","chunk 9"
"18ffluoro-17-stradiol","18f-fluoroestradiol","accepted","chunk 9"
"netilmicina solfato","netilmicin","accepted","chunk 9"
"desametasone fosfato disodico","dexamethasone","accepted","chunk 9"
"natrexone hydrochloride accord","naltrexone","accepted","chunk 9"
"hydroxyethyl starch 130","hydroxyethyl starch 130|0.4","accepted","chunk 9"
"magensium chloride hexahydrate","magnesium chloride","accepted","chunk 9"
"gabapentinum","gabapentin","accepted","chunk 9"
"potassio solfato","potassium sulfate","accepted","chunk 9"
"magnesio solfato eptaidrato","magnesium sulfate","accepted","chunk 9"
"bicarbonato di sodio","sodium bicarbonate","accepted","chunk 9"
"trimetazidina dicloridrato","trimetazidine","accepted","chunk 9"
"beclomethasone-dipropionate","beclomethasone dipropionate","accepted","chunk 9"
"butylscopolaminebromide","butylscopolamine bromide","accepted","chunk 9"
"bendamustina idrocloruro","bendamustine","accepted","chunk 9"
"gsk2330672","linerixibat","accepted","chunk 9"
"segesterone acetate","segesterone acetate","accepted","chunk 9"
"2-hydroxyflutamide","hydroxyflutamide","accepted","chunk 9"
"vinblastina solfato","vinblastine","accepted","chunk 9"
"gsk1325756","danirixin","accepted","chunk 9"
"jnj-757","jnj-39758979","accepted","chunk 9"
"3,4-methylenedioxymethamphetamine","methylenedioxymethamphetamine","accepted","chunk 9"
"biib092","gosuranemab","accepted","chunk 9"
"bexagliflozina","bexagliflozin","accepted","chunk 9"
"pantoprazol sodium sesquihydrate","pantoprazole","accepted","chunk 9"
"morphinhydrochlorid","morphine","accepted","chunk 9"
"naloxonhydrochlorid","naloxone","accepted","chunk 9"
"prothrombin complex concentrate","prothrombin complex","accepted","chunk 9"
"iron sulfate","ferrous sulfate","accepted","chunk 9"
"tamoxifeno","tamoxifen","accepted","chunk 9"
"1,8-cineole","eucalyptol","accepted","chunk 9"
"econazolo nitrato","econazole","accepted","chunk 9"
"japanese encephalitis vaccine","japanese encephalitis virus, inactivated","accepted","chunk 9"
"azd7594","velsecorat","accepted","chunk 9"
"18f-flutemetamol","flutemetamol","accepted","chunk 10"
"aln-62643","cemdisiran","accepted","chunk 10"
"albumina umana particelle nanocolloidali","technetium tc-99m nanocolloid","accepted","chunk 10"
"sodio pertecnetato 99mtc","sodium pertechnetate tc 99m","accepted","chunk 10"
"adenosine-5-monophosphate","adenosine phosphate","accepted","chunk 10"
"chlorhydrate de prilocaine","prilocaine","accepted","chunk 10"
"avx001 ointment","avx-001","accepted","chunk 10"
"carvedilolo","carvedilol","accepted","chunk 10"
"lenalidomde","lenalidomide","accepted","chunk 10"
"insulina lispro da dna ricombinante","insulin lispro","accepted","chunk 10"
"liposomal bupivacaine","bupivacaine","accepted","chunk 10"
"cphpc","miridesap","accepted","chunk 10"
"plx3397 hcl","pexidartinib","accepted","chunk 10"
"carboplatino ahcl","carboplatin","accepted","chunk 10"
"flocloxacillin","flucloxacillin","accepted","chunk 10"
"isis 681257","pelacarsen","accepted","chunk 10"
"metocolpramide","metoclopramide","accepted","chunk 10"
"gsk2330811","gsk-2330811","accepted","chunk 10"
"pimavanserina","pimavanserin","accepted","chunk 10"
"spi-2012 eflapegrastim rolontis","eflapegrastim","accepted","chunk 10"
"ra101495 sodium","zilucoplan","accepted","chunk 10"
"deuterated ivacaftor","deutivacaftor","accepted","chunk 10"
"tak-659","mivavotinib citrate","accepted","chunk 10"
"dimethyl fumerate","dimethyl fumarate","accepted","chunk 10"
"amlodipinine","amlodipine","accepted","chunk 10"
"psma-11 68ga","[68ga]psma-11","accepted","chunk 10"
"fluorocholine 18f","18f-fluoromethylcholine","accepted","chunk 10"
"toxine botulinique de type a","botulinum toxin type a","accepted","chunk 10"
"apatinib","apatinib","accepted","chunk 10"
"inn-methotrexate","methotrexate","accepted","chunk 10"
"inn-doxorubicin","doxorubicin","accepted","chunk 10"
"lansolprazole","lansoprazole","accepted","chunk 10"
"11c-cholylsarcosine","cholylsarcosine c-11","accepted","chunk 10"
"water for injections","water","accepted","chunk 10"
"urofollitropina altamente purificata","urofollitropin","accepted","chunk 10"
"anastrozolo","anastrozole","accepted","chunk 10"
"dehydroepiandrosterone oral tablets","prasterone","accepted","chunk 10"
"dehydroepiandrosterone sublingual tablets","prasterone","accepted","chunk 10"
"lidocain c. adrenalin 5 mg","lidocaine|epinephrine","accepted","chunk 10"
"fluorescine sodique faure 10","fluorescein sodium","accepted","chunk 10"
"pentaneritrithyltetranitrate","pentaerythritol tetranitrate","accepted","chunk 10"
"red blood cells","blood cells, red","accepted","chunk 10"
"g1t28 x 2hcl","trilaciclib","accepted","chunk 10"
"anticalin","ancitabine","accepted","chunk 10"
"omeprazen","omeprazole","accepted","chunk 10"
"inn-tocilizumab","tocilizumab","accepted","chunk 10"
"pegph20","pegvorhyluronidase alfa","accepted","chunk 10"
"antitrombina iii umana","antithrombin alfa","accepted","chunk 10"
"pegvorhyluronidase alfa","pegvorhyluronidase alfa","accepted","chunk 10"
"hydrocortison acetate 1 ointment","hydrocortisone","accepted","chunk 10"
"idrocortisone a rilascio modificato","hydrocortisone","accepted","chunk 10"
"cortisone acetato","cortisone","accepted","chunk 10"
"cefoxitina","cefoxitin","accepted","chunk 10"
"interferone beta 1b","interferon","accepted","chunk 10"
"glatiramer acetato","glatiramer","accepted","chunk 10"
"pbi-4050","setogepram","accepted","chunk 10"
"remifentanilo hidroclocluro","remifentanil","accepted","chunk 10"
"eicosapentaenoic acid","eicosapentaenoic acid","accepted","chunk 10"
"rifamycin sodium","rifamycin","accepted","chunk 10"
"astx660","astx-660","accepted","chunk 10"
"atorvastatina calcio triidrato","atorvastatin","accepted","chunk 10"
"90y-edotreotide","edotreotide","accepted","chunk 10"
"ca-folinic acid","oxolinic acid","accepted","chunk 10"
"cefepim kabi","cefepime","accepted","chunk 10"
"incagn01876","ragifilimab","accepted","chunk 10"
"insuline aspart","insulin aspart","accepted","chunk 10"
"prednisolon alternova","prednisolone","accepted","chunk 10"
"exn-44levodopa","melevodopa","accepted","chunk 10"
"dactinomicina","dactinomycin","accepted","chunk 10"
"triporelina","triptorelin","accepted","chunk 10"
"naloxon hameln","naloxone","accepted","chunk 10"
"chlorhydrate de mthylphnidate","methylphenidate","accepted","chunk 10 p2"
"raumucirumab","ramucirumab","accepted","chunk 10"
"dimetil-fumarato","dimethyl fumarate","accepted","chunk 10"
"actate dabiratrone","abiraterone acetate","accepted","chunk 10"
"pembrulizumab","pembrolizumab","accepted","chunk 10"
"ach-0144471","danicopan","accepted","chunk 10"
"citicolin","citicoline","accepted","chunk 10"
"cobimetinib-hemifumarat","cobimetinib","accepted","chunk 10"
"ferrous salt","ferrous sulfate","accepted","chunk 10"
"vildaglipitin","vildagliptin","accepted","chunk 10"
"amdc","iltamiocel","accepted","chunk 10"
"danazolo","danazol","accepted","chunk 10"
"tiotepa","thiotepa","accepted","chunk 10"
"chadox1 ls2","ciadox","accepted","chunk 10"
"kbp-042","kb-004","accepted","chunk 10"
"temocilline","temocillin","accepted","chunk 10"
"ertapnme","ertapenem","accepted","chunk 10"
"imipnme","imipenem","accepted","chunk 10"
"mropnme","meropenem","accepted","chunk 10"
"liotironina sodica","liothyronine","accepted","chunk 10"
"gbt440 300 mg capsule","voxelotor","accepted","chunk 10 fix"
"gbt440 300 mg tablet","voxelotor","accepted","chunk 10 fix"
"psma-11","gozetotide","accepted","chunk 10"
"hydrocortison crme 10 mg","hydrocortisone","accepted","chunk 10 fix"
"hydrocortison-vaselinecrme dmb 1 fna, crme 10 mg","hydrocortisone","accepted","chunk 10 fix"
"hydrocortison teva 10 mg","hydrocortisone","accepted","chunk 10 fix"
"triamcinolonacetonide hydrofiele crme basic pharma 1 mg","triamcinolone acetonide","accepted","chunk 10 fix"
"triamcinolon crme 1 mg","triamcinolone acetonide","accepted","chunk 10 fix"
"triamcinolonacetonide cf 1 mg","triamcinolone acetonide","accepted","chunk 10 fix"
"triamcinolon teva 1 mg","triamcinolone acetonide","accepted","chunk 10 fix"
"triamcinolonacetonide hydrofiele crme 1 mg","triamcinolone acetonide","accepted","chunk 10 fix"
"ketoprofene","ketoprofen","accepted","chunk 10"
"peginterferon alfa-2a.","peginterferon alfa-2a","accepted","chunk 10 p2"
"azd5718 100mg film-coated tablet","atuliflapon","accepted","chunk 10 fix"
"azd5718 50mg film-coated tablet","atuliflapon","accepted","chunk 10 fix"
"octeotride lar30","octreotide","accepted","chunk 10"
"anlotinib","catequentinib","accepted","chunk 10"
"irl752","pirepemat","accepted","chunk 10 fix"
"actate de prednisolone","prednisolone","accepted","chunk 10 p2"
"cyclophsophamide","cyclophosphamide","accepted","chunk 10 p2"
"landiolol hydrochloride 300 mg lyophilised powder","landiolol","accepted","chunk 10 p2"
"ferroso solfato","ferrous sulfate","accepted","chunk 10 p2"
"amg 592","efavaleukin alfa","accepted","chunk 10 p2"
"diprolen","betamethasone","accepted","chunk 10"
"midostaurina","midostaurin","accepted","chunk 10"
"recombinant human growth hormon","somatropin","accepted","chunk 10"
"lenadogene nolparvovec","lenadogene nolparvovec","accepted","chunk 10"
"fluticasonpropionate","ticabesone propionate","accepted","chunk 10"
"mometasonfuroate","mometasone furoate","accepted","chunk 10"
"coffeine","caffeine","accepted","chunk 10"
"diprostene","betamethasone","accepted","chunk 10"
"methylprednisolon solu-medrol","methylprednisolone","accepted","chunk 10"
"charcoal activated","charcoal, activated","accepted","chunk 10"
"gentamicine","gentamicin","accepted","chunk 10"
"atropin 0.01","atropine","accepted","chunk 10"
"chlorhydrate de lidocaine","lidocaine","accepted","chunk 10"
"11cflumazenil","flumazenil","accepted","chunk 10"
"human  serum albumin","albumin human","accepted","chunk 10"
"leo 124249","delgocitinib","accepted","chunk 10"
"medi9447","oleclumab","accepted","chunk 10"
"daptomycine","daptomycin","accepted","chunk 10"
"metrelpetin","metreleptin","accepted","chunk 10"
"cineole","eucalyptol","accepted","chunk 10"
"vaccine gtu-multihiv b","valine","accepted","chunk 10"
"hyoscine hydrobromide","scopolamine","accepted","chunk 10"
"carnitene","carnitine","accepted","chunk 10"
"cytisine","cytisinicline","accepted","chunk 10"
"90y-dotatoc","edotreotide yttrium y-90","accepted","chunk 10"
"oxybuprocain hydrochloride","propoxycaine hydrochloride","accepted","chunk 10"
"norethindrone acetate","norethisterone","accepted","chunk 10"
"melatonine","melatonin","accepted","chunk 10"
"dcp-001","dp001","accepted","chunk 10"
"irl790","mesdopetam","accepted","chunk 10"
"dipotassium hydrogen phosphate","potassium","accepted","chunk 10"
"dcr-phxc","nedosiran sodium","accepted","chunk 10"
"oxalate decarboxylase","glutamate decarboxylase 2","accepted","chunk 10"
"pneumococcal polysaccharide conjugate vaccine","pneumococcal polysaccharide conjugate vaccine (adsorbed)","accepted","chunk 10"
"apx001","olorofim","accepted","chunk 10 p2"
"prednisolon vske 5 mg","prednisolone","accepted","chunk 10 fix"
"prednisolon vske 20 mg","prednisolone","accepted","chunk 10 fix"
"pbf680","pbf-680","accepted","chunk 10"
"abt-165","dilpacimab","accepted","chunk 10"
"levaxin","levothyroxine","accepted","chunk 10"
"neisseria meningitidis serogroup a polysaccharide conjugated to tetanus toxoid","meningococcal group a conjugate vaccine","accepted","chunk 10 fix"
"neisseria meningitidis serogroup y polysaccharide conjugated to tetanus toxoid","meningococcal group y conjugate vaccine","accepted","chunk 10 fix"
"annamycin","annamycin","accepted","chunk 10"
"topiramat","topiramate","accepted","chunk 10"
"norethindrone acetate","norethisterone","accepted","chunk 10"
"zinc acetate dihydrate","zinc acetate","accepted","chunk 10"
"tetracosactide hexaacetate","cosyntropin","accepted","chunk 10"
"tas102","tas0612","accepted","chunk 10"
"venlafaxina","venlafaxine","accepted","chunk 10"
"plasmalyte viaflo","balanced electrolyte solution","accepted","chunk 10"
"inosinum pranobexum","inosine pranobex","accepted","chunk 10"
"epoetina alfa","epoetin alfa","accepted","chunk 10"
"ciclofosfamide monoidrata","cyclophosphamide","accepted","chunk 10"
"posaconazolo","posaconazole","accepted","chunk 10"
"metoprololsuccinat","metoprolol","accepted","chunk 10"
"tak-228","sapanisertib","accepted","chunk 10"
"eribulina","eribulin","accepted","chunk 10"
"sultiame","sulthiame","accepted","chunk 10"
"n-acetyl cysteine","acetylcysteine","accepted","chunk 10"
"flebaven","hesperidin","accepted","chunk 10"
"hydrocortison cf","hydrocortisone","accepted","chunk 10 fix"
"5- aminolevulinic acid hydrochloride 150mg capsule","aminolevulinic acid","accepted","chunk 10 fix"
"5- aminolevulinic acid hydrochloride 50mg capsules","aminolevulinic acid","accepted","chunk 10 fix"
"5- aminolevulinic acid hydrochloride 50mg capsules","aminolevulinic acid","accepted","chunk 10 fix"
"prostaglandin e1","alprostadil","accepted","chunk 10"
"flurpiridaz f18","flurpiridaz f 18","accepted","chunk 10"
"baricinitib","baricitinib","accepted","chunk 10"
"bms-986177","milvexian","accepted","chunk 10"
"liraglutid","liraglutide","accepted","chunk 10 p2"
"clorfenamina maleato","chlorpheniramine","accepted","chunk 10"
"acetazolamide sodium","acetazolamide","accepted","chunk 10"
"alcoholic betadine","povidone-iodine","accepted","chunk 10"
"dehydrated alcohol","ethanol","accepted","chunk 10"
"agen1884","zalifrelimab","accepted","chunk 10"
"vitamin-c","ascorbic acid","accepted","chunk 10"
"art-123","thrombomodulin alfa","accepted","chunk 10"
"mtig7192a","tiragolumab","accepted","chunk 10"
"pgx1108","pg-110","accepted","chunk 10"
"alpha-1 antitrypsin","alpha1-proteinase inhibitor","accepted","chunk 10"
"5- fluorouracil","fluorouracil","accepted","chunk 10"
"agalsidasi beta","agalsidase beta","accepted","chunk 10"
"ringers lactate","ringer's lactate","accepted","chunk 10"
"todolac","etodolac","accepted","chunk 10"
"clorazepate dipotassique","clorazepate","accepted","chunk 10"
"mitotano","mitotane","accepted","chunk 10"
"lisina acetilsalicilato","acetylsalicylic acid","accepted","chunk 10"
"trifluridine-tipiracil","trifluridine","accepted","chunk 10"
"dextran sodium sulfur salt 5, mw 5 kda. a type of low molecular weight dextran sulfate lmw-ds","dextran sulfate","accepted","chunk 10"
"esmololo","esmolol","accepted","chunk 10"
"gadolinio ossido","gadolinium","accepted","chunk 10"
"vilanterolo","vilanterol","accepted","chunk 10"
"tiotropio","tiotropium","accepted","chunk 10"
"indacaterolo","indacaterol","accepted","chunk 10"
"umeclidinio","umeclidinium","accepted","chunk 10"
"formoterolo fumarato","formoterol","accepted","chunk 10"
"aclidinio","aclidinium","accepted","chunk 10"
"formoterolo","formoterol","accepted","chunk 10"
"indacaterolo maleato","indacaterol","accepted","chunk 10"
"tiotropio bromuro","tiotropium","accepted","chunk 10"
"aclidinio bromuro","aclidinium","accepted","chunk 10"
"umeclidinio bromuro","umeclidinium","accepted","chunk 10"
"olodaterolo","olodaterol","accepted","chunk 10"
"rocuroniumbromide","rocuronium bromide","accepted","chunk 10"
"gbr 830","telazorlimab","accepted","chunk 10"
"incb054707","povorcitinib","accepted","chunk 10"
"empaglifozin","empagliflozin","accepted","chunk 10"
"inofer","tinofedrine","accepted","chunk 10"
"r-baclofen","baclofen","accepted","chunk 10"
"oxibuprocaina cloridrato","oxybuprocaine","accepted","chunk 10"
"fenilefrina","phenylephrine","accepted","chunk 10"
"mgn1703 lefitolimod","lefitolimod","accepted","chunk 10"
"tracolimus","tacrolimus","accepted","chunk 10"
"raltgravir","raltegravir","accepted","chunk 10"
"dolutgravir","dolutegravir","accepted","chunk 10"
"tnofovir alafnamide","tenofovir alafenamide","accepted","chunk 10"
"elvitgravir, cobicistat, emtricitabine, tnofovir alafnamide","elvitegravir|cobicistat|emtricitabine|tenofovir alafenamide","accepted","chunk 10"
"elvitgravir, cobicistat, emtricitabine, tnofovir disoproxil","elvitegravir|cobicistat|emtricitabine|tenofovir disoproxil","accepted","chunk 10"
"acamprosat-calcium","acamprosate","accepted","chunk 10"
"calciumcarbonat","calcium carbonate","accepted","chunk 10"
"sertralina cloridrato","sertraline","accepted","chunk 10"
"fluvoxamina maleato","fluvoxamine","accepted","chunk 10"
"paroxetina cloridrato","paroxetine","accepted","chunk 10"
"mupirocine","mupirocin","accepted","chunk 10"
"hxtidine","histidine","accepted","chunk 10"
"clozapin","clozapine","accepted","chunk 10"
"devimistat","cpi 613","accepted","chunk 10"
"devimistat rafael pharmaceuticals","cpi 613","accepted","chunk 10"
"diphtheriae anatoxinum","diphtheria toxoid","accepted","chunk 10"
"von willebrand factor","von willebrand factor, human","accepted","chunk 10"
"1-13cpyruvate","pyruvate","accepted","chunk 10"
"ilomdine","iloprost","accepted","chunk 10"
"sodium fluoride 18f","sodium fluoride f-18","accepted","chunk 10"
"act1 peptide","act-1 peptide","accepted","chunk 10"
"crn00808","paltusotine","accepted","chunk 10"
"ptg-300","rusfertide","accepted","chunk 10"
"eftilagimod alpha","eftilagimod alfa","accepted","chunk 10"
"gsk1070806","gsk-1070806","accepted","chunk 10"
"11cmethionine","11c-methionine","accepted","chunk 10"
"clodronic acid disodium","clodronate disodium","accepted","chunk 10"
"flecainidacetat","flecainide","accepted","chunk 10"
"tsr-042","dostarlimab","accepted","chunk 10"
"palboclib","palbociclib","accepted","chunk 10"
"bat1806","tocilizumab","accepted","chunk 10 p2"
"gsk3640254d","fipravirimat","accepted","chunk 10 p2"
"methylprednisolonacetaat","methylprednisolone","accepted","chunk 10"
"odm-209","odm-209","accepted","chunk 10 p2"
"fludesoxiglucosa","fludeoxyglucose (18f)","accepted","chunk 10"
"thiamin","thiamine","accepted","chunk 10"
"rhuph20 edp","hyaluronidase","accepted","chunk 10"
"toxine botulinique","botulinum toxin type a","accepted","chunk 10"
"escina","aescin","accepted","chunk 10"
"morphine hydrochloride trihydrate","morphine","accepted","chunk 10"
"danaparaoid sodium","danaparoid","accepted","chunk 10"
"myramistin 0.005","miramistin","accepted","chunk 10 fix"
"myramistin 0.01","miramistin","accepted","chunk 10 fix"
"myramistin 0.02","miramistin","accepted","chunk 10 fix"
"loratadina","loratadine","accepted","chunk 10"
"levocabastina cloridrato","levocabastine","accepted","chunk 10"
"pd-l1 adnectin pet tracer","programmed cell death 1 ligand 1","accepted","chunk 10"
"tauroursodeoxycholic acid","tauroursodeoxycholic acid","accepted","chunk 10"
"trifluridin","trifluridine","accepted","chunk 10"
"irinotecanhydrochlorid-trihydrat","irinotecan","accepted","chunk 10"
"fluorocholine 18f","18f-fluoromethylcholine","accepted","chunk 10"
"human coagulation factor ii","prothrombin","accepted","chunk 10"
"human coagulation factor vii","coagulation factor vii","accepted","chunk 10"
"human coagulation factor ix","coagulation factor ix","accepted","chunk 10"
"albumina","albumin human","accepted","chunk 10"
"selk2","anti-psgl-1 antibody selk2","accepted","chunk 10"
"phnylphrine","phenylephrine","accepted","chunk 10"
"imgn632","pivekimab sunirine","accepted","chunk 10"
"sulfate datropine","atropine","accepted","chunk 10"
"dexamfetamine sulfate","dexamfetamine","accepted","chunk 10"
"ads-001","fazirsiran","accepted","chunk 10"
"poliovirus inactivated","poliovirus vaccine, inactivated","accepted","chunk 10"
"pollen allergen extract from phleum pratense","phleum pratense","accepted","chunk 10"
"emixustat hydrochloride","emixustat","accepted","chunk 10"
"bleomicina","bleomycin","accepted","chunk 10"
"mga012 incmga00012","retifanlimab","accepted","chunk 10"
"edonerpic","t-817","accepted","chunk 10"
"bevacizumab-irdye 800cw","bevacizumab","accepted","chunk 10"
"aldesleukine","aldesleukin","accepted","chunk 10"
"regorefenib","regorafenib","accepted","chunk 10"
"18f-psma","18f-psma-11","accepted","chunk 10"
"otl38","pafolacianine","accepted","chunk 10"
"talabostat mesylate","talabostat","accepted","chunk 10"
"talabostat mesylate","talabostat","accepted","chunk 10"
"diphtheria toxoid adsorbed on aluminium hydroxide, hydrated","diphtheria toxoid","accepted","chunk 10 fix"
"diphtheria toxoid adsorbed on aluminium phosphate","diphtheria toxoid","accepted","chunk 10 fix"
"img-7289","bomedemstat","accepted","chunk 10"
"biib104","pesampator","accepted","chunk 10"
"ulobetasol","halobetasol","accepted","chunk 10"
"biib093 glibenclamide","glibenclamide","accepted","chunk 10"
"apx005m","sotigalimab","accepted","chunk 10"
"letetresgene autoleucel let e-cel","letetresgene autoleucel","accepted","chunk 10"
"bintrafusp alfa proposed inn","bintrafusp alfa","accepted","chunk 10"
"rist4721","vimnerixin","accepted","chunk 10"
"klobetasol apl munhlegel 0,025","clobetasol propionate","accepted","chunk 10"
"n acetyl l leucine","acetylleucine","accepted","chunk 10"
"potassium citrate anhydrous","potassium citrate","accepted","chunk 10"
"kvd900 100 mg film coated tablet","sebetralstat","accepted","chunk 10"
"rilpivirin","rilpivirine","accepted","chunk 10"
"diphenhydramini hydrochloridum","diphenhydramine","accepted","chunk 10"
"lidocaini hydrochloridum","lidocaine","accepted","chunk 10"
"cxd101","zabadinostat","accepted","chunk 10"
"astx029","beroterkib","accepted","chunk 10"
"acetylkohlin","acetylcholine","accepted","chunk 10"
"atropin","atropine","accepted","chunk 10"
"neostigmin","neostigmine","accepted","chunk 10"
"regn5069","nadecnemab","accepted","chunk 10"
"dexametasone sodium phosphate","dexamethasone","accepted","chunk 10"
"bcd-100","lb-100","accepted","chunk 10"
"nfx88","idroxioleic acid","accepted","chunk 10"
"rivoceranib mesylate","rivoceranib","accepted","chunk 10"
"thyroxine","levothyroxine","accepted","chunk 10"
"fluorochol","18f-fluoromethylcholine","accepted","chunk 10"
"vitamin b6","pyridoxine","accepted","chunk 10"
"alginate micro-beads containing hepatocytes and mesenchymal stromal cells","alginic acid","accepted","chunk 10"
"amg 570","rozibafusp alfa","accepted","chunk 10"
"recombinant human albumin","albumin human","accepted","chunk 10"
"18f-altanserin","18f-altanserin","accepted","chunk 10"
"vinorelbina bitartrato","vinorelbine","accepted","chunk 10"
"cor388 hcl","atuzaginstat","accepted","chunk 10 p2"
"nly01","pegsebrenatide","accepted","chunk 10 p2"
"dexametason","dexamethasone","accepted","chunk 10"
"vincristina solfato","vincristine","accepted","chunk 10"
"coumadine warfarine","warfarin","accepted","chunk 10"
"tapendadol hydrocloride","tapentadol","accepted","chunk 10"
"gazyva obinutuzumab","obinutuzumab","accepted","chunk 10"
"cortexolone 17-propionate","cortodoxone","accepted","chunk 10"
"rv001 inn not yet assigned","teprotumumab","accepted","chunk 10"
"daplagliflozin","dapagliflozin","accepted","chunk 10"
"mrna-3704","mrna-0184","accepted","chunk 10"
"gsk3174998","gsk-3174998","accepted","chunk 10"
"gsk3359609","feladilimab","accepted","chunk 10"
"incmga00012","retifanlimab","accepted","chunk 10"
"iodinated povidone","povidone-iodine","accepted","chunk 10"
"solucin fuerte de lugol","iodine","accepted","chunk 10"
"hydrogen carbonate","sodium bicarbonate","accepted","chunk 10"
"apx001 pf-7842805","fosmanogepix","accepted","chunk 10"
"ory-2001 vafidemstat","vafidemstat","accepted","chunk 10 fix"
"dpa-714","18f-dpa-714","accepted","chunk 10"
"levocarnitina cloridrato","levocarnitine","accepted","chunk 10"
"kbp-5074","ocedurenone","accepted","chunk 10 p2"
"mangoral","manganese chloride","accepted","chunk 10 p2"
"merilen","melitracen","accepted","chunk 10 p2"
"tetracaina cloridrato 0.5","tetracaine","accepted","chunk 10"
"cloroprocaina cloridrato 3","chloroprocaine","accepted","chunk 10"
"naropeine 5 mg","ropivacaine","accepted","chunk 10"
"ketamin inresa 2 ml","ketamine","accepted","chunk 10"
"ion-682884","eplontersen","accepted","chunk 10 p2"
"yohimbinum hydrochloricum dil. d4","yohimbine","accepted","chunk 10"
"neublastin","artemin","accepted","chunk 10"
"hepatitis b surface antigen hbsag","hepatitis b vaccine (recombinant)","accepted","chunk 10"
"aluminium phosphate gel equivalent to aluminium al+++","aluminum phosphate","accepted","chunk 10"
"thiomersal","thimerosal","accepted","chunk 10"
"diphtheria, tetanus and pertussis","diphtheria, tetanus, pertussis vaccine","accepted","chunk 10"
"bfkb8488a","fazpilodemab","accepted","chunk 10"
"efloran","metronidazole","accepted","chunk 10"
"formoterolo","formoterol","accepted","chunk 10"
"amoxicillina triidrato potassio clavulanato","amoxicillin|clavulanic acid","accepted","chunk 10"
"disulfiramum","disulfiram","accepted","chunk 10"
"tak-242","resatorvid","accepted","chunk 10"
"clorpromazine","chlorpromazine","accepted","chunk 10"
"clorpromazina","chlorpromazine","accepted","chunk 10"
"capecitiabine","capecitabine","accepted","chunk 10"
"lutezio 177lu oxodotreotide","lutetium (177lu) oxodotreotide","accepted","chunk 10"
"tiotropiumbromid","tiotropium","accepted","chunk 10"
"hyaluronc acid","hyaluronic acid","accepted","chunk 10"
"tapentadolo","tapentadol","accepted","chunk 10"
"ropivacaina cloridrato monoidrato","ropivacaine","accepted","chunk 10"
"vis649","sibeprenlimab","accepted","chunk 10"
"oxygne messerpharma","oxygen","accepted","chunk 10"
"antigene di superficie dellepatite b","hepatitis b vaccine (recombinant)","accepted","chunk 10"
"proteina di fusione ricombinante nhba di neisseria meningitidis gruppo b","meningococcal group b vaccine","accepted","chunk 10 fix"
"proteina ricombinante nada di neisseria meningitidis gruppo b","meningococcal group b vaccine","accepted","chunk 10 fix"
"proteina di fusione ricombinante fhbp di neisseria meningitidis gruppo b","meningococcal group b vaccine","accepted","chunk 10 fix"
"flucloxacilline","flucloxacillin","accepted","chunk 10"
"nintdanib","nintedanib","accepted","chunk 10"
"ursodeoxycholic acid","ursodeoxycholic acid","accepted","chunk 10"
"dactylis glomerata","dactylis glomerata pollen","accepted","chunk 10"
"18f-fluoroestradiol","18f-fluoroestradiol","accepted","chunk 10"
"bordetella pertussis-antigene","pertussis toxoid","accepted","chunk 10"
"nitrofurantoinum","nitrofurantoin","accepted","chunk 10"
"atorvastatin-hemicalcium","atorvastatin","accepted","chunk 10"
"sodium chloride solution 20","sodium chloride","accepted","chunk 10"
"lutetium 177lu oxodotreotide","lutetium (177lu) oxodotreotide","accepted","chunk 10"
"hepatitis b surface antigen hbs","hepatitis b vaccine (recombinant)","accepted","chunk 10"
"empagloflozin","empagliflozin","accepted","chunk 10"
"medi3506","tozorakimab","accepted","chunk 10 p2"
"tak-079","mezagitamab","accepted","chunk 10 p2"
"ferric carboxymaltose ferinject","ferric carboxymaltose","accepted","chunk 10"
"trimetoprim","trimethoprim","accepted","chunk 10"
"urikinase vedim","urokinase","accepted","chunk 10"
"naldemedine tosylate","naldemedine","accepted","chunk 10"
"sco-101","emidurdar","accepted","chunk 10"
"disodium folinate","folinic acid","accepted","chunk 10"
"indocyanine groen","indocyanine green","accepted","chunk 10"
"chloroprocain hcl","chloroprocaine","accepted","chunk 10"
"mentha piperita peppermint leaf extract","menthol","accepted","chunk 10"
"glycyrrhiza glabra root","licorice","accepted","chunk 10"
"silybum marianum","milk thistle","accepted","chunk 10"
"cabergolina","cabergoline","accepted","chunk 10"
"fluciclovine","fluciclovine f18","accepted","chunk 10"
"imc-f106c","brenetafusp","accepted","chunk 10"
"vvax001","avx-001","accepted","chunk 10"
"omeprazolo aurobindo 20 mg","omeprazole","accepted","chunk 10"
"penthrox 99,9, 3 ml vske til inhalasjonsdamp","methoxyflurane","accepted","chunk 10"
"azitromycine","azithromycin","accepted","chunk 10"
"ruc-4","zalunfiban","accepted","chunk 10"
"zimino 12.5 mg levosimendan 2,5 mg","levosimendan","accepted","chunk 10"
"iron iii isomaltoside 1000","iron isomaltoside 1000","accepted","chunk 10"
"humaan normaal immunoglobuline ivig","immunoglobulin, normal human","accepted","chunk 10 fix"
"normaal humaan immunoglobuline","immunoglobulin, normal human","accepted","chunk 10 fix"
"humane normale immunoglobuline ivig","immunoglobulin, normal human","accepted","chunk 10 fix"
"lumateperone tosylate","lumateperone","accepted","chunk 10"
"recap","ilofotase alfa","accepted","chunk 10"
"c1-inibitore umano","c1-esterase inhibitor, human","accepted","chunk 10"
"daptomycine","daptomycin","accepted","chunk 10"
"chlormethine","mechlorethamine","accepted","chunk 10"
"vitamin k2 mk-7","vitamin k","accepted","chunk 10"
"reboxetina","reboxetine","accepted","chunk 10"
"pankreatin","pancreatin","accepted","chunk 10"
"s-lactic acid","lactic acid","accepted","chunk 10"
"metformine hcl","metformin","accepted","chunk 10"
"naloxegol oxalate","naloxegol","accepted","chunk 10"
"18f-dcfpyl, 330mbq","piflufolastat f-18","accepted","chunk 10"
"fluorocholine 18f chloride","18f-fluoromethylcholine","accepted","chunk 10"
"ascorbic acid d.c.i.","ascorbic acid","accepted","chunk 10"
"biib105","biib-015","accepted","chunk 10"
"ion-827359","cofirasersen","accepted","chunk 10"
"cc-220 hcl salt","iberdomide","accepted","chunk 10"
"opium tincture","opium tincture","accepted","chunk 10"
"sar441344","frexalimab","accepted","chunk 10"
"upifitamab rilsodotin","xmt-1536","accepted","chunk 10"
"methionin 11c methyl ujv 100  1500 mbq","11c-methionine","accepted","chunk 10"
"bio89-100","pegozafermin","accepted","chunk 10"
"isis 766720","cimdelirsen","accepted","chunk 10"
"carbidopamonohydraat","carbidopa","accepted","chunk 10"
"nicotinamide ds","niacinamide","accepted","chunk 10"
"alcool modifie cooper","ethanol","accepted","chunk 10"
"esketamin-hydrochlorid","esketamine","accepted","chunk 10"
"transtuzumab emtansine","ado-trastuzumab emtansine","accepted","chunk 10"
"cineole","eucalyptol","accepted","chunk 10"
"flurbiprofene","flurbiprofen","accepted","chunk 10"
"spironolattone","spironolactone","accepted","chunk 10"
"sustaine release calcium butyrate","semustine","accepted","chunk 10"
"tas-102","trifluridine|tipiracil","accepted","chunk 10"
"apn01","gsk-2586881","accepted","chunk 10"
"flarin","ibuprofen","accepted","chunk 10"
"metilprednisolona como succinato de sodio","methylprednisolone","accepted","chunk 10"
"botulinum-toxin a for injection","botulinum toxin type a","accepted","chunk 10"
"hyroxychloroquine sulfate","hydroxychloroquine","accepted","chunk 10"
"metilprednisolona hemisuccinato sdico","methylprednisolone","accepted","chunk 10"
"sodium oligomannate","sodium oligomannate","accepted","chunk 10"
"cyt107","interleukin-7","accepted","chunk 10"
"eidd-2801","molnupiravir","accepted","chunk 10"
"tnofovir disoproxil mylan","tenofovir disoproxil","accepted","chunk 10"
"inteferon beta 1b","interferon beta-1b","accepted","chunk 10"
"dornase alpha","dornase alfa","accepted","chunk 10"
"alpha1-proteinase inhibitor human","alpha1-proteinase inhibitor","accepted","chunk 10"
"leronlimabpro 140","leronlimab","accepted","chunk 10"
"eftilagimod alpha","eftilagimod alfa","accepted","chunk 10"
"granudoxy","doxycycline","accepted","chunk 10"
"interferonum beta-1a","interferon beta-1a","accepted","chunk 10"
"gallii 68ga chloridum","[68ga]gallium chloride","accepted","chunk 10"
"nafamostat mesilate","nafamostat","accepted","chunk 10"
"retifanilimab","retifanlimab","accepted","chunk 10"
"ivermectina","ivermectin","accepted","chunk 10"
"trimodulin human igm, iga, igg solution","immunoglobulin, normal human","accepted","chunk 10"
"choriongonadotropin-alfa hcg","chorionic gonadotropin alfa","accepted","chunk 10"
"interferone beta 1a","interferon beta-1a","accepted","chunk 10"
"macrogol 4000, sodio solfato anidro, simeticone, sodio citrato, acido citrico anidro, sodio cloruro, potassio cloruro","macrogol|electrolytes","accepted","chunk 10 fix"
"macrogol 4000, sodio solfato anidro, simeticone, sodio citrato, acido citrico anidro, sodio cloruro, potassio cloruro","macrogol|electrolytes","accepted","chunk 10 fix"
"chorionic gonadotropin","chorionic gonadotropin","accepted","chunk 10"
"opaganib","abc-294640","accepted","chunk 10"
"jnj-64304500","tesnatilimab","accepted","chunk 10"
"mecasermine rinfabate","mecasermin rinfabate","accepted","chunk 10"
"avigan","favipiravir","accepted","chunk 10"
"drp-104","sirpiglenastat","accepted","chunk 10"
"vir-7831","sotrovimab","accepted","chunk 10"
"clorambucile","chlorambucil","accepted","chunk 10"
"lutetium 177lu oxodotreotide","lutetium (177lu) oxodotreotide","accepted","chunk 10"
"tofacinitib","tofacitinib","accepted","chunk 10"
"azd9977","balcinrenone","accepted","chunk 10"
"perflutreno","perflutren","accepted","chunk 10"
"rutoside trihydrate","rutin","accepted","chunk 10"
"cytokine rich serum","cytosine","accepted","chunk 10"
"bnt162b3","ganulameran","accepted","chunk 10"
"tamoxifene","tamoxifen","accepted","chunk 10"
"parcodin","codeine","accepted","chunk 10"
"escina","aescin","accepted","chunk 10"
"leucovorina","folinic acid","accepted","chunk 10"
"clenbuterol hydrochloride","clenbuterol","accepted","chunk 10"
"tolubuterol hydrochloride","tulobuterol","accepted","chunk 10"
"interferone beta-1a","interferon beta-1a","accepted","chunk 10"
"tak-981","subasumstat","accepted","chunk 10"
"regn5714","umesolerbart","accepted","chunk 10"
"bivv020","riliprubart","accepted","chunk 10"
"semglutide","semaglutide","accepted","chunk 10"
"cer-001","cer-002","accepted","chunk 10"
"atr-002","zapnometinib","accepted","chunk 10"
"enoxparin","enoxaparin sodium","accepted","chunk 10"
"corifollitropina alfa","corifollitropin alfa","accepted","chunk 10"
"follitropina beta","follitropin beta","accepted","chunk 10"
"melfalan flufenamide","melflufen","accepted","chunk 10"
"spartazilumab","spartalizumab","accepted","chunk 10"
"dur-928","larsucosterol","accepted","chunk 10"
"azaepothilone b","ixabepilone","accepted","chunk 10 p2"
"lx9211 phosphate","pilavapadin","accepted","chunk 10"
"camostat mesylate","camostat","accepted","chunk 10"
"azd1061","cilgavimab","accepted","chunk 10"
"azd8895","tixagevimab","accepted","chunk 10"
"methadon streuli","methadone","accepted","chunk 10"
"z-endoxifen","endoxifen","accepted","chunk 10"
"peflutren","perflutren","accepted","chunk 10"
"dropizol","droperidol","accepted","chunk 10"
"morfin orion","morphine","accepted","chunk 10"
"oxykodon hameln","oxycodone","accepted","chunk 10"
"remdesivir-hu 100 mg concentrate for solution for infusion","remdesivir","accepted","chunk 10"
"bupivacain-adrenalin","bupivacaine|epinephrine","accepted","chunk 10"
"rodatristat ethyl","rodatristat","accepted","chunk 10"
"dexamfetamine phosphate","dexamfetamine","accepted","chunk 10"
"metoprololo","metoprolol","accepted","chunk 10"
"sodium metabisulfite","sodium metabisulfite","accepted","chunk 10"
"ivermectine pierre fabre 3 mg","ivermectin","accepted","chunk 10"
"tak-062","zamaglutenase","accepted","chunk 10"
"ropivacana b. brawn 7,5 mg","ropivacaine","accepted","chunk 10"
"olimel n4e","lime","accepted","chunk 10"
"bdtx-189","tuxobertinib","accepted","chunk 10"
"vib7734","daxdilimab","accepted","chunk 10"
"azelastinhydrochlorid","azelastine","accepted","chunk 10"
"botulinum toxin type a - 100 iu","botulinum toxin type a","accepted","chunk 10"
"sars-cov-2, virus-like-particles","sars-cov","accepted","chunk 10"
"silibinin-c-2, 3-bis hydrogensuccinat","silibinin","accepted","chunk 10"
"platelet rich plasma, allogenic","platelets","accepted","chunk 10"
"abbv-927","giloralimab","accepted","chunk 10"
"recombinant human interferon gamma-1b","interferon gamma-1b","accepted","chunk 10"
"adp-a2m4cd8","uzatresgene autoleucel","accepted","chunk 10"
"blu-945","tigozertinib","accepted","chunk 10"
"test 1: dapagliflozin 10 mg film-coated tablets","dapagliflozin","accepted","chunk 10 fix"
"test 2: dapagliflozin 10 mg film-coated tablets","dapagliflozin","accepted","chunk 10 fix"
"azd4831 film-coated tablet 2.5 mg","mitiperstat","accepted","chunk 10 fix"
"azd4831 film-coated tablet 5 mg","mitiperstat","accepted","chunk 10 fix"
"isis 757456","evazarsen","accepted","chunk 10"
"dectancyl","dexamethasone","accepted","chunk 10"
"parnaparina sodica","parnaparin","accepted","chunk 10"
"dalteparina sodica","dalteparin sodium","accepted","chunk 10"
"nadroparina calcica","nadroparin calcium","accepted","chunk 10"
"reviparina sodica","reviparin","accepted","chunk 10"
"fluoxetina","fluoxetine","accepted","chunk 10"
"clomifen ferring","clomiphene","accepted","chunk 10"
"cor-101","orp-101","accepted","chunk 10"
"propanolol","propranolol","accepted","chunk 10"
"tinzeparin","tinzaparin","accepted","chunk 10"
"l-lysine hcl","lysine","accepted","chunk 10"
"dextrose-monohydrate","glucose","accepted","chunk 10"
"nbi-827104","apinocaltamide","accepted","chunk 10"
"clenbuterol hydrochloride","clenbuterol","accepted","chunk 10"
"toxine botulinique","botulinum toxin type a","accepted","chunk 10"
"bms-986207","renvistobart","accepted","chunk 10"
"metocarbamolo","methocarbamol","accepted","chunk 10"
"bedrocan cannabis","bederocin","accepted","chunk 10"
"regn4461","mibavademab","accepted","chunk 10"
"ringers lactate","ringer's lactate","accepted","chunk 10"
"doliprane","paracetamol","accepted","chunk 10"
"aneb-001","selonabant","accepted","chunk 10"
"hidroferol","calcifediol","accepted","chunk 10"
"fluoroulacil","fluorouracil","accepted","chunk 10"
"doxazosinmesilat","doxazosin","accepted","chunk 10"
"dafsolimab setaritox","dostarlimab","accepted","chunk 10"
"grisnilimab setaritox","sintilimab","accepted","chunk 10"
"ilginatinib","ns-018","accepted","chunk 10"
"ltx-190 hydrogel 3","ltx-109","accepted","chunk 10"
"izaflortaucipir 18f","18f-izaflortaucipir","accepted","chunk 10"
"gluscan","fludeoxyglucose (18f)","accepted","chunk 10"
"azacitidin sandoz","azacitidine","accepted","chunk 10"
"rmifentanil","remifentanil","accepted","chunk 10"
"mdma hcl","methylenedioxymethamphetamine","accepted","chunk 10"
"ammonium 15n chloride","ammonium chloride","accepted","chunk 10"
"echinacea purpurea root, cryoground","echinacea, unspecified","accepted","chunk 10"
"colimicina","colistin","accepted","chunk 10"
"sars-cov-2  -","sars-cov","accepted","chunk 10"
"sodium pyruvate","sodium pyruvate","accepted","chunk 10"
"dcfpyl","piflufolastat f-18","accepted","chunk 10"
"hzn-825","fipaxalparant","accepted","chunk 10"
"platelet rich plasma prgf-endoret","platelets","accepted","chunk 10"
"nanolithium np03","lithium","accepted","chunk 10"
"epleronone","eplerenone","accepted","chunk 10"
"vortioxetina","vortioxetine","accepted","chunk 10"
"pimozida","pimozide","accepted","chunk 10"
"potassio canrenoato","canrenoate potassium","accepted","chunk 10"
"isoniazide","isoniazid","accepted","chunk 10"
"trimetazidina","trimetazidine","accepted","chunk 10"
"fcn-159","luvometinib","accepted","chunk 10"
"dinoprostona","dinoprostone","accepted","chunk 10"
"clobetasolo propionato","clobetasol propionate","accepted","chunk 10"
"shr0302","ivarmacitinib sulfate","accepted","chunk 10"
"dl-serine","serine","accepted","chunk 10"
"lumateperone tosylate","lumateperone","accepted","chunk 10"
"mepivacaina cloridrato","mepivacaine","accepted","chunk 10"
"triglycerides, medium chain","medium-chain triglycerides","accepted","chunk 10"
"hydrocortison teva 10 mg, filmomhulde tabletten","hydrocortisone","accepted","chunk 10 fix"
"ritonavir","ritonavir","accepted","auto-accepted score=100"
"ribavirin","ribavirin","accepted","auto-accepted score=100"
"ribavirin","ribavirin","accepted","auto-accepted score=100"
"propofol","propofol","accepted","auto-accepted score=100"
"lamivudine","lamivudine","accepted","auto-accepted score=100"
"ropivacaine","ropivacaine","accepted","auto-accepted score=100"
"amoxicillin","amoxicillin","accepted","auto-accepted score=100"
"propofol","propofol","accepted","auto-accepted score=100"
"ritonavir","ritonavir","accepted","auto-accepted score=100"
"pregabalin","pregabalin","accepted","auto-accepted score=100"
"vancomycin","vancomycin","accepted","auto-accepted score=100"
"ibuprofen","ibuprofen","accepted","auto-accepted score=100"
"metronidazole","metronidazole","accepted","auto-accepted score=100"
"daratumumab","daratumumab","accepted","auto-accepted score=100"
"lopinavir","lopinavir","accepted","manual"
"ivacaftor","ivacaftor","accepted","auto-accepted score=100"
"filgrastim","filgrastim","accepted","auto-accepted score=100"
"meropenem","meropenem","accepted","auto-accepted score=100"
"lidocaine","lidocaine","accepted","auto-accepted score=100"
"oxygen","oxygen","accepted","auto-accepted score=100"
"olanzapine","olanzapine","accepted","auto-accepted score=100"
"aripiprazole","aripiprazole","accepted","auto-accepted score=100"
"hydrochlorothiazide","hydrochlorothiazide","accepted","auto-accepted score=100"
"escitalopram","citalopram","accepted","auto-accepted score 90-94"
"midazolam","midazolam","accepted","auto-accepted score=100"
"ferric carboxymaltose","ferric carboxymaltose","accepted","auto-accepted score=100"
"darunavir","darunavir","accepted","auto-accepted score=100"
"levetiracetam","levetiracetam","accepted","auto-accepted score=100"
"imiquimod","imiquimod","accepted","auto-accepted score=100"
"golimumab","golimumab","accepted","auto-accepted score=100"
"dexmedetomidine","dexmedetomidine","accepted","auto-accepted score=100"
"canakinumab","canakinumab","accepted","auto-accepted score=100"
"sofosbuvir","sofosbuvir","accepted","auto-accepted score=100"
"ropivacaine","ropivacaine","accepted","auto-accepted score=100"
"upadacitinib","upadacitinib","accepted","auto-accepted score=100"
"efavirenz","efavirenz","accepted","auto-accepted score=100"
"hydrocortisone","hydrocortisone","accepted","auto-accepted score=100"
"pegfilgrastim","pegfilgrastim","accepted","auto-accepted score=100"
"fentanyl","fentanyl","accepted","auto-accepted score=100"
"levofloxacin","levofloxacin","accepted","auto-accepted score=100"
"melatonin","melatonin","accepted","auto-accepted score=100"
"ceftriaxone","ceftriaxone","accepted","auto-accepted score=100"
"exenatide","exenatide","accepted","auto-accepted score=100"
"glimepiride","glimepiride","accepted","auto-accepted score=100"
"remifentanil","remifentanil","accepted","auto-accepted score=100"
"aliskiren","aliskiren","accepted","auto-accepted score=100"
"lamivudine","lamivudine","accepted","auto-accepted score=100"
"ritonavir","ritonavir","accepted","auto-accepted score=100"
"lidocaine","lidocaine","accepted","auto-accepted score=100"
"ciprofloxacin","ciprofloxacin","accepted","auto-accepted score=100"
"somatropin","somatropin","accepted","auto-accepted score=100"
"filgrastim","filgrastim","accepted","auto-accepted score=100"
"ibuprofen","ibuprofen","accepted","auto-accepted score=100"
"thiotepa","thiotepa","accepted","auto-accepted score=100"
"testosterone","testosterone","accepted","auto-accepted score=100"
"morphine","morphine","accepted","auto-accepted score=100"
"triptorelin","triptorelin","accepted","auto-accepted score=100"
"anakinra","anakinra","accepted","auto-accepted score=100"
"obinutuzumab","obinutuzumab","accepted","auto-accepted score=100"
"celecoxib","celecoxib","accepted","auto-accepted score=100"
"linezolid","linezolid","accepted","auto-accepted score=100"
"diclofenac","diclofenac","accepted","auto-accepted score=100"
"bupivacaine","bupivacaine","accepted","auto-accepted score=100"
"zoledronic acid","zoledronic acid","accepted","auto-accepted score=100"
"maraviroc","maraviroc","accepted","auto-accepted score=100"
"cobicistat","cobicistat","accepted","auto-accepted score=100"
"baricitinib","baricitinib","accepted","auto-accepted score=100"
"ramipril","ramipril","accepted","auto-accepted score=100"
"hydroxychloroquine","hydroxychloroquine","accepted","auto-accepted score=100"
"atazanavir","atazanavir","accepted","auto-accepted score=100"
"sevoflurane","sevoflurane","accepted","auto-accepted score=100"
"oxycodone","oxycodone","accepted","auto-accepted score=100"
"levobupivacaine","levobupivacaine","accepted","auto-accepted score=100"
"raltegravir","raltegravir","accepted","auto-accepted score=100"
"obinutuzumab","obinutuzumab","accepted","auto-accepted score=100"
"tetanus toxoid","tetanus toxoid","accepted","auto-accepted score=100"
"zoledronic acid","zoledronic acid","accepted","auto-accepted score=100"
"fentanyl","fentanyl","accepted","auto-accepted score=100"
"efavirenz","efavirenz","accepted","auto-accepted score=100"
"ribavirin","ribavirin","accepted","auto-accepted score=100"
"furosemide","furosemide","accepted","auto-accepted score=100"
"bupivacaine","bupivacaine","accepted","auto-accepted score=100"
"ciprofloxacin","ciprofloxacin","accepted","auto-accepted score=100"
"ondansetron","ondansetron","accepted","auto-accepted score=100"
"tremelimumab","tremelimumab","accepted","auto-accepted score=100"
"hydrochlorothiazide","hydrochlorothiazide","accepted","auto-accepted score=100"
"levobupivacaine","levobupivacaine","accepted","auto-accepted score=100"
"duloxetine","duloxetine","accepted","auto-accepted score=100"
"hydrocortisone","hydrocortisone","accepted","auto-accepted score=100"
"atazanavir","atazanavir","accepted","auto-accepted score=100"
"ascorbic acid","ascorbic acid","accepted","auto-accepted score=100"
"allopurinol","allopurinol","accepted","auto-accepted score=100"
"acetylcysteine","acetylcysteine","accepted","auto-accepted score=100"
"eculizumab","eculizumab","accepted","auto-accepted score=100"
"clindamycin","clindamycin","accepted","auto-accepted score=100"
"diphenhydramine","diphenhydramine","accepted","auto-accepted score=100"
"pioglitazone","pioglitazone","accepted","auto-accepted score=100"
"ramipril","ramipril","accepted","auto-accepted score=100"
"risperidone","risperidone","accepted","auto-accepted score=100"
"linezolid","linezolid","accepted","auto-accepted score=100"
"sufentanil","sufentanil","accepted","auto-accepted score=100"
"progesterone","progesterone","accepted","auto-accepted score=100"
"apremilast","apremilast","accepted","auto-accepted score=100"
"finerenone","finerenone","accepted","auto-accepted score=100"
"amlodipine","amlodipine","accepted","auto-accepted score=100"
"escitalopram","citalopram","accepted","auto-accepted score 90-94"
"amlodipine","amlodipine","accepted","auto-accepted score=100"
"vancomycin","vancomycin","accepted","auto-accepted score=100"
"levodopa","levodopa","accepted","auto-accepted score=100"
"piperacillin","piperacillin","accepted","auto-accepted score=100"
"certolizumab pegol","certolizumab pegol","accepted","auto-accepted score=100"
"ketamine","ketamine","accepted","auto-accepted score=100"
"acetylcysteine","acetylcysteine","accepted","auto-accepted score=100"
"tramadol","tramadol","accepted","auto-accepted score=100"
"tadalafil","tadalafil","accepted","auto-accepted score=100"
"sevoflurane","sevoflurane","accepted","auto-accepted score=100"
"sulfamethoxazole","sulfamethoxazole","accepted","auto-accepted score=100"
"mitomycin","mitomycin","accepted","auto-accepted score=100"
"bimatoprost","bimatoprost","accepted","auto-accepted score=100"
"alteplase","alteplase","accepted","auto-accepted score=100"
"indocyanine green","indocyanine green","accepted","auto-accepted score=100"
"teriflunomide","teriflunomide","accepted","auto-accepted score=100"
"filgotinib","filgotinib","accepted","auto-accepted score=100"
"morphine","morphine","accepted","auto-accepted score=100"
"meropenem","meropenem","accepted","auto-accepted score=100"
"moxifloxacin","moxifloxacin","accepted","auto-accepted score=100"
"cannabidiol","cannabidiol","accepted","auto-accepted score=100"
"levosimendan","levosimendan","accepted","auto-accepted score=100"
"dolutegravir","dolutegravir","accepted","auto-accepted score=100"
"lopinavir","lopinavir","accepted","manual"
"diphtheria toxoid","diphtheria toxoid","accepted","auto-accepted score=100"
"deferasirox","deferasirox","accepted","auto-accepted score=100"
"metronidazole","metronidazole","accepted","auto-accepted score=100"
"tazobactam","tazobactam","accepted","auto-accepted score=100"
"azithromycin","azithromycin","accepted","auto-accepted score=100"
"allopurinol","allopurinol","accepted","auto-accepted score=100"
"propofol","propofol","accepted","auto-accepted score=100"
"estradiol hemihydrate","estradiol","accepted","auto-accepted score=100"
"bupivacaine hydrochloride","bupivacaine","accepted","auto-accepted score=100"
"remifentanil","remifentanil","accepted","auto-accepted score=100"
"azathioprine","azathioprine","accepted","auto-accepted score=100"
"elvitegravir","elvitegravir","accepted","auto-accepted score=100"
"amikacin","amikacin","accepted","auto-accepted score=100"
"piperacillin","piperacillin","accepted","auto-accepted score=100"
"levodopa","levodopa","accepted","auto-accepted score=100"
"aripiprazole","aripiprazole","accepted","auto-accepted score=100"
"abacavir","abacavir","accepted","auto-accepted score=100"
"tenofovir","tenofovir","accepted","manual"
"betamethasone dipropionate","betamethasone dipropionate","accepted","auto-accepted score=100"
"tobramycin","tobramycin","accepted","auto-accepted score=100"
"quetiapine","quetiapine","accepted","auto-accepted score=100"
"amoxicillin","amoxicillin","accepted","auto-accepted score=100"
"azithromycin","azithromycin","accepted","auto-accepted score=100"
"fentanyl citrate","fentanyl citrate","accepted","auto-accepted score=100"
"levonorgestrel","levonorgestrel","accepted","auto-accepted score=100"
"folic acid","folic acid","accepted","auto-accepted score=100"
"octreotide","octreotide","accepted","auto-accepted score=100"
"lacosamide","lacosamide","accepted","auto-accepted score=100"
"dolutegravir","dolutegravir","accepted","auto-accepted score=100"
"irbesartan","irbesartan","accepted","auto-accepted score=100"
"buprenorphine","buprenorphine","accepted","auto-accepted score=100"
"venlafaxine","venlafaxine","accepted","auto-accepted score=100"
"testosterone","testosterone","accepted","auto-accepted score=100"
"maraviroc","maraviroc","accepted","auto-accepted score=100"
"glimepiride","glimepiride","accepted","auto-accepted score=100"
"palonosetron","palonosetron","accepted","auto-accepted score=100"
"amlodipine","amlodipine","accepted","auto-accepted score=100"
"anakinra","anakinra","accepted","auto-accepted score=100"
"celecoxib","celecoxib","accepted","auto-accepted score=100"
"clonidine","clonidine","accepted","auto-accepted score=100"
"spironolactone","spironolactone","accepted","auto-accepted score=100"
"quetiapine","quetiapine","accepted","auto-accepted score=100"
"sargramostim","sargramostim","accepted","auto-accepted score=100"
"daptomycin","daptomycin","accepted","auto-accepted score=100"
"hydroxychloroquine","hydroxychloroquine","accepted","auto-accepted score=100"
"trametinib","trametinib","accepted","auto-accepted score=100"
"risperidone","risperidone","accepted","auto-accepted score=100"
"exenatide","exenatide","accepted","auto-accepted score=100"
"abacavir","abacavir","accepted","auto-accepted score=100"
"potassium chloride","potassium chloride","accepted","auto-accepted score=100"
"golimumab","golimumab","accepted","auto-accepted score=100"
"oxycodone hydrochloride","oxycodone hydrochloride","accepted","auto-accepted score=100"
"pegfilgrastim","pegfilgrastim","accepted","auto-accepted score=100"
"midazolam hydrochloride","midazolam hydrochloride","accepted","auto-accepted score=100"
"tobramycin","tobramycin","accepted","auto-accepted score=100"
"ropivacaine hydrochloride","ropivacaine hydrochloride","accepted","auto-accepted score=100"
"temsirolimus","temsirolimus","accepted","auto-accepted score=100"
"dronabinol","dronabinol","accepted","auto-accepted score=100"
"latanoprost","latanoprost","accepted","auto-accepted score=100"
"lenograstim","lenograstim","accepted","auto-accepted score=100"
"eltrombopag","eltrombopag","accepted","auto-accepted score=100"
"brexpiprazole","brexpiprazole","accepted","auto-accepted score=100"
"tislelizumab","tislelizumab","accepted","auto-accepted score=100"
"carbidopa","carbidopa","accepted","auto-accepted score=100"
"tolvaptan","tolvaptan","accepted","auto-accepted score=100"
"olanzapine","olanzapine","accepted","auto-accepted score=100"
"estradiol","estradiol","accepted","auto-accepted score=100"
"clarithromycin","clarithromycin","accepted","auto-accepted score=100"
"aldesleukin","aldesleukin","accepted","auto-accepted score=100"
"cinacalcet","cinacalcet","accepted","auto-accepted score=100"
"azathioprine","azathioprine","accepted","auto-accepted score=100"
"doxycycline","doxycycline","accepted","auto-accepted score=100"
"sugammadex","sugammadex","accepted","auto-accepted score=100"
"drospirenone","drospirenone","accepted","auto-accepted score=100"
"midazolam","midazolam","accepted","auto-accepted score=100"
"moxifloxacin","moxifloxacin","accepted","auto-accepted score=100"
"methylphenidate hydrochloride","methylphenidate hydrochloride","accepted","auto-accepted score=100"
"pregabalin","pregabalin","accepted","auto-accepted score=100"
"carvedilol","carvedilol","accepted","auto-accepted score=100"
"voriconazole","voriconazole","accepted","auto-accepted score=100"
"blinatumomab","blinatumomab","accepted","auto-accepted score=100"
"citalopram","citalopram","accepted","auto-accepted score=100"
"enalapril","enalapril","accepted","manual"
"ertapenem","ertapenem","accepted","auto-accepted score=100"
"gadoteric acid","gadoteric acid","accepted","auto-accepted score=100"
"glucagon","glucagon","accepted","auto-accepted score=100"
"encorafenib","encorafenib","accepted","auto-accepted score=100"
"tiragolumab","tiragolumab","accepted","auto-accepted score=100"
"oxygen","oxygen","accepted","auto-accepted score=100"
"latanoprost","latanoprost","accepted","auto-accepted score=100"
"paroxetine","paroxetine","accepted","auto-accepted score=100"
"sildenafil","sildenafil","accepted","auto-accepted score=100"
"spironolactone","spironolactone","accepted","auto-accepted score=100"
"entecavir","entecavir","accepted","auto-accepted score=100"
"tazobactam","tazobactam","accepted","auto-accepted score=100"
"doxycycline","doxycycline","accepted","auto-accepted score=100"
"losartan","losartan","accepted","auto-accepted score=100"
"valproic acid","valproic acid","accepted","auto-accepted score=100"
"oxycodone hydrochloride","oxycodone hydrochloride","accepted","auto-accepted score=100"
"sertraline","sertraline","accepted","auto-accepted score=100"
"daratumumab","daratumumab","accepted","auto-accepted score=100"
"rifaximin","rifaximin","accepted","auto-accepted score=100"
"fosfomycin","fosfomycin","accepted","auto-accepted score=100"
"macitentan","macitentan","accepted","auto-accepted score=100"
"amisulpride","aramisulpride","accepted","auto-accepted score>=95"
"pioglitazone","pioglitazone","accepted","auto-accepted score=100"
"agomelatine","agomelatine","accepted","auto-accepted score=100"
"ivabradine","ivabradine","accepted","auto-accepted score=100"
"nintedanib","nintedanib","accepted","auto-accepted score=100"
"binimetinib","binimetinib","accepted","auto-accepted score=100"
"sofosbuvir","sofosbuvir","accepted","auto-accepted score=100"
"bosentan","bosentan","accepted","manual"
"ciclesonide","ciclesonide","accepted","auto-accepted score=100"
"losartan","losartan","accepted","auto-accepted score=100"
"degarelix","degarelix","accepted","auto-accepted score=100"
"aliskiren","aliskiren","accepted","auto-accepted score=100"
"ketamine","ketamine","accepted","auto-accepted score=100"
"clarithromycin","clarithromycin","accepted","auto-accepted score=100"
"oxytocin","oxytocin","accepted","auto-accepted score=100"
"bisoprolol","bisoprolol","accepted","auto-accepted score=100"
"azithromycin dihydrate","azithromycin","accepted","auto-accepted score=100"
"gadobutrol","gadobutrol","accepted","auto-accepted score=100"
"ketamine hydrochloride","ketamine","accepted","auto-accepted score=100"
"buprenorphine","buprenorphine","accepted","auto-accepted score=100"
"oxycodone","oxycodone","accepted","auto-accepted score=100"
"tofacitinib","tofacitinib","accepted","auto-accepted score=100"
"trimethoprim","trimethoprim","accepted","auto-accepted score=100"
"betamethasone dipropionate","betamethasone dipropionate","accepted","auto-accepted score=100"
"telaprevir","telaprevir","accepted","auto-accepted score=100"
"imipenem","imipenem","accepted","auto-accepted score=100"
"colistimethate sodium","colistimethate sodium","accepted","auto-accepted score=100"
"gentamicin sulfate","gentamicin","accepted","auto-accepted score=100"
"roflumilast","roflumilast","accepted","auto-accepted score=100"
"cefazolin","cefazolin","accepted","auto-accepted score=100"
"degarelix","degarelix","accepted","auto-accepted score=100"
"baricitinib","baricitinib","accepted","auto-accepted score=100"
"tremelimumab","tremelimumab","accepted","auto-accepted score=100"
"rilvegostomig","rilvegostomig","accepted","manual"
"nevirapine","nevirapine","accepted","auto-accepted score=100"
"telmisartan","telmisartan","accepted","auto-accepted score=100"
"escitalopram","citalopram","accepted","auto-accepted score 90-94"
"tadalafil","tadalafil","accepted","auto-accepted score=100"
"sufentanil","sufentanil","accepted","auto-accepted score=100"
"pioglitazone","pioglitazone","accepted","auto-accepted score=100"
"octreotide","octreotide","accepted","auto-accepted score=100"
"raltegravir","raltegravir","accepted","auto-accepted score=100"
"entecavir","entecavir","accepted","auto-accepted score=100"
"pramipexole","pramipexole","accepted","auto-accepted score=100"
"ondansetron","ondansetron","accepted","auto-accepted score=100"
"darunavir","darunavir","accepted","auto-accepted score=100"
"aztreonam","aztreonam","accepted","manual"
"aprepitant","aprepitant","accepted","auto-accepted score=100"
"levetiracetam","levetiracetam","accepted","auto-accepted score=100"
"diclofenac sodium","diclofenac sodium","accepted","auto-accepted score=100"
"brinzolamide","brinzolamide","accepted","auto-accepted score=100"
"propranolol hydrochloride","propranolol hydrochloride","accepted","auto-accepted score=100"
"sufentanil citrate","sufentanil citrate","accepted","auto-accepted score=100"
"tranexamic acid","tranexamic acid","accepted","auto-accepted score=100"
"plerixafor","plerixafor","accepted","auto-accepted score=100"
"zidovudine","zidovudine","accepted","auto-accepted score=100"
"tranexamic acid","tranexamic acid","accepted","auto-accepted score=100"
"iloprost","iloprost","accepted","auto-accepted score=100"
"nicotine","nicotine","accepted","auto-accepted score=100"
"hydrochlorothiazide","hydrochlorothiazide","accepted","auto-accepted score=100"
"irbesartan","irbesartan","accepted","auto-accepted score=100"
"paliperidone","paliperidone","accepted","auto-accepted score=100"
"amphotericin b","amphotericin b","accepted","auto-accepted score=100"
"aprepitant","aprepitant","accepted","auto-accepted score=100"
"esomeprazole","esomeprazole","accepted","auto-accepted score=100"
"lenograstim","lenograstim","accepted","auto-accepted score=100"
"pregabalin","pregabalin","accepted","auto-accepted score=100"
"somatropin","somatropin","accepted","auto-accepted score=100"
"carbidopa","carbidopa","accepted","auto-accepted score=100"
"treosulfan","treosulfan","accepted","auto-accepted score=100"
"tapentadol","tapentadol","accepted","auto-accepted score=100"
"telmisartan","telmisartan","accepted","auto-accepted score=100"
"acenocoumarol","acenocoumarol","accepted","auto-accepted score=100"
"mesna","mesna","accepted","manual"
"famotidine","famotidine","accepted","manual"
"tramadol","tramadol","accepted","auto-accepted score=100"
"nifedipine","nifedipine","accepted","auto-accepted score=100"
"tapentadol hydrochloride","tapentadol","accepted","auto-accepted score=100"
"oxytocin","oxytocin","accepted","auto-accepted score=100"
"hydrocortisone","hydrocortisone","accepted","auto-accepted score=100"
"gadobutrol","gadobutrol","accepted","auto-accepted score=100"
"desogestrel","desogestrel","accepted","manual"
"colchicine","colchicine","accepted","auto-accepted score=100"
"veliparib","veliparib","accepted","auto-accepted score=100"
"vortioxetine","vortioxetine","accepted","auto-accepted score=100"
"sugammadex","sugammadex","accepted","auto-accepted score=100"
"ceftazidime","ceftazidime","accepted","auto-accepted score=100"
"phenprocoumon","phenprocoumon","accepted","auto-accepted score=100"
"riociguat","riociguat","accepted","auto-accepted score=100"
"cobicistat","cobicistat","accepted","auto-accepted score=100"
"potassium chloride","potassium chloride","accepted","auto-accepted score=100"
"sotagliflozin","sotagliflozin","accepted","auto-accepted score=100"
"tezacaftor","tezacaftor","accepted","manual"
"zimberelimab","zimberelimab","accepted","manual"
"sulfamethoxazole and trimethoprim","sulfamethoxazole","accepted","auto-accepted score=100"
"roflumilast","roflumilast","accepted","auto-accepted score=100"
"basiliximab","basiliximab","accepted","auto-accepted score=100"
"abacavir","abacavir","accepted","auto-accepted score=100"
"temsirolimus","temsirolimus","accepted","auto-accepted score=100"
"fenofibrate","fenofibrate","accepted","auto-accepted score=100"
"azathioprine","azathioprine","accepted","auto-accepted score=100"
"certolizumab pegol","certolizumab pegol","accepted","auto-accepted score=100"
"telmisartan","telmisartan","accepted","auto-accepted score=100"
"ivermectin","ivermectin","accepted","auto-accepted score=100"
"naropin","ropivacaine","accepted","manual"
"candesartan","candesartan","accepted","manual"
"atacicept","atacicept","accepted","manual"
"sildenafil","sildenafil","accepted","auto-accepted score=100"
"lanreotide","lanreotide","accepted","auto-accepted score=100"
"eplerenone","eplerenone","accepted","auto-accepted score=100"
"sodium picosulfate","sodium picosulfate","accepted","auto-accepted score=100"
"travoprost","travoprost","accepted","auto-accepted score=100"
"fosfomycin trometamol","fosfomycin","accepted","auto-accepted score=100"
"vemurafenib","vemurafenib","accepted","auto-accepted score=100"
"valganciclovir","valganciclovir","accepted","manual"
"selinexor","selinexor","accepted","auto-accepted score=100"
"lebrikizumab","lebrikizumab","accepted","auto-accepted score=100"
"vilanterol","vilanterol","accepted","auto-accepted score=100"
"cobimetinib gdc-0973","cobimetinib","accepted","auto-accepted score=100"
"sofosbuvir","sofosbuvir","accepted","auto-accepted score=100"
"isatuximab","isatuximab","accepted","auto-accepted score=100"
"tirzepatide","tirzepatide","accepted","auto-accepted score=100"
"belzutifan","belzutifan","accepted","auto-accepted score=100"
"inavolisib","inavolisib","accepted","auto-accepted score=100"
"tarlatamab","tarlatamab","accepted","auto-accepted score=100"
"daclizumab","daclizumab","accepted","auto-accepted score=100"
"nebivolol","nebivolol","accepted","auto-accepted score=100"
"levofloxacin","levofloxacin","accepted","auto-accepted score=100"
"naproxen","naproxen","accepted","auto-accepted score=100"
"ranolazine","ranolazine","accepted","auto-accepted score=100"
"ceftazidime","ceftazidime","accepted","auto-accepted score=100"
"brivaracetam","brivaracetam","accepted","auto-accepted score=100"
"agomelatine","agomelatine","accepted","auto-accepted score=100"
"levosimendan","levosimendan","accepted","auto-accepted score=100"
"ceftriaxone","ceftriaxone","accepted","auto-accepted score=100"
"clonidine","clonidine","accepted","auto-accepted score=100"
"tretinoin","tretinoin","accepted","auto-accepted score=100"
"oxytocin","oxytocin","accepted","auto-accepted score=100"
"somatropin","somatropin","accepted","auto-accepted score=100"
"darunavir","darunavir","accepted","auto-accepted score=100"
"travoprost","travoprost","accepted","auto-accepted score=100"
"dexmedetomidine","dexmedetomidine","accepted","auto-accepted score=100"
"alteplase","alteplase","accepted","auto-accepted score=100"
"tigecycline","tigecycline","accepted","auto-accepted score=100"
"mitomycin","mitomycin","accepted","auto-accepted score=100"
"baclofen","baclofen","accepted","auto-accepted score=100"
"phenylephrine hydrochloride","phenylephrine","accepted","auto-accepted score=100"
"cetirizine","cetirizine","accepted","auto-accepted score=100"
"mannitol","mannitol","accepted","auto-accepted score=100"
"omeprazole","omeprazole","accepted","auto-accepted score=100"
"sulfasalazine","sulfasalazine","accepted","auto-accepted score=100"
"ganciclovir","ganciclovir","accepted","auto-accepted score=100"
"calcifediol","calcifediol","accepted","auto-accepted score=100"
"lixisenatide","lixisenatide","accepted","auto-accepted score=100"
"clozapine","clozapine","accepted","auto-accepted score=100"
"canakinumab","canakinumab","accepted","auto-accepted score=100"
"cobicistat","cobicistat","accepted","auto-accepted score=100"
"naproxen","naproxen","accepted","auto-accepted score=100"
"atazanavir sulfate","atazanavir","accepted","auto-accepted score=100"
"levothyroxine sodium","levothyroxine","accepted","auto-accepted score=100"
"gentamicin","gentamicin","accepted","auto-accepted score=100"
"cefepime","cefepime","accepted","auto-accepted score=100"
"pirfenidone","pirfenidone","accepted","auto-accepted score=100"
"sugammadex","sugammadex","accepted","auto-accepted score=100"
"doravirine","doravirine","accepted","auto-accepted score=100"
"betamethasone","betamethasone","accepted","auto-accepted score=100"
"deucravacitinib","deucravacitinib","accepted","auto-accepted score=100"
"amlitelimab","amlitelimab","accepted","manual"
"iptacopan","iptacopan","accepted","auto-accepted score=100"
"teclistamab","teclistamab","accepted","auto-accepted score=100"
"eltrombopag","eltrombopag","accepted","auto-accepted score=100"
"eculizumab","eculizumab","accepted","auto-accepted score=100"
"lamivudine","lamivudine","accepted","auto-accepted score=100"
"thiotepa","thiotepa","accepted","auto-accepted score=100"
"duloxetine","duloxetine","accepted","auto-accepted score=100"
"efavirenz","efavirenz","accepted","auto-accepted score=100"
"esomeprazole","esomeprazole","accepted","auto-accepted score=100"
"metoprolol","metoprolol","accepted","auto-accepted score=100"
"venlafaxine","venlafaxine","accepted","auto-accepted score=100"
"tranexamic acid","tranexamic acid","accepted","auto-accepted score=100"
"lithium","lithium","accepted","auto-accepted score=100"
"rimonabant","rimonabant","accepted","auto-accepted score=100"
"lamotrigine","lamotrigine","accepted","auto-accepted score=100"
"clindamycin","clindamycin","accepted","auto-accepted score=100"
"teriparatide","teriparatide","accepted","auto-accepted score=100"
"topiramate","topiramate","accepted","auto-accepted score=100"
"rimonabant","rimonabant","accepted","auto-accepted score=100"
"heparin","heparin","accepted","auto-accepted score=100"
"timolol","timolol","accepted","auto-accepted score=100"
"cefuroxime","cefuroxime","accepted","auto-accepted score=100"
"diphtheria toxoid","diphtheria toxoid","accepted","auto-accepted score=100"
"tetanus toxoid","tetanus toxoid","accepted","auto-accepted score=100"
"methoxy polyethylene glycol-epoetin beta","methoxy polyethylene glycol-epoetin beta","accepted","auto-accepted score=100"
"pasireotide","pasireotide","accepted","auto-accepted score=100"
"paroxetine","paroxetine","accepted","auto-accepted score=100"
"haloperidol","haloperidol","accepted","auto-accepted score=100"
"gabapentin","gabapentin","accepted","auto-accepted score=100"
"sodium ascorbate","sodium ascorbate","accepted","auto-accepted score=100"
"pentoxifylline","pentoxifylline","accepted","auto-accepted score=100"
"teriparatide","teriparatide","accepted","auto-accepted score=100"
"aliskiren","aliskiren","accepted","auto-accepted score=100"
"cefotaxime","cefotaxime","accepted","auto-accepted score=100"
"estradiol","estradiol","accepted","auto-accepted score=100"
"micafungin","micafungin","accepted","auto-accepted score=100"
"rocuronium","rocuronium","accepted","auto-accepted score=100"
"pegaspargase","pegaspargase","accepted","auto-accepted score=100"
"cefuroxime sodium","cefuroxime","accepted","auto-accepted score=100"
"itraconazole","itraconazole","accepted","auto-accepted score=100"
"simeprevir","simeprevir","accepted","auto-accepted score=100"
"tofacitinib","tofacitinib","accepted","auto-accepted score=100"
"cloxacillin","cloxacillin","accepted","auto-accepted score=100"
"brentuximab vedotin","brentuximab vedotin","accepted","auto-accepted score=100"
"daclatasvir","daclatasvir","accepted","auto-accepted score=100"
"lixisenatide","lixisenatide","accepted","auto-accepted score=100"
"fludrocortisone","fludrocortisone","accepted","auto-accepted score=100"
"darunavir ethanolate","darunavir","accepted","auto-accepted score=100"
"lurbinectedin","lurbinectedin","accepted","auto-accepted score=100"
"corifollitropin alfa","corifollitropin alfa","accepted","auto-accepted score=100"
"tralokinumab","tralokinumab","accepted","auto-accepted score=100"
"pimavanserin","pimavanserin","accepted","auto-accepted score=100"
"selinexor","selinexor","accepted","auto-accepted score=100"
"mirikizumab","mirikizumab","accepted","auto-accepted score=100"
"remdesivir","remdesivir","accepted","auto-accepted score=100"
"siltuximab","siltuximab","accepted","auto-accepted score=100"
"elranatamab","elranatamab","accepted","auto-accepted score=100"
"zasocitinib","zasocitinib","accepted","manual"
"rotigotine","rotigotine","accepted","auto-accepted score=100"
"lacosamide","lacosamide","accepted","auto-accepted score=100"
"lisinopril","lisinopril","accepted","auto-accepted score=100"
"zoledronic acid","zoledronic acid","accepted","auto-accepted score=100"
"didanosine","didanosine","accepted","auto-accepted score=100"
"verteporfin","verteporfin","accepted","auto-accepted score=100"
"fenofibrate","fenofibrate","accepted","auto-accepted score=100"
"atenolol","atenolol","accepted","auto-accepted score=100"
"adenosine","adenosine","accepted","auto-accepted score=100"
"melatonin","melatonin","accepted","auto-accepted score=100"
"iodixanol","iodixanol","accepted","auto-accepted score=100"
"bisoprolol","bisoprolol","accepted","auto-accepted score=100"
"pitavastatin","pitavastatin","accepted","manual"
"memantine hydrochloride","memantine hydrochloride","accepted","auto-accepted score=100"
"betamethasone","betamethasone","accepted","auto-accepted score=100"
"treosulfan","treosulfan","accepted","auto-accepted score=100"
"prilocaine","prilocaine","accepted","auto-accepted score=100"
"tramadol hydrochloride","tramadol","accepted","auto-accepted score=100"
"gadobutrol","gadobutrol","accepted","auto-accepted score=100"
"tranexamic acid","tranexamic acid","accepted","auto-accepted score=100"
"haloperidol","haloperidol","accepted","auto-accepted score=100"
"propranolol","propranolol","accepted","auto-accepted score=100"
"donepezil","donepezil","accepted","auto-accepted score=100"
"panobinostat","panobinostat","accepted","auto-accepted score=100"
"topiramate","topiramate","accepted","auto-accepted score=100"
"raltegravir","raltegravir","accepted","auto-accepted score=100"
"belimumab","belimumab","accepted","auto-accepted score=100"
"methylphenidate","methylphenidate","accepted","auto-accepted score=100"
"levodopa","levodopa","accepted","auto-accepted score=100"
"ataluren","ataluren","accepted","auto-accepted score=100"
"heparin sodium","heparin sodium","accepted","auto-accepted score=100"
"mirtazapine","mirtazapine","accepted","auto-accepted score=100"
"naloxone","naloxone","accepted","auto-accepted score=100"
"ferric carboxymaltose","ferric carboxymaltose","accepted","auto-accepted score=100"
"levobupivacaine hydrochloride","levobupivacaine hydrochloride","accepted","auto-accepted score=100"
"oseltamivir","oseltamivir","accepted","auto-accepted score=100"
"tanezumab","tanezumab","accepted","auto-accepted score=100"
"olodaterol","olodaterol","accepted","auto-accepted score=100"
"leflunomide","leflunomide","accepted","auto-accepted score=100"
"capsaicin","capsaicin","accepted","auto-accepted score=100"
"timolol","timolol","accepted","auto-accepted score=100"
"triptorelin acetate","triptorelin acetate","accepted","auto-accepted score=100"
"vemurafenib","vemurafenib","accepted","auto-accepted score=100"
"ketorolac trometamol","ketorolac","accepted","auto-accepted score=100"
"belimumab","belimumab","accepted","auto-accepted score=100"
"nebivolol","nebivolol","accepted","auto-accepted score=100"
"ampicillin","ampicillin","accepted","auto-accepted score=100"
"esketamine","esketamine","accepted","auto-accepted score=100"
"isatuximab","isatuximab","accepted","auto-accepted score=100"
"mosunetuzumab","mosunetuzumab","accepted","auto-accepted score=100"
"iberdomide","iberdomide","accepted","auto-accepted score=100"
"risperidone","risperidone","accepted","auto-accepted score=100"
"duloxetine","duloxetine","accepted","auto-accepted score=100"
"ondansetron","ondansetron","accepted","auto-accepted score=100"
"saquinavir","saquinavir","accepted","auto-accepted score=100"
"carbamazepine","carbamazepine","accepted","auto-accepted score=100"
"caspofungin","caspofungin","accepted","auto-accepted score=100"
"levonorgestrel","levonorgestrel","accepted","auto-accepted score=100"
"permethrin","permethrin","accepted","auto-accepted score=100"
"levonorgestrel","levonorgestrel","accepted","auto-accepted score=100"
"folic acid","folic acid","accepted","auto-accepted score=100"
"modafinil","modafinil","accepted","auto-accepted score=100"
"ropinirole","ropinirole","accepted","auto-accepted score=100"
"baclofen","baclofen","accepted","auto-accepted score=100"
"lanreotide","lanreotide","accepted","auto-accepted score=100"
"naloxone hydrochloride","naloxone","accepted","auto-accepted score=100"
"rocuronium bromide","rocuronium bromide","accepted","auto-accepted score=100"
"lanreotide","lanreotide","accepted","auto-accepted score=100"
"atenolol","atenolol","accepted","auto-accepted score=100"
"octreotide","octreotide","accepted","auto-accepted score=100"
"ciclopirox","ciclopirox","accepted","auto-accepted score=100"
"iodixanol","iodixanol","accepted","auto-accepted score=100"
"pimecrolimus","pimecrolimus","accepted","auto-accepted score=100"
"procarbazine","procarbazine","accepted","auto-accepted score=100"
"posaconazole","posaconazole","accepted","auto-accepted score=100"
"perampanel","perampanel","accepted","auto-accepted score=100"
"fenofibrate","fenofibrate","accepted","auto-accepted score=100"
"pimecrolimus","pimecrolimus","accepted","auto-accepted score=100"
"ivabradine","ivabradine","accepted","auto-accepted score=100"
"telaprevir","telaprevir","accepted","auto-accepted score=100"
"mifepristone","mifepristone","accepted","auto-accepted score=100"
"zidovudine","zidovudine","accepted","auto-accepted score=100"
"vorinostat","vorinostat","accepted","auto-accepted score=100"
"deferasirox","deferasirox","accepted","auto-accepted score=100"
"aldesleukin","aldesleukin","accepted","auto-accepted score=100"
"nitrous oxide","nitrous oxide","accepted","auto-accepted score=100"
"vancomycin hydrochloride","vancomycin","accepted","auto-accepted score=100"
"hydroxychloroquine sulfate","hydroxychloroquine","accepted","auto-accepted score=100"
"exenatide","exenatide","accepted","auto-accepted score=100"
"boceprevir","boceprevir","accepted","auto-accepted score=100"
"elotuzumab","elotuzumab","accepted","auto-accepted score=100"
"cilastatin","cilastatin","accepted","auto-accepted score=100"
"furosemide","furosemide","accepted","auto-accepted score=100"
"chloroprocaine hydrochloride","chloroprocaine","accepted","auto-accepted score=100"
"ketoprofen","ketoprofen","accepted","auto-accepted score=100"
"pitolisant","pitolisant","accepted","auto-accepted score=100"
"teicoplanin","teicoplanin","accepted","auto-accepted score=100"
"erythromycin","erythromycin","accepted","auto-accepted score=100"
"selumetinib","selumetinib","accepted","manual"
"ceftazidime pentahydrate","ceftazidime","accepted","auto-accepted score=100"
"dobutamine","dobutamine","accepted","auto-accepted score=100"
"rilpivirine","rilpivirine","accepted","auto-accepted score=100"
"febuxostat","febuxostat","accepted","auto-accepted score=100"
"sotatercept","sotatercept","accepted","auto-accepted score=100"
"loperamide","loperamide","accepted","auto-accepted score=100"
"fremanezumab","fremanezumab","accepted","auto-accepted score=100"
"monalizumab","omalizumab","accepted","auto-accepted score 90-94"
"rilzabrutinib","rilzabrutinib","accepted","auto-accepted score=100"
"povorcitinib","povorcitinib","accepted","auto-accepted score=100"
"pirtobrutinib","pirtobrutinib","accepted","auto-accepted score=100"
"diclofenac sodium","diclofenac sodium","accepted","auto-accepted score=100"
"entacapone","entacapone","accepted","auto-accepted score=100"
"triptorelin","triptorelin","accepted","auto-accepted score=100"
"rosiglitazone","rosiglitazone","accepted","auto-accepted score=100"
"etoricoxib","etoricoxib","accepted","auto-accepted score=100"
"rivastigmine","rivastigmine","accepted","auto-accepted score=100"
"ketoprofen","ketoprofen","accepted","auto-accepted score=100"
"iomeprol","iomeprol","accepted","auto-accepted score=100"
"diclofenac sodium","diclofenac sodium","accepted","auto-accepted score=100"
"omeprazole","omeprazole","accepted","auto-accepted score=100"
"sodium bicarbonate","sodium bicarbonate","accepted","auto-accepted score=100"
"ibandronic acid","ibandronic acid","accepted","auto-accepted score=100"
"fluvastatin","fluvastatin","accepted","auto-accepted score=100"
"carvedilol","carvedilol","accepted","auto-accepted score=100"
"voriconazole","voriconazole","accepted","auto-accepted score=100"
"corifollitropin alfa","corifollitropin alfa","accepted","auto-accepted score=100"
"lidocaine","lidocaine","accepted","auto-accepted score=100"
"ketorolac","ketorolac","accepted","auto-accepted score=100"
"ambrisentan","ambrisentan","accepted","auto-accepted score=100"
"dronabinol","dronabinol","accepted","auto-accepted score=100"
"dexpanthenol","dexpanthenol","accepted","auto-accepted score=100"
"zonisamide","zonisamide","accepted","auto-accepted score=100"
"fentanyl citrate","fentanyl citrate","accepted","auto-accepted score=100"
"brinzolamide","brinzolamide","accepted","auto-accepted score=100"
"donepezil","donepezil","accepted","auto-accepted score=100"
"propranolol","propranolol","accepted","auto-accepted score=100"
"amoxicillin sodium","amoxicillin","accepted","auto-accepted score=100"
"nevirapine","nevirapine","accepted","auto-accepted score=100"
"sargramostim","sargramostim","accepted","auto-accepted score=100"
"pioglitazone hydrochloride","pioglitazone hydrochloride","accepted","auto-accepted score=100"
"sevoflurane","sevoflurane","accepted","auto-accepted score=100"
"amitriptyline","amitriptyline","accepted","auto-accepted score=100"
"gemtuzumab ozogamicin","gemtuzumab ozogamicin","accepted","auto-accepted score=100"
"drospirenone","drospirenone","accepted","auto-accepted score=100"
"caspofungin","caspofungin","accepted","auto-accepted score=100"
"heparin","heparin","accepted","auto-accepted score=100"
"dipyridamole","dipyridamole","accepted","auto-accepted score=100"
"icatibant","icatibant","accepted","auto-accepted score=100"
"ropivacaine","ropivacaine","accepted","auto-accepted score=100"
"levobupivacaine","levobupivacaine","accepted","auto-accepted score=100"
"tamsulosin hydrochloride","tamsulosin","accepted","auto-accepted score=100"
"sertindole","sertindole","accepted","auto-accepted score=100"
"rocuronium bromide","rocuronium bromide","accepted","auto-accepted score=100"
"etravirine","etravirine","accepted","auto-accepted score=100"
"nintedanib","nintedanib","accepted","auto-accepted score=100"
"ambrisentan","ambrisentan","accepted","auto-accepted score=100"
"selexipag","selexipag","accepted","auto-accepted score=100"
"sertraline hydrochloride","sertraline","accepted","auto-accepted score=100"
"dobutamine hydrochloride","dobutamine","accepted","auto-accepted score=100"
"estriol","estriol","accepted","auto-accepted score=100"
"diclofenac","diclofenac","accepted","auto-accepted score=100"
"fluconazole","fluconazole","accepted","manual"
"bivalirudin","bivalirudin","accepted","auto-accepted score=100"
"tenofovir disoproxil fumarato","tenofovir disoproxil fumarate","accepted","auto-accepted score>=95"
"duloxetine hydrochloride","duloxetine hydrochloride","accepted","auto-accepted score=100"
"capsaicin","capsaicin","accepted","auto-accepted score=100"
"indocyanine green","indocyanine green","accepted","auto-accepted score=100"
"etoricoxib","etoricoxib","accepted","auto-accepted score=100"
"alglucosidase alfa","alglucosidase alfa","accepted","auto-accepted score=100"
"rotigotine","rotigotine","accepted","auto-accepted score=100"
"reslizumab","reslizumab","accepted","auto-accepted score=100"
"cannabidiol","cannabidiol","accepted","auto-accepted score=100"
"brimonidine tartrate","brimonidine tartrate","accepted","auto-accepted score=100"
"vinflunine","vinflunine","accepted","auto-accepted score=100"
"dabrafenib","dabrafenib","accepted","auto-accepted score=100"
"metoprolol","metoprolol","accepted","auto-accepted score=100"
"verapamil","verapamil","accepted","auto-accepted score=100"
"lisdexamfetamine dimesylate","dexamfetamine","accepted","auto-accepted score 90-94"
"buparlisib","buparlisib","accepted","auto-accepted score=100"
"trametinib","trametinib","accepted","auto-accepted score=100"
"deferiprone","deferiprone","accepted","auto-accepted score=100"
"cobimetinib","cobimetinib","accepted","auto-accepted score=100"
"ombitasvir","ombitasvir","accepted","auto-accepted score=100"
"brentuximab vedotin","brentuximab vedotin","accepted","auto-accepted score=100"
"dabrafenib","dabrafenib","accepted","auto-accepted score=100"
"talimogene laherparepvec","talimogene laherparepvec","accepted","auto-accepted score=100"
"omiganan pentahydrochloride","omiganan","accepted","manual"
"anifrolumab","anifrolumab","accepted","auto-accepted score=100"
"tazemetostat","tazemetostat","accepted","manual"
"fevipiprant","fevipiprant","accepted","auto-accepted score=100"
"tezepelumab","tezepelumab","accepted","auto-accepted score=100"
"upadacitinib","upadacitinib","accepted","auto-accepted score=100"
"atogepant","atogepant","accepted","auto-accepted score=100"
"futibatinib","futibatinib","accepted","auto-accepted score=100"
"epcoritamab (gen3013)","epcoritamab","accepted","auto-accepted score=100"
"relugolix","relugolix","accepted","auto-accepted score=100"
"capivasertib","capivasertib","accepted","auto-accepted score=100"
"olanzapine","olanzapine","accepted","auto-accepted score=100"
"citalopram","citalopram","accepted","auto-accepted score=100"
"teduglutide","teduglutide","accepted","auto-accepted score=100"
"stavudine","stavudine","accepted","auto-accepted score=100"
"pantoprazole","pantoprazole","accepted","auto-accepted score=100"
"gliclazide","gliclazide","accepted","auto-accepted score=100"
"teriflunomide","teriflunomide","accepted","auto-accepted score=100"
"quetiapine fumarate","quetiapine","accepted","auto-accepted score=100"
"pimecrolimus","pimecrolimus","accepted","auto-accepted score=100"
"ramipril","ramipril","accepted","auto-accepted score=100"
"vardenafil","vardenafil","accepted","auto-accepted score=100"
"lansoprazole","lansoprazole","accepted","auto-accepted score=100"
"mannitol","mannitol","accepted","auto-accepted score=100"
"ivabradine","ivabradine","accepted","auto-accepted score=100"
"valproic acid","valproic acid","accepted","auto-accepted score=100"
"betamethasone dipropionate","betamethasone dipropionate","accepted","auto-accepted score=100"
"desloratadine","desloratadine","accepted","auto-accepted score=100"
"metoprolol succinate","metoprolol","accepted","auto-accepted score=100"
"deferasirox","deferasirox","accepted","auto-accepted score=100"
"acetylcarnitine","acetylcarnitine","accepted","auto-accepted score=100"
"cilengitide","cilengitide","accepted","manual"
"gentamicin","gentamicin","accepted","auto-accepted score=100"
"sildenafil citrate","sildenafil citrate","accepted","auto-accepted score=100"
"lansoprazole","lansoprazole","accepted","auto-accepted score=100"
"tazobactam","tazobactam","accepted","auto-accepted score=100"
"oxygen","oxygen","accepted","auto-accepted score=100"
"memantine","memantine","accepted","auto-accepted score=100"
"ciprofloxacin","ciprofloxacin","accepted","auto-accepted score=100"
"vancomycin","vancomycin","accepted","auto-accepted score=100"
"tetanus toxoid","tetanus toxoid","accepted","auto-accepted score=100"
"trimethoprim","trimethoprim","accepted","auto-accepted score=100"
"methylnaltrexone bromide","methylnaltrexone bromide","accepted","auto-accepted score=100"
"dipyridamole","dipyridamole","accepted","auto-accepted score=100"
"sildenafil","sildenafil","accepted","auto-accepted score=100"
"leukine","leucine","accepted","auto-accepted score 90-94"
"sildenafil citrate","sildenafil citrate","accepted","auto-accepted score=100"
"cilastatin","cilastatin","accepted","auto-accepted score=100"
"amphotericin b","amphotericin b","accepted","auto-accepted score=100"
"fluoxetine","fluoxetine","accepted","auto-accepted score=100"
"entacapone","entacapone","accepted","auto-accepted score=100"
"fluocinolone acetonide","fluocinolone acetonide","accepted","auto-accepted score=100"
"methylphenidate","methylphenidate","accepted","auto-accepted score=100"
"cefuroxime","cefuroxime","accepted","auto-accepted score=100"
"glycine","glycine","accepted","auto-accepted score=100"
"digoxin","digoxin","accepted","auto-accepted score=100"
"fluconazole","fluconazole","accepted","manual"
"brentuximab vedotin","brentuximab vedotin","accepted","auto-accepted score=100"
"olodaterol","olodaterol","accepted","auto-accepted score=100"
"candesartan cilexetil","candesartan cilexetil","accepted","auto-accepted score=100"
"plerixafor","plerixafor","accepted","auto-accepted score=100"
"desflurane","desflurane","accepted","manual"
"panobinostat","panobinostat","accepted","auto-accepted score=100"
"iloprost trometamol","iloprost","accepted","auto-accepted score=100"
"brodalumab","brodalumab","accepted","auto-accepted score=100"
"anidulafungin","anidulafungin","accepted","auto-accepted score=100"
"iloprost","iloprost","accepted","auto-accepted score=100"
"onartuzumab","onartuzumab","accepted","manual"
"vilanterol","vilanterol","accepted","auto-accepted score=100"
"dolutegravir","dolutegravir","accepted","auto-accepted score=100"
"tenecteplase","tenecteplase","accepted","auto-accepted score=100"
"ciclesonide","ciclesonide","accepted","auto-accepted score=100"
"methadone","methadone","accepted","auto-accepted score=100"
"abacavir sulfate","abacavir","accepted","auto-accepted score=100"
"mirabegron","mirabegron","accepted","auto-accepted score=100"
"venlafaxine hydrochloride","venlafaxine","accepted","auto-accepted score=100"
"simeprevir","simeprevir","accepted","auto-accepted score=100"
"brentuximab vedotin","brentuximab vedotin","accepted","auto-accepted score=100"
"romidepsin","romidepsin","accepted","auto-accepted score=100"
"serelaxin","serelaxin","accepted","auto-accepted score=100"
"rilpivirine","rilpivirine","accepted","auto-accepted score=100"
"luspatercept","luspatercept","accepted","auto-accepted score=100"
"disulfiram","disulfiram","accepted","auto-accepted score=100"
"dasabuvir","dasabuvir","accepted","auto-accepted score=100"
"elvitegravir","elvitegravir","accepted","auto-accepted score=100"
"favipiravir","favipiravir","accepted","auto-accepted score=100"
"capmatinib","capmatinib","accepted","auto-accepted score=100"
"polatuzumab vedotin","polatuzumab vedotin","accepted","auto-accepted score=100"
"dulaglutide","dulaglutide","accepted","auto-accepted score=100"
"fasinumab","fasinumab","accepted","manual"
"glecaprevir","glecaprevir","accepted","auto-accepted score=100"
"pibrentasvir","pibrentasvir","accepted","auto-accepted score=100"
"ravulizumab","ravulizumab","accepted","auto-accepted score=100"
"flecainide","flecainide","accepted","auto-accepted score=100"
"ceralasertib","ceralasertib","accepted","auto-accepted score=100"
"spesolimab","spesolimab","accepted","auto-accepted score=100"
"erenumab","erenumab","accepted","auto-accepted score=100"
"infigratinib","infigratinib","accepted","auto-accepted score=100"
"nemolizumab","nemolizumab","accepted","auto-accepted score=100"
"diphenhydramine hydrochloride","diphenhydramine","accepted","auto-accepted score=100"
"loratadine","loratadine","accepted","auto-accepted score=100"
"fianlimab","fianlimab","accepted","manual"
"saruparib","saruparib","accepted","manual"
"adagrasib","adagrasib","accepted","auto-accepted score=100"
"itepekimab","itepekimab","accepted","auto-accepted score=100"
"donepezil hydrochloride","donepezil","accepted","auto-accepted score=100"
"aripiprazole","aripiprazole","accepted","auto-accepted score=100"
"rupatadine","rupatadine","accepted","auto-accepted score=100"
"meropenem","meropenem","accepted","auto-accepted score=100"
"gliclazide","gliclazide","accepted","auto-accepted score=100"
"pegvisomant","pegvisomant","accepted","auto-accepted score=100"
"aztreonam","aztreonam","accepted","manual"
"ascorbic acid","ascorbic acid","accepted","auto-accepted score=100"
"lutropin alfa","lutropin alfa","accepted","auto-accepted score=100"
"procarbazine","procarbazine","accepted","auto-accepted score=100"
"remifentanil","remifentanil","accepted","auto-accepted score=100"
"paroxetine","paroxetine","accepted","auto-accepted score=100"
"palifermin","palifermin","accepted","auto-accepted score=100"
"olmesartan medoxomil","olmesartan medoxomil","accepted","auto-accepted score=100"
"lisinopril","lisinopril","accepted","auto-accepted score=100"
"memantine hydrochloride","memantine hydrochloride","accepted","auto-accepted score=100"
"mirtazapine","mirtazapine","accepted","auto-accepted score=100"
"caffeine","caffeine","accepted","auto-accepted score=100"
"fluoxetine","fluoxetine","accepted","auto-accepted score=100"
"levetiracetam","levetiracetam","accepted","auto-accepted score=100"
"pioglitazone hcl","pioglitazone","accepted","auto-accepted score=100"
"tazarotene","tazarotene","accepted","auto-accepted score=100"
"proleukin","aldesleukin","accepted","manual"
"amsacrine","amsacrine","accepted","auto-accepted score=100"
"efalizumab","efalizumab","accepted","auto-accepted score=100"
"alanine","alanine","accepted","auto-accepted score=100"
"epratuzumab","pertuzumab","accepted","auto-accepted score 90-94"
"vorinostat","vorinostat","accepted","auto-accepted score=100"
"sildenafil citrate","sildenafil citrate","accepted","auto-accepted score=100"
"latanoprost","latanoprost","accepted","auto-accepted score=100"
"rifaximin","rifaximin","accepted","auto-accepted score=100"
"heparin sodium","heparin sodium","accepted","auto-accepted score=100"
"testosterone","testosterone","accepted","auto-accepted score=100"
"filgrastim","filgrastim","accepted","auto-accepted score=100"
"tramadol","tramadol","accepted","auto-accepted score=100"
"eplerenone","eplerenone","accepted","auto-accepted score=100"
"plerixafor","plerixafor","accepted","auto-accepted score=100"
"idebenone","idebenone","accepted","auto-accepted score=100"
"amiodarone hydrochloride","amiodarone","accepted","auto-accepted score=100"
"nicotine","nicotine","accepted","auto-accepted score=100"
"moxifloxacin hydrochloride","moxifloxacin","accepted","auto-accepted score=100"
"naltrexone","naltrexone","accepted","auto-accepted score=100"
"desloratadine","desloratadine","accepted","auto-accepted score=100"
"amiloride","amiloride","accepted","auto-accepted score=100"
"ixabepilone","ixabepilone","accepted","auto-accepted score=100"
"teplizumab","teplizumab","accepted","auto-accepted score=100"
"spironolactone","spironolactone","accepted","auto-accepted score=100"
"articaine hydrochloride","articaine","accepted","auto-accepted score=100"
"tipranavir","tipranavir","accepted","auto-accepted score=100"
"diazepam","diazepam","accepted","auto-accepted score=100"
"calcitriol","calcitriol","accepted","manual"
"rasagiline","rasagiline","accepted","auto-accepted score=100"
"tobramycin","tobramycin","accepted","auto-accepted score=100"
"pasireotide","pasireotide","accepted","auto-accepted score=100"
"cycloserine","cycloserine","accepted","auto-accepted score=100"
"laropiprant","laropiprant","accepted","manual"
"histamine dihydrochloride","histamine dihydrochloride","accepted","auto-accepted score=100"
"pegfilgrastim","pegfilgrastim","accepted","auto-accepted score=100"
"sulfur hexafluoride","sulphur hexafluoride","accepted","auto-accepted score 90-94"
"isoniazid","isoniazid","accepted","auto-accepted score=100"
"triamcinolone","triamcinolone","accepted","auto-accepted score=100"
"progesterone","progesterone","accepted","auto-accepted score=100"
"afamelanotide","afamelanotide","accepted","auto-accepted score=100"
"fluoxetine hydrochloride","fluoxetine","accepted","auto-accepted score=100"
"amikacin sulfate","amikacin sulfate","accepted","auto-accepted score=100"
"potassium chloride","potassium chloride","accepted","auto-accepted score=100"
"cangrelor","cangrelor","accepted","auto-accepted score=100"
"deferiprone","deferiprone","accepted","auto-accepted score=100"
"agomelatine","agomelatine","accepted","auto-accepted score=100"
"lurasidone","lurasidone","accepted","auto-accepted score=100"
"colchicine","colchicine","accepted","auto-accepted score=100"
"lebrikizumab","lebrikizumab","accepted","auto-accepted score=100"
"nimodipine","nimodipine","accepted","auto-accepted score=100"
"obinutuzumab","obinutuzumab","accepted","auto-accepted score=100"
"octenidine dihydrochloride","octenidine","accepted","auto-accepted score=100"
"desmopressin acetate","desmopressin","accepted","auto-accepted score=100"
"metoclopramide","metoclopramide","accepted","auto-accepted score=100"
"ferumoxytol","ferumoxytol","accepted","auto-accepted score=100"
"daclatasvir","daclatasvir","accepted","auto-accepted score=100"
"ivacaftor","ivacaftor","accepted","auto-accepted score=100"
"bumetanide","bumetanide","accepted","manual"
"posaconazole","posaconazole","accepted","auto-accepted score=100"
"naltrexone","naltrexone","accepted","auto-accepted score=100"
"methyl aminolevulinate","methyl aminolevulinate","accepted","auto-accepted score=100"
"ampicillin","ampicillin","accepted","auto-accepted score=100"
"dydrogesterone","progesterone","accepted","auto-accepted score 90-94"
"colistin","colistin","accepted","auto-accepted score=100"
"mepivacaine","mepivacaine","accepted","auto-accepted score=100"
"brexpiprazole","brexpiprazole","accepted","auto-accepted score=100"
"dabrafenib","dabrafenib","accepted","auto-accepted score=100"
"psilocybin","psilocybin","accepted","auto-accepted score=100"
"gantenerumab","gantenerumab","accepted","manual"
"etrolizumab","ocrelizumab","accepted","auto-accepted score 90-94"
"deutetrabenazine","deutetrabenazine","accepted","auto-accepted score=100"
"encorafenib","encorafenib","accepted","auto-accepted score=100"
"esketamine","esketamine","accepted","auto-accepted score=100"
"bempedoic acid","bempedoic acid","accepted","auto-accepted score=100"
"brodalumab","brodalumab","accepted","auto-accepted score=100"
"ipatasertib","ipatasertib","accepted","manual"
"tezepelumab","tezepelumab","accepted","auto-accepted score=100"
"pantoprazole","pantoprazole","accepted","auto-accepted score=100"
"isatuximab","isatuximab","accepted","auto-accepted score=100"
"sotatercept","sotatercept","accepted","auto-accepted score=100"
"cemdisiran","cemdisiran","accepted","auto-accepted score=100"
"rozanolixizumab","rozanolixizumab","accepted","auto-accepted score=100"
"ravulizumab","ravulizumab","accepted","auto-accepted score=100"
"tislelizumab","tislelizumab","accepted","auto-accepted score=100"
"pozelimab","pozelimab","accepted","auto-accepted score=100"
"sotorasib","sotorasib","accepted","auto-accepted score=100"
"telisotuzumab adizutecan","telisotuzumab adizutecan","accepted","manual"
"quetiapine","quetiapine","accepted","auto-accepted score=100"
"zoledronic acid","zoledronic acid","accepted","auto-accepted score=100"
"lithium carbonate","lithium carbonate","accepted","auto-accepted score=100"
"esmirtazapine","mirtazapine","accepted","auto-accepted score>=95"
"bosentan monohydrate","bosentan","accepted","manual"
"olmesartan medoxomil","olmesartan medoxomil","accepted","auto-accepted score=100"
"heparin","heparin","accepted","auto-accepted score=100"
"isotretinoin","isotretinoin","accepted","auto-accepted score=100"
"enfuvirtide","enfuvirtide","accepted","auto-accepted score=100"
"levosimendan","levosimendan","accepted","auto-accepted score=100"
"tenecteplase","tenecteplase","accepted","auto-accepted score=100"
"ziprasidone","ziprasidone","accepted","auto-accepted score=100"
"candesartan cilexetil","candesartan cilexetil","accepted","auto-accepted score=100"
"paliperidone palmitate","paliperidone palmitate","accepted","auto-accepted score=100"
"candesartan cilexetil","candesartan cilexetil","accepted","auto-accepted score=100"
"atazanavir","atazanavir","accepted","auto-accepted score=100"
"belatacept","belatacept","accepted","auto-accepted score=100"
"bimatoprost","bimatoprost","accepted","auto-accepted score=100"
"visilizumab","visilizumab","accepted","manual"
"esomeprazole","esomeprazole","accepted","auto-accepted score=100"
"tigecycline","tigecycline","accepted","auto-accepted score=100"
"ketoconazole","ketoconazole","accepted","auto-accepted score=100"
"daptomycin","daptomycin","accepted","auto-accepted score=100"
"certolizumab pegol","certolizumab pegol","accepted","auto-accepted score=100"
"naloxone","naloxone","accepted","auto-accepted score=100"
"tramadol hydrochloride","tramadol","accepted","auto-accepted score=100"
"oxycodone hydrochloride","oxycodone hydrochloride","accepted","auto-accepted score=100"
"levothyroxine sodium","levothyroxine","accepted","auto-accepted score=100"
"doxazosin","doxazosin","accepted","auto-accepted score=100"
"adefovir dipivoxil","adefovir dipivoxil","accepted","auto-accepted score=100"
"quetiapine fumarate sustained release","quetiapine","accepted","auto-accepted score=100"
"mitomycin c","mitomycin","accepted","auto-accepted score=100"
"ibuprofen","ibuprofen","accepted","auto-accepted score=100"
"atomoxetine","atomoxetine","accepted","auto-accepted score=100"
"levobupivacaine hydrochloride","levobupivacaine hydrochloride","accepted","auto-accepted score=100"
"zonisamide","zonisamide","accepted","auto-accepted score=100"
"brivaracetam","brivaracetam","accepted","auto-accepted score=100"
"lorazepam","lorazepam","accepted","auto-accepted score=100"
"clotrimazole","clotrimazole","accepted","auto-accepted score=100"
"ketorolac","ketorolac","accepted","auto-accepted score=100"
"gabapentin","gabapentin","accepted","auto-accepted score=100"
"amiodarone","amiodarone","accepted","auto-accepted score=100"
"lidocaine hydrochloride monohydrate","lidocaine","accepted","auto-accepted score=100"
"travoprost","travoprost","accepted","auto-accepted score=100"
"tipranavir","tipranavir","accepted","auto-accepted score=100"
"triamcinolone","triamcinolone","accepted","auto-accepted score=100"
"octreotide acetate","octreotide acetate","accepted","auto-accepted score=100"
"isoflurane","isoflurane","accepted","auto-accepted score=100"
"fesoterodine","fesoterodine","accepted","auto-accepted score=100"
"riluzole","riluzole","accepted","auto-accepted score=100"
"sodium bicarbonate","sodium bicarbonate","accepted","auto-accepted score=100"
"pramipexole","pramipexole","accepted","auto-accepted score=100"
"fondaparinux","fondaparinux","accepted","auto-accepted score=100"
"imipenem","imipenem","accepted","auto-accepted score=100"
"metoprolol tartrate","metoprolol","accepted","auto-accepted score=100"
"fluvoxamine","fluvoxamine","accepted","auto-accepted score=100"
"pimavanserin tartrate","pimavanserin","accepted","auto-accepted score=100"
"temocillin","temocillin","accepted","auto-accepted score=100"
"nitrofurantoin","nitrofurantoin","accepted","auto-accepted score=100"
"macitentan","macitentan","accepted","auto-accepted score=100"
"acetazolamide","acetazolamide","accepted","auto-accepted score=100"
"fosamprenavir","amprenavir","accepted","auto-accepted score 90-94"
"lamotrigine","lamotrigine","accepted","auto-accepted score=100"
"granisetron","granisetron","accepted","auto-accepted score=100"
"miglustat","miglustat","accepted","auto-accepted score=100"
"chlorhexidine gluconate","chlorhexidine","accepted","auto-accepted score=100"
"histidine","histidine","accepted","auto-accepted score=100"
"tryptophan","tryptophan","accepted","auto-accepted score=100"
"bupivacaine","bupivacaine","accepted","auto-accepted score=100"
"taspoglutide","taspoglutide","accepted","manual"
"otelixizumab","otelixizumab","accepted","manual"
"tofacitinib","tofacitinib","accepted","auto-accepted score=100"
"basiliximab","basiliximab","accepted","auto-accepted score=100"
"orlistat","orlistat","accepted","auto-accepted score=100"
"romosozumab","romosozumab","accepted","auto-accepted score=100"
"terbutaline sulfate","terbutaline","accepted","auto-accepted score=100"
"eplerenone","eplerenone","accepted","auto-accepted score=100"
"canakinumab","canakinumab","accepted","auto-accepted score=100"
"tretinoin","tretinoin","accepted","auto-accepted score=100"
"ferric carboxymaltose","ferric carboxymaltose","accepted","auto-accepted score=100"
"oxycodone","oxycodone","accepted","auto-accepted score=100"
"navitoclax","navitoclax","accepted","auto-accepted score=100"
"necitumumab","necitumumab","accepted","auto-accepted score=100"
"glycine","glycine","accepted","auto-accepted score=100"
"ivacaftor","ivacaftor","accepted","auto-accepted score=100"
"modafinil","modafinil","accepted","auto-accepted score=100"
"armodafinil","armodafinil","accepted","manual"
"prucalopride","prucalopride","accepted","auto-accepted score=100"
"romiplostim","romiplostim","accepted","auto-accepted score=100"
"varenicline","varenicline","accepted","auto-accepted score=100"
"cefazolin sodium","cefazolin","accepted","auto-accepted score=100"
"iron isomaltoside 1000","iron isomaltoside 1000","accepted","auto-accepted score=100"
"terbinafine hydrochloride","terbinafine hydrochloride","accepted","auto-accepted score=100"
"cediranib","cediranib","accepted","auto-accepted score=100"
"parathyroid hormone","parathyroid hormone","accepted","auto-accepted score=100"
"mirabegron","mirabegron","accepted","auto-accepted score=100"
"voclosporin","voclosporin","accepted","auto-accepted score=100"
"sirukumab","sirukumab","accepted","auto-accepted score=100"
"doripenem","doripenem","accepted","auto-accepted score=100"
"cannabidiol botanical drug substance cbd bds","cannabidiol","accepted","auto-accepted score=100"
"phenylephrine","phenylephrine","accepted","auto-accepted score=100"
"dexketoprofen","dexketoprofen","accepted","auto-accepted score=100"
"memantine","memantine","accepted","auto-accepted score=100"
"lurasidone","lurasidone","accepted","auto-accepted score=100"
"dulaglutide","dulaglutide","accepted","auto-accepted score=100"
"midodrine hydrochloride","midodrine","accepted","auto-accepted score=100"
"sodium alginate","sodium alginate","accepted","auto-accepted score=100"
"ziprasidone","ziprasidone","accepted","auto-accepted score=100"
"avibactam","avibactam","accepted","auto-accepted score=100"
"tryptophan","tryptophan","accepted","auto-accepted score=100"
"tremelimumab","tremelimumab","accepted","auto-accepted score=100"
"iohexol","iohexol","accepted","auto-accepted score=100"
"rilpivirine free base","rilpivirine","accepted","auto-accepted score=100"
"elvitegravir","elvitegravir","accepted","auto-accepted score=100"
"infigratinib","infigratinib","accepted","auto-accepted score=100"
"florbetaben 18f","florbetaben (18f)","accepted","auto-accepted score>=95"
"bilastine","bilastine","accepted","auto-accepted score=100"
"nitric oxide","nitric oxide","accepted","auto-accepted score=100"
"tafasitamab","tafasitamab","accepted","auto-accepted score=100"
"ferumoxtran-10","ferumoxtran","accepted","auto-accepted score 90-94"
"paritaprevir","paritaprevir","accepted","auto-accepted score=100"
"brimonidine","brimonidine","accepted","manual"
"ethambutol","ethambutol","accepted","auto-accepted score=100"
"emicizumab","emicizumab","accepted","auto-accepted score=100"
"daprodustat","daprodustat","accepted","auto-accepted score=100"
"tisagenlecleucel","tisagenlecleucel","accepted","auto-accepted score=100"
"evinacumab","evinacumab","accepted","auto-accepted score=100"
"savolitinib","savolitinib","accepted","manual"
"ipatasertib","ipatasertib","accepted","manual"
"relugolix","relugolix","accepted","auto-accepted score=100"
"hydrocortisone sodium phosphate","hydrocortisone","accepted","auto-accepted score=100"
"ertugliflozin","ertugliflozin","accepted","manual"
"delgocitinib","delgocitinib","accepted","auto-accepted score=100"
"itacitinib","itacitinib","accepted","auto-accepted score=100"
"bintrafusp alfa","bintrafusp alfa","accepted","auto-accepted score=100"
"sotorasib","sotorasib","accepted","auto-accepted score=100"
"tirzepatide","tirzepatide","accepted","auto-accepted score=100"
"epcoritamab","epcoritamab","accepted","auto-accepted score=100"
"etrasimod arginine blue","etrasimod arginine","accepted","auto-accepted score 90-94"
"glofitamab","glofitamab","accepted","auto-accepted score=100"
"odronextamab","odronextamab","accepted","auto-accepted score=100"
"flortaucipir","flortaucipir f-18","accepted","auto-accepted score 90-94"
"riliprubart","riliprubart","accepted","auto-accepted score=100"
"alitretinoin","alitretinoin","accepted","auto-accepted score=100"
"amlodipine besilate","amlodipine besilate","accepted","auto-accepted score=100"
"nelfinavir","nelfinavir","accepted","auto-accepted score=100"
"methylphenidate hydrochloride","methylphenidate hydrochloride","accepted","auto-accepted score=100"
"zidovudine","zidovudine","accepted","auto-accepted score=100"
"losartan","losartan","accepted","auto-accepted score=100"
"ibandronic acid","ibandronic acid","accepted","auto-accepted score=100"
"sevelamer","sevelamer","accepted","auto-accepted score=100"
"flurbiprofen","flurbiprofen","accepted","auto-accepted score=100"
"alendronic acid","alendronic acid","accepted","auto-accepted score=100"
"clindamycin phosphate","clindamycin","accepted","auto-accepted score=100"
"pasireotide","pasireotide","accepted","auto-accepted score=100"
"itraconazole","itraconazole","accepted","auto-accepted score=100"
"donepezil","donepezil","accepted","auto-accepted score=100"
"bexarotene","bexarotene","accepted","auto-accepted score=100"
"levocetirizine","levocetirizine","accepted","auto-accepted score=100"
"laquinimod","laquinimod","accepted","auto-accepted score=100"
"sertraline","sertraline","accepted","auto-accepted score=100"
"theophylline","theophylline","accepted","auto-accepted score=100"
"desflurane","desflurane","accepted","manual"
"flecainide","flecainide","accepted","auto-accepted score=100"
"bilastine","bilastine","accepted","auto-accepted score=100"
"imiquimod","imiquimod","accepted","auto-accepted score=100"
"vancomycin hydrochloride","vancomycin","accepted","auto-accepted score=100"
"iopamidol","iopamidol","accepted","manual"
"cefazolin","cefazolin","accepted","auto-accepted score=100"
"quetiapine fumarate","quetiapine","accepted","auto-accepted score=100"
"olmesartan medoxomil","olmesartan medoxomil","accepted","auto-accepted score=100"
"amlodipine besilate","amlodipine besilate","accepted","auto-accepted score=100"
"omeprazole","omeprazole","accepted","auto-accepted score=100"
"calcitriol","calcitriol","accepted","manual"
"meloxicam","meloxicam","accepted","auto-accepted score=100"
"teicoplanin","teicoplanin","accepted","auto-accepted score=100"
"phenytoin","phenytoin","accepted","auto-accepted score=100"
"piperacillin","piperacillin","accepted","auto-accepted score=100"
"lactic acid producing organisms","lactic acid","accepted","auto-accepted review 80-89"
"ubidecarenone","ubidecarenone","accepted","auto-accepted score=100"
"medical air","medical air","accepted","auto-accepted score=100"
"vitamin e","vitamin e","accepted","auto-accepted score=100"
"clozapine","clozapine","accepted","auto-accepted score=100"
"pantoprazole sodium","pantoprazole","accepted","auto-accepted score=100"
"losartan potassium","losartan","accepted","auto-accepted score=100"
"lorazepam","lorazepam","accepted","auto-accepted score=100"
"sapropterin","sapropterin","accepted","auto-accepted score=100"
"avotermin","avotermin","accepted","auto-accepted score=100"
"taurine","taurine","accepted","auto-accepted score=100"
"olmesartan","olmesartan","accepted","manual"
"alogliptin","alogliptin","accepted","auto-accepted score=100"
"teriparatide","teriparatide","accepted","auto-accepted score=100"
"casopitant","casopitant","accepted","auto-accepted score=100"
"eltrombopag","eltrombopag","accepted","auto-accepted score=100"
"bupivacaine hydrochloride","bupivacaine","accepted","auto-accepted score=100"
"ivermectin","ivermectin","accepted","auto-accepted score=100"
"nifedipine","nifedipine","accepted","auto-accepted score=100"
"ertapenem sodium","ertapenem sodium","accepted","auto-accepted score=100"
"zalutumumab","zalutumumab","accepted","manual"
"cinacalcet","cinacalcet","accepted","auto-accepted score=100"
"palonosetron","palonosetron","accepted","auto-accepted score=100"
"fenoldopam","fenoldopam","accepted","manual"
"teriflunomide","teriflunomide","accepted","auto-accepted score=100"
"catridecacog","catridecacog","accepted","auto-accepted score=100"
"saquinavir","saquinavir","accepted","auto-accepted score=100"
"stavudine","stavudine","accepted","auto-accepted score=100"
"riociguat","riociguat","accepted","auto-accepted score=100"
"dorzolamide","dorzolamide","accepted","auto-accepted score=100"
"pramipexole","pramipexole","accepted","auto-accepted score=100"
"nitroglycerin","nitroglycerin","accepted","auto-accepted score=100"
"dobutamine","dobutamine","accepted","auto-accepted score=100"
"ranitidine","ranitidine","accepted","auto-accepted score=100"
"verteporfin","verteporfin","accepted","auto-accepted score=100"
"dronabinol","dronabinol","accepted","auto-accepted score=100"
"fidaxomicin","fidaxomicin","accepted","auto-accepted score=100"
"clindamycin phosphate","clindamycin","accepted","auto-accepted score=100"
"alfentanil","alfentanil","accepted","auto-accepted score=100"
"aprotinin","aprotinin","accepted","auto-accepted score=100"
"donepezil hydrochloride","donepezil","accepted","auto-accepted score=100"
"belimumab","belimumab","accepted","auto-accepted score=100"
"buprenorphine hydrochloride","buprenorphine hydrochloride","accepted","auto-accepted score=100"
"naloxone hydrochloride dihydrate","naloxone hydrochloride dihydrate","accepted","auto-accepted score=100"
"salicylic acid","salicylic acid","accepted","auto-accepted score=100"
"chlorhexidine gluconate","chlorhexidine","accepted","auto-accepted score=100"
"rivastigmine","rivastigmine","accepted","auto-accepted score=100"
"romidepsin","romidepsin","accepted","auto-accepted score=100"
"oseltamivir","oseltamivir","accepted","auto-accepted score=100"
"phenprocoumon","phenprocoumon","accepted","auto-accepted score=100"
"degarelix","degarelix","accepted","auto-accepted score=100"
"zolpidem","zolpidem","accepted","auto-accepted score=100"
"cediranib","cediranib","accepted","auto-accepted score=100"
"romiplostim","romiplostim","accepted","auto-accepted score=100"
"cyanocobalamin","cyanocobalamin","accepted","auto-accepted score=100"
"ertapenem","ertapenem","accepted","auto-accepted score=100"
"ketamine hydrochloride","ketamine","accepted","auto-accepted score=100"
"clobazam","clobazam","accepted","manual"
"panobinostat","panobinostat","accepted","auto-accepted score=100"
"sufenta","sufentanil","accepted","auto-accepted score 90-94"
"laquinimod","laquinimod","accepted","auto-accepted score=100"
"clonazepam","clonazepam","accepted","auto-accepted score=100"
"pacritinib","ceritinib","accepted","auto-accepted score 90-94"
"gadoteridol","gadoteridol","accepted","auto-accepted score=100"
"carbidopa","carbidopa","accepted","auto-accepted score=100"
"imiquimod","imiquimod","accepted","auto-accepted score=100"
"etravirine","etravirine","accepted","auto-accepted score=100"
"leucine","leucine","accepted","auto-accepted score=100"
"lysine","lysine","accepted","auto-accepted score=100"
"rabeprazole sodium","rabeprazole","accepted","auto-accepted score=100"
"argatroban","argatroban","accepted","auto-accepted score=100"
"methadone hydrochloride","methadone","accepted","auto-accepted score=100"
"paliperidone","paliperidone","accepted","auto-accepted score=100"
"hydromorphone","hydromorphone","accepted","auto-accepted score=100"
"abacavir sulfato","abacavir","accepted","auto-accepted score=100"
"raltegravir potasio","raltegravir","accepted","auto-accepted score=100"
"edaravone","edaravone","accepted","auto-accepted score=100"
"rifapentine","rifapentine","accepted","manual"
"boceprevir","boceprevir","accepted","auto-accepted score=100"
"dexmedetomidine hydrochloride","dexmedetomidine hydrochloride","accepted","auto-accepted score=100"
"bezafibrate","bezafibrate","accepted","auto-accepted score=100"
"tolcapone","tolcapone","accepted","auto-accepted score=100"
"ataluren","ataluren","accepted","auto-accepted score=100"
"dorzolamide hydrochloride","dorzolamide","accepted","auto-accepted score=100"
"gadoxetic acid","gadoteric acid","accepted","auto-accepted score 90-94"
"midazolam","midazolam","accepted","auto-accepted score=100"
"amorolfine hydrochloride","amorolfine","accepted","manual"
"amitriptyline hydrochloride","amitriptyline","accepted","auto-accepted score=100"
"nelarabine","nelarabine","accepted","auto-accepted score=100"
"darunavir etanolato","darunavir","accepted","auto-accepted score=100"
"dovitinib","dovitinib","accepted","manual"
"timolol maleato","timolol","accepted","auto-accepted score=100"
"agalsidase alfa","agalsidase alfa","accepted","auto-accepted score=100"
"cariprazine","cariprazine","accepted","auto-accepted score=100"
"dextromethorphan","dextromethorphan","accepted","auto-accepted score=100"
"dronedarone","dronedarone","accepted","auto-accepted score=100"
"desmopressin","desmopressin","accepted","auto-accepted score=100"
"siltuximab","siltuximab","accepted","auto-accepted score=100"
"neomycin sulfate","neomycin","accepted","manual"
"alitretinoin","alitretinoin","accepted","auto-accepted score=100"
"levothyroxine","levothyroxine","accepted","auto-accepted score=100"
"lucitanib","lucitanib","accepted","manual"
"riluzole","riluzole","accepted","auto-accepted score=100"
"naloxone hydrochloride dihydrate","naloxone hydrochloride dihydrate","accepted","auto-accepted score=100"
"olokizumab","olokizumab","accepted","auto-accepted score=100"
"agalsidase beta","agalsidase beta","accepted","auto-accepted score=100"
"obeticholic acid","obeticholic acid","accepted","auto-accepted score=100"
"vemurafenib","vemurafenib","accepted","auto-accepted score=100"
"ketamine","ketamine","accepted","auto-accepted score=100"
"sebelipase alfa","sebelipase alfa","accepted","auto-accepted score=100"
"azithromycin","azithromycin","accepted","auto-accepted score=100"
"naltrexone hydrochloride","naltrexone","accepted","auto-accepted score=100"
"sodium bicarbonate","sodium bicarbonate","accepted","auto-accepted score=100"
"tetanus toxoid","tetanus toxoid","accepted","auto-accepted score=100"
"propafenone","propafenone","accepted","auto-accepted score=100"
"lesinurad","lesinurad","accepted","auto-accepted score=100"
"pyrimethamine","pyrimethamine","accepted","auto-accepted score=100"
"pimozide","pimozide","accepted","auto-accepted score=100"
"belatacept","belatacept","accepted","auto-accepted score=100"
"buparlisib","buparlisib","accepted","auto-accepted score=100"
"deferoxamine mesilate","deferoxamine","accepted","auto-accepted score=100"
"dexlansoprazole","lansoprazole","accepted","auto-accepted score 90-94"
"indapamide","indapamide","accepted","auto-accepted score=100"
"baricitinib","baricitinib","accepted","auto-accepted score=100"
"sulpiride","sulpiride","accepted","manual"
"pasireotide diaspartate","pasireotide","accepted","auto-accepted score=100"
"lixisenatide","lixisenatide","accepted","auto-accepted score=100"
"lurasidone hydrochloride","lurasidone","accepted","auto-accepted score=100"
"dexmedetomidine","dexmedetomidine","accepted","auto-accepted score=100"
"eculizumab","eculizumab","accepted","auto-accepted score=100"
"cobimetinib","cobimetinib","accepted","auto-accepted score=100"
"neostigmine methylsulfate","neostigmine","accepted","auto-accepted score=100"
"biotin","biotin","accepted","auto-accepted score=100"
"ertugliflozin","ertugliflozin","accepted","manual"
"serlopitant","serlopitant","accepted","manual"
"methyl aminolevulinate","methyl aminolevulinate","accepted","auto-accepted score=100"
"ganaxolone","ganaxolone","accepted","auto-accepted score=100"
"mirabegron","mirabegron","accepted","auto-accepted score=100"
"apremilast","apremilast","accepted","auto-accepted score=100"
"avibactam","avibactam","accepted","auto-accepted score=100"
"hydroxyzine","hydroxyzine","accepted","auto-accepted score=100"
"galcanezumab","galcanezumab","accepted","auto-accepted score=100"
"ombitasvir","ombitasvir","accepted","auto-accepted score=100"
"aducanumab","aducanumab","accepted","auto-accepted score=100"
"trametinib","trametinib","accepted","auto-accepted score=100"
"arimoclomol","arimoclomol","accepted","auto-accepted score=100"
"vericiguat","vericiguat","accepted","auto-accepted score=100"
"linaclotide","linaclotide","accepted","auto-accepted score=100"
"setmelanotide","setmelanotide","accepted","auto-accepted score=100"
"rozanolixizumab","rozanolixizumab","accepted","auto-accepted score=100"
"pemigatinib","pemigatinib","accepted","auto-accepted score=100"
"imlifidase","imlifidase","accepted","auto-accepted score=100"
"floxuridine","floxuridine","accepted","manual"
"nemolizumab","nemolizumab","accepted","auto-accepted score=100"
"relamorelin","relamorelin","accepted","manual"
"tislelizumab","tislelizumab","accepted","auto-accepted score=100"
"mirikizumab","mirikizumab","accepted","auto-accepted score=100"
"avapritinib","avapritinib","accepted","auto-accepted score=100"
"vidofludimus calcium","vidofludimus calcium","accepted","auto-accepted score=100"
"sodium zirconium cyclosilicate","sodium zirconium cyclosilicate","accepted","auto-accepted score=100"
"magnesium sulfate","magnesium sulfate","accepted","auto-accepted score=100"
"ligelizumab","ligelizumab","accepted","auto-accepted score=100"
"apremilast 10 mg","apremilast","accepted","auto-accepted score=100"
"apremilast 20 mg","apremilast","accepted","auto-accepted score=100"
"apremilast 30 mg","apremilast","accepted","auto-accepted score=100"
"elacestrant","elacestrant","accepted","auto-accepted score=100"
"etrasimod l-arginine","etrasimod arginine","accepted","auto-accepted score>=95"
"danazol","danazol","accepted","auto-accepted score=100"
"remibrutinib","remibrutinib","accepted","auto-accepted score=100"
"sodium lactate","sodium lactate","accepted","auto-accepted score=100"
"cilgavimab","cilgavimab","accepted","auto-accepted score=100"
"tixagevimab","tixagevimab","accepted","auto-accepted score=100"
"ladarixin","ladarixin","accepted","manual"
"idecabtagene vicleucel","idecabtagene vicleucel","accepted","auto-accepted score=100"
"ociperlimab","ociperlimab","accepted","manual"
"rasburicase","rasburicase","accepted","auto-accepted score=100"
"sotrovimab","sotrovimab","accepted","auto-accepted score=100"
"fentanyl hameln 50 microgram","fentanyl","accepted","auto-accepted score=100"
"botensilimab","botensilimab","accepted","manual"
"linvoseltamab","linvoseltamab","accepted","auto-accepted score=100"
"lithium","lithium","accepted","auto-accepted score=100"
"rocatinlimab","rocatinlimab","accepted","manual"
"crovalimab","crovalimab","accepted","auto-accepted score=100"
"frexalimab","frexalimab","accepted","auto-accepted score=100"
"repotrectinib (tpx-0005)","repotrectinib","accepted","auto-accepted score=100"
"lutikizumab","lebrikizumab","accepted","auto-accepted review 80-89"
"selpercatinib","selpercatinib","accepted","auto-accepted score=100"
"ublituximab","ublituximab","accepted","auto-accepted score=100"
"palivizumab","palivizumab","accepted","auto-accepted score=100"
"orlistat","orlistat","accepted","auto-accepted score=100"
"paliperidone","paliperidone","accepted","auto-accepted score=100"
"indinavir","indinavir","accepted","auto-accepted score=100"
"diclofenac sodium","diclofenac sodium","accepted","auto-accepted score=100"
"tadalafil","tadalafil","accepted","auto-accepted score=100"
"ubidecarenone","ubidecarenone","accepted","auto-accepted score=100"
"nitric oxide","nitric oxide","accepted","auto-accepted score=100"
"abacavir sulfate","abacavir","accepted","auto-accepted score=100"
"istradefylline","istradefylline","accepted","auto-accepted score=100"
"dextromethorphan","dextromethorphan","accepted","auto-accepted score=100"
"salicylic acid","salicylic acid","accepted","auto-accepted score=100"
"quetiapine fumarate","quetiapine","accepted","auto-accepted score=100"
"lithium carbonate","lithium carbonate","accepted","auto-accepted score=100"
"brivaracetam","brivaracetam","accepted","auto-accepted score=100"
"levocarnitine","levocarnitine","accepted","auto-accepted score=100"
"glimepiride","glimepiride","accepted","auto-accepted score=100"
"pegaspargase","pegaspargase","accepted","auto-accepted score=100"
"amiodarone","amiodarone","accepted","auto-accepted score=100"
"asparaginase","asparaginase","accepted","auto-accepted score=100"
"sulfasalazine","sulfasalazine","accepted","auto-accepted score=100"
"ergocalciferol","ergocalciferol","accepted","auto-accepted score=100"
"nitric oxide","nitric oxide","accepted","auto-accepted score=100"
"pancreatin","pancreatin","accepted","auto-accepted score=100"
"domperidone","domperidone","accepted","auto-accepted score=100"
"rotigotine","rotigotine","accepted","auto-accepted score=100"
"cabergoline","cabergoline","accepted","auto-accepted score=100"
"methoxsalen","methoxsalen","accepted","auto-accepted score=100"
"palifermin","palifermin","accepted","auto-accepted score=100"
"gemtuzumab ozogamicin","gemtuzumab ozogamicin","accepted","auto-accepted score=100"
"dinoprostone","dinoprostone","accepted","auto-accepted score=100"
"rosiglitazone","rosiglitazone","accepted","auto-accepted score=100"
"arginine","arginine","accepted","auto-accepted score=100"
"thrombin","thrombin","accepted","auto-accepted score=100"
"pioglitazone hydrochloride","pioglitazone hydrochloride","accepted","auto-accepted score=100"
"gemtuzumab","alemtuzumab","accepted","auto-accepted score 90-94"
"testosterone undecanoate","testosterone undecanoate","accepted","auto-accepted score=100"
"paroxetine hydrochloride","paroxetine","accepted","auto-accepted score=100"
"modafinil","modafinil","accepted","auto-accepted score=100"
"lisinopril","lisinopril","accepted","auto-accepted score=100"
"citalopram","citalopram","accepted","auto-accepted score=100"
"almotriptan","almotriptan malate","accepted","auto-accepted review 80-89"
"matuzumab","alemtuzumab","accepted","auto-accepted score 90-94"
"buprenorphine","buprenorphine","accepted","auto-accepted score=100"
"celecoxib","celecoxib","accepted","auto-accepted score=100"
"dexketoprofen","dexketoprofen","accepted","auto-accepted score=100"
"tazarotene","tazarotene","accepted","auto-accepted score=100"
"acetylcysteine","acetylcysteine","accepted","auto-accepted score=100"
"alglucosidase alfa","alglucosidase alfa","accepted","auto-accepted score=100"
"catumaxomab","catumaxomab","accepted","auto-accepted score=100"
"neostigmine","neostigmine","accepted","auto-accepted score=100"
"caffeine","caffeine","accepted","auto-accepted score=100"
"alendronic acid","alendronic acid","accepted","auto-accepted score=100"
"irbesartan","irbesartan","accepted","auto-accepted score=100"
"trofosfamide","ifosfamide","accepted","auto-accepted review 80-89"
"aprotinin","aprotinin","accepted","auto-accepted score=100"
"anakinra","anakinra","accepted","auto-accepted score=100"
"leflunomide","leflunomide","accepted","auto-accepted score=100"
"iomeprol","iomeprol","accepted","auto-accepted score=100"
"progesterone","progesterone","accepted","auto-accepted score=100"
"mitotane","mitotane","accepted","auto-accepted score=100"
"pantoprazole sodium sesquihydrate","pantoprazole","accepted","auto-accepted score=100"
"prilocaine","prilocaine","accepted","auto-accepted score=100"
"dorzolamide","dorzolamide","accepted","auto-accepted score=100"
"icosapent","icosapent","accepted","auto-accepted score=100"
"amikacin","amikacin","accepted","auto-accepted score=100"
"cabergoline","cabergoline","accepted","auto-accepted score=100"
"xylometazoline hydrochloride","xylometazoline","accepted","auto-accepted score=100"
"fentanyl citrate","fentanyl citrate","accepted","auto-accepted score=100"
"pioglitazone hydrochloride","pioglitazone hydrochloride","accepted","auto-accepted score=100"
"fentanyl","fentanyl","accepted","auto-accepted score=100"
"diphtheria toxoid","diphtheria toxoid","accepted","auto-accepted score=100"
"carbidopa monohydrate","carbidopa","accepted","auto-accepted score=100"
"icatibant","icatibant","accepted","auto-accepted score=100"
"vigabatrin","vigabatrin","accepted","auto-accepted score=100"
"moxifloxacin","moxifloxacin","accepted","auto-accepted score=100"
"sodium bicarbonate","sodium bicarbonate","accepted","auto-accepted score=100"
"rosiglitazone maleate","rosiglitazone","accepted","auto-accepted score=100"
"losartan potassium","losartan","accepted","auto-accepted score=100"
"miglustat","miglustat","accepted","auto-accepted score=100"
"capsaicin","capsaicin","accepted","auto-accepted score=100"
"methylphenidate","methylphenidate","accepted","auto-accepted score=100"
"oseltamivir phosphate","oseltamivir","accepted","auto-accepted score=100"
"toradol","tramadol","accepted","auto-accepted review 80-89"
"pralatrexate","pralatrexate","accepted","auto-accepted score=100"
"atovaquone","atovaquone","accepted","auto-accepted score=100"
"mirtazapine","mirtazapine","accepted","auto-accepted score=100"
"piritramide","piritramide","accepted","auto-accepted score=100"
"indinavir","indinavir","accepted","auto-accepted score=100"
"didanosine","didanosine","accepted","auto-accepted score=100"
"terbinafine hydrochloride","terbinafine hydrochloride","accepted","auto-accepted score=100"
"paliperidone palmitate","paliperidone palmitate","accepted","auto-accepted score=100"
"eptifibatide","eptifibatide","accepted","auto-accepted score=100"
"ganaxolone","ganaxolone","accepted","auto-accepted score=100"
"rasagiline","rasagiline","accepted","auto-accepted score=100"
"canakinumab proposed","canakinumab","accepted","auto-accepted score=100"
"fluvastatin","fluvastatin","accepted","auto-accepted score=100"
"metamizole sodium","metamizole","accepted","auto-accepted score=100"
"peramivir","peramivir","accepted","auto-accepted score=100"
"satavaptan","satavaptan","accepted","auto-accepted score=100"
"fosaprepitant","fosaprepitant","accepted","auto-accepted score=100"
"levocetirizine","levocetirizine","accepted","auto-accepted score=100"
"aldesleukin","aldesleukin","accepted","auto-accepted score=100"
"mupirocin","mupirocin","accepted","auto-accepted score=100"
"terlipressin","terlipressin","accepted","auto-accepted score=100"
"pardoprunox hydrochloride","pardoprunox","accepted","auto-accepted score=100"
"losartan potassium","losartan","accepted","auto-accepted score=100"
"doxycycline monohydrate","doxycycline","accepted","auto-accepted score=100"
"amoxicillin trihydrate","amoxicillin","accepted","auto-accepted score=100"
"gadofosveset trisodium","gadofosveset trisodium","accepted","auto-accepted score=100"
"atomoxetine hydrochloride","atomoxetine","accepted","auto-accepted score=100"
"urokinase","urokinase","accepted","auto-accepted score=100"
"amoxicillin","amoxicillin","accepted","auto-accepted score=100"
"sumatriptan","sumatriptan","accepted","auto-accepted score=100"
"levocarnitine","levocarnitine","accepted","auto-accepted score=100"
"cetrorelix","cetrorelix","accepted","auto-accepted score=100"
"gemtuzumab ozogamicin","gemtuzumab ozogamicin","accepted","auto-accepted score=100"
"cinaciguat","cinaciguat","accepted","auto-accepted score=100"
"oxybutynin hydrochloride","oxybutynin","accepted","auto-accepted score=100"
"betamethasone valerate","betamethasone valerate","accepted","auto-accepted score=100"
"permethrin","permethrin","accepted","auto-accepted score=100"
"isoleucine","isoleucine","accepted","auto-accepted score=100"
"lysine acetate","lysine","accepted","auto-accepted score=100"
"methionine","methionine","accepted","auto-accepted score=100"
"phenylalanine","phenylalanine","accepted","auto-accepted score=100"
"proline","proline","accepted","auto-accepted score=100"
"serine","serine","accepted","auto-accepted score=100"
"threonine","threonine","accepted","auto-accepted score=100"
"valine","valine","accepted","auto-accepted score=100"
"arginine hydrochloride","arginine","accepted","auto-accepted score=100"
"cysteine","cysteine","accepted","auto-accepted score=100"
"tyrosine","tyrosine","accepted","auto-accepted score=100"
"propafenone hydrochloride","propafenone","accepted","auto-accepted score=100"
"brimonidine tartrate","brimonidine tartrate","accepted","auto-accepted score=100"
"varenicline","varenicline","accepted","auto-accepted score=100"
"ulipristal","ulipristal","accepted","auto-accepted score=100"
"ridaforolimus","ridaforolimus","accepted","auto-accepted score=100"
"morphine sulfate","morphine sulfate","accepted","auto-accepted score=100"
"raltegravir potassium","raltegravir potassium","accepted","auto-accepted score=100"
"mannitol","mannitol","accepted","auto-accepted score=100"
"phenylephrine hydrochloride","phenylephrine","accepted","auto-accepted score=100"
"ganitumab","ganitumab","accepted","auto-accepted score=100"
"amiloride","amiloride","accepted","auto-accepted score=100"
"pasireotide lar","pasireotide","accepted","auto-accepted score=100"
"maraviroc","maraviroc","accepted","auto-accepted score=100"
"carisbamate","carisbamate","accepted","auto-accepted score=100"
"erythromycin","erythromycin","accepted","auto-accepted score=100"
"pralatrexate","pralatrexate","accepted","auto-accepted score=100"
"ropivacaine hydrochloride","ropivacaine hydrochloride","accepted","auto-accepted score=100"
"sodium fluoride","sodium fluoride","accepted","auto-accepted score=100"
"basiliximab","basiliximab","accepted","auto-accepted score=100"
"golimumab","golimumab","accepted","auto-accepted score=100"
"plitidepsin","plitidepsin","accepted","auto-accepted score=100"
"galantamine","galantamine","accepted","auto-accepted score=100"
"ganirelix","ganirelix","accepted","auto-accepted score=100"
"calcium","caplacizumab","accepted","auto-accepted review 80-89"
"ivermectin","ivermectin","accepted","auto-accepted score=100"
"preladenant","preladenant","accepted","auto-accepted score=100"
"ferumoxytol","ferumoxytol","accepted","auto-accepted score=100"
"atosiban","retosiban","accepted","auto-accepted review 80-89"
"ropinirole","ropinirole","accepted","auto-accepted score=100"
"cediranib","cediranib","accepted","auto-accepted score=100"
"eptifibatide","eptifibatide","accepted","auto-accepted score=100"
"ranolazine","ranolazine","accepted","auto-accepted score=100"
"esmolol hydrochloride","esmolol hydrochloride","accepted","auto-accepted score=100"
"flutemetamol 18f","flutemetamol","accepted","auto-accepted score=100"
"tinzaparin","tinzaparin","accepted","auto-accepted score=100"
"cariprazine hcl","cariprazine","accepted","auto-accepted score=100"
"sodium alginate","sodium alginate","accepted","auto-accepted score=100"
"dulaglutide","dulaglutide","accepted","auto-accepted score=100"
"plitidepsin","plitidepsin","accepted","auto-accepted score=100"
"liothyronine sodium","liothyronine","accepted","auto-accepted score=100"
"bisoprolol fumarate","bisoprolol","accepted","auto-accepted score=100"
"bromocriptine","bromocriptine","accepted","auto-accepted score=100"
"indapamide","indapamide","accepted","auto-accepted score=100"
"fusidic acid","fusidic acid","accepted","auto-accepted score=100"
"ofloxacin","ofloxacin","accepted","auto-accepted score=100"
"sevelamer carbonate","sevelamer carbonate","accepted","auto-accepted score=100"
"prucalopride","prucalopride","accepted","auto-accepted score=100"
"mavoglurant","mavoglurant","accepted","auto-accepted score=100"
"collagenase clostridium histolyticum","collagenase clostridium histolyticum","accepted","auto-accepted score=100"
"sorbitol","sorbitol","accepted","auto-accepted score=100"
"morphine","morphine","accepted","auto-accepted score=100"
"cidofovir","cidofovir","accepted","auto-accepted score=100"
"clazakizumab","canakinumab","accepted","auto-accepted review 80-89"
"adenosine","adenosine","accepted","auto-accepted score=100"
"pemirolast","apremilast","accepted","auto-accepted review 80-89"
"mecasermin","mecasermin","accepted","auto-accepted score=100"
"donepezil hydrochloride","donepezil","accepted","auto-accepted score=100"
"alisertib","alisertib","accepted","auto-accepted score=100"
"bupivacaine hydrochloride","bupivacaine","accepted","auto-accepted score=100"
"ferric carboxymaltose","ferric carboxymaltose","accepted","auto-accepted score=100"
"bisacodyl","bisacodyl","accepted","auto-accepted score=100"
"naloxone hydrochloride dihydrate","naloxone hydrochloride dihydrate","accepted","auto-accepted score=100"
"allopurinol","allopurinol","accepted","auto-accepted score=100"
"imipenem monohydrate","imipenem","accepted","auto-accepted score=100"
"eltrombopag olamine","eltrombopag olamine","accepted","auto-accepted score=100"
"telaprevir","telaprevir","accepted","auto-accepted score=100"
"sodium oxybate","sodium oxybate","accepted","auto-accepted score=100"
"cebranopadol","cebranopadol","accepted","auto-accepted score=100"
"vatelizumab","teplizumab","accepted","auto-accepted score 90-94"
"naloxone hydrochloride prolonged release","naloxone","accepted","auto-accepted score=100"
"fosamprenavir","amprenavir","accepted","auto-accepted score 90-94"
"pyridoxine hydrochloride","pyridoxine","accepted","auto-accepted score=100"
"roxadustat","roxadustat","accepted","auto-accepted score=100"
"emapalumab","emapalumab","accepted","auto-accepted score=100"
"acetazolamide","acetazolamide","accepted","auto-accepted score=100"
"cabotegravir free acid","cabotegravir","accepted","auto-accepted score=100"
"methyl aminolevulinate hydrochloride","methyl aminolevulinate hydrochloride","accepted","auto-accepted score=100"
"remimazolam","remimazolam","accepted","auto-accepted score=100"
"eravacycline","eravacycline","accepted","auto-accepted score=100"
"duvelisib","duvelisib","accepted","auto-accepted score=100"
"urofollitropin","urofollitropin","accepted","auto-accepted score=100"
"momelotinib dihydrochloride monohydrate","momelotinib dihydrochloride monohydrate","accepted","auto-accepted score=100"
"lactulose","lactose","accepted","auto-accepted score 90-94"
"metamizole","metamizole","accepted","auto-accepted score=100"
"bimagrumab","bimagrumab","accepted","auto-accepted score=100"
"riociguat","riociguat","accepted","auto-accepted score=100"
"samidorphan","samidorphan","accepted","auto-accepted score=100"
"fondaparinux sodium","fondaparinux sodium","accepted","auto-accepted score=100"
"palovarotene","palovarotene","accepted","auto-accepted score=100"
"esketamine esketamine for s-2-o-chlorophenyl-2-methylaminocyclohexanone","esketamine","accepted","auto-accepted score=100"
"obeticholic acid","obeticholic acid","accepted","auto-accepted score=100"
"burosumab","burosumab","accepted","auto-accepted score=100"
"andexanet alfa","andexanet alfa","accepted","auto-accepted score=100"
"entrectinib","entrectinib","accepted","auto-accepted score=100"
"avacincaptad pegol","avacincaptad pegol","accepted","auto-accepted score=100"
"vadadustat","vadadustat","accepted","auto-accepted score=100"
"elafibranor","elafibranor","accepted","auto-accepted score=100"
"ublituximab","ublituximab","accepted","auto-accepted score=100"
"concizumab","concizumab","accepted","auto-accepted score=100"
"indocyanine green","indocyanine green","accepted","auto-accepted score=100"
"platelet concentrate","platelets","accepted","auto-accepted score>=95"
"cangrelor","cangrelor","accepted","auto-accepted score=100"
"piclidenoson","piclidenoson","accepted","auto-accepted score=100"
"voxelotor","voxelotor","accepted","auto-accepted score=100"
"ublituximab","ublituximab","accepted","auto-accepted score=100"
"blinatumomab","blinatumomab","accepted","auto-accepted score=100"
"erdafitinib","erdafitinib","accepted","auto-accepted score=100"
"axicabtagene ciloleucel","axicabtagene ciloleucel","accepted","auto-accepted score=100"
"mavacamten","mavacamten","accepted","auto-accepted score=100"
"vibegron","vibegron","accepted","auto-accepted score=100"
"seladelpar","seladelpar","accepted","auto-accepted score=100"
"cefepime hydrochloride","cefepime","accepted","auto-accepted score=100"
"selexipag","selexipag","accepted","auto-accepted score=100"
"capmatinib","capmatinib","accepted","auto-accepted score=100"
"pegcetacoplan","pegcetacoplan","accepted","auto-accepted score=100"
"brazikumab","briakinumab","accepted","auto-accepted review 80-89"
"lanadelumab","lanadelumab","accepted","auto-accepted score=100"
"tedizolid","tedizolid","accepted","auto-accepted score=100"
"fezolinetant","fezolinetant","accepted","auto-accepted score=100"
"evobrutinib","tolebrutinib","accepted","auto-accepted review 80-89"
"erenumab","erenumab","accepted","auto-accepted score=100"
"fazirsiran","fazirsiran","accepted","auto-accepted score=100"
"lazertinib","alectinib","accepted","auto-accepted review 80-89"
"mezagitamab","mezagitamab","accepted","auto-accepted score=100"
"eptinezumab","eptinezumab","accepted","auto-accepted score=100"
"spesolimab","spesolimab","accepted","auto-accepted score=100"
"finerenone","finerenone","accepted","auto-accepted score=100"
"evenamide","exenatide","accepted","auto-accepted review 80-89"
"favipiravir","favipiravir","accepted","auto-accepted score=100"
"ritlecitinib","ritlecitinib","accepted","auto-accepted score=100"
"tiragolumab","tiragolumab","accepted","auto-accepted score=100"
"depemokimab","depemokimab","accepted","auto-accepted score=100"
"lecanemab","lecanemab","accepted","auto-accepted score=100"
"cenegermin","cenegermin","accepted","auto-accepted score=100"
"sodium thiosulfate","sodium thiosulfate","accepted","auto-accepted score=100"
"nirmatrelvir","nirmatrelvir|ritonavir","accepted","auto-accepted review 80-89"
"ketamine renaudin 10 mg","ketamine","accepted","auto-accepted score=100"
"tozorakimab","tozorakimab","accepted","auto-accepted score=100"
"retifanlimab (incmga00012)","retifanlimab","accepted","auto-accepted score=100"
"axatilimab (inca034176)","daxdilimab","accepted","auto-accepted review 80-89"
"deucravacitinib","deucravacitinib","accepted","auto-accepted score=100"
"oleclumab","oleclumab","accepted","auto-accepted score=100"
"morphine hcl sterop 10mg","morphine","accepted","auto-accepted score=100"
"aficamten","aficamten","accepted","auto-accepted score=100"
"colchicine tiofarma 500 microgram tablets","colchicine","accepted","auto-accepted score=100"
"diphenhydramine hydrochloride tablets 50 mg","diphenhydramine","accepted","auto-accepted score=100"
"glofitamab","glofitamab","accepted","auto-accepted score=100"
"cenobamate 10mg","cenobamate","accepted","auto-accepted score=100"
"venglustat gz402671 - sar402671","venglustat","accepted","auto-accepted score=100"
"acasunlimab","sasanlimab","accepted","auto-accepted review 80-89"
"tovorafenib","tovorafenib","accepted","auto-accepted score=100"
"revumenib","vemurafenib","accepted","auto-accepted review 80-89"
"ketamine renaudin 50 mg","ketamine","accepted","auto-accepted score=100"
"methyl aminolevulinate hydrochloride","methyl aminolevulinate hydrochloride","accepted","auto-accepted score=100"
"phenserine tartrate","phenylephrine","accepted","auto-accepted review 80-89"
"dinoprostone","dinoprostone","accepted","auto-accepted score=100"
"triptorelin acetate","triptorelin acetate","accepted","auto-accepted score=100"
"alteplase","alteplase","accepted","auto-accepted score=100"
"calcium leucovorin","caplacizumab","accepted","auto-accepted review 80-89"
"aprepitant","aprepitant","accepted","auto-accepted score=100"
"amprenavir","amprenavir","accepted","auto-accepted score=100"
"zalcitabine","ancitabine","accepted","auto-accepted score 90-94"
"telbivudine","telbivudine","accepted","auto-accepted score=100"
"ganciclovir","ganciclovir","accepted","auto-accepted score=100"
"risedronic acid","risedronic acid","accepted","auto-accepted score=100"
"methylphenidate hydrochloride","methylphenidate hydrochloride","accepted","auto-accepted score=100"
"gliclazide","gliclazide","accepted","auto-accepted score=100"
"ralfinamide","procainamide","accepted","auto-accepted review 80-89"
"defibrotide","defibrotide","accepted","auto-accepted score=100"
"calcium","caplacizumab","accepted","auto-accepted review 80-89"
"epoetin omega","epoetin beta","accepted","auto-accepted review 80-89"
"cefuroxime","cefuroxime","accepted","auto-accepted score=100"
"estradiol","estradiol","accepted","auto-accepted score=100"
"otamixaban","apixaban","accepted","auto-accepted review 80-89"
"gadodiamide","gadodiamide","accepted","auto-accepted score=100"
"carvedilol","carvedilol","accepted","auto-accepted score=100"
"gadodiamide","gadodiamide","accepted","auto-accepted score=100"
"donepezil hydrochloride","donepezil","accepted","auto-accepted score=100"
"icodextrin","icodextrin","accepted","auto-accepted score=100"
"epratuzumab","pertuzumab","accepted","auto-accepted score 90-94"
"lisuride","lisuride","accepted","auto-accepted score=100"
"sarizotan hydrochloride","irbesartan hydrochloride","accepted","auto-accepted review 80-89"
"varenicline tartrate","varenicline","accepted","auto-accepted score=100"
"asparaginase","asparaginase","accepted","auto-accepted score=100"
"heparin sodium","heparin sodium","accepted","auto-accepted score=100"
"methoxsalen","methoxsalen","accepted","auto-accepted score=100"
"desloratadine","desloratadine","accepted","auto-accepted score=100"
"sevelamer","sevelamer","accepted","auto-accepted score=100"
"alfuzosin","alfuzosin","accepted","auto-accepted score=100"
"rocuronium bromide","rocuronium bromide","accepted","auto-accepted score=100"
"sodium nitroprusside","sodium nitroprusside","accepted","auto-accepted score=100"
"levocetirizine dihydrochloride","levocetirizine","accepted","auto-accepted score=100"
"gadobenate dimeglumine","gadobenate dimeglumine","accepted","auto-accepted score=100"
"atomoxetine hydrochloride","atomoxetine","accepted","auto-accepted score=100"
"amisulpride","aramisulpride","accepted","auto-accepted score>=95"
"lonafarnib","lonafarnib","accepted","auto-accepted score=100"
"iratumumab","panitumumab","accepted","auto-accepted review 80-89"
"cloretazine","creatine","accepted","auto-accepted review 80-89"
"gabapentin","gabapentin","accepted","auto-accepted score=100"
"isoniazid","isoniazid","accepted","auto-accepted score=100"
"iohexol","iohexol","accepted","auto-accepted score=100"
"ethinyl estradiol","ethinylestradiol","accepted","auto-accepted score>=95"
"memantine hydrochloride","memantine hydrochloride","accepted","auto-accepted score=100"
"chlorhexidine digluconate","chlorhexidine","accepted","auto-accepted score=100"
"parathyroid hormone","parathyroid hormone","accepted","auto-accepted score=100"
"sildenafil as citrate","sildenafil","accepted","auto-accepted score=100"
"vicriviroc","vicriviroc","accepted","auto-accepted score=100"
"dexlansoprazole","lansoprazole","accepted","auto-accepted score 90-94"
"histamine dihydrochloride","histamine dihydrochloride","accepted","auto-accepted score=100"
"oxcarbazepine","oxcarbazepine","accepted","auto-accepted score=100"
"miglustat","miglustat","accepted","auto-accepted score=100"
"tipranavir","tipranavir","accepted","auto-accepted score=100"
"certolizumab pegol rinn","certolizumab pegol","accepted","auto-accepted score 90-94"
"ascorbic acid","ascorbic acid","accepted","auto-accepted score=100"
"palonosetron","palonosetron","accepted","auto-accepted score=100"
"lormetazepam","lormetazepam","accepted","auto-accepted score=100"
"hyaluronic acid","hyaluronic acid","accepted","auto-accepted score=100"
"aprotinin","aprotinin","accepted","auto-accepted score=100"
"petrolatum","petrolatum, white","accepted","auto-accepted review 80-89"
"bivalirudin","bivalirudin","accepted","auto-accepted score=100"
"selenium","selenium","accepted","auto-accepted score=100"
"eplivanserin","pimavanserin","accepted","auto-accepted review 80-89"
"niacin","niacin","accepted","auto-accepted score=100"
"nimotuzumab","nimotuzumab","accepted","auto-accepted score=100"
"genotropin","menotropins","accepted","auto-accepted score 90-94"
"icatibant acetate","icatibant acetate","accepted","auto-accepted score=100"
"glutathione","glutathione","accepted","auto-accepted score=100"
"gadobenate dimeglumine","gadobenate dimeglumine","accepted","auto-accepted score=100"
"ampicillin sodium","ampicillin","accepted","auto-accepted score=100"
"zestril","estriol","accepted","auto-accepted score 90-94"
"esmolol","esmolol","accepted","auto-accepted score=100"
"mifepristone","mifepristone","accepted","auto-accepted score=100"
"atazanavir sulfate","atazanavir","accepted","auto-accepted score=100"
"sodium fluoride","sodium fluoride","accepted","auto-accepted score=100"
"ethinyl estradiol","ethinylestradiol","accepted","auto-accepted score>=95"
"finasteride","finasteride","accepted","auto-accepted score=100"
"diltiazem hydrochloride","lidocaine hydrochloride","accepted","auto-accepted review 80-89"
"nitrogen","nitroglycerin","accepted","auto-accepted review 80-89"
"escitalopram oxalate","citalopram","accepted","auto-accepted score 90-94"
"interferon beta 1a","interferon","accepted","auto-accepted score=100"
"capsaicin 0.05 creme","capsaicin","accepted","auto-accepted score=100"
"ketoconazole","ketoconazole","accepted","auto-accepted score=100"
"methionine","methionine","accepted","auto-accepted score=100"
"satavaptan phosphate monohydrate","satavaptan","accepted","auto-accepted score=100"
"pirfenidone","pirfenidone","accepted","auto-accepted score=100"
"ganirelix","ganirelix","accepted","auto-accepted score=100"
"saquinavir","saquinavir","accepted","auto-accepted score=100"
"terbinafine hydrochloride","terbinafine hydrochloride","accepted","auto-accepted score=100"
"metronidazole","metronidazole","accepted","auto-accepted score=100"
"vinflunine ditartrate","vinflunine","accepted","auto-accepted score=100"
"betamethasone","betamethasone","accepted","auto-accepted score=100"
"vardenafil","vardenafil","accepted","auto-accepted score=100"
"nitrous oxide","nitrous oxide","accepted","auto-accepted score=100"
"dinutuximab beta","dinutuximab beta","accepted","auto-accepted score=100"
"dactinomycin","dactinomycin","accepted","auto-accepted score=100"
"fusidic acid","fusidic acid","accepted","auto-accepted score=100"
"morphine sulfate","morphine sulfate","accepted","auto-accepted score=100"
"sevelamer","sevelamer","accepted","auto-accepted score=100"
"sumatriptan","sumatriptan","accepted","auto-accepted score=100"
"clozapine","clozapine","accepted","auto-accepted score=100"
"nelfinavir","nelfinavir","accepted","auto-accepted score=100"
"amprenavir","amprenavir","accepted","auto-accepted score=100"
"morphine sulfate","morphine sulfate","accepted","auto-accepted score=100"
"ibandronic acid","ibandronic acid","accepted","auto-accepted score=100"
"oxcarbazepine","oxcarbazepine","accepted","auto-accepted score=100"
"telbivudine","telbivudine","accepted","auto-accepted score=100"
"sulbactam","sulbactam","accepted","auto-accepted score=100"
"avt-01","avx-001","accepted","auto-accepted review 80-89"
"cetrorelix","cetrorelix","accepted","auto-accepted score=100"
"alendronic acid","alendronic acid","accepted","auto-accepted score=100"
"clarithromycin","clarithromycin","accepted","auto-accepted score=100"
"dexpanthenol","dexpanthenol","accepted","auto-accepted score=100"
"zolpidem","zolpidem","accepted","auto-accepted score=100"
"ergocalciferol","ergocalciferol","accepted","auto-accepted score=100"
"pentoxifylline","pentoxifylline","accepted","auto-accepted score=100"
"isosorbide mononitrate","isosorbide mononitrate","accepted","auto-accepted score=100"
"inotuzumab ozogamicin","inotuzumab ozogamicin","accepted","auto-accepted score=100"
"benzoyl peroxide","benzoyl peroxide","accepted","auto-accepted score=100"
"ramelteon","tasimelteon","accepted","auto-accepted review 80-89"
"abacavir sulfate","abacavir","accepted","auto-accepted score=100"
"avt-01 decoy odn","avx-001","accepted","auto-accepted review 80-89"
"deferoxamine","deferoxamine","accepted","auto-accepted score=100"
"leflunomide","leflunomide","accepted","auto-accepted score=100"
"clevudine","clevudine","accepted","auto-accepted score=100"
"naloxone hydrochloride","naloxone","accepted","auto-accepted score=100"
"sodium lactate","sodium lactate","accepted","auto-accepted score=100"
"ambroxol","ambroxol","accepted","auto-accepted score=100"
"idursulfase","idursulfase","accepted","auto-accepted score=100"
"sotrastaurin inn acetate","rosuvastatin","accepted","auto-accepted review 80-89"
"rimonabant","rimonabant","accepted","auto-accepted score=100"
"sulbactam","sulbactam","accepted","auto-accepted score=100"
"doxycycline","doxycycline","accepted","auto-accepted score=100"
"voriconazole","voriconazole","accepted","auto-accepted score=100"
"caffeine citrate","caffeine citrate","accepted","auto-accepted score=100"
"imiglucerase","imiglucerase","accepted","auto-accepted score=100"
"domperidone","domperidone","accepted","auto-accepted score=100"
"metoprolol","metoprolol","accepted","auto-accepted score=100"
"vosaroxin","vosaroxin","accepted","auto-accepted score=100"
"ferrous sulfate","ferrous sulfate","accepted","auto-accepted score=100"
"clobazam","clonazepam","accepted","auto-accepted review 80-89"
"nitrofurantoin","nitrofurantoin","accepted","auto-accepted score=100"
"ketoconazole","ketoconazole","accepted","auto-accepted score=100"
"maribavir","maribavir","accepted","auto-accepted score=100"
"valrubicin","idarubicin","accepted","auto-accepted review 80-89"
"colistin","colistin","accepted","auto-accepted score=100"
"fosfomycin","fosfomycin","accepted","auto-accepted score=100"
"mapatumumab","daratumumab","accepted","auto-accepted review 80-89"
"codeine","codeine","accepted","auto-accepted score=100"
"azelastine hydrochloride","azelastine","accepted","auto-accepted score=100"
"losartan potasico","losartan","accepted","auto-accepted score=100"
"vigantol oel tm","vilanterol","accepted","auto-accepted review 80-89"
"loxapine","loxapine","accepted","auto-accepted score=100"
"linezolid","linezolid","accepted","auto-accepted score=100"
"mianserin","mianserin","accepted","auto-accepted score=100"
"trazodone","trazodone","accepted","auto-accepted score=100"
"oxycodone hydrochloride","oxycodone hydrochloride","accepted","auto-accepted score=100"
"aspartic acid","aspartic acid","accepted","auto-accepted score=100"
"lithium carbonate","lithium carbonate","accepted","auto-accepted score=100"
"naloxone hydrochloride","naloxone","accepted","auto-accepted score=100"
"testosterone undecanoate","testosterone undecanoate","accepted","auto-accepted score=100"
"thrombin","thrombin","accepted","auto-accepted score=100"
"inotuzumab ozogamicin","inotuzumab ozogamicin","accepted","auto-accepted score=100"
"varenicline","varenicline","accepted","auto-accepted score=100"
"zopiclone","zopiclone","accepted","auto-accepted score=100"
"metoclopramide","metoclopramide","accepted","auto-accepted score=100"
"afamelanotide","afamelanotide","accepted","auto-accepted score=100"
"zolpidem tartrate","zolpidem","accepted","auto-accepted score=100"
"bupivacaine hydrochloride","bupivacaine","accepted","auto-accepted score=100"
"nicotine","nicotine","accepted","auto-accepted score=100"
"terbinafine","terbinafine","accepted","auto-accepted score=100"
"amlodipine besylate","amlodipine","accepted","auto-accepted score=100"
"naloxone","naloxone","accepted","auto-accepted score=100"
"florbetapir 18f","florbetapir (18f)","accepted","auto-accepted score>=95"
"regadenoson","regadenoson","accepted","auto-accepted score=100"
"zanamivir","zanamivir","accepted","auto-accepted score=100"
"amantadine","amantadine","accepted","auto-accepted score=100"
"losartan potassium","losartan","accepted","auto-accepted score=100"
"lercanidipine","lercanidipine","accepted","auto-accepted score=100"
"benzydamine","benzydamine","accepted","auto-accepted score=100"
"colistin mesilate sodium","colistin","accepted","auto-accepted score=100"
"isoflurane","isoflurane","accepted","auto-accepted score=100"
"mitomycin","mitomycin","accepted","auto-accepted score=100"
"ceftazidime pentahydrate","ceftazidime","accepted","auto-accepted score=100"
"farletuzumab","farletuzumab","accepted","auto-accepted score=100"
"arginine","arginine","accepted","auto-accepted score=100"
"pancreas powder","pancreas","accepted","auto-accepted score=100"
"rilpivirine","rilpivirine","accepted","auto-accepted score=100"
"mipomersen","mipomersen","accepted","auto-accepted score=100"
"lorazepam","lorazepam","accepted","auto-accepted score=100"
"irbesartan and diuretics","irbesartan","accepted","auto-accepted score=100"
"rilonacept","rilonacept","accepted","auto-accepted score=100"
"inotuzumab ozogamicin","inotuzumab ozogamicin","accepted","auto-accepted score=100"
"solanezumab","tanezumab","accepted","auto-accepted review 80-89"
"ciclopirox olamine","ciclopirox","accepted","auto-accepted score=100"
"tazobactam sodico","tazobactam","accepted","auto-accepted score=100"
"enalapril maleato","enalapril (maleate)","accepted","auto-accepted score 90-94"
"magnesium sulfate","magnesium sulfate","accepted","auto-accepted score=100"
"vigantol oil","vilanterol","accepted","auto-accepted review 80-89"
"linsitinib","linsitinib","accepted","auto-accepted score=100"
"buprenorphine hydrochloride","buprenorphine hydrochloride","accepted","auto-accepted score=100"
"dexibuprofen","dexibuprofen","accepted","auto-accepted score=100"
"haloperidol","haloperidol","accepted","auto-accepted score=100"
"fludeoxyglucose 18f","fludeoxyglucose","accepted","auto-accepted score=100"
"lisdexamfetamine dimesylate","dexamfetamine","accepted","auto-accepted score 90-94"
"idebenone","idebenone","accepted","auto-accepted score=100"
"arginine hydrochlorid","arginine","accepted","auto-accepted score=100"
"aspartic acid","aspartic acid","accepted","auto-accepted score=100"
"glutamic acid","glutamic acid","accepted","auto-accepted score=100"
"benserazide hydrochloride","benserazide","accepted","auto-accepted score=100"
"clodronic acid","clodronic acid","accepted","auto-accepted score=100"
"hydromorphone hydrochloride","hydromorphone hydrochloride","accepted","auto-accepted score=100"
"rasagiline mesylate","rasagiline","accepted","auto-accepted score=100"
"catumaxomab","catumaxomab","accepted","auto-accepted score=100"
"caspofungin acetate","caspofungin acetate","accepted","auto-accepted score=100"
"tinzaparin sodium","tinzaparin","accepted","auto-accepted score=100"
"volasertib","alisertib","accepted","auto-accepted review 80-89"
"doripenem monohydrate","doripenem","accepted","auto-accepted score=100"
"mepivacaine","mepivacaine","accepted","auto-accepted score=100"
"cefepime dihydrochloride monohydrate","cefepime","accepted","auto-accepted score=100"
"isotretinoin","isotretinoin","accepted","auto-accepted score=100"
"chlorhexidine","chlorhexidine","accepted","auto-accepted score=100"
"droperidol","droperidol","accepted","auto-accepted score=100"
"nitrous oxide","nitrous oxide","accepted","auto-accepted score=100"
"folic acid","folic acid","accepted","auto-accepted score=100"
"testosterone cyclodextrine","testosterone","accepted","auto-accepted score=100"
"benserazide","benserazide","accepted","auto-accepted score=100"
"human coagulation factor viii","human coagulation factor ix","accepted","auto-accepted score>=95"
"gadoteric acid","gadoteric acid","accepted","auto-accepted score=100"
"finasteride","finasteride","accepted","auto-accepted score=100"
"rupatadine","rupatadine","accepted","auto-accepted score=100"
"mupirocin","mupirocin","accepted","auto-accepted score=100"
"tasquinimod","laquinimod","accepted","auto-accepted score 90-94"
"tenofovir disoproxil as fumarate","tenofovir disoproxil fumarate","accepted","auto-accepted score 90-94"
"rolapitant","rolapitant","accepted","auto-accepted score=100"
"sulfamethoxazole","sulfamethoxazole","accepted","auto-accepted score=100"
"urokinase","urokinase","accepted","auto-accepted score=100"
"anamorelin hcl","anamorelin hydrochloride","accepted","auto-accepted review 80-89"
"pegvisomant","pegvisomant","accepted","auto-accepted score=100"
"promestriene","progesterone","accepted","auto-accepted review 80-89"
"florbetapir 18f","florbetapir (18f)","accepted","auto-accepted score>=95"
"amlodipine amlodipine besylate","amlodipine","accepted","auto-accepted score=100"
"prilocaine","prilocaine","accepted","auto-accepted score=100"
"iopamidol","palmidrol","accepted","auto-accepted review 80-89"
"meropenem trihydrate","meropenem","accepted","auto-accepted score=100"
"sodium oxybate","sodium oxybate","accepted","auto-accepted score=100"
"adefovir dipivoxil","adefovir dipivoxil","accepted","auto-accepted score=100"
"magnesium","magnesium","accepted","auto-accepted score=100"
"tralokinumab","tralokinumab","accepted","auto-accepted score=100"
"serelaxin","serelaxin","accepted","auto-accepted score=100"
"benznidazole","benznidazole","accepted","auto-accepted score=100"
"dextromethorphan hydrobromide","dextromethorphan hydrobromide","accepted","auto-accepted score=100"
"lonoctocog alfa","lonoctocog alfa","accepted","auto-accepted score=100"
"sotalol","sotalol","accepted","auto-accepted score=100"
"dalotuzumab","elotuzumab","accepted","auto-accepted score 90-94"
"verapamil","verapamil","accepted","auto-accepted score=100"
"fimaporfin","fimaporfin","accepted","auto-accepted score=100"
"ceftaroline fosamil","ceftaroline fosamil","accepted","auto-accepted score=100"
"mogamulizumab","mogamulizumab","accepted","auto-accepted score=100"
"lebrikizumab","lebrikizumab","accepted","auto-accepted score=100"
"tasimelteon","tasimelteon","accepted","auto-accepted score=100"
"sodium lactate","sodium lactate","accepted","auto-accepted score=100"
"ingenol mebutate","ingenol mebutate","accepted","auto-accepted score=100"
"esketamine","esketamine","accepted","auto-accepted score=100"
"sotatercept","sotatercept","accepted","auto-accepted score=100"
"testosterone undecanoate","testosterone undecanoate","accepted","auto-accepted score=100"
"hydroxychloroquine","hydroxychloroquine","accepted","auto-accepted score=100"
"pyridostigmine bromide","rivastigmine","accepted","auto-accepted review 80-89"
"terbutaline","terbutaline","accepted","auto-accepted score=100"
"enalapril maleate","enalapril (maleate)","accepted","auto-accepted score>=95"
"pantoprazole","pantoprazole","accepted","auto-accepted score=100"
"enalapril maleate","enalapril (maleate)","accepted","auto-accepted score>=95"
"desonide","desonide","accepted","auto-accepted score=100"
"terbutaline","terbutaline","accepted","auto-accepted score=100"
"buspirone hydrochloride","erlotinib hydrochloride","accepted","auto-accepted review 80-89"
"daclatasvir","daclatasvir","accepted","auto-accepted score=100"
"faldaprevir","faldaprevir","accepted","auto-accepted score=100"
"rigosertib","rigosertib","accepted","auto-accepted score=100"
"calcium acetate","caplacizumab","accepted","auto-accepted review 80-89"
"pacritinib","ceritinib","accepted","auto-accepted score 90-94"
"paritaprevir","paritaprevir","accepted","auto-accepted score=100"
"nicardipine","nicardipine","accepted","auto-accepted score=100"
"diclofenac diethylamine","diclofenac","accepted","auto-accepted score=100"
"sodium sulfate anhydrous","sodium sulfate anhydrous","accepted","auto-accepted score=100"
"refametinib","trametinib","accepted","auto-accepted review 80-89"
"givinostat hydrochloride monohydrate","givinostat hydrochloride monohydrate","accepted","auto-accepted score=100"
"ianalumab","ianalumab","accepted","auto-accepted score=100"
"linaclotide","linaclotide","accepted","auto-accepted score=100"
"dexketoprofen as trometamol","dexketoprofen","accepted","auto-accepted score=100"
"naldemedine","naldemedine","accepted","auto-accepted score=100"
"namilumab","imalumab","accepted","auto-accepted score 90-94"
"potassium citrate","potassium citrate","accepted","auto-accepted score=100"
"sodium citrate","sodium citrate","accepted","auto-accepted score=100"
"potassium","potassium","accepted","auto-accepted score=100"
"magnesium","magnesium","accepted","auto-accepted score=100"
"sertraline hydrochloride","sertraline","accepted","auto-accepted score=100"
"danirixin","danirixin","accepted","auto-accepted score=100"
"hydroxychloroquine sulfate","hydroxychloroquine","accepted","auto-accepted score=100"
"etrolizumab","ocrelizumab","accepted","auto-accepted score 90-94"
"ceftobiprole medocaril sodium","ceftobiprole medocaril","accepted","auto-accepted score 90-94"
"clonidine","clonidine","accepted","auto-accepted score=100"
"ocriplasmin","ocriplasmin","accepted","auto-accepted score=100"
"vigabatrin","vigabatrin","accepted","auto-accepted score=100"
"nalbuphine hydrochloride","nalbuphine","accepted","auto-accepted score=100"
"teprotumumab","teprotumumab","accepted","auto-accepted score=100"
"cysteamine bitartrate","cysteamine","accepted","auto-accepted score=100"
"retosiban","retosiban","accepted","auto-accepted score=100"
"florbetaben","florbetaben (18f)","accepted","auto-accepted review 80-89"
"roxadustat","roxadustat","accepted","auto-accepted score=100"
"glucagon hydrochloride","glucagon","accepted","auto-accepted score=100"
"sparsentan","sparsentan","accepted","auto-accepted score=100"
"migalastat","migalastat","accepted","auto-accepted score=100"
"vonicog alfa","vonicog alfa","accepted","auto-accepted score=100"
"nusinersen","nusinersen","accepted","auto-accepted score=100"
"enobosarm","enobosarm","accepted","auto-accepted score=100"
"triheptanoin","tretinoin","accepted","auto-accepted review 80-89"
"colchicine","colchicine","accepted","auto-accepted score=100"
"hydrocortisone butyrate","hydrocortisone","accepted","auto-accepted score=100"
"olaratumab","olaratumab","accepted","auto-accepted score=100"
"bisoprolol fumarate","bisoprolol","accepted","auto-accepted score=100"
"asfotase alfa","asfotase alfa","accepted","auto-accepted score=100"
"anifrolumab","anifrolumab","accepted","auto-accepted score=100"
"amisulpride","aramisulpride","accepted","auto-accepted score>=95"
"metoprolol tartrate","metoprolol","accepted","auto-accepted score=100"
"enalapril maleate","enalapril (maleate)","accepted","auto-accepted score>=95"
"ferric maltol","ferric maltol","accepted","auto-accepted score=100"
"crenezumab","erenumab","accepted","auto-accepted review 80-89"
"talimogene laherparepvec","talimogene laherparepvec","accepted","auto-accepted score=100"
"platelet rich plasma","platelets","accepted","auto-accepted score>=95"
"macitentan","macitentan","accepted","auto-accepted score=100"
"pyrazinamide","procainamide","accepted","auto-accepted review 80-89"
"pemafibrate","bezafibrate","accepted","auto-accepted review 80-89"
"lutropin alfa","lutropin alfa","accepted","auto-accepted score=100"
"bempedoic acid","bempedoic acid","accepted","auto-accepted score=100"
"dapirolizumab pegol","vobarilizumab","accepted","auto-accepted review 80-89"
"tipifarnib","tipifarnib","accepted","auto-accepted score=100"
"digoxin","digoxin","accepted","auto-accepted score=100"
"lanadelumab","lanadelumab","accepted","auto-accepted score=100"
"guadecitabine","guadecitabine","accepted","auto-accepted score=100"
"alanine","alanine","accepted","auto-accepted score=100"
"turoctocog alfa pegol","turoctocog alfa pegol","accepted","auto-accepted score=100"
"lasmiditan","lasmiditan","accepted","auto-accepted score=100"
"lysine aspirin","lysine","accepted","auto-accepted score=100"
"dinoprostone","dinoprostone","accepted","auto-accepted score=100"
"endoxifen","endoxifen","accepted","auto-accepted score=100"
"lysine acetylsalicylate","lysine","accepted","auto-accepted score=100"
"lurasidone","lurasidone","accepted","auto-accepted score=100"
"defibrotide","defibrotide","accepted","auto-accepted score=100"
"ketamine hydrochloride","ketamine","accepted","auto-accepted score=100"
"radiprodil","ramipril","accepted","auto-accepted review 80-89"
"anti-il-33 monoclonal antibody","anti-il-6 monoclonal antibody","accepted","auto-accepted score>=95"
"patiromer","patiromer","accepted","auto-accepted score=100"
"apremilast","apremilast","accepted","auto-accepted score=100"
"ianalumab","ianalumab","accepted","auto-accepted score=100"
"norucholic acid","norucholic acid","accepted","auto-accepted score=100"
"vosoritide","vosoritide","accepted","auto-accepted score=100"
"esketamine for s-2-o-chlorophenyl-2-methylaminocyclohexanone","esketamine","accepted","auto-accepted score=100"
"vamorolone","vamorolone","accepted","auto-accepted score=100"
"ferric maltol","ferric maltol","accepted","auto-accepted score=100"
"valoctocogene roxaparvovec","valoctocogene roxaparvovec","accepted","auto-accepted score=100"
"domatinostat","somatostatin","accepted","auto-accepted review 80-89"
"letermovir","letermovir","accepted","auto-accepted score=100"
"sodium benzoate","sodium benzoate","accepted","auto-accepted score=100"
"crizanlizumab","crizanlizumab","accepted","auto-accepted score=100"
"potassium hydrogen carbonate","potassium","accepted","auto-accepted score=100"
"safinamide metansolfonato","safinamide methanesulfonate","accepted","auto-accepted score 90-94"
"pemigatinib","pemigatinib","accepted","auto-accepted score=100"
"nitric oxide","nitric oxide","accepted","auto-accepted score=100"
"abrocitinib","abrocitinib","accepted","auto-accepted score=100"
"spartalizumab","spartalizumab","accepted","auto-accepted score=100"
"regadenoson","regadenoson","accepted","auto-accepted score=100"
"namilumab","imalumab","accepted","auto-accepted score 90-94"
"galcanezumab","galcanezumab","accepted","auto-accepted score=100"
"poractant alfa","poractant alfa","accepted","auto-accepted score=100"
"spartalizumab","spartalizumab","accepted","auto-accepted score=100"
"iscalimab","iscalimab","accepted","auto-accepted score=100"
"gadopiclenol","gadopiclenol","accepted","auto-accepted score=100"
"lifileucel","lifileucel","accepted","auto-accepted score=100"
"lasmiditan","lasmiditan","accepted","auto-accepted score=100"
"difelikefalin","difelikefalin","accepted","auto-accepted score=100"
"oleclumab","oleclumab","accepted","auto-accepted score=100"
"firibastat","firibastat","accepted","auto-accepted score=100"
"marstacimab","marstacimab","accepted","auto-accepted score=100"
"gadopiclenol","gadopiclenol","accepted","auto-accepted score=100"
"zilucoplan","zilucoplan","accepted","auto-accepted score=100"
"binimetinib","binimetinib","accepted","auto-accepted score=100"
"nirsevimab","nirsevimab","accepted","auto-accepted score=100"
"cefoxitin","cefoxitin","accepted","auto-accepted score=100"
"naltrexone hydrochloride","naltrexone","accepted","auto-accepted score=100"
"otilimab","otilimab","accepted","auto-accepted score=100"
"duvelisib","duvelisib","accepted","auto-accepted score=100"
"bulevirtide","bulevirtide acetate","accepted","auto-accepted review 80-89"
"sucrose","sucrose","accepted","auto-accepted score=100"
"nusinersen","nusinersen","accepted","auto-accepted score=100"
"inavolisib","inavolisib","accepted","auto-accepted score=100"
"dornase alfa","dornase alfa","accepted","auto-accepted score=100"
"tilmanocept","tilmanocept","accepted","auto-accepted score=100"
"danicopan","danicopan","accepted","auto-accepted score=100"
"berubicin hydrochloride","epirubicin hydrochloride","accepted","auto-accepted score 90-94"
"bintrafusp alfa","bintrafusp alfa","accepted","auto-accepted score=100"
"navtemadlin","navtemadlin","accepted","auto-accepted score=100"
"vadadustat","vadadustat","accepted","auto-accepted score=100"
"pegcetacoplan","pegcetacoplan","accepted","auto-accepted score=100"
"vafidemstat","vafidemstat","accepted","auto-accepted score=100"
"tepotinib","tepotinib","accepted","auto-accepted score=100"
"sasanlimab","sasanlimab","accepted","auto-accepted score=100"
"sodium zirconium cyclosilicate","sodium zirconium cyclosilicate","accepted","auto-accepted score=100"
"elinzanetant","elinzanetant","accepted","auto-accepted score=100"
"nipocalimab","nipocalimab","accepted","auto-accepted score=100"
"lumateperone tosylate salt lumateperone free base","lumateperone","accepted","auto-accepted score=100"
"dexmedetomidine hydrochloride","dexmedetomidine hydrochloride","accepted","auto-accepted score=100"
"glucagon","glucagon","accepted","auto-accepted score=100"
"pemigatinib","pemigatinib","accepted","auto-accepted score=100"
"tolebrutinib","tolebrutinib","accepted","auto-accepted score=100"
"sibeprenlimab","sibeprenlimab","accepted","auto-accepted score=100"
"ceftolozane","ceftolozane","accepted","auto-accepted score=100"
"amivantamab","amivantamab","accepted","auto-accepted score=100"
"daxdilimab","daxdilimab","accepted","auto-accepted score=100"
"carbamazepine","carbamazepine","accepted","auto-accepted score=100"
"lbl-007","lb-100","accepted","auto-accepted review 80-89"
"cytisinicline","cytisinicline","accepted","auto-accepted score=100"
"lenacapavir 50 mg fdc tablets","lenacapavir sodium","accepted","auto-accepted review 80-89"
"resitune 100 mg, comprimé gastro-résistant","serine","accepted","auto-accepted review 80-89"
"clemastine","clemastine","accepted","auto-accepted score=100"
"zilucoplan sodium","zilucoplan","accepted","auto-accepted score=100"
"navtemadlin 25-30","navtemadlin","accepted","auto-accepted score=100"
"navtemadlin 25-60","navtemadlin","accepted","auto-accepted score=100"
"donanemab","donanemab","accepted","auto-accepted score=100"
"tinzaparin","tinzaparin","accepted","auto-accepted score=100"
"imipenem and cilastatin","imipenem","accepted","auto-accepted score=100"
"nirmatrelvir","nirmatrelvir|ritonavir","accepted","auto-accepted review 80-89"
"pegozafermin","pegozafermin","accepted","auto-accepted score=100"
"co-trimoxazole","co-trimoxazole","accepted","auto-accepted score=100"
"crisantaspase","crisantaspase","accepted","auto-accepted score=100"
"brimonidine tartrate 0.2% w","brimonidine tartrate","accepted","auto-accepted score 90-94"
"naloxone 400 micrograms","naloxone","accepted","auto-accepted score=100"
"lbs-008","lb-100","accepted","auto-accepted review 80-89"
"lisocabtagene maraleucel","lisocabtagene maraleucel","accepted","auto-accepted score=100"
"finerenone bayer","finerenone","accepted","auto-accepted score=100"
"linezolid kabi 2 mg","linezolid","accepted","auto-accepted score=100"
"diphenhydramine hydrochloride 25 mg tablets","diphenhydramine","accepted","auto-accepted score=100"
"elafibranor","elafibranor","accepted","auto-accepted score=100"
"epcoritamab","epcoritamab","accepted","auto-accepted score=100"
"nefopam","nefopam","accepted","auto-accepted score=100"
"fludara 50 mg powder for solution for injection or infusion.","fludarabine","accepted","auto-accepted review 80-89"
"chlorpromazine","chlorpromazine","accepted","auto-accepted score=100"
"cenobamate 50mg","cenobamate","accepted","auto-accepted score=100"
"cenobamate 100mg","cenobamate","accepted","auto-accepted score=100"
"cenobamate 25mg","cenobamate","accepted","auto-accepted score=100"
"cenobamate 12.5mg","cenobamate","accepted","auto-accepted score=100"
"colchicine opocalcium 1 mg, comprimé sécable","colchicine","accepted","auto-accepted score=100"
"rolistobart","orlistat","accepted","auto-accepted review 80-89"
"adenosine 6 mg","adenosine","accepted","auto-accepted score=100"
"dactinomycin","dactinomycin","accepted","auto-accepted score=100"
"inebilizumab","inebilizumab","accepted","auto-accepted score=100"
"pirfenidone solution for inhalation","pirfenidone","accepted","auto-accepted score=100"
"gelatin","gelatin","accepted","auto-accepted score=100"
"fedratinib","neratinib","accepted","auto-accepted score 90-94"
"mexiletine granules for prolonged-release oral suspension 333 mg","mexiletine","accepted","auto-accepted score=100"
"mexiletine granules for prolonged-release oral suspension 167 mg","mexiletine","accepted","auto-accepted score=100"
"mexiletine granules for prolonged-release oral suspension 500 mg","mexiletine","accepted","auto-accepted score=100"
"vigantol 0,5 mg","vilanterol","accepted","auto-accepted review 80-89"
"paltusotine tablets","paltusotine","accepted","auto-accepted score=100"
"morphine (chlorhydrate) aguettant 10 mg","morphine","accepted","auto-accepted score=100"
"lamivudine and dolutegravir","lamivudine","accepted","auto-accepted score=100"
"teclistamab","teclistamab","accepted","auto-accepted score=100"
"imipenem, cilastatin and relebactam","imipenem","accepted","auto-accepted score=100"
"dinutuximab beta","dinutuximab beta","accepted","auto-accepted score=100"
"tazobactam kabi 4 g","tazobactam","accepted","auto-accepted score=100"
"gozetotide","gozetotide","accepted","auto-accepted score=100"
"dexmedetomidine 100 micrograms","dexmedetomidine","accepted","auto-accepted score=100"
"licarbazepine","eslicarbazepine","accepted","auto-accepted score>=95"
"ziprasidone","ziprasidone","accepted","auto-accepted score=100"
"licarbazepine","eslicarbazepine","accepted","auto-accepted score>=95"
"sertindole","sertindole","accepted","auto-accepted score=100"
"fosamprenavir","amprenavir","accepted","auto-accepted score 90-94"
"rostafuroxin","rostaporfin","accepted","auto-accepted review 80-89"
"furosemide","furosemide","accepted","auto-accepted score=100"
"eptotermin alfa","eptotermin alfa","accepted","auto-accepted score=100"
"telithromycin","telithromycin","accepted","auto-accepted score=100"
"norelgestromin","norelgestromin","accepted","auto-accepted score=100"
"cefepime hydrochloride","cefepime","accepted","auto-accepted score=100"
"fluvastatin","fluvastatin","accepted","auto-accepted score=100"
"quetiapine fumarate sr","quetiapine","accepted","auto-accepted score=100"
"bisoprolol","bisoprolol","accepted","auto-accepted score=100"
"ocaperidone","domperidone","accepted","auto-accepted review 80-89"
"octreotide acetate","octreotide acetate","accepted","auto-accepted score=100"
"rivastigmine","rivastigmine","accepted","auto-accepted score=100"
"ioflupane 123i","ioflupane","accepted","auto-accepted score=100"
"micafungin","micafungin","accepted","auto-accepted score=100"
"venlafaxine hydrochloride","venlafaxine","accepted","auto-accepted score=100"
"doripenem","doripenem","accepted","auto-accepted score=100"
"argatroban","argatroban","accepted","auto-accepted score=100"
"ropinirole","ropinirole","accepted","auto-accepted score=100"
"tipifarnib","tipifarnib","accepted","auto-accepted score=100"
"ceftobiprole medocaril","ceftobiprole medocaril","accepted","auto-accepted score=100"
"dornase alfa","dornase alfa","accepted","auto-accepted score=100"
"atenolol","atenolol","accepted","auto-accepted score=100"
"carisbamate","carisbamate","accepted","auto-accepted score=100"
"chlormadinone acetate","chlormadinone acetate","accepted","auto-accepted score=100"
"somatorelin","somatropin","accepted","auto-accepted review 80-89"
"alglucosidase alfa","alglucosidase alfa","accepted","auto-accepted score=100"
"ibritumomab tiuxetan","ibritumomab tiuxetan","accepted","auto-accepted score=100"
"vatalanib","vatalanib","accepted","auto-accepted score=100"
"testosterone undecanoate","testosterone undecanoate","accepted","auto-accepted score=100"
"fusidic acid","fusidic acid","accepted","auto-accepted score=100"
"telavancin","telavancin","accepted","auto-accepted score=100"
"mifepristone","mifepristone","accepted","auto-accepted score=100"
"methadone hydrochloride solution for injection","methadone","accepted","auto-accepted score=100"
"colistimethate sodium","colistimethate sodium","accepted","auto-accepted score=100"
"atomoxetine","atomoxetine","accepted","auto-accepted score=100"
"clobazam","clonazepam","accepted","auto-accepted review 80-89"
"candesartan cilexetil","candesartan cilexetil","accepted","auto-accepted score=100"
"trilostane","trilostane","accepted","auto-accepted score=100"
"terbutaline sulfate","terbutaline","accepted","auto-accepted score=100"
"amoxicillin trihydrate","amoxicillin","accepted","auto-accepted score=100"
"levothyroxine sodium","levothyroxine","accepted","auto-accepted score=100"
"amiloride hydrochloride","amiloride","accepted","auto-accepted score=100"
"sotalol","sotalol","accepted","auto-accepted score=100"
"zopiclone","zopiclone","accepted","auto-accepted score=100"
"retapamulin","retapamulin","accepted","auto-accepted score=100"
"tyrosinase.a2","tyrosine","accepted","auto-accepted score 90-94"
"chloroprocaine","chloroprocaine","accepted","auto-accepted score=100"
"reboxetine","reboxetine","accepted","auto-accepted score=100"
"daclizumab","daclizumab","accepted","auto-accepted score=100"
"adefovir dipivoxil","adefovir dipivoxil","accepted","auto-accepted score=100"
"pyrazinamide","procainamide","accepted","auto-accepted review 80-89"
"terlipressin","terlipressin","accepted","auto-accepted score=100"
"levothyroxine","levothyroxine","accepted","auto-accepted score=100"
"phenserine tartrate","phenylephrine","accepted","auto-accepted review 80-89"
"palonosetron as the hydrochloride","palonosetron","accepted","auto-accepted score=100"
"interferon alpha-2b","interferon","accepted","auto-accepted score=100"
"folic acid","folic acid","accepted","auto-accepted score=100"
"glucosamine","glucosamine","accepted","auto-accepted score=100"
"azithromycin dihydrate","azithromycin","accepted","auto-accepted score=100"
"sterile water","serine","accepted","auto-accepted review 80-89"
"acitretin","alitretinoin","accepted","auto-accepted review 80-89"
"salicylic acid","salicylic acid","accepted","auto-accepted score=100"
"zinc oxide","zinc chloride","accepted","auto-accepted review 80-89"
"dronedarone","dronedarone","accepted","auto-accepted score=100"
"lidocaine 2","lidocaine","accepted","auto-accepted score=100"
"cycloserine","cycloserine","accepted","auto-accepted score=100"
"oxybutynin","oxybutynin","accepted","auto-accepted score=100"
"itopride hydrochloride","iopromide","accepted","auto-accepted review 80-89"
"ranitidine","ranitidine","accepted","auto-accepted score=100"
"arsenic trioxide","arsenic trioxide","accepted","auto-accepted score=100"
"lopinavir+ritonavir","lopinavir|ritonavir","accepted","auto-accepted score>=95"
"valproic acid","valproic acid","accepted","auto-accepted score=100"
"bivalirudin","bivalirudin","accepted","auto-accepted score=100"
"axomadol hydrochloride","fingolimod hydrochloride","accepted","auto-accepted review 80-89"
"ibritumomab tiuxetan","ibritumomab tiuxetan","accepted","auto-accepted score=100"
"antithrombin alfa","antithrombin alfa","accepted","auto-accepted score=100"
"tenofovir disoproxil fumarato","tenofovir disoproxil fumarate","accepted","auto-accepted score>=95"
"tinzaparin sodium","tinzaparin","accepted","auto-accepted score=100"
"idebenone","idebenone","accepted","auto-accepted score=100"
"gadofosveset","gadofosveset trisodium","accepted","auto-accepted review 80-89"
"nepafenac","nepafenac","accepted","auto-accepted score=100"
"trazodone","trazodone","accepted","auto-accepted score=100"
"mineral oil","mineral oil","accepted","auto-accepted score=100"
"flupirtine maleate","flupirtine","accepted","auto-accepted score=100"
"milnacipran hydrochloride","milnacipran","accepted","auto-accepted score=100"
"dexrazoxane","dexrazoxane","accepted","auto-accepted score=100"
"indapamide","indapamide","accepted","auto-accepted score=100"
"carbamazepine","carbamazepine","accepted","auto-accepted score=100"
"tulobuterol","tulobuterol","accepted","auto-accepted score=100"
"eflornithine","eflornithine","accepted","auto-accepted score=100"
"ascorbic acid","ascorbic acid","accepted","auto-accepted score=100"
"thyrotropin alfa","thyrotropin alfa","accepted","auto-accepted score=100"
"vinflunine ditartrate","vinflunine","accepted","auto-accepted score=100"
"galiximab","daxdilimab","accepted","auto-accepted review 80-89"
"alprostadil","alprostadil","accepted","auto-accepted score=100"
"felodipine","felodipine","accepted","auto-accepted score=100"
"entecavir","entecavir","accepted","auto-accepted score=100"
"ceftazidime","ceftazidime","accepted","auto-accepted score=100"
"rotigotine hydrochloride","rotigotine","accepted","auto-accepted score=100"
"laquinimod","laquinimod","accepted","auto-accepted score=100"
"mitotane","mitotane","accepted","auto-accepted score=100"
"thyrotropin","thyrotropin alfa","accepted","auto-accepted score 90-94"
"sulthiame","sulthiame","accepted","auto-accepted score=100"
"methadone hydrochloride","methadone","accepted","auto-accepted score=100"
"caspofungin","caspofungin","accepted","auto-accepted score=100"
"clindamycin","clindamycin","accepted","auto-accepted score=100"
"benzoyl peroxide","benzoyl peroxide","accepted","auto-accepted score=100"
"sertraline hydrochloride","sertraline","accepted","auto-accepted score=100"
"citicoline","citicoline","accepted","auto-accepted score=100"
"triptorelin","triptorelin","accepted","auto-accepted score=100"
"interferon alfa natural","interferon","accepted","auto-accepted score=100"
"desmopressin","desmopressin","accepted","auto-accepted score=100"
"ziprasidone hydrochloride","ziprasidone","accepted","auto-accepted score=100"
"lestaurtinib","lestaurtinib","accepted","auto-accepted score=100"
"ephedrine","ephedrine","accepted","auto-accepted score=100"
"silodosin","silodosin","accepted","auto-accepted score=100"
"alprostadil","alprostadil","accepted","auto-accepted score=100"
"interferon beta 1b","interferon","accepted","auto-accepted score=100"
"pegvisomant","pegvisomant","accepted","auto-accepted score=100"
"bupivacaine 0.25","bupivacaine","accepted","auto-accepted score=100"
"carmoterol hydrochloride","solriamfetol hydrochloride","accepted","auto-accepted review 80-89"
"buserelin","buserelin","accepted","auto-accepted score=100"
"riboflavin","riboflavin","accepted","auto-accepted score=100"
"eptifibatide","eptifibatide","accepted","auto-accepted score=100"
"povidone-iodine","povidone-iodine","accepted","auto-accepted score=100"
"uracil","uracil","accepted","auto-accepted score=100"
"ceftobiprole medocaril","ceftobiprole medocaril","accepted","auto-accepted score=100"
"octreotide acetate","octreotide acetate","accepted","auto-accepted score=100"
"zinc oxide","zinc chloride","accepted","auto-accepted review 80-89"
"rocuronium","rocuronium","accepted","auto-accepted score=100"
"lutein","lutein","accepted","auto-accepted score=100"
"sodium fluoride","sodium fluoride","accepted","auto-accepted score=100"
"barnidipine","manidipine","accepted","auto-accepted score 90-94"
"eszopiclone","eszopiclone","accepted","auto-accepted score=100"
"hepatitis b vaccine recombinant modified process","hepatitis b vaccine (recombinant)","accepted","auto-accepted review 80-89"
"clenbuterol","clenbuterol","accepted","auto-accepted score=100"
"agalsidase beta","agalsidase beta","accepted","auto-accepted score=100"
"amrubicin","idarubicin","accepted","auto-accepted score 90-94"
"esomeprazole sodium","esomeprazole","accepted","auto-accepted score=100"
"epoetin delta","epoetin delta","accepted","auto-accepted score=100"
"platelet rich plasma","platelets","accepted","auto-accepted score>=95"
"pioglitazone hcl","pioglitazone","accepted","auto-accepted score=100"
"methylnaltrexone bromide","methylnaltrexone bromide","accepted","auto-accepted score=100"
"arundic acid","hyaluronic acid","accepted","auto-accepted review 80-89"
"terlipressin","terlipressin","accepted","auto-accepted score=100"
"dopexamine hydrochloride","duloxetine hydrochloride","accepted","auto-accepted score 90-94"
"raloxifene","raloxifene","accepted","auto-accepted score=100"
"verteporfin","verteporfin","accepted","auto-accepted score=100"
"tamsulosin hydrochloride","tamsulosin","accepted","auto-accepted score=100"
"betamethasone sodium phosphate","betamethasone","accepted","auto-accepted score=100"
"zanolimumab","golimumab","accepted","auto-accepted review 80-89"
"ibandronic acid","ibandronic acid","accepted","auto-accepted score=100"
"vicriviroc","vicriviroc","accepted","auto-accepted score=100"
"theophylline","theophylline","accepted","auto-accepted score=100"
"lisuride","lisuride","accepted","auto-accepted score=100"
"isavuconazole","isavuconazole","accepted","auto-accepted score=100"
"faropenem medoxomil","meropenem","accepted","auto-accepted review 80-89"
"enoximone","enoximone","accepted","auto-accepted score=100"
"cabergoline","cabergoline","accepted","auto-accepted score=100"
"dopexamine","deferoxamine","accepted","auto-accepted review 80-89"
"isotretinoin","isotretinoin","accepted","auto-accepted score=100"
"vasopressin","vasopressin","accepted","auto-accepted score=100"
"paliperidone er 6 mg","paliperidone","accepted","auto-accepted score=100"
"prasterone","prasterone","accepted","auto-accepted score=100"
"sotrastaurin proposed","rosuvastatin","accepted","auto-accepted review 80-89"
"polidocanol","polidocanol","accepted","auto-accepted score=100"
"iobenguane","iobenguane i-123","accepted","auto-accepted review 80-89"
"raloxifene","raloxifene","accepted","auto-accepted score=100"
"famciclovir","ganciclovir","accepted","auto-accepted review 80-89"
"rivoglitazone","pioglitazone","accepted","auto-accepted score 90-94"
"ospemifene","ospemifene","accepted","auto-accepted score=100"
"vernakalant hydrochloride","vernakalant hydrochloride","accepted","auto-accepted score=100"
"amsacrine","amsacrine","accepted","auto-accepted score=100"
"testosterone enantate","testosterone","accepted","auto-accepted score=100"
"prilocaine hydrochloride","prilocaine","accepted","auto-accepted score=100"
"simeticone","simeticone","accepted","auto-accepted score=100"
"sufentanil","sufentanil","accepted","auto-accepted score=100"
"loratadine","loratadine","accepted","auto-accepted score=100"
"nomegestrol","nomegestrol acetate","accepted","auto-accepted review 80-89"
"gadopentetate dimeglumine","gadopentetate dimeglumine","accepted","auto-accepted score=100"
"erdosteine","erdosteine","accepted","auto-accepted score=100"
"maribavir","maribavir","accepted","auto-accepted score=100"
"finasteride","finasteride","accepted","auto-accepted score=100"
"elvucitabine","decitabine","accepted","auto-accepted review 80-89"
"leukine gm-csf","leucine","accepted","auto-accepted score 90-94"
"udenafil","sildenafil","accepted","auto-accepted review 80-89"
"enalapril maleate","enalapril (maleate)","accepted","auto-accepted score>=95"
"daclizumab","daclizumab","accepted","auto-accepted score=100"
"hydromorphone hydrochloride","hydromorphone hydrochloride","accepted","auto-accepted score=100"
"fesoterodine fumarate","fesoterodine fumarate","accepted","auto-accepted score=100"
"doxazosin","doxazosin","accepted","auto-accepted score=100"
"gadofosveset trisodium","gadofosveset trisodium","accepted","auto-accepted score=100"
"flibanserin","mianserin","accepted","auto-accepted review 80-89"
"levobupivacaine hydrochloride","levobupivacaine hydrochloride","accepted","auto-accepted score=100"
"etravirine","etravirine","accepted","auto-accepted score=100"
"pyridoxine hydrochloride","pyridoxine","accepted","auto-accepted score=100"
"bimatoprost","bimatoprost","accepted","auto-accepted score=100"
"timolol","timolol","accepted","auto-accepted score=100"
"doripenem monohydrate","doripenem","accepted","auto-accepted score=100"
"laronidase","laronidase","accepted","auto-accepted score=100"
"liothyronine hydrochloride","liothyronine","accepted","auto-accepted score=100"
"methoxy polyethylene glycol-epoetin beta","methoxy polyethylene glycol-epoetin beta","accepted","auto-accepted score=100"
"duloxetine hydrochloride","duloxetine hydrochloride","accepted","auto-accepted score=100"
"adenoscan","adenosine","accepted","auto-accepted review 80-89"
"bisacodyl","bisacodyl","accepted","auto-accepted score=100"
"tirofiban","tirofiban","accepted","auto-accepted score=100"
"tamibarotene","amsilarotene","accepted","auto-accepted review 80-89"
"carbetocin","carbocysteine","accepted","auto-accepted review 80-89"
"fluorescein lisicol","fluorescein","accepted","auto-accepted score=100"
"diclofenac","diclofenac","accepted","auto-accepted score=100"
"liothyronine","liothyronine","accepted","auto-accepted score=100"
"galantamine hydrobromide","galantamine","accepted","auto-accepted score=100"
"gadoteridol","gadoteridol","accepted","auto-accepted score=100"
"canakinumab who approval pending","canakinumab","accepted","auto-accepted score=100"
"curcumin","curcumin","accepted","auto-accepted score=100"
"gadofosveset trinatriumsalz","gadofosveset trisodium","accepted","auto-accepted review 80-89"
"cefepime","cefepime","accepted","auto-accepted score=100"
"diclofenac diethylamine","diclofenac","accepted","auto-accepted score=100"
"clonazepam","clonazepam","accepted","auto-accepted score=100"
"choriogonadotropin alfa","choriogonadotropin alfa","accepted","auto-accepted score=100"
"amiloride hydrochloride","amiloride","accepted","auto-accepted score=100"
"aztreonam lysine","aztreonam lysine","accepted","auto-accepted score=100"
"sapropterin","sapropterin","accepted","auto-accepted score=100"
"indomethacin","indomethacin","accepted","auto-accepted score=100"
"anidulafungin","anidulafungin","accepted","auto-accepted score=100"
"temsirolimus","temsirolimus","accepted","auto-accepted score=100"
"imiglucerase","imiglucerase","accepted","auto-accepted score=100"
"salbutamolo","salbutamol","accepted","auto-accepted score>=95"
"rabeprazole","rabeprazole","accepted","auto-accepted score=100"
"doripenem","doripenem","accepted","auto-accepted score=100"
"methacholine","methacholine","accepted","auto-accepted score=100"
"adenosine","adenosine","accepted","auto-accepted score=100"
"ganitumab","ganitumab","accepted","auto-accepted score=100"
"lactic acid","lactic acid","accepted","auto-accepted score=100"
"amoxicillin trihydrate","amoxicillin","accepted","auto-accepted score=100"
"sargramostim","sargramostim","accepted","auto-accepted score=100"
"donepezil free base","donepezil","accepted","auto-accepted score=100"
"venlafaxine","venlafaxine","accepted","auto-accepted score=100"
"clomipramine hydrochloride","clomipramine hydrochloride","accepted","auto-accepted score=100"
"paroxetine hydrochloride","paroxetine","accepted","auto-accepted score=100"
"mianserin hydrochloride","mianserin","accepted","auto-accepted score=100"
"chlorhexidine dihydrochloride","chlorhexidine","accepted","auto-accepted score=100"
"propranolol","propranolol","accepted","auto-accepted score=100"
"gentamicin sulfate","gentamicin","accepted","auto-accepted score=100"
"betahistine","betahistine","accepted","auto-accepted score=100"
"clotrimazole","clotrimazole","accepted","auto-accepted score=100"
"sodium iodide","sodium iodide i-131","accepted","auto-accepted review 80-89"
"fentanyl hcl","fentanyl","accepted","auto-accepted score=100"
"cisatracurium","cisatracurium","accepted","auto-accepted score=100"
"norfloxacin","norfloxacin","accepted","auto-accepted score=100"
"sotalol hydrochloride","sotalol","accepted","auto-accepted score=100"
"disopyramide","iopromide","accepted","auto-accepted review 80-89"
"clonidine hcl","clonidine","accepted","auto-accepted score=100"
"proteinas","protein c","accepted","auto-accepted review 80-89"
"levofloxacin","levofloxacin","accepted","auto-accepted score=100"
"granisetron hydrochloride","granisetron","accepted","auto-accepted score=100"
"ketorolac tromethamine","ketorolac","accepted","auto-accepted score=100"
"clindamycin phosphate","clindamycin","accepted","auto-accepted score=100"
"paliperidone palmitate","paliperidone palmitate","accepted","auto-accepted score=100"
"calcium","caplacizumab","accepted","auto-accepted review 80-89"
"nicotine mouth spray and","nicotine","accepted","auto-accepted score=100"
"amitriptyline","amitriptyline","accepted","auto-accepted score=100"
"gadofosveset trisodio","gadofosveset trisodium","accepted","auto-accepted score>=95"
"bazedoxifene","bazedoxifene","accepted","auto-accepted score=100"
"bifonazole","miconazole","accepted","auto-accepted review 80-89"
"asparaginase pegylated","asparaginase","accepted","auto-accepted score=100"
"oxcarbazepine extended release","oxcarbazepine","accepted","auto-accepted score=100"
"octenidine","octenidine","accepted","auto-accepted score=100"
"etoricoxib","etoricoxib","accepted","auto-accepted score=100"
"vinflunine","vinflunine","accepted","auto-accepted score=100"
"pramipexole dihydrochloride monohydrate","pramipexole dihydrochloride monohydrate","accepted","auto-accepted score=100"
"thiocolchicoside","thiocolchicoside","accepted","auto-accepted score=100"
"fermagate","fermagate","accepted","auto-accepted score=100"
"methadone","methadone","accepted","auto-accepted score=100"
"desvenlafaxine","desvenlafaxine","accepted","auto-accepted score=100"
"betamethasone valerate","betamethasone valerate","accepted","auto-accepted score=100"
"bifonazole","miconazole","accepted","auto-accepted review 80-89"
"terbinafine","terbinafine","accepted","auto-accepted score=100"
"betrixaban maleate","betrixaban maleate","accepted","auto-accepted score=100"
"sucrose","sucrose","accepted","auto-accepted score=100"
"naproxen","naproxen","accepted","auto-accepted score=100"
"curcuma exto seco","curcumin","accepted","auto-accepted review 80-89"
"posaconazole","posaconazole","accepted","auto-accepted score=100"
"doxazosin mesilate","doxazosin","accepted","auto-accepted score=100"
"buspirone hydrochloride","erlotinib hydrochloride","accepted","auto-accepted review 80-89"
"collagenase clostridium histolyticum","collagenase clostridium histolyticum","accepted","auto-accepted score=100"
"furosemide sodium","furosemide","accepted","auto-accepted score=100"
"dutogliptin","dutogliptin","accepted","auto-accepted score=100"
"asfotase alfa","asfotase alfa","accepted","auto-accepted score=100"
"iohexol","iohexol","accepted","auto-accepted score=100"
"pramipexole dihydrochloride","pramipexole","accepted","auto-accepted score=100"
"propranolol hidrocloruro","propranolol","accepted","auto-accepted score=100"
"colesevelam","colesevelam","accepted","auto-accepted score=100"
"suxamethonium","suxamethonium","accepted","auto-accepted score=100"
"mexiletine","mexiletine","accepted","auto-accepted score=100"
"paquinimod","laquinimod","accepted","auto-accepted score 90-94"
"dapoxetine hydrochloride","duloxetine hydrochloride","accepted","auto-accepted score 90-94"
"tramadol hydrochloride","tramadol","accepted","auto-accepted score=100"
"diclofenac diethylamine","diclofenac","accepted","auto-accepted score=100"
"marcaine","amsacrine","accepted","auto-accepted review 80-89"
"naloxone hydrochloride","naloxone","accepted","auto-accepted score=100"
"finafloxacin","ibafloxacin","accepted","auto-accepted review 80-89"
"florbetapir f18","florbetapir (18f)","accepted","auto-accepted score 90-94"
"ketorolac trometamol","ketorolac","accepted","auto-accepted score=100"
"heparin sodium","heparin sodium","accepted","auto-accepted score=100"
"olmesartan medoxomilo","olmesartan medoxomil","accepted","auto-accepted score>=95"
"flupirtine maleate","flupirtine","accepted","auto-accepted score=100"
"linifanib","linifanib","accepted","auto-accepted score=100"
"nitisinone","nitisinone","accepted","auto-accepted score=100"
"betahistine","betahistine","accepted","auto-accepted score=100"
"oseltamivir","oseltamivir","accepted","auto-accepted score=100"
"daptomycin","daptomycin","accepted","auto-accepted score=100"
"benzoyl peroxide","benzoyl peroxide","accepted","auto-accepted score=100"
"interferon gamma","interferon","accepted","auto-accepted score=100"
"dopamine","dopamine","accepted","auto-accepted score=100"
"sapropterin","sapropterin","accepted","auto-accepted score=100"
"zonisamide","zonisamide","accepted","auto-accepted score=100"
"ganciclovir sodico","ganciclovir","accepted","auto-accepted score=100"
"mericitabine","emtricitabine","accepted","auto-accepted review 80-89"
"chlorhexidine gluconate","chlorhexidine","accepted","auto-accepted score=100"
"isopropyl alcohol","isopropyl alcohol","accepted","auto-accepted score=100"
"toremifene","toremifene","accepted","auto-accepted score=100"
"betamethasone valerate","betamethasone valerate","accepted","auto-accepted score=100"
"nadolol","landiolol","accepted","auto-accepted review 80-89"
"mupirocin","mupirocin","accepted","auto-accepted score=100"
"choriogonadotropin alfa","choriogonadotropin alfa","accepted","auto-accepted score=100"
"icodextrin","icodextrin","accepted","auto-accepted score=100"
"estradiol valerato","estradiol","accepted","auto-accepted score=100"
"guanfacine hydrochloride","guanfacine hydrochloride","accepted","auto-accepted score=100"
"vernakalant hydrochloride","vernakalant hydrochloride","accepted","auto-accepted score=100"
"forigerimod","forigerimod","accepted","auto-accepted score=100"
"mapracorat","mapracorat","accepted","auto-accepted score=100"
"oxycontin","oxytocin","accepted","auto-accepted review 80-89"
"atomoxetine hydrochloride","atomoxetine","accepted","auto-accepted score=100"
"tetracycline hydrochloride","tetracycline","accepted","auto-accepted score=100"
"givinostat hydrochloride-monohydrate","givinostat","accepted","auto-accepted score=100"
"fludrocortisone","fludrocortisone","accepted","auto-accepted score=100"
"caplacizumab","caplacizumab","accepted","auto-accepted score=100"
"ferrous sulfate","ferrous sulfate","accepted","auto-accepted score=100"
"tamsulosin","tamsulosin","accepted","auto-accepted score=100"
"ioflupane 123i","ioflupane","accepted","auto-accepted score=100"
"vardenafil","vardenafil","accepted","auto-accepted score=100"
"resminostat","resminostat mesilate","accepted","auto-accepted review 80-89"
"amiloride hydrochloride","amiloride","accepted","auto-accepted score=100"
"flutamide","flutamide","accepted","auto-accepted score=100"
"azd4017","azd-4017","accepted","auto-accepted score>=95"
"diclofenac sodium topical gel 1","diclofenac","accepted","auto-accepted score=100"
"trafermin","artemin","accepted","auto-accepted review 80-89"
"tetracaine hydrochloride","tetracaine","accepted","auto-accepted score=100"
"cefotaxime sodium","cefotaxime","accepted","auto-accepted score=100"
"quinagolide hydrochloride","lidocaine hydrochloride","accepted","auto-accepted score 90-94"
"oritavancin diphosphate","oritavancin (diphosphate)","accepted","auto-accepted score>=95"
"ambrisentan","ambrisentan","accepted","auto-accepted score=100"
"doxazosin mesilate","doxazosin","accepted","auto-accepted score=100"
"ceftazidime pentahydrate","ceftazidime","accepted","auto-accepted score=100"
"sugammadex sodio","sugammadex","accepted","auto-accepted score=100"
"methoxsalen","methoxsalen","accepted","auto-accepted score=100"
"ciclopirox olamine","ciclopirox","accepted","auto-accepted score=100"
"sodium nitroprusside","sodium nitroprusside","accepted","auto-accepted score=100"
"ulimorelin hydrocholoride monohydrate","ulimorelin hydrochloride","accepted","auto-accepted review 80-89"
"sodium nitrite","sodium nitrite","accepted","auto-accepted score=100"
"amantadine","amantadine","accepted","auto-accepted score=100"
"bexarotene","bexarotene","accepted","auto-accepted score=100"
"revamilast","apremilast","accepted","auto-accepted review 80-89"
"molsidomine","molsidomine","accepted","auto-accepted score=100"
"hydroxocobalamin","hydroxocobalamin","accepted","auto-accepted score=100"
"benzydamine","benzydamine","accepted","auto-accepted score=100"
"methoxyflurane","methoxyflurane","accepted","auto-accepted score=100"
"diflunisal","diflunisal","accepted","auto-accepted score=100"
"ropivacaine hydrochloride","ropivacaine hydrochloride","accepted","auto-accepted score=100"
"flecainide acetate","flecainide","accepted","auto-accepted score=100"
"boceprevir","boceprevir","accepted","auto-accepted score=100"
"ostarine","taurine","accepted","auto-accepted review 80-89"
"bezafibrate","bezafibrate","accepted","auto-accepted score=100"
"mitomycin c","mitomycin","accepted","auto-accepted score=100"
"saracatinib","saracatinib","accepted","auto-accepted score=100"
"terlipressin acetate","terlipressin","accepted","auto-accepted score=100"
"quinidine sulfate","quinine","accepted","auto-accepted score 90-94"
"sevelamer carbonate","sevelamer carbonate","accepted","auto-accepted score=100"
"efmoroctocog alfa","efmoroctocog alfa","accepted","auto-accepted score=100"
"caffeine","caffeine","accepted","auto-accepted score=100"
"hyaluronic acid","hyaluronic acid","accepted","auto-accepted score=100"
"topiramate","topiramate","accepted","auto-accepted score=100"
"taliglucerase alfa","taliglucerase alfa","accepted","auto-accepted score=100"
"meningococcal vaccine","meningococcal group b vaccine","accepted","auto-accepted score 90-94"
"etirinotecan pegol","etirinotecan pegol","accepted","auto-accepted score=100"
"liatermin","avotermin","accepted","auto-accepted review 80-89"
"avibactam","avibactam","accepted","auto-accepted score=100"
"roflumilast","roflumilast","accepted","auto-accepted score=100"
"chlorhexidine dihydrochloride","chlorhexidine","accepted","auto-accepted score=100"
"elagolix","elagolix","accepted","auto-accepted score=100"
"articaine","articaine","accepted","auto-accepted score=100"
"polatuzumab vedotin","polatuzumab vedotin","accepted","auto-accepted score=100"
"levocarnitine propyl hydrochloride","levocarnitine","accepted","auto-accepted score=100"
"escitalopram oxalate","citalopram","accepted","auto-accepted score 90-94"
"miconazole","miconazole","accepted","auto-accepted score=100"
"tamsulosin","tamsulosin","accepted","auto-accepted score=100"
"vasopressin","vasopressin","accepted","auto-accepted score=100"
"labetalol hydrochloride","labetalol","accepted","auto-accepted score=100"
"calcium folinate 5-hydrate","calcium folinate","accepted","auto-accepted review 80-89"
"prothrombin complex concentrates","prothrombin","accepted","auto-accepted score=100"
"methylene blue","methylphenidate","accepted","auto-accepted review 80-89"
"trazodone hydrochloride","trazodone","accepted","auto-accepted score=100"
"bisoprolol fumarate","bisoprolol","accepted","auto-accepted score=100"
"nepafenac","nepafenac","accepted","auto-accepted score=100"
"sodium nitrite","sodium nitrite","accepted","auto-accepted score=100"
"chlorhexidine digluconate","chlorhexidine","accepted","auto-accepted score=100"
"silibinin-c-2, 3-dihydrogen succinate, disodium salt","silibinin","accepted","auto-accepted score 90-94"
"heparin leo 5000 ie","heparin","accepted","auto-accepted score=100"
"beroctocog alfa","octocog alfa","accepted","auto-accepted score 90-94"
"tinzaparin sodium","tinzaparin","accepted","auto-accepted score=100"
"meglumine gadoterate","meglumine","accepted","auto-accepted score=100"
"gsk2586184","gsk-2586881","accepted","auto-accepted review 80-89"
"mepivacaine","mepivacaine","accepted","auto-accepted score=100"
"rabies vaccine","rabies vaccine","accepted","auto-accepted score=100"
"milnacipran","milnacipran","accepted","auto-accepted score=100"
"chlorhexidine","chlorhexidine","accepted","auto-accepted score=100"
"reboxetine","reboxetine","accepted","auto-accepted score=100"
"oxazepam","oxazepam","accepted","auto-accepted score=100"
"volasertib","alisertib","accepted","auto-accepted review 80-89"
"givinostat","givinostat","accepted","auto-accepted score=100"
"pimasertib","alisertib","accepted","auto-accepted review 80-89"
"benzocaine","benzocaine","accepted","auto-accepted score=100"
"pitolisant","pitolisant","accepted","auto-accepted score=100"
"moxetumomab pasudotox","moxetumomab pasudotox","accepted","auto-accepted score=100"
"bazedoxifene acetate","bazedoxifene","accepted","auto-accepted score=100"
"aripiprazole lauroxil","aripiprazole","accepted","auto-accepted score=100"
"racecadotril","racecadotril","accepted","auto-accepted score=100"
"solithromycin","solithromycin","accepted","auto-accepted score=100"
"tolvaptan","tolvaptan","accepted","auto-accepted score=100"
"tapentadol hydrochloride","tapentadol","accepted","auto-accepted score=100"
"silibinin","silibinin","accepted","auto-accepted score=100"
"chlorthalidone","chlorthalidone","accepted","auto-accepted score=100"
"iopromide","iopromide","accepted","auto-accepted score=100"
"telbivudine","telbivudine","accepted","auto-accepted score=100"
"tapentadol hydrochloride","tapentadol","accepted","auto-accepted score=100"
"diphtheria toxoid","diphtheria toxoid","accepted","auto-accepted score=100"
"phenylephrine hydrochloride","phenylephrine","accepted","auto-accepted score=100"
"tivantinib","tivantinib","accepted","auto-accepted score=100"
"tianeptine","trientine","accepted","auto-accepted review 80-89"
"codeine","codeine","accepted","auto-accepted score=100"
"olipudase alfa","olipudase alfa","accepted","auto-accepted score=100"
"sotrastaurin","rosuvastatin","accepted","auto-accepted review 80-89"
"bromperidol","droperidol","accepted","auto-accepted score 90-94"
"fluspirilene","flupirtine","accepted","auto-accepted review 80-89"
"fidaxomicin","fidaxomicin","accepted","auto-accepted score=100"
"latanoprostene bunod","latanoprost","accepted","auto-accepted score 90-94"
"brimonidine tartrate","brimonidine tartrate","accepted","auto-accepted score=100"
"tenofovir alafenamide as hemi-fumarate","tenofovir alafenamide fumarate","accepted","auto-accepted score 90-94"
"tenofovir disoproxil as fumarate","tenofovir disoproxil fumarate","accepted","auto-accepted score 90-94"
"oxybutynin","oxybutynin","accepted","auto-accepted score=100"
"rifapentine","trientine","accepted","auto-accepted review 80-89"
"lansoprazole","lansoprazole","accepted","auto-accepted score=100"
"rabeprazole","rabeprazole","accepted","auto-accepted score=100"
"ibodutant","ibodutant","accepted","auto-accepted score=100"
"simeticone","simeticone","accepted","auto-accepted score=100"
"molidustat","molidustat sodium","accepted","auto-accepted review 80-89"
"melatonin","melatonin","accepted","auto-accepted score=100"
"pridopidine","pridopidine","accepted","auto-accepted score=100"
"citalopram hydrobromide","citalopram","accepted","auto-accepted score=100"
"fluvoxamine maleate","fluvoxamine","accepted","auto-accepted score=100"
"bromazepam","bromazepam","accepted","auto-accepted score=100"
"sildenafil citrate","sildenafil citrate","accepted","auto-accepted score=100"
"caffeine citrate","caffeine citrate","accepted","auto-accepted score=100"
"stiripentol","stiripentol","accepted","auto-accepted score=100"
"cadazolid","cadazolid","accepted","auto-accepted score=100"
"chloroprocaine","chloroprocaine","accepted","auto-accepted score=100"
"amoxicillin trihydrate","amoxicillin","accepted","auto-accepted score=100"
"pegpleranib sodium","pegaptanib sodium","accepted","auto-accepted review 80-89"
"labetalol hydrochloride","labetalol","accepted","auto-accepted score=100"
"chloride","chlorin e6","accepted","auto-accepted review 80-89"
"arbutin","rutin","accepted","auto-accepted score 90-94"
"zinacef","zinc","accepted","auto-accepted review 80-89"
"magnesium orotate-dihydrate","magnesium","accepted","auto-accepted score=100"
"bavituximab","ublituximab","accepted","auto-accepted review 80-89"
"neostigmine","neostigmine","accepted","auto-accepted score=100"
"triamcinolone hexacetonide","triamcinolone","accepted","auto-accepted score=100"
"encorafenib","encorafenib","accepted","auto-accepted score=100"
"granisetron","granisetron","accepted","auto-accepted score=100"
"azithromycin monohydrate","azithromycin","accepted","auto-accepted score=100"
"dinutuximab","dinutuximab","accepted","auto-accepted score=100"
"lormetazepam","lormetazepam","accepted","auto-accepted score=100"
"nitrazepam","diazepam","accepted","auto-accepted review 80-89"
"glycerinated phenol saline solution","glycerin","accepted","auto-accepted review 80-89"
"perampanel","perampanel","accepted","auto-accepted score=100"
"co-trimoxazole","co-trimoxazole","accepted","auto-accepted score=100"
"estradiol hemihydrate","estradiol","accepted","auto-accepted score=100"
"pentosan polysulfate sodium","pentosan polysulfate sodium","accepted","auto-accepted score=100"
"loxapine","loxapine","accepted","auto-accepted score=100"
"genistein","genistein","accepted","auto-accepted score=100"
"amantadine hydrochloride","amantadine","accepted","auto-accepted score=100"
"ferrous fumarate 200mg","ferrous fumarate","accepted","auto-accepted score=100"
"palovarotene","palovarotene","accepted","auto-accepted score=100"
"fosaprepitant dimeglumine","fosaprepitant","accepted","auto-accepted score=100"
"albiglutide","albiglutide","accepted","auto-accepted score=100"
"selinexor","selinexor","accepted","auto-accepted score=100"
"pantoprazole sodium","pantoprazole","accepted","auto-accepted score=100"
"tenofovir alefenamide fumarate","tenofovir alafenamide fumarate","accepted","auto-accepted score>=95"
"elotuzumab","elotuzumab","accepted","auto-accepted score=100"
"demcizumab","emicizumab","accepted","auto-accepted score 90-94"
"doravirine","doravirine","accepted","auto-accepted score=100"
"ficlatuzumab","farletuzumab","accepted","auto-accepted review 80-89"
"amantadine hydrochloride hcl","amantadine","accepted","auto-accepted score=100"
"solithromycin","solithromycin","accepted","auto-accepted score=100"
"lomitapide","lomitapide","accepted","auto-accepted score=100"
"patisiran","patisiran","accepted","auto-accepted score=100"
"osilodrostat","linrodostat","accepted","auto-accepted review 80-89"
"platelet rich plasma","platelets","accepted","auto-accepted score>=95"
"abicipar pegol","abicipar pegol","accepted","auto-accepted score=100"
"esketamine hydrochloride for s-2-o-chlorophenyl-2-methylaminocyclohexanone hydrochloride","esketamine","accepted","auto-accepted score=100"
"indomethacin sodium trihydrate","indomethacin","accepted","auto-accepted score=100"
"gabapentin hydrochloride","gabapentin","accepted","auto-accepted score=100"
"obeticholic acid","obeticholic acid","accepted","auto-accepted score=100"
"lipegfilgrastim","lipegfilgrastim","accepted","auto-accepted score=100"
"lurbinectedin","lurbinectedin","accepted","auto-accepted score=100"
"lanreotide inn acetate","lanreotide","accepted","auto-accepted score=100"
"dasabuvir","dasabuvir","accepted","auto-accepted score=100"
"dexrazoxane","dexrazoxane","accepted","auto-accepted score=100"
"vancomycin hydrochloride","vancomycin","accepted","auto-accepted score=100"
"pevonedistat hydrochloride","olopatadine hydrochloride","accepted","auto-accepted review 80-89"
"lisinopril dihydrate","lisinopril","accepted","auto-accepted score=100"
"nebivolol hydrochloride","nebivolol","accepted","auto-accepted score=100"
"artesunate","artesunate","accepted","auto-accepted score=100"
"margetuximab","rituximab","accepted","auto-accepted review 80-89"
"naloxegol","naloxegol","accepted","auto-accepted score=100"
"milrinone","milrinone","accepted","auto-accepted score=100"
"talacotuzumab","talacotuzumab","accepted","auto-accepted score=100"
"angiotensin ii acetate","angiotensin ii acetate","accepted","auto-accepted score=100"
"roxithromycin","solithromycin","accepted","auto-accepted score 90-94"
"satoreotide tetraxetan","octreotide","accepted","auto-accepted review 80-89"
"marcaine 5mg","amsacrine","accepted","auto-accepted review 80-89"
"nintedanib","nintedanib","accepted","auto-accepted score=100"
"carotuximab","rituximab","accepted","auto-accepted review 80-89"
"opicinumab","opicinumab","accepted","auto-accepted score=100"
"ligelizumab","ligelizumab","accepted","auto-accepted score=100"
"volanesorsen","volanesorsen","accepted","auto-accepted score=100"
"tirabrutinib","rilzabrutinib","accepted","auto-accepted review 80-89"
"aceneuramic acid","aceneuramic acid","accepted","auto-accepted score=100"
"cidofovir","cidofovir","accepted","auto-accepted score=100"
"paliperidone palmitate","paliperidone palmitate","accepted","auto-accepted score=100"
"histidine","histidine","accepted","auto-accepted score=100"
"isoleucine","isoleucine","accepted","auto-accepted score=100"
"leucine","leucine","accepted","auto-accepted score=100"
"phenylalanine","phenylalanine","accepted","auto-accepted score=100"
"proline","proline","accepted","auto-accepted score=100"
"serine","serine","accepted","auto-accepted score=100"
"threonine","threonine","accepted","auto-accepted score=100"
"tyrosine","tyrosine","accepted","auto-accepted score=100"
"valine","valine","accepted","auto-accepted score=100"
"labetalol","labetalol","accepted","auto-accepted score=100"
"florbetaben","florbetaben (18f)","accepted","auto-accepted review 80-89"
"volixibat potassium","odevixibat","accepted","auto-accepted review 80-89"
"talimogene laherparepvec","talimogene laherparepvec","accepted","auto-accepted score=100"
"meropenem fresenius kabi","meropenem","accepted","auto-accepted score=100"
"tazobactam fresenius kabi 2 g","tazobactam","accepted","auto-accepted score=100"
"tazobactam fresenius kabi 4 g","tazobactam","accepted","auto-accepted score=100"
"tramadol hydrochloride celecoxib","tramadol","accepted","auto-accepted score=100"
"risdiplam","risdiplam","accepted","auto-accepted score=100"
"cariprazine hcl","cariprazine","accepted","auto-accepted score=100"
"hydrogen peroxide solution 3","hydrogen peroxide","accepted","auto-accepted score>=95"
"lonapegsomatropin","lonapegsomatropin","accepted","auto-accepted score=100"
"ciclopirox","ciclopirox","accepted","auto-accepted score=100"
"pimavanserin","pimavanserin","accepted","auto-accepted score=100"
"cabotegravir  free acid","cabotegravir","accepted","auto-accepted score=100"
"cabotegravir sodium na salt","cabotegravir","accepted","auto-accepted score=100"
"naloxone hydrochloride","naloxone","accepted","auto-accepted score=100"
"efpeglenatide","efpeglenatide","accepted","auto-accepted score=100"
"tisagenlecleucel","tisagenlecleucel","accepted","auto-accepted score=100"
"bexagliflozin","bexagliflozin","accepted","auto-accepted score=100"
"diclofenac sodico","diclofenac","accepted","auto-accepted score=100"
"nevanimibe hydrochloride","memantine hydrochloride","accepted","auto-accepted score 90-94"
"phenprocoumon","phenprocoumon","accepted","auto-accepted score=100"
"trazodone hydrochloride","trazodone","accepted","auto-accepted score=100"
"patiromer for oral suspension","patiromer","accepted","auto-accepted score=100"
"evobrutinib","tolebrutinib","accepted","auto-accepted review 80-89"
"amitriptyline","amitriptyline","accepted","auto-accepted score=100"
"neladenoson bialanate","regadenoson","accepted","auto-accepted review 80-89"
"adrecizumab","daclizumab","accepted","auto-accepted review 80-89"
"clindamycin hydrochloride","clindamycin","accepted","auto-accepted score=100"
"linzagolix","linzagolix","accepted","auto-accepted score=100"
"cobitolimod","cobitolimod sodium","accepted","auto-accepted review 80-89"
"ajmaline","ajmaline","accepted","auto-accepted score=100"
"derazantinib","derazantinib","accepted","auto-accepted score=100"
"methoxy polyethylene glycol-epoetin beta","methoxy polyethylene glycol-epoetin beta","accepted","auto-accepted score=100"
"ceftolozane","ceftolozane","accepted","auto-accepted score=100"
"satoreotide trizoxetan","octreotide","accepted","auto-accepted review 80-89"
"sodium iodide","sodium iodide i-131","accepted","auto-accepted review 80-89"
"efmoroctocog alfa","efmoroctocog alfa","accepted","auto-accepted score=100"
"lisocabtagene maraleucel","lisocabtagene maraleucel","accepted","auto-accepted score=100"
"varlitinib","avapritinib","accepted","auto-accepted review 80-89"
"polihexanide","polihexanide","accepted","auto-accepted score=100"
"gsk2586881","gsk-2586881","accepted","auto-accepted score>=95"
"onasemnogene abeparvovec","onasemnogene abeparvovec","accepted","auto-accepted score=100"
"methoxyflurane","methoxyflurane","accepted","auto-accepted score=100"
"tetracycline","tetracycline","accepted","auto-accepted score=100"
"trilaciclib","trilaciclib","accepted","auto-accepted score=100"
"lenabasum","lenabasum","accepted","auto-accepted score=100"
"lurbinectedin","lurbinectedin","accepted","auto-accepted score=100"
"cemdisiran","cemdisiran","accepted","auto-accepted score=100"
"pancreatin pheur 300 mg","pancreatin","accepted","auto-accepted score=100"
"olorofim","olorofim","accepted","auto-accepted score=100"
"octenidine dihydrochloride oct","octenidine","accepted","auto-accepted score=100"
"cetrelimab","cetrelimab","accepted","auto-accepted score=100"
"potassium citrate monohydrate","potassium","accepted","auto-accepted score=100"
"pimodivir","pimodivir","accepted","auto-accepted score=100"
"adriforant","adriforant","accepted","auto-accepted score=100"
"vamorolone","vamorolone","accepted","auto-accepted score=100"
"teprotumumab","teprotumumab","accepted","auto-accepted score=100"
"psilocybin","psilocybin","accepted","auto-accepted score=100"
"iscalimab","iscalimab","accepted","auto-accepted score=100"
"ciprofloxacin stada","ciprofloxacin","accepted","auto-accepted score=100"
"pegzilarginase","pegzilarginase","accepted","auto-accepted score=100"
"venglustat","venglustat","accepted","auto-accepted score=100"
"arbaclofen","baclofen","accepted","auto-accepted review 80-89"
"penicillamine","penicillin v","accepted","auto-accepted review 80-89"
"abaloparatide","abaloparatide","accepted","auto-accepted score=100"
"aprocitentan","aprocitentan","accepted","auto-accepted score=100"
"betamethasone diproprionate","betamethasone","accepted","auto-accepted score=100"
"nipocalimab","nipocalimab","accepted","auto-accepted score=100"
"glecaprevir","glecaprevir","accepted","auto-accepted score=100"
"pibrentasvir","pibrentasvir","accepted","auto-accepted score=100"
"metamizole sodium monohydrate","metamizole","accepted","auto-accepted score=100"
"flucytosine","cytosine","accepted","auto-accepted score 90-94"
"thiamine","thiamine","accepted","auto-accepted score=100"
"fevipiprant","fevipiprant","accepted","auto-accepted score=100"
"fosfomycin disodium","fosfomycin","accepted","auto-accepted score=100"
"crisaborole","crisaborole","accepted","auto-accepted score=100"
"delafloxacin","delafloxacin","accepted","auto-accepted score=100"
"nalbuphine","nalbuphine","accepted","auto-accepted score=100"
"flunarizine","flunarizine","accepted","auto-accepted score=100"
"oteseconazole","oteseconazole","accepted","auto-accepted score=100"
"ziritaxestat","ziritaxestat","accepted","auto-accepted score=100"
"nitrofurantoin monohydrate","nitrofurantoin","accepted","auto-accepted score=100"
"lumasiran","lumasiran","accepted","auto-accepted score=100"
"macimorelin","macimorelin","accepted","auto-accepted score=100"
"entrectinib","entrectinib","accepted","auto-accepted score=100"
"methenamine hippurate","methantheline","accepted","auto-accepted review 80-89"
"pramipexole dihydrochloride monohydrate","pramipexole dihydrochloride monohydrate","accepted","auto-accepted score=100"
"anamorelin","nafarelin","accepted","auto-accepted review 80-89"
"monalizumab","omalizumab","accepted","auto-accepted score 90-94"
"ferrous fumarate","ferrous fumarate","accepted","auto-accepted score=100"
"platelet rich plasma prp","platelets","accepted","auto-accepted score>=95"
"pegzilarginase","pegzilarginase","accepted","auto-accepted score=100"
"lenabasum","lenabasum","accepted","auto-accepted score=100"
"deutetrabenazine","deutetrabenazine","accepted","auto-accepted score=100"
"tenofovir alafenamide fumarato","tenofovir alafenamide fumarate","accepted","auto-accepted score>=95"
"ampreloxetine hydrochloride","reboxetine","accepted","auto-accepted review 80-89"
"fludeoxyglucose 18f","fludeoxyglucose","accepted","auto-accepted score=100"
"isavuconazole","isavuconazole","accepted","auto-accepted score=100"
"verinurad","lesinurad","accepted","auto-accepted review 80-89"
"brepocitinib","abrocitinib","accepted","auto-accepted score 90-94"
"diazoxide choline","diazoxide choline","accepted","auto-accepted score=100"
"clenbuterol","clenbuterol","accepted","auto-accepted score=100"
"difelikefalin","difelikefalin","accepted","auto-accepted score=100"
"ecopipam","ecopipam","accepted","auto-accepted score=100"
"linzagolix","linzagolix","accepted","auto-accepted score=100"
"amitriptyline hydrochloride","amitriptyline","accepted","auto-accepted score=100"
"tralokinumab","tralokinumab","accepted","auto-accepted score=100"
"otilimab","otilimab","accepted","auto-accepted score=100"
"sepranolone","sepranolone","accepted","auto-accepted score=100"
"zilucoplan","zilucoplan","accepted","auto-accepted score=100"
"eplontersen","eplontersen","accepted","auto-accepted score=100"
"viltolarsen","lotilaner","accepted","auto-accepted review 80-89"
"liquid paraffin ph. eur","liquid paraffin","accepted","auto-accepted review 80-89"
"cannabidiol cbd","cannabidiol","accepted","auto-accepted score=100"
"gefapixant","gefapixant","accepted","auto-accepted score=100"
"zuranolone","zuranolone","accepted","auto-accepted score=100"
"seralutinib","lestaurtinib","accepted","auto-accepted score 90-94"
"niclosamide","lacosamide","accepted","auto-accepted review 80-89"
"rocuronium","rocuronium","accepted","auto-accepted score=100"
"ondansetron hydrochloride dihydrate","ondansetron","accepted","auto-accepted score=100"
"solucion de aminoacidos","isoleucine","accepted","auto-accepted review 80-89"
"solucion de glucosa anhidra","isoleucine","accepted","auto-accepted review 80-89"
"solucin de glucosa anhidra","isoleucine","accepted","auto-accepted score 90-94"
"solucin de aminoacidos","isoleucine","accepted","auto-accepted score 90-94"
"runcaciguat","cinaciguat","accepted","auto-accepted review 80-89"
"tiratricol","tiratricol","accepted","auto-accepted score=100"
"delandistrogene moxeparvovec","delandistrogene moxeparvovec","accepted","auto-accepted score=100"
"orilanolimab","giloralimab","accepted","auto-accepted review 80-89"
"futibatinib","futibatinib","accepted","auto-accepted score=100"
"edaravone","edaravone","accepted","auto-accepted score=100"
"nomacopan","nomacopan","accepted","auto-accepted score=100"
"deucravacitinib","deucravacitinib","accepted","auto-accepted score=100"
"cabotegravir sodium na salt","cabotegravir","accepted","auto-accepted score=100"
"prasterone","prasterone","accepted","auto-accepted score=100"
"glucotep","glucose","accepted","auto-accepted review 80-89"
"emapalumab","emapalumab","accepted","auto-accepted score=100"
"opicapone","opicapone","accepted","auto-accepted score=100"
"hydroxychloroquine sulfate","hydroxychloroquine","accepted","auto-accepted score=100"
"indocyanine green","indocyanine green","accepted","auto-accepted score=100"
"ensifentrine","ensifentrine","accepted","auto-accepted score=100"
"clazakizumab","canakinumab","accepted","auto-accepted review 80-89"
"amikacin sulfate 1:2","amikacin","accepted","auto-accepted score=100"
"bromelains","bromelains","accepted","auto-accepted score=100"
"belcesiran","elebsiran","accepted","auto-accepted review 80-89"
"satralizumab","satralizumab","accepted","auto-accepted score=100"
"niclosamide ethanolamine","lacosamide","accepted","auto-accepted review 80-89"
"orelabrutinib","rilzabrutinib","accepted","auto-accepted score 90-94"
"tafasitamab","tafasitamab","accepted","auto-accepted score=100"
"avapritinib","avapritinib","accepted","auto-accepted score=100"
"molnupiravir","molnupiravir","accepted","auto-accepted score=100"
"surufatinib","surufatinib","accepted","auto-accepted score=100"
"fosfomycin calcium","fosfomycin","accepted","auto-accepted score=100"
"deutivacaftor","deutivacaftor","accepted","auto-accepted score=100"
"mosunetuzumab","mosunetuzumab","accepted","auto-accepted score=100"
"satralizumab","satralizumab","accepted","auto-accepted score=100"
"azd0171","azd-4017","accepted","auto-accepted review 80-89"
"setmelanotide","setmelanotide","accepted","auto-accepted score=100"
"onasemnogene abeparvovec","onasemnogene abeparvovec","accepted","auto-accepted score=100"
"zilebesiran","elebsiran","accepted","auto-accepted review 80-89"
"eltanexor","selinexor","accepted","auto-accepted review 80-89"
"imdevimab","imdevimab","accepted","auto-accepted score=100"
"casirivimab","casirivimab","accepted","auto-accepted score=100"
"lonapegsomatropin","lonapegsomatropin","accepted","auto-accepted score=100"
"rimegepant","rimegepant","accepted","auto-accepted score=100"
"doravirine","doravirine","accepted","auto-accepted score=100"
"cetuximab-800cw","cetuximab","accepted","auto-accepted review 80-89"
"bevacizumab-800cw","bevacizumab","accepted","auto-accepted review 80-89"
"talquetamab","talquetamab","accepted","auto-accepted score=100"
"sars-cov-2 virus, variants b.1.351-b.1.1.7, spike protein, receptor binding domain fusion heterodimer","sars-cov","accepted","auto-accepted score 90-94"
"tirbanibulin","tirbanibulin","accepted","auto-accepted score=100"
"furosemide 10 mg","furosemide","accepted","auto-accepted score=100"
"diclofenac na cf 25 mg","diclofenac","accepted","auto-accepted score=100"
"tramadol 100 mg","tramadol","accepted","auto-accepted score=100"
"fosmanogepix","fosmanogepix","accepted","auto-accepted score=100"
"miglustat oral solution 40 mg","miglustat","accepted","auto-accepted score=100"
"midazolam viatris 5 mg","midazolam","accepted","auto-accepted score=100"
"dexmedetomidine ever pharma 100 microgrammes","dexmedetomidine","accepted","auto-accepted score=100"
"oxazepam","oxazepam","accepted","auto-accepted score=100"
"metronidazole 500mg","metronidazole","accepted","auto-accepted score=100"
"metronidazole 500 mg","metronidazole","accepted","auto-accepted score=100"
"olpasiran","plozasiran","accepted","auto-accepted score 90-94"
"moxifloxacin tillomed 400 mg film coated tablets","moxifloxacin","accepted","auto-accepted score=100"
"loratadine 10 mg tablets","loratadine","accepted","auto-accepted score=100"
"mrna-1345","mrna-0184","accepted","auto-accepted review 80-89"
"levonorgestrel vaginal delivery system 75","levonorgestrel","accepted","auto-accepted score=100"
"fluorescein","fluorescein","accepted","auto-accepted score=100"
"loperamide hydrochloride","loperamide","accepted","auto-accepted score=100"
"deucravacitinib 6 mg tablet","deucravacitinib","accepted","auto-accepted score=100"
"larotrectinib bayer","larotrectinib sulfate","accepted","auto-accepted review 80-89"
"fidanacogene elaparvovec","fidanacogene elaparvovec","accepted","auto-accepted score=100"
"axatilimab","daxdilimab","accepted","auto-accepted review 80-89"
"ilofotase alfa","ilofotase alfa","accepted","auto-accepted score=100"
"ecopipam 67.2 mg","ecopipam","accepted","auto-accepted score=100"
"ecopipam 22.4 mg","ecopipam","accepted","auto-accepted score=100"
"ecopipam 11.2 mg","ecopipam","accepted","auto-accepted score=100"
"ecopipam 89.6 mg","ecopipam","accepted","auto-accepted score=100"
"ecopipam 44.8 mg","ecopipam","accepted","auto-accepted score=100"
"ecopipam 33.6 mg","ecopipam","accepted","auto-accepted score=100"
"propofol lipuro 1 % (10 mg","propofol","accepted","auto-accepted score=100"
"sevoflurane baxter 1 ml","sevoflurane","accepted","auto-accepted score=100"
"propofol „fresenius"" 2 % mit mct - emulsion zur injektion oder infusion","propofol","accepted","auto-accepted score=100"
"ketamine hydrochloride prolonged release tablets","ketamine","accepted","auto-accepted score=100"
"setrusumab","setrusumab","accepted","auto-accepted score=100"
"etoricoxib ab 60 mg comprimés pelliculés","etoricoxib","accepted","auto-accepted score=100"
"azd6234","azd-7624","accepted","auto-accepted review 80-89"
"lactest 0,45 g polvo para solución oral.","lactose","accepted","auto-accepted review 80-89"
"navtemadlin 25-120","navtemadlin","accepted","auto-accepted score=100"
"melatonin orifarm 3 mg filmdragerade tabletter","melatonin","accepted","auto-accepted score=100"
"fludrocortisone acetate","fludrocortisone","accepted","auto-accepted score=100"
"elacestrant","elacestrant","accepted","auto-accepted score=100"
"choriogonadotropin alfa","choriogonadotropin alfa","accepted","auto-accepted score=100"
"meropenem 2 g powder for solution for injection","meropenem","accepted","auto-accepted score=100"
"clindamycin 600 mg capsules, hard","clindamycin","accepted","auto-accepted score=100"
"sparsentan_df2","sparsentan","accepted","auto-accepted score=100"
"sparsentan_df3","sparsentan","accepted","auto-accepted score=100"
"methylone - 50 mg - capsule","methadone","accepted","auto-accepted review 80-89"
"vasopressin (argipressin)","vasopressin","accepted","auto-accepted score=100"
"carbetocin nasal spray","carbocysteine","accepted","auto-accepted review 80-89"
"lorundrostat","linrodostat","accepted","auto-accepted review 80-89"
"bedaquiline","bedaquiline","accepted","auto-accepted score=100"
"endoxana injection 1000 mg powder for solution for injection","edoxaban","accepted","auto-accepted review 80-89"
"elotuzumab","elotuzumab","accepted","auto-accepted score=100"
"toripalimab","toripalimab","accepted","auto-accepted score=100"
"doxycycline eg 200 mg tabletten","doxycycline","accepted","auto-accepted score=100"
"bcg vaccine","bcg vaccine","accepted","auto-accepted score=100"
"nizatidine","ranitidine","accepted","auto-accepted review 80-89"
"florbetapir","florbetapir (18f)","accepted","auto-accepted review 80-89"
"diroximel fumarate","diroximel fumarate (biib098)","accepted","auto-accepted review 80-89"
"cloxacillin stragen 2 g pulver till injektions-","cloxacillin","accepted","auto-accepted score=100"
"lacutamab","olaratumab","accepted","auto-accepted review 80-89"
"amivantamab","amivantamab","accepted","auto-accepted score=100"
"balcinrenone+dapagliflozin","balcinrenone","accepted","auto-accepted score=100"
"mavorixafor","mavorixafor","accepted","auto-accepted score=100"
"lipiodol ultra fluide 480 mg","lipiodol","accepted","auto-accepted score=100"
"riociguat bayer","riociguat","accepted","auto-accepted score=100"
"fipaxalparant","fipaxalparant","accepted","auto-accepted score=100"
"doxecitine and doxribtimine","decitabine","accepted","auto-accepted review 80-89"
"quinidine","quinine","accepted","auto-accepted score 90-94"
"propofol fresenius 10 mg","propofol","accepted","auto-accepted score=100"
"leflunomide mylan 10 mg, filmomhulde tabletten","leflunomide","accepted","auto-accepted score=100"
"fluorescein alcon® 10 % injektionslösung","fluorescein","accepted","auto-accepted score=100"
"propofol kabi 10 mg","propofol","accepted","auto-accepted score=100"
"anitocabtagene autoleucel","ciltacabtagene autoleucel","accepted","auto-accepted review 80-89"
"berotralstat","berotralstat","accepted","auto-accepted score=100"
"ondansetron aurobindo 8 mg filmtabletten","ondansetron","accepted","auto-accepted score=100"
"sumatriptan accord 100 mg, filmomhulde tabletten","sumatriptan","accepted","auto-accepted score=100"
"etidronate disodium oral capsules 400 mg","pamidronate disodium","accepted","auto-accepted score 90-94"
"esflurbiprofen topical system (efts)","flurbiprofen","accepted","auto-accepted score>=95"
"technetium (99mtc) nanocolloid","technetium tc-99m nanocolloid","accepted","auto-accepted score 90-94"
"cariprazine 0.5 mg capsules, hard","cariprazine","accepted","auto-accepted score=100"
"nemvaleukin alfa","efavaleukin alfa","accepted","auto-accepted review 80-89"
"rimegepant","rimegepant","accepted","auto-accepted score=100"
"maltodextrine powder","maltodextrin","accepted","auto-accepted score>=95"
"nefopam panpharma 20 mg","nefopam","accepted","auto-accepted score=100"
"ambroxol","ambroxol","accepted","auto-accepted score=100"
"lenacapavir","lenacapavir sodium","accepted","auto-accepted review 80-89"
"darunavir and cobicistat","darunavir","accepted","auto-accepted score=100"
"lamivudine, abacavir and dolutegravir","lamivudine","accepted","auto-accepted score=100"
"amoxicillin 500 mg film-coated tablets","amoxicillin","accepted","auto-accepted score=100"
"quercetin","quercetin","accepted","auto-accepted score=100"
"hydroxyzine renaudin 100 mg","hydroxyzine","accepted","auto-accepted score=100"
"ertapenem fresenius kabi","ertapenem","accepted","auto-accepted score=100"
"clindamycin ”alternova”, hårde kapsler","clindamycin","accepted","auto-accepted score=100"
"cesnicabtagene autoleucel","obecabtagene autoleucel","accepted","auto-accepted review 80-89"
"gentamicin sandoz 80 mg – ampullen","gentamicin","accepted","auto-accepted score=100"
"hydrocortisone hemisuccinate","hydrocortisone","accepted","auto-accepted score=100"
"propofol b. braun 1% (10 mg","propofol","accepted","auto-accepted score=100"
"meropenem and vaborbactam","meropenem","accepted","auto-accepted score=100"
"hydrocortisone upjohn 100 mg, préparation injectable","hydrocortisone","accepted","auto-accepted score=100"
"remimazolam","remimazolam","accepted","auto-accepted score=100"
"cannabidiol capsules","cannabidiol","accepted","auto-accepted score=100"
"midazolam 1 mg","midazolam","accepted","auto-accepted score=100"
"nefopam viatris 20 mg","nefopam","accepted","auto-accepted score=100"
"tramadol arrow 100 mg","tramadol","accepted","auto-accepted score=100"
"propofol fresenius 20 mg","propofol","accepted","auto-accepted score=100"
"diphenhydramine hydrochloride tablets 25 mg","diphenhydramine","accepted","auto-accepted score=100"
"pioglitazone mylan 15 mg compresse","pioglitazone","accepted","auto-accepted score=100"
"indivina","indinavir","accepted","auto-accepted review 80-89"
"bms-275183","bms-275183","accepted","auto-accepted score=100"
"bms 275183","bms-275183","accepted","auto-accepted score 90-94"
"calpol sugar-free infant suspension","eucalyptol","accepted","auto-accepted review 80-89"
"estradiol hemihydrate","estradiol","accepted","auto-accepted score=100"
"zanolimumab","golimumab","accepted","auto-accepted review 80-89"
"pioglitazone 15 mg","pioglitazone","accepted","auto-accepted score=100"
"lidocaine 0.5","lidocaine","accepted","auto-accepted score=100"
"lidocaine 2","lidocaine","accepted","auto-accepted score=100"
"levobupivacaine 0.25","levobupivacaine","accepted","auto-accepted score=100"
"levobupivacaine 0.75","levobupivacaine","accepted","auto-accepted score=100"
"ropivacaine 0.2","ropivacaine","accepted","auto-accepted score=100"
"ropivacaine 0.75","ropivacaine","accepted","auto-accepted score=100"
"caspofungin for injection","caspofungin","accepted","auto-accepted score=100"
"teduglutide 5mg","teduglutide","accepted","auto-accepted score=100"
"teduglutide 10mg","teduglutide","accepted","auto-accepted score=100"
"zidovudine and lamivudine","zidovudine","accepted","auto-accepted score=100"
"itopride hydrochloride  of the free base","iopromide","accepted","auto-accepted review 80-89"
"fesoterodine","fesoterodine","accepted","auto-accepted score=100"
"desmopressin approved inn","desmopressin","accepted","auto-accepted score=100"
"vitamin d","vitamin d","accepted","auto-accepted score=100"
"bifeprunox mesylate","eribulin mesylate","accepted","auto-accepted review 80-89"
"agalsidase alfa","agalsidase alfa","accepted","auto-accepted score=100"
"propiverine hydrochloride extended release er","propiverine","accepted","auto-accepted score=100"
"teriparatida","teriparatide","accepted","auto-accepted score 90-94"
"tenofovir disoxipropil fumarato","tenofovir disoproxil fumarate","accepted","auto-accepted score 90-94"
"eritropoietina","erythropoietin","accepted","auto-accepted score 90-94"
"rosiglitazone extended release tablets","rosiglitazone","accepted","auto-accepted score=100"
"capsaicin, ultra-purified","capsaicin","accepted","auto-accepted score=100"
"cholestyramine","cholestyramine","accepted","auto-accepted score=100"
"codeine phospat","codeine","accepted","auto-accepted score=100"
"soblidotin","silodosin","accepted","auto-accepted review 80-89"
"human papillomavirus type 16","human papillomavirus vaccine","accepted","auto-accepted review 80-89"
"human papillomavirus type 18","human papillomavirus vaccine","accepted","auto-accepted review 80-89"
"pertactina","pertactin","accepted","auto-accepted score>=95"
"dobutamine","dobutamine","accepted","auto-accepted score=100"
"efalizumab","efalizumab","accepted","auto-accepted score=100"
"methylene bis-benzotriazolyl tetrabutylphenol mbbt","methylphenidate","accepted","auto-accepted review 80-89"
"pertactina adsorbido en xido de aluminio hidratado","pertactin","accepted","auto-accepted score>=95"
"drotrecogina alfa activada","drotrecogin alfa","accepted","auto-accepted score 90-94"
"phenserine tartrate","phenylephrine","accepted","auto-accepted review 80-89"
"adefovir dipivoxil","adefovir dipivoxil","accepted","auto-accepted score=100"
"glufosfamide","ifosfamide","accepted","auto-accepted review 80-89"
"cefuroxime axetil","cefuroxime axetil","accepted","auto-accepted score=100"
"amoxicillin as the trihydrate","amoxicillin","accepted","auto-accepted score=100"
"insulins and analogues, long-acting","insulin aspart","accepted","auto-accepted review 80-89"
"carbodopa levadopa","carbidopa","accepted","auto-accepted review 80-89"
"sodium ascorbate","sodium ascorbate","accepted","auto-accepted score=100"
"magnesium oxide light","magnesium","accepted","auto-accepted score=100"
"dipyridamole and amoxapine","dipyridamole","accepted","auto-accepted score=100"
"icatibant acetate","icatibant acetate","accepted","auto-accepted score=100"
"arzoxifene","raloxifene","accepted","auto-accepted score 90-94"
"imipenem","imipenem","accepted","auto-accepted score=100"
"gelatine-solution","gelatin","accepted","auto-accepted score 90-94"
"ceftobiprole","ceftobiprole medocaril","accepted","auto-accepted review 80-89"
"heparin sodium mucous","heparin","accepted","auto-accepted score=100"
"valdecoxib","valdecoxib","accepted","auto-accepted score=100"
"palifermin kepivance","palifermin","accepted","auto-accepted score=100"
"fenofibrate capsules","fenofibrate","accepted","auto-accepted score=100"
"desmopressin","desmopressin","accepted","auto-accepted score=100"
"glutamine dipeptide for supplemet pareteral nutrition","glutamine","accepted","auto-accepted score=100"
"thiamphenicol","chloramphenicol","accepted","auto-accepted review 80-89"
"iodine ialopride","iodine","accepted","auto-accepted score=100"
"frovatriptan succinate","sumatriptan succinate","accepted","auto-accepted review 80-89"
"nilutamide","flutamide","accepted","auto-accepted score 90-94"
"tirapazamine","tinzaparin","accepted","auto-accepted review 80-89"
"sapropterin hydrochloride","sapropterin","accepted","auto-accepted score=100"
"vardenafil as hydrochloride","vardenafil","accepted","auto-accepted score=100"
"calcium acetate","caplacizumab","accepted","auto-accepted review 80-89"
"11c-metomidate injection","metomidate","accepted","auto-accepted score 90-94"
"amiodarone hydrochloride","amiodarone","accepted","auto-accepted score=100"
"lercanidipine","lercanidipine","accepted","auto-accepted score=100"
"oxcarbazepine retard","oxcarbazepine","accepted","auto-accepted score=100"
"benzoyl peroxide","benzoyl peroxide","accepted","auto-accepted score=100"
"teriparatide human, recombinant pth 1-34","teriparatide","accepted","auto-accepted score=100"
"riluzole","riluzole","accepted","auto-accepted score=100"
"gemifloxacin mesylate","difloxacin","accepted","auto-accepted review 80-89"
"nicotine transdermal patch","nicotine","accepted","auto-accepted score=100"
"dapoxetine","paroxetine","accepted","auto-accepted score 90-94"
"iloprost trometamol","iloprost","accepted","auto-accepted score=100"
"phenylephrine hydrochloride ph eur 1 w","phenylephrine","accepted","auto-accepted score=100"
"ephedrine hydrochloride bp 3 w","ephedrine","accepted","auto-accepted score=100"
"idursulfase i2s","idursulfase","accepted","auto-accepted score=100"
"ximelagatran","ximelagatran","accepted","auto-accepted score=100"
"melagatran","ximelagatran","accepted","auto-accepted score 90-94"
"hexaminolevulinate hydrochloride.","hexaminolevulinate","accepted","auto-accepted score=100"
"pindolol s -isomer","bucindolol","accepted","auto-accepted review 80-89"
"cetirizine dinitrate","cetirizine","accepted","auto-accepted score=100"
"magnesium sulphate bp 50 w","magnesium","accepted","auto-accepted score=100"
"glyceryl trinitrate ointment 0.4","glycerol","accepted","auto-accepted score 90-94"
"ertapenem sodium","ertapenem sodium","accepted","auto-accepted score=100"
"methadone hydrochloride bp","methadone","accepted","auto-accepted score=100"
"asenapine maleate","asenapine maleate","accepted","auto-accepted score=100"
"dextromethorphan","dextromethorphan","accepted","auto-accepted score=100"
"abacavir sulfate + lamivudina","abacavir","accepted","auto-accepted score=100"
"dipyridamole  prednisolone","dipyridamole","accepted","auto-accepted score=100"
"magnesium sulphate sterile solution","magnesium","accepted","auto-accepted score=100"
"hydrocortisone 1 non proprietary","hydrocortisone","accepted","auto-accepted score=100"
"porfimer sodium","porfimer sodium","accepted","auto-accepted score=100"
"ofloxacin","ofloxacin","accepted","auto-accepted score=100"
"amlopine","amlodipine","accepted","auto-accepted review 80-89"
"rilvipirine hydrochloride","rilpivirine hydrochloride","accepted","auto-accepted score>=95"
"anagrelide hydrochloride","anagrelide hydrochloride","accepted","auto-accepted score=100"
"anagrelide hydrochloride","anagrelide hydrochloride","accepted","auto-accepted score=100"
"delmitide acetate","bulevirtide acetate","accepted","auto-accepted review 80-89"
"levodopa and carbidopa","levodopa","accepted","auto-accepted score=100"
"memantine","memantine","accepted","auto-accepted score=100"
"pindolol s-isomer","bucindolol","accepted","auto-accepted review 80-89"
"labetalol hydrochloride","labetalol","accepted","auto-accepted score=100"
"pantoprazole sodium","pantoprazole","accepted","auto-accepted score=100"
"milnacipran hydrochloride","milnacipran","accepted","auto-accepted score=100"
"betamethasone injection fluid","betamethasone","accepted","auto-accepted score=100"
"amifostine","mifepristone","accepted","auto-accepted review 80-89"
"itopride hcl","iopromide","accepted","auto-accepted review 80-89"
"liothyronine sodium","liothyronine","accepted","auto-accepted score=100"
"potassium iodide","potassium iodide","accepted","auto-accepted score=100"
"nebivolol hydrochloride","nebivolol","accepted","auto-accepted score=100"
"ramelteon","tasimelteon","accepted","auto-accepted review 80-89"
"carbidopa 100 mg","carbidopa","accepted","auto-accepted score=100"
"sapropterin, sapropterin hydrochloride","sapropterin","accepted","auto-accepted score=100"
"sapropterin, sapropterin dihydrochloride","sapropterin","accepted","auto-accepted score=100"
"cetirizine dihydrichloride","cetirizine","accepted","auto-accepted score=100"
"clindamycin dihydrogenphosphate","clindamycin","accepted","auto-accepted score=100"
"paroxetine hydrochloride","paroxetine","accepted","auto-accepted score=100"
"norethisteronacetat","norethisterone","accepted","auto-accepted score 90-94"
"glucosamine sulphate","glucosamine","accepted","auto-accepted score=100"
"goldsodiumthiosulphate","gold sodium thiomalate","accepted","auto-accepted review 80-89"
"calcium folinas","calcium folinate","accepted","auto-accepted score 90-94"
"calcium levo folinas","calcium levofolinate","accepted","auto-accepted score 90-94"
"interferon beta 1a","interferon","accepted","auto-accepted score=100"
"parecoxib","parecoxib","accepted","auto-accepted score=100"
"duloxetine hydrochloride","duloxetine hydrochloride","accepted","auto-accepted score=100"
"methadone hydrochloride","methadone","accepted","auto-accepted score=100"
"acetylsalicytic acid","acetylsalicylic acid","accepted","auto-accepted score>=95"
"lisinopril+hidroclorotiazida","lisinopril","accepted","auto-accepted score=100"
"rosiglitazone maleate","rosiglitazone","accepted","auto-accepted score=100"
"dipalmitoylphosphatidycholine","dipalmitoylphosphatidylcholine","accepted","auto-accepted score>=95"
"tromethamine, usp","tromethamine","accepted","auto-accepted score=100"
"testosterone phenylpropionate","testosterone","accepted","auto-accepted score=100"
"testosterone isocaproate","testosterone","accepted","auto-accepted score=100"
"amikacin sulfate","amikacin sulfate","accepted","auto-accepted score=100"
"methadone hydrochloride bp 1mg","methadone","accepted","auto-accepted score=100"
"iodised ethyl-esters of the fatty acids of poppy-seed oil","iodine","accepted","auto-accepted review 80-89"
"toradol ketoralac trometamol","tramadol","accepted","auto-accepted review 80-89"
"quetiapine fumerate","quetiapine","accepted","auto-accepted score=100"
"zonisamide inn.l25.e","zonisamide","accepted","auto-accepted score=100"
"glycerin 250mg suppository","glycerin","accepted","auto-accepted score=100"
"caffeine sodium benzoate, 250 mg","caffeine","accepted","auto-accepted score=100"
"tilarginine acetate","ralaniten acetate","accepted","auto-accepted review 80-89"
"levodopa, carbidopa","levodopa","accepted","auto-accepted score=100"
"r-bacolfen agi 006","baclofen","accepted","auto-accepted review 80-89"
"propofol lipuro","propofol","accepted","auto-accepted score=100"
"bifeprunox mesylate","eribulin mesylate","accepted","auto-accepted review 80-89"
"azithromycin dihydrate","azithromycin","accepted","auto-accepted score=100"
"potassium chlorate","potassium","accepted","auto-accepted score=100"
"coal tar","coal tar","accepted","auto-accepted score=100"
"methoxsalen b.a.n","methoxsalen","accepted","auto-accepted score=100"
"recombinant human cu","recombinant human c1-inhibitor","accepted","auto-accepted review 80-89"
"moxifloxacin hydrochlorid","moxifloxacin","accepted","auto-accepted score=100"
"diclofenac t ratiopharm","diclofenac","accepted","auto-accepted score=100"
"liarozole fumarate","letrozole","accepted","auto-accepted review 80-89"
"albuferon","albuterol","accepted","auto-accepted review 80-89"
"chlorhexidine digluconate","chlorhexidine","accepted","auto-accepted score=100"
"lisuride hydrogenmaleate","lisuride","accepted","auto-accepted score=100"
"interferon beta-1 a","interferon","accepted","auto-accepted score=100"
"gliclazide mr","gliclazide","accepted","auto-accepted score=100"
"triptorelin acetate","triptorelin acetate","accepted","auto-accepted score=100"
"nicotine b-cyclodextrin complex","nicotine","accepted","auto-accepted score=100"
"lonidamine","clonidine","accepted","auto-accepted score 90-94"
"isoflavonas de soja","isoflavone","accepted","auto-accepted score 90-94"
"dorzolamide hydrochloride","dorzolamide","accepted","auto-accepted score=100"
"plitidepsin","plitidepsin","accepted","auto-accepted score=100"
"buprenorphine 35g","buprenorphine","accepted","auto-accepted score=100"
"buprenorphine 52.5g","buprenorphine","accepted","auto-accepted score=100"
"porfimer sodium","porfimer sodium","accepted","auto-accepted score=100"
"buprenorphine hydrochloride 0.4mg","buprenorphine hydrochloride","accepted","auto-accepted score=100"
"methadone hydrochloride ph.eur 1mg","methadone","accepted","auto-accepted score=100"
"buprenorphine hydrochloride 2mg","buprenorphine hydrochloride","accepted","auto-accepted score=100"
"buprenorphine hydrochloride 8mg","buprenorphine hydrochloride","accepted","auto-accepted score=100"
"venlafaxine hydrochloride","venlafaxine","accepted","auto-accepted score=100"
"progesteron dak","progesterone","accepted","auto-accepted score>=95"
"loratadine","loratadine","accepted","auto-accepted score=100"
"46eicosapentaenoic acid  38docosahexaenoic acid","eicosapentaenoic acid","accepted","auto-accepted review 80-89"
"vancomycin hydrochoride","vancomycin","accepted","auto-accepted score=100"
"miconazole","miconazole","accepted","auto-accepted score=100"
"nevirapine anhydrous","nevirapine","accepted","auto-accepted score=100"
"metronidazole 10 ointment","metronidazole","accepted","auto-accepted score=100"
"rasagiline","rasagiline","accepted","auto-accepted score=100"
"human coagulation factor viii","human coagulation factor ix","accepted","auto-accepted score>=95"
"paroxetine  prednisolone","paroxetine","accepted","auto-accepted score=100"
"tetracaine","tetracaine","accepted","auto-accepted score=100"
"polidocanol","polidocanol","accepted","auto-accepted score=100"
"heparin unfractionated","heparin","accepted","auto-accepted score=100"
"duloxetine inn","duloxetine","accepted","auto-accepted score=100"
"fluocinolone acetonide","fluocinolone acetonide","accepted","auto-accepted score=100"
"atracurium besylate","atracurium besylate","accepted","auto-accepted score=100"
"tansulosina cloridrato","tamsulosin","accepted","auto-accepted score 90-94"
"acetylsalicyclic acid","acetylsalicylic acid","accepted","auto-accepted score 90-94"
"eveolimus","everolimus","accepted","auto-accepted score>=95"
"biperiden","biperiden","accepted","auto-accepted score=100"
"iodine ioflupane  123i","iodine","accepted","auto-accepted score=100"
"radafaxine hydrochloride","ivabradine hydrochloride","accepted","auto-accepted review 80-89"
"eldisine","felodipine","accepted","auto-accepted review 80-89"
"alpha1-proteinase inhibitor human, modified process alpha-1 mp","alpha1-proteinase inhibitor","accepted","auto-accepted review 80-89"
"iodine, potassium iodide","iodine","accepted","auto-accepted score=100"
"cyproterone acetate","cyproterone acetate","accepted","auto-accepted score=100"
"esomeprazole sodium","esomeprazole","accepted","auto-accepted score=100"
"ubidecarenone","ubidecarenone","accepted","auto-accepted score=100"
"xaliproden hydrochloride","clomipramine hydrochloride","accepted","auto-accepted review 80-89"
"haemophilus influenza type b polysaccharide prp","haemophilus influenzae type b polysaccharide","accepted","auto-accepted review 80-89"
"piperacillin + tazobactam","piperacillin","accepted","auto-accepted score=100"
"gentamicin lek 40mg","gentamicin","accepted","auto-accepted score=100"
"folic  acid","folic acid","accepted","auto-accepted score=100"
"plasminogen","plasminogen","accepted","auto-accepted score=100"
"nilvadipine","nicardipine","accepted","auto-accepted review 80-89"
"carbetocin","carbocysteine","accepted","auto-accepted review 80-89"
"buserelin","buserelin","accepted","auto-accepted score=100"
"leuprolide acetate or leuprorelin","leuprorelin","accepted","auto-accepted review 80-89"
"fentanyl 25 ug","fentanyl","accepted","auto-accepted score=100"
"calcitonin","calcitonin","accepted","auto-accepted score=100"
"dactylis glomerata, lolium perenne y phleum pratense+polen de olivo 50+caros o gramneas 50","dactolisib","accepted","auto-accepted review 80-89"
"amoxicillin, clavulanacid","amoxicillin","accepted","auto-accepted score=100"
"leuprolide","leuprorelin","accepted","auto-accepted review 80-89"
"hydroxocobalamin","hydroxocobalamin","accepted","auto-accepted score=100"
"radotermin","radotermin","accepted","auto-accepted score=100"
"mipomersen sodium","mipomersen sodium","accepted","auto-accepted score=100"
"levothyroxine sodium b.p","levothyroxine","accepted","auto-accepted score=100"
"phenylephrine hydrochloride","phenylephrine","accepted","auto-accepted score=100"
"gabapentin pfizer","gabapentin","accepted","auto-accepted score=100"
"glucosamine sulfate","glucosamine","accepted","auto-accepted score=100"
"sodium iodide","sodium iodide i-131","accepted","auto-accepted review 80-89"
"octreotide long acting repeatable lar","octreotide","accepted","auto-accepted score=100"
"diclofenac epolamine","diclofenac","accepted","auto-accepted score=100"
"etoricoxib 60 mg mk-0663","etoricoxib","accepted","auto-accepted score=100"
"amlodipine mesilate","amlodipine","accepted","auto-accepted score=100"
"clomipramine hydrochloride","clomipramine hydrochloride","accepted","auto-accepted score=100"
"pregabalin. chmp","pregabalin","accepted","auto-accepted score=100"
"fentanyl hydrochloride","fentanyl hydrochloride","accepted","auto-accepted score=100"
"tobramycin 100 pari","tobramycin","accepted","auto-accepted score=100"
"pertussis sine cellulis ex elementus praepartum adsorbatum pt","pertussis toxoid","accepted","auto-accepted review 80-89"
"pertussis sine cellulis ex elementus praepartum adsorbatum fha","pertussis toxoid","accepted","auto-accepted review 80-89"
"pertussis sine cellulis ex elementus praepartum adsorbatum prn","pertussis toxoid","accepted","auto-accepted review 80-89"
"streptozosin","streptozocin","accepted","auto-accepted score 90-94"
"eptotermin alfa","eptotermin alfa","accepted","auto-accepted score=100"
"ziprasidone approved inn","ziprasidone","accepted","auto-accepted score=100"
"netilmicin","netilmicin","accepted","auto-accepted score=100"
"barnidipine hydrochloride","manidipine","accepted","auto-accepted score 90-94"
"phenylephrine hydrochloride 12 mg","phenylephrine","accepted","auto-accepted score=100"
"streptozocin","streptozocin","accepted","auto-accepted score=100"
"amoxicillin + potassio clavulanato","amoxicillin","accepted","auto-accepted score=100"
"amikacin","amikacin","accepted","auto-accepted score=100"
"eptotermin alfa","eptotermin alfa","accepted","auto-accepted score=100"
"varenicline tartrate","varenicline","accepted","auto-accepted score=100"
"conjugated equine estrogens 0.6 mg","conjugated estrogens","accepted","auto-accepted review 80-89"
"conjugated equine estrogens 0.3 mg","conjugated estrogens","accepted","auto-accepted review 80-89"
"conjugated equine estrogens 0,3 mg","conjugated estrogens","accepted","auto-accepted review 80-89"
"rambazole","rabeprazole","accepted","auto-accepted review 80-89"
"pancreatic islets cells in suspension from cadaver donor","pancreatin","accepted","auto-accepted score 90-94"
"sertraline","sertraline","accepted","auto-accepted score=100"
"ergocalciferol bp 1.25 mg tablets","ergocalciferol","accepted","auto-accepted score=100"
"brinzolamide 10 mg","brinzolamide","accepted","auto-accepted score=100"
"timolol 5 mg","timolol","accepted","auto-accepted score=100"
"testosterone  dc.it","testosterone","accepted","auto-accepted score=100"
"olopatadine","olopatadine","accepted","auto-accepted score=100"
"doconexent","doconexent","accepted","auto-accepted score=100"
"pramiconazole","itraconazole","accepted","auto-accepted review 80-89"
"temoporfin","temoporfin","accepted","auto-accepted score=100"
"peginesatide","peginesatide","accepted","auto-accepted score=100"
"granisetron","granisetron","accepted","auto-accepted score=100"
"granisetron hydrochloride","granisetron","accepted","auto-accepted score=100"
"rosiglitazone maleate rsg","rosiglitazone","accepted","auto-accepted score=100"
"morphine sulphate bp","morphine","accepted","auto-accepted score=100"
"nicotine mint 4 mg lozenge","nicotine","accepted","auto-accepted score=100"
"idraparinux sodium","idrabiotaparinux","accepted","auto-accepted review 80-89"
"deavenlafaxine succinate sr tablets","desvenlafaxine","accepted","auto-accepted review 80-89"
"ziprasidone hydrochloride approved inn","ziprasidone","accepted","auto-accepted score=100"
"pertussis, purified antigen, combinations with toxoids","pertussis toxoid","accepted","auto-accepted review 80-89"
"bisoprolol hemifumarate","bisoprolol","accepted","auto-accepted score=100"
"ranitidine as hydrochloride","ranitidine","accepted","auto-accepted score=100"
"tamsulosin hydrochloride","tamsulosin","accepted","auto-accepted score=100"
"vatalanib","vatalanib","accepted","auto-accepted score=100"
"acetylsalcylic acid","acetylsalicylic acid","accepted","auto-accepted score 90-94"
"iolopride 123-i","iopromide","accepted","auto-accepted review 80-89"
"betamethasone 17- valerate cream 0.1","betamethasone","accepted","auto-accepted score=100"
"epothilone","epothilone d","accepted","auto-accepted score 90-94"
"parnaparin","parnaparin","accepted","auto-accepted score=100"
"dorzolamide","dorzolamide","accepted","auto-accepted score=100"
"physostigmine","physostigmine","accepted","auto-accepted score=100"
"parecoxib as parecoxib sodium","parecoxib","accepted","auto-accepted score=100"
"sapropterin dihydrochloride","sapropterin dihydrochloride","accepted","auto-accepted score=100"
"medical grade oxygen","medical air","accepted","auto-accepted review 80-89"
"bupivacaine hydrochloride bp 2.64 mg","bupivacaine","accepted","auto-accepted score=100"
"satraplatin","satraplatin","accepted","auto-accepted score=100"
"sertraline 50mg","sertraline","accepted","auto-accepted score=100"
"mirtazapine 15mg tablet","mirtazapine","accepted","auto-accepted score=100"
"human heterologous liver cells for infusion","human heterologous liver cells","accepted","auto-accepted score=100"
"ceflatonin","melatonin","accepted","auto-accepted score 90-94"
"genistin daidzin glycitin","genistein","accepted","auto-accepted score>=95"
"cangrelor","cangrelor","accepted","auto-accepted score=100"
"trazodone","trazodone","accepted","auto-accepted score=100"
"tirofiban","tirofiban","accepted","auto-accepted score=100"
"levobupivacaine 0.5","levobupivacaine","accepted","auto-accepted score=100"
"sulfur hexafluoride","sulphur hexafluoride","accepted","auto-accepted score 90-94"
"retinol","retinol","accepted","auto-accepted score=100"
"canfosfamide inn recommended","canfosfamide","accepted","auto-accepted score=100"
"penicillin k","penicillin v","accepted","auto-accepted score 90-94"
"besilesomab","besilesomab","accepted","auto-accepted score=100"
"exametazime","dexamfetamine","accepted","auto-accepted review 80-89"
"lavender oil ws 1265","lavender oil","accepted","auto-accepted review 80-89"
"progesterone pheur","progesterone","accepted","auto-accepted score=100"
"abetimus sodium","abetimus","accepted","auto-accepted score=100"
"chlorhexidine gluconate solution","chlorhexidine","accepted","auto-accepted score=100"
"interferon a","interferon","accepted","auto-accepted score=100"
"nemorubicin hydrochloride","epirubicin hydrochloride","accepted","auto-accepted score 90-94"
"dopamine hydrochloride bp","dopamine","accepted","auto-accepted score=100"
"linezolid zyvox","linezolid","accepted","auto-accepted score=100"
"cefuroxime axetil","cefuroxime axetil","accepted","auto-accepted score=100"
"ertapenem","ertapenem","accepted","auto-accepted score=100"
"pegfilgrastim","pegfilgrastim","accepted","auto-accepted score=100"
"pertussis sine cellulis ex elementis praepartum adsorbatum","pertussis toxoid","accepted","auto-accepted review 80-89"
"riboflavin  vit b2","riboflavin","accepted","auto-accepted score=100"
"epoetinum alfa","epoetin alfa","accepted","auto-accepted score>=95"
"gadopentetate dimeglumine","gadopentetate dimeglumine","accepted","auto-accepted score=100"
"amorolfine new formulation","vamorolone","accepted","auto-accepted review 80-89"
"retinol palmitate","retinol","accepted","auto-accepted score=100"
"nelfinavir mesilate","nelfinavir","accepted","auto-accepted score=100"
"diflunisal","diflunisal","accepted","auto-accepted score=100"
"fosalvudine tidoxil","stavudine","accepted","auto-accepted review 80-89"
"arginine silicate inositol","arginine","accepted","auto-accepted score=100"
"caspofungin diacetat","caspofungin","accepted","auto-accepted score=100"
"nevirapine","nevirapine","accepted","auto-accepted score=100"
"milnacipran","milnacipran","accepted","auto-accepted score=100"
"ciclesonide","ciclesonide","accepted","auto-accepted score=100"
"oxygen gas mixture","oxygen","accepted","auto-accepted score=100"
"esomeprazole as hemimagnesium 1.5 h2o","esomeprazole","accepted","auto-accepted score=100"
"glucosamine","glucosamine","accepted","auto-accepted score=100"
"malic acid","malic acid","accepted","auto-accepted score=100"
"physostigmine salicylate 1 eye cream","physostigmine","accepted","auto-accepted score=100"
"tavanic","telavancin","accepted","auto-accepted review 80-89"
"genotropin","menotropins","accepted","auto-accepted score 90-94"
"ketorolac trometamol","ketorolac","accepted","auto-accepted score=100"
"estradiol, as estradiol hemihydrate","estradiol","accepted","auto-accepted score=100"
"calcio y vitamina d","calcitonin","accepted","auto-accepted review 80-89"
"sevelamer hydrochloride","sevelamer hydrochloride","accepted","auto-accepted score=100"
"satraplatin","satraplatin","accepted","auto-accepted score=100"
"candesartan  cilexetil","candesartan cilexetil","accepted","auto-accepted score=100"
"rosiglitazone maleate","rosiglitazone","accepted","auto-accepted score=100"
"articaine","articaine","accepted","auto-accepted score=100"
"salbutamoli","salbutamol","accepted","auto-accepted score>=95"
"tamsulosin hcl","tamsulosin","accepted","auto-accepted score=100"
"carmoterol hydrochloride","solriamfetol hydrochloride","accepted","auto-accepted review 80-89"
"cethromycin","telithromycin","accepted","auto-accepted review 80-89"
"denagliptin","linagliptin","accepted","auto-accepted review 80-89"
"nateglinida","nateglinide","accepted","auto-accepted score 90-94"
"vitamin a","vitamin e","accepted","auto-accepted score 90-94"
"vitamin e","vitamin e","accepted","auto-accepted score=100"
"gadopentetate dimeglumine","gadopentetate dimeglumine","accepted","auto-accepted score=100"
"interferons","interferon","accepted","auto-accepted score>=95"
"toradol 30mg","tramadol","accepted","auto-accepted review 80-89"
"albinterferon alfa-2b","albinterferon alfa-2b","accepted","auto-accepted score=100"
"morphine 10mg in 1ml injection","morphine","accepted","auto-accepted score=100"
"anatibant","icatibant","accepted","auto-accepted review 80-89"
"eflornithine 115mg","eflornithine","accepted","auto-accepted score=100"
"eicosapentaenoic acid, free fatty acid","eicosapentaenoic acid","accepted","auto-accepted score 90-94"
"uracil","uracil","accepted","auto-accepted score=100"
"tramadol.chlorhydr.","tramadol","accepted","auto-accepted score=100"
"timolol, combinations","timolol","accepted","auto-accepted score=100"
"carteolol","atenolol","accepted","auto-accepted review 80-89"
"perflubutane","perflubutane","accepted","auto-accepted score=100"
"vigantol","vilanterol","accepted","auto-accepted review 80-89"
"glucarpidase","glucarpidase","accepted","auto-accepted score=100"
"paroxetine hydrochloride hemihydrate","paroxetine","accepted","auto-accepted score=100"
"colchicine tablets bp 0.5mg","colchicine","accepted","auto-accepted score=100"
"galantamine hydrobromide","galantamine","accepted","auto-accepted score=100"
"ulipristal proposed","ulipristal","accepted","auto-accepted score=100"
"curcumin","curcumin","accepted","auto-accepted score=100"
"magnesium sulfate 6,4  solution for nebulisation","magnesium","accepted","auto-accepted score=100"
"baclofen","baclofen","accepted","auto-accepted score=100"
"fosaprepitant","fosaprepitant","accepted","auto-accepted score=100"
"amorolfine","vamorolone","accepted","auto-accepted review 80-89"
"paroxetine hydrochloride","paroxetine","accepted","auto-accepted score=100"
"haemophilus influenzae, type b","haemophilus influenzae type b polysaccharide","accepted","auto-accepted review 80-89"
"ketotifen","ketotifen","accepted","auto-accepted score=100"
"methacholine","methacholine","accepted","auto-accepted score=100"
"telithromycin","telithromycin","accepted","auto-accepted score=100"
"diltiazem hydrochloride cream","lidocaine hydrochloride","accepted","auto-accepted review 80-89"
"18ffluoroethylcholin chlorid","18f-fluoromethylcholine","accepted","auto-accepted score>=95"
"cengrelor","cangrelor","accepted","auto-accepted score 90-94"
"isavuconazonium sulphate","isavuconazonium","accepted","auto-accepted score=100"
"alitretinoin","alitretinoin","accepted","auto-accepted score=100"
"pegserepoeitin alfa","pegzerepoetin alfa","accepted","auto-accepted score 90-94"
"levodopa  dc.it   fu","levodopa","accepted","auto-accepted score=100"
"carbidopa  fu","carbidopa","accepted","auto-accepted score=100"
"haemophilus influenzae type b polysaccharide conjugated to 20-40 micrograms of tetanus toxoid","haemophilus influenzae type b polysaccharide","accepted","auto-accepted review 80-89"
"amibegron","vibegron","accepted","auto-accepted review 80-89"
"rosiglitazone xr","rosiglitazone","accepted","auto-accepted score=100"
"calcitonin","calcitonin","accepted","auto-accepted score=100"
"talaporfin sodium","enoxaparin sodium","accepted","auto-accepted review 80-89"
"grass pollen extract gpe","grass pollen extract","accepted","auto-accepted score 90-94"
"triclosan","trilostane","accepted","auto-accepted score 90-94"
"recombinant human monoclonal antibody","recombinant human monoclonal antibody to hsp","accepted","auto-accepted score>=95"
"paliperidone er 3 mg","paliperidone","accepted","auto-accepted score=100"
"paliperidone er 12 mg","paliperidone","accepted","auto-accepted score=100"
"tianeptine","trientine","accepted","auto-accepted review 80-89"
"nicotine replacement","nicotine","accepted","auto-accepted score=100"
"tenofovir disproxil fumarate","tenofovir disoproxil fumarate","accepted","auto-accepted score>=95"
"zidovudin","zidovudine","accepted","auto-accepted score>=95"
"catumaxomab inn","catumaxomab","accepted","auto-accepted score=100"
"acenocoumarol","acenocoumarol","accepted","auto-accepted score=100"
"tapentadol","tapentadol","accepted","auto-accepted score=100"
"sodium tetradecyl sulfate","sodium tetradecyl sulfate","accepted","auto-accepted score=100"
"tucotuzumab celmoleukina","talacotuzumab","accepted","auto-accepted review 80-89"
"anti-thymocyte globulin, rabbit","antithymocyte globulin (rabbit)","accepted","auto-accepted score>=95"
"gadopentetate dimeglumine","gadopentetate dimeglumine","accepted","auto-accepted score=100"
"rosiglitazone","rosiglitazone","accepted","auto-accepted score=100"
"certoparin sodium","enoxaparin sodium","accepted","auto-accepted review 80-89"
"sildenafil revatio","sildenafil","accepted","auto-accepted score=100"
"fondaparinux sodium","fondaparinux sodium","accepted","auto-accepted score=100"
"becaplermin","becaplermin","accepted","auto-accepted score=100"
"ispronicline","ispronicline","accepted","auto-accepted score=100"
"amlodipine besylate  atorvastatin calcium","amlodipine","accepted","auto-accepted score=100"
"fentanyl citrate 50 mcg","fentanyl citrate","accepted","auto-accepted score=100"
"vatalanib succinato","vatalanib","accepted","auto-accepted score=100"
"phenylephrine hydrochloride ph eur 1.0 w","phenylephrine","accepted","auto-accepted score=100"
"fentanyl citrate bp","fentanyl","accepted","auto-accepted score=100"
"iobenguane  131","iobenguane i-123","accepted","auto-accepted score 90-94"
"acetylic salicylic acid","acetylsalicylic acid","accepted","auto-accepted review 80-89"
"acetylic salicylic acid","acetylsalicylic acid","accepted","auto-accepted review 80-89"
"drospirenone","drospirenone","accepted","auto-accepted score=100"
"naptumomab estafenatox","blinatumomab","accepted","auto-accepted review 80-89"
"sevelamer hydrochloride","sevelamer hydrochloride","accepted","auto-accepted score=100"
"midodrine","midodrine","accepted","auto-accepted score=100"
"dimethyl sulfoxide","dimethyl sulfoxide","accepted","auto-accepted score=100"
"esomeprazole capsules 20 mg","esomeprazole","accepted","auto-accepted score=100"
"esomeprazole capsules 40 mg","esomeprazole","accepted","auto-accepted score=100"
"ambroxol hydrochloride","ambroxol","accepted","auto-accepted score=100"
"surinabant","rimonabant","accepted","auto-accepted review 80-89"
"6-18ffluorolvodopa","18f-fluorodopa","accepted","auto-accepted review 80-89"
"sufenta","sufentanil","accepted","auto-accepted score 90-94"
"arginine vasopressine pitressin","arginine","accepted","auto-accepted score=100"
"canakinumab - proposed","canakinumab","accepted","auto-accepted score=100"
"digitoxin","digoxin","accepted","auto-accepted review 80-89"
"oxybutynin capsule 5 mg","oxybutynin","accepted","auto-accepted score=100"
"gadofosveset trisodium","gadofosveset trisodium","accepted","auto-accepted score=100"
"fosamprenavir calcium","fosamprenavir calcium","accepted","auto-accepted score=100"
"carmoterol  hydrochloride","solriamfetol hydrochloride","accepted","auto-accepted review 80-89"
"estramustine","estramustine","accepted","auto-accepted score=100"
"etomidate","metomidate","accepted","auto-accepted review 80-89"
"amiodarone","amiodarone","accepted","auto-accepted score=100"
"neostigmine methylsulfas","neostigmine","accepted","auto-accepted score=100"
"terbinafine","terbinafine","accepted","auto-accepted score=100"
"gentamicin","gentamicin","accepted","auto-accepted score=100"
"interferon-beta 1a fbs-free","interferon beta","accepted","auto-accepted score>=95"
"recombinant human monoclonal antibody","recombinant human monoclonal antibody to hsp","accepted","auto-accepted score>=95"
"garenoxacin","garenoxacin mesylate","accepted","auto-accepted review 80-89"
"drospirenon","drospirenone","accepted","auto-accepted score>=95"
"norethisteronacetat","norethisterone","accepted","auto-accepted score 90-94"
"metyrosine","tyrosine","accepted","auto-accepted score 90-94"
"haemophilus influenzae type b polysaccharide conjugated to tetanus protein","haemophilus influenzae type b polysaccharide","accepted","auto-accepted review 80-89"
"hydrocortisone 1 and zinc oxide 10 in ketoconazole","hydrocortisone","accepted","auto-accepted score=100"
"pristinamycine","pristinamycin","accepted","auto-accepted score>=95"
"betadine bain de bouche","betaine","accepted","auto-accepted score>=95"
"mecamylamine hydrochloride","mecamylamine","accepted","auto-accepted score=100"
"endoxana cyclophosphamide","edoxaban","accepted","auto-accepted review 80-89"
"erbium citrate","sodium citrate","accepted","auto-accepted review 80-89"
"nateglinide","nateglinide","accepted","auto-accepted score=100"
"propranolol chlorhydrate","propranolol","accepted","auto-accepted score=100"
"amlodipine besilate","amlodipine besilate","accepted","auto-accepted score=100"
"ketamine chlorydrate","ketamine","accepted","auto-accepted score=100"
"ropivacaine chlorydrate anhydre","ropivacaine","accepted","auto-accepted score=100"
"methacholine","methacholine","accepted","auto-accepted score=100"
"tramiprosate","tramiprosate","accepted","auto-accepted score=100"
"tirofiban","tirofiban","accepted","auto-accepted score=100"
"lidocaine and carticaine","lidocaine","accepted","auto-accepted score=100"
"filamentous haemaglutinin fha","filamentous haemagglutinin","accepted","auto-accepted score 90-94"
"xylometazoline hydrochloride","xylometazoline","accepted","auto-accepted score=100"
"eptotermin alfa","eptotermin alfa","accepted","auto-accepted score=100"
"pyridoxine","pyridoxine","accepted","auto-accepted score=100"
"human immunglobulin g igg","human immunoglobulin g","accepted","auto-accepted score 90-94"
"flurbiprofen","flurbiprofen","accepted","auto-accepted score=100"
"glycerin suppository","glycerin","accepted","auto-accepted score=100"
"bisacodyl 10mg suppository","bisacodyl","accepted","auto-accepted score=100"
"ascorbic acid injection","ascorbic acid","accepted","auto-accepted score=100"
"paliperidone 3 mg","paliperidone","accepted","auto-accepted score=100"
"paliperidone 6 mg","paliperidone","accepted","auto-accepted score=100"
"olanzapine 5 mg","olanzapine","accepted","auto-accepted score=100"
"olanzapine 10 mg","olanzapine","accepted","auto-accepted score=100"
"amikacin sulfate","amikacin sulfate","accepted","auto-accepted score=100"
"tipifarnib","tipifarnib","accepted","auto-accepted score=100"
"pramipexole er","pramipexole","accepted","auto-accepted score=100"
"pramipexole er","pramipexole","accepted","auto-accepted score=100"
"naproxcinod","naproxcinod","accepted","auto-accepted score=100"
"isoniazid","isoniazid","accepted","auto-accepted score=100"
"ketamine chlorhydrate","ketamine","accepted","auto-accepted score=100"
"capadenoson","apadenoson","accepted","auto-accepted score>=95"
"timolol falcon","timolol","accepted","auto-accepted score=100"
"picoplatin","cisplatin","accepted","auto-accepted review 80-89"
"fluticasione propionate","fluticasone","accepted","auto-accepted score>=95"
"lepirudin","lepirudin","accepted","auto-accepted score=100"
"paliperidone er 1.5mg","paliperidone","accepted","auto-accepted score=100"
"paliperidone er 3.0mg","paliperidone","accepted","auto-accepted score=100"
"paliperidone er 6.0mg","paliperidone","accepted","auto-accepted score=100"
"colesevelam hydrochloride","colesevelam","accepted","auto-accepted score=100"
"raltegravir potassium","raltegravir potassium","accepted","auto-accepted score=100"
"losartan potassium and hydrochlorothiazide","losartan","accepted","auto-accepted score=100"
"nicardipine hydrochloride","nicardipine","accepted","auto-accepted score=100"
"ispronicline","ispronicline","accepted","auto-accepted score=100"
"lovastatin","fluvastatin","accepted","auto-accepted score 90-94"
"varespladib sodium","dasabuvir sodium","accepted","auto-accepted review 80-89"
"retinol palmitate","retinol","accepted","auto-accepted score=100"
"dl--tocopherol","tocopherol","accepted","auto-accepted score 90-94"
"riboflavin dihydrated sodium phosphate","riboflavin","accepted","auto-accepted score=100"
"d--tocopheryl peg 1000 succinate","tocopherol","accepted","auto-accepted review 80-89"
"eicosapentanoic acid, free fatty acid","eicosapentaenoic acid","accepted","auto-accepted score 90-94"
"doxercalciferol","ergocalciferol","accepted","auto-accepted review 80-89"
"alprostadil","alprostadil","accepted","auto-accepted score=100"
"magnesium sulphate, intravenous","magnesium","accepted","auto-accepted score=100"
"magnesium sulphate, nebulised","magnesium","accepted","auto-accepted score=100"
"penicillamine","penicillin v","accepted","auto-accepted review 80-89"
"gemtuzumab ozogamycin","gemtuzumab ozogamicin","accepted","auto-accepted score>=95"
"ergocalciferol tablets bp 0.25mg","ergocalciferol","accepted","auto-accepted score=100"
"cimicoxib","cimicoxib","accepted","auto-accepted score=100"
"iohexol omnipaque","iohexol","accepted","auto-accepted score=100"
"olmesartan medoximil","olmesartan medoxomil","accepted","auto-accepted score>=95"
"potassium acetate","potassium","accepted","auto-accepted score=100"
"mefenamic acid","tolfenamic acid","accepted","auto-accepted review 80-89"
"l-tyrosin","tyrosine","accepted","auto-accepted review 80-89"
"l-threonin","threonine","accepted","auto-accepted score 90-94"
"l-serin","serine","accepted","auto-accepted review 80-89"
"glycin","glycine","accepted","auto-accepted score>=95"
"l-methionin","methionine","accepted","auto-accepted score 90-94"
"l-leucin","leucine","accepted","auto-accepted review 80-89"
"l-lysin hydrochloride","lysine","accepted","auto-accepted review 80-89"
"l-histidin","histidine","accepted","auto-accepted score 90-94"
"l-arginin","arginine","accepted","auto-accepted review 80-89"
"ketorolac tromethamine","ketorolac","accepted","auto-accepted score=100"
"mirabegron ocas tablet 50 mg","mirabegron","accepted","auto-accepted score=100"
"mirabegron ocas tablet 100 mg","mirabegron","accepted","auto-accepted score=100"
"galsulfase","galsulfase","accepted","auto-accepted score=100"
"cefditoren","cefditoren","accepted","auto-accepted score=100"
"folic acid 0.4 mg","folic acid","accepted","auto-accepted score=100"
"quetiapine fumarate sustained release formulation","quetiapine","accepted","auto-accepted score=100"
"triamcinolone","triamcinolone","accepted","auto-accepted score=100"
"acetylsalicyclic acid","acetylsalicylic acid","accepted","auto-accepted score 90-94"
"conivaptan hydrochloride injection","ponatinib hydrochloride","accepted","auto-accepted review 80-89"
"carteolol hydrochloride","solriamfetol hydrochloride","accepted","auto-accepted review 80-89"
"varenicline as tartrate","varenicline","accepted","auto-accepted score=100"
"tenofovir dsoproxil fumarate","tenofovir disoproxil fumarate","accepted","auto-accepted score>=95"
"selenium as sodium selenite pentahydrate","selenium","accepted","auto-accepted score=100"
"thrombomodulin alfa","thrombomodulin alfa","accepted","auto-accepted score=100"
"motavizumab","omalizumab","accepted","auto-accepted review 80-89"
"milataxel","paclitaxel","accepted","auto-accepted review 80-89"
"mepivacaine chlorhydrate","mepivacaine","accepted","auto-accepted score=100"
"navitoclax proposed inn","navitoclax","accepted","auto-accepted score=100"
"heptaminol hydrochloride","paltusotine hydrochloride","accepted","auto-accepted review 80-89"
"iobenguane i 131","iobenguane i-123","accepted","auto-accepted score 90-94"
"florbetaben bay 94-9172","florbetaben (18f)","accepted","auto-accepted review 80-89"
"ospemifene","ospemifene","accepted","auto-accepted score=100"
"parabinostat","zabadinostat","accepted","auto-accepted review 80-89"
"didanosine","didanosine","accepted","auto-accepted score=100"
"chlorhexidine, combinations","chlorhexidine","accepted","auto-accepted score=100"
"oxygen refrigerated","oxygen","accepted","auto-accepted score=100"
"galantamine hydrobromide","galantamine","accepted","auto-accepted score=100"
"zopiclone","zopiclone","accepted","auto-accepted score=100"
"proven plus","propiverine","accepted","auto-accepted review 80-89"
"urapidil","urapidil","accepted","auto-accepted score=100"
"olmesartan medoxomil","olmesartan medoxomil","accepted","auto-accepted score=100"
"atazanavir sulfate","atazanavir","accepted","auto-accepted score=100"
"prazosin hydrochloride","pazopanib hydrochloride","accepted","auto-accepted score 90-94"
"ropinirole hydrochloride","ropinirole hydrochloride","accepted","auto-accepted score=100"
"tesamorelin","tesamorelin","accepted","auto-accepted score=100"
"diazoxide","diazoxide","accepted","auto-accepted score=100"
"niccine","nicotine","accepted","auto-accepted review 80-89"
"oxymetazoline hydrochoride","oxymetazoline","accepted","auto-accepted score=100"
"deferiprone","deferiprone","accepted","auto-accepted score=100"
"oblimersen","oblimersen","accepted","auto-accepted score=100"
"isofagamine tartrate","rasagiline tartrate","accepted","auto-accepted score 90-94"
"estriol gel vaginal 0.005","estriol","accepted","auto-accepted score=100"
"cefepime","cefepime","accepted","auto-accepted score=100"
"tasquinimod","laquinimod","accepted","auto-accepted score 90-94"
"filamentous haemagglutunin","filamentous haemagglutinin","accepted","auto-accepted score>=95"
"atropine sulphate fna 0.5 5mg","atropine","accepted","auto-accepted score=100"
"protena recombinante estimulante de la megacariopoyesis","aprocitentan","accepted","auto-accepted review 80-89"
"capadenoson","apadenoson","accepted","auto-accepted score>=95"
"bicarbonate de sodium","bicarbonate","accepted","auto-accepted score=100"
"tiagabine","ancitabine","accepted","auto-accepted review 80-89"
"diclofenac hydroxyethylpirrolidine","diclofenac","accepted","auto-accepted score=100"
"amrubicin","idarubicin","accepted","auto-accepted score 90-94"
"tropisetron","tropisetron","accepted","auto-accepted score=100"
"asparaginase - pegylated","asparaginase","accepted","auto-accepted score=100"
"ondansetron hcl","ondansetron","accepted","auto-accepted score=100"
"bucelipase alfa","cerliponase alfa","accepted","auto-accepted review 80-89"
"brivudine","brivudine","accepted","auto-accepted score=100"
"tanespimycin","retaspimycin","accepted","auto-accepted score 90-94"
"relaxin","serelaxin","accepted","auto-accepted review 80-89"
"pneumococcal polysaccharide","pneumococcal polysaccharide vaccine","accepted","auto-accepted score 90-94"
"pneumococcal polysaacharide","pneumococcal polysaccharide vaccine","accepted","auto-accepted review 80-89"
"mecamylamine","mecamylamine","accepted","auto-accepted score=100"
"penciclovir","ganciclovir","accepted","auto-accepted review 80-89"
"desmopressin acetate","desmopressin","accepted","auto-accepted score=100"
"18f fluorocholine","18f-fluorocholine","accepted","auto-accepted score>=95"
"fludrocortisone acetate","fludrocortisone","accepted","auto-accepted score=100"
"enfuvirtide","enfuvirtide","accepted","auto-accepted score=100"
"tigatuzumab","tigatuzumab","accepted","auto-accepted score=100"
"betamethasone 0.1 cream","betamethasone","accepted","auto-accepted score=100"
"glyceryl monocaprylate","glycerol","accepted","auto-accepted score 90-94"
"pioglitazone as hydrochloride","pioglitazone","accepted","auto-accepted score=100"
"lintuzumab","nimotuzumab","accepted","auto-accepted review 80-89"
"talaporfin sodium","enoxaparin sodium","accepted","auto-accepted review 80-89"
"avidine","ivabradine","accepted","auto-accepted review 80-89"
"tenofovir disoproxilfumarat","tenofovir disoproxil fumarate","accepted","auto-accepted score>=95"
"fipamezole hydrochloride","raloxifene hydrochloride","accepted","auto-accepted review 80-89"
"mepivacaine hydrochloride","mepivacaine","accepted","auto-accepted score=100"
"varenicline tartrate","varenicline","accepted","auto-accepted score=100"
"gentamicin sulphate","gentamicin","accepted","auto-accepted score=100"
"oseltamivir phosphate","oseltamivir","accepted","auto-accepted score=100"
"interferon alpha-2a","interferon","accepted","auto-accepted score=100"
"hydrocortisone roussel","hydrocortisone","accepted","auto-accepted score=100"
"magnesium sulfate","magnesium sulfate","accepted","auto-accepted score=100"
"zolpidem tartrate","zolpidem","accepted","auto-accepted score=100"
"tetracycline","tetracycline","accepted","auto-accepted score=100"
"anti-igf-1r monoclonal antibody","anti-il-6 monoclonal antibody","accepted","auto-accepted review 80-89"
"aliskiren rasilez","aliskiren","accepted","auto-accepted score=100"
"ursodiol","ursodiol","accepted","auto-accepted score=100"
"potassium chloride 15","potassium","accepted","auto-accepted score=100"
"magnesium sulphate 50","magnesium","accepted","auto-accepted score=100"
"calcium chloride 14.7","calcium chloride","accepted","auto-accepted score 90-94"
"etazolate hydrochloride","pazopanib hydrochloride","accepted","auto-accepted review 80-89"
"amiodarone hydrochloride","amiodarone","accepted","auto-accepted score=100"
"resatorvid","resatorvid","accepted","auto-accepted score=100"
"ferrous ii-glycine sulphate","ferrous glycine sulfate","accepted","auto-accepted review 80-89"
"cromoglicato disdico","cromoglicate sodium","accepted","auto-accepted review 80-89"
"idursulfase","idursulfase","accepted","auto-accepted score=100"
"codeine phosphate pheur","codeine","accepted","auto-accepted score=100"
"propylene glycol","propylene glycol","accepted","auto-accepted score=100"
"glutamine","glutamine","accepted","auto-accepted score=100"
"metamizole magnesium","metamizole","accepted","auto-accepted score=100"
"trimethoprim sulfametoxazol","trimethoprim","accepted","auto-accepted score=100"
"bismuth subcitrate potassium","bismuth subcitrate","accepted","auto-accepted review 80-89"
"tetracycline hydrochloride","tetracycline","accepted","auto-accepted score=100"
"nicotine base","nicotine","accepted","auto-accepted score=100"
"methyl 1-n6-3-iodobenzyl-adenin-9-yl--dribofuronamide","menthol","accepted","auto-accepted review 80-89"
"nefopam","nefopam","accepted","auto-accepted score=100"
"nitroprusside","nitrous oxide","accepted","auto-accepted review 80-89"
"laronidase","laronidase","accepted","auto-accepted score=100"
"betamethasone valerate","betamethasone valerate","accepted","auto-accepted score=100"
"2disperse blue 106","drisapersen","accepted","auto-accepted review 80-89"
"imipramine hydrochloride","clomipramine hydrochloride","accepted","auto-accepted score 90-94"
"fluocinolone acetonide","fluocinolone acetonide","accepted","auto-accepted score=100"
"dibotermin alfa","dibotermin alfa","accepted","auto-accepted score=100"
"triapin triapin mite","rifampin","accepted","auto-accepted review 80-89"
"staril","estriol","accepted","auto-accepted review 80-89"
"ethinyl estradiol","ethinylestradiol","accepted","auto-accepted score>=95"
"glicerolo","glycerol","accepted","auto-accepted review 80-89"
"methadone chlorhydrate","methadone","accepted","auto-accepted score=100"
"sulfur hexafluoride sf6","sulphur hexafluoride","accepted","auto-accepted review 80-89"
"hparine sodique","heparin","accepted","auto-accepted score 90-94"
"finafloxacin as hydrochloride","ibafloxacin","accepted","auto-accepted review 80-89"
"finafloxacin hydrochloride","ibafloxacin","accepted","auto-accepted review 80-89"
"iodine 131i iobenguane","iodine","accepted","auto-accepted score=100"
"interferon beta","interferon beta","accepted","auto-accepted score=100"
"ribavirin, usp","ribavirin","accepted","auto-accepted score=100"
"mangafodipir trisodique anhydre","mangafodipir trisodium","accepted","auto-accepted review 80-89"
"interferon pegilado 2 alfa","interferon","accepted","auto-accepted score=100"
"chlorhexidine hydrochloride","chlorhexidine","accepted","auto-accepted score=100"
"laromustine","lomustine","accepted","auto-accepted score 90-94"
"zopiclone zimovane","zopiclone","accepted","auto-accepted score=100"
"glutamic acid","glutamic acid","accepted","auto-accepted score=100"
"veltuzumab","elotuzumab","accepted","auto-accepted score 90-94"
"ixabepilone","ixabepilone","accepted","auto-accepted score=100"
"fentanyl hydrochloride","fentanyl hydrochloride","accepted","auto-accepted score=100"
"sotrastaurin","rosuvastatin","accepted","auto-accepted review 80-89"
"vardenafil odt 10 mg","vardenafil","accepted","auto-accepted score=100"
"lisdexamfetamine dimesylate ldx","dexamfetamine","accepted","auto-accepted score 90-94"
"gadofosveset","gadofosveset trisodium","accepted","auto-accepted review 80-89"
"fondaparinux sodium","fondaparinux sodium","accepted","auto-accepted score=100"
"normal human immunoglobulin g","human normal immunoglobulin","accepted","auto-accepted score 90-94"
"enoxolone","enoximone","accepted","auto-accepted review 80-89"
"covaccine ht adjuvant","cocaine","accepted","auto-accepted review 80-89"
"tadalfil","tadalafil","accepted","auto-accepted score>=95"
"carbidopa monohydrate","carbidopa","accepted","auto-accepted score=100"
"quetiapine as quetiapine hemifumarate","quetiapine","accepted","auto-accepted score=100"
"orlistat 60 mg","orlistat","accepted","auto-accepted score=100"
"amantadine hydrochloride","amantadine","accepted","auto-accepted score=100"
"mannitol aguettant","mannitol","accepted","auto-accepted score=100"
"betahistine","betahistine","accepted","auto-accepted score=100"
"trimebutine","trientine","accepted","auto-accepted review 80-89"
"parasetamoli","paracetamol","accepted","auto-accepted score 90-94"
"velaglucerase alfa","velaglucerase alfa","accepted","auto-accepted score=100"
"oxytocin and analogues","oxytocin","accepted","auto-accepted score=100"
"remifentanil ultiva","remifentanil","accepted","auto-accepted score=100"
"fentanyl sublimaze","fentanyl","accepted","auto-accepted score=100"
"varenicline as tartrate","varenicline","accepted","auto-accepted score=100"
"dichlorphenamide","diclofenamide","accepted","auto-accepted review 80-89"
"clindamycin dihydrogenphosphate","clindamycin","accepted","auto-accepted score=100"
"perhexiline","perhexiline","accepted","auto-accepted score=100"
"terbinafine hcl 1","terbinafine","accepted","auto-accepted score=100"
"calcium gluceptate","calcium gluconate","accepted","auto-accepted review 80-89"
"alginic acid","alginic acid","accepted","auto-accepted score=100"
"cetrorelix cetrotide","cetrorelix","accepted","auto-accepted score=100"
"travoprost + brinzolamide","travoprost","accepted","auto-accepted score=100"
"pioglitazone as hydrochloride","pioglitazone","accepted","auto-accepted score=100"
"duloxetine hydrocloride","duloxetine","accepted","auto-accepted score=100"
"interferon beta 1a","interferon","accepted","auto-accepted score=100"
"ondansetron hcl dihydrate","ondansetron","accepted","auto-accepted score=100"
"cytokine induced killer cells","cytosine","accepted","auto-accepted score 90-94"
"morphine sulphate injection bp","morphine","accepted","auto-accepted score=100"
"tetracaine hydrochloride","tetracaine","accepted","auto-accepted score=100"
"fluoxetine","fluoxetine","accepted","auto-accepted score=100"
"octenidine","octenidine","accepted","auto-accepted score=100"
"estriol","estriol","accepted","auto-accepted score=100"
"desonide","desonide","accepted","auto-accepted score=100"
"fluorescein lisicol","fluorescein","accepted","auto-accepted score=100"
"pentosan polysulfate sodium","pentosan polysulfate sodium","accepted","auto-accepted score=100"
"entacapone","entacapone","accepted","auto-accepted score=100"
"tolcapone","tolcapone","accepted","auto-accepted score=100"
"pasireotide s.c.","pasireotide","accepted","auto-accepted score=100"
"gadobenate dimeglumine","gadobenate dimeglumine","accepted","auto-accepted score=100"
"dermatophagoides pteronyssinus derp1","dermatophagoides pteronyssinus extract","accepted","auto-accepted score 90-94"
"dermatophagoides pteronyssinus derp2","dermatophagoides pteronyssinus extract","accepted","auto-accepted score 90-94"
"sevelamer carbonate","sevelamer carbonate","accepted","auto-accepted score=100"
"glyceryl tri-4-phenylbutyrategt4p","glycerol","accepted","auto-accepted score 90-94"
"desmopressin acetat","desmopressin","accepted","auto-accepted score=100"
"ropivacaine chlorhydrate anydre","ropivacaine","accepted","auto-accepted score=100"
"naltrexone vitaflo","naltrexone","accepted","auto-accepted score=100"
"zanamivir","zanamivir","accepted","auto-accepted score=100"
"dersalazine sodium","mesalazine","accepted","auto-accepted score 90-94"
"betaine","betaine","accepted","auto-accepted score=100"
"tizanidine","ranitidine","accepted","auto-accepted review 80-89"
"biotin","biotin","accepted","auto-accepted score=100"
"ropivacaine 0.5","ropivacaine","accepted","auto-accepted score=100"
"adecatumumab","daratumumab","accepted","auto-accepted review 80-89"
"lanthanum carbonate","lanthanum carbonate","accepted","auto-accepted score=100"
"sevelamer hydrochloride","sevelamer hydrochloride","accepted","auto-accepted score=100"
"amiloride modamide","amiloride","accepted","auto-accepted score=100"
"iotroxic acid","citric acid","accepted","auto-accepted review 80-89"
"acamprosate calcium","acamprosate","accepted","auto-accepted score=100"
"ocriplasmin","ocriplasmin","accepted","auto-accepted score=100"
"11c-choline","choline","accepted","auto-accepted review 80-89"
"palifosfamide","palifosfamide","accepted","auto-accepted score=100"
"recombinant human monocolonal antibody","recombinant human monoclonal antibody to hsp","accepted","auto-accepted review 80-89"
"acadesine","acadesine","accepted","auto-accepted score=100"
"ketamine chlorhydrate","ketamine","accepted","auto-accepted score=100"
"diltiazem hydrochloride","lidocaine hydrochloride","accepted","auto-accepted review 80-89"
"bicalutamida","bicalutamide","accepted","auto-accepted score 90-94"
"pirenzepine dihydrochloride monohydrate","fedratinib dihydrochloride monohydrate","accepted","auto-accepted review 80-89"
"ferumoxtran-10 usan","ferumoxtran","accepted","auto-accepted score 90-94"
"ziconotide","ziconotide","accepted","auto-accepted score=100"
"sumatriptan","sumatriptan","accepted","auto-accepted score=100"
"interferon","interferon","accepted","auto-accepted score=100"
"selenium","selenium","accepted","auto-accepted score=100"
"farletuzumab","farletuzumab","accepted","auto-accepted score=100"
"calcitonin novartis","calcitonin","accepted","auto-accepted score=100"
"salicylic acid","salicylic acid","accepted","auto-accepted score=100"
"daclizumab with greek suufix","daclizumab","accepted","auto-accepted score=100"
"meropenem trihydrate","meropenem","accepted","auto-accepted score=100"
"interferon beta1a","interferon","accepted","auto-accepted score=100"
"medicinal air","medical air","accepted","auto-accepted review 80-89"
"cortivazol","clotrimazole","accepted","auto-accepted review 80-89"
"morphine 1mg","morphine","accepted","auto-accepted score=100"
"aliskiren as hemifumarate","aliskiren","accepted","auto-accepted score=100"
"gadoxetate disodium","gadoxetate disodium","accepted","auto-accepted score=100"
"pramipexole dihydrochloride, premipexole dihydrochloride monohydrate, pramipexole salt","pramipexole","accepted","auto-accepted score=100"
"propylene glycol","propylene glycol","accepted","auto-accepted score=100"
"methyl 1-n6-3-iodobenzyl-adenin-9-yl--d-ribofuronamide","menthol","accepted","auto-accepted review 80-89"
"enoximone","enoximone","accepted","auto-accepted score=100"
"hepatitis a vaccine inactivated","hepatitis a vaccine","accepted","auto-accepted review 80-89"
"physostigmine salicylate","physostigmine","accepted","auto-accepted score=100"
"coagulation factor xiii","coagulation factor viii","accepted","auto-accepted score>=95"
"isosorbide mononitrate","isosorbide mononitrate","accepted","auto-accepted score=100"
"varenicline tartrate","varenicline","accepted","auto-accepted score=100"
"rilpivirine hydrocholoride","rilpivirine","accepted","auto-accepted score=100"
"calcium folate","calcium folinate","accepted","auto-accepted score>=95"
"ethambutol","ethambutol","accepted","auto-accepted score=100"
"cytokine induced killer","cytosine","accepted","auto-accepted score 90-94"
"lithium citrate","lithium","accepted","auto-accepted score=100"
"alisertib","alisertib","accepted","auto-accepted score=100"
"inulin human","insulin human","accepted","auto-accepted score>=95"
"pentaerythritol tetranitrate","pentaerythritol tetranitrate","accepted","auto-accepted score=100"
"doxazosin","doxazosin","accepted","auto-accepted score=100"
"glucotep","glucose","accepted","auto-accepted review 80-89"
"physostigmine salicylate","physostigmine","accepted","auto-accepted score=100"
"alogliptina","alogliptin","accepted","auto-accepted score>=95"
"cicletanine hydrochloride","alectinib hydrochloride","accepted","auto-accepted score 90-94"
"curevac","urea","accepted","auto-accepted review 80-89"
"repaglinid","repaglinide","accepted","auto-accepted score>=95"
"teicoplanin","teicoplanin","accepted","auto-accepted score=100"
"prilocaine hydrochloride","prilocaine","accepted","auto-accepted score=100"
"erdosteine","erdosteine","accepted","auto-accepted score=100"
"arimoclomol","arimoclomol","accepted","auto-accepted score=100"
"ketoprofen base equivalent","ketoprofen","accepted","auto-accepted score=100"
"dexmedetomidine hydrochloride","dexmedetomidine hydrochloride","accepted","auto-accepted score=100"
"choriongonadotropin","chorionic gonadotropin","accepted","auto-accepted review 80-89"
"propofol lipuro 1","propofol","accepted","auto-accepted score=100"
"rivastigmine hydrogen tartrate","rivastigmine hydrogen tartrate","accepted","auto-accepted score=100"
"terbutaline sulphate","terbutaline","accepted","auto-accepted score=100"
"bisoprolol vitabalans","bisoprolol","accepted","auto-accepted score=100"
"naloxone sustained resease capsule","naloxone","accepted","auto-accepted score=100"
"ganirelix","ganirelix","accepted","auto-accepted score=100"
"domperidone odt","domperidone","accepted","auto-accepted score=100"
"sodium sulfide for injection","sodium fusidate","accepted","auto-accepted score 90-94"
"adenosine 5-monophosphate","adenosine","accepted","auto-accepted score=100"
"vigantol oil","vilanterol","accepted","auto-accepted review 80-89"
"zeaxanthin","zeaxanthin","accepted","auto-accepted score=100"
"aliskiren hemifumarate","aliskiren","accepted","auto-accepted score=100"
"retinamide","rufinamide","accepted","auto-accepted review 80-89"
"buprenorphine hydrochloride and naloxone hydrochloride dihydrate","buprenorphine","accepted","auto-accepted score=100"
"isoflurane","isoflurane","accepted","auto-accepted score=100"
"srt-2104","srt-2104","accepted","auto-accepted score=100"
"telatinib","alectinib","accepted","auto-accepted review 80-89"
"gadoxetic acid","gadoteric acid","accepted","auto-accepted score 90-94"
"liothyronine sodium","liothyronine","accepted","auto-accepted score=100"
"atazanavir sulphate","atazanavir","accepted","auto-accepted score=100"
"brivudin","brivudine","accepted","auto-accepted score>=95"
"levobupivacaine chlorhydrate","levobupivacaine","accepted","auto-accepted score=100"
"sufentanil base","sufentanil","accepted","auto-accepted score=100"
"robatumumab","ofatumumab","accepted","auto-accepted score 90-94"
"dexmedetomidine precedex","dexmedetomidine","accepted","auto-accepted score=100"
"ondansetron hidrocloruro dihidrato","ondansetron","accepted","auto-accepted score=100"
"ciclopirox base","ciclopirox","accepted","auto-accepted score=100"
"carbamazepine controlled-release","carbamazepine","accepted","auto-accepted score=100"
"josamycin propionate","josamycin","accepted","auto-accepted score=100"
"sotalol hidrocloruro","sotalol","accepted","auto-accepted score=100"
"interferon alfa2b","interferon","accepted","auto-accepted score=100"
"18f-fluorocholine chloride","18f-fluorocholine","accepted","auto-accepted score=100"
"tadalafilo","tadalafil","accepted","auto-accepted score>=95"
"atomoxetine hydrochloride","atomoxetine","accepted","auto-accepted score=100"
"alisertib sodium","alisertib","accepted","auto-accepted score=100"
"mangafodipir trisodium","mangafodipir trisodium","accepted","auto-accepted score=100"
"cediranib azd2171","cediranib","accepted","auto-accepted score=100"
"glycine max merr exto seco","glycine","accepted","auto-accepted score=100"
"diclofenac diethylamine 2.32 gel","diclofenac","accepted","auto-accepted score=100"
"benzathinebenylpenicilline","benzathine benzylpenicillin","accepted","auto-accepted score>=95"
"octenidine","octenidine","accepted","auto-accepted score=100"
"oxycodone hydrochloride and naloxone hydrochloride dihydrate","oxycodone","accepted","auto-accepted score=100"
"aminosalicylic acid and similar agents","aminosalicylic acid","accepted","auto-accepted score 90-94"
"befiradol","befiradol","accepted","auto-accepted score=100"
"bifonazole et ure","miconazole","accepted","auto-accepted review 80-89"
"nitrogen mustard analogues","nitroglycerin","accepted","auto-accepted review 80-89"
"parathyroid hormone","parathyroid hormone","accepted","auto-accepted score=100"
"florbetaben 18 f","florbetaben (18f)","accepted","auto-accepted score 90-94"
"gadoxetic acid","gadoteric acid","accepted","auto-accepted score 90-94"
"nelarabine","nelarabine","accepted","auto-accepted score=100"
"oxytocin pheur 5 units in 1 ml","oxytocin","accepted","auto-accepted score=100"
"oxytocin pheur 10 units in 1 ml","oxytocin","accepted","auto-accepted score=100"
"follitropin alfa r-hfsh","follitropin alfa","accepted","auto-accepted score 90-94"
"vidofludimus","vidofludimus calcium","accepted","auto-accepted review 80-89"
"proteine","paroxetine","accepted","auto-accepted review 80-89"
"alverine dci citrate","papaverine","accepted","auto-accepted review 80-89"
"simeticone dci","simeticone","accepted","auto-accepted score=100"
"polyethylene glycol human hemoglobin conjugate","polyethylene glycol","accepted","auto-accepted review 80-89"
"thiopental","thiopental","accepted","auto-accepted score=100"
"clindamycin -2-dihydogenphosphate","clindamycin","accepted","auto-accepted score=100"
"clodronic acid","clodronic acid","accepted","auto-accepted score=100"
"magnesium sulfate","magnesium sulfate","accepted","auto-accepted score=100"
"tanezumab","tanezumab","accepted","auto-accepted score=100"
"ropivacaine chlorhydrate","ropivacaine","accepted","auto-accepted score=100"
"methylcellulose - celevac","methylcellulose","accepted","auto-accepted score=100"
"doconexent","doconexent","accepted","auto-accepted score=100"
"dipyridamole","dipyridamole","accepted","auto-accepted score=100"
"phenylephrine injection bp","phenylephrine","accepted","auto-accepted score=100"
"dapoxetine hydrochloride","duloxetine hydrochloride","accepted","auto-accepted score 90-94"
"imipramine hydrochlorid","clomipramine hydrochloride","accepted","auto-accepted review 80-89"
"abexinostat","zabadinostat","accepted","auto-accepted review 80-89"
"bupivacaine and adrenaline injection","bupivacaine","accepted","auto-accepted score=100"
"pentoxifylline","pentoxifylline","accepted","auto-accepted score=100"
"besipirdine hydrochloride","trientine dihydrochloride","accepted","auto-accepted review 80-89"
"arginine dci chlorhydrate","arginine","accepted","auto-accepted score=100"
"chondroitin sulfate sodium","chondroitin sulfate","accepted","auto-accepted score 90-94"
"hydromorphone","hydromorphone","accepted","auto-accepted score=100"
"anidulafungin","anidulafungin","accepted","auto-accepted score=100"
"enfuvirtide","enfuvirtide","accepted","auto-accepted score=100"
"nebivolol","nebivolol","accepted","auto-accepted score=100"
"interferon alfa2a","interferon","accepted","auto-accepted score=100"
"sodium gluconate","sodium folate","accepted","auto-accepted review 80-89"
"conium maculatum, hydrastis canadensis, phytolacca, urginea marittima, viscum album","concizumab","accepted","auto-accepted review 80-89"
"gadoteric acid","gadoteric acid","accepted","auto-accepted score=100"
"doconexent ethyl ester","doconexent","accepted","auto-accepted score=100"
"atracurium","gantacurium","accepted","auto-accepted score 90-94"
"calcium carbonate  colecalciferol","caplacizumab","accepted","auto-accepted review 80-89"
"sotrastaurin","rosuvastatin","accepted","auto-accepted review 80-89"
"desipramine","desipramine","accepted","auto-accepted score=100"
"dobutamine hydrochloride","dobutamine","accepted","auto-accepted score=100"
"dopexamine hydrochloride","duloxetine hydrochloride","accepted","auto-accepted score 90-94"
"18ffmiso  1-2-nitro-1-imidazolyl-3-fluoro-2-propanol","18f-fmiso","accepted","auto-accepted score>=95"
"ibuprofen rapid","ibuprofen","accepted","auto-accepted score=100"
"ibuprofen nurofen","ibuprofen","accepted","auto-accepted score=100"
"calcium phosphoricum","caplacizumab","accepted","auto-accepted review 80-89"
"paliperidone er 9 mg","paliperidone","accepted","auto-accepted score=100"
"lorazepam 2,5 mg","lorazepam","accepted","auto-accepted score=100"
"rivastigmine 5","rivastigmine","accepted","auto-accepted score=100"
"rivastigmine 10","rivastigmine","accepted","auto-accepted score=100"
"tenofovir disopraxil fumarate","tenofovir disoproxil fumarate","accepted","auto-accepted score 90-94"
"enalapril maleate","enalapril (maleate)","accepted","auto-accepted score>=95"
"ibopamine hcl","dopamine","accepted","auto-accepted review 80-89"
"oxycodone hydrocloride naloxone hydrocloride","oxycodone","accepted","auto-accepted score=100"
"lecardinipine","lercanidipine","accepted","auto-accepted score 90-94"
"lecarnidipine","lercanidipine","accepted","auto-accepted score>=95"
"zanamivir","zanamivir","accepted","auto-accepted score=100"
"scopolamine hydrobromide","scopolamine","accepted","auto-accepted score=100"
"hydrocortisone succinate","hydrocortisone","accepted","auto-accepted score=100"
"milrinone","milrinone","accepted","auto-accepted score=100"
"octreotide lar","octreotide","accepted","auto-accepted score=100"
"nicotine as nicotine polacrilex","nicotine","accepted","auto-accepted score=100"
"nicotine resinate","nicotine","accepted","auto-accepted score=100"
"lanreotide atg","lanreotide","accepted","auto-accepted score=100"
"iron isomaltoside 1000","iron isomaltoside 1000","accepted","auto-accepted score=100"
"pemirolast","apremilast","accepted","auto-accepted review 80-89"
"hydrocortisone sodium succinate 133.7 mg equivalent to hydrocortisone 100.0 mg","hydrocortisone","accepted","auto-accepted score=100"
"anagrelide hydrochloride monohydrate","anagrelide","accepted","auto-accepted score=100"
"alfentanil rapifen","alfentanil","accepted","auto-accepted score=100"
"sufentanil mylan","sufentanil","accepted","auto-accepted score=100"
"sufentanil merck","sufentanil","accepted","auto-accepted score=100"
"immunoglobulina di coniglio antitimociti umani","immunoglobulin, normal human","accepted","auto-accepted review 80-89"
"estradiol inn benzoate","estradiol","accepted","auto-accepted score=100"
"alteplasa","alteplase","accepted","auto-accepted score 90-94"
"thiamine hydrochloride","thiamine","accepted","auto-accepted score=100"
"hydrocortisone as sodium phosphate","hydrocortisone","accepted","auto-accepted score=100"
"ammonium chloride","ammonium chloride","accepted","auto-accepted score=100"
"moxaverine hydrochloride","raloxifene hydrochloride","accepted","auto-accepted score 90-94"
"immunoglobuline g","immunoglobulin m-enriched","accepted","auto-accepted review 80-89"
"trebananib","trebananib","accepted","auto-accepted score=100"
"glukos braun 50 mg","glucose","accepted","auto-accepted review 80-89"
"naloxone prolonged release tablets 5","naloxone","accepted","auto-accepted score=100"
"naloxone prolonged release tablets 10","naloxone","accepted","auto-accepted score=100"
"naloxone prolonged release tablets 20","naloxone","accepted","auto-accepted score=100"
"exenatide 5 micrograms","exenatide","accepted","auto-accepted score=100"
"exenatide 10 micrograms","exenatide","accepted","auto-accepted score=100"
"acetyl-salicylic acid","acetylsalicylic acid","accepted","auto-accepted score>=95"
"amlodipine gel","amlodipine","accepted","auto-accepted score=100"
"ibodutant","ibodutant","accepted","auto-accepted score=100"
"yohimbine","yohimbine","accepted","auto-accepted score=100"
"lidocaine hydrochloride injection bp minijet 2","lidocaine","accepted","auto-accepted score=100"
"eslicarbzepine acetate","eslicarbazepine","accepted","auto-accepted score>=95"
"tadalafil cialis10mg","tadalafil","accepted","auto-accepted score=100"
"pasireotide lar","pasireotide","accepted","auto-accepted score=100"
"dorzolamide cloridrato","dorzolamide","accepted","auto-accepted score=100"
"ocriplasmin","ocriplasmin","accepted","auto-accepted score=100"
"ziconotide","ziconotide","accepted","auto-accepted score=100"
"bismuth subcitrate potassium","bismuth subcitrate","accepted","auto-accepted review 80-89"
"potassium hydrogen carbonate","potassium","accepted","auto-accepted score=100"
"dipotassium salt","potassium","accepted","auto-accepted score 90-94"
"dronedarona","dronedarone","accepted","auto-accepted score 90-94"
"simeticone","simeticone","accepted","auto-accepted score=100"
"proteina plasmatica humana","protein c","accepted","auto-accepted review 80-89"
"citalopram 40mg","citalopram","accepted","auto-accepted score=100"
"meningococcal group c polysaccharide conjugate vaccine adsorbed","meningococcal group c polysaccharide vaccine","accepted","auto-accepted review 80-89"
"dronedarone - multaq","dronedarone","accepted","auto-accepted score=100"
"cysteamine bitartrate","cysteamine","accepted","auto-accepted score=100"
"nepafenac 3 mg","nepafenac","accepted","auto-accepted score=100"
"lercanidipine hydrochloride","lercanidipine","accepted","auto-accepted score=100"
"omeprazole 20 mg","omeprazole","accepted","auto-accepted score=100"
"oxygen o2","oxygen","accepted","auto-accepted score=100"
"iopromide","iopromide","accepted","auto-accepted score=100"
"propranolol as hydrochloride","propranolol","accepted","auto-accepted score=100"
"diflunisal","diflunisal","accepted","auto-accepted score=100"
"gantenerumab","ganitumab","accepted","auto-accepted review 80-89"
"vardenafil hydrochloride trihydrate","vardenafil","accepted","auto-accepted score=100"
"idursulfase i2s-it","idursulfase","accepted","auto-accepted score=100"
"inotuzumab ozogamicin","inotuzumab ozogamicin","accepted","auto-accepted score=100"
"amlodipine besilate 5mgs","amlodipine","accepted","auto-accepted score=100"
"eperisone","ephedrine","accepted","auto-accepted review 80-89"
"albiglutide","albiglutide","accepted","auto-accepted score=100"
"tropisetron","tropisetron","accepted","auto-accepted score=100"
"urofollitropin fostimon 150","urofollitropin","accepted","auto-accepted score=100"
"mecasermin","mecasermin","accepted","auto-accepted score=100"
"tariquidar","tariquidar","accepted","auto-accepted score=100"
"iproniazid","isoniazid","accepted","auto-accepted score 90-94"
"dopamine 5 ch","dopamine","accepted","auto-accepted score=100"
"moxetumomab pasudotox","moxetumomab pasudotox","accepted","auto-accepted score=100"
"mefenamic acid","tolfenamic acid","accepted","auto-accepted review 80-89"
"crisantaspase","crisantaspase","accepted","auto-accepted score=100"
"lactic acid","lactic acid","accepted","auto-accepted score=100"
"eicosapentaenoic acid in the free fatty acid form epa-ffa","eicosapentaenoic acid","accepted","auto-accepted score 90-94"
"abacavir sulphate","abacavir","accepted","auto-accepted score=100"
"oleic acid","folic acid","accepted","auto-accepted score 90-94"
"linoleic acid","linoleic acid","accepted","auto-accepted score=100"
"docosapentaenoic acid","docosahexaenoic acid","accepted","auto-accepted review 80-89"
"misonidazole","miconazole","accepted","auto-accepted review 80-89"
"pefloxacin","difloxacin","accepted","auto-accepted review 80-89"
"pantoprazole as sodium sesquihydrate","pantoprazole","accepted","auto-accepted score=100"
"tazobactam stragen 4g","tazobactam","accepted","auto-accepted score=100"
"ciprofloxacin kabi","ciprofloxacin","accepted","auto-accepted score=100"
"bromocriptine mesilate","bromocriptine","accepted","auto-accepted score=100"
"lidocaine and prilocaine","lidocaine","accepted","auto-accepted score=100"
"colistin mesilate sodium","colistin","accepted","auto-accepted score=100"
"oxymetazoline","oxymetazoline","accepted","auto-accepted score=100"
"saracatinib","saracatinib","accepted","auto-accepted score=100"
"cinacalcet hidrocloruro","cinacalcet","accepted","auto-accepted score=100"
"ioflupano 123i","ioflupane","accepted","auto-accepted score 90-94"
"dimethyl sulfoxide","dimethyl sulfoxide","accepted","auto-accepted score=100"
"vilanterol gw642444m","vilanterol","accepted","auto-accepted score=100"
"doxycycline monohydrate","doxycycline","accepted","auto-accepted score=100"
"heparin leo","heparin","accepted","auto-accepted score=100"
"tenofovir disoproxyl fumarate","tenofovir disoproxil fumarate","accepted","auto-accepted score>=95"
"amifampridine","amifampridine","accepted","auto-accepted score=100"
"carbogen dioxide","carbon dioxide","accepted","auto-accepted review 80-89"
"cetirizine 10mg","cetirizine","accepted","auto-accepted score=100"
"vosaroxin","vosaroxin","accepted","auto-accepted score=100"
"capsicum oleorresina","capsicum","accepted","auto-accepted score=100"
"cholic acid","cholic acid","accepted","auto-accepted score=100"
"rostafuroxin","rostaporfin","accepted","auto-accepted review 80-89"
"interferon alpha","interferon","accepted","auto-accepted score=100"
"nitroglycerin transdermal patch","nitroglycerin","accepted","auto-accepted score=100"
"ferumoxytol","ferumoxytol","accepted","auto-accepted score=100"
"mecasermin rdna origin 10mg","mecasermin","accepted","auto-accepted score=100"
"conatumumab","conatumumab","accepted","auto-accepted score=100"
"delamanid","delamanid","accepted","auto-accepted score=100"
"eplerenone inspra","eplerenone","accepted","auto-accepted score=100"
"varenicline champix","varenicline","accepted","auto-accepted score=100"
"varenicline champix","varenicline","accepted","auto-accepted score=100"
"veltuzumab","elotuzumab","accepted","auto-accepted score 90-94"
"hydrochloride","hydrochlorothiazide","accepted","auto-accepted review 80-89"
"fesoterodine fumarate","fesoterodine fumarate","accepted","auto-accepted score=100"
"lyrinel xl","lysine","accepted","auto-accepted review 80-89"
"meningococcal group c oligosaccharide 5 micrograms","meningococcal group c polysaccharide vaccine","accepted","auto-accepted review 80-89"
"meningococcal group y oligosaccharide 5 micrograms","meningococcal group a polysaccharide vaccine","accepted","auto-accepted review 80-89"
"florbetapir","florbetapir (18f)","accepted","auto-accepted review 80-89"
"terbinafine hydrochloride","terbinafine hydrochloride","accepted","auto-accepted score=100"
"lidocaine hydrochloride injection bp 2 w","lidocaine","accepted","auto-accepted score=100"
"clindamycin phosphate 1.2","clindamycin","accepted","auto-accepted score=100"
"diclofenac diethylammonium salt dea medicated plaster","diclofenac","accepted","auto-accepted score=100"
"dexketoprofen trometamol","dexketoprofen","accepted","auto-accepted score=100"
"catumaxomab","catumaxomab","accepted","auto-accepted score=100"
"caffeine effervescent tablets","caffeine","accepted","auto-accepted score=100"
"tocofersolan","tocofersolan","accepted","auto-accepted score=100"
"nitrous oxide","nitrous oxide","accepted","auto-accepted score=100"
"varenicline tartrate","varenicline","accepted","auto-accepted score=100"
"lorvotuzumab mertansine","elotuzumab","accepted","auto-accepted review 80-89"
"diazoxide","diazoxide","accepted","auto-accepted score=100"
"sodium alginate","sodium alginate","accepted","auto-accepted score=100"
"l-acetylleucine","l-acetylleucine","accepted","auto-accepted score=100"
"levonorgestrel and estrogen","levonorgestrel","accepted","auto-accepted score=100"
"glucagon receptor antagonist i","glucagon","accepted","auto-accepted score=100"
"fluocinolona acetonido","fluocinolone acetonide","accepted","auto-accepted score 90-94"
"ofloxacin","ofloxacin","accepted","auto-accepted score=100"
"nicotine mintfruit medicated chewing gum","nicotine","accepted","auto-accepted score=100"
"japanese encephalitis vaccine - gcc","japanese encephalitis vaccine","accepted","auto-accepted score 90-94"
"meropenem trihidrato","meropenem","accepted","auto-accepted score=100"
"lidocaine 1.0 w","lidocaine","accepted","auto-accepted score=100"
"metoprolol tartrato","metoprolol","accepted","auto-accepted score=100"
"escitalopram oxalate","citalopram","accepted","auto-accepted score 90-94"
"betamethasone dipropionate","betamethasone dipropionate","accepted","auto-accepted score=100"
"fosamprenavir calcico","fosamprenavir calcium","accepted","auto-accepted score 90-94"
"rufinamide","rufinamide","accepted","auto-accepted score=100"
"meningococcal group c oligosaccharide","meningococcal group c polysaccharide vaccine","accepted","auto-accepted review 80-89"
"meningococcal group y oligosaccharide","meningococcal group a polysaccharide vaccine","accepted","auto-accepted review 80-89"
"docusate sodium","docusate","accepted","auto-accepted score=100"
"avanafil","avanafil","accepted","auto-accepted score=100"
"canrenone","balcinrenone","accepted","auto-accepted review 80-89"
"doxycycline hyclate ph.eur","doxycycline","accepted","auto-accepted score=100"
"endotoxin","endoxifen","accepted","auto-accepted review 80-89"
"lomitapide","lomitapide","accepted","auto-accepted score=100"
"parecoxib","parecoxib","accepted","auto-accepted score=100"
"fesoterodine fumarate","fesoterodine fumarate","accepted","auto-accepted score=100"
"cetirizine 2hci sandoz","cetirizine","accepted","auto-accepted score=100"
"verapamil hci sandoz","verapamil","accepted","auto-accepted score=100"
"pneumococcal polysaccharide type 1","pneumococcal polysaccharide vaccine","accepted","auto-accepted review 80-89"
"pneumococcal polysaccharide type 3","pneumococcal polysaccharide vaccine","accepted","auto-accepted review 80-89"
"pneumococcal polysaccharide type 4","pneumococcal polysaccharide vaccine","accepted","auto-accepted review 80-89"
"pneumococcal polysaccharide type 5","pneumococcal polysaccharide vaccine","accepted","auto-accepted review 80-89"
"pneumococcal polysaccharide type 6a","pneumococcal polysaccharide vaccine","accepted","auto-accepted review 80-89"
"pneumococcal polysaccharide type 6b","pneumococcal polysaccharide vaccine","accepted","auto-accepted review 80-89"
"pneumococcal polysaccharide type 7f","pneumococcal polysaccharide vaccine","accepted","auto-accepted review 80-89"
"pneumococcal polysaccharide type 9v","pneumococcal polysaccharide vaccine","accepted","auto-accepted review 80-89"
"pneumococcal polysaccharide type 14","pneumococcal polysaccharide vaccine","accepted","auto-accepted review 80-89"
"pneumococcal polysaccharide type 18c","pneumococcal polysaccharide vaccine","accepted","auto-accepted review 80-89"
"pneumococcal polysaccharide type 19a","pneumococcal polysaccharide vaccine","accepted","auto-accepted review 80-89"
"pneumococcal polysaccharide type 19f","pneumococcal polysaccharide vaccine","accepted","auto-accepted review 80-89"
"pneumococcal polysaccharide type 23f","pneumococcal polysaccharide vaccine","accepted","auto-accepted review 80-89"
"haemophilus influenzae type b polysaccharide polyribosylated phosphate, prp","haemophilus influenzae type b polysaccharide","accepted","auto-accepted review 80-89"
"haemophilus influenzae type b polysaccharide conjugated to tetanus toxoid prp-t","haemophilus influenzae type b polysaccharide","accepted","auto-accepted review 80-89"
"hexaminolevulinate hydrochloride","hexaminolevulinate","accepted","auto-accepted score=100"
"bucelipase alfa","cerliponase alfa","accepted","auto-accepted review 80-89"
"dopamine hydrochloride","dopamine","accepted","auto-accepted score=100"
"glucosamine hydrochloride","glucosamine","accepted","auto-accepted score=100"
"mexiletine","mexiletine","accepted","auto-accepted score=100"
"lidocaine hydrochloride ph.eur.","lidocaine","accepted","auto-accepted score=100"
"vonicog alfa","vonicog alfa","accepted","auto-accepted score=100"
"pasireotida","pasireotide","accepted","auto-accepted score 90-94"
"pasireotida 600","pasireotide","accepted","auto-accepted score 90-94"
"pasireotida 900","pasireotide","accepted","auto-accepted score 90-94"
"fesoterodine fumarate","fesoterodine fumarate","accepted","auto-accepted score=100"
"fesoterodine","fesoterodine","accepted","auto-accepted score=100"
"sodium glycerophosphate","sodium glycerophosphate","accepted","auto-accepted score=100"
"codeine, combinations excl. psycholeptics","codeine","accepted","auto-accepted score=100"
"tramadol, combinations","tramadol","accepted","auto-accepted score=100"
"estradiol hydrate","estradiol","accepted","auto-accepted score=100"
"ganciclovir","ganciclovir","accepted","auto-accepted score=100"
"diclofenac hydroxyethylpyrrolidine","diclofenac","accepted","auto-accepted score=100"
"valerian root dry extract","valerian","accepted","auto-accepted score=100"
"idursulfase","idursulfase","accepted","auto-accepted score=100"
"tasimelteon","tasimelteon","accepted","auto-accepted score=100"
"gliclazide - modified release","gliclazide","accepted","auto-accepted score=100"
"etarfolatide ec20","etarfolatide","accepted","auto-accepted score=100"
"empagliflozon","empagliflozin","accepted","auto-accepted score>=95"
"heparin sodic","heparin","accepted","auto-accepted score=100"
"dasatinibmonohydrat","dasatinib monohydrate","accepted","auto-accepted score>=95"
"amikacin sulfate","amikacin sulfate","accepted","auto-accepted score=100"
"heparin 2,400 iu","heparin","accepted","auto-accepted score=100"
"lurasidone hydrochloride","lurasidone","accepted","auto-accepted score=100"
"diclofenac diethyl ammonium","diclofenac","accepted","auto-accepted score=100"
"golvatinib","lenvatinib","accepted","auto-accepted review 80-89"
"boceprevir 200 mg","boceprevir","accepted","auto-accepted score=100"
"azithromycin ratiopharm","azithromycin","accepted","auto-accepted score=100"
"ropivacaine hydrocloride","ropivacaine","accepted","auto-accepted score=100"
"ketorolac","ketorolac","accepted","auto-accepted score=100"
"tofacitinib proposed","tofacitinib","accepted","auto-accepted score=100"
"bethanechol chloride","ethanol","accepted","auto-accepted review 80-89"
"buprenorphine hydrochloride","buprenorphine hydrochloride","accepted","auto-accepted score=100"
"trebananib","trebananib","accepted","auto-accepted score=100"
"neostigmine","neostigmine","accepted","auto-accepted score=100"
"atropine sulphate","atropine","accepted","auto-accepted score=100"
"18f fluoro-ethyl-choline","18f-fluoromethylcholine","accepted","auto-accepted score 90-94"
"oxygen gas","oxygen","accepted","auto-accepted score=100"
"zinc oxide ointment","zinc chloride","accepted","auto-accepted review 80-89"
"anti-thymocyte globulin atg","antithymocyte globulin (rabbit)","accepted","auto-accepted score 90-94"
"sulthiame","sulthiame","accepted","auto-accepted score=100"
"flutemetamol 18f injection","flutemetamol","accepted","auto-accepted score=100"
"fluvastatin sodium","fluvastatin","accepted","auto-accepted score=100"
"histamine hydrochloride 10.0","histamine","accepted","auto-accepted score=100"
"duvoglustat hydrochloride","paltusotine hydrochloride","accepted","auto-accepted review 80-89"
"tavanic","telavancin","accepted","auto-accepted review 80-89"
"buprenorphine hemiadipate hydrochloride","buprenorphine","accepted","auto-accepted score=100"
"dopamine hcl","dopamine","accepted","auto-accepted score=100"
"sodium lauryl sulfate","sodium lauryl sulfate","accepted","auto-accepted score=100"
"birch pollen extract","grass pollen extract","accepted","auto-accepted review 80-89"
"sodium ascorbate","sodium ascorbate","accepted","auto-accepted score=100"
"bvacizumab, sunitinib, sorafenib, temsirolimus et everolimus","bevacizumab","accepted","auto-accepted score>=95"
"chlorhexidine hydrochloride","chlorhexidine","accepted","auto-accepted score=100"
"propranolol hydrochloride","propranolol hydrochloride","accepted","auto-accepted score=100"
"olokizumab","olokizumab","accepted","auto-accepted score=100"
"propanol","propranolol","accepted","auto-accepted score 90-94"
"human papillomavirus","human papillomavirus vaccine","accepted","auto-accepted score 90-94"
"hydroxyurea","hydroxyurea","accepted","auto-accepted score=100"
"vancomycin nucleus","vancomycin","accepted","auto-accepted score=100"
"methyl 1-n6-3-iodobenzyl-adenin-9-yl--d-ribofuronamide","menthol","accepted","auto-accepted review 80-89"
"tramadol celecoxib","tramadol","accepted","auto-accepted score=100"
"domperidone maleate","domperidone","accepted","auto-accepted score=100"
"nicotine short filter 1","nicotine","accepted","auto-accepted score=100"
"chlorhexidine gluconate 2.0 w","chlorhexidine","accepted","auto-accepted score=100"
"orteronel","orteronel","accepted","auto-accepted score=100"
"retapamulin","retapamulin","accepted","auto-accepted score=100"
"18f-fluorometilcholine","18f-fluoromethylcholine","accepted","auto-accepted score 90-94"
"raclopride","prucalopride","accepted","auto-accepted review 80-89"
"eftrenonacog alfa","eftrenonacog alfa","accepted","auto-accepted score=100"
"ciclopirox","ciclopirox","accepted","auto-accepted score=100"
"amorolfine","vamorolone","accepted","auto-accepted review 80-89"
"romosozumab","romosozumab","accepted","auto-accepted score=100"
"amitriptylinoxide","amitriptyline","accepted","auto-accepted score 90-94"
"2-phenoxyethanol","phenoxyethanol","accepted","auto-accepted score>=95"
"ridaforolimus","ridaforolimus","accepted","auto-accepted score=100"
"tivozanib hydrochloride monohyrate","tivozanib","accepted","auto-accepted score=100"
"erythromycin as erythromycin ethylsuccinate","erythromycin","accepted","auto-accepted score=100"
"fusidic acid","fusidic acid","accepted","auto-accepted score=100"
"bupivacaine hydrocloride","bupivacaine","accepted","auto-accepted score=100"
"iron isomaltoside 1000","iron isomaltoside 1000","accepted","auto-accepted score=100"
"icatibant","icatibant","accepted","auto-accepted score=100"
"docosahexaenoic acid dxa","docosahexaenoic acid","accepted","auto-accepted score 90-94"
"betahistine dihydrochloride","betahistine","accepted","auto-accepted score=100"
"abiraterona acetato","abiraterone","accepted","auto-accepted score 90-94"
"calcium channel blockers","caplacizumab","accepted","auto-accepted review 80-89"
"triptorelin acetate","triptorelin acetate","accepted","auto-accepted score=100"
"hexaminolevulinate","hexaminolevulinate","accepted","auto-accepted score=100"
"ondansetron hydrochloride dihydrate","ondansetron","accepted","auto-accepted score=100"
"pinatuzumab vedotin","polatuzumab vedotin","accepted","auto-accepted score 90-94"
"mavoglurant","mavoglurant","accepted","auto-accepted score=100"
"levothyroxine sodium","levothyroxine","accepted","auto-accepted score=100"
"metoclopramide hydrochloride","metoclopramide","accepted","auto-accepted score=100"
"hydromorphone hydrochloride","hydromorphone hydrochloride","accepted","auto-accepted score=100"
"rasagiline mesilate","rasagiline","accepted","auto-accepted score=100"
"pipamperone hydrochloride","raloxifene hydrochloride","accepted","auto-accepted review 80-89"
"tofacitinib citrate clinical trial image","tofacitinib","accepted","auto-accepted score=100"
"tofacitinib citrate proposed commercial formulation  debossed","tofacitinib","accepted","auto-accepted score=100"
"eltrombopag olamina","eltrombopag","accepted","auto-accepted score=100"
"guanfacine hydrochloride","guanfacine hydrochloride","accepted","auto-accepted score=100"
"lipegfilgrastim","lipegfilgrastim","accepted","auto-accepted score=100"
"interferon beta 1b","interferon","accepted","auto-accepted score=100"
"periciazine","cetirizine","accepted","auto-accepted review 80-89"
"ibritumomab tiuxetan","ibritumomab tiuxetan","accepted","auto-accepted score=100"
"rilotumumab","rilotumumab","accepted","auto-accepted score=100"
"18f fluoro methil choline","18f-fluoromethylcholine","accepted","auto-accepted review 80-89"
"elsiglutide","liraglutide","accepted","auto-accepted review 80-89"
"tabalumab","ianalumab","accepted","auto-accepted review 80-89"
"trimethoprim sulfate","trimethoprim","accepted","auto-accepted score=100"
"semuloparin sodium","semuloparin sodium","accepted","auto-accepted score=100"
"estradiol sulfamate","estradiol","accepted","auto-accepted score=100"
"methylnaltrexone","methylnaltrexone","accepted","auto-accepted score=100"
"amantadine","amantadine","accepted","auto-accepted score=100"
"nelipepimut-s","nelipepimut-s","accepted","auto-accepted score=100"
"iodine 131i sodium","iodine","accepted","auto-accepted score=100"
"fasitibant chloride as bis-hydrochloride","icatibant","accepted","auto-accepted review 80-89"
"oxygen medical gas mixture","oxygen","accepted","auto-accepted score=100"
"samarium sm 153 lexidronam pentasodium","samarium (153sm) lexidronam pentasodium","accepted","auto-accepted score 90-94"
"timolol maleate, r-enantiomer","timolol","accepted","auto-accepted score=100"
"14cparacetamol","paracetamol","accepted","auto-accepted review 80-89"
"varenicline tartrate - no imp is being administered to trial subjects","varenicline","accepted","auto-accepted score=100"
"nicotine - no imp is being administered to trial subjects","nicotine","accepted","auto-accepted score=100"
"plasmid amep","plasmin","accepted","auto-accepted score 90-94"
"oxycodone hydrochloride trihydrate","oxycodone","accepted","auto-accepted score=100"
"fluoxetine 20mg. trade name is oxactin 20mg","fluoxetine","accepted","auto-accepted score=100"
"bcg vaccine","bcg vaccine","accepted","auto-accepted score=100"
"brexpiprazole","brexpiprazole","accepted","auto-accepted score=100"
"morphine mono","morphine","accepted","auto-accepted score=100"
"pancreatin pheur 300mg","pancreatin","accepted","auto-accepted score=100"
"palifosfamide isophosphoramide mustard","palifosfamide","accepted","auto-accepted score=100"
"teriparatide rdna origin contains recombinant human parathyroid hormone 1-34","teriparatide","accepted","auto-accepted score=100"
"carvedilol ratiopharm 6,25 mg comprimidos recubiertos con pelcula efg","carvedilol","accepted","auto-accepted score=100"
"levocarnitine hydrochloride","levocarnitine","accepted","auto-accepted score=100"
"fludeoxyglucose 18f","fludeoxyglucose","accepted","auto-accepted score=100"
"calcium ethyl fumarate","caplacizumab","accepted","auto-accepted review 80-89"
"magnesium ethyl fumarate","magnesium","accepted","auto-accepted score=100"
"ulipristal inn acetate","ulipristal","accepted","auto-accepted score=100"
"sodium nitrate powder","sodium citrate","accepted","auto-accepted score>=95"
"sodium nitrate powder","sodium citrate","accepted","auto-accepted score>=95"
"urofollitropin","urofollitropin","accepted","auto-accepted score=100"
"potassium citrate","potassium citrate","accepted","auto-accepted score=100"
"talimogene laherparepvec","talimogene laherparepvec","accepted","auto-accepted score=100"
"codeine phosphate hemihydrated","codeine","accepted","auto-accepted score=100"
"hyaluronidase","hyaluronidase","accepted","auto-accepted score=100"
"hexaminolevulinate","hexaminolevulinate","accepted","auto-accepted score=100"
"etomidate","metomidate","accepted","auto-accepted review 80-89"
"nicotine s-","nicotine","accepted","auto-accepted score=100"
"carmustina","carmustine","accepted","auto-accepted score 90-94"
"artemisa vulgaris extracto de polen","artemin","accepted","auto-accepted review 80-89"
"sodium nitrate","sodium citrate","accepted","auto-accepted score>=95"
"ropinirole as hydrochloride","ropinirole","accepted","auto-accepted score=100"
"etarfolatide","etarfolatide","accepted","auto-accepted score=100"
"ademetionine 1,4-butanedisulfonate","dimetindene","accepted","auto-accepted review 80-89"
"influenza vaccine surface antigen,inactivated","influenza vaccine, live attenuated","accepted","auto-accepted review 80-89"
"betamethasone acetate","betamethasone","accepted","auto-accepted score=100"
"hydrocortisone sodium phosphate","hydrocortisone","accepted","auto-accepted score=100"
"somatostatin","somatostatin","accepted","auto-accepted score=100"
"brimonidine tartatre","brimonidine tartrate","accepted","auto-accepted score>=95"
"levonorgestrel and ethinyl estradiol","levonorgestrel","accepted","auto-accepted score=100"
"metoclopramide","metoclopramide","accepted","auto-accepted score=100"
"gadoversetamide","gadoversetamide","accepted","auto-accepted score=100"
"custirsen sodium","nusinersen sodium","accepted","auto-accepted review 80-89"
"colistimethate","colistimethate","accepted","auto-accepted score=100"
"simtuzumab","nimotuzumab","accepted","auto-accepted score 90-94"
"levomilnacipran","milnacipran","accepted","auto-accepted review 80-89"
"tabalumab","ianalumab","accepted","auto-accepted review 80-89"
"corifollitropin alfa","corifollitropin alfa","accepted","auto-accepted score=100"
"sildenafil citrate 50 mg","sildenafil citrate","accepted","auto-accepted score=100"
"desmopressin acetate trihydrate","desmopressin","accepted","auto-accepted score=100"
"vitamin e suspension","vitamin e","accepted","auto-accepted score=100"
"dibotermin alfa","dibotermin alfa","accepted","auto-accepted score=100"
"iobenguane 123i injection","iobenguane i-123","accepted","auto-accepted score 90-94"
"orteronel","orteronel","accepted","auto-accepted score=100"
"ceftaroline fosamil","ceftaroline fosamil","accepted","auto-accepted score=100"
"ceftaroline fosamil","ceftaroline fosamil","accepted","auto-accepted score=100"
"vitamin d3 streuli","vitamin e","accepted","auto-accepted score 90-94"
"bisoprolol hemifumarate","bisoprolol","accepted","auto-accepted score=100"
"thrombomodulin alfa","thrombomodulin alfa","accepted","auto-accepted score=100"
"18f-fcpha","18f-fdopa","accepted","auto-accepted review 80-89"
"nitisinone","nitisinone","accepted","auto-accepted score=100"
"fresolimumab","golimumab","accepted","auto-accepted review 80-89"
"tenofovir disoproxil as fumarate","tenofovir disoproxil fumarate","accepted","auto-accepted score 90-94"
"buprenorphine hemiadipate hydrochloride","buprenorphine","accepted","auto-accepted score=100"
"isopropyl alcohol","isopropyl alcohol","accepted","auto-accepted score=100"
"tafamidis","tafamidis","accepted","auto-accepted score=100"
"eperisone hydrochloride","erlotinib hydrochloride","accepted","auto-accepted review 80-89"
"florbetapir 18 f","florbetapir (18f)","accepted","auto-accepted score 90-94"
"pneumococcal polysaccharide vaccine","pneumococcal polysaccharide vaccine","accepted","auto-accepted score=100"
"nilvadipine","nicardipine","accepted","auto-accepted review 80-89"
"piperacillin sodium sterile","piperacillin","accepted","auto-accepted score=100"
"f18 fmiso","18f-fmiso","accepted","auto-accepted review 80-89"
"spironolactone + lactose monohydrat pharmaceutical inresa pharma + carmin de cochenille fagron services","spironolactone","accepted","auto-accepted score=100"
"gadofosveset trisodium","gadofosveset trisodium","accepted","auto-accepted score=100"
"naloxone hydrochloride dihydrate","naloxone hydrochloride dihydrate","accepted","auto-accepted score=100"
"sodium oxybate","sodium oxybate","accepted","auto-accepted score=100"
"acadesine","acadesine","accepted","auto-accepted score=100"
"gentamicin sulphate ph. eur","gentamicin","accepted","auto-accepted score=100"
"belatacept nulojix","belatacept","accepted","auto-accepted score=100"
"crenezumab","erenumab","accepted","auto-accepted review 80-89"
"quince extract","quinine","accepted","auto-accepted review 80-89"
"tivantinib","tivantinib","accepted","auto-accepted score=100"
"nitrous oxide and oxygen","nitrous oxide","accepted","auto-accepted review 80-89"
"heparin sodium choay","heparin","accepted","auto-accepted score=100"
"methylnaltrexone","methylnaltrexone","accepted","auto-accepted score=100"
"cathine","creatine","accepted","auto-accepted review 80-89"
"tivozanib hydrochloride monohydrate","tivozanib","accepted","auto-accepted score=100"
"micronized purified flavonoic fraction","micronized purified flavonoid fraction","accepted","auto-accepted score>=95"
"atazanavir sulfato","atazanavir","accepted","auto-accepted score=100"
"oxygen, compressed","oxygen","accepted","auto-accepted score=100"
"anetumab ravtansine","ganitumab","accepted","auto-accepted review 80-89"
"phentermine hydrochloride","apomorphine hydrochloride","accepted","auto-accepted review 80-89"
"mannitol boronic ester","mannitol","accepted","auto-accepted score=100"
"quetiapine fumarate","quetiapine","accepted","auto-accepted score=100"
"nintedanib for free base","nintedanib","accepted","auto-accepted score=100"
"diclofenac potassium","diclofenac","accepted","auto-accepted score=100"
"ibuprofen sodium dihydrate","ibuprofen","accepted","auto-accepted score=100"
"damoctocog alfa pegol","damoctocog alfa pegol","accepted","auto-accepted score=100"
"tobramycin dry powder","tobramycin","accepted","auto-accepted score=100"
"human coagulation factor viii","human coagulation factor ix","accepted","auto-accepted score>=95"
"anifrolumab","anifrolumab","accepted","auto-accepted score=100"
"calcium acetate","caplacizumab","accepted","auto-accepted review 80-89"
"emixustat","emixustat","accepted","auto-accepted score=100"
"botulinum antitoxin type a","botulinum toxin type a","accepted","auto-accepted review 80-89"
"amiloride hydrochloride, 2 h2o","amiloride","accepted","auto-accepted score=100"
"sodium sulfate anhydrous","sodium sulfate anhydrous","accepted","auto-accepted score=100"
"danusertib hydrochloride","enzastaurin hydrochloride","accepted","auto-accepted review 80-89"
"heparin sodium","heparin sodium","accepted","auto-accepted score=100"
"erenumab","erenumab","accepted","auto-accepted score=100"
"paroxetine hydrochloride, anhydrous","paroxetine","accepted","auto-accepted score=100"
"fluoxetine hydrochloride","fluoxetine","accepted","auto-accepted score=100"
"protamine sulfate","protamine","accepted","auto-accepted score=100"
"ramipril 2.5mg","ramipril","accepted","auto-accepted score=100"
"ammonio cloruro","ammonia","accepted","auto-accepted score 90-94"
"albutrepenonacog alfa","albutrepenonacog alfa","accepted","auto-accepted score=100"
"ferrous fumarate","ferrous fumarate","accepted","auto-accepted score=100"
"calcium ethyl fumarate","caplacizumab","accepted","auto-accepted review 80-89"
"magnesium ethyl fumarate","magnesium","accepted","auto-accepted score=100"
"polyethylene glycol 3350","polyethylene glycol 3350","accepted","auto-accepted score=100"
"yttrium-90 radiolabelled anti-cd66 monoclonal antibody inn of anti-cd66 besilesomab","yttrium y-90","accepted","auto-accepted score 90-94"
"platelet reach plasma gel","platelets","accepted","auto-accepted score>=95"
"tregalizumab","efalizumab","accepted","auto-accepted review 80-89"
"sodium picosulfate","sodium picosulfate","accepted","auto-accepted score=100"
"remifentanil hcl","remifentanil","accepted","auto-accepted score=100"
"phenylephrine chlorhydrate","phenylephrine","accepted","auto-accepted score=100"
"phenylephrine chlorhydrate","phenylephrine","accepted","auto-accepted score=100"
"velmanase alfa","velmanase alfa","accepted","auto-accepted score=100"
"velmanase alfa","velmanase alfa","accepted","auto-accepted score=100"
"cyanocobalamin","cyanocobalamin","accepted","auto-accepted score=100"
"azelaic acid","azelaic acid","accepted","auto-accepted score=100"
"glucosamine sulfate potassium chloride","glucosamine","accepted","auto-accepted score=100"
"sodium benzoate","sodium benzoate","accepted","auto-accepted score=100"
"indinavir","indinavir","accepted","auto-accepted score=100"
"dorzolamide hydrochloride","dorzolamide","accepted","auto-accepted score=100"
"pilocarpine hydrochloride","clomipramine hydrochloride","accepted","auto-accepted score 90-94"
"pilocarpine nitrate","prilocaine","accepted","auto-accepted score 90-94"
"amitriptyline hydrochloride","amitriptyline","accepted","auto-accepted score=100"
"streptozocin","streptozocin","accepted","auto-accepted score=100"
"deferitazole","deferitazole","accepted","auto-accepted score=100"
"isoniazid 300","isoniazid","accepted","auto-accepted score=100"
"isoniazid 150","isoniazid","accepted","auto-accepted score=100"
"devaron","vedaprofen","accepted","auto-accepted review 80-89"
"cloxacillin sodium","cloxacillin","accepted","auto-accepted score=100"
"bisacodyl","bisacodyl","accepted","auto-accepted score=100"
"betamethasone acetate","betamethasone","accepted","auto-accepted score=100"
"betamethasone sodium phosphate","betamethasone","accepted","auto-accepted score=100"
"eplerenone inspra, pfizer inc.","eplerenone","accepted","auto-accepted score=100"
"nalmefene as hydrochloride dihydrate","nalmefene hydrochloride dihydrate","accepted","auto-accepted score 90-94"
"ebastine","ebastine","accepted","auto-accepted score=100"
"iodine","iodine","accepted","auto-accepted score=100"
"cysteamine bitartrate cystagon","cysteamine","accepted","auto-accepted score=100"
"lipegfilgrastim","lipegfilgrastim","accepted","auto-accepted score=100"
"11ccholine","choline","accepted","auto-accepted score 90-94"
"dolutegravir as sodium","dolutegravir","accepted","auto-accepted score=100"
"genistein aglycone","genistein","accepted","auto-accepted score=100"
"ponezumab","tanezumab","accepted","auto-accepted review 80-89"
"nitisinone","nitisinone","accepted","auto-accepted score=100"
"fosaprepitant dimeglumine","fosaprepitant","accepted","auto-accepted score=100"
"ceftriaxone","ceftriaxone","accepted","auto-accepted score=100"
"tariquidar","tariquidar","accepted","auto-accepted score=100"
"curcuma longa extract","curcumin","accepted","auto-accepted review 80-89"
"tretinoin","tretinoin","accepted","auto-accepted score=100"
"escitalopram or nortriptyline","citalopram","accepted","auto-accepted score 90-94"
"lidocaine 2 mg","lidocaine","accepted","auto-accepted score=100"
"lidocaine 4 mg","lidocaine","accepted","auto-accepted score=100"
"lidocaine 8 mg","lidocaine","accepted","auto-accepted score=100"
"nepafenac","nepafenac","accepted","auto-accepted score=100"
"buspirone hydrochloride","erlotinib hydrochloride","accepted","auto-accepted review 80-89"
"theophylline monohydrate","theophylline","accepted","auto-accepted score=100"
"caspofungin acetate","caspofungin acetate","accepted","auto-accepted score=100"
"chlorhexidine gluconate","chlorhexidine","accepted","auto-accepted score=100"
"nitrazepam","diazepam","accepted","auto-accepted review 80-89"
"rufinamide","rufinamide","accepted","auto-accepted score=100"
"teplizumab","teplizumab","accepted","auto-accepted score=100"
"human papillomavirus vaccine","human papillomavirus vaccine","accepted","auto-accepted score=100"
"ceralifmod","ceralifimod","accepted","auto-accepted score>=95"
"chlorhexidine digluconate solution","chlorhexidine","accepted","auto-accepted score=100"
"oxcarbazepine","oxcarbazepine","accepted","auto-accepted score=100"
"nimorazole","miconazole","accepted","auto-accepted review 80-89"
"nimorazole","miconazole","accepted","auto-accepted review 80-89"
"ingenol mebutate","ingenol mebutate","accepted","auto-accepted score=100"
"naltrexone hydrochloride","naltrexone","accepted","auto-accepted score=100"
"bupivacaine aguettant 2.5 mg","bupivacaine","accepted","auto-accepted score=100"
"atazanavir sulphate","atazanavir","accepted","auto-accepted score=100"
"fosfomycin sodium","fosfomycin","accepted","auto-accepted score=100"
"bamosiran","bamosiran","accepted","auto-accepted score=100"
"patisiran","patisiran","accepted","auto-accepted score=100"
"calcium folinat","calcium folinate","accepted","auto-accepted score>=95"
"protein d","protein c","accepted","auto-accepted score 90-94"
"vitamin d","vitamin d","accepted","auto-accepted score=100"
"orteronel","orteronel","accepted","auto-accepted score=100"
"fentanyl bipharma","fentanyl","accepted","auto-accepted score=100"
"quilizumab","ibalizumab","accepted","auto-accepted review 80-89"
"indatuximab ravtansine","isatuximab","accepted","auto-accepted score 90-94"
"inosine acedoben dimepranol","didanosine","accepted","auto-accepted score 90-94"
"avalglucosidase alfa","avalglucosidase alfa","accepted","auto-accepted score=100"
"acotiamide","caricotamide","accepted","auto-accepted review 80-89"
"ondansetron hidrocloruro dihidrato:","ondansetron","accepted","auto-accepted score=100"
"morphine chlorhidrate","morphine","accepted","auto-accepted score=100"
"ronopterin","ronopterin","accepted","auto-accepted score=100"
"caboozantinib","cabozantinib","accepted","auto-accepted score>=95"
"anagrelide","anagrelide","accepted","auto-accepted score=100"
"solithromycin","solithromycin","accepted","auto-accepted score=100"
"betamethasone acibutate","betamethasone","accepted","auto-accepted score=100"
"lexaptepid pegol","lexaptepid pegol","accepted","auto-accepted score=100"
"sapacitabine","somapacitan","accepted","auto-accepted review 80-89"
"eftrenonacog alfa","eftrenonacog alfa","accepted","auto-accepted score=100"
"trenonacog alfa","nonacog alfa","accepted","auto-accepted score 90-94"
"letermovir","letermovir","accepted","auto-accepted score=100"
"nitazoxanide","nitazoxanide","accepted","auto-accepted score=100"
"naloxegol","naloxegol","accepted","auto-accepted score=100"
"lanthanum carbonate","lanthanum carbonate","accepted","auto-accepted score=100"
"turoctocog alfa pegol","turoctocog alfa pegol","accepted","auto-accepted score=100"
"ropivacaine hcl fresenius kabi","ropivacaine","accepted","auto-accepted score=100"
"linsitinib 25 mg","linsitinib","accepted","auto-accepted score=100"
"linsitinib 100 mg","linsitinib","accepted","auto-accepted score=100"
"linsitinib 150 mg","linsitinib","accepted","auto-accepted score=100"
"aldoxorubicin","doxorubicin","accepted","auto-accepted score>=95"
"eprodisate disodium","eprodisate disodium","accepted","auto-accepted score=100"
"roniciclib","ribociclib","accepted","auto-accepted score 90-94"
"lanreotide autogel 120 mg","lanreotide","accepted","auto-accepted score=100"
"oxygen ph. eur. 100","oxygen","accepted","auto-accepted score=100"
"isosorbide dinitrate","isosorbide dinitrate","accepted","auto-accepted score=100"
"terbutaline sulfate","terbutaline","accepted","auto-accepted score=100"
"eucalyptus oil","eucalyptol","accepted","auto-accepted score 90-94"
"turpentine oil","trientine","accepted","auto-accepted score 90-94"
"binimetinib","binimetinib","accepted","auto-accepted score=100"
"ceftobiprole medocaril sodium","ceftobiprole medocaril","accepted","auto-accepted score 90-94"
"diclofenac potassium","diclofenac","accepted","auto-accepted score=100"
"tramadol hcl","tramadol","accepted","auto-accepted score=100"
"milrinone","milrinone","accepted","auto-accepted score=100"
"dopamine","dopamine","accepted","auto-accepted score=100"
"soya lecithin","lecithin","accepted","auto-accepted review 80-89"
"neostigmine methylsulfate","neostigmine","accepted","auto-accepted score=100"
"idarucizumab","idarucizumab","accepted","auto-accepted score=100"
"melperone","melperone","accepted","auto-accepted score=100"
"c-11-l-methionin","11c-methionine","accepted","auto-accepted review 80-89"
"flurazepam hydrochloride","lorazepam","accepted","auto-accepted score 90-94"
"midazolam maleate","midazolam","accepted","auto-accepted score=100"
"temazepam","temazepam","accepted","auto-accepted score=100"
"zolpidem tartrate","zolpidem","accepted","auto-accepted score=100"
"fasitibant chloride as bis hydrochloride","icatibant","accepted","auto-accepted review 80-89"
"midazolam maleate","midazolam","accepted","auto-accepted score=100"
"testosterone cipionate","testosterone","accepted","auto-accepted score=100"
"digitoxin","digoxin","accepted","auto-accepted review 80-89"
"ringer-lactate","ringer's lactate","accepted","auto-accepted score 90-94"
"zuretinol acetate","retinol","accepted","auto-accepted score 90-94"
"ornithine phenylacetate","eflornithine","accepted","auto-accepted score 90-94"
"glutathione","glutathione","accepted","auto-accepted score=100"
"ulipristal inn acetate","ulipristal","accepted","auto-accepted score=100"
"acrtylsalicylic acid","acetylsalicylic acid","accepted","auto-accepted score>=95"
"cafedrine","caffeine","accepted","auto-accepted review 80-89"
"tadalafil 20 mg","tadalafil","accepted","auto-accepted score=100"
"pexidartinib","pexidartinib","accepted","auto-accepted score=100"
"morphine sulfate prolonged release capsule 10mg","morphine sulfate","accepted","auto-accepted score=100"
"inebilizumab","inebilizumab","accepted","auto-accepted score=100"
"curcuma","curcumin","accepted","auto-accepted review 80-89"
"triptorelin acetate atc  l02ae04","triptorelin","accepted","auto-accepted score=100"
"betamethasone valerate bmv 0.1 medicated plaster","betamethasone","accepted","auto-accepted score=100"
"choriongonadotropin","chorionic gonadotropin","accepted","auto-accepted review 80-89"
"oseltamivir phosphate","oseltamivir","accepted","auto-accepted score=100"
"sufenta","sufentanil","accepted","auto-accepted score 90-94"
"volasertib","alisertib","accepted","auto-accepted review 80-89"
"polymyxin b","polymyxin b","accepted","auto-accepted score=100"
"hydrocortisone cream","hydrocortisone","accepted","auto-accepted score=100"
"curcumin","curcumin","accepted","auto-accepted score=100"
"lefitolimod","lefitolimod","accepted","auto-accepted score=100"
"calcium rosuvastatin","caplacizumab","accepted","auto-accepted review 80-89"
"triamcinolone hexacetonid lederspan","triamcinolone","accepted","auto-accepted score=100"
"elsiglutide","liraglutide","accepted","auto-accepted review 80-89"
"crisantaspase","crisantaspase","accepted","auto-accepted score=100"
"pertactina pertsica","pertactin","accepted","auto-accepted score>=95"
"phleum pratense pollen","phleum pratense","accepted","auto-accepted review 80-89"
"interferon alpha 2b","interferon","accepted","auto-accepted score=100"
"lidocaine 5 mg","lidocaine","accepted","auto-accepted score=100"
"lidocaine 15 mg","lidocaine","accepted","auto-accepted score=100"
"polymyxin b sulfate","polymyxin b","accepted","auto-accepted score 90-94"
"miconazole nitrate","miconazole","accepted","auto-accepted score=100"
"vapendavir","vapendavir","accepted","auto-accepted score=100"
"diazepam","diazepam","accepted","auto-accepted score=100"
"oxazepam","oxazepam","accepted","auto-accepted score=100"
"gentamicin sulphate","gentamicin","accepted","auto-accepted score=100"
"albiglutide","albiglutide","accepted","auto-accepted score=100"
"sodium bicarbonate 14.0 g","sodium bicarbonate","accepted","auto-accepted score=100"
"inosine acedoben dimepranol iad","didanosine","accepted","auto-accepted score 90-94"
"lorediplon","iloperidone","accepted","auto-accepted review 80-89"
"tetanol pur","ethanol","accepted","auto-accepted review 80-89"
"vinflunine ditartrate","vinflunine","accepted","auto-accepted score=100"
"afuresertib","afuresertib","accepted","auto-accepted score=100"
"acotiamide","caricotamide","accepted","auto-accepted review 80-89"
"fostemsavir","fostemsavir","accepted","auto-accepted score=100"
"lulizumab pegol","eculizumab","accepted","auto-accepted review 80-89"
"aldoxorubicin","doxorubicin","accepted","auto-accepted score>=95"
"urelumab","guselkumab","accepted","auto-accepted review 80-89"
"abacavir sulfate","abacavir","accepted","auto-accepted score=100"
"ferrous fumarate 200mg","ferrous fumarate","accepted","auto-accepted score=100"
"ricolinostat","linrodostat","accepted","auto-accepted review 80-89"
"radium ra 223 dichloride","radium (223ra) dichloride","accepted","auto-accepted score 90-94"
"presatovir","resatorvid","accepted","auto-accepted review 80-89"
"dolutegravir as sodium","dolutegravir","accepted","auto-accepted score=100"
"abacavir as sulphate","abacavir","accepted","auto-accepted score=100"
"ferrofumarate","ferrous fumarate","accepted","auto-accepted score 90-94"
"milrinone lactate","milrinone","accepted","auto-accepted score=100"
"tizanidine hydrochloride","amitifadine hydrochloride","accepted","auto-accepted review 80-89"
"tizanidine","ranitidine","accepted","auto-accepted review 80-89"
"ombitasvir","ombitasvir","accepted","auto-accepted score=100"
"lidocaine hydrochloride e.p.","lidocaine","accepted","auto-accepted score=100"
"bupivacaine hydrocloride bp 5.28mg","bupivacaine","accepted","auto-accepted score=100"
"flutamide","flutamide","accepted","auto-accepted score=100"
"nilutamide","flutamide","accepted","auto-accepted score 90-94"
"morphine sulphate 200mcg in 1ml oral solution","morphine","accepted","auto-accepted score=100"
"ceftarolina fosamil sterile","cefazolin","accepted","auto-accepted review 80-89"
"cefepime hydrochloride","cefepime","accepted","auto-accepted score=100"
"uridine monophosphate","furazidine","accepted","auto-accepted score 90-94"
"cytidine 5-monophosphate","cytisine","accepted","auto-accepted score 90-94"
"oxygen international non propriety name","oxygen","accepted","auto-accepted score=100"
"sulfametrole","sulfamethoxazole","accepted","auto-accepted review 80-89"
"urokinase","urokinase","accepted","auto-accepted score=100"
"indigocarmin","indigo carmine","accepted","auto-accepted score>=95"
"vonicog alfa","vonicog alfa","accepted","auto-accepted score=100"
"omega-3-carboxylic acids","omega-3-carboxylic acids","accepted","auto-accepted score=100"
"odm-204","odm-209","accepted","auto-accepted score 90-94"
"ibuprofen d,l-lysinate","ibuprofen","accepted","auto-accepted score=100"
"magnesium aspartate","magnesium","accepted","auto-accepted score=100"
"capsaicin 0.1","capsaicin","accepted","auto-accepted score=100"
"capsaicin 0.01","capsaicin","accepted","auto-accepted score=100"
"capsaicin 0.001","capsaicin","accepted","auto-accepted score=100"
"ser150 er","ser-100","accepted","auto-accepted review 80-89"
"erythromycin ethyl succinate","erythromycin","accepted","auto-accepted score=100"
"trimethoprim","trimethoprim","accepted","auto-accepted score=100"
"sertraline hydrochloride","sertraline","accepted","auto-accepted score=100"
"tramadol hidrocloruro","tramadol","accepted","auto-accepted score=100"
"pioglitazone hydrochloride","pioglitazone hydrochloride","accepted","auto-accepted score=100"
"cefazolin","cefazolin","accepted","auto-accepted score=100"
"ephedrine","ephedrine","accepted","auto-accepted score=100"
"dermatophagoides pteronyssinus allergen extract","dermatophagoides pteronyssinus extract","accepted","auto-accepted score 90-94"
"dermatophagoides farinae allergen extract","dermatophagoides farinae extract","accepted","auto-accepted score 90-94"
"temocillin","temocillin","accepted","auto-accepted score=100"
"diphenhydramine hydrochloride","diphenhydramine","accepted","auto-accepted score=100"
"ammonium chloride","ammonium chloride","accepted","auto-accepted score=100"
"sterile water for injection","serine","accepted","auto-accepted review 80-89"
"carbetocin","carbocysteine","accepted","auto-accepted review 80-89"
"ingenol mebutate","ingenol mebutate","accepted","auto-accepted score=100"
"oseltamivir phosphate","oseltamivir","accepted","auto-accepted score=100"
"momelotinib diidrocloride monoidrato","momelotinib dihydrochloride monohydrate","accepted","auto-accepted review 80-89"
"amatuximab","isatuximab","accepted","auto-accepted review 80-89"
"methylnaltrexone bromide","methylnaltrexone bromide","accepted","auto-accepted score=100"
"exenatide a rilascio prolungato","exenatide","accepted","auto-accepted score=100"
"tramadol hydrochloride","tramadol","accepted","auto-accepted score=100"
"lusutrombopag","lusutrombopag","accepted","auto-accepted score=100"
"veliparib 50 mg","veliparib","accepted","auto-accepted score=100"
"veliparib 100 mg","veliparib","accepted","auto-accepted score=100"
"18f-fluoride","18f-fluorothymidine","accepted","auto-accepted review 80-89"
"fluoxetine hydrochloride","fluoxetine","accepted","auto-accepted score=100"
"gabapentin enacarbil","gabapentin","accepted","auto-accepted score=100"
"dalbavancin hydrochloride","dalbavancin hydrochloride","accepted","auto-accepted score=100"
"octreotide acetato","octreotide","accepted","auto-accepted score=100"
"drisapersen","drisapersen","accepted","auto-accepted score=100"
"mupirocin calcium","mupirocin","accepted","auto-accepted score=100"
"18f- fluorocholin","18f-fluorocholine","accepted","auto-accepted score>=95"
"glyceryl trinitrate gtn","glycerol","accepted","auto-accepted score 90-94"
"lanreotide acetato","lanreotide","accepted","auto-accepted score=100"
"ketamine.hcl","ketamine","accepted","auto-accepted score=100"
"amitriptyline.hcl","amitriptyline","accepted","auto-accepted score=100"
"malic acid","malic acid","accepted","auto-accepted score=100"
"sodium phenylbutyrate","sodium phenylbutyrate","accepted","auto-accepted score=100"
"timolol maleate,","timolol","accepted","auto-accepted score=100"
"propofol lipuro 2  20 mg","propofol","accepted","auto-accepted score=100"
"celiprolol hydrochloride","clopidogrel hydrochloride","accepted","auto-accepted review 80-89"
"lamivudine 3tc","lamivudine","accepted","auto-accepted score=100"
"metoprolol tartate","metoprolol","accepted","auto-accepted score=100"
"darunavir monoethanolat","darunavir","accepted","auto-accepted score=100"
"vobarilizumab","vobarilizumab","accepted","auto-accepted score=100"
"progesterone ph eur","progesterone","accepted","auto-accepted score=100"
"acetylleucine","acetylleucine","accepted","auto-accepted score=100"
"regadenoson","regadenoson","accepted","auto-accepted score=100"
"cyproterone acetate","cyproterone acetate","accepted","auto-accepted score=100"
"bezafibrate","bezafibrate","accepted","auto-accepted score=100"
"pegpleranib sodium","pegaptanib sodium","accepted","auto-accepted review 80-89"
"sodium nitroprusside","sodium nitroprusside","accepted","auto-accepted score=100"
"clotiazepam","clonazepam","accepted","auto-accepted score 90-94"
"tenofovir disoproxil tdf","tenofovir disoproxil","accepted","auto-accepted score 90-94"
"pixantrone dimaleate","pixantrone dimaleate","accepted","auto-accepted score=100"
"pertussis toxoid bordatella pertussis antigen","pertussis toxoid","accepted","auto-accepted review 80-89"
"betamethasone dipropionate","betamethasone dipropionate","accepted","auto-accepted score=100"
"chlorhexidine gluconate 2  w","chlorhexidine","accepted","auto-accepted score=100"
"chlorhexidine gluconate 2 w","chlorhexidine","accepted","auto-accepted score=100"
"cerliponase alfa","cerliponase alfa","accepted","auto-accepted score=100"
"hypromellose","hypromellose","accepted","auto-accepted score=100"
"ferrous sulfate","ferrous sulfate","accepted","auto-accepted score=100"
"verapamil hydrochloride","verapamil","accepted","auto-accepted score=100"
"azelastine hydrochloride","azelastine","accepted","auto-accepted score=100"
"procaine","procainamide","accepted","auto-accepted review 80-89"
"arsenic trioxid","arsenic trioxide","accepted","auto-accepted score>=95"
"florbetaben 18f","florbetaben (18f)","accepted","auto-accepted score>=95"
"bezafibrate inn 3968","bezafibrate","accepted","auto-accepted score=100"
"netarsudil","netarsudil","accepted","auto-accepted score=100"
"marcaine 0.5 bupivacaine","amsacrine","accepted","auto-accepted review 80-89"
"meropenem triidrato","meropenem","accepted","auto-accepted score=100"
"velaglucerasi alfa","velaglucerase alfa","accepted","auto-accepted score>=95"
"meropenem trihydrate","meropenem","accepted","auto-accepted score=100"
"sotagliflozin","sotagliflozin","accepted","auto-accepted score=100"
"suptavumab","suptavumab","accepted","auto-accepted score=100"
"bexagliflozin","bexagliflozin","accepted","auto-accepted score=100"
"amlodipine mesilate monohydrate","amlodipine","accepted","auto-accepted score=100"
"andexanet alfa","andexanet alfa","accepted","auto-accepted score=100"
"repaglinide","repaglinide","accepted","auto-accepted score=100"
"nateglinide","nateglinide","accepted","auto-accepted score=100"
"galcanezumab","galcanezumab","accepted","auto-accepted score=100"
"amiloride","amiloride","accepted","auto-accepted score=100"
"drisapersen","drisapersen","accepted","auto-accepted score=100"
"pbf-680","pbf-680","accepted","auto-accepted score=100"
"sulfur hexafluoride","sulphur hexafluoride","accepted","auto-accepted score 90-94"
"potassium chloride","potassium chloride","accepted","auto-accepted score=100"
"benserazide","benserazide","accepted","auto-accepted score=100"
"galunisertib","galunisertib","accepted","auto-accepted score=100"
"repaglinide","repaglinide","accepted","auto-accepted score=100"
"sapanisertib","sapanisertib","accepted","auto-accepted score=100"
"idarucizumab","idarucizumab","accepted","auto-accepted score=100"
"vistusertib","vistusertib","accepted","auto-accepted score=100"
"presatovir","resatorvid","accepted","auto-accepted review 80-89"
"imiquimod 5 creme","imiquimod","accepted","auto-accepted score=100"
"methyl aminolevulinate hydrochloride","methyl aminolevulinate hydrochloride","accepted","auto-accepted score=100"
"lidocaine hydrochloride 1 w","lidocaine","accepted","auto-accepted score=100"
"levomethadone hydrochloride","beclomethasone","accepted","auto-accepted review 80-89"
"morphine sulfate","morphine sulfate","accepted","auto-accepted score=100"
"diclofenac 75 mg + tiocolchicoside 4 mg","diclofenac","accepted","auto-accepted score=100"
"ciprofloxacin lactate monohydrate","ciprofloxacin","accepted","auto-accepted score=100"
"eftilagimod alfa","eftilagimod alfa","accepted","auto-accepted score=100"
"ornidazole","metronidazole","accepted","auto-accepted review 80-89"
"lidocaine hydrodhloride","lidocaine","accepted","auto-accepted score=100"
"ambroxol hydrochloride","ambroxol","accepted","auto-accepted score=100"
"alfentanil hydrochlorid","alfentanil","accepted","auto-accepted score=100"
"amilomotide","amilomotide","accepted","auto-accepted score=100"
"menthol 5 in aqueous cream","menthol","accepted","auto-accepted score=100"
"azelastine hydrochloride","azelastine","accepted","auto-accepted score=100"
"stiripentol","stiripentol","accepted","auto-accepted score=100"
"sodium citrate","sodium citrate","accepted","auto-accepted score=100"
"docosahexaenoic acid ethyl ester","docosahexaenoic acid","accepted","auto-accepted score 90-94"
"fosaprepitant dimeglumine","fosaprepitant","accepted","auto-accepted score=100"
"gamma-tocopherol","gamma-tocopherol","accepted","auto-accepted score=100"
"colina alfoscerato","choline","accepted","auto-accepted review 80-89"
"testosterone phenylpropionate","testosterone","accepted","auto-accepted score=100"
"testosterone isocaproate","testosterone","accepted","auto-accepted score=100"
"testosterone decanoate","testosterone","accepted","auto-accepted score=100"
"tasimelteon heltlioz","tasimelteon","accepted","auto-accepted score=100"
"lavender oil","lavender oil","accepted","auto-accepted score=100"
"valerian roots extract","valerian","accepted","auto-accepted score=100"
"cobimetinib 20 mg","cobimetinib","accepted","auto-accepted score=100"
"piperacillin sodium , tazobactam sodium","piperacillin","accepted","auto-accepted score=100"
"methenamine hippurate","methantheline","accepted","auto-accepted review 80-89"
"methimazole","metamizole","accepted","auto-accepted score 90-94"
"larotrectinib","larotrectinib sulfate","accepted","auto-accepted review 80-89"
"bupivacaine hydrocholride","bupivacaine","accepted","auto-accepted score=100"
"tivozanib hydrochloride monohydrate","tivozanib","accepted","auto-accepted score=100"
"lidocaine hydrochloride bp","lidocaine","accepted","auto-accepted score=100"
"florbetapir 18f","florbetapir (18f)","accepted","auto-accepted score>=95"
"magnesium lactate dihydrate","magnesium","accepted","auto-accepted score=100"
"magnesium lactate dihydrate","magnesium","accepted","auto-accepted score=100"
"tizanidine hydrochloride","amitifadine hydrochloride","accepted","auto-accepted review 80-89"
"bavituximab","ublituximab","accepted","auto-accepted review 80-89"
"flotetuzumab","elotuzumab","accepted","auto-accepted review 80-89"
"defactinib","alectinib","accepted","auto-accepted review 80-89"
"lanadelumab","lanadelumab","accepted","auto-accepted score=100"
"diclofenac spray","diclofenac","accepted","auto-accepted score=100"
"metamizole","metamizole","accepted","auto-accepted score=100"
"guadecitabine","guadecitabine","accepted","auto-accepted score=100"
"odalasvir dihydrate","daclatasvir","accepted","auto-accepted review 80-89"
"sertraline hcl","sertraline","accepted","auto-accepted score=100"
"fluoxetine hcl","fluoxetine","accepted","auto-accepted score=100"
"cefotaxime","cefotaxime","accepted","auto-accepted score=100"
"olpadronic acid","zoledronic acid","accepted","auto-accepted score 90-94"
"tenofovir alafenamide fumarate taf","tenofovir alafenamide fumarate","accepted","auto-accepted score>=95"
"sarizotan hydrochloride","irbesartan hydrochloride","accepted","auto-accepted review 80-89"
"raloxifene hydrochloride","raloxifene hydrochloride","accepted","auto-accepted score=100"
"makrogoli","macrogol","accepted","auto-accepted review 80-89"
"cycloserine","cycloserine","accepted","auto-accepted score=100"
"ropeginterferon alfa-2b","ropeginterferon alfa-2b","accepted","auto-accepted score=100"
"duvelisib","duvelisib","accepted","auto-accepted score=100"
"cadazolid","cadazolid","accepted","auto-accepted score=100"
"odm-207","odm-209","accepted","auto-accepted score 90-94"
"dasabuvir sodium monohydrate","dasabuvir","accepted","auto-accepted score=100"
"abituzumab","tigatuzumab","accepted","auto-accepted review 80-89"
"ketorolac trometamina","ketorolac","accepted","auto-accepted score=100"
"xylometazoline chloride","xylometazoline","accepted","auto-accepted score=100"
"diclofenac diethylammonium","diclofenac","accepted","auto-accepted score=100"
"scopolamine","scopolamine","accepted","auto-accepted score=100"
"aspartic acid","aspartic acid","accepted","auto-accepted score=100"
"glutamic acid","glutamic acid","accepted","auto-accepted score=100"
"lysine","lysine","accepted","auto-accepted score=100"
"obinutuzumab gazyvaro","obinutuzumab","accepted","auto-accepted score=100"
"susoctocog alfa","susoctocog alfa","accepted","auto-accepted score=100"
"oxytocin pheur 5 units in 1ml","oxytocin","accepted","auto-accepted score=100"
"oxytocin pheur 10 units in 1ml","oxytocin","accepted","auto-accepted score=100"
"histamine dihydrochloride","histamine dihydrochloride","accepted","auto-accepted score=100"
"lasmiditan","lasmiditan","accepted","auto-accepted score=100"
"glucosamine hydrochloride","glucosamine","accepted","auto-accepted score=100"
"miconazole 2_fluprednidene 0.1","miconazole","accepted","auto-accepted score=100"
"sotalol","sotalol","accepted","auto-accepted score=100"
"fosfomycin disodium salt","fosfomycin","accepted","auto-accepted score=100"
"urapidil","urapidil","accepted","auto-accepted score=100"
"nicardipine","nicardipine","accepted","auto-accepted score=100"
"dolutegravir as sodium salt","dolutegravir","accepted","auto-accepted score=100"
"abacavir as sulfate","abacavir","accepted","auto-accepted score=100"
"cytokins complexe and sna-alerg ref 2lalerg","cytosine","accepted","auto-accepted review 80-89"
"anti-cd28dab","anti-cd26","accepted","auto-accepted review 80-89"
"ropivacaine b braun 2ml","ropivacaine","accepted","auto-accepted score=100"
"exenatide bydureon","exenatide","accepted","auto-accepted score=100"
"miridesap","miridesap","accepted","auto-accepted score=100"
"olodanrigan","olodanrigan","accepted","auto-accepted score=100"
"fludeoxyglucose","fludeoxyglucose","accepted","auto-accepted score=100"
"acetylcysteine sodium","acetylcysteine","accepted","auto-accepted score=100"
"boric acid","folic acid","accepted","auto-accepted review 80-89"
"evinacumab","evinacumab","accepted","auto-accepted score=100"
"pexidartinib hcl","pexidartinib","accepted","auto-accepted score=100"
"riociguat 1.5mg","riociguat","accepted","auto-accepted score=100"
"riociguat 2.0mg","riociguat","accepted","auto-accepted score=100"
"riociguat 2.5mg","riociguat","accepted","auto-accepted score=100"
"methylnaltrexone bromide","methylnaltrexone bromide","accepted","auto-accepted score=100"
"burosumab","burosumab","accepted","auto-accepted score=100"
"anti cd73","anti-cd137","accepted","auto-accepted review 80-89"
"icosapent ethyl","icosapent ethyl","accepted","auto-accepted score=100"
"eteplirsen","eteplirsen","accepted","auto-accepted score=100"
"marcaine 0.5","amsacrine","accepted","auto-accepted review 80-89"
"protirelin","triptorelin","accepted","auto-accepted score 90-94"
"ropeginterferon alfa-2b","ropeginterferon alfa-2b","accepted","auto-accepted score=100"
"olaratumab","olaratumab","accepted","auto-accepted score=100"
"avacopan","avacopan","accepted","auto-accepted score=100"
"desmopressin acetate","desmopressin","accepted","auto-accepted score=100"
"sirukumab","sirukumab","accepted","auto-accepted score=100"
"nafithromycin","azithromycin","accepted","auto-accepted score 90-94"
"eptinezumab","eptinezumab","accepted","auto-accepted score=100"
"ropivacaine kabi","ropivacaine","accepted","auto-accepted score=100"
"riboflavin phosphat","riboflavin","accepted","auto-accepted score=100"
"caplacizumab","caplacizumab","accepted","auto-accepted score=100"
"testosterone gel transdermal","testosterone","accepted","auto-accepted score=100"
"tepotinib","tepotinib","accepted","auto-accepted score=100"
"lithium citrate","lithium","accepted","auto-accepted score=100"
"marcaine 0,5","amsacrine","accepted","auto-accepted review 80-89"
"veliparib","veliparib","accepted","auto-accepted score=100"
"platelet  rich plasma","platelets","accepted","auto-accepted score>=95"
"fucidine","furazidine","accepted","auto-accepted review 80-89"
"polihexanide poliesanide","polihexanide","accepted","auto-accepted score=100"
"propamidine isethionate","protamine","accepted","auto-accepted review 80-89"
"mebendazole","fenbendazole","accepted","auto-accepted review 80-89"
"velmanase alfa","velmanase alfa","accepted","auto-accepted score=100"
"nintedanib 100 mg","nintedanib","accepted","auto-accepted score=100"
"nintedanib 150 mg","nintedanib","accepted","auto-accepted score=100"
"glucagen","glucagon","accepted","auto-accepted score 90-94"
"metamizole sodium","metamizole","accepted","auto-accepted score=100"
"interferon beta 1-a","interferon","accepted","auto-accepted score=100"
"tasimelteon hetlioz","tasimelteon","accepted","auto-accepted score=100"
"potassium sulphate","potassium","accepted","auto-accepted score=100"
"magnesium sulphate heptahydrate","magnesium","accepted","auto-accepted score=100"
"isosorbide mononitrate","isosorbide mononitrate","accepted","auto-accepted score=100"
"piromelatine","agomelatine","accepted","auto-accepted review 80-89"
"galunisertib","galunisertib","accepted","auto-accepted score=100"
"fitomenadione","phytomenadione","accepted","auto-accepted review 80-89"
"secretin hydrochloride","trientine hydrochloride","accepted","auto-accepted review 80-89"
"meningococcal group c oligosaccharide","meningococcal group c polysaccharide vaccine","accepted","auto-accepted review 80-89"
"meningococcal group y oligosaccharide","meningococcal group a polysaccharide vaccine","accepted","auto-accepted review 80-89"
"clindamycin alternova","clindamycin","accepted","auto-accepted score=100"
"intepirdine","intepirdine","accepted","auto-accepted score=100"
"tenofovir disoproxil difumarato","tenofovir disoproxil fumarate","accepted","auto-accepted score>=95"
"methylphenidate hcl","methylphenidate","accepted","auto-accepted score=100"
"fluocinolone acetonide","fluocinolone acetonide","accepted","auto-accepted score=100"
"diclofenac epolamine","diclofenac","accepted","auto-accepted score=100"
"rozanolixizumab","rozanolixizumab","accepted","auto-accepted score=100"
"econazole nitrate","econazole","accepted","auto-accepted score=100"
"sultamicillin","sultamicillin","accepted","auto-accepted score=100"
"odalasvir dihydrate","daclatasvir","accepted","auto-accepted review 80-89"
"utomilumab","golimumab","accepted","auto-accepted review 80-89"
"seladelpar","seladelpar","accepted","auto-accepted score=100"
"tofersen","tofersen","accepted","auto-accepted score=100"
"tazobactam teva","tazobactam","accepted","auto-accepted score=100"
"tobramycin sulphate","tobramycin","accepted","auto-accepted score=100"
"niclosamide, anhydrous","lacosamide","accepted","auto-accepted review 80-89"
"calcium beta-hydroxy-beta-methylbutyrate","caplacizumab","accepted","auto-accepted review 80-89"
"glycine ferrous sulfate pentahydrate complex","glycine","accepted","auto-accepted score=100"
"relugolix,","relugolix","accepted","auto-accepted score=100"
"somatrogon","somatrogon","accepted","auto-accepted score=100"
"trientine tetrahydrochloride","trientine tetrahydrochloride","accepted","auto-accepted score=100"
"penicillamine","penicillin v","accepted","auto-accepted review 80-89"
"clindamycin palmitate hydrochloride","clindamycin","accepted","auto-accepted score=100"
"vancomycin hydrochloride","vancomycin","accepted","auto-accepted score=100"
"darunavir+cobicistat","darunavir","accepted","auto-accepted score=100"
"nasal naloxone","naloxone","accepted","auto-accepted score=100"
"naloxone hydrochloride  injection, usp","naloxone","accepted","auto-accepted score=100"
"memantine teva","memantine","accepted","auto-accepted score=100"
"bimagrumab","bimagrumab","accepted","auto-accepted score=100"
"ceftolozane","ceftolozane","accepted","auto-accepted score=100"
"poractant alfa","poractant alfa","accepted","auto-accepted score=100"
"cediranib maleate cediranib","cediranib","accepted","auto-accepted score=100"
"collagenase clostridium histolyticum","collagenase clostridium histolyticum","accepted","auto-accepted score=100"
"zolpidem tartrate","zolpidem","accepted","auto-accepted score=100"
"methoxyflurane","methoxyflurane","accepted","auto-accepted score=100"
"litoxetine","vortioxetine","accepted","auto-accepted review 80-89"
"pralsetinib","pralsetinib","accepted","auto-accepted score=100"
"reslizumab","reslizumab","accepted","auto-accepted score=100"
"capsicum oleoresin","capsicum","accepted","auto-accepted score=100"
"nicardipine","nicardipine","accepted","auto-accepted score=100"
"hydrocortisone acetate 1 ointment","hydrocortisone","accepted","auto-accepted score=100"
"poractant alfa","poractant alfa","accepted","auto-accepted score=100"
"propranolol hcl cf 40 mg tablet","propranolol","accepted","auto-accepted score=100"
"menthol","menthol","accepted","auto-accepted score=100"
"interferon beta - 1a","interferon","accepted","auto-accepted score=100"
"meningococcal group c conjugate vaccine","meningococcal group c conjugate vaccine","accepted","auto-accepted score=100"
"tickborne encephalitis vaccine","tick-borne encephalitis vaccine","accepted","auto-accepted score>=95"
"hepatitis a vaccine","hepatitis a vaccine","accepted","auto-accepted score=100"
"lovastatin","fluvastatin","accepted","auto-accepted score 90-94"
"fosamprenavir calcium","fosamprenavir calcium","accepted","auto-accepted score=100"
"simeprevir","simeprevir","accepted","auto-accepted score=100"
"tapentadol hydrochloride","tapentadol","accepted","auto-accepted score=100"
"nitroglycerin","nitroglycerin","accepted","auto-accepted score=100"
"bezlotoxumab","bezlotoxumab","accepted","auto-accepted score=100"
"ferroglycine sulfate","ferrous glycine sulfate","accepted","auto-accepted review 80-89"
"diclofenac diethylammonium","diclofenac","accepted","auto-accepted score=100"
"varlilumab","sarilumab","accepted","auto-accepted review 80-89"
"verapamil hydrochloride","verapamil","accepted","auto-accepted score=100"
"triamcinolone hexacetonide","triamcinolone","accepted","auto-accepted score=100"
"ringer-acetate","ringer's acetate","accepted","auto-accepted score 90-94"
"gefapixant","gefapixant","accepted","auto-accepted score=100"
"samidorphan l-maleate","samidorphan","accepted","auto-accepted score=100"
"seribantumab","seribantumab","accepted","auto-accepted score=100"
"thyrotropin alfa","thyrotropin alfa","accepted","auto-accepted score=100"
"efavaleukin alfa","efavaleukin alfa","accepted","auto-accepted score=100"
"cariprazine hcl","cariprazine","accepted","auto-accepted score=100"
"sepranolone","sepranolone","accepted","auto-accepted score=100"
"immunoglobulines humaines normales","immunoglobulin, normal human","accepted","auto-accepted review 80-89"
"thrombin","thrombin","accepted","auto-accepted score=100"
"bavisant dihydrochloride monohydrate","givinostat hydrochloride monohydrate","accepted","auto-accepted review 80-89"
"voxelotor","voxelotor","accepted","auto-accepted score=100"
"vixotrigine","vixotrigine","accepted","auto-accepted score=100"
"atosiban","retosiban","accepted","auto-accepted review 80-89"
"tirofiban cloridrato monoidrato","tirofiban","accepted","auto-accepted score=100"
"entecavir monohydrate","entecavir monohydrate","accepted","auto-accepted score=100"
"alvocidib hydrochloride","lidocaine hydrochloride","accepted","auto-accepted review 80-89"
"tramadol hcl","tramadol","accepted","auto-accepted score=100"
"lesinurad","lesinurad","accepted","auto-accepted score=100"
"leukovorin","leucovorin","accepted","auto-accepted score 90-94"
"ceftobiprole","ceftobiprole medocaril","accepted","auto-accepted review 80-89"
"deudextromethorphan hydrobromide monohydrate","dextromethorphan","accepted","auto-accepted review 80-89"
"teduglutide","teduglutide","accepted","auto-accepted score=100"
"pegunigalsidase alfa","pegunigalsidase alfa","accepted","auto-accepted score=100"
"nandrolone decanoate","nandrolone","accepted","auto-accepted score=100"
"sorbitol e420","sorbitol","accepted","auto-accepted score=100"
"albendazole","tiabendazole","accepted","auto-accepted score 90-94"
"lirilumab","lirilumab","accepted","auto-accepted score=100"
"avacopan","avacopan","accepted","auto-accepted score=100"
"burtomab","burosumab","accepted","auto-accepted review 80-89"
"azithromycin 250 mg tablet","azithromycin","accepted","auto-accepted score=100"
"chadox1.5t4","ciadox","accepted","auto-accepted review 80-89"
"citric acid","citric acid","accepted","auto-accepted score=100"
"ademetionine","dimetindene","accepted","auto-accepted review 80-89"
"clindamycin hydrochloride","clindamycin","accepted","auto-accepted score=100"
"salbutamolo solfato","salbutamol","accepted","auto-accepted score>=95"
"daprodustat","daprodustat","accepted","auto-accepted score=100"
"ladiratuzumab vedotin","olaratumab","accepted","auto-accepted review 80-89"
"bisoprolol accord","bisoprolol","accepted","auto-accepted score=100"
"safinamide methansulfonate","safinamide methanesulfonate","accepted","auto-accepted score 90-94"
"destrometorfano","dextromethorphan","accepted","auto-accepted review 80-89"
"atenololo","atenolol","accepted","auto-accepted score>=95"
"ceftaroline","ceftriaxone","accepted","auto-accepted review 80-89"
"ornidazole","metronidazole","accepted","auto-accepted review 80-89"
"pyridostigmine","rivastigmine","accepted","auto-accepted review 80-89"
"selumetinib sulfate","selumetinib sulfate","accepted","auto-accepted score=100"
"bisacodyl 5mg","bisacodyl","accepted","auto-accepted score=100"
"follitropin delta","follitropin delta","accepted","auto-accepted score=100"
"pyrimethamine","pyrimethamine","accepted","auto-accepted score=100"
"efpeglenatide","efpeglenatide","accepted","auto-accepted score=100"
"co-trimoxazole sulfamethoxazol + trimethoprim","co-trimoxazole","accepted","auto-accepted score=100"
"nadofaragene firadenovec","nadofaragene firadenovec","accepted","auto-accepted score=100"
"tak-954","tak-994","accepted","auto-accepted score 90-94"
"roluperidone hydrochloride","roluperidone hydrochloride","accepted","auto-accepted score=100"
"ferrous gluconate","ferrous sulfate","accepted","auto-accepted review 80-89"
"18f psma-11","18f-psma-11","accepted","auto-accepted score 90-94"
"potassium dihydrogen phosphate","potassium","accepted","auto-accepted score=100"
"diclofenac epolaminum","diclofenac","accepted","auto-accepted score=100"
"pneumococcal polysaccharide vaccine","pneumococcal polysaccharide vaccine","accepted","auto-accepted score=100"
"liothyronine","liothyronine","accepted","auto-accepted score=100"
"marcaine 0.25","amsacrine","accepted","auto-accepted review 80-89"
"eluxadoline","eluxadoline","accepted","auto-accepted score=100"
"amoxicillin trihydrate and 125mg of clavulanic acid as potassium","amoxicillin","accepted","auto-accepted score=100"
"amoxicillin trihydrate and 125mg of clavulanic acid as potassium clavulanata","amoxicillin","accepted","auto-accepted score=100"
"colchicine 0.5mg","colchicine","accepted","auto-accepted score=100"
"marizomib","carfilzomib","accepted","auto-accepted review 80-89"
"ambroxol hydrochloride","ambroxol","accepted","auto-accepted score=100"
"nazartinib","afatinib","accepted","auto-accepted review 80-89"
"relugolix","relugolix","accepted","auto-accepted score=100"
"atropine","atropine","accepted","auto-accepted score=100"
"pegargiminase","pegargiminase","accepted","auto-accepted score=100"
"mebendazole","fenbendazole","accepted","auto-accepted review 80-89"
"lipiodol","lipiodol","accepted","auto-accepted score=100"
"thiocolchicoside","thiocolchicoside","accepted","auto-accepted score=100"
"sulfasalazine","sulfasalazine","accepted","auto-accepted score=100"
"dm-aripiprazole","aripiprazole","accepted","auto-accepted score 90-94"
"dm-olanzapine","olanzapine","accepted","auto-accepted score 90-94"
"dm- quetiapine","quetiapine","accepted","auto-accepted score 90-94"
"dm-risperidone","risperidone","accepted","auto-accepted score 90-94"
"hypromellose","hypromellose","accepted","auto-accepted score=100"
"fosfomycin disodium salt","fosfomycin","accepted","auto-accepted score=100"
"vortioxetine","vortioxetine","accepted","auto-accepted score=100"
"18ffluoride","18f-fluorothymidine","accepted","auto-accepted review 80-89"
"piperacillin sodium salt","piperacillin","accepted","auto-accepted score=100"
"tazobactam sodium salt","tazobactam","accepted","auto-accepted score=100"
"romosozumab","romosozumab","accepted","auto-accepted score=100"
"protirelin","triptorelin","accepted","auto-accepted score 90-94"
"urelumab","guselkumab","accepted","auto-accepted review 80-89"
"palmidrol","palmidrol","accepted","auto-accepted score=100"
"midazolam panpharma","midazolam","accepted","auto-accepted score=100"
"xylometazoline","xylometazoline","accepted","auto-accepted score=100"
"vecabrutinib","ibrutinib","accepted","auto-accepted review 80-89"
"vericiguat","vericiguat","accepted","auto-accepted score=100"
"landiolol","landiolol","accepted","auto-accepted score=100"
"spesolimab","spesolimab","accepted","auto-accepted score=100"
"repaglinide","repaglinide","accepted","auto-accepted score=100"
"edotreotide","edotreotide","accepted","auto-accepted score=100"
"ceftazidime pentahydrate","ceftazidime","accepted","auto-accepted score=100"
"ceftriaxone disodium","ceftriaxone","accepted","auto-accepted score=100"
"ciprofloxacin hydrochloride monohydrate","ciprofloxacin","accepted","auto-accepted score=100"
"ciprofloxacin lactate","ciprofloxacin","accepted","auto-accepted score=100"
"clarithromycin lactobionate","clarithromycin","accepted","auto-accepted score=100"
"imipenem monohydrate","imipenem","accepted","auto-accepted score=100"
"meropenem trihydrate","meropenem","accepted","auto-accepted score=100"
"spartalizumab","spartalizumab","accepted","auto-accepted score=100"
"lidocaine hydrochloride ph eur","lidocaine","accepted","auto-accepted score=100"
"bupivacaine hydrochloride ph eur","bupivacaine","accepted","auto-accepted score=100"
"fosfomycin trometamol","fosfomycin","accepted","auto-accepted score=100"
"pegvaliase","pegvaliase","accepted","auto-accepted score=100"
"11c-choline herlev injection fluid","choline","accepted","auto-accepted review 80-89"
"cipaglucosidase alfa","cipaglucosidase alfa","accepted","auto-accepted score=100"
"somatrogon","somatrogon","accepted","auto-accepted score=100"
"gefapixant","gefapixant","accepted","auto-accepted score=100"
"azelastine hydrochloride and fluticasone propionate","azelastine","accepted","auto-accepted score=100"
"migalastat","migalastat","accepted","auto-accepted score=100"
"ibuprofen lysinate","ibuprofen","accepted","auto-accepted score=100"
"elivaldogene autotemcel","elivaldogene autotemcel","accepted","auto-accepted score=100"
"pegunigalsidase alfa","pegunigalsidase alfa","accepted","auto-accepted score=100"
"tenofovir alafenamida","tenofovir alafenamide","accepted","auto-accepted score>=95"
"trazodone hidrocloride","trazodone","accepted","auto-accepted score=100"
"trazodone hydrocloride","trazodone","accepted","auto-accepted score=100"
"betamethasone sodium phosphate","betamethasone","accepted","auto-accepted score=100"
"atropine 0.01","atropine","accepted","auto-accepted score=100"
"atropine 0.05","atropine","accepted","auto-accepted score=100"
"sodium zirconium cyclosilicate","sodium zirconium cyclosilicate","accepted","auto-accepted score=100"
"sulfate","zinc sulfate","accepted","auto-accepted review 80-89"
"chloride ion","chlorin e6","accepted","auto-accepted review 80-89"
"potassium","potassium","accepted","auto-accepted score=100"
"citalopram bromidrato","citalopram","accepted","auto-accepted score=100"
"citalopram cloridrato","citalopram","accepted","auto-accepted score=100"
"escitalopram ossalato","citalopram","accepted","auto-accepted score 90-94"
"abexinostat","zabadinostat","accepted","auto-accepted review 80-89"
"itacitinib","itacitinib","accepted","auto-accepted score=100"
"human coagulation factor viii","human coagulation factor ix","accepted","auto-accepted score>=95"
"danazol 200mg","danazol","accepted","auto-accepted score=100"
"abexinostat","zabadinostat","accepted","auto-accepted review 80-89"
"clemastine hydrogen fumarate","clemastine","accepted","auto-accepted score=100"
"desmopressin acetate","desmopressin","accepted","auto-accepted score=100"
"arginine hydrochloride","arginine","accepted","auto-accepted score=100"
"entecavir usp","entecavir","accepted","auto-accepted score=100"
"chadox1.hti","ciadox","accepted","auto-accepted review 80-89"
"vesatolimod","entolimod","accepted","auto-accepted review 80-89"
"cangrelor tetrasodium","cangrelor","accepted","auto-accepted score=100"
"fytomenadion","phytomenadione","accepted","auto-accepted score 90-94"
"procaine hydrochloride","procainamide","accepted","auto-accepted review 80-89"
"lidocaine hydrochlorid","lidocaine","accepted","auto-accepted score=100"
"flutemetamol 18f","flutemetamol","accepted","auto-accepted score=100"
"belladonna 9 ch","belladonna","accepted","auto-accepted score=100"
"danaparoid sodico","danaparoid","accepted","auto-accepted score=100"
"betahistine dihydrochloride","betahistine","accepted","auto-accepted score=100"
"betahistine dihydrochloride","betahistine","accepted","auto-accepted score=100"
"truximab","cetuximab","accepted","auto-accepted review 80-89"
"carvedilol eg 6.25mg tablets","carvedilol","accepted","auto-accepted score=100"
"durlobactam","sulbactam","accepted","auto-accepted review 80-89"
"vilanterol as trifenatate","vilanterol","accepted","auto-accepted score=100"
"betrixaban","betrixaban maleate","accepted","auto-accepted review 80-89"
"caspofungin acetate","caspofungin acetate","accepted","auto-accepted score=100"
"rilonacept","rilonacept","accepted","auto-accepted score=100"
"sodium thiosulfate","sodium thiosulfate","accepted","auto-accepted score=100"
"girentuximab","rituximab","accepted","auto-accepted review 80-89"
"coagulation factor viii simoctocog alfa","coagulation factor viii","accepted","auto-accepted review 80-89"
"anti-cd20 monoclonal antibody","anti-cd26","accepted","auto-accepted score 90-94"
"roxadustat","roxadustat","accepted","auto-accepted score=100"
"daunorubicina","daunorubicin","accepted","auto-accepted score>=95"
"miconazole nitrate","miconazole","accepted","auto-accepted score=100"
"levocetirizine","levocetirizine","accepted","auto-accepted score=100"
"poractant alfa","poractant alfa","accepted","auto-accepted score=100"
"valemetostat","valemetostat","accepted","auto-accepted score=100"
"valemetostat","valemetostat","accepted","auto-accepted score=100"
"ampreloxetine chydrochloride","reboxetine","accepted","auto-accepted review 80-89"
"aspartame","aspartame","accepted","auto-accepted score=100"
"sodium sulfate anhydrous","sodium sulfate anhydrous","accepted","auto-accepted score=100"
"sucralose","sucrose","accepted","auto-accepted score 90-94"
"haemophilius influenzae type b polysaccharide","haemophilus influenzae type b polysaccharide","accepted","auto-accepted score>=95"
"haemophilus influenzae type b polysaccharide conjugated to meningococcal protein","haemophilus influenzae type b polysaccharide","accepted","auto-accepted review 80-89"
"vonicog alfa","vonicog alfa","accepted","auto-accepted score=100"
"blinatumomab","blinatumomab","accepted","auto-accepted score=100"
"fluciclatide 18f","fluciclatide","accepted","auto-accepted score=100"
"damoctocog alfa pegol","damoctocog alfa pegol","accepted","auto-accepted score=100"
"patiromer sorbitex calcium","patiromer sorbitex calcium","accepted","auto-accepted score=100"
"pertussis toxoid adsorbed on aluminium hydroxide, hydrated","pertussis toxoid","accepted","auto-accepted review 80-89"
"pertussis filamentous haemagglutinin adsorbed on aluminium hydroxide, hydrated","pertussis toxoid","accepted","auto-accepted review 80-89"
"pertussis pertactin adsorbed on aluminium hydroxide, hydrated","pertussis toxoid","accepted","auto-accepted review 80-89"
"pertussis fimbrial agglutinogens fim 2 and 3","pertussis toxoid","accepted","auto-accepted review 80-89"
"sufenta 5 mikrogram","sufentanil","accepted","auto-accepted score 90-94"
"aztreonam lysine","aztreonam lysine","accepted","auto-accepted score=100"
"tominersen","inotersen","accepted","auto-accepted review 80-89"
"olimel n9","lime","accepted","auto-accepted review 80-89"
"deutivacaftor","deutivacaftor","accepted","auto-accepted score=100"
"lumasiran","lumasiran","accepted","auto-accepted score=100"
"setmelanotide","setmelanotide","accepted","auto-accepted score=100"
"hydralazine","hydralazine","accepted","auto-accepted score=100"
"acetylsalicylic acid asa","acetylsalicylic acid","accepted","auto-accepted score 90-94"
"lipiodol ultrafluid","lipiodol","accepted","auto-accepted score=100"
"balixafortide","balixafortide","accepted","auto-accepted score=100"
"digoxin immune fab ovine","digoxin","accepted","auto-accepted score=100"
"nicotine resinate","nicotine","accepted","auto-accepted score=100"
"vosoritide","vosoritide","accepted","auto-accepted score=100"
"remibrutinib","remibrutinib","accepted","auto-accepted score=100"
"buprenorphine hydrochloride","buprenorphine hydrochloride","accepted","auto-accepted score=100"
"buprenorphine hydrochloride espranor","buprenorphine","accepted","auto-accepted score=100"
"paliperidone palmitato","paliperidone","accepted","auto-accepted score=100"
"diclofenac epolamina","diclofenac","accepted","auto-accepted score=100"
"letetresgene autoleucel lete-cel","letetresgene autoleucel","accepted","auto-accepted score 90-94"
"glucosio","glucose","accepted","auto-accepted review 80-89"
"emulsione lipidica per nutrizione parenterale","semustine","accepted","auto-accepted review 80-89"
"anetumab ravtansine","ganitumab","accepted","auto-accepted review 80-89"
"migalastat","migalastat","accepted","auto-accepted score=100"
"trazodone hydrochloride 100mg","trazodone","accepted","auto-accepted score=100"
"tenofovir alafensmide","tenofovir alafenamide","accepted","auto-accepted score>=95"
"camrelizumab","ocrelizumab","accepted","auto-accepted score 90-94"
"ibuprofen 400 mg and n-acetylcysteine 200 mg","ibuprofen","accepted","auto-accepted score=100"
"carnitine","carnitine","accepted","auto-accepted score=100"
"darvadstrocel","darvadstrocel","accepted","auto-accepted score=100"
"eteplirsen","eteplirsen","accepted","auto-accepted score=100"
"glucosio monoidrato","glucose","accepted","auto-accepted review 80-89"
"methyl s-2-2-2,6-difluoro-4-methylcarbamoylphenyl-7-methylimidazo1,2-apyridin-3-ylmethylmorpholine-4-carboxylate","menthol","accepted","auto-accepted review 80-89"
"roxithromycin","solithromycin","accepted","auto-accepted score 90-94"
"celecoxib","celecoxib","accepted","auto-accepted score=100"
"afamelanotide","afamelanotide","accepted","auto-accepted score=100"
"elsubrutinib","surufatinib","accepted","auto-accepted review 80-89"
"elafibranor","elafibranor","accepted","auto-accepted score=100"
"ibuprofen lysine salt","ibuprofen","accepted","auto-accepted score=100"
"ivabradine 5 mg","ivabradine","accepted","auto-accepted score=100"
"povidone-iodine","povidone-iodine","accepted","auto-accepted score=100"
"obefazimod","obefazimod","accepted","auto-accepted score=100"
"galicaftor","ivacaftor","accepted","auto-accepted review 80-89"
"levamlodipine","amlodipine","accepted","auto-accepted review 80-89"
"nitrogen","nitroglycerin","accepted","auto-accepted review 80-89"
"polatuzumab vedotin","polatuzumab vedotin","accepted","auto-accepted score=100"
"perampanel","perampanel","accepted","auto-accepted score=100"
"zinc acetate","zinc acetate","accepted","auto-accepted score=100"
"fadrozole","finrozole","accepted","auto-accepted review 80-89"
"men1703 25mg","mgn1703","accepted","auto-accepted score 90-94"
"men1703 100mg","mgn1703","accepted","auto-accepted score 90-94"
"tapentadol hydrocloride","tapentadol","accepted","auto-accepted score=100"
"amoxicillin-clavulanic acid","amoxicillin|clavulanic acid","accepted","auto-accepted score>=95"
"azithromycin monohydrate","azithromycin","accepted","auto-accepted score=100"
"miconazole nitrate","miconazole","accepted","auto-accepted score=100"
"fluprednidene acetate","isoprednidene","accepted","auto-accepted review 80-89"
"fosgemcitabine palabenamide","gemcitabine","accepted","auto-accepted score 90-94"
"verdiperstat","verdiperstat","accepted","auto-accepted score=100"
"hyaluronidase","hyaluronidase","accepted","auto-accepted score=100"
"platelet concentrate","platelets","accepted","auto-accepted score>=95"
"bulevirtide","bulevirtide acetate","accepted","auto-accepted review 80-89"
"18f fluorocholine","18f-fluorocholine","accepted","auto-accepted score>=95"
"tenofovir alafenamide d","tenofovir alafenamide","accepted","auto-accepted score>=95"
"tetracaine","tetracaine","accepted","auto-accepted score=100"
"inotersen","inotersen","accepted","auto-accepted score=100"
"vortioxetine","vortioxetine","accepted","auto-accepted score=100"
"mobocertinib","mobocertinib","accepted","auto-accepted score=100"
"ferrotran","ferumoxtran","accepted","auto-accepted review 80-89"
"olinciguat","riociguat","accepted","auto-accepted review 80-89"
"pramipexole orion 0,26 mg, 0,52 mg, 1,05 mg and 2,1 mg","pramipexole","accepted","auto-accepted score=100"
"ladiratuzumab vedotin","olaratumab","accepted","auto-accepted review 80-89"
"dapirolizumab pegol","vobarilizumab","accepted","auto-accepted review 80-89"
"dactolisib p-toluenesulfonate salt","dactolisib","accepted","auto-accepted score=100"
"efanesoctocog alfa","efanesoctocog alfa","accepted","auto-accepted score=100"
"ketoprofen lysine salt","ketoprofen","accepted","auto-accepted score=100"
"reteplase","reteplase","accepted","auto-accepted score=100"
"cenegermin","cenegermin","accepted","auto-accepted score=100"
"licogliflozin","licogliflozin","accepted","auto-accepted score=100"
"cannabidiol tablet 10 mg","cannabidiol","accepted","auto-accepted score=100"
"naloxone cloridrato","naloxone","accepted","auto-accepted score=100"
"sucralose","sucrose","accepted","auto-accepted score 90-94"
"tilmanocept","tilmanocept","accepted","auto-accepted score=100"
"pirepemat","pirepemat","accepted","auto-accepted score=100"
"glucagen hypokit","glucagon","accepted","auto-accepted score 90-94"
"concizumab","concizumab","accepted","auto-accepted score=100"
"crisaborole","crisaborole","accepted","auto-accepted score=100"
"poa pratensis","poa pratensis pollen","accepted","auto-accepted review 80-89"
"histamine dihydrochloride","histamine dihydrochloride","accepted","auto-accepted score=100"
"calcium sad","caplacizumab","accepted","auto-accepted review 80-89"
"vilanterol as trifenate","vilanterol","accepted","auto-accepted score=100"
"metronidazole gel","metronidazole","accepted","auto-accepted score=100"
"clindamycin hydrochloride","clindamycin","accepted","auto-accepted score=100"
"clindamycin phosphate","clindamycin","accepted","auto-accepted score=100"
"tiragolumab","tiragolumab","accepted","auto-accepted score=100"
"proteina membrana esterna 69kda","protein c","accepted","auto-accepted review 80-89"
"pertactina","pertactin","accepted","auto-accepted score>=95"
"benzocaine","benzocaine","accepted","auto-accepted score=100"
"sodium gluconate","sodium folate","accepted","auto-accepted review 80-89"
"magnesium chloride hexahydrated","magnesium","accepted","auto-accepted score=100"
"morphine chlorhydrate lavoisier 10 mg","morphine","accepted","auto-accepted score=100"
"morphine chlorhydrate renaudin 1 mg","morphine","accepted","auto-accepted score=100"
"ketamine hydrochloride","ketamine","accepted","auto-accepted score=100"
"loperamide","loperamide","accepted","auto-accepted score=100"
"citric acid","citric acid","accepted","auto-accepted score=100"
"valoctocogene roxaparvovec","valoctocogene roxaparvovec","accepted","auto-accepted score=100"
"loperamide hydrochloride","loperamide","accepted","auto-accepted score=100"
"blarcamesine","acadesine","accepted","auto-accepted review 80-89"
"cloxacillin sodium","cloxacillin","accepted","auto-accepted score=100"
"ampicillin potassium","ampicillin","accepted","auto-accepted score=100"
"dapirolizumab pegol","vobarilizumab","accepted","auto-accepted review 80-89"
"chlorhexidine digluconate","chlorhexidine","accepted","auto-accepted score=100"
"bomedemstat","bomedemstat","accepted","auto-accepted score=100"
"hydralazine hydrochloride","hydralazine","accepted","auto-accepted score=100"
"olpasiran","plozasiran","accepted","auto-accepted score 90-94"
"immunoglobulinum antithymocytarum","immunoglobulin m-enriched","accepted","auto-accepted review 80-89"
"immunoglobulinum humanum normale","immunoglobulin, normal human","accepted","auto-accepted review 80-89"
"mexiletine hydrochloride hcl","mexiletine","accepted","auto-accepted score=100"
"pegcetacoplan","pegcetacoplan","accepted","auto-accepted score=100"
"18fpsma-1007","18f-psma-1007","accepted","auto-accepted score 90-94"
"itacitinib","itacitinib","accepted","auto-accepted score=100"
"d-glucose","glucose","accepted","auto-accepted score 90-94"
"calcium chloride dihydrate in sterile water","caplacizumab","accepted","auto-accepted review 80-89"
"fluorescein","fluorescein","accepted","auto-accepted score=100"
"potassium hydrogen carbonate","potassium","accepted","auto-accepted score=100"
"temelimab","tremelimumab","accepted","auto-accepted score 90-94"
"xylometazoline hydrochloride","xylometazoline","accepted","auto-accepted score=100"
"dexpanthenol","dexpanthenol","accepted","auto-accepted score=100"
"vopratelimab","crovalimab","accepted","auto-accepted review 80-89"
"ltx-109","ltx-109","accepted","auto-accepted score=100"
"amt-101","am-211","accepted","auto-accepted review 80-89"
"adavosertib","adavosertib","accepted","auto-accepted score=100"
"fruquintinib","fruquintinib","accepted","auto-accepted score=100"
"pexidartinib","pexidartinib","accepted","auto-accepted score=100"
"tenofovir disoproxil succinate","tenofovir disoproxil fumarate","accepted","auto-accepted score 90-94"
"tenofovir disoproxil phosphate","tenofovir disoproxil phosphate","accepted","auto-accepted score=100"
"nedosiran","nedosiran sodium","accepted","auto-accepted review 80-89"
"iloperidone","iloperidone","accepted","auto-accepted score=100"
"siplizumab","ibalizumab","accepted","auto-accepted review 80-89"
"phleum pratense l.","phleum pratense","accepted","auto-accepted score 90-94"
"chloroprocaine hydrochloride","chloroprocaine","accepted","auto-accepted score=100"
"sintilimab","sintilimab","accepted","auto-accepted score=100"
"fedratinib","neratinib","accepted","auto-accepted score 90-94"
"tregalizumab","efalizumab","accepted","auto-accepted review 80-89"
"acetylsalicylic acid mylan","acetylsalicylic acid","accepted","auto-accepted score 90-94"
"lavender oil","lavender oil","accepted","auto-accepted score=100"
"phentolamine","phenytoin","accepted","auto-accepted review 80-89"
"ciclopirox olamina 1 crema","ciclopirox","accepted","auto-accepted score=100"
"tozorakimab","tozorakimab","accepted","auto-accepted score=100"
"vilobelimab","vilobelimab","accepted","auto-accepted score=100"
"lonapegsomatropin","lonapegsomatropin","accepted","auto-accepted score=100"
"somatropin recombinant dna origin produced in e. coli","somatropin","accepted","auto-accepted score=100"
"pyrotinib maleate","erlotinib","accepted","auto-accepted review 80-89"
"tedizolid","tedizolid","accepted","auto-accepted score=100"
"fostemsavir","fostemsavir","accepted","auto-accepted score=100"
"18f jk-psma-11","18f-psma-11","accepted","auto-accepted score 90-94"
"calcifediol monohydrate","calcifediol","accepted","auto-accepted score=100"
"opicapone","opicapone","accepted","auto-accepted score=100"
"hydroxychloroquine sulfate 200 mg","hydroxychloroquine","accepted","auto-accepted score=100"
"azithromycin 250 mg or 500 mg","azithromycin","accepted","auto-accepted score=100"
"doxycycline hyclate equivalent to 100mg of doxycycline base","doxycycline","accepted","auto-accepted score=100"
"phenytoin 10 cream","phenytoin","accepted","auto-accepted score=100"
"phenytoin 20 cream","phenytoin","accepted","auto-accepted score=100"
"abacavir sulfate","abacavir","accepted","auto-accepted score=100"
"sulfamethoxazole and trimethoprim","sulfamethoxazole","accepted","auto-accepted score=100"
"ravulizumab","ravulizumab","accepted","auto-accepted score=100"
"defibrotide di origine suina","defibrotide","accepted","auto-accepted score=100"
"hydroxychloroquine sulfate","hydroxychloroquine","accepted","auto-accepted score=100"
"trimetazidine","trimetazidine","accepted","auto-accepted score=100"
"isoquercetin","quercetin","accepted","auto-accepted score 90-94"
"elsubrutinib","surufatinib","accepted","auto-accepted review 80-89"
"nomacopan","nomacopan","accepted","auto-accepted score=100"
"almitrine dci bis msilate","lamotrigine","accepted","auto-accepted review 80-89"
"iscalimab","iscalimab","accepted","auto-accepted score=100"
"mesdopetam","mesdopetam","accepted","auto-accepted score=100"
"mesdopetam","mesdopetam","accepted","auto-accepted score=100"
"edotreotide","edotreotide","accepted","auto-accepted score=100"
"c1-esterase inhibitor, human","c1-esterase inhibitor, human","accepted","auto-accepted score=100"
"camostat","camostat","accepted","auto-accepted score=100"
"trientine","trientine","accepted","auto-accepted score=100"
"retifanlimab","retifanlimab","accepted","auto-accepted score=100"
"ribavirin ratiopharm","ribavirin","accepted","auto-accepted score=100"
"gentamicin sulfate 0.1 ointment","gentamicin","accepted","auto-accepted score=100"
"fidanacogene elaparvovec","fidanacogene elaparvovec","accepted","auto-accepted score=100"
"cinrebafusp alfa","bintrafusp alfa","accepted","auto-accepted review 80-89"
"almitrine bismesylate","lamotrigine","accepted","auto-accepted review 80-89"
"nafamostat mesylate","nafamostat","accepted","auto-accepted score=100"
"astegolimab","atezolizumab","accepted","auto-accepted review 80-89"
"cemdisiran","cemdisiran","accepted","auto-accepted score=100"
"vupanorsen","vupanorsen","accepted","auto-accepted score=100"
"pridopidine hydrochloride","pridopidine hydrochloride","accepted","auto-accepted score=100"
"panadol","tapentadol","accepted","auto-accepted review 80-89"
"delgocitinib","delgocitinib","accepted","auto-accepted score=100"
"loperamide cloridrato","loperamide","accepted","auto-accepted score=100"
"eliapixant","camlipixant","accepted","auto-accepted review 80-89"
"elagolix","elagolix","accepted","auto-accepted score=100"
"amoxicillin-clavulanate","amoxicillin|clavulanic acid","accepted","auto-accepted review 80-89"
"iptacopan","iptacopan","accepted","auto-accepted score=100"
"emicizumab","emicizumab","accepted","auto-accepted score=100"
"palopegteriparatide","palopegteriparatide","accepted","auto-accepted score=100"
"efavaleukin alfa","efavaleukin alfa","accepted","auto-accepted score=100"
"crizanlizumab","crizanlizumab","accepted","auto-accepted score=100"
"rofecoxib","robenacoxib","accepted","auto-accepted review 80-89"
"raloxifene hydrochloride","raloxifene hydrochloride","accepted","auto-accepted score=100"
"odevixibat","odevixibat","accepted","auto-accepted score=100"
"glucarpidase","glucarpidase","accepted","auto-accepted score=100"
"lutikizumab","lebrikizumab","accepted","auto-accepted review 80-89"
"sars-cov-2 recombinant spike protein sars-cov-2 rs drug substance","sars-cov","accepted","auto-accepted score 90-94"
"methyl s-2-2-2,6 difluoro-4-methylcarbomoyl phenyl-7-methylimidazo 1,2-alpyridin-3-yl methyl morpholine-4-carboxylate","menthol","accepted","auto-accepted review 80-89"
"surufatinib","surufatinib","accepted","auto-accepted score=100"
"oxycodone orion","oxycodone","accepted","auto-accepted score=100"
"berzosertib","beroterkib","accepted","auto-accepted review 80-89"
"defactinib","alectinib","accepted","auto-accepted review 80-89"
"cannabidiol","cannabidiol","accepted","auto-accepted score=100"
"subasumstat","subasumstat","accepted","auto-accepted score=100"
"naproxen gel 0,1g","naproxen","accepted","auto-accepted score=100"
"fremanezumab","fremanezumab","accepted","auto-accepted score=100"
"mogamulizumab","mogamulizumab","accepted","auto-accepted score=100"
"tofersen","tofersen","accepted","auto-accepted score=100"
"onilcamotide","linaclotide","accepted","auto-accepted review 80-89"
"metolazone","ceftolozane","accepted","auto-accepted review 80-89"
"amlodipine besilate","amlodipine besilate","accepted","auto-accepted score=100"
"enoblituzumab","elotuzumab","accepted","auto-accepted review 80-89"
"retifanlimab","retifanlimab","accepted","auto-accepted score=100"
"fentanyl hameln","fentanyl","accepted","auto-accepted score=100"
"trilaciclib dihydrochloride","trilaciclib","accepted","auto-accepted score=100"
"derazantinib","derazantinib","accepted","auto-accepted score=100"
"sodium nitrite","sodium nitrite","accepted","auto-accepted score=100"
"ropivacaine hydrochloride","ropivacaine hydrochloride","accepted","auto-accepted score=100"
"esflurbiprofen","flurbiprofen","accepted","auto-accepted score>=95"
"pralsetinib","pralsetinib","accepted","auto-accepted score=100"
"r-ketamine","ketamine","accepted","auto-accepted score 90-94"
"ciltacabtagene autoleucel","ciltacabtagene autoleucel","accepted","auto-accepted score=100"
"selumetinib sulfate","selumetinib sulfate","accepted","auto-accepted score=100"
"teriparatide biosimilar","teriparatide","accepted","auto-accepted score=100"
"galicaftor","ivacaftor","accepted","auto-accepted review 80-89"
"lasofoxifene tartrate","lasofoxifene tartrate","accepted","auto-accepted score=100"
"remdesivir","remdesivir","accepted","auto-accepted score=100"
"onasemnogene abeparvovec","onasemnogene abeparvovec","accepted","auto-accepted score=100"
"favipiravir hu 200 mg hard capsules","favipiravir","accepted","auto-accepted score=100"
"befiradol","befiradol","accepted","auto-accepted score=100"
"nadolol","landiolol","accepted","auto-accepted review 80-89"
"midazolam cloridrato","midazolam","accepted","auto-accepted score=100"
"linerixibat","linerixibat","accepted","auto-accepted score=100"
"naldemedine 0.2mg film-coated tablet","naldemedine","accepted","auto-accepted score=100"
"artesunate","artesunate","accepted","auto-accepted score=100"
"ripretinib","ripretinib","accepted","auto-accepted score=100"
"trilaciclib dicloridrato","trilaciclib","accepted","auto-accepted score=100"
"trilaciclib dihydrochloride","trilaciclib","accepted","auto-accepted score=100"
"cannabinol","cannabidiol","accepted","auto-accepted score 90-94"
"voretigene neparvovec","voretigene neparvovec","accepted","auto-accepted score=100"
"bicarbonate de sodium","bicarbonate","accepted","auto-accepted score=100"
"carbocysteine","carbocysteine","accepted","auto-accepted score=100"
"zinc acexamate","zinc acetate","accepted","auto-accepted review 80-89"
"xylometazoline","xylometazoline","accepted","auto-accepted score=100"
"cocaine","cocaine","accepted","auto-accepted score=100"
"sotrovimab proposed inn","sotrovimab","accepted","auto-accepted score=100"
"oxygen 100","oxygen","accepted","auto-accepted score=100"
"begelomab","begelomab","accepted","auto-accepted score=100"
"avx001","avx-001","accepted","auto-accepted score>=95"
"lutetium 177lu-edotreotide","lutetium (177lu) oxodotreotide","accepted","auto-accepted review 80-89"
"domiphen bromide","clomiphene","accepted","auto-accepted review 80-89"
"senaparib","niraparib","accepted","auto-accepted review 80-89"
"sebetralstat","sebetralstat","accepted","auto-accepted score=100"
"magnesium gluconate  atc a12cc03","magnesium","accepted","auto-accepted score=100"
"zilebesiran","elebsiran","accepted","auto-accepted review 80-89"
"chlorpromazine","chlorpromazine","accepted","auto-accepted score=100"
"deudextromethorphan hydrobromide","dextromethorphan hydrobromide","accepted","auto-accepted score 90-94"
"quinidine sulfate","quinine","accepted","auto-accepted score 90-94"
"spermidine","meperidine","accepted","auto-accepted review 80-89"
"afamelanotide 16 mg implant","afamelanotide","accepted","auto-accepted score=100"
"pioglitazone cloridrato","pioglitazone","accepted","auto-accepted score=100"
"flecainide acetate","flecainide","accepted","auto-accepted score=100"
"paltusotine free base","paltusotine","accepted","auto-accepted score=100"
"emactuzumab","alemtuzumab","accepted","auto-accepted review 80-89"
"follitropin delta","follitropin delta","accepted","auto-accepted score=100"
"cafedrine hydrochloride","caffeine","accepted","auto-accepted review 80-89"
"temelimab","tremelimumab","accepted","auto-accepted score 90-94"
"daprodustat","daprodustat","accepted","auto-accepted score=100"
"iptacopan","iptacopan","accepted","auto-accepted score=100"
"enobosarm","enobosarm","accepted","auto-accepted score=100"
"toremifene","toremifene","accepted","auto-accepted score=100"
"iberdomide","iberdomide","accepted","auto-accepted score=100"
"amoxicillin and clavulanic acid","amoxicillin","accepted","auto-accepted score=100"
"censavudine","censavudine","accepted","auto-accepted score=100"
"lysine acetate","lysine","accepted","auto-accepted score=100"
"taurine","taurine","accepted","auto-accepted score=100"
"bomedemstat","bomedemstat","accepted","auto-accepted score=100"
"tilmanocept","tilmanocept","accepted","auto-accepted score=100"
"raloxifene cloridrato","raloxifene","accepted","auto-accepted score=100"
"cobitolimod","cobitolimod sodium","accepted","auto-accepted review 80-89"
"donidalorsen","donidalorsen","accepted","auto-accepted score=100"
"casirivimab e imdevimab","casirivimab","accepted","auto-accepted score=100"
"morphine hcl sterop","morphine","accepted","auto-accepted score=100"
"marcaine hyperbare","amsacrine","accepted","auto-accepted review 80-89"
"single-stranded, 5-capped messenger rna mrna produced using a cell-free in vitro transcription from the corresponding dna templates, encoding the v","single-stranded, 5'-capped messenger rna (mrna) produced using a cell-free in vitro transcription from the corresponding dna templates, encoding the viral spike (s) protein of sars-cov-2","accepted","auto-accepted score 90-94"
"crovalimab","crovalimab","accepted","auto-accepted score=100"
"angiotensin ii","angiotensin ii acetate","accepted","auto-accepted review 80-89"
"dexketoprofeno","dexketoprofen","accepted","auto-accepted score>=95"
"dexmedetomidina","dexmedetomidine","accepted","auto-accepted score>=95"
"imgatuzumab","nimotuzumab","accepted","auto-accepted review 80-89"
"latanoprost and timolol","latanoprost","accepted","auto-accepted score=100"
"fosfomycin hexal","fosfomycin","accepted","auto-accepted score=100"
"benzathine benzylpenicilline sandoz","benzathine benzylpenicillin","accepted","auto-accepted score 90-94"
"aficamten","aficamten","accepted","auto-accepted score=100"
"pramipexole 1 a farma","pramipexole","accepted","auto-accepted score=100"
"sars-cov-2 mrna","sars-cov","accepted","auto-accepted score 90-94"
"ropivacaine hcl","ropivacaine","accepted","auto-accepted score=100"
"tovorafenib","tovorafenib","accepted","auto-accepted score=100"
"epoietine alfa","epoetin alfa","accepted","auto-accepted score 90-94"
"ferumoxtran-10 lyophilisate","ferumoxtran","accepted","auto-accepted score 90-94"
"brodalumab","brodalumab","accepted","auto-accepted score=100"
"luvadaxistat","luvadaxistat","accepted","auto-accepted score=100"
"daridorexant","adriforant","accepted","auto-accepted review 80-89"
"daridorexant","adriforant","accepted","auto-accepted review 80-89"
"tirofiban hydrochloride monohydrate","tirofiban","accepted","auto-accepted score=100"
"esmolol hydrochloride","esmolol hydrochloride","accepted","auto-accepted score=100"
"ampicilin","ampicillin","accepted","auto-accepted score>=95"
"edavarone","edaravone","accepted","auto-accepted score>=95"
"pemafibrate","bezafibrate","accepted","auto-accepted review 80-89"
"trimethoprim lactate","trimethoprim","accepted","auto-accepted score=100"
"reteplase","reteplase","accepted","auto-accepted score=100"
"sotrovimab","sotrovimab","accepted","auto-accepted score=100"
"casirivimab","casirivimab","accepted","auto-accepted score=100"
"pyridostigmine bromide","rivastigmine","accepted","auto-accepted review 80-89"
"imdevimab","imdevimab","accepted","auto-accepted score=100"
"ambroxol cloridrato","ambroxol","accepted","auto-accepted score=100"
"furazidin","furazidine","accepted","auto-accepted score>=95"
"levobupivakaiini","levobupivacaine","accepted","auto-accepted review 80-89"
"colchicine cf 0,5 mg","colchicine","accepted","auto-accepted score=100"
"suvratoxumab","suvratoxumab","accepted","auto-accepted score=100"
"linsitinib","linsitinib","accepted","auto-accepted score=100"
"lanifibranor","lanifibranor","accepted","auto-accepted score=100"
"lerociclib","lerociclib","accepted","auto-accepted score=100"
"acetazolamide","acetazolamide","accepted","auto-accepted score=100"
"chlorthalidone","chlorthalidone","accepted","auto-accepted score=100"
"ropivacain-hydrochlorid","ropivacaine hydrochloride","accepted","auto-accepted score>=95"
"bezlotoxumab","bezlotoxumab","accepted","auto-accepted score=100"
"fibrinogenum humanum","fibrinogen, human","accepted","auto-accepted score 90-94"
"3,4- methylenedioxymethamphetamine hydrochloride","methylenedioxymethamphetamine","accepted","auto-accepted review 80-89"
"proteina d surfattante umana ricombinante","protein c","accepted","auto-accepted review 80-89"
"retifanimab","retifanlimab","accepted","auto-accepted score>=95"
"lidocaine 1","lidocaine","accepted","auto-accepted score=100"
"fluorocolina 18f","18f-fluorocholine","accepted","auto-accepted review 80-89"
"18f jk-psma-7","18f-psma-1007","accepted","auto-accepted review 80-89"
"tolperisone hydrochloride","olopatadine hydrochloride","accepted","auto-accepted review 80-89"
"bempedoic acid","bempedoic acid","accepted","auto-accepted score=100"
"bicarbonate de sodium 4,2","bicarbonate","accepted","auto-accepted score=100"
"exenatide acetate","exenatide","accepted","auto-accepted score=100"
"cabotegravir","cabotegravir","accepted","auto-accepted score=100"
"cilgavimab","cilgavimab","accepted","auto-accepted score=100"
"tiksagevimab","tixagevimab","accepted","auto-accepted score 90-94"
"sars-cov-2 virus, beta-propiolactone inactivated","sars-cov","accepted","auto-accepted score 90-94"
"cpg-1018","pg-110","accepted","auto-accepted review 80-89"
"nirsevimab","nirsevimab","accepted","auto-accepted score=100"
"amitriptyline hydrochloride hcl","amitriptyline","accepted","auto-accepted score=100"
"vorhyaluronidase alfa","hyaluronidase","accepted","auto-accepted review 80-89"
"mepivacaine 2","mepivacaine","accepted","auto-accepted score=100"
"1 lidocaine hydrochloride","lidocaine hydrochloride","accepted","auto-accepted score 90-94"
"teclistamab","teclistamab","accepted","auto-accepted score=100"
"temelimab","tremelimumab","accepted","auto-accepted score 90-94"
"albutein 5","lutein","accepted","auto-accepted score 90-94"
"atomoxetina","atomoxetine","accepted","auto-accepted score 90-94"
"filgotinib","filgotinib","accepted","auto-accepted score=100"
"choriogonadotropin beta","choriogonadotropin alfa","accepted","auto-accepted score 90-94"
"methocarbamol","methocarbamol","accepted","auto-accepted score=100"
"glucagon novo nordisk","glucagon","accepted","auto-accepted score=100"
"bupivacaine 0,5 isobaric","bupivacaine","accepted","auto-accepted score=100"
"thiamine nitrate","thiamine","accepted","auto-accepted score=100"
"progesterone, micronised","progesterone","accepted","auto-accepted score=100"
"varnimcabtagene autoleucel","rapcabtagene autoleucel","accepted","auto-accepted review 80-89"
"giltiretinib","gilteritinib","accepted","auto-accepted score>=95"
"magnesiumsulphate","magnesium sulfate","accepted","auto-accepted score 90-94"
"trospium chloride","potassium chloride","accepted","auto-accepted score 90-94"
"zilovertamab","zilovertamab vedotin","accepted","auto-accepted review 80-89"
"recombinant human monoclonal igg1 antibody","recombinant human monoclonal antibody to hsp","accepted","auto-accepted review 80-89"
"chloride ion","chlorin e6","accepted","auto-accepted review 80-89"
"deferoxamine mesilate","deferoxamine","accepted","auto-accepted score=100"
"ltx-109 hydrogel 3 w","ltx-109","accepted","auto-accepted score=100"
"losartan potassico","losartan","accepted","auto-accepted score=100"
"albutein","lutein","accepted","auto-accepted score 90-94"
"tominersen","inotersen","accepted","auto-accepted review 80-89"
"tivanisiran","tivanisiran","accepted","auto-accepted score=100"
"prilocaine hydrochloride","prilocaine","accepted","auto-accepted score=100"
"serplulimab","serplulimab","accepted","auto-accepted score=100"
"linaprazan glurate hydrochloride, 100 mg oral tablets","linaprazan glurate","accepted","auto-accepted review 80-89"
"metoprolol tartrate","metoprolol","accepted","auto-accepted score=100"
"medroxiprogesterona","medroxyprogesterone","accepted","auto-accepted score 90-94"
"lumasiran","lumasiran","accepted","auto-accepted score=100"
"sars-cov-2, b.1.351 variant, prefusion spike delta tm protein, recombinant","sars-cov","accepted","auto-accepted score 90-94"
"gadoteric acid","gadoteric acid","accepted","auto-accepted score=100"
"balcinrenone","balcinrenone","accepted","auto-accepted score=100"
"cetuxmab","cetuximab","accepted","auto-accepted score>=95"
"polymyxin b","polymyxin b","accepted","auto-accepted score=100"
"methoxyflurane 99.9","methoxyflurane","accepted","auto-accepted score=100"
"rilzabrutinib","rilzabrutinib","accepted","auto-accepted score=100"
"eftilagimod alfa","eftilagimod alfa","accepted","auto-accepted score=100"
"benzylpenicilline","benzylpenicillin","accepted","auto-accepted score>=95"
"nemvaleukin alfa","efavaleukin alfa","accepted","auto-accepted review 80-89"
"morphine hcl","morphine","accepted","auto-accepted score=100"
"marcaine hyperbare","amsacrine","accepted","auto-accepted review 80-89"
"mitiperstat","mitiperstat","accepted","auto-accepted score=100"
"hydroxypropylbetadex","2-hydroxypropyl-beta-cyclodextrin","accepted","auto-accepted review 80-89"
"gentamicin sulfate","gentamicin","accepted","auto-accepted score=100"
"ondansetron bluefish 8 mg tabletter, filmdrasjerte","ondansetron","accepted","auto-accepted score=100"
"metoclopramide accord 10 mg tabletter","metoclopramide","accepted","auto-accepted score=100"
"calcium chloride hexahydrate","caplacizumab","accepted","auto-accepted review 80-89"
"colesevelam","colesevelam","accepted","auto-accepted score=100"
"porfimer sodium","porfimer sodium","accepted","auto-accepted score=100"
"iomeron 350 mg i","iomeprol","accepted","auto-accepted review 80-89"
"atenolol orifarm 50 mg tabletter","atenolol","accepted","auto-accepted score=100"
"diclofenacnatrium aurobindo 50 mg, maagsapresistente tabletten.","diclofenac","accepted","auto-accepted review 80-89"
"midazolam aurobindo 5 mg","midazolam","accepted","auto-accepted score=100"
"microcrystalline cellulose ph eur, in hypromellose capsules","microcrystalline cellulose","accepted","auto-accepted review 80-89"
"lansoprazole 30mg orodispersible tablets","lansoprazole","accepted","auto-accepted score=100"
"eptacog alfa (activated)","eptacog alfa (activated)","accepted","auto-accepted score=100"
"pentosan polysulfate sodium","pentosan polysulfate sodium","accepted","auto-accepted score=100"
"panadol novum 500 mg potahované tablety","tapentadol","accepted","auto-accepted review 80-89"
"linezolid tablets 600mg","linezolid","accepted","auto-accepted score=100"
"rupatadine 1 mg","rupatadine","accepted","auto-accepted score=100"
"cetirizine dihydrochloride 10 mg film-coated tablets","cetirizine","accepted","auto-accepted score=100"
"loratadine 5 mg","loratadine","accepted","auto-accepted score=100"
"melatonin agb 5 mg tabletter","melatonin","accepted","auto-accepted score=100"
"orlistat stada 120 mg hårda kapslar","orlistat","accepted","auto-accepted score=100"
"brepocitinib","abrocitinib","accepted","auto-accepted score 90-94"
"dexketoprofeno normon 25 mg comprimidos recubiertos con película efg","dexketoprofen","accepted","auto-accepted score>=95"
"tramadol normon 50 mg cápsulas duras efg","tramadol","accepted","auto-accepted score=100"
"tramadol normon 100 mg cápsulas duras","tramadol","accepted","auto-accepted score=100"
"iodine ioflupane (123i)","iodine","accepted","auto-accepted score=100"
"metoclopramide hydrochloride","metoclopramide","accepted","auto-accepted score=100"
"brexpiprazole fumarate","brexpiprazole","accepted","auto-accepted score=100"
"methylprednisolut 16 mg","methylprednisolone","accepted","auto-accepted score 90-94"
"methylprednisolut 1000 mg","methylprednisolone","accepted","auto-accepted score 90-94"
"methylprednisolut 32 mg","methylprednisolone","accepted","auto-accepted score 90-94"
"methylprednisolut 250 mg","methylprednisolone","accepted","auto-accepted score 90-94"
"betadine 10 pour cent, solution pour bain de bouche","betaine","accepted","auto-accepted score>=95"
"betadine 10 pour cent, gel","betaine","accepted","auto-accepted score>=95"
"betadine scrub 4 pour cent, solution pour application cutanée (moussante)","betaine","accepted","auto-accepted score>=95"
"tetralite","tetracycline","accepted","auto-accepted review 80-89"
"dobutamine panpharma 250 mg","dobutamine","accepted","auto-accepted score=100"
"bevitine 100 mg","telbivudine","accepted","auto-accepted review 80-89"
"clesrovimab","clesrovimab","accepted","auto-accepted score=100"
"thiamine (vit b1)","thiamine","accepted","auto-accepted score=100"
"microcrystalline cellulose with the same size and colour as the active drug","microcrystalline cellulose","accepted","auto-accepted review 80-89"
"calcium folinate sandoz 10 mg","calcium folinate","accepted","auto-accepted score 90-94"
"heparine choay 25 000 ui","heparin","accepted","auto-accepted score>=95"
"resatorvid (tak-242) concentrate for solution for infusion","resatorvid","accepted","auto-accepted score=100"
"ml) solution for injection filgrastim","filgrastim","accepted","auto-accepted review 80-89"
"azithromycin ""sandoz"", filmovertrukne tabletter","azithromycin","accepted","auto-accepted score=100"
"azithromycin ”stada”, filmovertrukne tabletter","azithromycin","accepted","auto-accepted score=100"
"azithromycin ”jubilant”, filmovertrukne tabletter","azithromycin","accepted","auto-accepted score=100"
"somapacitan 15 mg","somapacitan","accepted","auto-accepted score=100"
"sodiumchloride","sodium chloride","accepted","auto-accepted score>=95"
"ondansetron fresenius kabi 2 mg","ondansetron","accepted","auto-accepted score=100"
"alogliptin","alogliptin","accepted","auto-accepted score=100"
"pilocarpine hydrochloride","clomipramine hydrochloride","accepted","auto-accepted score 90-94"
"oxigen medicinal comprimat  gaz medicinal comprimat","oxygen","accepted","auto-accepted review 80-89"
"torecan 6,5 mg obalené tablety","toceranib","accepted","auto-accepted review 80-89"
"dexmedetomidine ever pharma 100 micrograms","dexmedetomidine","accepted","auto-accepted score=100"
"folinate eg 100mg","fezolinetant","accepted","auto-accepted review 80-89"
"protamine","protamine","accepted","auto-accepted score=100"
"encaleret gen1","encaleret","accepted","auto-accepted score=100"
"encaleret tablets (gen2)","encaleret","accepted","auto-accepted score=100"
"calcium acetate anhydrous","caplacizumab","accepted","auto-accepted review 80-89"
"modafinil generis 100 mg comprimidos","modafinil","accepted","auto-accepted score=100"
"allopurinol oe capsule","allopurinol","accepted","auto-accepted score=100"
"sufenta 10 microgrammes","sufentanil","accepted","auto-accepted score 90-94"
"ondansetron bluefish 8 mg munsönderfallande tabletter","ondansetron","accepted","auto-accepted score=100"
"palonosetron fresenius kabi 250 mikrogram injektionsvätska, lösning","palonosetron","accepted","auto-accepted score=100"
"metoclopramide ”orifarm”, tabletter","metoclopramide","accepted","auto-accepted score=100"
"olanzapine 5mg film-coated tablets","olanzapine","accepted","auto-accepted score=100"
"testosterone 1.62%; transdermal gel metered-dose pump","testosterone","accepted","auto-accepted score=100"
"avibactam 600 mg powder for concentrate for solution for infusion","avibactam","accepted","auto-accepted score=100"
"propylene glycol","propylene glycol","accepted","auto-accepted score=100"
"fludara 50 mg, poudre pour solution injectable ou perfusion","fludarabine","accepted","auto-accepted review 80-89"
"levofloxacin 500 mg film-coated tablets","levofloxacin","accepted","auto-accepted score=100"
"cotrimoxazol al sulfamethoxazol 400 mg","co-trimoxazole","accepted","auto-accepted score>=95"
"trimethoprim 80 mg pro tablette","trimethoprim","accepted","auto-accepted score=100"
"clindamycin 300mg capsules, hard","clindamycin","accepted","auto-accepted score=100"
"ciprofloxacin-ratiopharm® 500 mg filmtabletten","ciprofloxacin","accepted","auto-accepted review 80-89"
"doxycycline aurobindo disper 100 mg, tabletten.","doxycycline","accepted","auto-accepted score=100"
"belatacept","belatacept","accepted","auto-accepted score=100"
"celecoxib eg 200 mg capsules, hard","celecoxib","accepted","auto-accepted score=100"
"nitric oxide nasal spray (nons)","nitric oxide","accepted","auto-accepted review 80-89"
"ebastine-dummy.","ebastine","accepted","auto-accepted review 80-89"
"ebastine teva 20 mg filmtabletten","ebastine","accepted","auto-accepted score=100"
"glucagon novo nordisk 1 mg pulver och vätska till injektionsvätska, lösning","glucagon","accepted","auto-accepted score=100"
"miflonide breezhaler, inhalationspulver, hård kapsel","amiloride","accepted","auto-accepted review 80-89"
"sterile 0.9% nacl solution for intravesical instillation.","serine","accepted","auto-accepted review 80-89"
"roxadustat 5 mg azo-dye free tablets","roxadustat","accepted","auto-accepted score=100"
"roxadustat 50 mg azo-dye free tablets","roxadustat","accepted","auto-accepted score=100"
"roxadustat 20 mg azo-dye free tablets","roxadustat","accepted","auto-accepted score=100"
"hydroxyzine hydrochloride","hydroxyzine","accepted","auto-accepted score=100"
"cetirizine dihydrochloride","cetirizine","accepted","auto-accepted score=100"
"genotropin® miniquick 0,2 mg - pulver und lösungsmittel zur herstellung einer injektionslösung","menotropins","accepted","auto-accepted score 90-94"
"lansoprazole mylan pharma 15 mg, gélule gastro-résistante","lansoprazole","accepted","auto-accepted score=100"
"kalciumfolinat stada 10 mg","calcium folinate","accepted","auto-accepted review 80-89"
"tiaprofenic acid","pamidronic acid","accepted","auto-accepted review 80-89"
"albutein 50 g","lutein","accepted","auto-accepted score 90-94"
"mitomycin medac 40 mg powder and solvent for intravesical solution","mitomycin","accepted","auto-accepted score=100"
"sterile water for injection, 0.92 ml (prefilled syringe)","serine","accepted","auto-accepted review 80-89"
"astegolimab","atezolizumab","accepted","auto-accepted review 80-89"
"spironolactone ""accord"", filmovertrukne tabletter","spironolactone","accepted","auto-accepted score=100"
"eplerenon ""stada"", filmovertrukne tabletter","eplerenone","accepted","auto-accepted score>=95"
"givinostat 50 mg capsules","givinostat","accepted","auto-accepted score=100"
"givinostat 100 mg capsules","givinostat","accepted","auto-accepted score=100"
"givinostat 75 mg capsules","givinostat","accepted","auto-accepted score=100"
"bupivacaine baxter 5 mg","bupivacaine","accepted","auto-accepted score=100"
"mepivacaine accord 10 mg","mepivacaine","accepted","auto-accepted score=100"
"lidocaine accord 10 mg","lidocaine","accepted","auto-accepted score=100"
"mepivacaine, combinations","mepivacaine","accepted","auto-accepted score=100"
"fludara 50 mg poudre pour solution injectable ou poudre pour solution pour perfusion","fludarabine","accepted","auto-accepted review 80-89"
"topotecanum accord, 1 mg","topotecan","accepted","auto-accepted score 90-94"
"bimatoprost sr","bimatoprost","accepted","auto-accepted score=100"
"20-hydroxyecdysone","20-hydroxyecdysone","accepted","auto-accepted score=100"
"mogamulizumab","mogamulizumab","accepted","auto-accepted score=100"
"deucravacitinib 3 mg tablet","deucravacitinib","accepted","auto-accepted score=100"
"deucravacitinib 12 mg tablet","deucravacitinib","accepted","auto-accepted score=100"
"ibuprofen 400 mg, tabletten","ibuprofen","accepted","auto-accepted score=100"
"deucravacitinib 2 mg sachet","deucravacitinib","accepted","auto-accepted score=100"
"deucravacitinib 3 mg sachet","deucravacitinib","accepted","auto-accepted score=100"
"deucravacitinib 1 mg sachet","deucravacitinib","accepted","auto-accepted score=100"
"biib091","biib-015","accepted","auto-accepted review 80-89"
"nuvisertib","galunisertib","accepted","auto-accepted review 80-89"
"lacosamide prd236256","lacosamide","accepted","auto-accepted score=100"
"metronidazole tablets 500 mg","metronidazole","accepted","auto-accepted score=100"
"mifepristone 50mg","mifepristone","accepted","auto-accepted score=100"
"microcrystalline cellulose, sodium chloride, magnesium stearate","microcrystalline cellulose","accepted","auto-accepted review 80-89"
"methotrexat-gry® 50 mg","methotrexate","accepted","auto-accepted review 80-89"
"prednesol 5mg tablets","prednisolone","accepted","auto-accepted review 80-89"
"rifaximin 40 mg soluble solid dispersion immediate release tablets (ssd-40ir)","rifaximin","accepted","auto-accepted score=100"
"ondansetron hydrochloride dihydrate","ondansetron","accepted","auto-accepted score=100"
"carvedilol mylan 25 mg, filmomhulde tabletten","carvedilol","accepted","auto-accepted score=100"
"prothromplex total®","prothrombin complex","accepted","auto-accepted review 80-89"
"coagulation factor ix, ii, vii and x in combination","coagulation factor x","accepted","auto-accepted review 80-89"
"lorazepam aurobindo 1 mg, tabletten","lorazepam","accepted","auto-accepted score=100"
"valsartán normon 97 mg","valsartan","accepted","auto-accepted score 90-94"
"tenofovir disoproxil tillomed 200 mg","tenofovir disoproxil","accepted","auto-accepted score 90-94"
"tenofovir disoproxilo aurovitas 200 mg","tenofovir disoproxil fumarate","accepted","auto-accepted review 80-89"
"calcium arrow 500 mg, comprimé à sucer","caplacizumab","accepted","auto-accepted review 80-89"
"methylthioniniumchlorid proveblue","methylthioninium chloride","accepted","auto-accepted score>=95"
"heparin leo, injektionsvske, oplsning 5.000 ie","heparin","accepted","auto-accepted score=100"
"ketotifen 0.5 mg","ketotifen","accepted","auto-accepted score=100"
"glatiramyl 20 mg","glatiramer","accepted","auto-accepted review 80-89"
"glatiramyl 40 mg","glatiramer","accepted","auto-accepted review 80-89"
"exagamglogene autotemcel
dispersion for infusion","exagamglogene autotemcel","accepted","auto-accepted score=100"
"perampanel 12 mg film-coated tablets","perampanel","accepted","auto-accepted score=100"
"elacestrant 400mg","elacestrant","accepted","auto-accepted score=100"
"teicoplanin hikma 400 mg powder for solution for injection","teicoplanin","accepted","auto-accepted score=100"
"midazolam hameln 5 mg","midazolam","accepted","auto-accepted score=100"
"fentanyl ”hameln”","fentanyl","accepted","auto-accepted score=100"
"morphine (chlorhydrate) lavoisier 10 mg","morphine","accepted","auto-accepted score=100"
"nalbuphine renaudin 20 mg","nalbuphine","accepted","auto-accepted score=100"
"suxamethonium aguettant 10 mg","suxamethonium","accepted","auto-accepted score=100"
"sufentanil viatris 5 microgrammes","sufentanil","accepted","auto-accepted score=100"
"melatonin ""agb"", tabletter","melatonin","accepted","auto-accepted score=100"
"hydrocortisone 10 mg tablets","hydrocortisone","accepted","auto-accepted score=100"
"apomorfin pharmswed 5 mg","apomorphine","accepted","auto-accepted review 80-89"
"lasofoxifene","lasofoxifene tartrate","accepted","auto-accepted review 80-89"
"tranexamic acid oral solution 5%","tranexamic acid","accepted","auto-accepted score 90-94"
"vitamin d3 400 iu capsules, soft","vitamin e","accepted","auto-accepted score 90-94"
"ramipril capsule, hard 10","ramipril","accepted","auto-accepted score=100"
"miostat 0,01 % intraokulare injektionslösung","camostat","accepted","auto-accepted review 80-89"
"apixabán normon 5 mg comprimidos recubiertos con película","apixaban","accepted","auto-accepted score 90-94"
"nitroglycerin ""dak"", sublinguale resoribletter","nitroglycerin","accepted","auto-accepted score=100"
"lum-201","alm-201","accepted","auto-accepted score 90-94"
"heparin léčiva injekční roztok","heparin","accepted","auto-accepted score=100"
"celecoxib oral suspension (10 mg","celecoxib","accepted","auto-accepted score=100"
"propranolol 40 mg film-coated tablets","propranolol","accepted","auto-accepted score=100"
"bezafibrate lp 400 mg","bezafibrate","accepted","auto-accepted score=100"
"idursulfase (idursulfase-it [hgt-2310])","idursulfase","accepted","auto-accepted score=100"
"perampanel 2 mg film-coated tablets","perampanel","accepted","auto-accepted score=100"
"paclitaxelum accord, 6 mg","paclitaxel","accepted","auto-accepted score 90-94"
"deucravacitinib 6 mg tablet","deucravacitinib","accepted","auto-accepted score=100"
"deucravacitinib 3 mg tablet","deucravacitinib","accepted","auto-accepted score=100"
"diclofenac al 25 diclofenac-natrium 25 mg pro magensaftresistente tablette","diclofenac","accepted","auto-accepted score=100"
"rocuronium b. braun 10 mg","rocuronium","accepted","auto-accepted score=100"
"levobupivacaine fresenius kabi 5 mg","levobupivacaine","accepted","auto-accepted score=100"
"tradonal, 100 mg, solution injectable","tramadol","accepted","auto-accepted review 80-89"
"sufentanil mylan 5 mikrogramm","sufentanil","accepted","auto-accepted score=100"
"protamine sulfaat leo pharma 1400 anti-heparine ie","protamine","accepted","auto-accepted score=100"
"cefotaxime panpharma 1 g, poudre pour solution injectable (im-iv)","cefotaxime","accepted","auto-accepted score=100"
"remifentanil-hameln 1 mg, poeder voor concentraat voor oplossing voor injectie of infusie","remifentanil","accepted","auto-accepted review 80-89"
"ulipristal 30 mg tablet","ulipristal","accepted","auto-accepted score=100"
"etrasimod arginine","etrasimod arginine","accepted","auto-accepted score=100"
"clascoterone solution","clascoterone","accepted","auto-accepted score=100"
"acidum folicum léčiva 10 mg obalené tablety","aclidinium","accepted","auto-accepted review 80-89"
"retinol palmitate","retinol","accepted","auto-accepted score=100"
"chloroprocaine hydrochloride 30 mg","chloroprocaine","accepted","auto-accepted score=100"
"protamine choay 1000 u.a.h.","protamine","accepted","auto-accepted score=100"
"clindamycin tretinoin gel","clindamycin","accepted","auto-accepted score=100"
"acenocoumarol sandoz 1 mg, tabletten","acenocoumarol","accepted","auto-accepted score=100"
"volixibat","odevixibat","accepted","auto-accepted review 80-89"
"hydroxychloroquine sulfate 200 mg film-coated tablets","hydroxychloroquine","accepted","auto-accepted score=100"
"microcrystalline cellulose, sodium caprate","microcrystalline cellulose","accepted","auto-accepted review 80-89"
"microcrystalline cellulose, lactose monohydrate, magnesium stearate (non-bovine)","microcrystalline cellulose","accepted","auto-accepted review 80-89"
"estrogel 0,6 mg","estriol","accepted","auto-accepted review 80-89"
"estrogel® 0,6 mg","estriol","accepted","auto-accepted review 80-89"
"navtemadlin (krt-232)","navtemadlin","accepted","auto-accepted score=100"
"canadiol 100 mg cápsulas","cannabidiol","accepted","auto-accepted review 80-89"
"bimatoprost 0.1 mg","bimatoprost","accepted","auto-accepted score=100"
"teldipin, 80 mg + 5 mg, tabletki","felodipine","accepted","auto-accepted review 80-89"
"teldipin, 80 mg + 10 mg, tabletki","felodipine","accepted","auto-accepted review 80-89"
"teldipin, 40 mg + 5 mg, tabletki","felodipine","accepted","auto-accepted review 80-89"
"sufentanil mylan 50 microgrammes","sufentanil","accepted","auto-accepted score=100"
"anagrelide hydrochloride monohydrate","anagrelide","accepted","auto-accepted score=100"
"ampreloxetine tablets prepared with the same composition as imp, except for the drug substance .","reboxetine","accepted","auto-accepted review 80-89"
"ampreloxetine","reboxetine","accepted","auto-accepted review 80-89"
"sorvasta 20 mg filmsko obložene tablete","rosuvastatin","accepted","auto-accepted review 80-89"
"sorvasta 10 mg filmsko obložene tablete","rosuvastatin","accepted","auto-accepted review 80-89"
"sorvasta 40 mg filmsko obložene tablete","rosuvastatin","accepted","auto-accepted review 80-89"
"dobutamine generis 12.5 mg","dobutamine","accepted","auto-accepted score=100"
"azelastine","azelastine","accepted","auto-accepted score=100"
"mitomycin medac, 40 mg, pulver och vätska till intravesikal lösning","mitomycin","accepted","auto-accepted score=100"
"vancomycine sandoz 250 mg, poudre pour solution à diluer pour perfusion","vancomycin","accepted","auto-accepted score>=95"
"vancomycine mip 1000 mg, poudre pour solution pour perfusion","vancomycin","accepted","auto-accepted score>=95"
"vancomycine sandoz 125 mg, poudre pour solution à diluer pour perfusion","vancomycin","accepted","auto-accepted score>=95"
"vancomycine viatris 250 mg, poudre pour solution à diluer pour perfusion","vancomycin","accepted","auto-accepted score>=95"
"vancomycine mip 500 mg, poudre pour solution pour perfusion","vancomycin","accepted","auto-accepted score>=95"
"vancomycine viatris 1000 mg, poudre pour solution à diluer pour perfusion","vancomycin","accepted","auto-accepted score>=95"
"vancomycine hikma 500 mg, poudre pour solution à diluer pour perfusion","vancomycin","accepted","auto-accepted score>=95"
"vancomycine sandoz 1 g, poudre pour solution à diluer pour perfusion","vancomycin","accepted","auto-accepted score>=95"
"vancomycine viatris 125 mg, poudre pour solution à diluer pour perfusion","vancomycin","accepted","auto-accepted score>=95"
"vancomycine hikma 1000 mg, poudre pour solution à diluer pour perfusion","vancomycin","accepted","auto-accepted score>=95"
"vancomycine viatris 500 mg, poudre pour solution à diluer pour perfusion ou pour solution buvable","vancomycin","accepted","auto-accepted score>=95"
"abiraterona normon 500 mg comprimidos revestidos por película","abiraterone","accepted","auto-accepted score 90-94"
"spironolactone 25mg tablets","spironolactone","accepted","auto-accepted score=100"
"naproxen stada® 500 mg tabletten","naproxen","accepted","auto-accepted score=100"
"adagrasib","adagrasib","accepted","auto-accepted score=100"
"[14c]zipalertinib","zipalertinib","accepted","auto-accepted score 90-94"
"estradiol sandoz pleister 50 µg","estradiol","accepted","auto-accepted score=100"
"estradiol sandoz tablet 2 mg, filmomhulde tabletten","estradiol","accepted","auto-accepted score=100"
"estradiol sandoz pleister 100 µg","estradiol","accepted","auto-accepted score=100"
"cariban 10 mg","cytarabine","accepted","auto-accepted review 80-89"
"valsartán normon 49 mg","valsartan","accepted","auto-accepted score 90-94"
"amlodipine aurobindo 20 mg","amlodipine","accepted","auto-accepted score=100"
"amlodipine (als besilaat) sandoz 10 mg, tabletten","amlodipine","accepted","auto-accepted score=100"
"bicalutamid puren 50 mg filmtabletten","bicalutamide","accepted","auto-accepted score>=95"
"patiromer 2g powder for oral suspension","patiromer","accepted","auto-accepted score=100"
"patiromer 1g powder for oral suspension","patiromer","accepted","auto-accepted score=100"
"propofol ”b. braun” 10 mg","propofol","accepted","auto-accepted score=100"
"nalbuphine er","nalbuphine","accepted","auto-accepted score=100"
"alizapride","alizapride","accepted","auto-accepted score=100"
"atx-01","avx-001","accepted","auto-accepted review 80-89"
"selatogrel solution","salmeterol","accepted","auto-accepted review 80-89"
"esomeprazole magnesium","esomeprazole","accepted","auto-accepted score=100"
"cefotaxime mip 1 g, süste-","cefotaxime","accepted","auto-accepted score=100"
"ceftriaxone arrow 1 g","ceftriaxone","accepted","auto-accepted score=100"
"tirbanibulin","tirbanibulin","accepted","auto-accepted score=100"
"ceftriaxone viatris 1 g, poudre pour solution injectable","ceftriaxone","accepted","auto-accepted score=100"
"dexamphetamine sulfate","dexamfetamine","accepted","auto-accepted score 90-94"
"perflubutane, phospholipid microspheres","perflubutane","accepted","auto-accepted score=100"
"gentamicin panpharma 40 mg","gentamicin","accepted","auto-accepted score=100"
"rimegepant sulfate","rimegepant","accepted","auto-accepted score=100"
"patiromer calcium","patiromer","accepted","auto-accepted score=100"
"microcrystalline cellulose and xanthan gum","microcrystalline cellulose","accepted","auto-accepted review 80-89"
"biib115","biib-015","accepted","auto-accepted review 80-89"
"ibuprofen (arginate)-tramadol hcl 400-37.5 mg","ibuprofen","accepted","auto-accepted score=100"
"tramal 50 mg, injektionslösung","tramadol","accepted","auto-accepted score 90-94"
"moxifloxacine sandoz 400 mg, comprimé pelliculé","moxifloxacin","accepted","auto-accepted score>=95"
"capsules of maltodextrine","maltodextrin","accepted","auto-accepted review 80-89"
"dulotex 30 mg cápsulas duras gastrorresistentes efg","duloxetine","accepted","auto-accepted review 80-89"
"timolol micro labs 5 mg","timolol","accepted","auto-accepted score=100"
"timolol 0,5 % at - 1 a pharma, 5 mg","timolol","accepted","auto-accepted score=100"
"clochicine","colchicine","accepted","auto-accepted score>=95"
"carboplatin-teva 10 mg","carboplatin","accepted","auto-accepted score 90-94"
"ivermectin cream","ivermectin","accepted","auto-accepted score=100"
"tetracycline 250 mg tablets","tetracycline","accepted","auto-accepted score=100"
"ringer-lactat fresenius kabi","ringer's lactate","accepted","auto-accepted review 80-89"
"midazolam accord 1 mg","midazolam","accepted","auto-accepted score=100"
"ropivacaine 7.5 mg","ropivacaine","accepted","auto-accepted score=100"
"ondansetron zydus 8 mg, comprimé orodispersible","ondansetron","accepted","auto-accepted score=100"
"baclofen mylan 10 mg, tabletten","baclofen","accepted","auto-accepted score=100"
"baclofen mylan 25 mg, tabletten","baclofen","accepted","auto-accepted score=100"
"flutemetamol (18f)","flutemetamol (18f)","accepted","auto-accepted score=100"
"florbetaben (18f)","florbetaben (18f)","accepted","auto-accepted score=100"
"methylphenidate hydrochloride 5 mg tablets","methylphenidate hydrochloride","accepted","auto-accepted score=100"
"methylphenidate hydrochloride 10 mg tablets","methylphenidate hydrochloride","accepted","auto-accepted score=100"
"ciprofloxacin kabi 200 mg","ciprofloxacin","accepted","auto-accepted score=100"
"cortisone acetate","cortisone","accepted","auto-accepted score=100"
"barium sulfate","sodium sulfate","accepted","auto-accepted review 80-89"
"clonazepam orally disintegrating tablets, usp","clonazepam","accepted","auto-accepted score=100"
"[18f]-altanserin","18f-altanserin","accepted","auto-accepted score>=95"
"histidine-hcl, 275 mm trehalose dihydrate, 0.02% (w","histidine","accepted","auto-accepted score 90-94"
"brinzolamide-timolol","brinzolamide|timolol maleate","accepted","auto-accepted review 80-89"
"fasudil hyrdrochloride","enzastaurin hydrochloride","accepted","auto-accepted review 80-89"
"atropinesulfaat aguettant 0,1 mg","atropine sulfate","accepted","auto-accepted score 90-94"
"lidocaïne hcl b. braun 10 mg","lidocaine","accepted","auto-accepted review 80-89"
"cariprazine","cariprazine","accepted","auto-accepted score=100"
"promazine","pramoxine","accepted","auto-accepted review 80-89"
"thrombo ass 100 mg-filmtabletten","thrombin","accepted","auto-accepted review 80-89"
"carisbamate","carisbamate","accepted","auto-accepted score=100"
"atomoxetine","atomoxetine","accepted","auto-accepted score=100"
"desvenlafaxine","desvenlafaxine","accepted","auto-accepted score=100"
"leuproreline sandoz depot 3 maanden 5 mg, implantaat","leuprorelin","accepted","auto-accepted score>=95"
"piromelatine (neu-p11)","agomelatine","accepted","auto-accepted review 80-89"
"dextromethorphane elerte 1,5 mg","dextromethorphan","accepted","auto-accepted score>=95"
"radium (223ra) dichloride","radium (223ra) dichloride","accepted","auto-accepted score=100"
"bensylpenicillin meda 1 g respektive 3 g pulver till injektions","benzylpenicillin","accepted","auto-accepted score>=95"
"cloxacillin navamedic 2 g pulver till injektions-","cloxacillin","accepted","auto-accepted score=100"
"folinate de calcium aguettant 100 mg, poudre pour solution injectable","fezolinetant","accepted","auto-accepted review 80-89"
"vancomycin enterocaps® 250 mg, hartkapseln","vancomycin","accepted","auto-accepted score=100"
"rifamycin 1% in situ gelling solution (80 ml) for rectal administration","rifamycin","accepted","auto-accepted score=100"
"concizumab c 100 mg","concizumab","accepted","auto-accepted score=100"
"concizumab c 40 mg","concizumab","accepted","auto-accepted score=100"
"concizumab c 10 mg","concizumab","accepted","auto-accepted score=100"
"ferrotran lyophilisate","ferumoxtran","accepted","auto-accepted review 80-89"
"povetacicept injection","povetacicept","accepted","auto-accepted score=100"
"levobupivacaína kabi 2,5 mg","levobupivacaine","accepted","auto-accepted score 90-94"
"viltolarsen","lotilaner","accepted","auto-accepted review 80-89"
"molnupiravir","molnupiravir","accepted","auto-accepted score=100"
"dantrolene sodium semiheptahydrate","dantrolene","accepted","auto-accepted score=100"
"zolpidem viatris 10 mg comprimés pelliculés","zolpidem","accepted","auto-accepted score=100"
"sildenafil viatris 100 mg filmomhulde tabletten","sildenafil","accepted","auto-accepted score=100"
"sildenafil viatris 25 mg filmomhulde tabletten","sildenafil","accepted","auto-accepted score=100"
"sildenafil viatris 50 mg filmomhulde tabletten","sildenafil","accepted","auto-accepted score=100"
"levobupivacaína altan 2,5 mg","levobupivacaine","accepted","auto-accepted score 90-94"
"doxycycline eg 100 mg, comprimés","doxycycline","accepted","auto-accepted score=100"
"fucidine 250 mg, comprimé pelliculé","furazidine","accepted","auto-accepted review 80-89"
"vancomycin viatris 1 000 mg pulver till infusionsvätska, lösning","vancomycin","accepted","auto-accepted score=100"
"meropenem fresenius kabi 1 g pulver till injektionsvätska eller infusionsvätska, lösning","meropenem","accepted","auto-accepted score=100"
"bensylpenicillin meda 3 g pulver till injektions","benzylpenicillin","accepted","auto-accepted score>=95"
"cefotaxim stragen 1 g pulver till injektions- och infusionsvätska, lösning","cefotaxime","accepted","auto-accepted score>=95"
"selpercatinib","selpercatinib","accepted","auto-accepted score=100"
"tramadol hcl retard mylan 100 mg, tabletten met verlengde afgifte","tramadol","accepted","auto-accepted score=100"
"remifentanil-hameln 5 mg pulver für ein konzentrat zur herstellung einer injektions-","remifentanil","accepted","auto-accepted review 80-89"
"drospirenone and estetrol","drospirenone","accepted","auto-accepted score=100"
"levonorgestrel and ethinylestradiol","levonorgestrel","accepted","auto-accepted score=100"
"v sodium chloride injection","sodium chloride","accepted","auto-accepted review 80-89"
"glucagen®, hypokit met 1 mg poeder en oplosmiddel voor oplossing voor injectie","glucagon","accepted","auto-accepted score 90-94"
"scopolamine butylbromide kalceks 20 mg","scopolamine","accepted","auto-accepted score=100"
"nilutamide","flutamide","accepted","auto-accepted score 90-94"
"ammonium allergen (ammonium titanium oxide oxalate 21%)","ammonia","accepted","auto-accepted review 80-89"
"colchicine 500 microgram tablets","colchicine","accepted","auto-accepted score=100"
"mometasonfuroaat teva 50 microgram","mometasone furoate","accepted","auto-accepted score 90-94"
"levosimendan eql pharma 2,5mg","levosimendan","accepted","auto-accepted score=100"
"baclofen sintetica intrathecaal 0,5 mg","baclofen","accepted","auto-accepted score=100"
"obefazimod","obefazimod","accepted","auto-accepted score=100"
"lanifibranor","lanifibranor","accepted","auto-accepted score=100"
"metronidazole biogaran 500 mg, comprimé pelliculé","metronidazole","accepted","auto-accepted score=100"
"filgrastim hexal 30 mu","filgrastim","accepted","auto-accepted score=100"
"sodium chloride 0.9%, solution for infusion","sodium chloride","accepted","auto-accepted score 90-94"
"histidine hydrochloride, 70 mm
sodium chloride, 106 mm (4% [w","histidine","accepted","auto-accepted score=100"
"v)
polysorbate 80","polysorbate 80","accepted","auto-accepted score 90-94"
"glukose isotonisk ""sad"", injektions- og infusionsvæske, opløsning","glucose","accepted","auto-accepted score 90-94"
"promethazine","pyrimethamine","accepted","auto-accepted review 80-89"
"arbaclofen 10mg","baclofen","accepted","auto-accepted review 80-89"
"arbaclofen 5mg","baclofen","accepted","auto-accepted review 80-89"
"arbaclofen 15mg","baclofen","accepted","auto-accepted review 80-89"
"arbaclofen 20mg","baclofen","accepted","auto-accepted review 80-89"
"ondansetron morningside 4 mg orodispergeerbare tabletten","ondansetron","accepted","auto-accepted score=100"
"ondansetron 2 mg","ondansetron","accepted","auto-accepted score=100"
"sars-cov-2 virus, variants b.1.351-b.1.1.7, spike protein, receptor binding domain fusion heterodimer","sars-cov","accepted","auto-accepted score 90-94"
"zalunfiban","zalunfiban","accepted","auto-accepted score=100"
"olopatadine hydrochloride","olopatadine hydrochloride","accepted","auto-accepted score=100"
"gabapentin ”orifarm”, hårde kapsler","gabapentin","accepted","auto-accepted score=100"
"lamivudine viatris 600 mg","lamivudine","accepted","auto-accepted score=100"
"enterol 250 mg, gélules","clenbuterol","accepted","auto-accepted review 80-89"
"marcaine 2,5 mg","amsacrine","accepted","auto-accepted review 80-89"
"mrna-1647","mrna-0184","accepted","auto-accepted review 80-89"
"sodium chloride 0.9%, solution for injection","sodium chloride","accepted","auto-accepted score 90-94"
"dabrafenib mesylate","dabrafenib","accepted","auto-accepted score=100"
"aprepitant sandoz, 125 mg, kõvakapslid + aprepitant sandoz, 80 mg, kõvakapslid","aprepitant","accepted","auto-accepted score=100"
"lipiodol ultra-fluide, 480 mg i","lipiodol","accepted","auto-accepted score=100"
"articaine, combinations","articaine","accepted","auto-accepted score=100"
"perflutren, phospholipid microspheres","perflutren","accepted","auto-accepted score=100"
"maribavir","maribavir","accepted","auto-accepted score=100"
"sodium chloride 0.372% solution","sodium chloride","accepted","auto-accepted review 80-89"
"glucos fresenius kabi 200 mg","glucose","accepted","auto-accepted score>=95"
"hydroxyurea medac 500 mg kapsel, hard","hydroxyurea","accepted","auto-accepted score=100"
"rozanolixizumab,
also known as ucb7665","rozanolixizumab","accepted","auto-accepted score=100"
"tafamidis round 2","tafamidis","accepted","auto-accepted score=100"
"tafamidis round 1","tafamidis","accepted","auto-accepted score=100"
"tafamidis oblong","tafamidis","accepted","auto-accepted score=100"
"dexmedetomidine viatris 100 mikrog","dexmedetomidine","accepted","auto-accepted score=100"
"codeine phosphate hemihydrate accord 500 mg","codeine","accepted","auto-accepted score=100"
"colifin® 2 millionen i.e. pulver zur herstellung
 einer lösung für einen vernebler","colistin","accepted","auto-accepted review 80-89"
"citalopram abc 40 mg","citalopram","accepted","auto-accepted score=100"
"escitalopram doc 20 mg","citalopram","accepted","auto-accepted score 90-94"
"eldisine® 5 mg pulver zur herstellung einer injektionslösung vindesinsulfat","felodipine","accepted","auto-accepted review 80-89"
"thioguanin ""aspen""  40mg tabletten","thioguanine","accepted","auto-accepted score>=95"
"fluvastatina ratiopharm 80 mg comprimidos de liberación prolongada efg.","fluvastatin","accepted","auto-accepted score>=95"
"lovastatina cinfa 40 mg comprimidos efg","fluvastatin","accepted","auto-accepted review 80-89"
"mitomycine accord 40 mg, poeder voor oplossing voor injectie","mitomycin","accepted","auto-accepted score>=95"
"berzosertib (m6620)","beroterkib","accepted","auto-accepted review 80-89"
"loxapine","loxapine","accepted","auto-accepted score=100"
"ivacaftor 25 mg granules","ivacaftor","accepted","auto-accepted score=100"
"litiumkarbonat ""oba"", filmovertrukne tabletter","lithium carbonate","accepted","auto-accepted score 90-94"
"ibuprofen orifarm 600 mg filmdragerade tabletter","ibuprofen","accepted","auto-accepted score=100"
"vudalimab","durvalumab","accepted","auto-accepted review 80-89"
"brodalumab 70 mg","brodalumab","accepted","auto-accepted score=100"
"eldisine powder for solution for injection 5.0 mg","felodipine","accepted","auto-accepted review 80-89"
"fluoresceine faure 0,5 pour cent, collyre en solution en récipient unidose","fluorescein","accepted","auto-accepted score>=95"
"propofol fresenius 10 mg","propofol","accepted","auto-accepted score=100"
"albutein 50 g","lutein","accepted","auto-accepted score 90-94"
"betadine 5 pour cent, solution pour irrigation oculaire en récipient unidose","betaine","accepted","auto-accepted score>=95"
"remifentanil viatris 2 mg, poudre pour solution injectable ou pour perfusion","remifentanil","accepted","auto-accepted score=100"
"deferoxamine","deferoxamine","accepted","auto-accepted score=100"
"rusfertide 45mg","rusfertide","accepted","auto-accepted score=100"
"rusfertide 60mg","rusfertide","accepted","auto-accepted score=100"
"rusfertide 30mg","rusfertide","accepted","auto-accepted score=100"
"rusfertide 10mg","rusfertide","accepted","auto-accepted score=100"
"rusfertide 20mg","rusfertide","accepted","auto-accepted score=100"
"nirmatrelvir","nirmatrelvir|ritonavir","accepted","auto-accepted review 80-89"
"tetracycline capsules 250 mg","tetracycline","accepted","auto-accepted score=100"
"propofol b. braun 1 % (10 mg","propofol","accepted","auto-accepted score=100"
"ambrisentan viatris 5 mg film-coated tablets","ambrisentan","accepted","auto-accepted score=100"
"azathioprine tablets 50mg oprisine","azathioprine","accepted","auto-accepted score=100"
"histidine hydrochloride, 75 mm sodium chloride, 106 mm (4% [w","histidine","accepted","auto-accepted score=100"
"pilocarpine","prilocaine","accepted","auto-accepted score 90-94"
"brinzolamide, combinations","brinzolamide","accepted","auto-accepted score=100"
"betaxolol","bevantolol","accepted","auto-accepted review 80-89"
"timolol, combinations","timolol","accepted","auto-accepted score=100"
"voclosporin","voclosporin","accepted","auto-accepted score=100"
"roflumilast (daliresp®) 500µg","roflumilast","accepted","auto-accepted score=100"
"roflumilast (daliresp®) 250µg","roflumilast","accepted","auto-accepted score=100"
"midazolam medical valley 10 mg munhålelösning","midazolam","accepted","auto-accepted score=100"
"lorazepam orion 1 mg tabletter","lorazepam","accepted","auto-accepted score=100"
"sodium chloride 0.9 % w","sodium chloride","accepted","auto-accepted review 80-89"
"fosfomycine arrow 3 g, granulés pour solution buvable en sachet","fosfomycin","accepted","auto-accepted score>=95"
"sobril 15 mg tabletter","sorbitol","accepted","auto-accepted review 80-89"
"sobril 10 mg tabletter","sorbitol","accepted","auto-accepted review 80-89"
"sobril 25 mg tabletter","sorbitol","accepted","auto-accepted review 80-89"
"emactuzumab","alemtuzumab","accepted","auto-accepted review 80-89"
"atropine eye drops, solution (0.025% w","atropine","accepted","auto-accepted score=100"
"atropine eye drops, solution (0.05% w","atropine","accepted","auto-accepted score=100"
"levetiracetam viatris 100 mg","levetiracetam","accepted","auto-accepted score=100"
"menpenta sd","monepantel","accepted","auto-accepted review 80-89"
"menpenta fhd","monepantel","accepted","auto-accepted review 80-89"
"psilocybin capsules 15 mg","psilocybin","accepted","auto-accepted score=100"
"psilocybin capsules 25 mg","psilocybin","accepted","auto-accepted score=100"
"psilocybin capsules 1 mg","psilocybin","accepted","auto-accepted score=100"
"bepanthen® lösung 50 mg","dexpanthenol","accepted","auto-accepted review 80-89"
"testosterone gel 1%","testosterone","accepted","auto-accepted score=100"
"domperidon accord 10 mg, tabletten","domperidone","accepted","auto-accepted score>=95"
"metolazone","ceftolozane","accepted","auto-accepted review 80-89"
"acetazolamide 500mg powder for solution for injection","acetazolamide","accepted","auto-accepted score=100"
"dexrazoxane hydrochloride","dexrazoxane hydrochloride","accepted","auto-accepted score=100"
"bupivacaína b. braun 5 mg","bupivacaine","accepted","auto-accepted score 90-94"
"fezolinetant","fezolinetant","accepted","auto-accepted score=100"
"vinblastin stada 10 mg pulver zur herstellung einer injektionslösung","vinblastine","accepted","auto-accepted score>=95"
"vinblastinesulfaat 1 mg","vinblastine sulfate","accepted","auto-accepted score>=95"
"lidocaína b. braun 10 mg","lidocaine","accepted","auto-accepted review 80-89"
"diclofenac bluefish 50 mg enterotabletter","diclofenac","accepted","auto-accepted score=100"
"fludarabinefosfaat – pch 25 mg","fludarabine","accepted","auto-accepted review 80-89"
"furosemide 20mg tablets.","furosemide","accepted","auto-accepted score=100"
"tamsulosin krka 0,4 mg retardtabletten","tamsulosin","accepted","auto-accepted score=100"
"ibuprofen bluefish 400 mg film-coated tablets","ibuprofen","accepted","auto-accepted score=100"
"leflunomide cf 20 mg, filmomhulde tabletten","leflunomide","accepted","auto-accepted score=100"
"hydorxychloroquine 200mg","hydroxychloroquine","accepted","auto-accepted score>=95"
"hydroxychloroquinesulfaat 200 mg focus, filmomhulde tabletten","hydroxychloroquine","accepted","auto-accepted score 90-94"
"hydroxychloroquinesulfaat cf 200 mg, filmomhulde tabletten","hydroxychloroquine","accepted","auto-accepted score 90-94"
"leflunomide 20mg","leflunomide","accepted","auto-accepted score=100"
"leflunomide mylan 20 mg, filmomhulde tabletten","leflunomide","accepted","auto-accepted score=100"
"tenofovir disoproxil viatris 245 mg film-coated tablets","tenofovir disoproxil","accepted","auto-accepted score 90-94"
"entecavir krka 1 mg filmomhulde tabletten","entecavir","accepted","auto-accepted score=100"
"entecavir krka 0,5 mg filmomhulde tabletten","entecavir","accepted","auto-accepted score=100"
"remifentanil mylan 1 mg, poeder voor concentraat voor oplossing voor injectie of infusie","remifentanil","accepted","auto-accepted score=100"
"dexmedetomidina ever pharma 100 microgrammi","dexmedetomidine","accepted","auto-accepted score>=95"
"birtamimab","birtamimab","accepted","auto-accepted score=100"
"censavudine","censavudine","accepted","auto-accepted score=100"
"meclofenamate 50","etofenamate","accepted","auto-accepted review 80-89"
"meclofenamate 100","etofenamate","accepted","auto-accepted review 80-89"
"berotralstat","berotralstat","accepted","auto-accepted score=100"
"pacritinib","ceritinib","accepted","auto-accepted score 90-94"
"s-amlodipine tab (vam) 1.25 mg","amlodipine","accepted","auto-accepted score 90-94"
"amlodipine 2.5 mg","amlodipine","accepted","auto-accepted score=100"
"oxygen ph.eur.","oxygen","accepted","auto-accepted score=100"
"doxorubicin-ebewe, 2 mg","doxorubicin","accepted","auto-accepted review 80-89"
"mometasona cinfa 50 microgramos","mometasone","accepted","auto-accepted score 90-94"
"mometasona furoato kern pharma 50 microgramos suspensión para pulverización nasal","mometasone","accepted","auto-accepted score 90-94"
"colchicin ""tiofarma"", tabletter","colchicine","accepted","auto-accepted score>=95"
"hydrocortisone 1 % w","hydrocortisone","accepted","auto-accepted score=100"
"ropivacaine b. braun 10 mg","ropivacaine","accepted","auto-accepted score=100"
"tazobactam ""stada"", pulver til infusionsvæske, opløsning","tazobactam","accepted","auto-accepted score=100"
"syringe.","serine","accepted","auto-accepted review 80-89"
"eteplirsen (avi-4658)","eteplirsen","accepted","auto-accepted score=100"
"alisertib enteric-coated tablets","alisertib","accepted","auto-accepted score=100"
"release of unlabelled bulk imp for esr; product (strength","reteplase","accepted","auto-accepted review 80-89"
"belumosudil","belumosudil","accepted","auto-accepted score=100"
"hydroxychloroquine sulfate 200mg film-coated tablets","hydroxychloroquine","accepted","auto-accepted score=100"
"leflunomide aurobindo 20 mg compresse rivestite con film","leflunomide","accepted","auto-accepted score=100"
"sulfasalazine 500 mg tablets","sulfasalazine","accepted","auto-accepted score=100"
"tasquinimod 0.5 mg","laquinimod","accepted","auto-accepted score 90-94"
"tasquinimod 0.25 mg","laquinimod","accepted","auto-accepted score 90-94"
"tasquinimod 1 mg","laquinimod","accepted","auto-accepted score 90-94"
"carvedilol normon 6.25 mg tablets efg.","carvedilol","accepted","auto-accepted score=100"
"donepezil arrow 5 mg, comprimé pelliculé","donepezil","accepted","auto-accepted score=100"
"donepezil biogaran 5 mg, comprimé pelliculé","donepezil","accepted","auto-accepted score=100"
"atropine 1 pour cent faure, collyre en solution en récipient unidose","atropine","accepted","auto-accepted score=100"
"linezolid teva pharma 600 mg comprimidos recubiertos con película efg","linezolid","accepted","auto-accepted score=100"
"moxifloxacino sandoz 400 mg comprimidos recubiertos con película efg","moxifloxacin","accepted","auto-accepted score>=95"
"linezolid demo 2 mg","linezolid","accepted","auto-accepted score=100"
"esmolol hcl lyo orpha 2500 mg poeder voor concentraat voor oplossing voor infusie","esmolol","accepted","auto-accepted score=100"
"dobutamine-hameln 5 mg","dobutamine","accepted","auto-accepted review 80-89"
"ropivacaine noridem 7,5 mg","ropivacaine","accepted","auto-accepted score=100"
"tarlatamab","tarlatamab","accepted","auto-accepted score=100"
"sodium bicarbonate 500 mg capsules","sodium bicarbonate","accepted","auto-accepted score=100"
"oleclumab_ijb2","oleclumab","accepted","auto-accepted score=100"
"oleclumab_ijb","oleclumab","accepted","auto-accepted score=100"
"sildenafil teva 20 mg filmomhulde tabletten","sildenafil","accepted","auto-accepted score=100"
"meropenem arrow 1 g, poudre pour solution injectable","meropenem","accepted","auto-accepted score=100"
"tablet
magnesium stearate - 2,40 mg","magnesium","accepted","auto-accepted score=100"
"spiramycin","spiramycin","accepted","auto-accepted score=100"
"marcaine 0,5 %, solution injectable","amsacrine","accepted","auto-accepted review 80-89"
"iohexol 300 mg i","iohexol","accepted","auto-accepted score=100"
"morphine (chlorhydrate) renaudin 1 mg","morphine","accepted","auto-accepted score=100"
"colesevelam hydrochloride-mmx® 900 mg modified-release
tablets","colesevelam","accepted","auto-accepted score=100"
"ibuprofen teva 400 mg, filmomhulde tabletten.","ibuprofen","accepted","auto-accepted score=100"
"sildenafil orion 100 mg filmdragerade tabletter","sildenafil","accepted","auto-accepted score=100"
"protaminsulfat leo pharma 1400 heparin-antidot i.e.","atropine sulfate","accepted","auto-accepted review 80-89"
"sodium chloride 0.9 %","sodium chloride","accepted","auto-accepted score 90-94"
"encorafenib pacebo","encorafenib","accepted","auto-accepted score=100"
"rifaximin alfasigma 550 mg film-coated tablets","rifaximin","accepted","auto-accepted score=100"
"lactulose eg 670 mg","lactose","accepted","auto-accepted score 90-94"
"teduglutide","teduglutide","accepted","auto-accepted score=100"
"bupivacaïne eugia 2,5 mg","bupivacaine","accepted","auto-accepted score 90-94"
"propofol b. braun 2 % (20 mg","propofol","accepted","auto-accepted score=100"
"etoricoxib ab 60 mg filmomhulde tabletten","etoricoxib","accepted","auto-accepted score=100"
"digitoxin awd 0,07 0,07 mg","digoxin","accepted","auto-accepted review 80-89"
"oksaliplatin sun 5 mg","oxaliplatin","accepted","auto-accepted score 90-94"
"pimavanserin capsules 10 mg","pimavanserin","accepted","auto-accepted score=100"
"pimavanserin 34 mg capsule","pimavanserin","accepted","auto-accepted score=100"
"pimavanserin 20 mg capsule","pimavanserin","accepted","auto-accepted score=100"
"propofol „fresenius"" 1 % mit mct - emulsion zur injektion oder infusion","propofol","accepted","auto-accepted score=100"
"citalopram aurobindo 20 mg compresse rivestite con film.","citalopram","accepted","auto-accepted score=100"
"nitroglycerin orifarm 0,5 mg tabletes lietošanai zem mēles","nitroglycerin","accepted","auto-accepted score=100"
"irinotecanhydrochloridetrihydraat hikma 20 mg","irinotecan hydrochloride trihydrate","accepted","auto-accepted score>=95"
"calcium chloratum wzf, 67 mg","caplacizumab","accepted","auto-accepted review 80-89"
"sipavibart","sipavibart","accepted","auto-accepted score=100"
"lipiodol ultra fluide, 480 mg i","lipiodol","accepted","auto-accepted score=100"
"belapectin","selamectin","accepted","auto-accepted review 80-89"
"naloxegol","naloxegol","accepted","auto-accepted score=100"
"[18f]fludarabine","fludarabine","accepted","auto-accepted score 90-94"
"pretomanid","pretomanid","accepted","auto-accepted score=100"
"diclofenac+thiocolchicoside","diclofenac","accepted","auto-accepted score=100"
"axicabtagene ciloleucel","axicabtagene ciloleucel","accepted","auto-accepted score=100"
"fremanezumab","fremanezumab","accepted","auto-accepted score=100"
"[18f]psma-1007","18f-psma-1007","accepted","auto-accepted review 80-89"
"cortison 25 mg tabletter","cortisone","accepted","auto-accepted score>=95"
"psilocybin 25 mg capsules","psilocybin","accepted","auto-accepted score=100"
"meropenem cf 1000 mg, poeder voor oplossing voor injectie of infusie","meropenem","accepted","auto-accepted score=100"
"meropenem fresenius kabi 1 g poeder voor oplossing voor injectie of infusie","meropenem","accepted","auto-accepted score=100"
"cefotaxim 1000 mg pch, poeder voor oplossing voor injectie","cefotaxime","accepted","auto-accepted score>=95"
"floxapen, poeder voor oplossing voor injectie 250 mg, 500 mg en 1 g","loxapine","accepted","auto-accepted review 80-89"
"ropivacaïne fresenius kabi 2 mg","ropivacaine","accepted","auto-accepted score 90-94"
"atropine sulfate 0.02% eye drops, solution","atropine","accepted","auto-accepted score=100"
"atropine sulfate 0.01% eye drops, solution","atropine","accepted","auto-accepted score=100"
"men1703 oral capsule 100 mg","mgn1703","accepted","auto-accepted score 90-94"
"men1703 oral capsule 25 mg","mgn1703","accepted","auto-accepted score 90-94"
"clemastine milstein 1 mg, tabletten","clemastine","accepted","auto-accepted score=100"
"dopamin fresenius 50 mg","dopamine","accepted","auto-accepted score>=95"
"meloxicam","meloxicam","accepted","auto-accepted score=100"
"terbinafin ""moberg pharma"", kutanopløsning","terbinafine","accepted","auto-accepted score>=95"
"terbinafina moberg pharma 98 mg","terbinafine","accepted","auto-accepted score 90-94"
"ciprofloxacin orion 500 mg filmdragerade tabletter","ciprofloxacin","accepted","auto-accepted score=100"
"ertapenem fresenius kabi 1 g pulver till koncentrat till infusionsvätska, lösning","ertapenem","accepted","auto-accepted score=100"
"cefepime viatris 2 g, poudre pour solution injectable","cefepime","accepted","auto-accepted score=100"
"daptomycin xellia 350 mg powder for solution for injection","daptomycin","accepted","auto-accepted score=100"
"tazobactam viatris 4 g","tazobactam","accepted","auto-accepted score=100"
"daptomycin xellia 500 mg powder for solution for injection","daptomycin","accepted","auto-accepted score=100"
"gentamicin_aphp","gentamicin","accepted","auto-accepted score=100"
"floxacin 400 mg filmtabletten","difloxacin","accepted","auto-accepted score 90-94"
"ropivacaine hydrochloride kabi 7,5 mg","ropivacaine","accepted","auto-accepted score=100"
"hydroxychloroquine sulfate accord 200mg film-coated tablets","hydroxychloroquine","accepted","auto-accepted score=100"
"sodium chloride nose drops 0.9%","sodium chloride","accepted","auto-accepted review 80-89"
"vial digoxin immune fab, powder for solution for infusion","digoxin","accepted","auto-accepted score=100"
"mexiletine 83 mg hard capsules","mexiletine","accepted","auto-accepted score=100"
"mexiletine 62 mg hard capsules","mexiletine","accepted","auto-accepted score=100"
"colchicine tiofarma 0,5 mg, tabletten","colchicine","accepted","auto-accepted score=100"
"vancomycine viatris 500 mg poudre pour solution pour perfusion","vancomycin","accepted","auto-accepted score>=95"
"isoflurane belamont, liquide pour inhalation par vapeur","isoflurane","accepted","auto-accepted score=100"
"propofol baxter 10 mg","propofol","accepted","auto-accepted score=100"
"doxycycline sandoz 100 mg, comprimé sécable","doxycycline","accepted","auto-accepted score=100"
"imlifidase","imlifidase","accepted","auto-accepted score=100"
"dexametazona krka 4 mg comprimate","dexamethasone","accepted","auto-accepted review 80-89"
"nimotuzumab","nimotuzumab","accepted","auto-accepted score=100"
"ropivacaine kabi 5 mg","ropivacaine","accepted","auto-accepted score=100"
"cetirizine arrow conseil 10 mg, comprimé pelliculé sécable","cetirizine","accepted","auto-accepted score=100"
"morphine (chlorhydrate) aguettant 0,1 mg","morphine","accepted","auto-accepted score=100"
"morphine (chlorhydrate) lavoisier 20 mg","morphine","accepted","auto-accepted score=100"
"morphine (sulfate) lavoisier 50 mg","morphine","accepted","auto-accepted score=100"
"fluoresceine sodique faure 10 pour cent, solution injectable","fluorescein","accepted","auto-accepted score>=95"
"hydrokortison ”orion”, tabletter","hydrocortisone","accepted","auto-accepted score 90-94"
"histamine  dihydrochloride skin-prick test","histamine","accepted","auto-accepted score=100"
"dermatophagoides pteronyssinus skin-prick test","dermatophagoides pteronyssinus extract","accepted","auto-accepted review 80-89"
"dermatophagoides farinae skin-prick test","dermatophagoides farinae extract","accepted","auto-accepted review 80-89"
"masupirdine","aspirin","accepted","auto-accepted review 80-89"
"avalglucosidase alfa","avalglucosidase alfa","accepted","auto-accepted score=100"
"sevuparin","reviparin","accepted","auto-accepted review 80-89"
"elivaldogene autotemcel","elivaldogene autotemcel","accepted","auto-accepted score=100"
"celecoxib teva 200 mg, capsules, hard","celecoxib","accepted","auto-accepted score=100"
"danatrol 50 mg capsule rigide","danazol","accepted","auto-accepted review 80-89"
"navtemadlin 25-15","navtemadlin","accepted","auto-accepted score=100"
"navtemadlin 10-15","navtemadlin","accepted","auto-accepted score=100"
"navtemadlin 10-60","navtemadlin","accepted","auto-accepted score=100"
"danazol polfarmex, 200 mg, tabletki","danazol","accepted","auto-accepted score=100"
"raltegravir 600 mg film-coated tablets","raltegravir","accepted","auto-accepted score=100"
"vibegron","vibegron","accepted","auto-accepted score=100"
"iron oxide (e172)","iron oxide","accepted","auto-accepted review 80-89"
"lamivudine, tenofovir disoproxil and doravirine","lamivudine","accepted","auto-accepted score=100"
"lamivudine and abacavir","lamivudine","accepted","auto-accepted score=100"
"cafeine anhydre","caffeine","accepted","auto-accepted score>=95"
"amiodarone hydrochloride 200 mg tablets","amiodarone","accepted","auto-accepted score=100"
"isosorbide dinitrate)","isosorbide dinitrate","accepted","auto-accepted score>=95"
"duloxetin krka 30 mg enterokapsel, hard","duloxetine","accepted","auto-accepted score>=95"
"lidocaine aguettant 20 mg","lidocaine","accepted","auto-accepted score=100"
"sterile isotonic solution","serine","accepted","auto-accepted review 80-89"
"linezolid teva 600 mg filmdragerade tabletter","linezolid","accepted","auto-accepted score=100"
"nitrofurantoin 50 mg tablets","nitrofurantoin","accepted","auto-accepted score=100"
"ciprofloxacin 500 mg, film coated tablets","ciprofloxacin","accepted","auto-accepted score=100"
"palonosetron 1.5 mg","palonosetron","accepted","auto-accepted score=100"
"palonosetron 2.5 mg","palonosetron","accepted","auto-accepted score=100"
"ondansetrone hikma 8 mg","ondansetron","accepted","auto-accepted score>=95"
"irinotecán hospira 20 mg","irinotecan","accepted","auto-accepted score 90-94"
"piperaciline","piperacillin","accepted","auto-accepted score 90-94"
"mannitol and microcrystalline cellulose","mannitol","accepted","auto-accepted score=100"
"levetiracetam xr","levetiracetam","accepted","auto-accepted score=100"
"avtx-009","avx-001","accepted","auto-accepted review 80-89"
"tivozanib","tivozanib","accepted","auto-accepted score=100"
"microcrystalline cellulose, native corn starch, citric acid anhydrous (e330)","microcrystalline cellulose","accepted","auto-accepted review 80-89"
"deferoxamine noridem 500mg κόνις για ενέσιμο διάλυμα ή διάλυμα για έγχυση","deferoxamine","accepted","auto-accepted score=100"
"midazolam rowa 2.5 mg oromucosal solution","midazolam","accepted","auto-accepted score=100"
"racecadotril","racecadotril","accepted","auto-accepted score=100"
"paracet 500 mg tabletter","paracetamol","accepted","auto-accepted review 80-89"
"oxycodone actavis 5 mg harde kapsler","oxycodone","accepted","auto-accepted score=100"
"oxycontin 10 mg depottabletter","oxytocin","accepted","auto-accepted review 80-89"
"sucrose octaacetate [nf]","sucrose","accepted","auto-accepted score=100"
"thiotepa genopharm 15 mg, lyophilisat pour usage parentéral","thiotepa","accepted","auto-accepted score=100"
"ensifentrine inhalation suspension","ensifentrine","accepted","auto-accepted score=100"
"lévodopa 3mg","levodopa","accepted","auto-accepted score 90-94"
"carbidopa 0.3mg","carbidopa","accepted","auto-accepted score=100"
"carbidopa 0.75mg","carbidopa","accepted","auto-accepted score=100"
"flurpiridaz f 18","flurpiridaz f 18","accepted","auto-accepted score=100"
"zolbetuximab","zolbetuximab","accepted","auto-accepted score=100"
"riluzole 25 caps prep","riluzole","accepted","auto-accepted score=100"
"riluzole 50 caps prep","riluzole","accepted","auto-accepted score=100"
"terbinafine mylan 250 mg, tabletten","terbinafine","accepted","auto-accepted score=100"
"ciprofloxacin fresenius kabi","ciprofloxacin","accepted","auto-accepted score=100"
"ampicillin ""pcd"", pulver til injektionsvæske, opløsning","ampicillin","accepted","auto-accepted score=100"
"meropenem ”stada”, pulver til injektions- og infusionsvæske, opløsning","meropenem","accepted","auto-accepted score=100"
"tazobactam ""stragen"", pulver til infusionsvæske, opløsning","tazobactam","accepted","auto-accepted score=100"
"ciprofloxacin ""hexal"", filmovertrukne tabletter","ciprofloxacin","accepted","auto-accepted score=100"
"nitrofurantoin ""eql pharma"", tabletter","nitrofurantoin","accepted","auto-accepted score=100"
"sugammadex juta pharma 100 mg","sugammadex","accepted","auto-accepted score=100"
"rocuronium viatris 10 mg","rocuronium","accepted","auto-accepted score=100"
"thiotepa 15 mg powder for solution for injection","thiotepa","accepted","auto-accepted score=100"
"ceftaroline fosamil","ceftaroline fosamil","accepted","auto-accepted score=100"
"methotrexat-ebewe, 2,5 mg, tabletki","methotrexate","accepted","auto-accepted score 90-94"
"benzathine benzylpenicillin","benzathine benzylpenicillin","accepted","auto-accepted score=100"
"glucosum 5% fresenius, 50 mg","glucose","accepted","auto-accepted review 80-89"
"tavanic 500 mg, comprimé pelliculé sécable","telavancin","accepted","auto-accepted review 80-89"
"lipistad 40 mg kalvopäällysteiset tabletit","ulipristal","accepted","auto-accepted review 80-89"
"cefoxitine panpharma 1 g, poudre pour solution injectable (iv)","cefoxitin","accepted","auto-accepted score>=95"
"psilocybin (pex010)","psilocybin","accepted","auto-accepted score=100"
"sterile agent for cutaneous application, identical to the composition of the tcp-25 gel, except it will not contain the active pharmaceutical ingredient","serine","accepted","auto-accepted review 80-89"
"cefepime panpharma, 2 g, proszek do sporządzania roztworu do wstrzykiwań lub infuzji","cefepime","accepted","auto-accepted score=100"
"tazobactam kabi 4 g","tazobactam","accepted","auto-accepted score=100"
"bupivacaïne eugia 5 mg","bupivacaine","accepted","auto-accepted score 90-94"
"avacincaptad pegol","avacincaptad pegol","accepted","auto-accepted score=100"
"verapamil 120 ret - 1a-pharma 120 mg retardtabletten","verapamil","accepted","auto-accepted score=100"
"isoptin® retard 120 mg - filmtabletten","biotin","accepted","auto-accepted review 80-89"
"verapamil doc generici 120 mg capsule rigide a rilascio prolungato","verapamil","accepted","auto-accepted score=100"
"verapamil hexal 120 mg compresse a rilascio prolungato","verapamil","accepted","auto-accepted score=100"
"isoptin® khk retard 
120 mg, retardtabletten","biotin","accepted","auto-accepted review 80-89"
"verapamil hennig 120 mg retard retardtabletten","verapamil","accepted","auto-accepted score=100"
"momelotinib dihydrochloride monohydrate","momelotinib dihydrochloride monohydrate","accepted","auto-accepted score=100"
"oxygene medicinal air liquide reunion 200 bar, gaz pour inhalation, en bouteille","oxygen","accepted","auto-accepted score>=95"
"syringe","serine","accepted","auto-accepted review 80-89"
"adriblastine 10 mg, poudre pour solution injectable en flacon","bilastine","accepted","auto-accepted review 80-89"
"arsenic trioxide gélules 1 mg","arsenic trioxide","accepted","auto-accepted review 80-89"
"arsenic trioxide gélules 3 mg","arsenic trioxide","accepted","auto-accepted review 80-89"
"arsenic trioxide gélules 5 mg","arsenic trioxide","accepted","auto-accepted review 80-89"
"furazidin, vaginal tablets, 5mg","furazidine","accepted","auto-accepted score>=95"
"leucovorine sandoz 15 mg, capsules","leucovorin","accepted","auto-accepted score>=95"
"cefazoline ldp-laboratorios torlan 2 g, poudre pour solution injectable","cefazolin","accepted","auto-accepted score>=95"
"folimet, tabletter 5 mg","lime","accepted","auto-accepted review 80-89"
"dolutegravir and rilpivirine","dolutegravir","accepted","auto-accepted score=100"
"pevonedistat hydrochloride","olopatadine hydrochloride","accepted","auto-accepted review 80-89"
"sildenafil eg 50 mg, comprimé pelliculé","sildenafil","accepted","auto-accepted score=100"
"gadobenate dimeglumine","gadobenate dimeglumine","accepted","auto-accepted score=100"
"cilastatin kabi 500 mg","cilastatin","accepted","auto-accepted score=100"
"ritonavir accord 100 mg filmomhulde tabletten","ritonavir","accepted","auto-accepted score=100"
"panadol forte 1000 mg tabletti, kalvopäällysteinen","tapentadol","accepted","auto-accepted review 80-89"
"rocuronium bromide hameln 10 mg","rocuronium","accepted","auto-accepted score=100"
"febuxostat viatris 80 mg film-coated tablets","febuxostat","accepted","auto-accepted score=100"
"betadine alcoolique 5%, solution pour application cutanée en récipient unidose","betaine","accepted","auto-accepted score>=95"
"sodium iodide (131i)","sodium iodide i-131","accepted","auto-accepted score 90-94"
"glucos fresenius kabi","glucose","accepted","auto-accepted score>=95"
"glucos fresenius kabi 50 mg","glucose","accepted","auto-accepted score>=95"
"pioglitazone morningside 15mg tablets","pioglitazone","accepted","auto-accepted score=100"
"levetiracetam 100mg","levetiracetam","accepted","auto-accepted score=100"
"rupatadin al 10 mg tabletten","rupatadine","accepted","auto-accepted score>=95"
"mometason ratiopharm 50 mikrogramm","mometasone","accepted","auto-accepted score>=95"
"ebastin aristo 10 mg filmtabletten","ebastine","accepted","auto-accepted score>=95"
"desloratadin glenmark 5 mg tabletten","desloratadine","accepted","auto-accepted score>=95"
"olopatadin micro labs 1 mg","olopatadine","accepted","auto-accepted score>=95"
"allegra allergietabletten
20 mg tabletten","algeldrate","accepted","auto-accepted review 80-89"
"azelastin comod 0,5 mg","azelastine","accepted","auto-accepted score>=95"
"carvedilol stada 3,125 mg töflur.","carvedilol","accepted","auto-accepted score=100"
"carvedilol stada 12,5 mg töflur","carvedilol","accepted","auto-accepted score=100"
"carvedilol stada 25 mg töflur.","carvedilol","accepted","auto-accepted score=100"
"carvedilol stada 6,25 mg tabletten","carvedilol","accepted","auto-accepted score=100"
"carvedilol stada® 12,5 mg tabletten","carvedilol","accepted","auto-accepted score=100"
"bisoprolol orion 2,5 mg tabletter","bisoprolol","accepted","auto-accepted score=100"
"bisoprolol orion 5 mg tabletter","bisoprolol","accepted","auto-accepted score=100"
"bisoprolol orion 10 mg tabletter","bisoprolol","accepted","auto-accepted score=100"
"carvedilol stada 6,25 mg töflur.","carvedilol","accepted","auto-accepted score=100"
"carvedilol stada 12,5 mg tabletti","carvedilol","accepted","auto-accepted score=100"
"carvedilol stada 6,25 mg tabletti","carvedilol","accepted","auto-accepted score=100"
"carvedilol stada 3,125 mg tabletti","carvedilol","accepted","auto-accepted score=100"
"carvedilol stada® 6,25 mg tabletten","carvedilol","accepted","auto-accepted score=100"
"carvedilol stada 25 mg tabletti","carvedilol","accepted","auto-accepted score=100"
"carvedilol stada® 25 mg tabletten","carvedilol","accepted","auto-accepted score=100"
"nebivolol pliva 5 mg tablete","nebivolol","accepted","auto-accepted score=100"
"bisoprolol orion 2,5 mg tabletit","bisoprolol","accepted","auto-accepted score=100"
"bisoprolol orion 10 mg tabletit","bisoprolol","accepted","auto-accepted score=100"
"carvedilol stada 25 mg tabletten","carvedilol","accepted","auto-accepted score=100"
"bisoprolol orion 5 mg tabletit","bisoprolol","accepted","auto-accepted score=100"
"carvedilol stada 12,5 mg tabletten","carvedilol","accepted","auto-accepted score=100"
"ropivacaine fresenius kabi 7,5 mg","ropivacaine","accepted","auto-accepted score=100"
"microcrystalline cellulose (avicel ph-102)","microcrystalline cellulose","accepted","auto-accepted review 80-89"
"vancomycin hikma 500 mg - pulver für ein konzentrat zur herstellung einer infusionslösung","vancomycin","accepted","auto-accepted score=100"
"pregabalin pfizer 150 mg hard capsules","pregabalin","accepted","auto-accepted score=100"
"pms-oxybutynin","oxybutynin","accepted","auto-accepted score 90-94"
"irbesartan eg 150 mg comprimés pelliculés","irbesartan","accepted","auto-accepted score=100"
"atropini collyrium 0.04%","aprotinin","accepted","auto-accepted score 90-94"
"atropini collyrium 0.02%","aprotinin","accepted","auto-accepted score 90-94"
"fludeoxyglucose (18f) synektik, 200-2200 mbq","fludeoxyglucose","accepted","auto-accepted score=100"
"landiobloc 300 mg polvere per soluzione per infusione","landiolol","accepted","auto-accepted score 90-94"
"betadine bucal 100 mg","betaine","accepted","auto-accepted score>=95"
"ciprofloxacin fresenius kabi 2 mg","ciprofloxacin","accepted","auto-accepted score=100"
"cefuroxime orion pharma 1,5 g injektio","cefuroxime","accepted","auto-accepted score=100"
"milrinone stragen 1mg","milrinone","accepted","auto-accepted score=100"
"olanzapine glenmark europe 20 mg orodispersible tablets","olanzapine","accepted","auto-accepted score=100"
"escitalopram sandoz 10 mg, filmomhulde tabletten","citalopram","accepted","auto-accepted score 90-94"
"propofol 10 mg","propofol","accepted","auto-accepted score=100"
"diazepam cf 5 mg","diazepam","accepted","auto-accepted score=100"
"lorazepam macure 4 mg","lorazepam","accepted","auto-accepted score=100"
"midazolam eugia 1 mg","midazolam","accepted","auto-accepted score=100"
"flutamide 250 mg tablets","flutamide","accepted","auto-accepted score=100"
"levetiracetam normon 250 mg comprimidos recubiertos con película efg","levetiracetam","accepted","auto-accepted score=100"
"levetiracetam normon 500 mg comprimidos recubiertos con película efg","levetiracetam","accepted","auto-accepted score=100"
"thiotepa fresenius kabi 15 mg poeder voor concentraat voor oplossing voor infusie","thiotepa","accepted","auto-accepted score=100"
"isavuconazole","isavuconazole","accepted","auto-accepted score=100"
"dexaméthasone","dexamethasone","accepted","auto-accepted score>=95"
"iderdomine 0.75mg","midodrine","accepted","auto-accepted review 80-89"
"iberdomide 1.3mg","iberdomide","accepted","auto-accepted score=100"
"iberdomide 1.6mg","iberdomide","accepted","auto-accepted score=100"
"oxytocin cd pharma 6,7 mikrog","oxytocin","accepted","auto-accepted score=100"
"folinate de calcium ebewe 10 mg","fezolinetant","accepted","auto-accepted review 80-89"
"atropine sulfate 0.01% ophthalmic solution","atropine","accepted","auto-accepted score=100"
"prucalopride prolepha 2 mg filmomhulde tabletten","prucalopride","accepted","auto-accepted score=100"
"mitomycin medac, 40 mg, jauhe ja liuotin liuosta varten, virtsarakkoon","mitomycin","accepted","auto-accepted score=100"
"levofolic 50 mg","levomefolic acid","accepted","auto-accepted review 80-89"
"heparinum wzf, 5 000 iu","heparin","accepted","auto-accepted score 90-94"
"atropine 1.0% eye drops solution","atropine","accepted","auto-accepted score=100"
"sargramostim (gm-csf)","sargramostim","accepted","auto-accepted score=100"
"galinpepimut-s","nelipepimut-s","accepted","auto-accepted review 80-89"
"sugammadex hameln 100 mg","sugammadex","accepted","auto-accepted score=100"
"sufentanil viatris 5 microgram","sufentanil","accepted","auto-accepted score=100"
"midazolam viatris 1 mg","midazolam","accepted","auto-accepted score=100"
"radotinib hcl","erlotinib","accepted","auto-accepted review 80-89"
"desloratadine 5 mg orodispersible tablets","desloratadine","accepted","auto-accepted score=100"
"oxygene medicinal liquide linde healthcare, gaz pour inhalation, pour évaporateur fixe et pour récipient cryogénique fixe","oxygen","accepted","auto-accepted score>=95"
"fludeoxyglucose (18f)-curium, 185 mbq","fludeoxyglucose","accepted","auto-accepted score=100"
"urapidil accord 5 mg","urapidil","accepted","auto-accepted score=100"
"buspirone hydrochloride 10 mg tablet","erlotinib hydrochloride","accepted","auto-accepted review 80-89"
"microcrystalline cellulose ph 102, lactose, monohydrated, crospovidone, colloidal anhydrous silica, vegetal magnesium stearate, film coating","microcrystalline cellulose","accepted","auto-accepted review 80-89"
"tasimelteon","tasimelteon","accepted","auto-accepted score=100"
"atomoxetine aurobindo 40 mg hard capsules","atomoxetine","accepted","auto-accepted score=100"
"microcrystalline cellulose gelatin capsule","microcrystalline cellulose","accepted","auto-accepted score 90-94"
"endoxana injection 500 mg powder for solution for injection","edoxaban","accepted","auto-accepted review 80-89"
"cobalamin","mecobalamin","accepted","auto-accepted score 90-94"
"oxygen mixture","oxygen","accepted","auto-accepted score=100"
"tamsulosin gemax pharma 0,4 mg capsule cu eliberare prelungită","tamsulosin","accepted","auto-accepted score=100"
"spironolactone viatris 25 mg, comprimé pelliculé sécable","spironolactone","accepted","auto-accepted score=100"
"ritaline 10 mg, comprimé sécable","sertraline","accepted","auto-accepted review 80-89"
"oxazepam teva 10 mg, tabletten","oxazepam","accepted","auto-accepted score=100"
"citalopram viatris 20 mg filmomhulde tabletten","citalopram","accepted","auto-accepted score=100"
"mannitol, 1mg, oral use","mannitol","accepted","auto-accepted score=100"
"pantoprazole teva 40 mg maagsapresistente tabletten","pantoprazole","accepted","auto-accepted score=100"
"vitamine pp aguettant 500 mg","vitamin e","accepted","auto-accepted score>=95"
"sugammadex 100 mg","sugammadex","accepted","auto-accepted score=100"
"rocuronium bromide 10 mg","rocuronium bromide","accepted","auto-accepted score=100"
"vitamine e-400 complex","vitamin e","accepted","auto-accepted score>=95"
"belzutifan","belzutifan","accepted","auto-accepted score=100"
"propranolol teva 40 mg, comprimé sécable","propranolol","accepted","auto-accepted score=100"
"oxygen (by rectal insufflation)","oxygen","accepted","auto-accepted score=100"
"posaconazole viatris 40 mg","posaconazole","accepted","auto-accepted score=100"
"posaconazole zentiva 100 mg, comprimé gastro-résistant","posaconazole","accepted","auto-accepted score=100"
"buparlisib 50mg tablet","buparlisib","accepted","auto-accepted score=100"
"buparlisib 40mg tablet","buparlisib","accepted","auto-accepted score=100"
"buparlisib 50 mg capsules","buparlisib","accepted","auto-accepted score=100"
"buparlisib 10 mg capsules","buparlisib","accepted","auto-accepted score=100"
"folinate de calcium kalceks 10 mg","fezolinetant","accepted","auto-accepted review 80-89"
"glukos 5%","glucose","accepted","auto-accepted review 80-89"
"bupivacaine viatris 20 mg","bupivacaine","accepted","auto-accepted score=100"
"istradefylline","istradefylline","accepted","auto-accepted score=100"
"fluvastatine 20 mg pch, capsules","fluvastatin","accepted","auto-accepted score>=95"
"25 micrograms dispersion for injection
covid 19 mrna vaccine","covid-19 sa-mrna vaccine","accepted","auto-accepted review 80-89"
"tranexamic acid 100 mg","tranexamic acid","accepted","auto-accepted score=100"
"fluoroestradiol f-18","18f-fluoroestradiol","accepted","auto-accepted score 90-94"
"quinina labesfal 250 mg","quinine","accepted","auto-accepted score 90-94"
"odm-208 100 mg tablet","odm-209","accepted","auto-accepted score 90-94"
"odm-208 50 mg tablet","odm-209","accepted","auto-accepted score 90-94"
"odm-208 25 mg tablet","odm-209","accepted","auto-accepted score 90-94"
"odm-208 5 mg film-coated tablet","odm-209","accepted","auto-accepted score 90-94"
"impetine® 20mg","simeticone","accepted","auto-accepted review 80-89"
"azathioprine vis, 50 mg, tabletki","azathioprine","accepted","auto-accepted score=100"
"bold-100","lb-100","accepted","auto-accepted review 80-89"
"calcium hydrogen phosphate dihydrate","caplacizumab","accepted","auto-accepted review 80-89"
"diclofenac arrow 1 %, gel en flacon pressurisé","diclofenac","accepted","auto-accepted score=100"
"microcrystalline cellulose
magnesium stearate","microcrystalline cellulose","accepted","auto-accepted review 80-89"
"toramide; 10 mg, tabletki","torasemide","accepted","auto-accepted review 80-89"
"spironol, 25 mg, tabletki","spironolactone","accepted","auto-accepted review 80-89"
"microcrystalline cellulose, magnesium stearate","microcrystalline cellulose","accepted","auto-accepted review 80-89"
"livostin 0,5 mg","colistin","accepted","auto-accepted review 80-89"
"desloratadine sandoz 5 mg filmdragerade tabletter","desloratadine","accepted","auto-accepted score=100"
"remdesivir","remdesivir","accepted","auto-accepted score=100"
"cefazolin hikma 2 g pulver zur herstellung einer injektions-","cefazolin","accepted","auto-accepted score=100"
"prostine e2 2 mg","protamine","accepted","auto-accepted review 80-89"
"oxytocine panpharma 5 ui","oxytocin","accepted","auto-accepted score>=95"
"citalopram cf 20 mg, filmomhulde tabletten","citalopram","accepted","auto-accepted score=100"
"sodium hydroxide","sodium hydroxide","accepted","auto-accepted score=100"
"aprepitant teva 80 mg, harde capsules","aprepitant","accepted","auto-accepted score=100"
"ephedrine ""sintetica"", injektionsvæske, opløsning 50 mg","ephedrine","accepted","auto-accepted score=100"
"azitromicina zentiva 500 mg compresse rivestite con film","azithromycin","accepted","auto-accepted review 80-89"
"modified vaccinia ankara – bavarian nordic live virus","modified vaccinia ankara - bavarian nordic (mva-bn) virus","accepted","auto-accepted score 90-94"
"cefazoline viatris 1 g, poudre pour solution injectable (im-iv)","cefazolin","accepted","auto-accepted score>=95"
"procarbazine hydrochloride","procarbazine","accepted","auto-accepted score=100"
"ebastin orifarm 20 mg filmdragerade tabletter","ebastine","accepted","auto-accepted score>=95"
"sufentanil eurocept 5 microgram","sufentanil","accepted","auto-accepted score=100"
"microcrystalline cellulose, corn starch
coating: copolymer of methacrylic acid and methyl acrylate, polysorbate 80, sodium lauryl sulfate, talc and triethyl citrate","microcrystalline cellulose","accepted","auto-accepted review 80-89"
"meropenem qilu 1 g por oldatos injekcióhoz","meropenem","accepted","auto-accepted score=100"
"meropenem kalceks 1 g por oldatos injekcióhoz vagy infúzióhoz","meropenem","accepted","auto-accepted score=100"
"meropenem steriscience 1000 mg por oldatos injekciohoz vagy infuziohoz","meropenem","accepted","auto-accepted score=100"
"meropenem qilu 500 mg por oldatos injekcióhoz","meropenem","accepted","auto-accepted score=100"
"meropenem kabi 1 g por oldatos injekcióhoz vagy infúzióhoz","meropenem","accepted","auto-accepted score=100"
"ceftriaxone qilu 1 g por oldatos injekcióhoz vagy infúzióhoz","ceftriaxone","accepted","auto-accepted score=100"
"meropenem kabi 500 mg por oldatos injekcióhoz vagy infúzióhoz","meropenem","accepted","auto-accepted score=100"
"ceftriaxone kalceks 2 g por oldatos injekcióhoz vagy inf?zióhoz","ceftriaxone","accepted","auto-accepted score=100"
"ceftriaxone qilu 2 g por oldatos injekcióhoz vagy infúzióhoz","ceftriaxone","accepted","auto-accepted score=100"
"tazobactam sandoz 4 g","tazobactam","accepted","auto-accepted score=100"
"meropenem steriscience 500 mg por oldatos injekciohoz vagy infuziohoz","meropenem","accepted","auto-accepted score=100"
"meropenem aptapharma 1000 mg por oldatos injekcióhoz vagy infúzióhoz","meropenem","accepted","auto-accepted score=100"
"meropenem kalceks 500 mg por oldatos injekcióhoz vagy infúzióhoz","meropenem","accepted","auto-accepted score=100"
"ceftriaxone kalceks 1 g por oldatos injekcióhoz vagy infúzióhoz","ceftriaxone","accepted","auto-accepted score=100"
"meropenem aptapharma 500 mg por oldatos injekcióhoz vagy infúzióhoz","meropenem","accepted","auto-accepted score=100"
"tazobactam kalceks 4 g","tazobactam","accepted","auto-accepted score=100"
"meropenem aptapharma 2000 mg por oldatos infúzióhoz","meropenem","accepted","auto-accepted score=100"
"meropenem pharmacenter 500 mg por oldatos injekcióhoz vagy infúzióhoz","meropenem","accepted","auto-accepted score=100"
"meropenem pharmacenter 1 g por oldatos injekcióhoz vagy infúzióhoz","meropenem","accepted","auto-accepted score=100"
"spironolactone pfizer 25 mg, comprimé sécable","spironolactone","accepted","auto-accepted score=100"
"lidocaine aguettant 10 mg","lidocaine","accepted","auto-accepted score=100"
"ketamine 50 mg","ketamine","accepted","auto-accepted score=100"
"midazolam 5 mg","midazolam","accepted","auto-accepted score=100"
"hydrocortisone orion 10 mg tabletit","hydrocortisone","accepted","auto-accepted score=100"
"carvedilol arrow 6,25 mg, comprimé pelliculé sécable","carvedilol","accepted","auto-accepted score=100"
"amitriptyline hcl cf 10 mg, filmomhulde tabletten","amitriptyline","accepted","auto-accepted score=100"
"levofloxacin kabi 5 mg","levofloxacin","accepted","auto-accepted score=100"
"colchicin ysat 0,5 mg tabletten","colchicine","accepted","auto-accepted score>=95"
"clindamycin + tretinoin","clindamycin","accepted","auto-accepted score=100"
"clindamycin +tretinoin gel","clindamycin","accepted","auto-accepted score=100"
"pirtobrutinib","pirtobrutinib","accepted","auto-accepted score=100"
"tazobactam sandoz 4,0 g","tazobactam","accepted","auto-accepted score=100"
"piperacillina e tazobactam aurobindo 2 g","piperacillin","accepted","auto-accepted score>=95"
"allegra 120 mg filmtabletten","algeldrate","accepted","auto-accepted review 80-89"
"cholic acid","cholic acid","accepted","auto-accepted score=100"
"heparin gilvasan 1000 ie","heparin","accepted","auto-accepted score=100"
"acetylcholine chloride","acetylcholine","accepted","auto-accepted score=100"
"esketamine idd 25 mg","esketamine","accepted","auto-accepted score=100"
"diclofenac sodium 75 mg + thiocolchicoside 4 mg","diclofenac","accepted","auto-accepted score=100"
"acenocoumarol cf 1 mg, tabletten","acenocoumarol","accepted","auto-accepted score=100"
"ciprofloxacin  noridem 2 mg","ciprofloxacin","accepted","auto-accepted score=100"
"cefotaxim-mip 1 g – pulver zur herstellung einer injektions- oder infusionslösung","cefotaxime","accepted","auto-accepted review 80-89"
"vancomycin hikma 1000 mg - pulver für ein konzentrat zur herstellung einer infusionslösung","vancomycin","accepted","auto-accepted score=100"
"meropenem hikma 1g pulver zur herstellung einer injektions-","meropenem","accepted","auto-accepted score=100"
"levosimendan kalceks 2,5 mg","levosimendan","accepted","auto-accepted score=100"
"baclofen aguettant 2 mg","baclofen","accepted","auto-accepted score=100"
"baclofen polpharma 10 mg tablety","baclofen","accepted","auto-accepted score=100"
"rigosertib sodium iv","rigosertib","accepted","auto-accepted score=100"
"delgocitinib cream","delgocitinib","accepted","auto-accepted score=100"
"microcrystalline cellulose ph102 in capsules (for more informations see impd)","microcrystalline cellulose","accepted","auto-accepted review 80-89"
"tepotinib","tepotinib","accepted","auto-accepted score=100"
"sulfate de magnesium lavoisier 15 pour cent (0,15 g","zinc sulfate","accepted","auto-accepted review 80-89"
"bupivacaine 2.5mg","bupivacaine","accepted","auto-accepted score=100"
"pramipexole viatris 0,088 mg tabletten","pramipexole","accepted","auto-accepted score=100"
"fentanyl kalceks 50 mikrogramm","fentanyl","accepted","auto-accepted score=100"
"fentanyl sandoz 50 mikrogramm","fentanyl","accepted","auto-accepted score=100"
"alfatil 125 mg","alfentanil","accepted","auto-accepted review 80-89"
"clarithromycin ”alternova”, pulver til infusionsvæske, opløsning","clarithromycin","accepted","auto-accepted score=100"
"primcillin, filmovertrukne tabletter 800 mg","ampicillin","accepted","auto-accepted review 80-89"
"gentamicin ”b. braun”, infusionsvæske, opløsning","gentamicin","accepted","auto-accepted score=100"
"clarithromycin ""accord"", filmovertrukne tabletter","clarithromycin","accepted","auto-accepted score=100"
"cloxacillin ""stragen"", pulver til injektions-","cloxacillin","accepted","auto-accepted score=100"
"clindamycin ""abcur"", injektions-","clindamycin","accepted","auto-accepted score=100"
"tazobactam ""sandoz""","tazobactam","accepted","auto-accepted score=100"
"daptomycin ""accord healthcare"", pulver til injektions-","daptomycin","accepted","auto-accepted score=100"
"primcillin, filmovertrukne tabletter 400 mg","ampicillin","accepted","auto-accepted review 80-89"
"amikacin ""macure"", injektionsvæske, opløsning","amikacin","accepted","auto-accepted score=100"
"linezolid fresenius kabi","linezolid","accepted","auto-accepted score=100"
"cefotaxim ""mip"", pulver til injektions-","cefotaxime","accepted","auto-accepted score>=95"
"moxifloxacin ""accord"", filmovertrukne tabletter","moxifloxacin","accepted","auto-accepted score=100"
"tazobactam ”sandoz”, pulver til infusionsvæske, opløsning","tazobactam","accepted","auto-accepted score=100"
"moxifloxacin fresenius kabi","moxifloxacin","accepted","auto-accepted score=100"
"levofloxacin ""macure""","levofloxacin","accepted","auto-accepted score=100"
"linezolid ""teva"", filmovertrukne tabletter","linezolid","accepted","auto-accepted score=100"
"morphine (chlorhydrate) renaudin 10 mg","morphine","accepted","auto-accepted score=100"
"fentanyl ""b. braun"" 50 mikrogram","fentanyl","accepted","auto-accepted score=100"
"ketamin-hameln 50 mg","ketamine","accepted","auto-accepted review 80-89"
"irinotecán accord 20 mg","irinotecan","accepted","auto-accepted score 90-94"
"clindamycin fresenius kabi 150 mg","clindamycin","accepted","auto-accepted score=100"
"sterile saline solution (0.9% w","serine","accepted","auto-accepted review 80-89"
"medebiotin fuerte solución inyectable","biotin","accepted","auto-accepted review 80-89"
"oxazepam ""alternova"", tabletter","oxazepam","accepted","auto-accepted score=100"
"ritaline l.p. 10 mg, gélule à libération prolongée","sertraline","accepted","auto-accepted review 80-89"
"dexamethasonfosfaat accord 4 mg","dexamethasone","accepted","auto-accepted review 80-89"
"co-trimoxazole 80","co-trimoxazole","accepted","auto-accepted score=100"
"fluorocholine (18f)","18f-fluorocholine","accepted","auto-accepted score 90-94"
"fluvoxamine 50 mg film-coated tablets","fluvoxamine","accepted","auto-accepted score=100"
"morphin-hameln 100 mg injektionslösung","morphine","accepted","auto-accepted review 80-89"
"fentanyl nasal spray","fentanyl","accepted","auto-accepted score=100"
"isotretinoine acnetrait 40 mg, capsule molle","isotretinoin","accepted","auto-accepted score>=95"
"bicarbonate de sodium 8,4% b. braun, solution pour perfusion","bicarbonate","accepted","auto-accepted score=100"
"tamoxene 20 mg compresse rivestite con film","tamoxifen","accepted","auto-accepted review 80-89"
"piperacillina e tazobactam ibigen 4 g","piperacillin","accepted","auto-accepted score>=95"
"octreotide lyomark 0,1 mg","octreotide","accepted","auto-accepted score=100"
"oxytocin grindeks 8,3 mikrogram","oxytocin","accepted","auto-accepted score=100"
"co-trimoxazole forte 160","co-trimoxazole","accepted","auto-accepted score=100"
"alendronic acid 70 mg tablets","alendronic acid","accepted","auto-accepted score=100"
"zoledronic acid seacross 5 mg","zoledronic acid","accepted","auto-accepted review 80-89"
"ibandronic acid accord 3 mg solution for injection in pre-filled syringe","ibandronic acid","accepted","auto-accepted review 80-89"
"amlopen® 5mg καψάκια σκληρά","amlodipine","accepted","auto-accepted review 80-89"
"tebentafusp","tebentafusp","accepted","auto-accepted score=100"
"sinecatechins","sinecatechins","accepted","auto-accepted score=100"
"acetylcysteïne teva 600 mg, poeder voor oraal gebruik","acetylcysteine","accepted","auto-accepted score 90-94"
"paltusotine 40 mg tablets","paltusotine","accepted","auto-accepted score=100"
"ansatipine 150 mg, gélule","antipyrine","accepted","auto-accepted review 80-89"
"estradot 50 mikrog","estradiol","accepted","auto-accepted review 80-89"
"fludara 50 mg powder for solution for injection or infusion","fludarabine","accepted","auto-accepted review 80-89"
"zoledronic acid oresund pharma 4 mg","zoledronic acid","accepted","auto-accepted review 80-89"
"hyaluronidase 1500 i.u. powder for solution for injection","hyaluronidase","accepted","auto-accepted score=100"
"bromazepam genericon 3 mg filmtabletten","bromazepam","accepted","auto-accepted score=100"
"respiratory syncytial virus vaccines","respiratory syncytial virus vaccine (bivalent, recombinant)","accepted","auto-accepted review 80-89"
"tadalafil krka 5 mg filmdragerade tabletter","tadalafil","accepted","auto-accepted score=100"
"morphine unimedic 1 mg","morphine","accepted","auto-accepted score=100"
"fentanyl citrate-kalceks 0,05 mg","fentanyl","accepted","auto-accepted score=100"
"bupivacaine hydrochloride 0.1% w","bupivacaine","accepted","auto-accepted score=100"
"sufentanil viatris 5 microgrammes","sufentanil","accepted","auto-accepted score=100"
"cannabidiol (thc:cbd) 25 mg + 25 mg","cannabidiol","accepted","auto-accepted score=100"
"fosfomycin ""infectopharm"", pulver til infusionsvæske, opløsning 40 mg","fosfomycin","accepted","auto-accepted score=100"
"ropivacaine kabi 2 mg","ropivacaine","accepted","auto-accepted score=100"
"treosulfan tillomed 5g polvere per soluzione per infusione","treosulfan","accepted","auto-accepted score=100"
"milsaperidone","risperidone","accepted","auto-accepted review 80-89"
"amiodarone hikma 50 mg","amiodarone","accepted","auto-accepted score=100"
"orticumab","alirocumab","accepted","auto-accepted review 80-89"
"metronidazole unifarma 5 mg","metronidazole","accepted","auto-accepted score=100"
"ceftazidime fresenius kabi 1000 mg pulveris injekciju šķīduma pagatavošanai","ceftazidime","accepted","auto-accepted score=100"
"melatonin in ethanol","melatonin","accepted","auto-accepted score=100"
"vitamine b12 gerda 250 microgrammes, comprimé sécable","vitamin e","accepted","auto-accepted score>=95"
"canrenone","balcinrenone","accepted","auto-accepted review 80-89"
"erythromycin tablets bp 250mg","erythromycin","accepted","auto-accepted score=100"
"ganciclovir accord 500 mg polvo para concentrado para solución para perfusión efg","ganciclovir","accepted","auto-accepted score=100"
"azd2962","azd-2927","accepted","auto-accepted review 80-89"
"methyl aminolevulinate","methyl aminolevulinate","accepted","auto-accepted score=100"
"clinitrat® (6.563+175,4+89,3+23,3) mg","choline citrate","accepted","auto-accepted review 80-89"
"fluorocolina (18f) curium italy 225 mbq","18f-fluorocholine","accepted","auto-accepted review 80-89"
"ivabradine doc generici 5 mg, filmomhulde tabletten","ivabradine","accepted","auto-accepted score=100"
"ivabradine doc generici 2,5 mg, filmomhulde tabletten","ivabradine","accepted","auto-accepted score=100"
"midazolam lek 1 mg","midazolam","accepted","auto-accepted score=100"
"ketolar 50 mg","ketorolac","accepted","auto-accepted review 80-89"
"naloxone aguettant 0,4 mg","naloxone","accepted","auto-accepted score=100"
"ketamine panpharma 50 mg","ketamine","accepted","auto-accepted score=100"
"sufenta 250 microgrammes","sufentanil","accepted","auto-accepted score 90-94"
"midazolam b. braun 1 mg","midazolam","accepted","auto-accepted score=100"
"doxycycline eg 100 mg tabletten","doxycycline","accepted","auto-accepted score=100"
"desloratadine 5 mg film-coated tablets","desloratadine","accepted","auto-accepted score=100"
"reactine levocabastina 0,5mg","creatine","accepted","auto-accepted score 90-94"
"budesonida aldo-unión- 200 microgramos","budesonide","accepted","auto-accepted score 90-94"
"migalastat hydrochloride dispersible tablet","migalastat","accepted","auto-accepted score=100"
"desmopressin ""sandoz"", sublinguale resoribletter","desmopressin","accepted","auto-accepted score=100"
"dronedarone hydrochloride","dronedarone","accepted","auto-accepted score=100"
"amiodarone hydrochloride 50 mg","amiodarone","accepted","auto-accepted score=100"
"sterile normal saline (0.9% sodium chloride solution)","serine","accepted","auto-accepted review 80-89"
"medical liquid oxygen","medical air","accepted","auto-accepted review 80-89"
"capsules with microcrystalline cellulose","microcrystalline cellulose","accepted","auto-accepted review 80-89"
"colchicine teva 0,5 mg, tabletten","colchicine","accepted","auto-accepted score=100"
"rocuronium fresenius kabi","rocuronium","accepted","auto-accepted score=100"
"remifentanil fresenius kabi","remifentanil","accepted","auto-accepted score=100"
"ibuprofen teva 400 mg, omhulde tabletten","ibuprofen","accepted","auto-accepted score=100"
"ropivacaína altan 2 mg","ropivacaine","accepted","auto-accepted score 90-94"
"diclofenac + orphenadrine + paracetamol","diclofenac","accepted","auto-accepted score=100"
"propylene glycol 50 mg","propylene glycol","accepted","auto-accepted score=100"
"azd4773","azd-4877","accepted","auto-accepted review 80-89"
"silimarin 200 mg compresse rivestite","silymarin","accepted","auto-accepted score 90-94"
"blinatumomab sc2","blinatumomab","accepted","auto-accepted score=100"
"iomeron 150 mg i","iomeprol","accepted","auto-accepted review 80-89"
"escitalopram arrow lab 10 mg comprimé pelliculé sécable","citalopram","accepted","auto-accepted score 90-94"
"glucagen 1 mg, pulver und lösungsmittel zur herstellung einer injektionslösung","glucagon","accepted","auto-accepted score 90-94"
"glucagen hypokit 1mg, pulver und lösungsmittel zur herstellung einer injektionslösung","glucagon","accepted","auto-accepted score 90-94"
"nefopam panpharma 30 mg, comprimé pelliculé","nefopam","accepted","auto-accepted score=100"
"rocuronium kabi, 10 mg","rocuronium","accepted","auto-accepted score=100"
"mirdametinib","mirdametinib","accepted","auto-accepted score=100"
"iloprost zentiva 100 microgrammes","iloprost","accepted","auto-accepted score=100"
"dbl methotrexate injection","methotrexate","accepted","auto-accepted score 90-94"
"thiotepa riemser 100 mg powder for concentrate for solution for infusion","thiotepa","accepted","auto-accepted score=100"
"tirofiban ibisqus 50 mikrogramm","tirofiban","accepted","auto-accepted score=100"
"levobupivacaína normon 0,625 mg","levobupivacaine","accepted","auto-accepted score 90-94"
"levobupivacaína normon 1,25 mg","levobupivacaine","accepted","auto-accepted score 90-94"
"roc-101","orp-101","accepted","auto-accepted review 80-89"
"amoxin 500 mg kalvopäällysteinen tabletti","tamoxifen","accepted","auto-accepted review 80-89"
"bms-986517","bms-955176","accepted","auto-accepted review 80-89"
"palonosetron, combinations","palonosetron","accepted","auto-accepted score=100"
"hydrokortison orion 10 mg tabletter.","hydrocortisone","accepted","auto-accepted score 90-94"
"sodium chloride ph. eur.","sodium chloride","accepted","auto-accepted review 80-89"
"azitromicina teva italia 200 mg","azithromycin","accepted","auto-accepted review 80-89"
"marcaine 0,5%, oplossing voor injectie","amsacrine","accepted","auto-accepted review 80-89"
"ropivacaïne fresenius kabi 5 mg","ropivacaine","accepted","auto-accepted score 90-94"
"morphine hcl sterop 40mg","morphine","accepted","auto-accepted score=100"
"heparin leo 5000 iu","heparin","accepted","auto-accepted score=100"
"acetylsalicylic acid krka 100 mg enterotabletter","acetylsalicylic acid","accepted","auto-accepted score 90-94"
"flumazenil","flumazenil","accepted","auto-accepted score=100"
"bradex 5%","betadex","accepted","auto-accepted review 80-89"
"esketamine hcl (mouthwash)","esketamine","accepted","auto-accepted score=100"
"esketamine orifarm 5 mg","esketamine","accepted","auto-accepted score=100"
"sterile isotone saline water","serine","accepted","auto-accepted review 80-89"
"lisinopril eg 20 mg, comprimé sécable","lisinopril","accepted","auto-accepted score=100"
"bisoprolol eg 5 mg, comprimé sécable","bisoprolol","accepted","auto-accepted score=100"
"spironolactone 25mg film-coated tablets","spironolactone","accepted","auto-accepted score=100"
"midazolam serraclinics 1 mg","midazolam","accepted","auto-accepted score=100"
"pirfenidon accord 267 mg filmtabletten","pirfenidone","accepted","auto-accepted score>=95"
"ropivacaína altan 7,5 mg","ropivacaine","accepted","auto-accepted score 90-94"
"diphenhydramin-hevert injektionslösung","diphenhydramine","accepted","auto-accepted score 90-94"
"alpha1-proteinase inhibitor subcutaneous (human), 15% (alpha-1 15%)","alpha1-proteinase inhibitor","accepted","auto-accepted review 80-89"
"exenatide 3.5μg","exenatide","accepted","auto-accepted score=100"
"cloxacillin navamedic 2 g injektio-","cloxacillin","accepted","auto-accepted score=100"
"tazobactam kalceks 2 g","tazobactam","accepted","auto-accepted score=100"
"tislelizumab 300 mg solution for injection","tislelizumab","accepted","auto-accepted score=100"
"ferric carboxymaltose 50 mg iron","ferric carboxymaltose","accepted","auto-accepted score 90-94"
"escitalopram cinfa 10 mg comprimidos recubiertos con película efg","citalopram","accepted","auto-accepted score 90-94"
"fluvoxamina sandoz 50 mg comprimidos recubiertos con pelicula efg","fluvoxamine","accepted","auto-accepted score 90-94"
"desvenlafaxina cinfa 50 mg comprimidos de liberación prolongada efg","desvenlafaxine","accepted","auto-accepted score>=95"
"amitriptyline hydrochloride 25 mg film-coated tablets","amitriptyline","accepted","auto-accepted score=100"
"paroxetina 20 mg comprimidos recubiertos con película efg","paroxetine","accepted","auto-accepted score 90-94"
"citalopram normon 20 mg comprimidos recubiertos con película efg","citalopram","accepted","auto-accepted score=100"
"bupropión sandoz 150 mg comprimidos de liberación modificada efg.","buprenorphine","accepted","auto-accepted review 80-89"
"mirtazapina cinfa 30 mg comprimidos recubiertos con película efg","mirtazapine","accepted","auto-accepted score 90-94"
"mepivacaina b.braun 10 mg","mepivacaine","accepted","auto-accepted score 90-94"
"azd0292","azd-2927","accepted","auto-accepted review 80-89"
"midazolam viatris 5 mg","midazolam","accepted","auto-accepted score=100"
"sodium butyrate 1,1 g","sodium citrate","accepted","auto-accepted review 80-89"
"ropivacaína b. braun 10 mg","ropivacaine","accepted","auto-accepted score 90-94"
"diclofenac + thiocolchicoside","diclofenac","accepted","auto-accepted score=100"
"nefopam biogaran 20 mg","nefopam","accepted","auto-accepted score=100"
"sufentanil kalceks 5 microgrammes","sufentanil","accepted","auto-accepted score=100"
"parecoxib seacross 40 mg powder for solution for injection","parecoxib","accepted","auto-accepted score=100"
"ketamine g.l. pharma 10 mg","ketamine","accepted","auto-accepted score=100"
"ropivacaine b.braun 2 mg","ropivacaine","accepted","auto-accepted score=100"
"flortaucipir (18f)","flortaucipir (18f)","accepted","auto-accepted score=100"
"florbetapir (18f)","florbetapir (18f)","accepted","auto-accepted score=100"
"morphine sulfate 10mg","morphine sulfate","accepted","auto-accepted score=100"
"morfinesulfaat sandoz 10 mg, tabletten","morphine sulfate","accepted","auto-accepted review 80-89"
"copper (64cu) chloride","copper (64cu) chloride","accepted","auto-accepted score=100"
"flumazenil b. braun 0,1 mg","flumazenil","accepted","auto-accepted score=100"
"capsaicin 0.04% cutaneous patch","capsaicin","accepted","auto-accepted score=100"
"asundexian bayer 10mg granules","asundexian","accepted","auto-accepted score=100"
"ibutamoren mesylate","ibutamoren","accepted","auto-accepted score=100"
"septrin 80 mg","serine","accepted","auto-accepted review 80-89"
"glucagen hypokit, pulver og solvens til injektionsvæske, opløsning","glucagon","accepted","auto-accepted score 90-94"
"pridopidine","pridopidine","accepted","auto-accepted score=100"
"dexmedetomidine b. braun 100 mikrogram","dexmedetomidine","accepted","auto-accepted score=100"
"atropine","atropine","accepted","auto-accepted score=100"
"csx-1004","cs-1003","accepted","auto-accepted review 80-89"
"methylcellulose","methylcellulose","accepted","auto-accepted score=100"
"propranolol 10 mg tablets","propranolol","accepted","auto-accepted score=100"
"hetrombopag olamine","eltrombopag olamine","accepted","auto-accepted score>=95"
"rimonabant 2,5 mg tablets","rimonabant","accepted","auto-accepted score=100"
"microcrystalline cellulose, lactose
monohydrate, croscarmellose sodium,
hydroxypropyl cellulose, citric acid monohydrate,
magnesium stearate","microcrystalline cellulose","accepted","auto-accepted review 80-89"
"azathioprine 50 mg film-coated tablets","azathioprine","accepted","auto-accepted score=100"
"azathioprine 25 mg film-coated tablets","azathioprine","accepted","auto-accepted score=100"
"ibuprofen vale 1000 mg","ibuprofen","accepted","auto-accepted score=100"
"abirateron sandoz 500 mg, filmomhulde tabletten","abiraterone","accepted","auto-accepted score>=95"
"gentamycine b. braun 1 mg","gentamicin","accepted","auto-accepted review 80-89"
"amoxicillin ab 1000 mg dispergeerbare tabletten","amoxicillin","accepted","auto-accepted score=100"
"cefazoline sandoz 1 g poeder voor oplossing voor injectie","cefazolin","accepted","auto-accepted score>=95"
"floxapen, poeder voor oplossing voor injectie 1 g","loxapine","accepted","auto-accepted review 80-89"
"ceftriaxone fresenius kabi 1 g poeder voor oplossing voor injectie of infusie","ceftriaxone","accepted","auto-accepted score=100"
"clindamycin sandoz 300 mg harde capsules","clindamycin","accepted","auto-accepted score=100"
"penicilline 1.000.000 ie, poeder voor oplossing voor injectie","penicillin v","accepted","auto-accepted score 90-94"
"vancomycin xellia 250 mg, kapseli, kova","vancomycin","accepted","auto-accepted score=100"
"vancomycin xellia 125 mg, kapseli, kova","vancomycin","accepted","auto-accepted score=100"
"oxygene medicinal linde healthcare 200 bar, gaz pour inhalation, en bouteille","oxygen","accepted","auto-accepted score>=95"
"vancomycin mip pharma 500 mg, infuusiokuiva-aine, liuosta varten","vancomycin","accepted","auto-accepted score=100"
"amoxicillin mip pharma 1000 mg tabletit","amoxicillin","accepted","auto-accepted score=100"
"metronidazole braun 5 mg","metronidazole","accepted","auto-accepted score=100"
"vancomycin mip pharma 1000 mg, infuusiokuiva-aine, liuosta varten","vancomycin","accepted","auto-accepted score=100"
"levofloxacin orion 500 mg kalvopäällysteiset tabletit","levofloxacin","accepted","auto-accepted score=100"
"ciprofloxacin orion 500 mg kalvopäällysteiset tabletit","ciprofloxacin","accepted","auto-accepted score=100"
"clindamycin orion 300 mg kapseli, kova","clindamycin","accepted","auto-accepted score=100"
"meropenem aptapharma 1 g injektio-","meropenem","accepted","auto-accepted score=100"
"amoxin comp 500 mg","tamoxifen","accepted","auto-accepted review 80-89"
"doxycycline sandoz 100 mg tabletten","doxycycline","accepted","auto-accepted score=100"
"meronem 1g κόνις για ενέσιμο διάλυμα ή διάλυμα προς έγχυση","meropenem","accepted","auto-accepted review 80-89"
"mifamurtide","mifamurtide","accepted","auto-accepted score=100"
