raw_substance,active_substance_clean,match_status,match_score,match_source,match_reason,n_occurrences,decision,canonical_substance,comment
Lonsurf 15 mg,NA,review,98,manual,ambiguous alias maps to multiple substances,19,NA,NA,NA
Lonsurf 20 mg,NA,review,98,manual,ambiguous alias maps to multiple substances,17,NA,NA,NA
DCVAC,NA,unknown,0,NA,no reliable match,14,skipped,NA,"skipped: no match, awaiting chembl pass"
Recombinant Neisseria meningitidis group B NadA protein,Recombinant adamts13,review,85,fuzzy:llm_reviewed,fuzzy match (jw similarity 85%),13,skipped,NA,"skipped: wrong fuzzy suggestion, awaiting chembl pass"
Biktarvy 50 mg,NA,review,98,manual,ambiguous alias maps to multiple substances,13,NA,NA,NA
Pending,Pegdinetanib,unknown,81,fuzzy:chembl,fuzzy match (jw similarity 81%),11,skipped,NA,"skipped: no match, awaiting chembl pass"
VARI,NA,unknown,0,NA,no reliable match,11,skipped,NA,"skipped: no match, awaiting chembl pass"
pending,Pegdinetanib,unknown,81,fuzzy:chembl,fuzzy match (jw similarity 81%),11,skipped,NA,"skipped: no match, awaiting chembl pass"
-LIKE VIRUS ANTIGEN,NA,unknown,0,NA,no reliable match,11,skipped,NA,"skipped: no match, awaiting chembl pass"
254 measured as amount of total protein containing the PorA P1.4,NA,unknown,0,NA,no reliable match,11,skipped,NA,"skipped: no match, awaiting chembl pass"
NAP,NA,unknown,0,NA,no reliable match,11,skipped,NA,"skipped: no match, awaiting chembl pass"
None yet,NA,unknown,0,NA,no reliable match,11,skipped,NA,"skipped: no match, awaiting chembl pass"
"infusionsvätska, lösning",NA,unknown,0,NA,no reliable match,11,skipped,NA,"skipped: no match, awaiting chembl pass"
99 IVR-116,NA,unknown,0,NA,no reliable match,10,skipped,NA,"skipped: no match, awaiting chembl pass"
[68Ga]Ga-PentixaFor,NA,unknown,0,NA,no reliable match,10,skipped,NA,"skipped: no match, awaiting chembl pass"
ELECTROLYTES,NA,unknown,0,NA,no reliable match,10,skipped,NA,"skipped: no match, awaiting chembl pass"
JNJ-77242113,NA,unknown,0,NA,no reliable match,10,skipped,NA,"skipped: no match, awaiting chembl pass"
2005 NYMCX-161,NA,unknown,0,NA,no reliable match,9,skipped,NA,"skipped: no match, awaiting chembl pass"
2006 IVR-145,NA,unknown,0,NA,no reliable match,9,skipped,NA,"skipped: no match, awaiting chembl pass"
2009 H1N1v-like,NA,unknown,0,NA,no reliable match,9,skipped,NA,"skipped: no match, awaiting chembl pass"
Boostrix,NA,unknown,0,NA,no reliable match,9,skipped,NA,"skipped: no match, awaiting chembl pass"
"infusjonsvæske, oppløsning",NA,unknown,0,NA,no reliable match,9,skipped,NA,"skipped: no match, awaiting chembl pass"
Hyperpolarized [1-13C]pyruvate,Peralopride,unknown,84,fuzzy:chembl,fuzzy match (jw similarity 84%),9,skipped,NA,"skipped: no match, awaiting chembl pass"
mRNA-4157,Mln-0415,unknown,81,fuzzy:chembl,fuzzy match (jw similarity 81%),9,skipped,NA,"skipped: low-confidence unknown, awaiting chembl pass"
P-Tabletten weiß 7 mm Lichtenstein,NA,unknown,0,NA,no reliable match,9,skipped,NA,"skipped: no match, awaiting chembl pass"
BNT327,NA,unknown,0,NA,no reliable match,9,skipped,NA,"skipped: no match, awaiting chembl pass"
2007 IVR-148,NA,unknown,0,NA,no reliable match,8,skipped,NA,"skipped: no match, awaiting chembl pass"
2007 NYMC X-175C,NA,unknown,0,NA,no reliable match,8,skipped,NA,"skipped: no match, awaiting chembl pass"
AAV2,NA,unknown,0,NA,no reliable match,8,skipped,NA,"skipped: no match, awaiting chembl pass"
"infusionsvæske, opløsning",NA,unknown,0,NA,no reliable match,8,skipped,NA,"skipped: no match, awaiting chembl pass"
XPF-010,Bmx-010,unknown,81,fuzzy:chembl,fuzzy match (jw similarity 81%),8,skipped,NA,"skipped: no match, awaiting chembl pass"
JZP598,NA,unknown,0,NA,no reliable match,8,skipped,NA,"skipped: no match, awaiting chembl pass"
Diamyd,NA,unknown,0,NA,no reliable match,7,skipped,NA,"skipped: no match, awaiting chembl pass"
BI 1744 2.5 g Solution for Inhalation,NA,unknown,0,NA,no reliable match,7,skipped,NA,"skipped: no match, awaiting chembl pass"
mesenchymal stem cells,NA,unknown,0,NA,no reliable match,7,skipped,NA,"skipped: no match, awaiting chembl pass"
PCa,NA,unknown,0,NA,no reliable match,7,skipped,NA,"skipped: no match, awaiting chembl pass"
TIL,NA,unknown,0,NA,no reliable match,7,skipped,NA,"skipped: no match, awaiting chembl pass"
g ointment,NA,unknown,0,NA,no reliable match,7,skipped,NA,"skipped: no match, awaiting chembl pass"
PF-07850327 round,Vepdegestrant,review,63,chembl,alias match (chembl_synonym): 'pf-07850327' → 'vepdegestrant',7,skipped,NA,"skipped: no match, awaiting chembl pass"
S95031 250mg film-coated tablet,NA,unknown,0,NA,no reliable match,7,skipped,NA,"skipped: no match, awaiting chembl pass"
ZYTIGA 500 mg film-coated tablets,NA,review,97,manual,ambiguous alias maps to multiple substances,7,NA,NA,NA
7.2 micrograms,NA,unknown,0,NA,no reliable match,7,skipped,NA,"skipped: no match, awaiting chembl pass"
"160 micrograms pressurised inhalation, suspension",NA,unknown,0,NA,no reliable match,7,skipped,NA,"skipped: no match, awaiting chembl pass"
JNJ-73841937,NA,unknown,0,NA,no reliable match,7,skipped,NA,"skipped: no match, awaiting chembl pass"
dose dispersion for injection COVID-19 mRNA Vaccine,Covid-19 sa-mrna vaccine,unknown,83,fuzzy:llm_reviewed,fuzzy match (jw similarity 83%),7,skipped,NA,"skipped: low-confidence unknown, awaiting chembl pass"
AMG 133,Amg-337,unknown,81,fuzzy:llm_reviewed,fuzzy match (jw similarity 81%),7,skipped,NA,"skipped: low-confidence unknown, awaiting chembl pass"
IMVT-1402,Mvt-1075,unknown,81,fuzzy:chembl,fuzzy match (jw similarity 81%),7,skipped,NA,"skipped: no match, awaiting chembl pass"
Combinations,NA,unknown,0,NA,no reliable match,6,skipped,NA,"skipped: no match, awaiting chembl pass"
Not known,NA,unknown,0,NA,no reliable match,6,skipped,NA,"skipped: no match, awaiting chembl pass"
Heliox21,NA,unknown,0,NA,no reliable match,6,skipped,NA,"skipped: no match, awaiting chembl pass"
INN,NA,unknown,0,NA,no reliable match,6,skipped,NA,"skipped: no match, awaiting chembl pass"
PolyO-2-hydroxyethylstarch,NA,unknown,0,NA,no reliable match,6,skipped,NA,"skipped: no match, awaiting chembl pass"
Horseradish root powder,NA,unknown,0,NA,no reliable match,6,skipped,NA,"skipped: no match, awaiting chembl pass"
Sodium,Opium,unknown,82,fuzzy:manual,fuzzy match (jw similarity 82%),6,skipped,NA,"skipped: low-confidence unknown, awaiting chembl pass"
DC-VACCINE_IRSTIRCCS,Bcg vaccine,unknown,84,fuzzy:llm_reviewed,fuzzy match (jw similarity 84%),6,skipped,NA,"skipped: low-confidence unknown, awaiting chembl pass"
Not applied,NA,unknown,0,NA,no reliable match,6,skipped,NA,"skipped: no match, awaiting chembl pass"
Plasma rich in growth factors,Plasmin,review,85,fuzzy:llm_reviewed,fuzzy match (jw similarity 85%),6,skipped,NA,"skipped: wrong fuzzy suggestion, awaiting chembl pass"
SGM-101,Gi-101,review,85,fuzzy:chembl,fuzzy match (jw similarity 85%),6,skipped,NA,"skipped: no match, awaiting chembl pass"
NBI-1065845,Bi-1206,unknown,80,fuzzy:chembl,fuzzy match (jw similarity 80%),6,skipped,NA,"skipped: no match, awaiting chembl pass"
TAK-861,Tak-186,review,93,fuzzy:chembl,fuzzy match (jw similarity 93%),6,skipped,NA,"skipped: no match, awaiting chembl pass"
Vyxeos Liposomal 44 mg,NA,unknown,0,NA,no reliable match,6,skipped,NA,"skipped: no match, awaiting chembl pass"
Bendatax 6 mg,Bendazac,unknown,83,fuzzy:chembl,fuzzy match (jw similarity 83%),6,skipped,NA,"skipped: low-confidence unknown, awaiting chembl pass"
g Gel,NA,unknown,0,NA,no reliable match,6,skipped,NA,"skipped: no match, awaiting chembl pass"
TQJ230,NA,unknown,0,NA,no reliable match,6,skipped,NA,"skipped: no match, awaiting chembl pass"
Film-Coated Tablet without JNJ-77242113,NA,unknown,0,NA,no reliable match,6,skipped,NA,"skipped: no match, awaiting chembl pass"
Zelvina 5 mg hard capsules,NA,unknown,0,NA,no reliable match,6,skipped,NA,"skipped: no match, awaiting chembl pass"
Zelvina 10 mg hard capsules,NA,unknown,0,NA,no reliable match,6,skipped,NA,"skipped: no match, awaiting chembl pass"
Double encapsulated oral transplant of fecal microbiota,Drobuline,unknown,83,fuzzy:chembl,fuzzy match (jw similarity 83%),6,skipped,NA,"skipped: no match, awaiting chembl pass"
BENDAFOLIN 10 mg,Bendazol,review,86,fuzzy:chembl,fuzzy match (jw similarity 86%),6,skipped,NA,"skipped: no match, awaiting chembl pass"
ARO-APOC3 PFS,NA,unknown,0,NA,no reliable match,6,skipped,NA,"skipped: no match, awaiting chembl pass"
TEDOPI,NA,unknown,0,NA,no reliable match,6,skipped,NA,"skipped: no match, awaiting chembl pass"
NNC0487-0111 B 10141,NA,unknown,0,NA,no reliable match,6,skipped,NA,"skipped: no match, awaiting chembl pass"
NNC0487-0111 B 10144,NA,unknown,0,NA,no reliable match,6,skipped,NA,"skipped: no match, awaiting chembl pass"
NNC0487-0111 B 10142,NA,unknown,0,NA,no reliable match,6,skipped,NA,"skipped: no match, awaiting chembl pass"
NNC0487-0111 B 10146,NA,unknown,0,NA,no reliable match,6,skipped,NA,"skipped: no match, awaiting chembl pass"
NNC0487-0111 B 10145,NA,unknown,0,NA,no reliable match,6,skipped,NA,"skipped: no match, awaiting chembl pass"
NNC0487-0111 B 10143,NA,unknown,0,NA,no reliable match,6,skipped,NA,"skipped: no match, awaiting chembl pass"
g cream,NA,unknown,0,NA,no reliable match,5,skipped,NA,"skipped: no match, awaiting chembl pass"
Myfortic,NA,review,99,manual,ambiguous alias maps to multiple substances,5,NA,NA,NA
g Creme,NA,unknown,0,NA,no reliable match,5,skipped,NA,"skipped: no match, awaiting chembl pass"
Mesenchymal stem cells,NA,unknown,0,NA,no reliable match,5,skipped,NA,"skipped: no match, awaiting chembl pass"
recMAGE-A3 recombinant protein formulated in AS15 adjuvant,NA,unknown,0,NA,no reliable match,5,skipped,NA,"skipped: no match, awaiting chembl pass"
Truvada,NA,review,99,manual,ambiguous alias maps to multiple substances,5,NA,NA,NA
2005 NYMCX-161B,NA,unknown,0,NA,no reliable match,5,skipped,NA,"skipped: no match, awaiting chembl pass"
Mesenchymal stromal cells,NA,unknown,0,NA,no reliable match,5,skipped,NA,"skipped: no match, awaiting chembl pass"
vial,NA,unknown,0,NA,no reliable match,5,skipped,NA,"skipped: no match, awaiting chembl pass"
Hib conjugate to meningococcal outer membrane protein complex,NA,unknown,0,NA,no reliable match,5,skipped,NA,"skipped: no match, awaiting chembl pass"
Nasturtium herb powder,Astuprotimut-r,unknown,81,fuzzy:chembl,fuzzy match (jw similarity 81%),5,skipped,NA,"skipped: low-confidence unknown, awaiting chembl pass"
Diluyente. Solucin salina Fenolada Glicerinada,Difluprednate,unknown,83,fuzzy:chembl,fuzzy match (jw similarity 83%),5,skipped,NA,"skipped: no match, awaiting chembl pass"
ALLOB cells,NA,unknown,0,NA,no reliable match,5,skipped,NA,"skipped: no match, awaiting chembl pass"
PRGF-ENDORET,NA,unknown,0,NA,no reliable match,5,skipped,NA,"skipped: no match, awaiting chembl pass"
BCX9930,NA,unknown,0,NA,no reliable match,5,skipped,NA,"skipped: no match, awaiting chembl pass"
JNJ-75276617,NA,unknown,0,NA,no reliable match,5,skipped,NA,"skipped: no match, awaiting chembl pass"
ESK-001,Kb-001,review,85,fuzzy:chembl,fuzzy match (jw similarity 85%),5,skipped,NA,"skipped: no match, awaiting chembl pass"
ASTX727,NA,unknown,0,NA,no reliable match,5,skipped,NA,"skipped: no match, awaiting chembl pass"
MB-CART19.1,NA,unknown,0,NA,no reliable match,5,skipped,NA,"skipped: no match, awaiting chembl pass"
BJT-778,Bt-1718,unknown,81,fuzzy:chembl,fuzzy match (jw similarity 81%),5,skipped,NA,"skipped: no match, awaiting chembl pass"
INTESTIFIX 001,NA,unknown,0,NA,no reliable match,5,skipped,NA,"skipped: no match, awaiting chembl pass"
Zelvina 15 mg hard capsules,NA,unknown,0,NA,no reliable match,5,skipped,NA,"skipped: no match, awaiting chembl pass"
PRAX-628,NA,unknown,0,NA,no reliable match,5,skipped,NA,"skipped: no match, awaiting chembl pass"
EXL01,NA,unknown,0,NA,no reliable match,5,skipped,NA,"skipped: no match, awaiting chembl pass"
JNJ-17000139,NA,unknown,0,NA,no reliable match,5,skipped,NA,"skipped: no match, awaiting chembl pass"
DARAXONRASIB (RMC-6236),NA,unknown,0,NA,no reliable match,5,skipped,NA,"skipped: no match, awaiting chembl pass"
KYV-101,Av-101,review,85,fuzzy:chembl,fuzzy match (jw similarity 85%),5,skipped,NA,"skipped: no match, awaiting chembl pass"
ASP8951,Asp-9521,review,87,fuzzy:chembl,fuzzy match (jw similarity 87%),5,skipped,NA,"skipped: low-confidence unknown, awaiting chembl pass"
KarX-EC,NA,unknown,0,NA,no reliable match,5,skipped,NA,"skipped: no match, awaiting chembl pass"
To be confirmed,NA,unknown,0,NA,no reliable match,4,skipped,NA,"skipped: no match, awaiting chembl pass"
Various,NA,unknown,0,NA,no reliable match,4,skipped,NA,"skipped: no match, awaiting chembl pass"
MVA ME-TRAP,NA,unknown,0,NA,no reliable match,4,skipped,NA,"skipped: no match, awaiting chembl pass"
MARS,NA,unknown,0,NA,no reliable match,4,skipped,NA,"skipped: no match, awaiting chembl pass"
"1,6-glucan",NA,unknown,0,NA,no reliable match,4,skipped,NA,"skipped: no match, awaiting chembl pass"
ASCs,NA,unknown,0,NA,no reliable match,4,skipped,NA,"skipped: no match, awaiting chembl pass"
OTHER ANTINEOPLASTIC AGENTS,NA,unknown,0,NA,no reliable match,4,skipped,NA,"skipped: no match, awaiting chembl pass"
NGR-hTNF,NA,unknown,0,NA,no reliable match,4,skipped,NA,"skipped: no match, awaiting chembl pass"
2005 NYCMCX-161B,NA,unknown,0,NA,no reliable match,4,skipped,NA,"skipped: no match, awaiting chembl pass"
gE recombinant protein formulated in AS01B Adjuvant System,NA,unknown,0,NA,no reliable match,4,skipped,NA,"skipped: no match, awaiting chembl pass"
SIAC,NA,unknown,0,NA,no reliable match,4,skipped,NA,"skipped: no match, awaiting chembl pass"
FLUCIS,NA,unknown,0,NA,no reliable match,4,skipped,NA,"skipped: no match, awaiting chembl pass"
"No INN proposed, rhGAD65 formulated in alum GAD-alum",NA,unknown,0,NA,no reliable match,4,skipped,NA,"skipped: no match, awaiting chembl pass"
AGUA PARA PREPARACIONES INYECTABLES,NA,unknown,0,NA,no reliable match,4,skipped,NA,"skipped: no match, awaiting chembl pass"
BI 1744 5 g Solution for Inhalation,NA,unknown,0,NA,no reliable match,4,skipped,NA,"skipped: no match, awaiting chembl pass"
Human autologous mesenchymal stem cells,NA,unknown,0,NA,no reliable match,4,skipped,NA,"skipped: no match, awaiting chembl pass"
18FHX4,NA,unknown,0,NA,no reliable match,4,skipped,NA,"skipped: no match, awaiting chembl pass"
Iron,NA,unknown,0,NA,no reliable match,4,skipped,NA,"skipped: no match, awaiting chembl pass"
Heterologous Human Adult Liver-derived Progenitor Cells,NA,unknown,0,NA,no reliable match,4,skipped,NA,"skipped: no match, awaiting chembl pass"
11CPK11195,NA,unknown,0,NA,no reliable match,4,skipped,NA,"skipped: no match, awaiting chembl pass"
INN not available yet,NA,unknown,0,NA,no reliable match,4,skipped,NA,"skipped: no match, awaiting chembl pass"
UVEDOSE,NA,unknown,0,NA,no reliable match,4,skipped,NA,"skipped: no match, awaiting chembl pass"
PRP,NA,unknown,0,NA,no reliable match,4,skipped,NA,"skipped: no match, awaiting chembl pass"
OvCa,NA,unknown,0,NA,no reliable match,4,skipped,NA,"skipped: no match, awaiting chembl pass"
PRGF,NA,unknown,0,NA,no reliable match,4,skipped,NA,"skipped: no match, awaiting chembl pass"
SAR439774,Sar-439459,unknown,83,fuzzy:chembl,fuzzy match (jw similarity 83%),4,skipped,NA,"skipped: no match, awaiting chembl pass"
Not established yet,NA,unknown,0,NA,no reliable match,4,skipped,NA,"skipped: no match, awaiting chembl pass"
MaaT013,NA,unknown,0,NA,no reliable match,4,skipped,NA,"skipped: no match, awaiting chembl pass"
RSV MAT,NA,unknown,0,NA,no reliable match,4,skipped,NA,"skipped: no match, awaiting chembl pass"
AP1189 Tablet,Resomelagon acetate,review,63,chembl,alias match (chembl_synonym): 'ap1189' → 'resomelagon acetate',4,skipped,NA,"skipped: no match, awaiting chembl pass"
Pred Forte 1% w,NA,unknown,0,NA,no reliable match,4,skipped,NA,"skipped: no match, awaiting chembl pass"
"v, Eye Drops Suspension",NA,unknown,0,NA,no reliable match,4,skipped,NA,"skipped: no match, awaiting chembl pass"
MB-CART2019.1,NA,unknown,0,NA,no reliable match,4,skipped,NA,"skipped: no match, awaiting chembl pass"
BAY 734506,NA,unknown,0,NA,no reliable match,4,skipped,NA,"skipped: no match, awaiting chembl pass"
CHF6001 DPI,Tranimilast,review,63,chembl,alias match (chembl_synonym): 'chf6001' → 'tranimilast',4,skipped,NA,"skipped: no match, awaiting chembl pass"
INCB099280,Incb-059872,unknown,80,fuzzy:chembl,fuzzy match (jw similarity 80%),4,skipped,NA,"skipped: no match, awaiting chembl pass"
Truvada 200 mg,NA,review,98,manual,ambiguous alias maps to multiple substances,4,NA,NA,NA
"ml), émulsion injectable ou pour perfusion",NA,unknown,0,NA,no reliable match,4,skipped,NA,"skipped: no match, awaiting chembl pass"
acide clavulanique : 8,NA,unknown,0,NA,no reliable match,4,skipped,NA,"skipped: no match, awaiting chembl pass"
[18F]-AlF-FAPI-74,NA,unknown,0,NA,no reliable match,4,skipped,NA,"skipped: no match, awaiting chembl pass"
Zelvina 20 mg hard capsules,NA,unknown,0,NA,no reliable match,4,skipped,NA,"skipped: no match, awaiting chembl pass"
"PRICK TEST Beifuss LETI, 30 HEP",NA,unknown,0,NA,no reliable match,4,skipped,NA,"skipped: no match, awaiting chembl pass"
Enema transplant of fecal microbiota,NA,unknown,0,NA,no reliable match,4,skipped,NA,"skipped: no match, awaiting chembl pass"
Prick Test Histamin LETI Positivkontrolle 10 mg,NA,unknown,0,NA,no reliable match,4,skipped,NA,"skipped: no match, awaiting chembl pass"
Zelvina 25 mg hard capsules,NA,unknown,0,NA,no reliable match,4,skipped,NA,"skipped: no match, awaiting chembl pass"
Benda-5 FU 50 mg,NA,unknown,0,NA,no reliable match,4,skipped,NA,"skipped: no match, awaiting chembl pass"
"MSC, adipose tissue",NA,unknown,0,NA,no reliable match,4,skipped,NA,"skipped: no match, awaiting chembl pass"
AZD0780,Azd-1080,review,87,fuzzy:chembl,fuzzy match (jw similarity 87%),4,skipped,NA,"skipped: no match, awaiting chembl pass"
EHSG-KF,NA,unknown,0,NA,no reliable match,4,skipped,NA,"skipped: no match, awaiting chembl pass"
BHV-7000,NA,unknown,0,NA,no reliable match,4,skipped,NA,"skipped: no match, awaiting chembl pass"
REGN7508,Regn-728,unknown,83,fuzzy:chembl,fuzzy match (jw similarity 83%),4,skipped,NA,"skipped: no match, awaiting chembl pass"
"infuusioneste, liuos",NA,unknown,0,NA,no reliable match,4,skipped,NA,"skipped: no match, awaiting chembl pass"
[18F]FAPI-74,NA,unknown,0,NA,no reliable match,4,skipped,NA,"skipped: no match, awaiting chembl pass"
ALKS 2680,NA,unknown,0,NA,no reliable match,4,skipped,NA,"skipped: no match, awaiting chembl pass"
SAR443765,Sar-441236,unknown,83,fuzzy:chembl,fuzzy match (jw similarity 83%),4,skipped,NA,"skipped: no match, awaiting chembl pass"
ITI-1284,NA,unknown,0,NA,no reliable match,4,skipped,NA,"skipped: no match, awaiting chembl pass"
"infuusiokuiva-aine, liuosta varten",NA,unknown,0,NA,no reliable match,4,skipped,NA,"skipped: no match, awaiting chembl pass"
Diagnóstico prick control positivo,NA,unknown,0,NA,no reliable match,4,skipped,NA,"skipped: no match, awaiting chembl pass"
Diagnóstico prick control negativo,NA,unknown,0,NA,no reliable match,4,skipped,NA,"skipped: no match, awaiting chembl pass"
WT1 LAMP mRNA DC,NA,unknown,0,NA,no reliable match,4,skipped,NA,"skipped: no match, awaiting chembl pass"
Identical to NBI-1065845 tablets without active drug,Idremcinal,review,85,fuzzy:chembl,fuzzy match (jw similarity 85%),4,skipped,NA,"skipped: no match, awaiting chembl pass"
dose,NA,unknown,0,NA,no reliable match,3,skipped,NA,"skipped: no match, awaiting chembl pass"
Cerebrolysin,NA,unknown,0,NA,no reliable match,3,skipped,NA,"skipped: no match, awaiting chembl pass"
Other antineoplastic agents,NA,unknown,0,NA,no reliable match,3,skipped,NA,"skipped: no match, awaiting chembl pass"
HRV vaccine live,NA,unknown,0,NA,no reliable match,3,skipped,NA,"skipped: no match, awaiting chembl pass"
h transdermal patch,NA,unknown,0,NA,no reliable match,3,skipped,NA,"skipped: no match, awaiting chembl pass"
"PS-PD for serotypes 1,4,5,6B,7F,9V,14,23F PS-TT for 18C PS-DT for 19F",NA,unknown,0,NA,no reliable match,3,skipped,NA,"skipped: no match, awaiting chembl pass"
"99H1N1-like virus, A",NA,unknown,0,NA,no reliable match,3,skipped,NA,"skipped: no match, awaiting chembl pass"
not issued,NA,unknown,0,NA,no reliable match,3,skipped,NA,"skipped: no match, awaiting chembl pass"
Neoral,NA,review,99,manual,ambiguous alias maps to multiple substances,3,NA,NA,NA
"N.N-Decan-1,10 decandiyldi-14H-pyridinyl-4-ylidenebis-1-octanaminedihydrochloride",NA,unknown,0,NA,no reliable match,3,skipped,NA,"skipped: no match, awaiting chembl pass"
TroVax,Trovafloxacin,unknown,82,fuzzy:epar,fuzzy match (jw similarity 82%),3,skipped,NA,"skipped: low-confidence unknown, awaiting chembl pass"
PSD506,NA,unknown,0,NA,no reliable match,3,skipped,NA,"skipped: no match, awaiting chembl pass"
2004-like virus,NA,unknown,0,NA,no reliable match,3,skipped,NA,"skipped: no match, awaiting chembl pass"
Sunphenon,NA,unknown,0,NA,no reliable match,3,skipped,NA,"skipped: no match, awaiting chembl pass"
VSL3,NA,unknown,0,NA,no reliable match,3,skipped,NA,"skipped: no match, awaiting chembl pass"
G-CSF,NA,unknown,0,NA,no reliable match,3,skipped,NA,"skipped: no match, awaiting chembl pass"
"--trans-3-5,6-dihydro-4H-pyrrolo 3,2,1-ij quinolin-1yl-41H-indo-3-yl pyrrolidine-2, 5-dione",NA,unknown,0,NA,no reliable match,3,skipped,NA,"skipped: no match, awaiting chembl pass"
Cocktail of recombinant major allergens of Phleum pratense,NA,unknown,0,NA,no reliable match,3,skipped,NA,"skipped: no match, awaiting chembl pass"
MSV,NA,unknown,0,NA,no reliable match,3,skipped,NA,"skipped: no match, awaiting chembl pass"
CNTO888,NA,unknown,0,NA,no reliable match,3,skipped,NA,"skipped: no match, awaiting chembl pass"
"Soluble Beta-1,3",Solasulfone,unknown,80,fuzzy:chembl,fuzzy match (jw similarity 80%),3,skipped,NA,"skipped: no match, awaiting chembl pass"
BI 1744 5.0 g Solution for Inhalation,NA,unknown,0,NA,no reliable match,3,skipped,NA,"skipped: no match, awaiting chembl pass"
Boostrix Polio,NA,unknown,0,NA,no reliable match,3,skipped,NA,"skipped: no match, awaiting chembl pass"
Skeletal Muscle Derived Cells,Seletalisib,unknown,84,fuzzy:llm_reviewed,fuzzy match (jw similarity 84%),3,skipped,NA,"skipped: no match, awaiting chembl pass"
Clulas mononucleadas,NA,unknown,0,NA,no reliable match,3,skipped,NA,"skipped: no match, awaiting chembl pass"
dendritic cells,NA,unknown,0,NA,no reliable match,3,skipped,NA,"skipped: no match, awaiting chembl pass"
rdESAT-6,NA,unknown,0,NA,no reliable match,3,skipped,NA,"skipped: no match, awaiting chembl pass"
TRUVADA,NA,review,99,manual,ambiguous alias maps to multiple substances,3,NA,NA,NA
2009 NYMC X-181,NA,unknown,0,NA,no reliable match,3,skipped,NA,"skipped: no match, awaiting chembl pass"
2009 NYMC X-187,NA,unknown,0,NA,no reliable match,3,skipped,NA,"skipped: no match, awaiting chembl pass"
Platelet-rich plasma PRP,Platelets,unknown,83,fuzzy:llm_reviewed,fuzzy match (jw similarity 83%),3,skipped,NA,"skipped: low-confidence unknown, awaiting chembl pass"
IMM-101,Imd-1041,review,87,fuzzy:chembl,fuzzy match (jw similarity 87%),3,skipped,NA,"skipped: no match, awaiting chembl pass"
gpASIT+TM,NA,unknown,0,NA,no reliable match,3,skipped,NA,"skipped: no match, awaiting chembl pass"
INN not available,NA,unknown,0,NA,no reliable match,3,skipped,NA,"skipped: no match, awaiting chembl pass"
Recombinant Human Apolipoprotein A-I,Recombinant human kallikrein-1,review,86,fuzzy:chembl,fuzzy match (jw similarity 86%),3,skipped,NA,"skipped: wrong fuzzy suggestion, awaiting chembl pass"
"Ethylhydrogenfumarat, Calciumsalz",NA,unknown,0,NA,no reliable match,3,skipped,NA,"skipped: no match, awaiting chembl pass"
"Ethylhydrogenfumarat, Magnesiumsalz",NA,unknown,0,NA,no reliable match,3,skipped,NA,"skipped: no match, awaiting chembl pass"
"Ethylhydrogenfumarat, Zinksalz",NA,unknown,0,NA,no reliable match,3,skipped,NA,"skipped: no match, awaiting chembl pass"
blood DC loaded with tumor peptides,NA,unknown,0,NA,no reliable match,3,skipped,NA,"skipped: no match, awaiting chembl pass"
Diluyente. Solucin Salina Fenolada Glicerinada,Difluprednate,unknown,83,fuzzy:chembl,fuzzy match (jw similarity 83%),3,skipped,NA,"skipped: no match, awaiting chembl pass"
16-alpha-18F-17-beta-estradiol,NA,unknown,0,NA,no reliable match,3,skipped,NA,"skipped: no match, awaiting chembl pass"
LY2495655 for Injection,Landogrozumab,review,63,chembl,alias match (chembl_synonym): 'ly2495655' → 'landogrozumab',3,skipped,NA,"skipped: no match, awaiting chembl pass"
lipopolysaccharide,NA,unknown,0,NA,no reliable match,3,skipped,NA,"skipped: no match, awaiting chembl pass"
ChAd63 ME-TRAP AdCh63 ME-TRAP,NA,unknown,0,NA,no reliable match,3,skipped,NA,"skipped: no match, awaiting chembl pass"
Allergovit Birch,NA,unknown,0,NA,no reliable match,3,skipped,NA,"skipped: no match, awaiting chembl pass"
ongoing,NA,unknown,0,NA,no reliable match,3,skipped,NA,"skipped: no match, awaiting chembl pass"
Innate repair activator peptide,Vinconate,review,89,fuzzy:chembl,fuzzy match (jw similarity 89%),3,skipped,NA,"skipped: no match, awaiting chembl pass"
Gaviscon Double Action Mint,NA,unknown,0,NA,no reliable match,3,skipped,NA,"skipped: no match, awaiting chembl pass"
Human C3A hepatoblastoma cells,NA,unknown,0,NA,no reliable match,3,skipped,NA,"skipped: no match, awaiting chembl pass"
Hawthorn berries liquid extract Ethanol 93 V,NA,unknown,0,NA,no reliable match,3,skipped,NA,"skipped: no match, awaiting chembl pass"
"V DER native 1:1,3-1,5",NA,unknown,0,NA,no reliable match,3,skipped,NA,"skipped: no match, awaiting chembl pass"
ROBILAS,Brinolase,unknown,83,fuzzy:chembl,fuzzy match (jw similarity 83%),3,skipped,NA,"skipped: no match, awaiting chembl pass"
Heilwasser,NA,unknown,0,NA,no reliable match,3,skipped,NA,"skipped: no match, awaiting chembl pass"
Recombinant AAV vector serotype 2 containing the human wild type mitochondrial ND4 gene,Recombinant adamts13,review,85,fuzzy:llm_reviewed,fuzzy match (jw similarity 85%),3,skipped,NA,"skipped: wrong fuzzy suggestion, awaiting chembl pass"
"allogeneic, umbilical cord blood-derived, ex vivo expanded, hematopoietic CD133+ cells",NA,unknown,0,NA,no reliable match,3,skipped,NA,"skipped: no match, awaiting chembl pass"
"allogeneic, umbilical cord blood-derived, non-expanded, hematopoietic CD133- cells",NA,unknown,0,NA,no reliable match,3,skipped,NA,"skipped: no match, awaiting chembl pass"
RNS60,NA,unknown,0,NA,no reliable match,3,skipped,NA,"skipped: no match, awaiting chembl pass"
Sulforadex,Fludorex,unknown,83,fuzzy:chembl,fuzzy match (jw similarity 83%),3,skipped,NA,"skipped: no match, awaiting chembl pass"
REFINED OLIVE OIL AND REFINED SOYA OIL,Trofinetide,unknown,80,fuzzy:epar,fuzzy match (jw similarity 80%),3,skipped,NA,"skipped: low-confidence unknown, awaiting chembl pass"
68-Ga-NODAGA-K40-Exendin4,NA,unknown,0,NA,no reliable match,3,skipped,NA,"skipped: no match, awaiting chembl pass"
no INN available,NA,unknown,0,NA,no reliable match,3,skipped,NA,"skipped: no match, awaiting chembl pass"
JNJ-53718678-AAA,NA,unknown,0,NA,no reliable match,3,skipped,NA,"skipped: no match, awaiting chembl pass"
clulas mesenquimales troncales adultas autlogas de medula sea expandidas,NA,unknown,0,NA,no reliable match,3,skipped,NA,"skipped: no match, awaiting chembl pass"
ApoA-I,NA,unknown,0,NA,no reliable match,3,skipped,NA,"skipped: no match, awaiting chembl pass"
Sph,NA,unknown,0,NA,no reliable match,3,skipped,NA,"skipped: no match, awaiting chembl pass"
DPPG,NA,unknown,0,NA,no reliable match,3,skipped,NA,"skipped: no match, awaiting chembl pass"
CSCC_ASC,NA,unknown,0,NA,no reliable match,3,skipped,NA,"skipped: no match, awaiting chembl pass"
mongersen,Tominersen,review,85,fuzzy:chembl,fuzzy match (jw similarity 85%),3,skipped,NA,"skipped: low-confidence unknown, awaiting chembl pass"
OctaplasLG,NA,unknown,0,NA,no reliable match,3,skipped,NA,"skipped: no match, awaiting chembl pass"
LEO 43204 Gel,Ingenol disoxate,review,63,chembl,alias match (chembl_synonym): 'leo 43204' → 'ingenol disoxate',3,skipped,NA,"skipped: no match, awaiting chembl pass"
Iron III hydroxide hydroxyethyl starch glucoheptonic acid complex,NA,unknown,0,NA,no reliable match,3,skipped,NA,"skipped: no match, awaiting chembl pass"
Humacytes Human Acellular Vessel,NA,unknown,0,NA,no reliable match,3,skipped,NA,"skipped: no match, awaiting chembl pass"
CD19CAR,NA,unknown,0,NA,no reliable match,3,skipped,NA,"skipped: no match, awaiting chembl pass"
N-TEC,NA,unknown,0,NA,no reliable match,3,skipped,NA,"skipped: no match, awaiting chembl pass"
G1T28 Di-HCl,Trilaciclib,review,63,chembl,alias match (chembl_synonym): 'g1t28' → 'trilaciclib',3,skipped,NA,"skipped: no match, awaiting chembl pass"
HNO,NA,unknown,0,NA,no reliable match,3,skipped,NA,"skipped: no match, awaiting chembl pass"
SODIUM,Opium,unknown,82,fuzzy:manual,fuzzy match (jw similarity 82%),3,skipped,NA,"skipped: low-confidence unknown, awaiting chembl pass"
Fc- and CDR-modified humanised monoclonal antibody against C5,NA,unknown,0,NA,no reliable match,3,skipped,NA,"skipped: no match, awaiting chembl pass"
Montanide ISA51,Amonafide,review,85,fuzzy:chembl,fuzzy match (jw similarity 85%),3,skipped,NA,"skipped: no match, awaiting chembl pass"
MODIFIED ALLERGEN TYROSINE-ADSORBED,NA,unknown,0,NA,no reliable match,3,skipped,NA,"skipped: no match, awaiting chembl pass"
rAAV8-hUGT1A1,NA,unknown,0,NA,no reliable match,3,skipped,NA,"skipped: no match, awaiting chembl pass"
ProTrans,Proroxan,unknown,83,fuzzy:chembl,fuzzy match (jw similarity 83%),3,skipped,NA,"skipped: low-confidence unknown, awaiting chembl pass"
to be confirmed,NA,unknown,0,NA,no reliable match,3,skipped,NA,"skipped: no match, awaiting chembl pass"
TBC,NA,unknown,0,NA,no reliable match,3,skipped,NA,"skipped: no match, awaiting chembl pass"
AGuIX,NA,unknown,0,NA,no reliable match,3,skipped,NA,"skipped: no match, awaiting chembl pass"
CD34+CELLS,NA,unknown,0,NA,no reliable match,3,skipped,NA,"skipped: no match, awaiting chembl pass"
ALLOGENEIC ADIPOSE TISSUE-DERIVED MESENCHYMAL STEM CELLS EXPANDED,Allogeneic equine adipose-derived mesenchymal stem cells,unknown,82,fuzzy:epar,fuzzy match (jw similarity 82%),3,skipped,NA,"skipped: low-confidence unknown, awaiting chembl pass"
"DISTILLATE OF A MIXTURE OF RECTIFIED EUCALYPTUS OIL, RECTIFIED SWEET ORANGE OIL, RECTIFIED MYRTLE OIL AND RECTIFIED LEMON OIL IN A RATIO OF 66:32:1:1",NA,unknown,0,NA,no reliable match,3,skipped,NA,"skipped: no match, awaiting chembl pass"
cRGD-ZW800-1,NA,unknown,0,NA,no reliable match,3,skipped,NA,"skipped: no match, awaiting chembl pass"
Prevotella histicola,NA,unknown,0,NA,no reliable match,3,skipped,NA,"skipped: no match, awaiting chembl pass"
iridescimab vidros,Ordesekimab,unknown,82,fuzzy:chembl,fuzzy match (jw similarity 82%),3,skipped,NA,"skipped: low-confidence unknown, awaiting chembl pass"
ANV419,NA,unknown,0,NA,no reliable match,3,skipped,NA,"skipped: no match, awaiting chembl pass"
PHH-1V,NA,unknown,0,NA,no reliable match,3,skipped,NA,"skipped: no match, awaiting chembl pass"
adjuvanted,NA,unknown,0,NA,no reliable match,3,skipped,NA,"skipped: no match, awaiting chembl pass"
BIIB122,Biib-022,review,87,fuzzy:chembl,fuzzy match (jw similarity 87%),3,skipped,NA,"skipped: no match, awaiting chembl pass"
TIN816,NA,unknown,0,NA,no reliable match,3,skipped,NA,"skipped: no match, awaiting chembl pass"
Allocetra-OTS,NA,unknown,0,NA,no reliable match,3,skipped,NA,"skipped: no match, awaiting chembl pass"
Lyophilized capsules of fecal microbiota,NA,unknown,0,NA,no reliable match,3,skipped,NA,"skipped: no match, awaiting chembl pass"
BAY 3427080,NA,unknown,0,NA,no reliable match,3,skipped,NA,"skipped: no match, awaiting chembl pass"
REVERPLEG 40 U.I.,NA,unknown,0,NA,no reliable match,3,skipped,NA,"skipped: no match, awaiting chembl pass"
FDC Nivolumab + Relatlimab + rHuPH20 Injection,NA,unknown,0,NA,no reliable match,3,skipped,NA,"skipped: no match, awaiting chembl pass"
5 micrograms,NA,unknown,0,NA,no reliable match,3,skipped,NA,"skipped: no match, awaiting chembl pass"
"9 micrograms pressurised inhalation, solution",NA,unknown,0,NA,no reliable match,3,skipped,NA,"skipped: no match, awaiting chembl pass"
MaaT033,NA,unknown,0,NA,no reliable match,3,skipped,NA,"skipped: no match, awaiting chembl pass"
TAK-881,Bta-9881,review,87,fuzzy:chembl,fuzzy match (jw similarity 87%),3,skipped,NA,"skipped: no match, awaiting chembl pass"
l solución para perfusión.,NA,unknown,0,NA,no reliable match,3,skipped,NA,"skipped: no match, awaiting chembl pass"
TransCon CNP 3.9 mg CNP-38,Transcrocetin,review,87,fuzzy:chembl,fuzzy match (jw similarity 87%),3,skipped,NA,"skipped: no match, awaiting chembl pass"
Myfortic 180 mg comprimés gastro-résistants,NA,review,97,manual,ambiguous alias maps to multiple substances,3,NA,NA,NA
"Culture expanded Adipose Derived Regenerative Cells, ADRC001",NA,unknown,0,NA,no reliable match,3,skipped,NA,"skipped: no match, awaiting chembl pass"
AZD7789,Azd-8797,review,89,fuzzy:chembl,fuzzy match (jw similarity 89%),3,skipped,NA,"skipped: low-confidence unknown, awaiting chembl pass"
VX-561 Film-coated tablet,Deutivacaftor,review,63,chembl,alias match (chembl_synonym): 'vx-561' → 'deutivacaftor',3,skipped,NA,"skipped: no match, awaiting chembl pass"
"BIODRIBIN, 1 mg",Mizoribine,unknown,83,fuzzy:chembl,fuzzy match (jw similarity 83%),3,skipped,NA,"skipped: no match, awaiting chembl pass"
SomaKit TOC 40 micrograms kit for radiopharmaceutical preparation,Isomalt,unknown,81,fuzzy:chembl,fuzzy match (jw similarity 81%),3,skipped,NA,"skipped: low-confidence unknown, awaiting chembl pass"
dose dispersion for injection COVID-19 mRNA Vaccine (nucleoside modified),NA,unknown,0,NA,no reliable match,3,skipped,NA,"skipped: no match, awaiting chembl pass"
v Eye Drops.,NA,unknown,0,NA,no reliable match,3,skipped,NA,"skipped: no match, awaiting chembl pass"
Seidigestan 200 mg cápsulas blandas,Giredestrant,unknown,80,fuzzy:chembl,fuzzy match (jw similarity 80%),3,skipped,NA,"skipped: no match, awaiting chembl pass"
ZYTIGA 250 mg tablets,NA,review,97,manual,ambiguous alias maps to multiple substances,3,NA,NA,NA
AMG 193,Amg-319,unknown,82,fuzzy:llm_reviewed,fuzzy match (jw similarity 82%),3,skipped,NA,"skipped: low-confidence unknown, awaiting chembl pass"
24 h transdermal patch,NA,unknown,0,NA,no reliable match,3,skipped,NA,"skipped: no match, awaiting chembl pass"
24 uur,NA,unknown,0,NA,no reliable match,3,skipped,NA,"skipped: no match, awaiting chembl pass"
"Sprühstoß Nasenspray, Suspension",NA,unknown,0,NA,no reliable match,3,skipped,NA,"skipped: no match, awaiting chembl pass"
Prick Test LETI Negativkontrolle Pricktestlösung,NA,unknown,0,NA,no reliable match,3,skipped,NA,"skipped: no match, awaiting chembl pass"
"PRICK TEST Dermatophagoides pteronys-
sinus LETI, 100 HEP",NA,unknown,0,NA,no reliable match,3,skipped,NA,"skipped: no match, awaiting chembl pass"
"PRICK TEST Katzenepithel LETI, 30 HEP",NA,unknown,0,NA,no reliable match,3,skipped,NA,"skipped: no match, awaiting chembl pass"
"4,5 mikrogram",NA,unknown,0,NA,no reliable match,3,skipped,NA,"skipped: no match, awaiting chembl pass"
"puff inhalationsspray, suspension",NA,unknown,0,NA,no reliable match,3,skipped,NA,"skipped: no match, awaiting chembl pass"
TransCon TLR7,Transcrocetin,review,87,fuzzy:chembl,fuzzy match (jw similarity 87%),3,skipped,NA,"skipped: no match, awaiting chembl pass"
EstroTep 500 MBq,Estrone,review,87,fuzzy:chembl,fuzzy match (jw similarity 87%),3,skipped,NA,"skipped: low-confidence unknown, awaiting chembl pass"
AAV2-GDNF,NA,unknown,0,NA,no reliable match,3,skipped,NA,"skipped: no match, awaiting chembl pass"
IDE196 (LXS196),Darovasertib,review,63,chembl,alias match (chembl_synonym): 'ide196' → 'darovasertib',3,skipped,NA,"skipped: no match, awaiting chembl pass"
1.1-70 × 106 cells,NA,unknown,0,NA,no reliable match,3,skipped,NA,"skipped: no match, awaiting chembl pass"
"dose nesespray, oppløsning",NA,unknown,0,NA,no reliable match,3,skipped,NA,"skipped: no match, awaiting chembl pass"
NTLA-2001,Dnl-201,unknown,84,fuzzy:chembl,fuzzy match (jw similarity 84%),3,skipped,NA,"skipped: no match, awaiting chembl pass"
NMD670,NA,unknown,0,NA,no reliable match,3,skipped,NA,"skipped: no match, awaiting chembl pass"
Cannabis Extract Avextra 10,Cannabinol,review,86,fuzzy:chembl,fuzzy match (jw similarity 86%),3,skipped,NA,"skipped: low-confidence unknown, awaiting chembl pass"
10 Solution,NA,unknown,0,NA,no reliable match,3,skipped,NA,"skipped: no match, awaiting chembl pass"
NTLA-2002,NA,unknown,0,NA,no reliable match,3,skipped,NA,"skipped: no match, awaiting chembl pass"
DZR123,NA,unknown,0,NA,no reliable match,3,skipped,NA,"skipped: no match, awaiting chembl pass"
AZD0901,Azd7009,review,85,fuzzy:chembl,fuzzy match (jw similarity 85%),3,skipped,NA,"skipped: no match, awaiting chembl pass"
(+)-α-DIHYDROTETRABENAZINE,NA,unknown,0,NA,no reliable match,3,skipped,NA,"skipped: no match, awaiting chembl pass"
Skin Prick Test Positive control,NA,unknown,0,NA,no reliable match,3,skipped,NA,"skipped: no match, awaiting chembl pass"
Skin Prick Test Negative control,NA,unknown,0,NA,no reliable match,3,skipped,NA,"skipped: no match, awaiting chembl pass"
"L, solution pour perfusion",NA,unknown,0,NA,no reliable match,3,skipped,NA,"skipped: no match, awaiting chembl pass"
N-Acetyl-GED-0507-34-Levo GEL 5%,NA,unknown,0,NA,no reliable match,3,skipped,NA,"skipped: no match, awaiting chembl pass"
tablet,NA,unknown,0,NA,no reliable match,3,skipped,NA,"skipped: no match, awaiting chembl pass"
GTX,NA,unknown,0,NA,no reliable match,3,skipped,NA,"skipped: no match, awaiting chembl pass"
UX Diluent and Flush Solution,NA,unknown,0,NA,no reliable match,3,skipped,NA,"skipped: no match, awaiting chembl pass"
GTX-102,Vgx-1027,review,87,fuzzy:llm_reviewed,fuzzy match (jw similarity 87%),3,skipped,NA,"skipped: low-confidence unknown, awaiting chembl pass"
IPN10200,Ipn-60090,unknown,81,fuzzy:chembl,fuzzy match (jw similarity 81%),3,skipped,NA,"skipped: no match, awaiting chembl pass"
"g, gel",NA,unknown,0,NA,no reliable match,3,skipped,NA,"skipped: no match, awaiting chembl pass"
infuzní roztok,Nifurizone,unknown,81,fuzzy:chembl,fuzzy match (jw similarity 81%),3,skipped,NA,"skipped: no match, awaiting chembl pass"
DNTH103,NA,unknown,0,NA,no reliable match,3,skipped,NA,"skipped: no match, awaiting chembl pass"
[18F]Fluor-PEG-Folate,NA,unknown,0,NA,no reliable match,3,skipped,NA,"skipped: no match, awaiting chembl pass"
Arvisol 150mg,Ioversol,unknown,81,fuzzy:chembl,fuzzy match (jw similarity 81%),3,skipped,NA,"skipped: no match, awaiting chembl pass"
"Galliad, 0,74 à 1,85 GBq, générateur radiopharmaceutique",Gallic acid,review,88,fuzzy:chembl,fuzzy match (jw similarity 88%),3,skipped,NA,"skipped: no match, awaiting chembl pass"
VRDN (Insulin-like growth factor-1 receptor [IGF-1R] inhibitor with half-life extension),NA,unknown,0,NA,no reliable match,3,skipped,NA,"skipped: no match, awaiting chembl pass"
do infuzji,NA,unknown,0,NA,no reliable match,3,skipped,NA,"skipped: no match, awaiting chembl pass"
"Dexavit, injektions-",Crexavibart,unknown,80,fuzzy:chembl,fuzzy match (jw similarity 80%),3,skipped,NA,"skipped: no match, awaiting chembl pass"
BGB-16673,NA,unknown,0,NA,no reliable match,3,skipped,NA,"skipped: no match, awaiting chembl pass"
TAR-0520 Gel,Tak-020,review,87,fuzzy:chembl,fuzzy match (jw similarity 87%),3,skipped,NA,"skipped: no match, awaiting chembl pass"
Liposomal Annamycin,Lipiodol,unknown,81,fuzzy:llm_reviewed,fuzzy match (jw similarity 81%),3,skipped,NA,"skipped: low-confidence unknown, awaiting chembl pass"
EYP-1901,NA,unknown,0,NA,no reliable match,3,skipped,NA,"skipped: no match, awaiting chembl pass"
dose KwikPen solution for injection in pre-filled pen,NA,unknown,0,NA,no reliable match,3,skipped,NA,"skipped: no match, awaiting chembl pass"
MRTX1719,Mrtx-1133,unknown,81,fuzzy:chembl,fuzzy match (jw similarity 81%),3,skipped,NA,"skipped: no match, awaiting chembl pass"
"dose, poudre pour inhalation",NA,unknown,0,NA,no reliable match,3,skipped,NA,"skipped: no match, awaiting chembl pass"
BNT327 20 mg ml,NA,unknown,0,NA,no reliable match,3,skipped,NA,"skipped: no match, awaiting chembl pass"
BNT327 50 mg ml,NA,unknown,0,NA,no reliable match,3,skipped,NA,"skipped: no match, awaiting chembl pass"
Glucocorticoids,NA,unknown,0,NA,no reliable match,2,skipped,NA,"skipped: no match, awaiting chembl pass"
Tetanus toxoid conjugated to Hib,Tetanus toxoid,unknown,83,fuzzy:llm_reviewed,fuzzy match (jw similarity 83%),2,skipped,NA,"skipped: low-confidence unknown, awaiting chembl pass"
ASSOCIAZIONI VARIE,NA,unknown,0,NA,no reliable match,2,skipped,NA,"skipped: no match, awaiting chembl pass"
Cyoctodepsin,Bocodepsin,review,85,fuzzy:chembl,fuzzy match (jw similarity 85%),2,skipped,NA,"skipped: no match, awaiting chembl pass"
Depigoid Birch,NA,unknown,0,NA,no reliable match,2,skipped,NA,"skipped: no match, awaiting chembl pass"
Clinoleic 20,Linoleic acid,unknown,83,fuzzy:llm_reviewed,fuzzy match (jw similarity 83%),2,skipped,NA,"skipped: low-confidence unknown, awaiting chembl pass"
N-Chlorotaurine,Chloroquine,review,86,fuzzy:chembl,fuzzy match (jw similarity 86%),2,skipped,NA,"skipped: low-confidence unknown, awaiting chembl pass"
BCG,NA,unknown,0,NA,no reliable match,2,skipped,NA,"skipped: no match, awaiting chembl pass"
DIRECT ACTING ANTIVIRALS,NA,unknown,0,NA,no reliable match,2,skipped,NA,"skipped: no match, awaiting chembl pass"
Allergovac depot,NA,unknown,0,NA,no reliable match,2,skipped,NA,"skipped: no match, awaiting chembl pass"
INN.L24,NA,unknown,0,NA,no reliable match,2,skipped,NA,"skipped: no match, awaiting chembl pass"
Sandimmun Neoral,NA,review,98,manual,ambiguous alias maps to multiple substances,2,NA,NA,NA
"Iron oxide, nanoparticles",NA,unknown,0,NA,no reliable match,2,skipped,NA,"skipped: no match, awaiting chembl pass"
Oncophage,NA,unknown,0,NA,no reliable match,2,skipped,NA,"skipped: no match, awaiting chembl pass"
Bis 4-fluorophenylphenyl acetamide,NA,unknown,0,NA,no reliable match,2,skipped,NA,"skipped: no match, awaiting chembl pass"
MAGE-1.A2,NA,unknown,0,NA,no reliable match,2,skipped,NA,"skipped: no match, awaiting chembl pass"
MAGE-3.A2,Melanoma-associated antigen 3,review,63,chembl,alias match (chembl_synonym): 'mage-3' → 'melanoma-associated antigen 3',2,skipped,NA,"skipped: no match, awaiting chembl pass"
MAGE-4.A2,NA,unknown,0,NA,no reliable match,2,skipped,NA,"skipped: no match, awaiting chembl pass"
MAGE-10.A2,Amg-108,review,85,fuzzy:chembl,fuzzy match (jw similarity 85%),2,skipped,NA,"skipped: no match, awaiting chembl pass"
MAGE-C2.A2,NA,unknown,0,NA,no reliable match,2,skipped,NA,"skipped: no match, awaiting chembl pass"
AZD4282 Tablet 50 mg,Azd2423,review,85,fuzzy:chembl,fuzzy match (jw similarity 85%),2,skipped,NA,"skipped: no match, awaiting chembl pass"
AZD4282 Tablet 200 mg,Azd2423,review,85,fuzzy:chembl,fuzzy match (jw similarity 85%),2,skipped,NA,"skipped: no match, awaiting chembl pass"
BXL628,NA,unknown,0,NA,no reliable match,2,skipped,NA,"skipped: no match, awaiting chembl pass"
Sodium Bituminosulfonate,Sodium metabisulfite,unknown,84,fuzzy:llm_reviewed,fuzzy match (jw similarity 84%),2,skipped,NA,"skipped: low-confidence unknown, awaiting chembl pass"
2002-like virus,NA,unknown,0,NA,no reliable match,2,skipped,NA,"skipped: no match, awaiting chembl pass"
Autologous stem cells,Autologous cord blood,unknown,83,fuzzy:llm_reviewed,fuzzy match (jw similarity 83%),2,skipped,NA,"skipped: low-confidence unknown, awaiting chembl pass"
Depigoid,NA,unknown,0,NA,no reliable match,2,skipped,NA,"skipped: no match, awaiting chembl pass"
Diclofenac-Colestyramin,Diclofenac epolamine,unknown,83,fuzzy:chembl,fuzzy match (jw similarity 83%),2,skipped,NA,"skipped: low-confidence unknown, awaiting chembl pass"
Not yet received,NA,unknown,0,NA,no reliable match,2,skipped,NA,"skipped: no match, awaiting chembl pass"
Optovite,NA,unknown,0,NA,no reliable match,2,skipped,NA,"skipped: no match, awaiting chembl pass"
Five grasses pollen allergen extract,NA,unknown,0,NA,no reliable match,2,skipped,NA,"skipped: no match, awaiting chembl pass"
Keto-Stulln UD,NA,unknown,0,NA,no reliable match,2,skipped,NA,"skipped: no match, awaiting chembl pass"
Hemopure,Methoprene,unknown,81,fuzzy:chembl,fuzzy match (jw similarity 81%),2,skipped,NA,"skipped: no match, awaiting chembl pass"
autologous stem cells,Autologous cord blood,unknown,83,fuzzy:llm_reviewed,fuzzy match (jw similarity 83%),2,skipped,NA,"skipped: low-confidence unknown, awaiting chembl pass"
ATG-Fresenius,NA,unknown,0,NA,no reliable match,2,skipped,NA,"skipped: no match, awaiting chembl pass"
"1-3-3-4-chlorophenylpropoxypropylpiperidine, hydrochloride",NA,unknown,0,NA,no reliable match,2,skipped,NA,"skipped: no match, awaiting chembl pass"
KindaPed,Indapamide,unknown,81,fuzzy:llm_reviewed,fuzzy match (jw similarity 81%),2,skipped,NA,"skipped: low-confidence unknown, awaiting chembl pass"
REPEVAX,NA,unknown,0,NA,no reliable match,2,skipped,NA,"skipped: no match, awaiting chembl pass"
N-4-benzoylpiperidin-4-ylbutyl-3-pyridin-3-ylacrylamide,NA,unknown,0,NA,no reliable match,2,skipped,NA,"skipped: no match, awaiting chembl pass"
AdCD40L,NA,unknown,0,NA,no reliable match,2,skipped,NA,"skipped: no match, awaiting chembl pass"
"+-S,S-Reboxetine Succinate",NA,unknown,0,NA,no reliable match,2,skipped,NA,"skipped: no match, awaiting chembl pass"
"2005H3N2-like virus, B",NA,unknown,0,NA,no reliable match,2,skipped,NA,"skipped: no match, awaiting chembl pass"
Maleimide-activated polyethylene glycol-modified human hemoglobin,NA,unknown,0,NA,no reliable match,2,skipped,NA,"skipped: no match, awaiting chembl pass"
Broncho-Vaxom,NA,unknown,0,NA,no reliable match,2,skipped,NA,"skipped: no match, awaiting chembl pass"
Depigoid Grser-Mix,NA,unknown,0,NA,no reliable match,2,skipped,NA,"skipped: no match, awaiting chembl pass"
ICX-RHY-013,NA,unknown,0,NA,no reliable match,2,skipped,NA,"skipped: no match, awaiting chembl pass"
"Natrii chloridum,Polyo-2-hydroxyethylamylum",Nitramine,unknown,83,fuzzy:chembl,fuzzy match (jw similarity 83%),2,skipped,NA,"skipped: low-confidence unknown, awaiting chembl pass"
DNB-001,Nb-001,review,95,fuzzy:chembl,fuzzy match (jw similarity 95%),2,skipped,NA,"skipped: low-confidence unknown, awaiting chembl pass"
Anthocyanidins,NA,unknown,0,NA,no reliable match,2,skipped,NA,"skipped: no match, awaiting chembl pass"
PolyO-2-hydroxyethylstarch 130,NA,unknown,0,NA,no reliable match,2,skipped,NA,"skipped: no match, awaiting chembl pass"
glycerylmonocaprylate,NA,unknown,0,NA,no reliable match,2,skipped,NA,"skipped: no match, awaiting chembl pass"
Hydroxybutyric acid,Hydroxytoluic acid,review,89,fuzzy:chembl,fuzzy match (jw similarity 89%),2,skipped,NA,"skipped: low-confidence unknown, awaiting chembl pass"
IMA901,NA,unknown,0,NA,no reliable match,2,skipped,NA,"skipped: no match, awaiting chembl pass"
CD133+ autologous bone marrow stem cells,NA,unknown,0,NA,no reliable match,2,skipped,NA,"skipped: no match, awaiting chembl pass"
Genous Bio-engineered stent,NA,unknown,0,NA,no reliable match,2,skipped,NA,"skipped: no match, awaiting chembl pass"
AIMSPRO,NA,unknown,0,NA,no reliable match,2,skipped,NA,"skipped: no match, awaiting chembl pass"
dietyl-6-4-hydroxycarbamoyl-phenylcarbamoyloxymethil-naphtalen-2-ylmethyl-NH4Cl monohydrate,NA,unknown,0,NA,no reliable match,2,skipped,NA,"skipped: no match, awaiting chembl pass"
11CPIB,NA,unknown,0,NA,no reliable match,2,skipped,NA,"skipped: no match, awaiting chembl pass"
Hiroshima,NA,unknown,0,NA,no reliable match,2,skipped,NA,"skipped: no match, awaiting chembl pass"
SLx-2101,Sdx-101,review,87,fuzzy:chembl,fuzzy match (jw similarity 87%),2,skipped,NA,"skipped: low-confidence unknown, awaiting chembl pass"
recombinant human glucocerebrosidase,Recombinant adamts13,review,85,fuzzy:llm_reviewed,fuzzy match (jw similarity 85%),2,skipped,NA,"skipped: wrong fuzzy suggestion, awaiting chembl pass"
"Immunoglobulins, normal human, for extravascular adm.","Immunoglobulin, normal human",unknown,84,fuzzy:llm_reviewed,fuzzy match (jw similarity 84%),2,skipped,NA,"skipped: low-confidence unknown, awaiting chembl pass"
Tumor Infiltrating Lymphocytes,NA,unknown,0,NA,no reliable match,2,skipped,NA,"skipped: no match, awaiting chembl pass"
folding variant of recombinant major birch pollen allergen,Poldine,unknown,81,fuzzy:chembl,fuzzy match (jw similarity 81%),2,skipped,NA,"skipped: no match, awaiting chembl pass"
ProSavin,Proflavine,review,86,fuzzy:chembl,fuzzy match (jw similarity 86%),2,skipped,NA,"skipped: low-confidence unknown, awaiting chembl pass"
recMAGE-A3,NA,unknown,0,NA,no reliable match,2,skipped,NA,"skipped: no match, awaiting chembl pass"
ADHEXIL,NA,unknown,0,NA,no reliable match,2,skipped,NA,"skipped: no match, awaiting chembl pass"
"3,7-dihydroxy-6-ethyl-5cholan-24-oic acid",NA,unknown,0,NA,no reliable match,2,skipped,NA,"skipped: no match, awaiting chembl pass"
L19 Interleukin-2,NA,unknown,0,NA,no reliable match,2,skipped,NA,"skipped: no match, awaiting chembl pass"
LC002 DermaVir Patch,NA,unknown,0,NA,no reliable match,2,skipped,NA,"skipped: no match, awaiting chembl pass"
Electrolytes,NA,unknown,0,NA,no reliable match,2,skipped,NA,"skipped: no match, awaiting chembl pass"
"Multienzymes lipase, protease etc.",NA,unknown,0,NA,no reliable match,2,skipped,NA,"skipped: no match, awaiting chembl pass"
Trivax,NA,unknown,0,NA,no reliable match,2,skipped,NA,"skipped: no match, awaiting chembl pass"
AAV1,NA,unknown,0,NA,no reliable match,2,skipped,NA,"skipped: no match, awaiting chembl pass"
SERCA2a,Serclutamab,unknown,80,fuzzy:manual,fuzzy match (jw similarity 80%),2,skipped,NA,"skipped: no match, awaiting chembl pass"
ChronVac-C,NA,unknown,0,NA,no reliable match,2,skipped,NA,"skipped: no match, awaiting chembl pass"
Alutard SQ,Paluratide,review,85,fuzzy:chembl,fuzzy match (jw similarity 85%),2,skipped,NA,"skipped: no match, awaiting chembl pass"
Bone marrow mononuclear cells,NA,unknown,0,NA,no reliable match,2,skipped,NA,"skipped: no match, awaiting chembl pass"
CYT003-QbG10,NA,unknown,0,NA,no reliable match,2,skipped,NA,"skipped: no match, awaiting chembl pass"
BioFOAM,NA,unknown,0,NA,no reliable match,2,skipped,NA,"skipped: no match, awaiting chembl pass"
"PS-PD for serotypes 1-4-5-6B-7F-9V-14-23F, PS-TT for 18C, PS-DT for 19F",NA,unknown,0,NA,no reliable match,2,skipped,NA,"skipped: no match, awaiting chembl pass"
pGM169,NA,unknown,0,NA,no reliable match,2,skipped,NA,"skipped: no match, awaiting chembl pass"
Modified Vaccinia Ankara expressing ME-TRAP,NA,unknown,0,NA,no reliable match,2,skipped,NA,"skipped: no match, awaiting chembl pass"
PS-TT for serotype 18C,NA,unknown,0,NA,no reliable match,2,skipped,NA,"skipped: no match, awaiting chembl pass"
PS-DT for serotype 19F,NA,unknown,0,NA,no reliable match,2,skipped,NA,"skipped: no match, awaiting chembl pass"
SB-656933 Tablets,Elubrixin,review,63,chembl,alias match (chembl_synonym): 'sb-656933' → 'elubrixin',2,skipped,NA,"skipped: no match, awaiting chembl pass"
autologous platelet rich fibrin,Autologous cord blood,unknown,83,fuzzy:llm_reviewed,fuzzy match (jw similarity 83%),2,skipped,NA,"skipped: low-confidence unknown, awaiting chembl pass"
Gaviscon Double Action Liquid,NA,unknown,0,NA,no reliable match,2,skipped,NA,"skipped: no match, awaiting chembl pass"
CYT006-AngQb,NA,unknown,0,NA,no reliable match,2,skipped,NA,"skipped: no match, awaiting chembl pass"
RDEA806,NA,unknown,0,NA,no reliable match,2,skipped,NA,"skipped: no match, awaiting chembl pass"
Trichuris suis ova,NA,unknown,0,NA,no reliable match,2,skipped,NA,"skipped: no match, awaiting chembl pass"
DPK-060,NA,unknown,0,NA,no reliable match,2,skipped,NA,"skipped: no match, awaiting chembl pass"
Plasma,Plasmin,review,85,fuzzy:llm_reviewed,fuzzy match (jw similarity 85%),2,skipped,NA,"skipped: wrong fuzzy suggestion, awaiting chembl pass"
SMOFlipid 200 mg,NA,unknown,0,NA,no reliable match,2,skipped,NA,"skipped: no match, awaiting chembl pass"
Cord blood unit,NA,unknown,0,NA,no reliable match,2,skipped,NA,"skipped: no match, awaiting chembl pass"
BRIVANIB ALANINATE,NA,review,84,chembl,ambiguous alias maps to multiple substances,2,skipped,NA,"skipped: low-confidence unknown, awaiting chembl pass"
Heliox,NA,unknown,0,NA,no reliable match,2,skipped,NA,"skipped: no match, awaiting chembl pass"
Saccharomyces boulardii,NA,unknown,0,NA,no reliable match,2,skipped,NA,"skipped: no match, awaiting chembl pass"
ESBA105,NA,unknown,0,NA,no reliable match,2,skipped,NA,"skipped: no match, awaiting chembl pass"
Toll-like receptor ligand-matured mRNA-electroporated Dendritic cell product,Toll-like receptor 9,unknown,82,fuzzy:chembl,fuzzy match (jw similarity 82%),2,skipped,NA,"skipped: no match, awaiting chembl pass"
mRNA-electroporated Dendritic cell product,NA,unknown,0,NA,no reliable match,2,skipped,NA,"skipped: no match, awaiting chembl pass"
SmofKabiven,NA,unknown,0,NA,no reliable match,2,skipped,NA,"skipped: no match, awaiting chembl pass"
Cis-urocanic acid 5  emulsion cream,Cis-urocanic acid,review,96,fuzzy:chembl,fuzzy match (jw similarity 96%),2,skipped,NA,"skipped: no match, awaiting chembl pass"
PPA904 sterile gel,NA,unknown,0,NA,no reliable match,2,skipped,NA,"skipped: no match, awaiting chembl pass"
Brivanib Alaninate,NA,review,84,chembl,ambiguous alias maps to multiple substances,2,skipped,NA,"skipped: low-confidence unknown, awaiting chembl pass"
"PS-PD for serotypes 1, 4, 5, 6B, 7F, 9V, 14 and 23F PS-TT for serotype 18C PS-DT for serotype 19F",NA,unknown,0,NA,no reliable match,2,skipped,NA,"skipped: no match, awaiting chembl pass"
"1 4R,5R-4,5-dihydroxy-N2-4-pentyloxy1,1:4,1 -terphenyl-4-ylcarbonyl-L-ornithine echinocandin B",NA,unknown,0,NA,no reliable match,2,skipped,NA,"skipped: no match, awaiting chembl pass"
IDX184,NA,unknown,0,NA,no reliable match,2,skipped,NA,"skipped: no match, awaiting chembl pass"
PEG-Irinotecan,Repinotan,unknown,83,fuzzy:chembl,fuzzy match (jw similarity 83%),2,skipped,NA,"skipped: no match, awaiting chembl pass"
SANDIMMUN,NA,review,99,manual,ambiguous alias maps to multiple substances,2,NA,NA,NA
Dendritic cell vaccine,NA,unknown,0,NA,no reliable match,2,skipped,NA,"skipped: no match, awaiting chembl pass"
PURETHAL Mites,Urea,unknown,83,fuzzy:llm_reviewed,fuzzy match (jw similarity 83%),2,skipped,NA,"skipped: low-confidence unknown, awaiting chembl pass"
not defined yet,NA,unknown,0,NA,no reliable match,2,skipped,NA,"skipped: no match, awaiting chembl pass"
"--trans-3-5,6-dihydro-4H-pyrrolo 3,2,1-ij quinolin-1yl-41H-indo-3-ylpyrrolidine-2, 5-dione",NA,unknown,0,NA,no reliable match,2,skipped,NA,"skipped: no match, awaiting chembl pass"
Hidrocloruro de metformina,NA,unknown,0,NA,no reliable match,2,skipped,NA,"skipped: no match, awaiting chembl pass"
"PS-PD for serotypes 1, 4, 5, 6B, 7F, 9V, 14 and 23F PS-TT for serotype 18C PS-DT for serotype 19F.",NA,unknown,0,NA,no reliable match,2,skipped,NA,"skipped: no match, awaiting chembl pass"
ATIR,NA,unknown,0,NA,no reliable match,2,skipped,NA,"skipped: no match, awaiting chembl pass"
TD Vaccine System,NA,unknown,0,NA,no reliable match,2,skipped,NA,"skipped: no match, awaiting chembl pass"
Lipidem 200mg,Alpidem,review,85,fuzzy:chembl,fuzzy match (jw similarity 85%),2,skipped,NA,"skipped: low-confidence unknown, awaiting chembl pass"
Sunphenon EGCG,NA,unknown,0,NA,no reliable match,2,skipped,NA,"skipped: no match, awaiting chembl pass"
Dermagraft,Artegraft,review,85,fuzzy:chembl,fuzzy match (jw similarity 85%),2,skipped,NA,"skipped: low-confidence unknown, awaiting chembl pass"
MVA-NP+M1,NA,unknown,0,NA,no reliable match,2,skipped,NA,"skipped: no match, awaiting chembl pass"
USP,NA,unknown,0,NA,no reliable match,2,skipped,NA,"skipped: no match, awaiting chembl pass"
methacetin,Methetoin,review,90,fuzzy:chembl,fuzzy match (jw similarity 90%),2,skipped,NA,"skipped: low-confidence unknown, awaiting chembl pass"
GHB11L1,NA,unknown,0,NA,no reliable match,2,skipped,NA,"skipped: no match, awaiting chembl pass"
ALD-101,Av-101,review,85,fuzzy:chembl,fuzzy match (jw similarity 85%),2,skipped,NA,"skipped: no match, awaiting chembl pass"
Sublingual tablet of HDM Allergen Extracts,NA,unknown,0,NA,no reliable match,2,skipped,NA,"skipped: no match, awaiting chembl pass"
Boostrix-Polio,NA,unknown,0,NA,no reliable match,2,skipped,NA,"skipped: no match, awaiting chembl pass"
ONCOFID-P-B,NA,unknown,0,NA,no reliable match,2,skipped,NA,"skipped: no match, awaiting chembl pass"
Pneumoccocal free proteins,NA,unknown,0,NA,no reliable match,2,skipped,NA,"skipped: no match, awaiting chembl pass"
Pneumococcal free proteins,NA,unknown,0,NA,no reliable match,2,skipped,NA,"skipped: no match, awaiting chembl pass"
PREOB cells,NA,unknown,0,NA,no reliable match,2,skipped,NA,"skipped: no match, awaiting chembl pass"
GlaxoSmithKline GSK Biologicals A,NA,unknown,0,NA,no reliable match,2,skipped,NA,"skipped: no match, awaiting chembl pass"
Propofol-Lipuro,Propofol,unknown,84,fuzzy:llm_reviewed,fuzzy match (jw similarity 84%),2,skipped,NA,"skipped: low-confidence unknown, awaiting chembl pass"
LAS41002 lotion,Mometasone furoate,review,63,chembl,alias match (chembl_synonym): 'las41002' → 'mometasone furoate',2,skipped,NA,"skipped: no match, awaiting chembl pass"
Bone marrow-derived mononuclear cells,NA,unknown,0,NA,no reliable match,2,skipped,NA,"skipped: no match, awaiting chembl pass"
CLULAS MADRE MESENQUIMALES DERIVADAS DE TEJIDO ADIPOSO,NA,unknown,0,NA,no reliable match,2,skipped,NA,"skipped: no match, awaiting chembl pass"
co.don chondrosphere,NA,unknown,0,NA,no reliable match,2,skipped,NA,"skipped: no match, awaiting chembl pass"
AFFITOPE AD02,NA,unknown,0,NA,no reliable match,2,skipped,NA,"skipped: no match, awaiting chembl pass"
Lipofundin MCT,Lidofenin,unknown,83,fuzzy:chembl,fuzzy match (jw similarity 83%),2,skipped,NA,"skipped: no match, awaiting chembl pass"
LCT 20,NA,unknown,0,NA,no reliable match,2,skipped,NA,"skipped: no match, awaiting chembl pass"
"E-3-2,6-Dichloro-4-4-3-S-1-hexyloxyethyl-2-methoxyphenyl-thiazol-2-ylcarbamoyl-phenyl-2-methylacrylic acid",NA,unknown,0,NA,no reliable match,2,skipped,NA,"skipped: no match, awaiting chembl pass"
Cardioplexol,Carpindolol,review,86,fuzzy:chembl,fuzzy match (jw similarity 86%),2,skipped,NA,"skipped: low-confidence unknown, awaiting chembl pass"
Sandimmun,NA,review,99,manual,ambiguous alias maps to multiple substances,2,NA,NA,NA
rCFP-10,Orp-101,unknown,81,fuzzy:llm_reviewed,fuzzy match (jw similarity 81%),2,skipped,NA,"skipped: low-confidence unknown, awaiting chembl pass"
Apotransferrin,Tropanserin,review,87,fuzzy:chembl,fuzzy match (jw similarity 87%),2,skipped,NA,"skipped: no match, awaiting chembl pass"
Allogene HSC,Aloe,unknown,83,fuzzy:chembl,fuzzy match (jw similarity 83%),2,skipped,NA,"skipped: no match, awaiting chembl pass"
Lytixar,NA,unknown,0,NA,no reliable match,2,skipped,NA,"skipped: no match, awaiting chembl pass"
Diluyente.  Solucin Salina Fenolada Glicerinada,Difluprednate,unknown,83,fuzzy:chembl,fuzzy match (jw similarity 83%),2,skipped,NA,"skipped: no match, awaiting chembl pass"
no trade name hematopoietic stem cells,NA,unknown,0,NA,no reliable match,2,skipped,NA,"skipped: no match, awaiting chembl pass"
Proposed INN: tasocitinib citrate,Propisergide,unknown,82,fuzzy:chembl,fuzzy match (jw similarity 82%),2,skipped,NA,"skipped: no match, awaiting chembl pass"
DermaPro,Dimercaprol,review,85,fuzzy:chembl,fuzzy match (jw similarity 85%),2,skipped,NA,"skipped: low-confidence unknown, awaiting chembl pass"
Allogeneic Mesenchymal Precursor Cells,NA,unknown,0,NA,no reliable match,2,skipped,NA,"skipped: no match, awaiting chembl pass"
Endopeptidase,Pendetide,unknown,82,fuzzy:chembl,fuzzy match (jw similarity 82%),2,skipped,NA,"skipped: no match, awaiting chembl pass"
AntiM1 prime,Antipyrine,unknown,82,fuzzy:llm_reviewed,fuzzy match (jw similarity 82%),2,skipped,NA,"skipped: low-confidence unknown, awaiting chembl pass"
Sojae ol. purif.,NA,unknown,0,NA,no reliable match,2,skipped,NA,"skipped: no match, awaiting chembl pass"
Haemophilus influenza type b polysaccharide conjugated to 20-40 micrograms of tetanus toxoid,NA,unknown,0,NA,no reliable match,2,skipped,NA,"skipped: no match, awaiting chembl pass"
Infanrix Hexa - Formulation A,Indanorex,unknown,81,fuzzy:chembl,fuzzy match (jw similarity 81%),2,skipped,NA,"skipped: no match, awaiting chembl pass"
Infanrix Hexa - Formulation B,Indanorex,unknown,81,fuzzy:chembl,fuzzy match (jw similarity 81%),2,skipped,NA,"skipped: no match, awaiting chembl pass"
truvada,NA,review,99,manual,ambiguous alias maps to multiple substances,2,NA,NA,NA
Citrasate,Cetraxate,review,85,fuzzy:chembl,fuzzy match (jw similarity 85%),2,skipped,NA,"skipped: low-confidence unknown, awaiting chembl pass"
Human anti-IP10 monoclonal antibody,NA,unknown,0,NA,no reliable match,2,skipped,NA,"skipped: no match, awaiting chembl pass"
CRH Ferring,NA,unknown,0,NA,no reliable match,2,skipped,NA,"skipped: no match, awaiting chembl pass"
Streptococcus thermophilus,NA,unknown,0,NA,no reliable match,2,skipped,NA,"skipped: no match, awaiting chembl pass"
Fibroblasts,NA,unknown,0,NA,no reliable match,2,skipped,NA,"skipped: no match, awaiting chembl pass"
COLECALCIFEROL-COLESTEROL,Cholecalciferol,unknown,83,fuzzy:llm_reviewed,fuzzy match (jw similarity 83%),2,skipped,NA,"skipped: low-confidence unknown, awaiting chembl pass"
Imprime PGG,Impromidine,unknown,83,fuzzy:chembl,fuzzy match (jw similarity 83%),2,skipped,NA,"skipped: no match, awaiting chembl pass"
Diluyente. Solucin salina fenolada glicerinada,Difluprednate,unknown,83,fuzzy:chembl,fuzzy match (jw similarity 83%),2,skipped,NA,"skipped: no match, awaiting chembl pass"
Clulas dendrticas autlogas,NA,unknown,0,NA,no reliable match,2,skipped,NA,"skipped: no match, awaiting chembl pass"
Clulas troncales mesenquimales autlogas derivadas de tejido adiposo expandidas ASC,NA,unknown,0,NA,no reliable match,2,skipped,NA,"skipped: no match, awaiting chembl pass"
PHLEUM PRATENSE EXTRACTO DE POLEN,Helium,unknown,82,fuzzy:chembl,fuzzy match (jw similarity 82%),2,skipped,NA,"skipped: low-confidence unknown, awaiting chembl pass"
Hubei-Wujiagang,NA,unknown,0,NA,no reliable match,2,skipped,NA,"skipped: no match, awaiting chembl pass"
TriMix-DC,Trimix,review,89,fuzzy:chembl,fuzzy match (jw similarity 89%),2,skipped,NA,"skipped: no match, awaiting chembl pass"
NVGH Vi-CRM197 conjugate vaccine,NA,unknown,0,NA,no reliable match,2,skipped,NA,"skipped: no match, awaiting chembl pass"
AMBROSIA ARTEMISIIFOLIA L.,Bamosiran,unknown,82,fuzzy:llm_reviewed,fuzzy match (jw similarity 82%),2,skipped,NA,"skipped: low-confidence unknown, awaiting chembl pass"
LAIS Grass tablets,NA,unknown,0,NA,no reliable match,2,skipped,NA,"skipped: no match, awaiting chembl pass"
not estbalished,NA,unknown,0,NA,no reliable match,2,skipped,NA,"skipped: no match, awaiting chembl pass"
CLUSTOID Birke,Sultopride,unknown,81,fuzzy:chembl,fuzzy match (jw similarity 81%),2,skipped,NA,"skipped: no match, awaiting chembl pass"
CLUSTOID D. pteronyssinus,Sultopride,unknown,81,fuzzy:chembl,fuzzy match (jw similarity 81%),2,skipped,NA,"skipped: no match, awaiting chembl pass"
peanut allergen extract,Peanut flour,unknown,83,fuzzy:llm_reviewed,fuzzy match (jw similarity 83%),2,skipped,NA,"skipped: low-confidence unknown, awaiting chembl pass"
EPs 7630,NA,unknown,0,NA,no reliable match,2,skipped,NA,"skipped: no match, awaiting chembl pass"
gpASIT+,NA,unknown,0,NA,no reliable match,2,skipped,NA,"skipped: no match, awaiting chembl pass"
Plasma rico en plaquetas y coagulo de fibrina procesados mediante la tecnologa PRGF-System BTI,Plasmin,review,85,fuzzy:llm_reviewed,fuzzy match (jw similarity 85%),2,skipped,NA,"skipped: wrong fuzzy suggestion, awaiting chembl pass"
AMG 747,NA,unknown,0,NA,no reliable match,2,skipped,NA,"skipped: no match, awaiting chembl pass"
Merck,NA,unknown,0,NA,no reliable match,2,skipped,NA,"skipped: no match, awaiting chembl pass"
"Antgeno del virus de la hepatitis A VHA, HM 175",Panthenol,unknown,84,fuzzy:chembl,fuzzy match (jw similarity 84%),2,skipped,NA,"skipped: no match, awaiting chembl pass"
"CEPA ENDERS EDMONSTON DEL VIRUS DEL SARAMPIN VIVO, ATENUADO",NA,unknown,0,NA,no reliable match,2,skipped,NA,"skipped: no match, awaiting chembl pass"
Cepa Wistar RA 27,NA,unknown,0,NA,no reliable match,2,skipped,NA,"skipped: no match, awaiting chembl pass"
177Lu-DOTA0-Tyr3-Octreotate,NA,unknown,0,NA,no reliable match,2,skipped,NA,"skipped: no match, awaiting chembl pass"
LIPIDOSTEROLIC EXTRACT OF SERENOA REPENS,Lipiodol,unknown,82,fuzzy:llm_reviewed,fuzzy match (jw similarity 82%),2,skipped,NA,"skipped: low-confidence unknown, awaiting chembl pass"
ChAd63 CS,NA,unknown,0,NA,no reliable match,2,skipped,NA,"skipped: no match, awaiting chembl pass"
MVA CS,NA,unknown,0,NA,no reliable match,2,skipped,NA,"skipped: no match, awaiting chembl pass"
AUY922,NA,unknown,0,NA,no reliable match,2,skipped,NA,"skipped: no match, awaiting chembl pass"
iron chelating agents,NA,unknown,0,NA,no reliable match,2,skipped,NA,"skipped: no match, awaiting chembl pass"
GRC 17536 potassium granules,NA,unknown,0,NA,no reliable match,2,skipped,NA,"skipped: no match, awaiting chembl pass"
POTATO STARCH,Tropantiol,unknown,81,fuzzy:chembl,fuzzy match (jw similarity 81%),2,skipped,NA,"skipped: no match, awaiting chembl pass"
GSK2336805,Gsk-2330811,unknown,80,fuzzy:llm_reviewed,fuzzy match (jw similarity 80%),2,skipped,NA,"skipped: low-confidence unknown, awaiting chembl pass"
Nanocort,Naflocort,review,88,fuzzy:chembl,fuzzy match (jw similarity 88%),2,skipped,NA,"skipped: no match, awaiting chembl pass"
rAAV2,NA,unknown,0,NA,no reliable match,2,skipped,NA,"skipped: no match, awaiting chembl pass"
plasma rich in growth factors,Plasmin,review,85,fuzzy:llm_reviewed,fuzzy match (jw similarity 85%),2,skipped,NA,"skipped: wrong fuzzy suggestion, awaiting chembl pass"
M72 antigen,NA,unknown,0,NA,no reliable match,2,skipped,NA,"skipped: no match, awaiting chembl pass"
LAIS Birch-Alder tablets,NA,unknown,0,NA,no reliable match,2,skipped,NA,"skipped: no match, awaiting chembl pass"
ISIS 416858,Isis-463588,unknown,84,fuzzy:chembl,fuzzy match (jw similarity 84%),2,skipped,NA,"skipped: no match, awaiting chembl pass"
mesenchymal stromal cells,NA,unknown,0,NA,no reliable match,2,skipped,NA,"skipped: no match, awaiting chembl pass"
PRP 2012,NA,unknown,0,NA,no reliable match,2,skipped,NA,"skipped: no match, awaiting chembl pass"
Lactobacillus rhamnosus GG,Lactobacillus acidophilus,unknown,84,fuzzy:chembl,fuzzy match (jw similarity 84%),2,skipped,NA,"skipped: no match, awaiting chembl pass"
COFFEA ARABICA,NA,unknown,0,NA,no reliable match,2,skipped,NA,"skipped: no match, awaiting chembl pass"
PASSIFLORA INCARNATA,NA,unknown,0,NA,no reliable match,2,skipped,NA,"skipped: no match, awaiting chembl pass"
AVENA SATIVA,NA,unknown,0,NA,no reliable match,2,skipped,NA,"skipped: no match, awaiting chembl pass"
Not answered,NA,unknown,0,NA,no reliable match,2,skipped,NA,"skipped: no match, awaiting chembl pass"
Bactek,NA,unknown,0,NA,no reliable match,2,skipped,NA,"skipped: no match, awaiting chembl pass"
90Y-DOTA0-Tyr3-octreotide 90Y-DOTATOC,NA,unknown,0,NA,no reliable match,2,skipped,NA,"skipped: no match, awaiting chembl pass"
Keratinocytes,NA,unknown,0,NA,no reliable match,2,skipped,NA,"skipped: no match, awaiting chembl pass"
None available,NA,unknown,0,NA,no reliable match,2,skipped,NA,"skipped: no match, awaiting chembl pass"
Human Autologous Mesenchymal Stem Cells,NA,unknown,0,NA,no reliable match,2,skipped,NA,"skipped: no match, awaiting chembl pass"
"RTS,S",NA,unknown,0,NA,no reliable match,2,skipped,NA,"skipped: no match, awaiting chembl pass"
INN Not yet proposed,NA,unknown,0,NA,no reliable match,2,skipped,NA,"skipped: no match, awaiting chembl pass"
Salsola kali,Sotalol,unknown,81,fuzzy:manual,fuzzy match (jw similarity 81%),2,skipped,NA,"skipped: low-confidence unknown, awaiting chembl pass"
PRX167700,NA,unknown,0,NA,no reliable match,2,skipped,NA,"skipped: no match, awaiting chembl pass"
NYMC X-223A reass. derived from A,NA,unknown,0,NA,no reliable match,2,skipped,NA,"skipped: no match, awaiting chembl pass"
2011-like A,NA,unknown,0,NA,no reliable match,2,skipped,NA,"skipped: no match, awaiting chembl pass"
2012 wild type,NA,unknown,0,NA,no reliable match,2,skipped,NA,"skipped: no match, awaiting chembl pass"
Lipopolysaccharide,NA,unknown,0,NA,no reliable match,2,skipped,NA,"skipped: no match, awaiting chembl pass"
Cyclic pyranopterin monophosphate monohydrobromide dihydrate,NA,unknown,0,NA,no reliable match,2,skipped,NA,"skipped: no match, awaiting chembl pass"
ALN-51547,NA,unknown,0,NA,no reliable match,2,skipped,NA,"skipped: no match, awaiting chembl pass"
Autologous Platelet Rich Plasma,Autologous cord blood,unknown,83,fuzzy:llm_reviewed,fuzzy match (jw similarity 83%),2,skipped,NA,"skipped: low-confidence unknown, awaiting chembl pass"
PS188 company code,NA,unknown,0,NA,no reliable match,2,skipped,NA,"skipped: no match, awaiting chembl pass"
"2-7-1,1-dimethyl-3-4-sulfobutyl-benzeindolin-2-ylidene-1,3,5-heptatrienyl-1,1-dimethyl-3-sulfobutyl-1H-benze-indolium hydroxide,inner salt",NA,unknown,0,NA,no reliable match,2,skipped,NA,"skipped: no match, awaiting chembl pass"
ALK-Alutard SQ Betula verrucosa R,NA,unknown,0,NA,no reliable match,2,skipped,NA,"skipped: no match, awaiting chembl pass"
Vacc-10,Apc-100,unknown,81,fuzzy:chembl,fuzzy match (jw similarity 81%),2,skipped,NA,"skipped: no match, awaiting chembl pass"
Vacc-11,Cc-115,review,85,fuzzy:chembl,fuzzy match (jw similarity 85%),2,skipped,NA,"skipped: no match, awaiting chembl pass"
Vacc-12,NA,unknown,0,NA,no reliable match,2,skipped,NA,"skipped: no match, awaiting chembl pass"
Vacc-13,NA,unknown,0,NA,no reliable match,2,skipped,NA,"skipped: no match, awaiting chembl pass"
Chromatography Purified,NA,unknown,0,NA,no reliable match,2,skipped,NA,"skipped: no match, awaiting chembl pass"
Chromatography Purified IGIV-C,NA,unknown,0,NA,no reliable match,2,skipped,NA,"skipped: no match, awaiting chembl pass"
Autologous adipose-derived stem cells,Autologous adipose-derived stromal vascular fraction,review,85,fuzzy:chembl,fuzzy match (jw similarity 85%),2,skipped,NA,"skipped: low-confidence unknown, awaiting chembl pass"
Not applicable at this stage,NA,unknown,0,NA,no reliable match,2,skipped,NA,"skipped: no match, awaiting chembl pass"
Oligomer of Sodium Alginate,Lime,unknown,83,fuzzy:llm_reviewed,fuzzy match (jw similarity 83%),2,skipped,NA,"skipped: low-confidence unknown, awaiting chembl pass"
ESCHERICHIA COLI NISSLE 1917,NA,unknown,0,NA,no reliable match,2,skipped,NA,"skipped: no match, awaiting chembl pass"
rAAV9.CMV.hNAGLU,NA,unknown,0,NA,no reliable match,2,skipped,NA,"skipped: no match, awaiting chembl pass"
Zirconium-89,NA,unknown,0,NA,no reliable match,2,skipped,NA,"skipped: no match, awaiting chembl pass"
concentrate of proteolytic enzymes enriched in bromelain,NA,unknown,0,NA,no reliable match,2,skipped,NA,"skipped: no match, awaiting chembl pass"
Rikkunshito,NA,unknown,0,NA,no reliable match,2,skipped,NA,"skipped: no match, awaiting chembl pass"
13C-methacetin,Methetoin,unknown,82,fuzzy:chembl,fuzzy match (jw similarity 82%),2,skipped,NA,"skipped: no match, awaiting chembl pass"
Osteodex,Osaterone,unknown,81,fuzzy:chembl,fuzzy match (jw similarity 81%),2,skipped,NA,"skipped: no match, awaiting chembl pass"
anti-fucosyl-GM1,NA,unknown,0,NA,no reliable match,2,skipped,NA,"skipped: no match, awaiting chembl pass"
LU-DOTATATE_IRSTIRCCS,NA,unknown,0,NA,no reliable match,2,skipped,NA,"skipped: no match, awaiting chembl pass"
Cernevit,NA,unknown,0,NA,no reliable match,2,skipped,NA,"skipped: no match, awaiting chembl pass"
Ivy leaves Cough Liquid,NA,unknown,0,NA,no reliable match,2,skipped,NA,"skipped: no match, awaiting chembl pass"
NDT-05-0038,NA,unknown,0,NA,no reliable match,2,skipped,NA,"skipped: no match, awaiting chembl pass"
rApoA-IM Protein dimer,NA,unknown,0,NA,no reliable match,2,skipped,NA,"skipped: no match, awaiting chembl pass"
1-Palmitoyl-2-oleoyl-sn-glycero-3-phosphocholine critical raw material,NA,unknown,0,NA,no reliable match,2,skipped,NA,"skipped: no match, awaiting chembl pass"
DIBASE,NA,unknown,0,NA,no reliable match,2,skipped,NA,"skipped: no match, awaiting chembl pass"
Ad26.Zebov,NA,unknown,0,NA,no reliable match,2,skipped,NA,"skipped: no match, awaiting chembl pass"
MVA-BN-Filo,NA,unknown,0,NA,no reliable match,2,skipped,NA,"skipped: no match, awaiting chembl pass"
SOYA-BEAN OIL REFINED,Lesogaberan,unknown,80,fuzzy:chembl,fuzzy match (jw similarity 80%),2,skipped,NA,"skipped: no match, awaiting chembl pass"
Pollinex Quattro Birch 6000 SU,Proline,review,87,fuzzy:llm_reviewed,fuzzy match (jw similarity 87%),2,skipped,NA,"skipped: wrong fuzzy suggestion, awaiting chembl pass"
Mongersen,Tominersen,review,85,fuzzy:chembl,fuzzy match (jw similarity 85%),2,skipped,NA,"skipped: low-confidence unknown, awaiting chembl pass"
NK cells diferenciated adult allogeneic haploidentical ofexpanded periferic blood and activated with IL,NA,unknown,0,NA,no reliable match,2,skipped,NA,"skipped: no match, awaiting chembl pass"
FLU-5,NA,unknown,0,NA,no reliable match,2,skipped,NA,"skipped: no match, awaiting chembl pass"
FLU-7,NA,unknown,0,NA,no reliable match,2,skipped,NA,"skipped: no match, awaiting chembl pass"
FLU-10,NA,unknown,0,NA,no reliable match,2,skipped,NA,"skipped: no match, awaiting chembl pass"
engineered recombinant human FGF19,NA,unknown,0,NA,no reliable match,2,skipped,NA,"skipped: no match, awaiting chembl pass"
5-OPTIRPE65,NA,unknown,0,NA,no reliable match,2,skipped,NA,"skipped: no match, awaiting chembl pass"
palmitoyloleoyl-phosphatidylglycerol,NA,unknown,0,NA,no reliable match,2,skipped,NA,"skipped: no match, awaiting chembl pass"
UTA2-1 loaded PD-L silenced Dendritic cells,NA,unknown,0,NA,no reliable match,2,skipped,NA,"skipped: no match, awaiting chembl pass"
"18F-pyrazolo1,5-apyrimidine derivate",NA,unknown,0,NA,no reliable match,2,skipped,NA,"skipped: no match, awaiting chembl pass"
MV-CHIK,NA,unknown,0,NA,no reliable match,2,skipped,NA,"skipped: no match, awaiting chembl pass"
LentiGlobin BB305 Drug Product autologous CD34+ cells transduced with LentiGlobin BB305,Aleniglipron,unknown,82,fuzzy:chembl,fuzzy match (jw similarity 82%),2,skipped,NA,"skipped: low-confidence unknown, awaiting chembl pass"
LM11A-31-BHS,NA,unknown,0,NA,no reliable match,2,skipped,NA,"skipped: no match, awaiting chembl pass"
cranberry extract,NA,unknown,0,NA,no reliable match,2,skipped,NA,"skipped: no match, awaiting chembl pass"
ChAd155-RSV high dose,NA,unknown,0,NA,no reliable match,2,skipped,NA,"skipped: no match, awaiting chembl pass"
ChAd155-RSV low dose,NA,unknown,0,NA,no reliable match,2,skipped,NA,"skipped: no match, awaiting chembl pass"
RQR8+_TCR-_T-cells,NA,unknown,0,NA,no reliable match,2,skipped,NA,"skipped: no match, awaiting chembl pass"
LYC-30937,Ly-3031207,unknown,83,fuzzy:chembl,fuzzy match (jw similarity 83%),2,skipped,NA,"skipped: no match, awaiting chembl pass"
Autologous Chondrocytes,Autologous cultured chondrocytes,unknown,84,fuzzy:epar,fuzzy match (jw similarity 84%),2,skipped,NA,"skipped: low-confidence unknown, awaiting chembl pass"
DTX-SPL8783,NA,unknown,0,NA,no reliable match,2,skipped,NA,"skipped: no match, awaiting chembl pass"
PASPAT 3 mg compresse,Pesampator,unknown,81,fuzzy:llm_reviewed,fuzzy match (jw similarity 81%),2,skipped,NA,"skipped: low-confidence unknown, awaiting chembl pass"
MSV-CMT,NA,unknown,0,NA,no reliable match,2,skipped,NA,"skipped: no match, awaiting chembl pass"
Not yet assigned.,NA,unknown,0,NA,no reliable match,2,skipped,NA,"skipped: no match, awaiting chembl pass"
autologous mononuclear cells separated from aspirate of bone marrow,Autologous cord blood,unknown,83,fuzzy:llm_reviewed,fuzzy match (jw similarity 83%),2,skipped,NA,"skipped: low-confidence unknown, awaiting chembl pass"
AAV8.TBG.hLDLR,NA,unknown,0,NA,no reliable match,2,skipped,NA,"skipped: no match, awaiting chembl pass"
Ad-DNX-2401,NA,unknown,0,NA,no reliable match,2,skipped,NA,"skipped: no match, awaiting chembl pass"
Lactobacillus reuteri,Lactobacillus acidophilus,unknown,84,fuzzy:chembl,fuzzy match (jw similarity 84%),2,skipped,NA,"skipped: no match, awaiting chembl pass"
not established yet,NA,unknown,0,NA,no reliable match,2,skipped,NA,"skipped: no match, awaiting chembl pass"
L-PRF,NA,unknown,0,NA,no reliable match,2,skipped,NA,"skipped: no match, awaiting chembl pass"
8-hCARp.hCNGB3,NA,unknown,0,NA,no reliable match,2,skipped,NA,"skipped: no match, awaiting chembl pass"
Nal-IRI,NA,unknown,0,NA,no reliable match,2,skipped,NA,"skipped: no match, awaiting chembl pass"
ALN-60519,NA,unknown,0,NA,no reliable match,2,skipped,NA,"skipped: no match, awaiting chembl pass"
Peanut allergen extract,Peanut flour,unknown,83,fuzzy:llm_reviewed,fuzzy match (jw similarity 83%),2,skipped,NA,"skipped: low-confidence unknown, awaiting chembl pass"
5-hRKp.RPGR,NA,unknown,0,NA,no reliable match,2,skipped,NA,"skipped: no match, awaiting chembl pass"
Rubidium-82 chloride,Rubidium rb-82,review,63,chembl,alias match (chembl_synonym): 'rubidium-82' → 'rubidium rb-82',2,skipped,NA,"skipped: no match, awaiting chembl pass"
RUTI,NA,unknown,0,NA,no reliable match,2,skipped,NA,"skipped: no match, awaiting chembl pass"
PD-L1 long1 9-28,Programmed cell death 1 ligand 1,review,63,chembl,alias match (chembl_synonym): 'pd-l1' → 'programmed cell death 1 ligand 1',2,skipped,NA,"skipped: no match, awaiting chembl pass"
Solutio carbonis detergens 10 in cremor vaselini lanette,NA,unknown,0,NA,no reliable match,2,skipped,NA,"skipped: no match, awaiting chembl pass"
Whartons jelly mesenchymal stem cells,NA,unknown,0,NA,no reliable match,2,skipped,NA,"skipped: no match, awaiting chembl pass"
see D.3.9.3 Other descriptive name below,NA,unknown,0,NA,no reliable match,2,skipped,NA,"skipped: no match, awaiting chembl pass"
allo-APZ2-CVU,NA,unknown,0,NA,no reliable match,2,skipped,NA,"skipped: no match, awaiting chembl pass"
BMS-986218,Bms-986178,review,93,fuzzy:chembl,fuzzy match (jw similarity 93%),2,skipped,NA,"skipped: no match, awaiting chembl pass"
RXC004,NA,unknown,0,NA,no reliable match,2,skipped,NA,"skipped: no match, awaiting chembl pass"
Allergovit 6-grasses,NA,unknown,0,NA,no reliable match,2,skipped,NA,"skipped: no match, awaiting chembl pass"
Protein-bound Paclitaxel,NA,unknown,0,NA,no reliable match,2,skipped,NA,"skipped: no match, awaiting chembl pass"
As Per SmPC,NA,unknown,0,NA,no reliable match,2,skipped,NA,"skipped: no match, awaiting chembl pass"
levoketozonazole,Levoketoconazole,review,91,fuzzy:chembl,fuzzy match (jw similarity 91%),2,skipped,NA,"skipped: no match, awaiting chembl pass"
There is no recommended INN,NA,unknown,0,NA,no reliable match,2,skipped,NA,"skipped: no match, awaiting chembl pass"
Unavailable,NA,unknown,0,NA,no reliable match,2,skipped,NA,"skipped: no match, awaiting chembl pass"
recombinant human GAD65,Recombinant adamts13,review,85,fuzzy:llm_reviewed,fuzzy match (jw similarity 85%),2,skipped,NA,"skipped: wrong fuzzy suggestion, awaiting chembl pass"
Kapuzinerkressenkrautpulver,NA,unknown,0,NA,no reliable match,2,skipped,NA,"skipped: no match, awaiting chembl pass"
Egg Albumen Powder,Egualen,unknown,80,fuzzy:chembl,fuzzy match (jw similarity 80%),2,skipped,NA,"skipped: no match, awaiting chembl pass"
LOAd703,NA,unknown,0,NA,no reliable match,2,skipped,NA,"skipped: no match, awaiting chembl pass"
Vascular endothelial growth factor receptor-3 VEGFR-3 derivative fused to a human immunoglobulin IgG1 Fc fragment no proposed INN at this stage,NA,unknown,0,NA,no reliable match,2,skipped,NA,"skipped: no match, awaiting chembl pass"
Ciliary Neurotrophic factor CNTF,Ciliary neurotrophic factor,review,95,fuzzy:chembl,fuzzy match (jw similarity 95%),2,skipped,NA,"skipped: no match, awaiting chembl pass"
Hepcidin-25 human,Hepzidine,unknown,80,fuzzy:chembl,fuzzy match (jw similarity 80%),2,skipped,NA,"skipped: no match, awaiting chembl pass"
No INN assigned yet,NA,unknown,0,NA,no reliable match,2,skipped,NA,"skipped: no match, awaiting chembl pass"
Monoclonal antibody TG-403,Monoctanoin,unknown,80,fuzzy:chembl,fuzzy match (jw similarity 80%),2,skipped,NA,"skipped: no match, awaiting chembl pass"
bRESCAP,Brensocatib,unknown,80,fuzzy:chembl,fuzzy match (jw similarity 80%),2,skipped,NA,"skipped: no match, awaiting chembl pass"
Humanized IgG1 antibody drug conjugate,Bumadizone,unknown,83,fuzzy:chembl,fuzzy match (jw similarity 83%),2,skipped,NA,"skipped: no match, awaiting chembl pass"
ILB,NA,unknown,0,NA,no reliable match,2,skipped,NA,"skipped: no match, awaiting chembl pass"
EXPANDED HUMAN ALLOGENEIC MESENCHYMAL ADULT STEM CELLS EXTRACTED FROM ADIPOSE TISSUE,NA,unknown,0,NA,no reliable match,2,skipped,NA,"skipped: no match, awaiting chembl pass"
DOTA-RM2 ACETATO,NA,unknown,0,NA,no reliable match,2,skipped,NA,"skipped: no match, awaiting chembl pass"
Mesenchymal stem cells and microporous Bi-phasic calcium phosphate MBCP+,NA,unknown,0,NA,no reliable match,2,skipped,NA,"skipped: no match, awaiting chembl pass"
AMZ001,NA,unknown,0,NA,no reliable match,2,skipped,NA,"skipped: no match, awaiting chembl pass"
FLT190,NA,unknown,0,NA,no reliable match,2,skipped,NA,"skipped: no match, awaiting chembl pass"
None at this time,NA,unknown,0,NA,no reliable match,2,skipped,NA,"skipped: no match, awaiting chembl pass"
MEDI7352,Medi-7247,unknown,81,fuzzy:chembl,fuzzy match (jw similarity 81%),2,skipped,NA,"skipped: no match, awaiting chembl pass"
Commercial Synagis,NA,unknown,0,NA,no reliable match,2,skipped,NA,"skipped: no match, awaiting chembl pass"
DCR-L1360,NA,unknown,0,NA,no reliable match,2,skipped,NA,"skipped: no match, awaiting chembl pass"
Poliovirus inactivated IPV,Poliovirus vaccine inactivated,unknown,84,fuzzy:chembl,fuzzy match (jw similarity 84%),2,skipped,NA,"skipped: low-confidence unknown, awaiting chembl pass"
CRM197 carrier protein,NA,unknown,0,NA,no reliable match,2,skipped,NA,"skipped: no match, awaiting chembl pass"
Measles virus,Measles virus vaccine live,unknown,83,fuzzy:chembl,fuzzy match (jw similarity 83%),2,skipped,NA,"skipped: no match, awaiting chembl pass"
Mumps virus,Mumps virus vaccine live,unknown,82,fuzzy:chembl,fuzzy match (jw similarity 82%),2,skipped,NA,"skipped: no match, awaiting chembl pass"
Rubella virus,Rubella virus vaccine live,unknown,83,fuzzy:chembl,fuzzy match (jw similarity 83%),2,skipped,NA,"skipped: low-confidence unknown, awaiting chembl pass"
thyTreg,NA,unknown,0,NA,no reliable match,2,skipped,NA,"skipped: no match, awaiting chembl pass"
AGUIX,NA,unknown,0,NA,no reliable match,2,skipped,NA,"skipped: no match, awaiting chembl pass"
DYN101,NA,unknown,0,NA,no reliable match,2,skipped,NA,"skipped: no match, awaiting chembl pass"
rame cloruro  64CuCl2,NA,unknown,0,NA,no reliable match,2,skipped,NA,"skipped: no match, awaiting chembl pass"
Cereblon-modifying CM agent,NA,unknown,0,NA,no reliable match,2,skipped,NA,"skipped: no match, awaiting chembl pass"
64CuCl2,NA,unknown,0,NA,no reliable match,2,skipped,NA,"skipped: no match, awaiting chembl pass"
Alogenic bone marrow stem adult mesenchymal cells expanded Infected with Icovir-5,Aloe,unknown,83,fuzzy:chembl,fuzzy match (jw similarity 83%),2,skipped,NA,"skipped: no match, awaiting chembl pass"
"2015, IVR-180",NA,unknown,0,NA,no reliable match,2,skipped,NA,"skipped: no match, awaiting chembl pass"
INFIMH-16-0019,NA,unknown,0,NA,no reliable match,2,skipped,NA,"skipped: no match, awaiting chembl pass"
INN not yet been requested to the WHO,NA,unknown,0,NA,no reliable match,2,skipped,NA,"skipped: no match, awaiting chembl pass"
"SUNFLOWER OIL, REFINED",Sulfonterol,unknown,81,fuzzy:chembl,fuzzy match (jw similarity 81%),2,skipped,NA,"skipped: no match, awaiting chembl pass"
YELLOW WAX,NA,unknown,0,NA,no reliable match,2,skipped,NA,"skipped: no match, awaiting chembl pass"
CARNAUBA WAX PH EUR,Carafiban,unknown,81,fuzzy:chembl,fuzzy match (jw similarity 81%),2,skipped,NA,"skipped: no match, awaiting chembl pass"
OVX836,NA,unknown,0,NA,no reliable match,2,skipped,NA,"skipped: no match, awaiting chembl pass"
18FUCB-H,NA,unknown,0,NA,no reliable match,2,skipped,NA,"skipped: no match, awaiting chembl pass"
"aceite de soja, triglicridos de cadena media, aceite de oliva y aceite de pescado",Acetoside,unknown,83,fuzzy:chembl,fuzzy match (jw similarity 83%),2,skipped,NA,"skipped: no match, awaiting chembl pass"
Aceite de oliva purificado y aceite de soja purificado,Acetoside,unknown,83,fuzzy:chembl,fuzzy match (jw similarity 83%),2,skipped,NA,"skipped: no match, awaiting chembl pass"
Acidos grasos omega-3,NA,unknown,0,NA,no reliable match,2,skipped,NA,"skipped: no match, awaiting chembl pass"
Aceite de soja refinado y MCT,Acetoside,unknown,83,fuzzy:chembl,fuzzy match (jw similarity 83%),2,skipped,NA,"skipped: no match, awaiting chembl pass"
"Aceite de soja refinado,MCT y aceite de pescado",Acetoside,unknown,83,fuzzy:chembl,fuzzy match (jw similarity 83%),2,skipped,NA,"skipped: no match, awaiting chembl pass"
CyPep-1,Cpp-115,unknown,81,fuzzy:chembl,fuzzy match (jw similarity 81%),2,skipped,NA,"skipped: no match, awaiting chembl pass"
CT1812 fumarate,NA,unknown,0,NA,no reliable match,2,skipped,NA,"skipped: no match, awaiting chembl pass"
NMS-01940153E,NA,unknown,0,NA,no reliable match,2,skipped,NA,"skipped: no match, awaiting chembl pass"
Alutard SQ phleum pratense ALK 225,Paluratide,review,85,fuzzy:chembl,fuzzy match (jw similarity 85%),2,skipped,NA,"skipped: no match, awaiting chembl pass"
VPM1002,NA,unknown,0,NA,no reliable match,2,skipped,NA,"skipped: no match, awaiting chembl pass"
clulas mesenquimales troncales adultas alognicas de mdula sea expandidas mediante procedimiento IBGM,NA,unknown,0,NA,no reliable match,2,skipped,NA,"skipped: no match, awaiting chembl pass"
Mutaflor,NA,unknown,0,NA,no reliable match,2,skipped,NA,"skipped: no match, awaiting chembl pass"
HUMAN MESENCHYMAL STEM CELLS,NA,unknown,0,NA,no reliable match,2,skipped,NA,"skipped: no match, awaiting chembl pass"
CPL500036,NA,unknown,0,NA,no reliable match,2,skipped,NA,"skipped: no match, awaiting chembl pass"
PDNO,NA,unknown,0,NA,no reliable match,2,skipped,NA,"skipped: no match, awaiting chembl pass"
Omomyc,Paromomycin,review,85,fuzzy:chembl,fuzzy match (jw similarity 85%),2,skipped,NA,"skipped: no match, awaiting chembl pass"
Rabeximod,Icanbelimod,unknown,80,fuzzy:chembl,fuzzy match (jw similarity 80%),2,skipped,NA,"skipped: no match, awaiting chembl pass"
254 measured as amount of total protein containing the PorA P1,NA,unknown,0,NA,no reliable match,2,skipped,NA,"skipped: no match, awaiting chembl pass"
AZD0466,Azd2066,review,90,fuzzy:chembl,fuzzy match (jw similarity 90%),2,skipped,NA,"skipped: no match, awaiting chembl pass"
Bevacizumab-IRDye800CW,Bevacizumab,unknown,83,fuzzy:manual,fuzzy match (jw similarity 83%),2,skipped,NA,"skipped: low-confidence unknown, awaiting chembl pass"
Exo-CD24,NA,unknown,0,NA,no reliable match,2,skipped,NA,"skipped: no match, awaiting chembl pass"
High dose RSVPreF3,NA,unknown,0,NA,no reliable match,2,skipped,NA,"skipped: no match, awaiting chembl pass"
Anti-SARS-CoV-2 Fab2 fragments,NA,unknown,0,NA,no reliable match,2,skipped,NA,"skipped: no match, awaiting chembl pass"
There is no recommended International Nonproprietary Name INN,NA,unknown,0,NA,no reliable match,2,skipped,NA,"skipped: no match, awaiting chembl pass"
Peptide antigen SurA1.T,Peptide t,review,93,fuzzy:chembl,fuzzy match (jw similarity 93%),2,skipped,NA,"skipped: no match, awaiting chembl pass"
Peptide antigen SurA2.M,Peptide t,review,93,fuzzy:chembl,fuzzy match (jw similarity 93%),2,skipped,NA,"skipped: no match, awaiting chembl pass"
Peptide antigen SurA3.K,Peptide t,review,93,fuzzy:chembl,fuzzy match (jw similarity 93%),2,skipped,NA,"skipped: no match, awaiting chembl pass"
Peptide antigen SurA24,Peptide t,review,93,fuzzy:chembl,fuzzy match (jw similarity 93%),2,skipped,NA,"skipped: no match, awaiting chembl pass"
Peptide antigen SurB7,Peptide t,review,93,fuzzy:chembl,fuzzy match (jw similarity 93%),2,skipped,NA,"skipped: no match, awaiting chembl pass"
Polynucleotide adjuvant dldC,NA,unknown,0,NA,no reliable match,2,skipped,NA,"skipped: no match, awaiting chembl pass"
T-Helper antigen A16L,NA,unknown,0,NA,no reliable match,2,skipped,NA,"skipped: no match, awaiting chembl pass"
Anti-IL6,Anti-cd26,unknown,81,fuzzy:llm_reviewed,fuzzy match (jw similarity 81%),2,skipped,NA,"skipped: low-confidence unknown, awaiting chembl pass"
BIKTARVY,NA,review,99,manual,ambiguous alias maps to multiple substances,2,NA,NA,NA
RMC-035,Trc-093,unknown,81,fuzzy:chembl,fuzzy match (jw similarity 81%),2,skipped,NA,"skipped: no match, awaiting chembl pass"
TCP-25,Trc-253,review,85,fuzzy:chembl,fuzzy match (jw similarity 85%),2,skipped,NA,"skipped: no match, awaiting chembl pass"
XXB750,NA,unknown,0,NA,no reliable match,2,skipped,NA,"skipped: no match, awaiting chembl pass"
Test IMP (EDG-5506) without active substance,NA,unknown,0,NA,no reliable match,2,skipped,NA,"skipped: no match, awaiting chembl pass"
HepaStem,Zepastine,unknown,81,fuzzy:chembl,fuzzy match (jw similarity 81%),2,skipped,NA,"skipped: no match, awaiting chembl pass"
OTL-203,Cat-203,unknown,81,fuzzy:chembl,fuzzy match (jw similarity 81%),2,skipped,NA,"skipped: no match, awaiting chembl pass"
REGN7999,NA,unknown,0,NA,no reliable match,2,skipped,NA,"skipped: no match, awaiting chembl pass"
UCB0599 PRD4385815,Minzasolmin,review,63,chembl,alias match (chembl_synonym): 'ucb0599' → 'minzasolmin',2,skipped,NA,"skipped: no match, awaiting chembl pass"
BAY 3018250,NA,unknown,0,NA,no reliable match,2,skipped,NA,"skipped: no match, awaiting chembl pass"
UCPVax 1mg,NA,unknown,0,NA,no reliable match,2,skipped,NA,"skipped: no match, awaiting chembl pass"
JNJ-81201887,NA,unknown,0,NA,no reliable match,2,skipped,NA,"skipped: no match, awaiting chembl pass"
BCMACP03,NA,unknown,0,NA,no reliable match,2,skipped,NA,"skipped: no match, awaiting chembl pass"
Trappsol  Cyclo,Torapsel,unknown,83,fuzzy:chembl,fuzzy match (jw similarity 83%),2,skipped,NA,"skipped: no match, awaiting chembl pass"
MORF-057 IR Capsule,NA,unknown,0,NA,no reliable match,2,skipped,NA,"skipped: no match, awaiting chembl pass"
"22 micrograms inhalation powder, pre-dispensed",NA,unknown,0,NA,no reliable match,2,skipped,NA,"skipped: no match, awaiting chembl pass"
4.5 micrograms inhalation powder,NA,unknown,0,NA,no reliable match,2,skipped,NA,"skipped: no match, awaiting chembl pass"
CARBOHYDRATES,NA,unknown,0,NA,no reliable match,2,skipped,NA,"skipped: no match, awaiting chembl pass"
Fancalen,Fanapanel,unknown,84,fuzzy:chembl,fuzzy match (jw similarity 84%),2,skipped,NA,"skipped: no match, awaiting chembl pass"
GLPG3667,Glpg-3970,unknown,81,fuzzy:chembl,fuzzy match (jw similarity 81%),2,skipped,NA,"skipped: no match, awaiting chembl pass"
SODIUM LEVOFOLINATE,Sodium benzoate,unknown,82,fuzzy:llm_reviewed,fuzzy match (jw similarity 82%),2,skipped,NA,"skipped: low-confidence unknown, awaiting chembl pass"
Neoflubin 25 mg,Nemorubicin,unknown,80,fuzzy:chembl,fuzzy match (jw similarity 80%),2,skipped,NA,"skipped: no match, awaiting chembl pass"
REGN9933,NA,unknown,0,NA,no reliable match,2,skipped,NA,"skipped: no match, awaiting chembl pass"
CLLS52,NA,unknown,0,NA,no reliable match,2,skipped,NA,"skipped: no match, awaiting chembl pass"
BCN-CP01,Bnc-105p,unknown,82,fuzzy:chembl,fuzzy match (jw similarity 82%),2,skipped,NA,"skipped: no match, awaiting chembl pass"
GD2IL18CART,NA,unknown,0,NA,no reliable match,2,skipped,NA,"skipped: no match, awaiting chembl pass"
Matching formulation of Povorcitinib (INCB054707) oral tablets,Malathion,unknown,81,fuzzy:chembl,fuzzy match (jw similarity 81%),2,skipped,NA,"skipped: no match, awaiting chembl pass"
IL6-Mab,NA,unknown,0,NA,no reliable match,2,skipped,NA,"skipped: no match, awaiting chembl pass"
"infusionsvätska, lösning.",NA,unknown,0,NA,no reliable match,2,skipped,NA,"skipped: no match, awaiting chembl pass"
ALLO-647,NA,unknown,0,NA,no reliable match,2,skipped,NA,"skipped: no match, awaiting chembl pass"
Quamatel 20 mg por és oldószer oldatos injekcióhoz,Buramate,unknown,83,fuzzy:chembl,fuzzy match (jw similarity 83%),2,skipped,NA,"skipped: no match, awaiting chembl pass"
ALLO-501A,Apl-501,unknown,84,fuzzy:chembl,fuzzy match (jw similarity 84%),2,skipped,NA,"skipped: no match, awaiting chembl pass"
mRNA-3705,NA,unknown,0,NA,no reliable match,2,skipped,NA,"skipped: no match, awaiting chembl pass"
NEORAL® Soft Gelatin Capsules 10mg,NA,review,96,manual,ambiguous alias maps to multiple substances,2,NA,NA,NA
AOC 1020,NA,unknown,0,NA,no reliable match,2,skipped,NA,"skipped: no match, awaiting chembl pass"
Viaskin Peanut,Vicasinabin,unknown,80,fuzzy:chembl,fuzzy match (jw similarity 80%),2,skipped,NA,"skipped: no match, awaiting chembl pass"
"Soluprick Negative control, Solution for skin prick test",NA,unknown,0,NA,no reliable match,2,skipped,NA,"skipped: no match, awaiting chembl pass"
"Soluprick Positive control, 10 mg",NA,unknown,0,NA,no reliable match,2,skipped,NA,"skipped: no match, awaiting chembl pass"
Debio 0123,NA,unknown,0,NA,no reliable match,2,skipped,NA,"skipped: no match, awaiting chembl pass"
PRENUMBRA,NA,unknown,0,NA,no reliable match,2,skipped,NA,"skipped: no match, awaiting chembl pass"
177Lu PSMA I&T solution for injection,NA,unknown,0,NA,no reliable match,2,skipped,NA,"skipped: no match, awaiting chembl pass"
AZD3427,Azd-7624,unknown,81,fuzzy:llm_reviewed,fuzzy match (jw similarity 81%),2,skipped,NA,"skipped: low-confidence unknown, awaiting chembl pass"
ION 682884,NA,unknown,0,NA,no reliable match,2,skipped,NA,"skipped: no match, awaiting chembl pass"
IcoSema 700 U,NA,unknown,0,NA,no reliable match,2,skipped,NA,"skipped: no match, awaiting chembl pass"
TNG462,NA,unknown,0,NA,no reliable match,2,skipped,NA,"skipped: no match, awaiting chembl pass"
SVF,NA,unknown,0,NA,no reliable match,2,skipped,NA,"skipped: no match, awaiting chembl pass"
CRD-4730,Ac-430,unknown,82,fuzzy:chembl,fuzzy match (jw similarity 82%),2,skipped,NA,"skipped: no match, awaiting chembl pass"
XTMAB-16,Mab-216,review,87,fuzzy:chembl,fuzzy match (jw similarity 87%),2,skipped,NA,"skipped: no match, awaiting chembl pass"
SerpinPC,Serine,unknown,82,fuzzy:llm_reviewed,fuzzy match (jw similarity 82%),2,skipped,NA,"skipped: low-confidence unknown, awaiting chembl pass"
VX-561 granules,Deutivacaftor,review,63,chembl,alias match (chembl_synonym): 'vx-561' → 'deutivacaftor',2,skipped,NA,"skipped: no match, awaiting chembl pass"
v Intravenous Infusion BP Solution for Infusion,NA,unknown,0,NA,no reliable match,2,skipped,NA,"skipped: no match, awaiting chembl pass"
GS-5245 tablets 175 mg,Obeldesivir,review,62,chembl,alias match (chembl_synonym): 'gs-5245' → 'obeldesivir',2,skipped,NA,"skipped: low-confidence unknown, awaiting chembl pass"
GS-5245 tablets 350 mg,Obeldesivir,review,62,chembl,alias match (chembl_synonym): 'gs-5245' → 'obeldesivir',2,skipped,NA,"skipped: low-confidence unknown, awaiting chembl pass"
TGFβ Trap),NA,unknown,0,NA,no reliable match,2,skipped,NA,"skipped: no match, awaiting chembl pass"
AT-1501 190 mg Vial,Tegoprubart,review,62,chembl,alias match (chembl_synonym): 'at-1501' → 'tegoprubart',2,skipped,NA,"skipped: no match, awaiting chembl pass"
infusion or oral solution,NA,unknown,0,NA,no reliable match,2,skipped,NA,"skipped: no match, awaiting chembl pass"
same excipients except no hypromellose,NA,unknown,0,NA,no reliable match,2,skipped,NA,"skipped: no match, awaiting chembl pass"
infundiranje,Vinflunine,unknown,82,fuzzy:manual,fuzzy match (jw similarity 82%),2,skipped,NA,"skipped: low-confidence unknown, awaiting chembl pass"
inhalación suspensión para inhalación en envase a presión* (*) sin CFC,Finafloxacin,unknown,82,fuzzy:chembl,fuzzy match (jw similarity 82%),2,skipped,NA,"skipped: no match, awaiting chembl pass"
ApTOLL,Practolol,unknown,83,fuzzy:chembl,fuzzy match (jw similarity 83%),2,skipped,NA,"skipped: low-confidence unknown, awaiting chembl pass"
Omicron BA.4-5 (15,Emicerfont,unknown,82,fuzzy:chembl,fuzzy match (jw similarity 82%),2,skipped,NA,"skipped: no match, awaiting chembl pass"
15 micrograms),NA,unknown,0,NA,no reliable match,2,skipped,NA,"skipped: no match, awaiting chembl pass"
SAR441566,Sar-441236,unknown,83,fuzzy:chembl,fuzzy match (jw similarity 83%),2,skipped,NA,"skipped: no match, awaiting chembl pass"
"infuusiokonsentraatti, liuosta varten",NA,unknown,0,NA,no reliable match,2,skipped,NA,"skipped: no match, awaiting chembl pass"
souche,NA,unknown,0,NA,no reliable match,2,skipped,NA,"skipped: no match, awaiting chembl pass"
JNJ-78901563,NA,unknown,0,NA,no reliable match,2,skipped,NA,"skipped: no match, awaiting chembl pass"
"Astarté 0,25 mg",Izastobart,review,87,fuzzy:chembl,fuzzy match (jw similarity 87%),2,skipped,NA,"skipped: low-confidence unknown, awaiting chembl pass"
GPRC5D-TARGETED CAR T,NA,unknown,0,NA,no reliable match,2,skipped,NA,"skipped: no match, awaiting chembl pass"
CD19-Targeted NEX-T CAR T,NA,unknown,0,NA,no reliable match,2,skipped,NA,"skipped: no match, awaiting chembl pass"
Matched,NA,unknown,0,NA,no reliable match,2,skipped,NA,"skipped: no match, awaiting chembl pass"
JNJ-78934804,NA,unknown,0,NA,no reliable match,2,skipped,NA,"skipped: no match, awaiting chembl pass"
BAY 948862,NA,unknown,0,NA,no reliable match,2,skipped,NA,"skipped: no match, awaiting chembl pass"
HAL Allergy Prick Test Hundeepithelien,NA,unknown,0,NA,no reliable match,2,skipped,NA,"skipped: no match, awaiting chembl pass"
HAL Allergy Prick Test Hausstaubmilbe Dermatophagoides Pteronyssinus,NA,unknown,0,NA,no reliable match,2,skipped,NA,"skipped: no match, awaiting chembl pass"
HAL Allergy Prick Test Katzenepithelien,NA,unknown,0,NA,no reliable match,2,skipped,NA,"skipped: no match, awaiting chembl pass"
AVP-786,Pc-786,review,85,fuzzy:chembl,fuzzy match (jw similarity 85%),2,skipped,NA,"skipped: no match, awaiting chembl pass"
Bendadocel 20 mg,Bendazol,review,86,fuzzy:chembl,fuzzy match (jw similarity 86%),2,skipped,NA,"skipped: no match, awaiting chembl pass"
perfusion,Perflubron,unknown,83,fuzzy:chembl,fuzzy match (jw similarity 83%),2,skipped,NA,"skipped: no match, awaiting chembl pass"
Film-Coated Tablet without Deucravacitinib,NA,unknown,0,NA,no reliable match,2,skipped,NA,"skipped: no match, awaiting chembl pass"
AAVAnc80-hOTOF,NA,unknown,0,NA,no reliable match,2,skipped,NA,"skipped: no match, awaiting chembl pass"
"g, gel oftálmico en envase unidosis",NA,unknown,0,NA,no reliable match,2,skipped,NA,"skipped: no match, awaiting chembl pass"
0.5 mL solution for injection in pre-filled pen,NA,unknown,0,NA,no reliable match,2,skipped,NA,"skipped: no match, awaiting chembl pass"
JNJ-79635322,Jnj-42396302,unknown,81,fuzzy:chembl,fuzzy match (jw similarity 81%),2,skipped,NA,"skipped: no match, awaiting chembl pass"
"Tablets are oval, biconvex, plain and white to off white",NA,unknown,0,NA,no reliable match,2,skipped,NA,"skipped: no match, awaiting chembl pass"
PTG-CARCIK-CD19,NA,unknown,0,NA,no reliable match,2,skipped,NA,"skipped: no match, awaiting chembl pass"
ALK-prick Positiv-Kontrolle ist ein Histaminpräparat für die Pricktestung.,NA,unknown,0,NA,no reliable match,2,skipped,NA,"skipped: no match, awaiting chembl pass"
"ALK-prick SQ  - 503 Milbe Dermatophagoides pteronyssinus, 10 HEP,  Lösung für den Pricktest",NA,unknown,0,NA,no reliable match,2,skipped,NA,"skipped: no match, awaiting chembl pass"
ALK-prick SQ - 312 Beifuß - 10 HEP - Lösung für den Pricktest,NA,unknown,0,NA,no reliable match,2,skipped,NA,"skipped: no match, awaiting chembl pass"
ALK-prick SQ - 225 Wiesenlieschgras - 10 HEP - Lösung für den Pricktest,NA,unknown,0,NA,no reliable match,2,skipped,NA,"skipped: no match, awaiting chembl pass"
ALK-prick SQ 553 Hundehaare 10 HEP Lösung für den Pricktest,NA,unknown,0,NA,no reliable match,2,skipped,NA,"skipped: no match, awaiting chembl pass"
"PRICK TEST Alternaria alternata LETI, 30 HEP",NA,unknown,0,NA,no reliable match,2,skipped,NA,"skipped: no match, awaiting chembl pass"
ALK-prick Negativ-Kontrolle Pricktestlösung,NA,unknown,0,NA,no reliable match,2,skipped,NA,"skipped: no match, awaiting chembl pass"
"PRICK TEST Birkenpollen LETI, 30 HEP",NA,unknown,0,NA,no reliable match,2,skipped,NA,"skipped: no match, awaiting chembl pass"
"PRICK TEST Hundeepithel LETI, 30 HEP",NA,unknown,0,NA,no reliable match,2,skipped,NA,"skipped: no match, awaiting chembl pass"
ALK-prick N - 302 Ragweed (Ambrosia) - 1:100 G,NA,unknown,0,NA,no reliable match,2,skipped,NA,"skipped: no match, awaiting chembl pass"
V - Lösung für den Pricktest,NA,unknown,0,NA,no reliable match,2,skipped,NA,"skipped: no match, awaiting chembl pass"
ALK-prick SQ - 555 Katzenhaare - 10 HEP - Lösung für den Pricktest,NA,unknown,0,NA,no reliable match,2,skipped,NA,"skipped: no match, awaiting chembl pass"
ALK-prick SQ - 108 Birke - 10 HEP - Lösung für den Pricktest,NA,unknown,0,NA,no reliable match,2,skipped,NA,"skipped: no match, awaiting chembl pass"
ALK-prick N - 402 Alternaria alternata (tenuis) - 1:20 G,NA,unknown,0,NA,no reliable match,2,skipped,NA,"skipped: no match, awaiting chembl pass"
Genoxal 200 mg polvo para solución inyectable y para perfusión,Tenosal,unknown,81,fuzzy:chembl,fuzzy match (jw similarity 81%),2,skipped,NA,"skipped: no match, awaiting chembl pass"
Surabgene Lomparvovec (ABBV-RGX-314),Surabgene lomparvovec,review,86,fuzzy:chembl,fuzzy match (jw similarity 86%),2,skipped,NA,"skipped: no match, awaiting chembl pass"
"PRICK TEST Lieschgras LETI, 30 HEP",NA,unknown,0,NA,no reliable match,2,skipped,NA,"skipped: no match, awaiting chembl pass"
AMX0035,Anx-005,unknown,81,fuzzy:llm_reviewed,fuzzy match (jw similarity 81%),2,skipped,NA,"skipped: no match, awaiting chembl pass"
ABBV-382,Abbv-257,unknown,83,fuzzy:chembl,fuzzy match (jw similarity 83%),2,skipped,NA,"skipped: no match, awaiting chembl pass"
Allogeneic Mesenchymal stromal cells derived from adipose tissue thawed and cultured,NA,unknown,0,NA,no reliable match,2,skipped,NA,"skipped: no match, awaiting chembl pass"
VX-670 Solution for Injection,Vx-702,review,89,fuzzy:chembl,fuzzy match (jw similarity 89%),2,skipped,NA,"skipped: no match, awaiting chembl pass"
BNT314,NA,unknown,0,NA,no reliable match,2,skipped,NA,"skipped: no match, awaiting chembl pass"
TransCon IL-2 ß,Transcrocetin,review,87,fuzzy:chembl,fuzzy match (jw similarity 87%),2,skipped,NA,"skipped: no match, awaiting chembl pass"
"Fluenz nasal spray suspension 
Influenza vaccine (live attenuated, nasal)",NA,review,99,llm_reviewed|manual,ambiguous alias maps to multiple substances,2,NA,NA,NA
Tumor Intiltrating Lymphocytes (TIL) – VHIO,NA,unknown,0,NA,no reliable match,2,skipped,NA,"skipped: no match, awaiting chembl pass"
"ml), roztwór do wstrzykiwan",NA,unknown,0,NA,no reliable match,2,skipped,NA,"skipped: no match, awaiting chembl pass"
11C-UCB-J,NA,unknown,0,NA,no reliable match,2,skipped,NA,"skipped: no match, awaiting chembl pass"
Recombinant human anti-ATTR immunoglobulin G1 (IgG1) monoclonal antibody (mAb),Recombinant adamts13,review,85,fuzzy:llm_reviewed,fuzzy match (jw similarity 85%),2,skipped,NA,"skipped: wrong fuzzy suggestion, awaiting chembl pass"
MT-7117 Formulation Code C,Dersimelagon,review,63,chembl,alias match (chembl_synonym): 'mt-7117' → 'dersimelagon',2,skipped,NA,"skipped: no match, awaiting chembl pass"
Exon 51 specific phosphorothioate oligonucleotide,NA,unknown,0,NA,no reliable match,2,skipped,NA,"skipped: no match, awaiting chembl pass"
"Conferoport 0,5 mg cápsulas duras de liberación prolongada EFG",NA,unknown,0,NA,no reliable match,2,skipped,NA,"skipped: no match, awaiting chembl pass"
SYN2,NA,unknown,0,NA,no reliable match,2,skipped,NA,"skipped: no match, awaiting chembl pass"
"Eye drops, suspension, ocular use",NA,unknown,0,NA,no reliable match,2,skipped,NA,"skipped: no match, awaiting chembl pass"
inhalación polvo para inhalación.,Finafloxacin,unknown,82,fuzzy:chembl,fuzzy match (jw similarity 82%),2,skipped,NA,"skipped: no match, awaiting chembl pass"
VIBRIO ALGINOLYTICUS COLLAGENASE,Vibegron,unknown,82,fuzzy:llm_reviewed,fuzzy match (jw similarity 82%),2,skipped,NA,"skipped: low-confidence unknown, awaiting chembl pass"
Veritikug (UPB-101) matching solution for subcutaneous injection with no active treatment,Verekitug,review,86,fuzzy:chembl,fuzzy match (jw similarity 86%),2,skipped,NA,"skipped: no match, awaiting chembl pass"
BNT323,NA,unknown,0,NA,no reliable match,2,skipped,NA,"skipped: no match, awaiting chembl pass"
Nivo 240 mg and Rela 80 mg per vial,NA,unknown,0,NA,no reliable match,2,skipped,NA,"skipped: no match, awaiting chembl pass"
Nodexon 20 mg tabletes,Doxenitoin,unknown,83,fuzzy:chembl,fuzzy match (jw similarity 83%),2,skipped,NA,"skipped: no match, awaiting chembl pass"
Nodexon 20 mg tabletės,Doxenitoin,unknown,83,fuzzy:chembl,fuzzy match (jw similarity 83%),2,skipped,NA,"skipped: no match, awaiting chembl pass"
"Boostrix Injektionssuspension in einer Fertigspritze Diphtherie-, Tetanus- und Pertussis (azellulär, aus Komponenten)-Adsorbatimpfstoff (mit reduziertem Antigengehalt)",NA,unknown,0,NA,no reliable match,2,skipped,NA,"skipped: no match, awaiting chembl pass"
Sym025,Sym-023,review,85,fuzzy:llm_reviewed,fuzzy match (jw similarity 85%),2,skipped,NA,"skipped: no match, awaiting chembl pass"
Mannan-conjugated allergoid (polymerized) Betula pendula parenteral vaccine,NA,unknown,0,NA,no reliable match,2,skipped,NA,"skipped: no match, awaiting chembl pass"
Steripet 250 MBq,Serine,unknown,82,fuzzy:llm_reviewed,fuzzy match (jw similarity 82%),2,skipped,NA,"skipped: low-confidence unknown, awaiting chembl pass"
INBRX-101 Concentrate for Solution for Infusion 50mg,Ign-101,unknown,84,fuzzy:chembl,fuzzy match (jw similarity 84%),2,skipped,NA,"skipped: no match, awaiting chembl pass"
Treg02,NA,unknown,0,NA,no reliable match,2,skipped,NA,"skipped: no match, awaiting chembl pass"
CellReady,NA,unknown,0,NA,no reliable match,2,skipped,NA,"skipped: no match, awaiting chembl pass"
Radspherin,Racephedrine,review,85,fuzzy:chembl,fuzzy match (jw similarity 85%),2,skipped,NA,"skipped: no match, awaiting chembl pass"
Histamin-Kontrollösung 1% Pricktestlösung Wirkstoff: Histamindihydrochlorid,NA,unknown,0,NA,no reliable match,2,skipped,NA,"skipped: no match, awaiting chembl pass"
GEN1042 DP,NA,unknown,0,NA,no reliable match,2,skipped,NA,"skipped: no match, awaiting chembl pass"
ALVEOFACT® 45 mg,Alefacept,review,85,fuzzy:chembl,fuzzy match (jw similarity 85%),2,skipped,NA,"skipped: no match, awaiting chembl pass"
Mannan-conjugated allergoid (polymerized) Dermatophagoides pteronyssinus and Dermatophagoides farinae parenteral vaccine,NA,unknown,0,NA,no reliable match,2,skipped,NA,"skipped: no match, awaiting chembl pass"
ALXN 2040,NA,unknown,0,NA,no reliable match,2,skipped,NA,"skipped: no match, awaiting chembl pass"
P-Tabletten weiß 10 mm Lichtenstein,NA,unknown,0,NA,no reliable match,2,skipped,NA,"skipped: no match, awaiting chembl pass"
PBO PH20 SC,NA,unknown,0,NA,no reliable match,2,skipped,NA,"skipped: no match, awaiting chembl pass"
Isocyclosporin A,Ciclosporin,unknown,81,fuzzy:manual,fuzzy match (jw similarity 81%),2,skipped,NA,"skipped: low-confidence unknown, awaiting chembl pass"
anti-IL8 mAb,Anti-cd18,unknown,81,fuzzy:chembl,fuzzy match (jw similarity 81%),2,skipped,NA,"skipped: no match, awaiting chembl pass"
PL1 - Powder for injection,NA,unknown,0,NA,no reliable match,2,skipped,NA,"skipped: no match, awaiting chembl pass"
Solution for injection in pre-filled syringe without Ustekinumab 90,NA,unknown,0,NA,no reliable match,2,skipped,NA,"skipped: no match, awaiting chembl pass"
DRB436,NA,unknown,0,NA,no reliable match,2,skipped,NA,"skipped: no match, awaiting chembl pass"
EIK1001 solution for injection 1.0 mg,NA,unknown,0,NA,no reliable match,2,skipped,NA,"skipped: no match, awaiting chembl pass"
"v, medicinaal gas, cryogeen",NA,unknown,0,NA,no reliable match,2,skipped,NA,"skipped: no match, awaiting chembl pass"
"v, Viaflo, oplossing voor infusie",NA,unknown,0,NA,no reliable match,2,skipped,NA,"skipped: no match, awaiting chembl pass"
Buffer S9b Solution for suspension for injection,NA,unknown,0,NA,no reliable match,2,skipped,NA,"skipped: no match, awaiting chembl pass"
BELTAVAC polymerized grass mix,Belatacept,unknown,81,fuzzy:llm_reviewed,fuzzy match (jw similarity 81%),2,skipped,NA,"skipped: low-confidence unknown, awaiting chembl pass"
g crema,NA,unknown,0,NA,no reliable match,2,skipped,NA,"skipped: no match, awaiting chembl pass"
DYNE-101,De-104,unknown,82,fuzzy:chembl,fuzzy match (jw similarity 82%),2,skipped,NA,"skipped: no match, awaiting chembl pass"
AZD7798,Azd-8797,review,91,fuzzy:chembl,fuzzy match (jw similarity 91%),2,skipped,NA,"skipped: low-confidence unknown, awaiting chembl pass"
EYE103,NA,unknown,0,NA,no reliable match,2,skipped,NA,"skipped: no match, awaiting chembl pass"
TUB-040,Tu-100,review,85,fuzzy:chembl,fuzzy match (jw similarity 85%),2,skipped,NA,"skipped: no match, awaiting chembl pass"
APG777,NA,unknown,0,NA,no reliable match,2,skipped,NA,"skipped: no match, awaiting chembl pass"
CD19-CAR_Lenti,NA,unknown,0,NA,no reliable match,2,skipped,NA,"skipped: no match, awaiting chembl pass"
ARO-APOC3,NA,unknown,0,NA,no reliable match,2,skipped,NA,"skipped: no match, awaiting chembl pass"
AOC 1001,NA,unknown,0,NA,no reliable match,2,skipped,NA,"skipped: no match, awaiting chembl pass"
Custodiol-N,Ursodiol,unknown,84,fuzzy:llm_reviewed,fuzzy match (jw similarity 84%),2,skipped,NA,"skipped: low-confidence unknown, awaiting chembl pass"
Lutetium (177Lu) rhPSMA-10.1 injection,Lutetium (177lu) tezuvotide tetraxetan,review,63,chembl,alias match (chembl_synonym): 'lutetium (177lu) rhpsma-10.1' → 'lutetium (177lu) tezuvotide tetraxetan',2,skipped,NA,"skipped: low-confidence unknown, awaiting chembl pass"
Pulmocis 2 mg trousse pour préparation radiopharmaceutique,Paulomycin,unknown,81,fuzzy:chembl,fuzzy match (jw similarity 81%),2,skipped,NA,"skipped: no match, awaiting chembl pass"
"MYDRIASERT, insert ophtalmique",Maridebart,unknown,82,fuzzy:chembl,fuzzy match (jw similarity 82%),2,skipped,NA,"skipped: no match, awaiting chembl pass"
"Monopex, øjendråber, opløsning, enkeltdosisbeholder",NA,unknown,0,NA,no reliable match,2,skipped,NA,"skipped: no match, awaiting chembl pass"
[90Y]Y-PentixaTher,NA,unknown,0,NA,no reliable match,2,skipped,NA,"skipped: no match, awaiting chembl pass"
GLM101,Mf101,unknown,82,fuzzy:chembl,fuzzy match (jw similarity 82%),2,skipped,NA,"skipped: no match, awaiting chembl pass"
powder and solvent for solution for injection,NA,unknown,0,NA,no reliable match,2,skipped,NA,"skipped: no match, awaiting chembl pass"
ARA-cell® 40 mg Injektion 20 mg,NA,unknown,0,NA,no reliable match,2,skipped,NA,"skipped: no match, awaiting chembl pass"
VHB937,NA,unknown,0,NA,no reliable match,2,skipped,NA,"skipped: no match, awaiting chembl pass"
AZD5004,Azd3514,unknown,81,fuzzy:chembl,fuzzy match (jw similarity 81%),2,skipped,NA,"skipped: no match, awaiting chembl pass"
PolyCore,Polyferose,unknown,81,fuzzy:chembl,fuzzy match (jw similarity 81%),2,skipped,NA,"skipped: no match, awaiting chembl pass"
Suspension of autologous mononuclear cells separated from bone marrow aspirate,NA,unknown,0,NA,no reliable match,2,skipped,NA,"skipped: no match, awaiting chembl pass"
tolDC,NA,unknown,0,NA,no reliable match,2,skipped,NA,"skipped: no match, awaiting chembl pass"
TEMFERON,Metamfepramone,unknown,82,fuzzy:chembl,fuzzy match (jw similarity 82%),2,skipped,NA,"skipped: low-confidence unknown, awaiting chembl pass"
Transplant microbiote fécal,Transplatin,review,94,fuzzy:chembl,fuzzy match (jw similarity 94%),2,skipped,NA,"skipped: no match, awaiting chembl pass"
ATL001,Act-001,review,85,fuzzy:chembl,fuzzy match (jw similarity 85%),2,skipped,NA,"skipped: no match, awaiting chembl pass"
Reverpleg 40 U.I.,NA,unknown,0,NA,no reliable match,2,skipped,NA,"skipped: no match, awaiting chembl pass"
ODM-111,Mm-111,review,85,fuzzy:chembl,fuzzy match (jw similarity 85%),2,skipped,NA,"skipped: no match, awaiting chembl pass"
OSU6162 15 mg,NA,unknown,0,NA,no reliable match,2,skipped,NA,"skipped: no match, awaiting chembl pass"
AMG 509,Amg-650,unknown,81,fuzzy:chembl,fuzzy match (jw similarity 81%),2,skipped,NA,"skipped: no match, awaiting chembl pass"
ILT-101 liquide,Aldesleukin,review,63,chembl,alias match (chembl_synonym): 'ilt-101' → 'aldesleukin',2,skipped,NA,"skipped: low-confidence unknown, awaiting chembl pass"
Test IMP without active substance,NA,unknown,0,NA,no reliable match,2,skipped,NA,"skipped: no match, awaiting chembl pass"
Zr-DFO-girentuximab,Girentuximab,unknown,84,fuzzy:chembl,fuzzy match (jw similarity 84%),2,skipped,NA,"skipped: no match, awaiting chembl pass"
CHF5993 pMDI (100) -152a,NA,unknown,0,NA,no reliable match,2,skipped,NA,"skipped: no match, awaiting chembl pass"
NVL-655,NA,unknown,0,NA,no reliable match,2,skipped,NA,"skipped: no match, awaiting chembl pass"
"MYRRHINIL-INTEST® Überzogene Tabletten 100 mg Myrrhe, 50 mg Kaffeekohle, 70 mg
Kamillenblüten-Trockenextrakt",NA,unknown,0,NA,no reliable match,2,skipped,NA,"skipped: no match, awaiting chembl pass"
rhASA,NA,unknown,0,NA,no reliable match,2,skipped,NA,"skipped: no match, awaiting chembl pass"
KJX839,NA,unknown,0,NA,no reliable match,2,skipped,NA,"skipped: no match, awaiting chembl pass"
Softisan 378,Safotibant,unknown,81,fuzzy:chembl,fuzzy match (jw similarity 81%),2,skipped,NA,"skipped: no match, awaiting chembl pass"
IMA203,NA,unknown,0,NA,no reliable match,2,skipped,NA,"skipped: no match, awaiting chembl pass"
inhalación polvo para inhalación,Finafloxacin,unknown,82,fuzzy:chembl,fuzzy match (jw similarity 82%),2,skipped,NA,"skipped: no match, awaiting chembl pass"
PiB,NA,unknown,0,NA,no reliable match,2,skipped,NA,"skipped: no match, awaiting chembl pass"
SAR442970,NA,unknown,0,NA,no reliable match,2,skipped,NA,"skipped: no match, awaiting chembl pass"
AUTOLOGOUS ADIPOSE TISSUE-DERIVED STROMAL VASCULAR FRACTION 5 MILLIONS CELLS,Autologous cord blood,unknown,83,fuzzy:llm_reviewed,fuzzy match (jw similarity 83%),2,skipped,NA,"skipped: low-confidence unknown, awaiting chembl pass"
infuziju,NA,unknown,0,NA,no reliable match,2,skipped,NA,"skipped: no match, awaiting chembl pass"
NVG-2089,Nv-128,unknown,82,fuzzy:chembl,fuzzy match (jw similarity 82%),2,skipped,NA,"skipped: no match, awaiting chembl pass"
per infusione.,Perifosine,review,85,fuzzy:chembl,fuzzy match (jw similarity 85%),2,skipped,NA,"skipped: low-confidence unknown, awaiting chembl pass"
CEREBROLYSIN,NA,unknown,0,NA,no reliable match,2,skipped,NA,"skipped: no match, awaiting chembl pass"
"spray, nasal spray suspension",NA,unknown,0,NA,no reliable match,2,skipped,NA,"skipped: no match, awaiting chembl pass"
modified recombinant human C-type natriuretic peptide (rhCNP),NA,unknown,0,NA,no reliable match,2,skipped,NA,"skipped: no match, awaiting chembl pass"
SPI-62_DF2,Clofutriben,review,63,chembl,alias match (chembl_synonym): 'spi-62' → 'clofutriben',2,skipped,NA,"skipped: low-confidence unknown, awaiting chembl pass"
Propolipid,Propazolamide,unknown,81,fuzzy:chembl,fuzzy match (jw similarity 81%),2,skipped,NA,"skipped: no match, awaiting chembl pass"
TIL cells,NA,unknown,0,NA,no reliable match,2,skipped,NA,"skipped: no match, awaiting chembl pass"
Neoral 100 mg Soft Capsules,NA,review,96,manual,ambiguous alias maps to multiple substances,2,NA,NA,NA
"tablet
Corn starch 70mg","Starch, corn",review,62,chembl,"alias match (chembl_synonym): 'corn starch' → 'starch, corn'",2,skipped,NA,"skipped: no match, awaiting chembl pass"
"tablet
Cellulose microcrystalline 55mg",NA,review,62,chembl,ambiguous alias maps to multiple substances,2,skipped,NA,"skipped: no match, awaiting chembl pass"
"tablet
Silicium dioxide anhydrous 20mg",Aclidinium,unknown,81,fuzzy:manual,fuzzy match (jw similarity 81%),2,skipped,NA,"skipped: low-confidence unknown, awaiting chembl pass"
CYB003,NA,unknown,0,NA,no reliable match,2,skipped,NA,"skipped: no match, awaiting chembl pass"
Powder for reconstitution for enteral administration,NA,unknown,0,NA,no reliable match,2,skipped,NA,"skipped: no match, awaiting chembl pass"
BNT326,NA,unknown,0,NA,no reliable match,2,skipped,NA,"skipped: no match, awaiting chembl pass"
CIT-013,It-139,review,85,fuzzy:chembl,fuzzy match (jw similarity 85%),2,skipped,NA,"skipped: no match, awaiting chembl pass"
PF-07817883 Tablet,Ibuzatrelvir,review,63,chembl,alias match (chembl_synonym): 'pf-07817883' → 'ibuzatrelvir',2,skipped,NA,"skipped: no match, awaiting chembl pass"
granules for suspension,NA,unknown,0,NA,no reliable match,2,skipped,NA,"skipped: no match, awaiting chembl pass"
NVD003,NA,unknown,0,NA,no reliable match,2,skipped,NA,"skipped: no match, awaiting chembl pass"
OTL-103,Tol-101,review,85,fuzzy:chembl,fuzzy match (jw similarity 85%),2,skipped,NA,"skipped: no match, awaiting chembl pass"
JNJ-90301900,NA,unknown,0,NA,no reliable match,2,skipped,NA,"skipped: no match, awaiting chembl pass"
DUOFAG,NA,unknown,0,NA,no reliable match,2,skipped,NA,"skipped: no match, awaiting chembl pass"
"injektionsvæske, opløsning",NA,unknown,0,NA,no reliable match,2,skipped,NA,"skipped: no match, awaiting chembl pass"
ORX750,NA,unknown,0,NA,no reliable match,2,skipped,NA,"skipped: no match, awaiting chembl pass"
177Lu-PSMA I&T_IRSTIRCCS,NA,unknown,0,NA,no reliable match,2,skipped,NA,"skipped: no match, awaiting chembl pass"
TECEOS Trockenstechampullen,Temefos,review,85,fuzzy:chembl,fuzzy match (jw similarity 85%),2,skipped,NA,"skipped: no match, awaiting chembl pass"
[68Ga]Ga-MAA,NA,unknown,0,NA,no reliable match,2,skipped,NA,"skipped: no match, awaiting chembl pass"
Tablet,NA,unknown,0,NA,no reliable match,2,skipped,NA,"skipped: no match, awaiting chembl pass"
ALN-TTRSC04,NA,unknown,0,NA,no reliable match,2,skipped,NA,"skipped: no match, awaiting chembl pass"
to match Tirzepatide,NA,unknown,0,NA,no reliable match,2,skipped,NA,"skipped: no match, awaiting chembl pass"
v Solution for Infusion,NA,unknown,0,NA,no reliable match,2,skipped,NA,"skipped: no match, awaiting chembl pass"
Amorion Comp 80 mg,Amorolfine,review,85,fuzzy:llm_reviewed,fuzzy match (jw similarity 85%),2,skipped,NA,"skipped: low-confidence unknown, awaiting chembl pass"
OMTX705,NA,unknown,0,NA,no reliable match,2,skipped,NA,"skipped: no match, awaiting chembl pass"
"sachet (with the exception of the active substance), is manufactured by the same manufacturer (uni-pharma kleon tsetis pharmaceutical laboratory s.a) and is not sterile.",NA,unknown,0,NA,no reliable match,2,skipped,NA,"skipped: no match, awaiting chembl pass"
C2C_ASC110,NA,unknown,0,NA,no reliable match,2,skipped,NA,"skipped: no match, awaiting chembl pass"
64Cu(II)Cl2 solution for injection,NA,unknown,0,NA,no reliable match,2,skipped,NA,"skipped: no match, awaiting chembl pass"
RMC-9805,NA,unknown,0,NA,no reliable match,2,skipped,NA,"skipped: no match, awaiting chembl pass"
NBI-1117568,NA,unknown,0,NA,no reliable match,2,skipped,NA,"skipped: no match, awaiting chembl pass"
dosis suspensión para inhalación en envase a presión,NA,unknown,0,NA,no reliable match,2,skipped,NA,"skipped: no match, awaiting chembl pass"
BFB759,NA,unknown,0,NA,no reliable match,2,skipped,NA,"skipped: no match, awaiting chembl pass"
Conjunctival Provocation Test Grass-Mix LETI 30 HEP,NA,unknown,0,NA,no reliable match,2,skipped,NA,"skipped: no match, awaiting chembl pass"
ADX-038,Azd-8330,unknown,81,fuzzy:chembl,fuzzy match (jw similarity 81%),2,skipped,NA,"skipped: no match, awaiting chembl pass"
"OLISENS 0,86 mg",Golodirsen,unknown,82,fuzzy:chembl,fuzzy match (jw similarity 82%),2,skipped,NA,"skipped: no match, awaiting chembl pass"
AZD4512,Azd-7451,review,87,fuzzy:chembl,fuzzy match (jw similarity 87%),2,skipped,NA,"skipped: no match, awaiting chembl pass"
"Daylette 0,02 mg",NA,unknown,0,NA,no reliable match,2,skipped,NA,"skipped: no match, awaiting chembl pass"
"MET097 Injection, 5mg",NA,unknown,0,NA,no reliable match,2,skipped,NA,"skipped: no match, awaiting chembl pass"
ZD6474 Tablets,Vandetanib,review,63,chembl,alias match (chembl_synonym): 'zd6474' → 'vandetanib',1,NA,NA,NA
Eposin,Poskine,review,85,fuzzy:chembl,fuzzy match (jw similarity 85%),1,NA,NA,NA
"GW842470X DISKUS, 1 mg",Awd-12-281,review,62,chembl,alias match (chembl_synonym): 'gw842470x' → 'awd-12-281',1,NA,NA,NA
Nolpitantium besylate,NA,review,64,chembl,ambiguous alias maps to multiple substances,1,NA,NA,NA
Aminoaccids solution,Amino acids,review,94,fuzzy:chembl,fuzzy match (jw similarity 94%),1,NA,NA,NA
balance Solution low sodium peritoneal dialysis solution,Isoxaflutole,review,62,chembl,alias match (chembl_synonym): 'balance' → 'isoxaflutole',1,NA,NA,NA
AP23573 Diluent,Ridaforolimus,review,63,chembl,alias match (chembl_synonym): 'ap23573' → 'ridaforolimus',1,NA,NA,NA
Nealorin 150,Nalorphine,review,86,fuzzy:chembl,fuzzy match (jw similarity 86%),1,NA,NA,NA
Nealorin 450,Nalorphine,review,86,fuzzy:chembl,fuzzy match (jw similarity 86%),1,NA,NA,NA
Cichorium e planta tota 5,Ciclonium,review,85,fuzzy:chembl,fuzzy match (jw similarity 85%),1,NA,NA,NA
Oxalis Folium Rh D4,Oxalinast,review,89,fuzzy:chembl,fuzzy match (jw similarity 89%),1,NA,NA,NA
Oxalis Salbe 30,Oxalinast,review,89,fuzzy:chembl,fuzzy match (jw similarity 89%),1,NA,NA,NA
SB681323 Tablets,Dilmapimod,review,63,chembl,alias match (chembl_synonym): 'sb681323' → 'dilmapimod',1,NA,NA,NA
IGN101,Ign-101,review,95,fuzzy:chembl,fuzzy match (jw similarity 95%),1,NA,NA,NA
MAGE-3.A1,Melanoma-associated antigen 3,review,63,chembl,alias match (chembl_synonym): 'mage-3' → 'melanoma-associated antigen 3',1,NA,NA,NA
NY-ESO-1LAGE-2.A2,Ny-eso-1,review,86,fuzzy:chembl,fuzzy match (jw similarity 86%),1,NA,NA,NA
REMUNE,Resimmune,review,89,fuzzy:chembl,fuzzy match (jw similarity 89%),1,NA,NA,NA
aluminium hydroxide-adsorbed allergoid preparation of birch pollen allergens,Amezinium,review,85,fuzzy:chembl,fuzzy match (jw similarity 85%),1,NA,NA,NA
Sandimmun Optoral,NA,review,98,manual,ambiguous alias maps to multiple substances,1,NA,NA,NA
Cocimiento de Llantn 5,Cicliomenol,review,85,fuzzy:chembl,fuzzy match (jw similarity 85%),1,NA,NA,NA
Baldrian,Aladorian,review,88,fuzzy:chembl,fuzzy match (jw similarity 88%),1,NA,NA,NA
DTS-301,Tt-301,review,85,fuzzy:chembl,fuzzy match (jw similarity 85%),1,NA,NA,NA
Boswellia serrrata extract,Boswellic acid,review,88,fuzzy:chembl,fuzzy match (jw similarity 88%),1,NA,NA,NA
Pangramin Plus dermatophagoides mezcla,Panuramine,review,90,fuzzy:chembl,fuzzy match (jw similarity 90%),1,NA,NA,NA
TA-CIN,Tacrine,review,85,fuzzy:chembl,fuzzy match (jw similarity 85%),1,NA,NA,NA
Myfortic 180 mg Filmtabletten,NA,review,97,manual,ambiguous alias maps to multiple substances,1,NA,NA,NA
recombinant soluble human tissue factor,Recombinant adamts13,review,85,fuzzy:llm_reviewed,fuzzy match (jw similarity 85%),1,skipped,NA,"skipped: wrong fuzzy suggestion, awaiting chembl pass"
rCTB-401,Cmb-401,review,87,fuzzy:chembl,fuzzy match (jw similarity 87%),1,NA,NA,NA
SB-681323 Tablets,Dilmapimod,review,63,chembl,alias match (chembl_synonym): 'sb-681323' → 'dilmapimod',1,NA,NA,NA
IDP-102 Gel 5,Pg-102,review,85,fuzzy:chembl,fuzzy match (jw similarity 85%),1,NA,NA,NA
IDP-102 Gel 15,Pg-102,review,85,fuzzy:chembl,fuzzy match (jw similarity 85%),1,NA,NA,NA
STA-5326 mesylate,NA,review,64,chembl,ambiguous alias maps to multiple substances,1,NA,NA,NA
NCX-1000,Ncx 1000,review,92,fuzzy:chembl,fuzzy match (jw similarity 92%),1,NA,NA,NA
hemoglobin glutamer 250 bovine,Hemoglobin glutamer-250 (bovine),review,93,fuzzy:chembl,fuzzy match (jw similarity 93%),1,NA,NA,NA
Diluent for CJC-1295,Difluprednate,review,85,fuzzy:chembl,fuzzy match (jw similarity 85%),1,NA,NA,NA
Myfortic 180 mg,NA,review,98,manual,ambiguous alias maps to multiple substances,1,NA,NA,NA
Myfortic 360 mg,NA,review,98,manual,ambiguous alias maps to multiple substances,1,NA,NA,NA
phosphate sandoz,Triphosphate,review,92,fuzzy:chembl,fuzzy match (jw similarity 92%),1,NA,NA,NA
arnica,Arsenic,review,85,fuzzy:chembl,fuzzy match (jw similarity 85%),1,NA,NA,NA
RUBIDIO IODURO,Rubidium,review,87,fuzzy:chembl,fuzzy match (jw similarity 87%),1,NA,NA,NA
Recombinant factor VIII,Recombinant adamts13,review,85,fuzzy:llm_reviewed,fuzzy match (jw similarity 85%),1,skipped,NA,"skipped: wrong fuzzy suggestion, awaiting chembl pass"
Pangramin PLUS Dermatophagoides pteronyssinus,Panuramine,review,90,fuzzy:chembl,fuzzy match (jw similarity 90%),1,NA,NA,NA
Carbon Monoxide 3.0,"Charcoal, activated",review,63,chembl,"alias match (chembl_synonym): 'carbon' → 'charcoal, activated'",1,NA,NA,NA
Vaseline,Salverine,review,88,fuzzy:chembl,fuzzy match (jw similarity 88%),1,NA,NA,NA
Lipidem,Alpidem,review,85,fuzzy:chembl,fuzzy match (jw similarity 85%),1,NA,NA,NA
recombinant megakaryopoeisis-stimulating protein,Recombinant adamts13,review,85,fuzzy:llm_reviewed,fuzzy match (jw similarity 85%),1,skipped,NA,"skipped: wrong fuzzy suggestion, awaiting chembl pass"
NY-ESO-1b.A2,Ny-eso-1,review,96,fuzzy:chembl,fuzzy match (jw similarity 96%),1,NA,NA,NA
Substance P C-061,Substance p,review,94,fuzzy:chembl,fuzzy match (jw similarity 94%),1,NA,NA,NA
Hypericum Extrakt WS 5570,St. john's wort,review,63,chembl,alias match (chembl_synonym): 'hypericum' → 'st. john's wort',1,NA,NA,NA
SB-462795 tablets,Relacatib,review,63,chembl,alias match (chembl_synonym): 'sb-462795' → 'relacatib',1,NA,NA,NA
GW856553 Tablets,Losmapimod,review,63,chembl,alias match (chembl_synonym): 'gw856553' → 'losmapimod',1,NA,NA,NA
Clostridium botulinum serotype A neurotoxin,"Clostridium botulinum, serotype e, neurotoxin (150 kda)",review,89,fuzzy:epar,fuzzy match (jw similarity 89%),1,NA,NA,NA
polyacrylic acid,Polyglycolic acid,review,88,fuzzy:chembl,fuzzy match (jw similarity 88%),1,NA,NA,NA
ASF-1096 Cream 0.5,Levosalbutamol,review,62,chembl,alias match (chembl_synonym): 'asf-1096' → 'levosalbutamol',1,NA,NA,NA
GW856553 comprimidos,Losmapimod,review,63,chembl,alias match (chembl_synonym): 'gw856553' → 'losmapimod',1,NA,NA,NA
Aprazolam,Alprazolam,review,97,fuzzy:chembl,fuzzy match (jw similarity 97%),1,NA,NA,NA
Alutard SQ Phleum pratense,Paluratide,review,85,fuzzy:chembl,fuzzy match (jw similarity 85%),1,NA,NA,NA
Apoprost,Vapiprost,review,88,fuzzy:chembl,fuzzy match (jw similarity 88%),1,NA,NA,NA
Viscum Album,Aviscumine,review,87,fuzzy:chembl,fuzzy match (jw similarity 87%),1,NA,NA,NA
LY2181308 Sodium,Gataparsen,review,63,chembl,alias match (chembl_synonym): 'ly2181308' → 'gataparsen',1,NA,NA,NA
AMG 108,Amg-108,review,90,fuzzy:chembl,fuzzy match (jw similarity 90%),1,NA,NA,NA
ASF-1096 cream 0.5,Levosalbutamol,review,62,chembl,alias match (chembl_synonym): 'asf-1096' → 'levosalbutamol',1,NA,NA,NA
Teverlix trifluoroacetate,Teverelix,review,96,fuzzy:chembl,fuzzy match (jw similarity 96%),1,NA,NA,NA
Tampon actate salin,Betamipron,review,87,fuzzy:chembl,fuzzy match (jw similarity 87%),1,NA,NA,NA
Recombinant VZV glycoprotein gE antigen adjuvanted with AS01B,Recombinant adamts13,review,85,fuzzy:llm_reviewed,fuzzy match (jw similarity 85%),1,skipped,NA,"skipped: wrong fuzzy suggestion, awaiting chembl pass"
Recombinant VZV glycoprotein gE antigen reconstituted in saline,Recombinant adamts13,review,85,fuzzy:llm_reviewed,fuzzy match (jw similarity 85%),1,skipped,NA,"skipped: wrong fuzzy suggestion, awaiting chembl pass"
Recombinant human Clara cell protein 10 rhCC10,Recombinant adamts13,review,85,fuzzy:llm_reviewed,fuzzy match (jw similarity 85%),1,skipped,NA,"skipped: wrong fuzzy suggestion, awaiting chembl pass"
Monoamine oxidase B inhibitors,Oxolamine,review,85,fuzzy:chembl,fuzzy match (jw similarity 85%),1,NA,NA,NA
Nicolon,Nicoclonate,review,88,fuzzy:chembl,fuzzy match (jw similarity 88%),1,NA,NA,NA
AIC-001 Coprecipitate Tablets,Act-001,review,90,fuzzy:chembl,fuzzy match (jw similarity 90%),1,NA,NA,NA
Grape Juice,Orange juice,review,86,fuzzy:chembl,fuzzy match (jw similarity 86%),1,NA,NA,NA
Protease inhibitors,Promelase,review,88,fuzzy:chembl,fuzzy match (jw similarity 88%),1,NA,NA,NA
Lecicarbon E,Celivarone,review,85,fuzzy:llm_reviewed,fuzzy match (jw similarity 85%),1,NA,NA,NA
Cardiozen,Cardiopet,review,85,fuzzy:chembl,fuzzy match (jw similarity 85%),1,NA,NA,NA
peptide pulsed DC,Peptide t,review,93,fuzzy:chembl,fuzzy match (jw similarity 93%),1,NA,NA,NA
recombinant humanised monoclonal antibody,Recombinant adamts13,review,85,fuzzy:llm_reviewed,fuzzy match (jw similarity 85%),1,skipped,NA,"skipped: wrong fuzzy suggestion, awaiting chembl pass"
Hydroxypropyl methyl cellulose in bottles,Hydroxypropyl cellulose,review,86,fuzzy:chembl,fuzzy match (jw similarity 86%),1,NA,NA,NA
Recombinant microbial lipase,Recombinant adamts13,review,85,fuzzy:llm_reviewed,fuzzy match (jw similarity 85%),1,skipped,NA,"skipped: wrong fuzzy suggestion, awaiting chembl pass"
L-Valin,Olvanil,review,85,fuzzy:chembl,fuzzy match (jw similarity 85%),1,NA,NA,NA
Recombinant Human Bile Salt-stimulated Lipase,Recombinant adamts13,review,85,fuzzy:llm_reviewed,fuzzy match (jw similarity 85%),1,skipped,NA,"skipped: wrong fuzzy suggestion, awaiting chembl pass"
Oralgen Grass Pollen,Psoralen,review,87,fuzzy:chembl,fuzzy match (jw similarity 87%),1,NA,NA,NA
Ketorolac-Trometamol,Ketorolac tromethamine,review,87,fuzzy:chembl,fuzzy match (jw similarity 87%),1,NA,NA,NA
vaseline 20 cetomacrogolcream,Salverine,review,88,fuzzy:chembl,fuzzy match (jw similarity 88%),1,NA,NA,NA
Alhydrogel+CPG7909,Hydrogen,review,86,fuzzy:chembl,fuzzy match (jw similarity 86%),1,NA,NA,NA
Pelargonium sidoides extract ratio 1:8-10 extraction solvent: ethanol 11  w,Pranolium,review,88,fuzzy:chembl,fuzzy match (jw similarity 88%),1,NA,NA,NA
Dalotuzamab,Dalotuzumab,review,91,fuzzy:chembl,fuzzy match (jw similarity 91%),1,NA,NA,NA
Protease Inhibitors all licenced PIs allowed per the protocol,Promelase,review,88,fuzzy:chembl,fuzzy match (jw similarity 88%),1,NA,NA,NA
recombinant biologically active HIV1 Tat protein,Recombinant adamts13,review,85,fuzzy:llm_reviewed,fuzzy match (jw similarity 85%),1,skipped,NA,"skipped: wrong fuzzy suggestion, awaiting chembl pass"
DTS-201,Gts-21,review,85,fuzzy:chembl,fuzzy match (jw similarity 85%),1,NA,NA,NA
recombinant Bet v 1,Recombinant adamts13,review,85,fuzzy:llm_reviewed,fuzzy match (jw similarity 85%),1,skipped,NA,"skipped: wrong fuzzy suggestion, awaiting chembl pass"
Pyridoxalated hemoglobin polyoxyethylene conjugate,Pyridoxal,review,90,fuzzy:chembl,fuzzy match (jw similarity 90%),1,NA,NA,NA
Tiparol,Tiapirinol,review,85,fuzzy:chembl,fuzzy match (jw similarity 85%),1,NA,NA,NA
Nerve Growth Factor -2.5S,Nerve growth factor,review,92,fuzzy:chembl,fuzzy match (jw similarity 92%),1,NA,NA,NA
Lepidium Latifolium L.,Beperidium,review,86,fuzzy:chembl,fuzzy match (jw similarity 86%),1,NA,NA,NA
formoline L112,Fomocaine,review,85,fuzzy:chembl,fuzzy match (jw similarity 85%),1,NA,NA,NA
Lepidium latifolium L.,Beperidium,review,86,fuzzy:chembl,fuzzy match (jw similarity 86%),1,NA,NA,NA
Recombinant monoclonal anti-CD20 antibody,Recombinant adamts13,review,85,fuzzy:llm_reviewed,fuzzy match (jw similarity 85%),1,skipped,NA,"skipped: wrong fuzzy suggestion, awaiting chembl pass"
Triterpene dry extract from birch cork,Triamterene,review,91,fuzzy:chembl,fuzzy match (jw similarity 91%),1,NA,NA,NA
MEDI-534,Medi-564,review,92,fuzzy:chembl,fuzzy match (jw similarity 92%),1,NA,NA,NA
Oralgen Birch Pollen,Psoralen,review,87,fuzzy:chembl,fuzzy match (jw similarity 87%),1,NA,NA,NA
Oralgen House Dust Mite,Psoralen,review,87,fuzzy:chembl,fuzzy match (jw similarity 87%),1,NA,NA,NA
Control 1,Colterol,review,87,fuzzy:chembl,fuzzy match (jw similarity 87%),1,NA,NA,NA
Control 2,Colterol,review,87,fuzzy:chembl,fuzzy match (jw similarity 87%),1,NA,NA,NA
"Thiazides, plain",Ethiazide,review,93,fuzzy:chembl,fuzzy match (jw similarity 93%),1,NA,NA,NA
Carnation corn caps,Aranotin,review,86,fuzzy:chembl,fuzzy match (jw similarity 86%),1,NA,NA,NA
MYFORTIC,NA,review,99,manual,ambiguous alias maps to multiple substances,1,NA,NA,NA
Bio-restorative Skin Cream,Orestrate,review,87,fuzzy:chembl,fuzzy match (jw similarity 87%),1,NA,NA,NA
SentoClone,Stanolone,review,85,fuzzy:chembl,fuzzy match (jw similarity 85%),1,NA,NA,NA
NY-ESO1:157-165,Ny-eso-1,review,96,fuzzy:chembl,fuzzy match (jw similarity 96%),1,NA,NA,NA
montanide ISA-51,Amonafide,review,85,fuzzy:chembl,fuzzy match (jw similarity 85%),1,NA,NA,NA
recombinant FSH,Recombinant adamts13,review,85,fuzzy:llm_reviewed,fuzzy match (jw similarity 85%),1,skipped,NA,"skipped: wrong fuzzy suggestion, awaiting chembl pass"
Cathin-hydrochlorid,Thiamine hydrochloride,review,85,fuzzy:chembl,fuzzy match (jw similarity 85%),1,NA,NA,NA
Alutard Avanz,Paluratide,review,85,fuzzy:chembl,fuzzy match (jw similarity 85%),1,NA,NA,NA
recombinant methionylated human granulocyte-colony stimulating factor G-CSF,Recombinant adamts13,review,85,fuzzy:llm_reviewed,fuzzy match (jw similarity 85%),1,skipped,NA,"skipped: wrong fuzzy suggestion, awaiting chembl pass"
BENCIDAMINA HIDROCLORURO,Benzydamine,review,63,chembl,alias match (chembl_synonym): 'bencidamina' → 'benzydamine',1,NA,NA,NA
Fluval AB suspension for injection,Fluoxetine,review,62,chembl,alias match (chembl_synonym): 'fluval' → 'fluoxetine',1,NA,NA,NA
Fluval AB Novo suspension for injection,Fluoxetine,review,62,chembl,alias match (chembl_synonym): 'fluval' → 'fluoxetine',1,NA,NA,NA
CytoFab,Tofa,review,86,fuzzy:chembl,fuzzy match (jw similarity 86%),1,NA,NA,NA
TEUCRIUM SCORODONIA,Stercuronium,review,85,fuzzy:chembl,fuzzy match (jw similarity 85%),1,NA,NA,NA
Phenacetinum 4 CH,Phenacetin,review,63,chembl,alias match (chembl_synonym): 'phenacetinum' → 'phenacetin',1,NA,NA,NA
Recombinant human heparan N-sulfatase rhHNS,Recombinant adamts13,review,85,fuzzy:llm_reviewed,fuzzy match (jw similarity 85%),1,skipped,NA,"skipped: wrong fuzzy suggestion, awaiting chembl pass"
recombinant human parathyroid hormone 1-34,Recombinant adamts13,review,85,fuzzy:llm_reviewed,fuzzy match (jw similarity 85%),1,skipped,NA,"skipped: wrong fuzzy suggestion, awaiting chembl pass"
PERITONEAL Dialytics,Perzinfotel,review,87,fuzzy:chembl,fuzzy match (jw similarity 87%),1,NA,NA,NA
Lipidem 200 mg,Alpidem,review,85,fuzzy:chembl,fuzzy match (jw similarity 85%),1,NA,NA,NA
Triterpene dry extract from birk cork,Triamterene,review,91,fuzzy:chembl,fuzzy match (jw similarity 91%),1,NA,NA,NA
thienopyridin,Tinoridine,review,86,fuzzy:chembl,fuzzy match (jw similarity 86%),1,NA,NA,NA
Alustal,Talbutal,review,87,fuzzy:chembl,fuzzy match (jw similarity 87%),1,NA,NA,NA
MAGE-3 Antigen 168-176 human Acetate,Melanoma-associated antigen 3,review,63,chembl,alias match (chembl_synonym): 'mage-3' → 'melanoma-associated antigen 3',1,NA,NA,NA
Perindoprilerbumin,Perindopril erbumine,review,97,fuzzy:chembl,fuzzy match (jw similarity 97%),1,NA,NA,NA
Truvada tenofovir disoproxil,NA,review,98,manual,ambiguous alias maps to multiple substances,1,NA,NA,NA
SagaPro,Agar,review,86,fuzzy:chembl,fuzzy match (jw similarity 86%),1,NA,NA,NA
triterpene dry extract from birch cork,Triamterene,review,91,fuzzy:chembl,fuzzy match (jw similarity 91%),1,NA,NA,NA
Serotonium muriaticum 5 CH,Serotonin,review,90,fuzzy:chembl,fuzzy match (jw similarity 90%),1,NA,NA,NA
Progenitor cells,Privosegtor,review,85,fuzzy:chembl,fuzzy match (jw similarity 85%),1,NA,NA,NA
Cetraben emollient,Cetaben,review,96,fuzzy:chembl,fuzzy match (jw similarity 96%),1,NA,NA,NA
StarGen,Estrogen,review,87,fuzzy:chembl,fuzzy match (jw similarity 87%),1,NA,NA,NA
peridopril arginine,Perindopril arginine,review,98,fuzzy:chembl,fuzzy match (jw similarity 98%),1,NA,NA,NA
RECOMBINANT OSPA TYPE 1,Recombinant adamts13,review,85,fuzzy:llm_reviewed,fuzzy match (jw similarity 85%),1,skipped,NA,"skipped: wrong fuzzy suggestion, awaiting chembl pass"
RECOMBINANT OSPA TYPE 5,Recombinant adamts13,review,85,fuzzy:llm_reviewed,fuzzy match (jw similarity 85%),1,skipped,NA,"skipped: wrong fuzzy suggestion, awaiting chembl pass"
RECOMBINANT OSPA TYPE 6,Recombinant adamts13,review,85,fuzzy:llm_reviewed,fuzzy match (jw similarity 85%),1,skipped,NA,"skipped: wrong fuzzy suggestion, awaiting chembl pass"
Miglyol Oil,Miglitol,review,87,fuzzy:chembl,fuzzy match (jw similarity 87%),1,NA,NA,NA
ASCT01,Act-001,review,85,fuzzy:chembl,fuzzy match (jw similarity 85%),1,NA,NA,NA
PHOSPHATE,Triphosphate,review,92,fuzzy:chembl,fuzzy match (jw similarity 92%),1,NA,NA,NA
Brimonidina tartrato,Brimonidine,review,63,chembl,alias match (chembl_synonym): 'brimonidina' → 'brimonidine',1,skipped,NA,"skipped: wrong fuzzy suggestion, awaiting chembl pass"
ANA773 Tosylate Capsule,Rg-7795,review,62,chembl,alias match (chembl_synonym): 'ana773' → 'rg-7795',1,NA,NA,NA
TRK-170,Tak-071,review,85,fuzzy:chembl,fuzzy match (jw similarity 85%),1,NA,NA,NA
HuMAb P-Selectin,Imgatuzumab,review,63,chembl,alias match (chembl_synonym): 'humab' → 'imgatuzumab',1,NA,NA,NA
recombinant antibody,Recombinant adamts13,review,85,fuzzy:llm_reviewed,fuzzy match (jw similarity 85%),1,skipped,NA,"skipped: wrong fuzzy suggestion, awaiting chembl pass"
Diluent,Difluprednate,review,85,fuzzy:chembl,fuzzy match (jw similarity 85%),1,NA,NA,NA
TR-701 FA Powder for Solution for Infusion,Torezolid phosphate disodium,review,62,chembl,alias match (chembl_synonym): 'tr-701' → 'torezolid phosphate disodium',1,NA,NA,NA
recombinant Factor VIII-Fc,Recombinant adamts13,review,85,fuzzy:llm_reviewed,fuzzy match (jw similarity 85%),1,skipped,NA,"skipped: wrong fuzzy suggestion, awaiting chembl pass"
Myfortic  180 mg Tabletten,NA,review,97,manual,ambiguous alias maps to multiple substances,1,NA,NA,NA
Myfortic  360 mg Tabletten,NA,review,97,manual,ambiguous alias maps to multiple substances,1,NA,NA,NA
PLX-PAD cells,Emiplacel,review,63,chembl,alias match (chembl_synonym): 'plx-pad' → 'emiplacel',1,NA,NA,NA
Eudamine,Esculamine,review,86,fuzzy:chembl,fuzzy match (jw similarity 86%),1,NA,NA,NA
"Sulfuric acid mono-2S,5R-7-oxo-2-piperidin-4-ylcarbamoyl-1,6-diaza-bicyclo3.2.1oct-6-yl ester",Sulfur,review,92,fuzzy:chembl,fuzzy match (jw similarity 92%),1,NA,NA,NA
Plasma rico en factores de crecimiento,Plasmin,review,85,fuzzy:llm_reviewed,fuzzy match (jw similarity 85%),1,skipped,NA,"skipped: wrong fuzzy suggestion, awaiting chembl pass"
KALIUM MURIATICUM 9CH,Calcium,review,85,fuzzy:chembl,fuzzy match (jw similarity 85%),1,NA,NA,NA
ARSENICUM IODATUM 9CH,Arsenic,review,93,fuzzy:chembl,fuzzy match (jw similarity 93%),1,NA,NA,NA
ACONITUM NAPELLUS,Aclatonium,review,85,fuzzy:chembl,fuzzy match (jw similarity 85%),1,NA,NA,NA
Nimoral,Nimorazole,review,90,fuzzy:chembl,fuzzy match (jw similarity 90%),1,NA,NA,NA
ROTAVIRUS SEROTYPE P1A8,"Rotavirus, live",review,87,fuzzy:chembl,fuzzy match (jw similarity 87%),1,NA,NA,NA
Atropinum sulfuricum trit. D5,Atropine,review,63,chembl,alias match (chembl_synonym): 'atropinum' → 'atropine',1,skipped,NA,"skipped: wrong fuzzy suggestion, awaiting chembl pass"
Kalium bichromicum trit. D4,Calcium,review,85,fuzzy:chembl,fuzzy match (jw similarity 85%),1,NA,NA,NA
PLASMA RICO EN PLAQUETAS,Plasmin,review,85,fuzzy:llm_reviewed,fuzzy match (jw similarity 85%),1,skipped,NA,"skipped: wrong fuzzy suggestion, awaiting chembl pass"
Recombinant Anti-Granulocyte Macrophage Colony-Stimulating Factor GM-CSF IgG1 Monoclonal Antibody,Recombinant adamts13,review,85,fuzzy:llm_reviewed,fuzzy match (jw similarity 85%),1,skipped,NA,"skipped: wrong fuzzy suggestion, awaiting chembl pass"
VACCINIUM MYRTILLUS,Carcainium,review,85,fuzzy:chembl,fuzzy match (jw similarity 85%),1,NA,NA,NA
Enacodan,Senazodan,review,88,fuzzy:chembl,fuzzy match (jw similarity 88%),1,NA,NA,NA
ONO-4053,Ono-5334,review,85,fuzzy:chembl,fuzzy match (jw similarity 85%),1,NA,NA,NA
Fluval AB Suspension for Injection,Fluoxetine,review,62,chembl,alias match (chembl_synonym): 'fluval' → 'fluoxetine',1,NA,NA,NA
Recombinant A Disintegrin and Metalloproteinase with Thrombospondin Type-1 Motifs 13,Recombinant adamts13,review,85,fuzzy:llm_reviewed,fuzzy match (jw similarity 85%),1,skipped,NA,"skipped: wrong fuzzy suggestion, awaiting chembl pass"
ZYTIGA ABIRATERONE ACETATE,NA,review,98,manual,ambiguous alias maps to multiple substances,1,NA,NA,NA
Aconitum napellus,Aclatonium,review,85,fuzzy:chembl,fuzzy match (jw similarity 85%),1,NA,NA,NA
Panthenyl Ester of DHA,Panthenol,review,93,fuzzy:chembl,fuzzy match (jw similarity 93%),1,NA,NA,NA
BMS-936558-01,Bms-936559,review,86,fuzzy:chembl,fuzzy match (jw similarity 86%),1,NA,NA,NA
Reserpinum Trit. D3,Reserpine,review,63,chembl,alias match (chembl_synonym): 'reserpinum' → 'reserpine',1,NA,NA,NA
Rauwolfia serpentina Trit. D3,Rauwolfia serpentina,review,90,fuzzy:chembl,fuzzy match (jw similarity 90%),1,NA,NA,NA
Viscum album Trit. D2,Aviscumine,review,87,fuzzy:chembl,fuzzy match (jw similarity 87%),1,NA,NA,NA
Crataegus Trit. D2,Hawthorn leaf with flower,review,63,chembl,alias match (chembl_synonym): 'crataegus' → 'hawthorn leaf with flower',1,NA,NA,NA
Reserpinum Trit. D5,Reserpine,review,63,chembl,alias match (chembl_synonym): 'reserpinum' → 'reserpine',1,NA,NA,NA
Crataegus Trit . D2,Hawthorn leaf with flower,review,63,chembl,alias match (chembl_synonym): 'crataegus' → 'hawthorn leaf with flower',1,NA,NA,NA
Recombinant FSH,Recombinant adamts13,review,85,fuzzy:llm_reviewed,fuzzy match (jw similarity 85%),1,skipped,NA,"skipped: wrong fuzzy suggestion, awaiting chembl pass"
ZYTIGA,NA,review,99,manual,ambiguous alias maps to multiple substances,1,NA,NA,NA
Hypericum perforatum C 200,St. john's wort,review,63,chembl,alias match (chembl_synonym): 'hypericum' → 'st. john's wort',1,NA,NA,NA
MEMBRANE FRACTIONS,Mimbane,review,87,fuzzy:chembl,fuzzy match (jw similarity 87%),1,NA,NA,NA
spicae,Spiclamine,review,87,fuzzy:chembl,fuzzy match (jw similarity 87%),1,NA,NA,NA
Acetate,Acetiromate,review,88,fuzzy:chembl,fuzzy match (jw similarity 88%),1,NA,NA,NA
Artemisia vulgaris,Artemisin,review,93,fuzzy:chembl,fuzzy match (jw similarity 93%),1,NA,NA,NA
chlorydrate dactylcholine,Chloral hydrate,review,85,fuzzy:chembl,fuzzy match (jw similarity 85%),1,NA,NA,NA
Lindera aggregata var. aggregate,Lindane,review,85,fuzzy:chembl,fuzzy match (jw similarity 85%),1,NA,NA,NA
recombinant human IgG1 monoclonal antibody to fibroblast growth factor 23 FGF23,Recombinant adamts13,review,85,fuzzy:llm_reviewed,fuzzy match (jw similarity 85%),1,skipped,NA,"skipped: wrong fuzzy suggestion, awaiting chembl pass"
LACTOBACILLUS BIFIDUS,Lactobacillus acidophilus,review,87,fuzzy:chembl,fuzzy match (jw similarity 87%),1,NA,NA,NA
BPX-501 cells,Rivogenlecleucel,review,63,chembl,alias match (chembl_synonym): 'bpx-501' → 'rivogenlecleucel',1,NA,NA,NA
Recombinant human apolipoprotein A-1,Recombinant human kallikrein-1,review,88,fuzzy:chembl,fuzzy match (jw similarity 88%),1,skipped,NA,"skipped: wrong fuzzy suggestion, awaiting chembl pass"
Recombinant Neisseria meningitidis group B NadA protein.,Recombinant adamts13,review,85,fuzzy:llm_reviewed,fuzzy match (jw similarity 85%),1,skipped,NA,"skipped: wrong fuzzy suggestion, awaiting chembl pass"
Truvada Emtricitabina,NA,review,98,manual,ambiguous alias maps to multiple substances,1,NA,NA,NA
recombinant human lysosomal alpha-mannosidase,Recombinant adamts13,review,85,fuzzy:llm_reviewed,fuzzy match (jw similarity 85%),1,skipped,NA,"skipped: wrong fuzzy suggestion, awaiting chembl pass"
Recombinant antibody construct against human CD30 and CD16A,Recombinant adamts13,review,85,fuzzy:llm_reviewed,fuzzy match (jw similarity 85%),1,skipped,NA,"skipped: wrong fuzzy suggestion, awaiting chembl pass"
ilixadencel,Alexidine,review,87,fuzzy:chembl,fuzzy match (jw similarity 87%),1,NA,NA,NA
Calcichew D3,NA,review,89,chembl,ambiguous alias maps to multiple substances,1,NA,NA,NA
ASP2215 hemifumarate,NA,review,64,chembl,ambiguous alias maps to multiple substances,1,NA,NA,NA
ZYTIGA 250 mg tabletter,NA,review,97,manual,ambiguous alias maps to multiple substances,1,NA,NA,NA
VACCINIUM MYRTILLUS ESTRATTO SECCO,Carcainium,review,85,fuzzy:chembl,fuzzy match (jw similarity 85%),1,NA,NA,NA
Poly-ICLC Hiltonol,Hiltonol,review,63,chembl,alias match (chembl_synonym): 'poly-iclc' → 'hiltonol',1,NA,NA,NA
recombinant Neiserria Meningitidis group B NadA protein,Recombinant adamts13,review,85,fuzzy:llm_reviewed,fuzzy match (jw similarity 85%),1,skipped,NA,"skipped: wrong fuzzy suggestion, awaiting chembl pass"
Fentalgon,Fenaclon,review,88,fuzzy:chembl,fuzzy match (jw similarity 88%),1,NA,NA,NA
Pollinex Quattro Birch 300 SU,Proline,review,87,fuzzy:llm_reviewed,fuzzy match (jw similarity 87%),1,skipped,NA,"skipped: wrong fuzzy suggestion, awaiting chembl pass"
Pollinex Quattro Birch 800 SU,Proline,review,87,fuzzy:llm_reviewed,fuzzy match (jw similarity 87%),1,skipped,NA,"skipped: wrong fuzzy suggestion, awaiting chembl pass"
Pollinex Quattro Birch 900 SU,Proline,review,87,fuzzy:llm_reviewed,fuzzy match (jw similarity 87%),1,skipped,NA,"skipped: wrong fuzzy suggestion, awaiting chembl pass"
Pollinex Quattro Birch 2000 SU,Proline,review,87,fuzzy:llm_reviewed,fuzzy match (jw similarity 87%),1,skipped,NA,"skipped: wrong fuzzy suggestion, awaiting chembl pass"
Pollinex Quattro Birch 2400 SU,Proline,review,87,fuzzy:llm_reviewed,fuzzy match (jw similarity 87%),1,skipped,NA,"skipped: wrong fuzzy suggestion, awaiting chembl pass"
Metaoxedrin,Metoxepin,review,87,fuzzy:chembl,fuzzy match (jw similarity 87%),1,NA,NA,NA
"SESAME OIL, REFINED",Sesame oil,review,63,chembl,alias match (chembl_synonym): 'sesame' → 'sesame oil',1,NA,NA,NA
Indium 111-radiolabelled anti-CD66,Indisulam,review,89,fuzzy:chembl,fuzzy match (jw similarity 89%),1,NA,NA,NA
PROTEASE,Promelase,review,88,fuzzy:chembl,fuzzy match (jw similarity 88%),1,NA,NA,NA
recombinant human IgG3 monoclonal antibody specific for SpA,Recombinant adamts13,review,85,fuzzy:llm_reviewed,fuzzy match (jw similarity 85%),1,skipped,NA,"skipped: wrong fuzzy suggestion, awaiting chembl pass"
Sapelizumab p-INN,Satralizumab,review,63,chembl,alias match (chembl_synonym): 'sapelizumab' → 'satralizumab',1,skipped,NA,"skipped: wrong fuzzy suggestion, awaiting chembl pass"
NY-ESO-1c259T,Ny-eso-1,review,87,fuzzy:chembl,fuzzy match (jw similarity 87%),1,NA,NA,NA
Recombinant Interferon Beta-1b,Recombinant adamts13,review,85,fuzzy:llm_reviewed,fuzzy match (jw similarity 85%),1,skipped,NA,"skipped: wrong fuzzy suggestion, awaiting chembl pass"
AZD1419 nebuliser solution 1 - 20 mg,Azd1981,review,85,fuzzy:chembl,fuzzy match (jw similarity 85%),1,NA,NA,NA
VCN-01,Ucn-01,review,89,fuzzy:chembl,fuzzy match (jw similarity 89%),1,NA,NA,NA
Proton Pump  Inhibitors,Piroctone,review,89,fuzzy:chembl,fuzzy match (jw similarity 89%),1,NA,NA,NA
Lactobacillus crispatus,Lactobacillus acidophilus,review,85,fuzzy:chembl,fuzzy match (jw similarity 85%),1,NA,NA,NA
Pollinex Quattro Birch 900SU,Proline,review,87,fuzzy:llm_reviewed,fuzzy match (jw similarity 87%),1,skipped,NA,"skipped: wrong fuzzy suggestion, awaiting chembl pass"
Pollinex Quatro Birch 2400 SU,Proline,review,87,fuzzy:llm_reviewed,fuzzy match (jw similarity 87%),1,skipped,NA,"skipped: wrong fuzzy suggestion, awaiting chembl pass"
"Myo-inositol hexaphosphate IP6, phytate",Inositol,review,63,chembl,alias match (chembl_synonym): 'myo-inositol' → 'inositol',1,NA,NA,NA
"balance 1,5 Glucose, 1,25mmol",Isoxaflutole,review,62,chembl,alias match (chembl_synonym): 'balance' → 'isoxaflutole',1,NA,NA,NA
"balance 2,3 Glucose, 1,25mmol",Isoxaflutole,review,62,chembl,alias match (chembl_synonym): 'balance' → 'isoxaflutole',1,NA,NA,NA
"balance 4,25 Glucose, 1,25mmol",Isoxaflutole,review,62,chembl,alias match (chembl_synonym): 'balance' → 'isoxaflutole',1,NA,NA,NA
Ingenolo disossato,Ingenol,review,96,fuzzy:chembl,fuzzy match (jw similarity 96%),1,NA,NA,NA
RECOMBINANT HUMAN PARATHYROID HORMONE 1-84,Recombinant adamts13,review,85,fuzzy:llm_reviewed,fuzzy match (jw similarity 85%),1,skipped,NA,"skipped: wrong fuzzy suggestion, awaiting chembl pass"
Niclosamid,Niclosamide,review,97,fuzzy:chembl,fuzzy match (jw similarity 97%),1,NA,NA,NA
LN-144 lifileucel,Lifileucel,review,63,chembl,alias match (chembl_synonym): 'ln-144' → 'lifileucel',1,NA,NA,NA
"QR-110, Solution for Intravitreal Injection",Sepofarsen,review,62,chembl,alias match (chembl_synonym): 'qr-110' → 'sepofarsen',1,NA,NA,NA
Alutard SQ 6 Gramneas y secale,Paluratide,review,85,fuzzy:chembl,fuzzy match (jw similarity 85%),1,NA,NA,NA
Alutard SQ abedul,Paluratide,review,85,fuzzy:chembl,fuzzy match (jw similarity 85%),1,NA,NA,NA
Alutard SQ Dermatophagoides mezcla,Paluratide,review,85,fuzzy:chembl,fuzzy match (jw similarity 85%),1,NA,NA,NA
recombinant Neisseria meningitidis group-B NadA protein,Recombinant adamts13,review,85,fuzzy:llm_reviewed,fuzzy match (jw similarity 85%),1,skipped,NA,"skipped: wrong fuzzy suggestion, awaiting chembl pass"
vaseline,Salverine,review,88,fuzzy:chembl,fuzzy match (jw similarity 88%),1,NA,NA,NA
SGT-001,Stg-001,review,95,fuzzy:chembl,fuzzy match (jw similarity 95%),1,NA,NA,NA
Perfluorot-butylcyclohexane,Perfluoro tert-butylcyclohexane,review,85,fuzzy:chembl,fuzzy match (jw similarity 85%),1,NA,NA,NA
anti-TFPI Tissue Factor Pathway Inhibitor antibody,Concizumab,review,63,chembl,alias match (chembl_synonym): 'anti-tfpi' → 'concizumab',1,NA,NA,NA
"Benzodiazepines, z-hypnotics, opioids",Benzodiazepine,review,98,fuzzy:chembl,fuzzy match (jw similarity 98%),1,NA,NA,NA
INCB050465 2.5 mg,Parsaclisib,review,63,chembl,alias match (chembl_synonym): 'incb050465' → 'parsaclisib',1,NA,NA,NA
INCB050465 1 mg,Parsaclisib,review,63,chembl,alias match (chembl_synonym): 'incb050465' → 'parsaclisib',1,NA,NA,NA
FASUDIL HYDROCHLORIDE,NA,review,64,chembl,ambiguous alias maps to multiple substances,1,NA,NA,NA
benzodiazpine,Benzodiazepine,review,92,fuzzy:chembl,fuzzy match (jw similarity 92%),1,NA,NA,NA
GBT440 300 mg Tablets,Voxelotor,review,62,chembl,alias match (chembl_synonym): 'gbt440' → 'voxelotor',1,NA,NA,NA
Recombinant human hyaluronidase PH20 Vorhyaluronidase Alfa,Recombinant adamts13,review,85,fuzzy:llm_reviewed,fuzzy match (jw similarity 85%),1,skipped,NA,"skipped: wrong fuzzy suggestion, awaiting chembl pass"
Recombinant Neisseria N meningitidis group B,Recombinant adamts13,review,85,fuzzy:llm_reviewed,fuzzy match (jw similarity 85%),1,skipped,NA,"skipped: wrong fuzzy suggestion, awaiting chembl pass"
Recombinant N meningitidis group B NadA protein,Recombinant adamts13,review,85,fuzzy:llm_reviewed,fuzzy match (jw similarity 85%),1,skipped,NA,"skipped: wrong fuzzy suggestion, awaiting chembl pass"
Opvido,Povidone,review,86,fuzzy:chembl,fuzzy match (jw similarity 86%),1,NA,NA,NA
AMINOACIDI,Amino acids,review,91,fuzzy:chembl,fuzzy match (jw similarity 91%),1,NA,NA,NA
Medium dose RSVPreF3 Plain,Meldonium,review,89,fuzzy:chembl,fuzzy match (jw similarity 89%),1,NA,NA,NA
Medium dose RSVPreF3 AS01E,Meldonium,review,89,fuzzy:chembl,fuzzy match (jw similarity 89%),1,NA,NA,NA
Medium dose RSVPreF3 AS01B,Meldonium,review,89,fuzzy:chembl,fuzzy match (jw similarity 89%),1,NA,NA,NA
Recombinant human mutant nerve growth factor painless  hNGFp,Recombinant adamts13,review,85,fuzzy:llm_reviewed,fuzzy match (jw similarity 85%),1,skipped,NA,"skipped: wrong fuzzy suggestion, awaiting chembl pass"
DISODIO CLODRONATO TETRAIDRATO,Disomotide,review,85,fuzzy:chembl,fuzzy match (jw similarity 85%),1,NA,NA,NA
disodio clodronato tetraidrato,Disomotide,review,85,fuzzy:chembl,fuzzy match (jw similarity 85%),1,NA,NA,NA
Radium bromatum 15 CH,Trazium,review,85,fuzzy:chembl,fuzzy match (jw similarity 85%),1,NA,NA,NA
acesulfame potassium,NA,review,64,chembl,ambiguous alias maps to multiple substances,1,NA,NA,NA
Aluminium,Amezinium,review,85,fuzzy:chembl,fuzzy match (jw similarity 85%),1,NA,NA,NA
Cyprostol,Viprostol,review,85,fuzzy:chembl,fuzzy match (jw similarity 85%),1,NA,NA,NA
Lonsurf,NA,review,99,manual,ambiguous alias maps to multiple substances,1,NA,NA,NA
AMINOACIDI SOLUZIONI,Amino acids,review,91,fuzzy:chembl,fuzzy match (jw similarity 91%),1,NA,NA,NA
NNC0365-3769 A 10 mg,Denecimig,review,62,chembl,alias match (chembl_synonym): 'nnc0365-3769' → 'denecimig',1,NA,NA,NA
NNC0365-3769 A 100 mg,Denecimig,review,62,chembl,alias match (chembl_synonym): 'nnc0365-3769' → 'denecimig',1,NA,NA,NA
DS107 Capsule,Dihomo-gamma-linolenic acid,review,63,chembl,alias match (chembl_synonym): 'ds107' → 'dihomo-gamma-linolenic acid',1,NA,NA,NA
MONTANIDE ISA51,Amonafide,review,85,fuzzy:chembl,fuzzy match (jw similarity 85%),1,NA,NA,NA
montanide ISA51,Amonafide,review,85,fuzzy:chembl,fuzzy match (jw similarity 85%),1,NA,NA,NA
THR-149,Thr-184,review,90,fuzzy:chembl,fuzzy match (jw similarity 90%),1,NA,NA,NA
Fusidin,Sufotidine,review,85,fuzzy:chembl,fuzzy match (jw similarity 85%),1,NA,NA,NA
EDIT-101 also known as AGN-151587,Brinretigene vesgedparvovec,review,63,chembl,alias match (chembl_synonym): 'edit-101' → 'brinretigene vesgedparvovec',1,NA,NA,NA
PLASMA AUTOLOGO,Plasmin,review,85,fuzzy:llm_reviewed,fuzzy match (jw similarity 85%),1,skipped,NA,"skipped: wrong fuzzy suggestion, awaiting chembl pass"
recombinant human chorionic gonadotropin,Recombinant adamts13,review,85,fuzzy:llm_reviewed,fuzzy match (jw similarity 85%),1,skipped,NA,"skipped: wrong fuzzy suggestion, awaiting chembl pass"
Aurase Component B X1 27 Micrograms,Tarumase,review,86,fuzzy:chembl,fuzzy match (jw similarity 86%),1,NA,NA,NA
Aurase Component BX5 135 microgram,Tarumase,review,86,fuzzy:chembl,fuzzy match (jw similarity 86%),1,NA,NA,NA
"Recombinant, non-replicating AAV2 expressing human CFI",Recombinant adamts13,review,85,fuzzy:llm_reviewed,fuzzy match (jw similarity 85%),1,skipped,NA,"skipped: wrong fuzzy suggestion, awaiting chembl pass"
recombinant human plasma Gelsolin,Recombinant adamts13,review,85,fuzzy:llm_reviewed,fuzzy match (jw similarity 85%),1,skipped,NA,"skipped: wrong fuzzy suggestion, awaiting chembl pass"
ACT-01,Act-001,review,95,fuzzy:chembl,fuzzy match (jw similarity 95%),1,NA,NA,NA
RECOMBINANT HUMAN ECTONUCLEOTIDE PYROPHOSPHATASE,Recombinant adamts13,review,85,fuzzy:llm_reviewed,fuzzy match (jw similarity 85%),1,skipped,NA,"skipped: wrong fuzzy suggestion, awaiting chembl pass"
Recombinant Human Anti-IL12 Monoclonal Antibody,Recombinant adamts13,review,85,fuzzy:llm_reviewed,fuzzy match (jw similarity 85%),1,skipped,NA,"skipped: wrong fuzzy suggestion, awaiting chembl pass"
mopadulimab,Mupadolimab,review,97,fuzzy:chembl,fuzzy match (jw similarity 97%),1,NA,NA,NA
Recombinant Anti-VEGF Humanized Monoclonal Antibody Ophthalmic Injection,Recombinant adamts13,review,85,fuzzy:llm_reviewed,fuzzy match (jw similarity 85%),1,skipped,NA,"skipped: wrong fuzzy suggestion, awaiting chembl pass"
RECOMBINANT INTERFERON BETA-1B,Recombinant adamts13,review,85,fuzzy:llm_reviewed,fuzzy match (jw similarity 85%),1,skipped,NA,"skipped: wrong fuzzy suggestion, awaiting chembl pass"
FEXOFENADINA CLORIDRATO,Fexofenadine,review,63,chembl,alias match (chembl_synonym): 'fexofenadina' → 'fexofenadine',1,NA,NA,NA
RECOMBINANT NEISSERIA MENINGITIDIS GROUP B NADA PROTEIN,Recombinant adamts13,review,85,fuzzy:llm_reviewed,fuzzy match (jw similarity 85%),1,skipped,NA,"skipped: wrong fuzzy suggestion, awaiting chembl pass"
Cannabis FM2 Olio,Cannabinol,review,86,fuzzy:chembl,fuzzy match (jw similarity 86%),1,NA,NA,NA
AZD1222,Azd-5122,review,87,fuzzy:chembl,fuzzy match (jw similarity 87%),1,NA,NA,NA
68-Gallium,Gallium,review,90,fuzzy:chembl,fuzzy match (jw similarity 90%),1,NA,NA,NA
PENTAMIDINA ISETIONATO,Pentamidine,review,63,chembl,alias match (chembl_synonym): 'pentamidina' → 'pentamidine',1,NA,NA,NA
BIFIKAFUSP ALFA,Onfekafusp alfa,review,87,fuzzy:llm_reviewed,fuzzy match (jw similarity 87%),1,NA,NA,NA
ATH434 Mesylate,Pbt-434,review,63,chembl,alias match (chembl_synonym): 'ath434' → 'pbt-434',1,NA,NA,NA
Avipendekin pegol,Navepdekinra,review,85,fuzzy:chembl,fuzzy match (jw similarity 85%),1,NA,NA,NA
Tempocol,Tempol,review,92,fuzzy:chembl,fuzzy match (jw similarity 92%),1,NA,NA,NA
Chimpanzee Adenovirus encoding the SARS-CoV-2 spike protein,Chimpanzee adenovirus encoding sars-cov-2 spike glycoprotein,review,89,fuzzy:chembl,fuzzy match (jw similarity 89%),1,NA,NA,NA
Lactato Ringer,Lactitol,review,87,fuzzy:chembl,fuzzy match (jw similarity 87%),1,NA,NA,NA
64Copper,Copper,review,92,fuzzy:chembl,fuzzy match (jw similarity 92%),1,NA,NA,NA
Lithiumcitrate,Lithium citrate,review,98,fuzzy:chembl,fuzzy match (jw similarity 98%),1,NA,NA,NA
Zabedosertib,Azenosertib,review,88,fuzzy:chembl,fuzzy match (jw similarity 88%),1,NA,NA,NA
Fluad Tetra,NA,review,94,epar,ambiguous alias maps to multiple substances,1,skipped,NA,"skipped: low-score review, awaiting chembl pass"
Chlorhydrate de Bupivacaine,Chloral hydrate,review,86,fuzzy:chembl,fuzzy match (jw similarity 86%),1,NA,NA,NA
Ad26.RSV-B.preF2,Ad26.rsv.pref,review,94,fuzzy:chembl,fuzzy match (jw similarity 94%),1,NA,NA,NA
PARENTIDE,Pareptide,review,93,fuzzy:chembl,fuzzy match (jw similarity 93%),1,NA,NA,NA
Xanomeline Tartrate,NA,review,84,chembl,ambiguous alias maps to multiple substances,1,NA,NA,NA
Laxabon,Azabon,review,85,fuzzy:chembl,fuzzy match (jw similarity 85%),1,NA,NA,NA
delta9tetrahidrocannabinol THC,Delta-8-tetrahydrocannabinol,review,86,fuzzy:chembl,fuzzy match (jw similarity 86%),1,NA,NA,NA
Sitravatinib malate,NA,review,84,chembl,ambiguous alias maps to multiple substances,1,NA,NA,NA
PHENYLBUTYRATE,Phenylbutazone,review,86,fuzzy:chembl,fuzzy match (jw similarity 86%),1,NA,NA,NA
VTX-958.Adipate,Vt-1598,review,85,fuzzy:chembl,fuzzy match (jw similarity 85%),1,NA,NA,NA
Contezolid acefosamil,NA,review,84,chembl,ambiguous alias maps to multiple substances,1,NA,NA,NA
"Lorastad 10 mg, tabletten",Losartan,review,87,fuzzy:manual,fuzzy match (jw similarity 87%),1,skipped,NA,"skipped: wrong fuzzy suggestion, awaiting chembl pass"
ACI-7104.056,Ci-1040,review,87,fuzzy:chembl,fuzzy match (jw similarity 87%),1,NA,NA,NA
Identical to IMP except for Active Substance,Idremcinal,review,85,fuzzy:chembl,fuzzy match (jw similarity 85%),1,NA,NA,NA
Hydrogénophosphate de calcium dihydraté : Fournisseur Brenntag,Hydrogen,review,92,fuzzy:chembl,fuzzy match (jw similarity 92%),1,NA,NA,NA
LEO138559 solution for injection (150 mg,Temtokibart,review,61,chembl,alias match (chembl_synonym): 'leo138559' → 'temtokibart',1,NA,NA,NA
GS-6207 tablets 50 mg,Lenacapavir,review,62,chembl,alias match (chembl_synonym): 'gs-6207' → 'lenacapavir',1,NA,NA,NA
GS-6207 tablets 25 mg,Lenacapavir,review,62,chembl,alias match (chembl_synonym): 'gs-6207' → 'lenacapavir',1,NA,NA,NA
FRAGMINE 7 500 U.l. anti Xa,Dalteparin sodium,review,63,chembl,alias match (chembl_synonym): 'fragmine' → 'dalteparin sodium',1,NA,NA,NA
FRAGMINE 10 000 U.l. anti Xa,Dalteparin sodium,review,63,chembl,alias match (chembl_synonym): 'fragmine' → 'dalteparin sodium',1,NA,NA,NA
"SINTROM 4 mg, comprimé quadrisécable",Sintropium,review,90,fuzzy:chembl,fuzzy match (jw similarity 90%),1,NA,NA,NA
SLS-005,Sc-005,review,85,fuzzy:chembl,fuzzy match (jw similarity 85%),1,NA,NA,NA
"Salina Fisiológica Grifols 0,9% Solución para perfusión Cloruro de sodio",Salinazid,review,89,fuzzy:chembl,fuzzy match (jw similarity 89%),1,NA,NA,NA
ENX-101,Tern-101,review,87,fuzzy:chembl,fuzzy match (jw similarity 87%),1,NA,NA,NA
PROPIONATE DE FLUTICASONE,Propionic acid,review,63,chembl,alias match (chembl_synonym): 'propionate' → 'propionic acid',1,NA,NA,NA
GS-5290 tablets 150 mg,Gs-9256,review,85,fuzzy:chembl,fuzzy match (jw similarity 85%),1,NA,NA,NA
GS-5290 tablets 300 mg,Gs-9256,review,85,fuzzy:chembl,fuzzy match (jw similarity 85%),1,NA,NA,NA
"Medicinal Air Synthetic, 21.75% v",Idremcinal,review,89,fuzzy:chembl,fuzzy match (jw similarity 89%),1,NA,NA,NA
"Tablets identical to ""Test"" in appearance and taste but containing no active ingredient",Idremcinal,review,85,fuzzy:chembl,fuzzy match (jw similarity 85%),1,NA,NA,NA
Linola Fett,Clinolamide,review,85,fuzzy:chembl,fuzzy match (jw similarity 85%),1,NA,NA,NA
Renaparin,Senaparib,review,85,fuzzy:chembl,fuzzy match (jw similarity 85%),1,NA,NA,NA
Capsules identical to Nitroxolin Forte 250 mg capusules.,Idremcinal,review,85,fuzzy:chembl,fuzzy match (jw similarity 85%),1,NA,NA,NA
ABBV-552,Abbv-257,review,87,fuzzy:chembl,fuzzy match (jw similarity 87%),1,NA,NA,NA
Nortase®,Ocrase,review,85,fuzzy:chembl,fuzzy match (jw similarity 85%),1,NA,NA,NA
"NIFLURIL 250 mg, gélule",Eniluracil,review,86,fuzzy:chembl,fuzzy match (jw similarity 86%),1,NA,NA,NA
"Hydrogénophosphate de calcium dihydraté : Fournisseur Brenntag
Stéarate de magnésium : Fournisseur Cooper
Amidon de maïs : Fournisseur Barentz",Hydrogen,review,92,fuzzy:chembl,fuzzy match (jw similarity 92%),1,NA,NA,NA
ODM-105 0.3 mg,Tasipimidine,review,63,chembl,alias match (chembl_synonym): 'odm-105' → 'tasipimidine',1,NA,NA,NA
ODM-105 0.05 mg,Tasipimidine,review,63,chembl,alias match (chembl_synonym): 'odm-105' → 'tasipimidine',1,NA,NA,NA
Identical capsule,Idremcinal,review,85,fuzzy:chembl,fuzzy match (jw similarity 85%),1,NA,NA,NA
Identical to Intuniv 1mg.,Idremcinal,review,85,fuzzy:chembl,fuzzy match (jw similarity 85%),1,NA,NA,NA
Identical to Intuniv 3mg,Idremcinal,review,85,fuzzy:chembl,fuzzy match (jw similarity 85%),1,NA,NA,NA
Identical to Intuniv 2mg.,Idremcinal,review,85,fuzzy:chembl,fuzzy match (jw similarity 85%),1,NA,NA,NA
"Identical to atomoxetine hydrochloride 10mg, 18mg, 25mg, 40mg and 60mg.",Idremcinal,review,85,fuzzy:chembl,fuzzy match (jw similarity 85%),1,NA,NA,NA
Identical to Intuniv 4mg.,Idremcinal,review,85,fuzzy:chembl,fuzzy match (jw similarity 85%),1,NA,NA,NA
"Pamorelin® LA 22,5 mg Pulver und Lösungsmittel zur Herstellung einer Depot-Injektionssuspension",Ipamorelin,review,97,fuzzy:chembl,fuzzy match (jw similarity 97%),1,NA,NA,NA
MK-6024_PBO_0.5mL,Mk-0249,review,90,fuzzy:chembl,fuzzy match (jw similarity 90%),1,NA,NA,NA
"Encapsulation of microcrystalline cellulose
into HPMC capsules to match the CRD-4730 active capsules in appearance",Ensaculin,review,86,fuzzy:chembl,fuzzy match (jw similarity 86%),1,NA,NA,NA
Rifadine 300 mg gélules,Rifampin,review,62,chembl,alias match (chembl_synonym): 'rifadine' → 'rifampin',1,skipped,NA,"skipped: wrong fuzzy suggestion, awaiting chembl pass"
"Pamorelin® LA 3,75 mg Pulver und Lösungsmittel zur Herstellung einer Depot-Injektionssuspension",Ipamorelin,review,97,fuzzy:chembl,fuzzy match (jw similarity 97%),1,NA,NA,NA
AB122 (Zimberelimab),Zimberelimab,review,63,chembl,alias match (chembl_synonym): 'ab122' → 'zimberelimab',1,NA,NA,NA
Metother 50 mg,Ether,review,88,fuzzy:chembl,fuzzy match (jw similarity 88%),1,NA,NA,NA
IMA402,Ima-026,review,85,fuzzy:chembl,fuzzy match (jw similarity 85%),1,NA,NA,NA
Myfortic 360 mg gastro-resistant tablets,NA,review,96,manual,ambiguous alias maps to multiple substances,1,NA,NA,NA
Myfortic 180 mg gastro-resistant tablets,NA,review,96,manual,ambiguous alias maps to multiple substances,1,NA,NA,NA
AT-1501 475 mg Vial,Tegoprubart,review,62,chembl,alias match (chembl_synonym): 'at-1501' → 'tegoprubart',1,NA,NA,NA
OXU-001,Nox-100,review,85,fuzzy:chembl,fuzzy match (jw similarity 85%),1,NA,NA,NA
TOPALGIC 100 mg,Suprofen,review,63,chembl,alias match (chembl_synonym): 'topalgic' → 'suprofen',1,NA,NA,NA
ZOPHREN 4 mg,Ondansetron hydrochloride,review,63,chembl,alias match (chembl_synonym): 'zophren' → 'ondansetron hydrochloride',1,NA,NA,NA
"INTRALIPIDE 20 POUR CENT, émulsion pour perfusion.",Cinitapride,review,87,fuzzy:chembl,fuzzy match (jw similarity 87%),1,NA,NA,NA
Anti-CCR8 NF mAb,Anti-cd18,review,85,fuzzy:chembl,fuzzy match (jw similarity 85%),1,NA,NA,NA
"Sultanol Dosier-Aerosol
100 Mikrogramm",Albuterol sulfate,review,63,chembl,alias match (chembl_synonym): 'sultanol' → 'albuterol sulfate',1,NA,NA,NA
"Fluconazol Teva 200 mg, capsules",Fluconazole,review,61,chembl,alias match (chembl_synonym): 'fluconazol' → 'fluconazole',1,NA,NA,NA
INFLUENZA VIRUS B,Influenza virus vaccine,review,88,fuzzy:chembl,fuzzy match (jw similarity 88%),1,NA,NA,NA
Capsule coated tablets,Cholate,review,85,fuzzy:chembl,fuzzy match (jw similarity 85%),1,NA,NA,NA
"Myfortic 360 mg, maagsapresistente tablet",NA,review,96,manual,ambiguous alias maps to multiple substances,1,NA,NA,NA
"Myfortic 180 mg, maagsapresistente tablet",NA,review,96,manual,ambiguous alias maps to multiple substances,1,NA,NA,NA
CT7001 Tablet,Ct-7001,review,63,chembl,alias match (chembl_synonym): 'ct7001' → 'ct-7001',1,NA,NA,NA
Cefixima Atb 400mg,Cefixime,review,62,chembl,alias match (chembl_synonym): 'cefixima' → 'cefixime',1,NA,NA,NA
TAK-280,Tak-285,review,90,fuzzy:chembl,fuzzy match (jw similarity 90%),1,NA,NA,NA
AZD5863,Azd8683,review,90,fuzzy:chembl,fuzzy match (jw similarity 90%),1,NA,NA,NA
Dolamizol 500 mg tablet,Doxaminol,review,85,fuzzy:chembl,fuzzy match (jw similarity 85%),1,NA,NA,NA
"Nystatine Labaz, suspensie voor oraal gebruik 100.000 E",Nystatin,review,63,chembl,alias match (chembl_synonym): 'nystatine' → 'nystatin',1,NA,NA,NA
NS-229 matching tablets with no active treatment,Ns-2359,review,85,fuzzy:chembl,fuzzy match (jw similarity 85%),1,NA,NA,NA
RVT-3101,Evt-101,review,87,fuzzy:chembl,fuzzy match (jw similarity 87%),1,NA,NA,NA
Myfortic 360 mg Comprimidos gastrorresistentes,NA,review,97,manual,ambiguous alias maps to multiple substances,1,NA,NA,NA
Myfortic 180 mg comprimidos gastrorresistentes,NA,review,97,manual,ambiguous alias maps to multiple substances,1,NA,NA,NA
Identical with the MP patches but without the active substance,Idremcinal,review,85,fuzzy:chembl,fuzzy match (jw similarity 85%),1,NA,NA,NA
Estrofem 2 mg Filmtabletten,Estrone,review,87,fuzzy:chembl,fuzzy match (jw similarity 87%),1,NA,NA,NA
"MINI-SINTROM 1 mg, comprimé",Acenocoumarol,review,62,chembl,alias match (chembl_synonym): 'mini-sintrom' → 'acenocoumarol',1,NA,NA,NA
Glucosemonohydrate with HPMC capsule,Lactose monohydrate,review,91,fuzzy:chembl,fuzzy match (jw similarity 91%),1,NA,NA,NA
Tamloset 40 mg,Maltose,review,89,fuzzy:chembl,fuzzy match (jw similarity 89%),1,NA,NA,NA
Tamloset 80 mg,Maltose,review,89,fuzzy:chembl,fuzzy match (jw similarity 89%),1,NA,NA,NA
Florquinitau F-18,NA,review,64,chembl,ambiguous alias maps to multiple substances,1,NA,NA,NA
FBX-101,Ab-101,review,85,fuzzy:chembl,fuzzy match (jw similarity 85%),1,NA,NA,NA
GRANOCYTE 13 Millions UI,Lenograstim,review,63,chembl,alias match (chembl_synonym): 'granocyte' → 'lenograstim',1,NA,NA,NA
"Substance : lactose
Forme pharmaceutique : gélule
Source : Cooper (Melun, France), fournisseur de matières premières pharmaceutiques
Unité : 1 gélule constitue 1 unité de prise et contient 100% de lactose et 0 mg d’acide ursodésoxycholique
Durée du traitement : 4 semaines
Voie d’administration : orale
Posologie : 2 gélules par jour à avaler avec un verre d’eau pendant ou en dehors des repas",Substance p,review,94,fuzzy:chembl,fuzzy match (jw similarity 94%),1,NA,NA,NA
"Quinol 10 polvo estabilizado, sobres dispersables de 150mg",Mequinol,review,92,fuzzy:chembl,fuzzy match (jw similarity 92%),1,NA,NA,NA
hybrid PSMA,Thyroid,review,85,fuzzy:chembl,fuzzy match (jw similarity 85%),1,NA,NA,NA
"Fisiológico B.Braun 0,9% Solución para perfusión",Fish oil,review,86,fuzzy:chembl,fuzzy match (jw similarity 86%),1,NA,NA,NA
IMG-007,Mgd-007,review,90,fuzzy:chembl,fuzzy match (jw similarity 90%),1,NA,NA,NA
IBU-NAC,Ibufenac,review,87,fuzzy:chembl,fuzzy match (jw similarity 87%),1,NA,NA,NA
"TETRALYSAL 150 mg, gélule",Lymecycline,review,62,chembl,alias match (chembl_synonym): 'tetralysal' → 'lymecycline',1,NA,NA,NA
CARDIOPLEGIA SOLUTIONS,Cardiopet,review,85,fuzzy:chembl,fuzzy match (jw similarity 85%),1,NA,NA,NA
ARACYTIN 500 mg,Cytarabine,review,63,chembl,alias match (chembl_synonym): 'aracytin' → 'cytarabine',1,NA,NA,NA
HMB-001,Kb-001,review,85,fuzzy:chembl,fuzzy match (jw similarity 85%),1,NA,NA,NA
Plasma-Lyte® 148 (pH 7.4) solution for infusion,Plasmalyte a,review,91,fuzzy:chembl,fuzzy match (jw similarity 91%),1,NA,NA,NA
LYR-210 System,Mometasone furoate,review,63,chembl,alias match (chembl_synonym): 'lyr-210' → 'mometasone furoate',1,NA,NA,NA
STK-002,Tak-020,review,85,fuzzy:chembl,fuzzy match (jw similarity 85%),1,NA,NA,NA
Fasudil Hydrochloride,NA,review,64,chembl,ambiguous alias maps to multiple substances,1,NA,NA,NA
UGN-102 (Mitomycin),Mitomycin,review,63,chembl,alias match (chembl_synonym): 'ugn-102' → 'mitomycin',1,NA,NA,NA
"Pamorelin 11,25 mg, poeder en oplosmiddel voor suspensie voor injectie, met verlengde afgifte.",Ipamorelin,review,97,fuzzy:chembl,fuzzy match (jw similarity 97%),1,NA,NA,NA
"Pamorelin 22,5 mg, poeder en oplosmiddel voor suspensie voor injectie, met verlengde afgifte.",Ipamorelin,review,97,fuzzy:chembl,fuzzy match (jw similarity 97%),1,NA,NA,NA
"Pamorelin 3,75 mg, poeder en oplosmiddel voor suspensie voor injectie, met verlengde afgifte.",Ipamorelin,review,97,fuzzy:chembl,fuzzy match (jw similarity 97%),1,NA,NA,NA
Pearlitol® 100 SD (mannitol),Pefcalcitol,review,87,fuzzy:chembl,fuzzy match (jw similarity 87%),1,NA,NA,NA
Sandimmun Neoral 100 mg cápsulas blandas,NA,review,97,manual,ambiguous alias maps to multiple substances,1,NA,NA,NA
Sandimmun Neoral 25 mg cápsulas blandas,NA,review,97,manual,ambiguous alias maps to multiple substances,1,NA,NA,NA
Sandimmun Neoral 50 mg cápsulas blandas,NA,review,97,manual,ambiguous alias maps to multiple substances,1,NA,NA,NA
ALCOVER   175 mg,Aloe,review,86,fuzzy:chembl,fuzzy match (jw similarity 86%),1,NA,NA,NA
GEN1055 DP,Gen-1053,review,87,fuzzy:chembl,fuzzy match (jw similarity 87%),1,NA,NA,NA
GEN3014 DP,Erzotabart,review,63,chembl,alias match (chembl_synonym): 'gen3014' → 'erzotabart',1,NA,NA,NA
Trangorex 200 mg comprimidos,Amiodarone hydrochloride,review,62,chembl,alias match (chembl_synonym): 'trangorex' → 'amiodarone hydrochloride',1,NA,NA,NA
Famotidin STADA® 20 mg Filmtabletten,Famotidine,review,97,fuzzy:llm_reviewed,fuzzy match (jw similarity 97%),1,NA,NA,NA
UGN-103 (Mitomycin),Gen-1053,review,87,fuzzy:chembl,fuzzy match (jw similarity 87%),1,NA,NA,NA
AMY109,Amy-101,review,85,fuzzy:chembl,fuzzy match (jw similarity 85%),1,NA,NA,NA
ANORO ELLIPTA 55 micrograms,Umeclidinium bromide,review,63,chembl,alias match (chembl_synonym): 'anoro ellipta' → 'umeclidinium bromide',1,NA,NA,NA
Betamican® Accuhaler® 50 microgramos,Betamicin,review,93,fuzzy:chembl,fuzzy match (jw similarity 93%),1,NA,NA,NA
Inaspir 25 microgramos,Anisopirol,review,85,fuzzy:chembl,fuzzy match (jw similarity 85%),1,NA,NA,NA
Betamican 25 microgramos,Betamicin,review,93,fuzzy:chembl,fuzzy match (jw similarity 93%),1,NA,NA,NA
Inaspir Accuhaler 50 microgramos,Anisopirol,review,85,fuzzy:chembl,fuzzy match (jw similarity 85%),1,NA,NA,NA
AZD8421,Azd-8418,review,87,fuzzy:chembl,fuzzy match (jw similarity 87%),1,NA,NA,NA
VER-01,Vrc-01,review,89,fuzzy:chembl,fuzzy match (jw similarity 89%),1,NA,NA,NA
"identical tablets containing Lactose Monohydrate Fast-F lo, Cellulose Microcrystalline PH-102, Croscarmellose Sodium, Colloidal Silicon Dioxide-Cabot, and Magnesium Stearate 5712.",Idremcinal,review,85,fuzzy:chembl,fuzzy match (jw similarity 85%),1,NA,NA,NA
Pollinex Quattro Plus 1.0 mL Birch,Proline,review,87,fuzzy:llm_reviewed,fuzzy match (jw similarity 87%),1,skipped,NA,"skipped: wrong fuzzy suggestion, awaiting chembl pass"
ALGIDRIN 20 mg,Alifedrine,review,86,fuzzy:chembl,fuzzy match (jw similarity 86%),1,NA,NA,NA
NUROFEN FEBBRE E DOLORE Bambini 100mg,Suprofen,review,87,fuzzy:chembl,fuzzy match (jw similarity 87%),1,NA,NA,NA
rhNGF New Lyo Formulation,Cenegermin,review,63,chembl,alias match (chembl_synonym): 'rhngf' → 'cenegermin',1,NA,NA,NA
Bactrim 400 mg,Barium,review,85,fuzzy:chembl,fuzzy match (jw similarity 85%),1,NA,NA,NA
Doktacillin  1g respektive 2 g pulver till injektions,Oxetacillin,review,88,fuzzy:chembl,fuzzy match (jw similarity 88%),1,NA,NA,NA
18F-Flortaucipir,Flortaucipir,review,92,fuzzy:manual,fuzzy match (jw similarity 92%),1,NA,NA,NA
Linseed oil (9:1),Dinsed,review,85,fuzzy:chembl,fuzzy match (jw similarity 85%),1,NA,NA,NA
"Cloreto de Sódio 0,9 % Labesfal, 9 mg",Colterol,review,86,fuzzy:chembl,fuzzy match (jw similarity 86%),1,NA,NA,NA
GalliUC 370 MBq,Gallium,review,90,fuzzy:chembl,fuzzy match (jw similarity 90%),1,NA,NA,NA
"PENTHROX 3mL inhalation vapour, liquid",Methoxyflurane,review,61,chembl,alias match (chembl_synonym): 'penthrox' → 'methoxyflurane',1,NA,NA,NA
Veritikug (upb-101) matching solution for subcutaneous injection with no active treatment,Verekitug,review,86,fuzzy:chembl,fuzzy match (jw similarity 86%),1,NA,NA,NA
"LEVONOR,1 mg",Levonordefrin,review,85,fuzzy:chembl,fuzzy match (jw similarity 85%),1,NA,NA,NA
Centricor® Vitamin C Ampullen 100 mg,Fenticlor,review,85,fuzzy:chembl,fuzzy match (jw similarity 85%),1,NA,NA,NA
Fluasterone Buccal Tablet,Calusterone,review,89,fuzzy:chembl,fuzzy match (jw similarity 89%),1,NA,NA,NA
TransCon hGH,Transcrocetin,review,87,fuzzy:chembl,fuzzy match (jw similarity 87%),1,NA,NA,NA
FARMORUBICIN® 50 mg HL Pulver zur Herstellung einer Injektionslösung,Epirubicin,review,62,chembl,alias match (chembl_synonym): 'farmorubicin' → 'epirubicin',1,NA,NA,NA
"Laxabon pulver til mikstur, oppløsning i doseposer a 68,5 g.",Azabon,review,85,fuzzy:chembl,fuzzy match (jw similarity 85%),1,NA,NA,NA
Pollinex Quattro Grass 1.0 ml,Proline,review,87,fuzzy:llm_reviewed,fuzzy match (jw similarity 87%),1,skipped,NA,"skipped: wrong fuzzy suggestion, awaiting chembl pass"
AZD0305,Azd1305,review,85,fuzzy:chembl,fuzzy match (jw similarity 85%),1,NA,NA,NA
CPK850,Cdp-850,review,85,fuzzy:chembl,fuzzy match (jw similarity 85%),1,NA,NA,NA
"Somatuline Autogel 120 mg, solution for injection in a pre-filled syringe",Lanreotide acetate,review,61,chembl,alias match (chembl_synonym): 'somatuline' → 'lanreotide acetate',1,NA,NA,NA
Sym024,Sym-023,review,85,fuzzy:llm_reviewed,fuzzy match (jw similarity 85%),1,NA,NA,NA
"Opacorden, 200 mg, tabletki powlekane",Ocaperidone,review,87,fuzzy:chembl,fuzzy match (jw similarity 87%),1,NA,NA,NA
Adagloxad simolenin with adjuvant,Adagloxad simolenin,review,86,fuzzy:chembl,fuzzy match (jw similarity 86%),1,NA,NA,NA
MCS110,Mcs-110,review,95,fuzzy:chembl,fuzzy match (jw similarity 95%),1,NA,NA,NA
Cannabis Sativa L. ‘Afina’ inflorescence aerosol via the Syqe Inhaler (drug-device combination),Cannabinol,review,86,fuzzy:chembl,fuzzy match (jw similarity 86%),1,NA,NA,NA
"Cerubidin 20 mg pulver till infusionsvätska, lösning",Carubicin,review,85,fuzzy:chembl,fuzzy match (jw similarity 85%),1,NA,NA,NA
"TUBERCULOSIS, LIVE ATTENUATED",Tuberculin,review,88,fuzzy:chembl,fuzzy match (jw similarity 88%),1,NA,NA,NA
Empressin 40 I.U.,Felypressin,review,87,fuzzy:chembl,fuzzy match (jw similarity 87%),1,NA,NA,NA
"Daparox 33,1 mg",Paroxetine,review,63,chembl,alias match (chembl_synonym): 'daparox' → 'paroxetine',1,NA,NA,NA
pitavastatina cinfa 2 mg comprimidos recubiertos con película EFG,Pitavastatin,review,62,chembl,alias match (chembl_synonym): 'pitavastatina' → 'pitavastatin',1,NA,NA,NA
AVB-101,Av-101,review,95,fuzzy:chembl,fuzzy match (jw similarity 95%),1,NA,NA,NA
RO7198457 (autogene cevumeran),Autogene cevumeran,review,63,chembl,alias match (chembl_synonym): 'ro7198457' → 'autogene cevumeran',1,NA,NA,NA
Cellulose microcrystaline; lactose monohydrate; magnesium stearate,Powdered cellulose,review,63,chembl,alias match (chembl_synonym): 'cellulose' → 'powdered cellulose',1,NA,NA,NA
"CHLORHYDRATE D’OXYBUPROCAINE THEA 1,6 mg",Chloral hydrate,review,86,fuzzy:chembl,fuzzy match (jw similarity 86%),1,NA,NA,NA
Dipidolor 10 mg,Piritramide,review,63,chembl,alias match (chembl_synonym): 'dipidolor' → 'piritramide',1,NA,NA,NA
NEORAL® Soft Gelatin Capsules 100mg,NA,review,96,manual,ambiguous alias maps to multiple substances,1,NA,NA,NA
NEORAL® Soft Gelatin Capsules 50mg,NA,review,96,manual,ambiguous alias maps to multiple substances,1,NA,NA,NA
NEORAL® Soft Gelatin Capsules 25mg,NA,review,96,manual,ambiguous alias maps to multiple substances,1,NA,NA,NA
FRAGMINE 5 000 U.l. anti Xa,Dalteparin sodium,review,63,chembl,alias match (chembl_synonym): 'fragmine' → 'dalteparin sodium',1,NA,NA,NA
FRAGMINE 2 500 U.l. anti Xa,Dalteparin sodium,review,63,chembl,alias match (chembl_synonym): 'fragmine' → 'dalteparin sodium',1,NA,NA,NA
CHLORHYDRATE DE LIDOCAINE RENAUDIN 10 mg,Chloral hydrate,review,86,fuzzy:chembl,fuzzy match (jw similarity 86%),1,NA,NA,NA
RECOMBINANT HUMAN PLASMA GELSOLIN,Recombinant adamts13,review,85,fuzzy:llm_reviewed,fuzzy match (jw similarity 85%),1,skipped,NA,"skipped: wrong fuzzy suggestion, awaiting chembl pass"
"Niopam 300, solution for injection, glass bottles",Anilopam,review,92,fuzzy:chembl,fuzzy match (jw similarity 92%),1,skipped,NA,"skipped: wrong fuzzy suggestion, awaiting chembl pass"
AZD5462,Azd5672,review,90,fuzzy:chembl,fuzzy match (jw similarity 90%),1,NA,NA,NA
MEPACRINE 25 MG CAPSULES,Quinacrine,review,82,chembl,alias match (ban): 'mepacrine' → 'quinacrine',1,NA,NA,NA
MEPACRINE 5 MG CAPSULES,Quinacrine,review,82,chembl,alias match (ban): 'mepacrine' → 'quinacrine',1,NA,NA,NA
MEPACRINE 100 MG,Quinacrine,review,83,chembl,alias match (ban): 'mepacrine' → 'quinacrine',1,NA,NA,NA
BMS-986470,Bms-986094,review,90,fuzzy:chembl,fuzzy match (jw similarity 90%),1,NA,NA,NA
Lipovir 50 mg,Lopinavir,review,88,fuzzy:llm_reviewed,fuzzy match (jw similarity 88%),1,NA,NA,NA
Bactrim 160 mg + 800 mg compresse,Barium,review,85,fuzzy:chembl,fuzzy match (jw similarity 85%),1,NA,NA,NA
florquinitau F-18,NA,review,64,chembl,ambiguous alias maps to multiple substances,1,NA,NA,NA
LVT-001,Jt-001,review,85,fuzzy:chembl,fuzzy match (jw similarity 85%),1,NA,NA,NA
"Madopar 125 mg, dispergeerbare tabletten",Mavodelpar,review,85,fuzzy:llm_reviewed,fuzzy match (jw similarity 85%),1,NA,NA,NA
Recombinant Humanized Anti-PD-1 Monoclonal Antibody Solution for injection,Recombinant adamts13,review,85,fuzzy:llm_reviewed,fuzzy match (jw similarity 85%),1,skipped,NA,"skipped: wrong fuzzy suggestion, awaiting chembl pass"
Sandimmun® 50 mg,NA,review,98,manual,ambiguous alias maps to multiple substances,1,NA,NA,NA
AZD5492,Azd-5423,review,87,fuzzy:chembl,fuzzy match (jw similarity 87%),1,NA,NA,NA
"18F-DCFPyL CURIUM, 1000 MBq",Piflufolastat f18,review,62,chembl,alias match (chembl_synonym): '18f-dcfpyl' → 'piflufolastat f18',1,NA,NA,NA
Diluent for REGN5458,Difluprednate,review,85,fuzzy:chembl,fuzzy match (jw similarity 85%),1,NA,NA,NA
per infusione,Perifosine,review,87,fuzzy:chembl,fuzzy match (jw similarity 87%),1,NA,NA,NA
Adenovirus associated viral vector serotype 5 containing the human pde6b gene,Adefovir,review,86,fuzzy:chembl,fuzzy match (jw similarity 86%),1,NA,NA,NA
OAV101B,Av-101,review,85,fuzzy:chembl,fuzzy match (jw similarity 85%),1,NA,NA,NA
Arazasetron besylate,Azasetron,review,90,fuzzy:chembl,fuzzy match (jw similarity 90%),1,NA,NA,NA
Dalbavancina Sala 500 mg polvo para concentrado para solución para perfusión EFG,Dalbavancin,review,62,chembl,alias match (chembl_synonym): 'dalbavancina' → 'dalbavancin',1,NA,NA,NA
Fluconazol-GRY 200 mg Hartkapseln,Fluconazole,review,87,fuzzy:llm_reviewed,fuzzy match (jw similarity 87%),1,NA,NA,NA
Taldefgrobep,Taldefgrobep alfa,review,90,fuzzy:chembl,fuzzy match (jw similarity 90%),1,NA,NA,NA
"tablet
cellulose microcrystalline - 95,60 mg",Powdered cellulose,review,61,chembl,alias match (chembl_synonym): 'cellulose' → 'powdered cellulose',1,NA,NA,NA
"tablet
Croscarmellose sodium - 2,00 mg",Croscarmellose sodium,review,81,chembl,alias match (ban): 'croscarmellose' → 'croscarmellose sodium',1,NA,NA,NA
"Asmenol, 10 mg, tabletki powlekane",Flamenol,review,87,fuzzy:chembl,fuzzy match (jw similarity 87%),1,NA,NA,NA
STC-1010,Stx-100,review,87,fuzzy:chembl,fuzzy match (jw similarity 87%),1,NA,NA,NA
ORIC-114,Oric-101,review,92,fuzzy:chembl,fuzzy match (jw similarity 92%),1,NA,NA,NA
"Monoprost, øjendråber, opløsning",Nocloprost,review,85,fuzzy:chembl,fuzzy match (jw similarity 85%),1,NA,NA,NA
ACETAMOL adulti 500 mg compresse,Acetaminosalol,review,86,fuzzy:chembl,fuzzy match (jw similarity 86%),1,NA,NA,NA
TRICORTIN 1000 “12 mg+1 mg,Trichlormethine,review,87,fuzzy:chembl,fuzzy match (jw similarity 87%),1,NA,NA,NA
MAB-22,Mab-425,review,85,fuzzy:chembl,fuzzy match (jw similarity 85%),1,NA,NA,NA
Peregrine System™ Kit,Pargeverine,review,88,fuzzy:chembl,fuzzy match (jw similarity 88%),1,NA,NA,NA
XANTHUM GUM,Xanthohumol,review,88,fuzzy:chembl,fuzzy match (jw similarity 88%),1,NA,NA,NA
HYDROXYPROPYL CELLULOSE LF,Hydroxypropyl cellulose,review,96,fuzzy:chembl,fuzzy match (jw similarity 96%),1,NA,NA,NA
"AROMASINE 25 mg, comprimé enrobé",Barmastine,review,90,fuzzy:chembl,fuzzy match (jw similarity 90%),1,NA,NA,NA
"Imeron 400, 400 mg Iod",Imexon,review,89,fuzzy:chembl,fuzzy match (jw similarity 89%),1,NA,NA,NA
"Imeron 300, 300 mg Iod",Imexon,review,89,fuzzy:chembl,fuzzy match (jw similarity 89%),1,NA,NA,NA
"Imeron 350, 350 mg Iod",Imexon,review,89,fuzzy:chembl,fuzzy match (jw similarity 89%),1,NA,NA,NA
TRITTICO 60 mg,Trazodone,review,63,chembl,alias match (chembl_synonym): 'trittico' → 'trazodone',1,NA,NA,NA
SCI-110_DF1,Sc-1,review,86,fuzzy:chembl,fuzzy match (jw similarity 86%),1,NA,NA,NA
SCI-110_DF2,Sc-1,review,86,fuzzy:chembl,fuzzy match (jw similarity 86%),1,NA,NA,NA
SCI-110_DF3,Sc-1,review,86,fuzzy:chembl,fuzzy match (jw similarity 86%),1,NA,NA,NA
medoxa 5 mg,Medroxalol,review,87,fuzzy:chembl,fuzzy match (jw similarity 87%),1,NA,NA,NA
ABBV-8736,Ab-836,review,89,fuzzy:chembl,fuzzy match (jw similarity 89%),1,NA,NA,NA
linseed oil,Dinsed,review,85,fuzzy:chembl,fuzzy match (jw similarity 85%),1,NA,NA,NA
ONL1204 Ophthalmic Solution,Xelafaslatide,review,63,chembl,alias match (chembl_synonym): 'onl1204' → 'xelafaslatide',1,NA,NA,NA
Alhydrogel®,Hydrogen,review,86,fuzzy:chembl,fuzzy match (jw similarity 86%),1,NA,NA,NA
Telmicard 40 mg-Tabletten,Teglicar,review,88,fuzzy:chembl,fuzzy match (jw similarity 88%),1,NA,NA,NA
"Hemopexin, Human",Hemopexin (human),review,94,fuzzy:chembl,fuzzy match (jw similarity 94%),1,NA,NA,NA
IO103 + Montanide,Etimupepimut,review,63,chembl,alias match (chembl_synonym): 'io103' → 'etimupepimut',1,NA,NA,NA
IO102 + Montanide,Imsapepimut,review,63,chembl,alias match (chembl_synonym): 'io102' → 'imsapepimut',1,NA,NA,NA
IO102 + IO103 + Montanide,Imsapepimut,review,63,chembl,alias match (chembl_synonym): 'io102' → 'imsapepimut',1,NA,NA,NA
X-396 Capsules,Ensartinib,review,63,chembl,alias match (chembl_synonym): 'x-396' → 'ensartinib',1,NA,NA,NA
SAR421869,Sar425899,review,85,fuzzy:chembl,fuzzy match (jw similarity 85%),1,NA,NA,NA
SAR422459,Sar425899,review,85,fuzzy:chembl,fuzzy match (jw similarity 85%),1,NA,NA,NA
Azithran 500 mg επικαλυμμένα με λεπτό υμένιο δισκία,Bazlitoran,review,86,fuzzy:llm_reviewed,fuzzy match (jw similarity 86%),1,NA,NA,NA
Oncofolic 50 mg,Leucovorin sodium,review,63,chembl,alias match (chembl_synonym): 'oncofolic' → 'leucovorin sodium',1,NA,NA,NA
ARTEGENE,Arteflene,review,88,fuzzy:chembl,fuzzy match (jw similarity 88%),1,NA,NA,NA
Coated tablets to match memantine (10,Cholate,review,85,fuzzy:chembl,fuzzy match (jw similarity 85%),1,NA,NA,NA
MOSLICIGUAT,Olinciguat,review,91,fuzzy:chembl,fuzzy match (jw similarity 91%),1,NA,NA,NA
PLASMA,Plasmin,review,85,fuzzy:llm_reviewed,fuzzy match (jw similarity 85%),1,skipped,NA,"skipped: wrong fuzzy suggestion, awaiting chembl pass"
Alendronat Teva 70 mg tabletter,Alendronate sodium,review,85,fuzzy:chembl,fuzzy match (jw similarity 85%),1,NA,NA,NA
AZD8630,Azd8683,review,90,fuzzy:chembl,fuzzy match (jw similarity 90%),1,NA,NA,NA
fosnetupitant chloride 260 mg,NA,review,83,chembl,ambiguous alias maps to multiple substances,1,NA,NA,NA
Valganciclovir-ratiopharm® 450 mg Filmtabletten,Valganciclovir,review,85,fuzzy:llm_reviewed,fuzzy match (jw similarity 85%),1,NA,NA,NA
Bactrim Tablets,Barium,review,85,fuzzy:chembl,fuzzy match (jw similarity 85%),1,NA,NA,NA
Peptide A52 associated to melanin,Peptide t,review,93,fuzzy:chembl,fuzzy match (jw similarity 93%),1,NA,NA,NA
Peptide A49 associated to melanin,Peptide t,review,93,fuzzy:chembl,fuzzy match (jw similarity 93%),1,NA,NA,NA
Instant MSC Product accompanying Autologous Chondron Transplantation (IMPACT),Imlunestrant,review,86,fuzzy:chembl,fuzzy match (jw similarity 86%),1,NA,NA,NA
"ZOPHREN 8 mg, comprimé pelliculé",Ondansetron hydrochloride,review,62,chembl,alias match (chembl_synonym): 'zophren' → 'ondansetron hydrochloride',1,NA,NA,NA
"AMLOR 10 mg, gélule",Amlodipine besylate,review,62,chembl,alias match (chembl_synonym): 'amlor' → 'amlodipine besylate',1,NA,NA,NA
LIQUID PREDNISONE,Gliquidone,review,87,fuzzy:chembl,fuzzy match (jw similarity 87%),1,NA,NA,NA
Plasma-Lyte® 148 (pH 7.4) solution for infusion.,Plasmalyte a,review,91,fuzzy:chembl,fuzzy match (jw similarity 91%),1,NA,NA,NA
"Sulfametizol ”Alternova”, tabletter",Sulfamethizole,review,63,chembl,alias match (chembl_synonym): 'sulfametizol' → 'sulfamethizole',1,NA,NA,NA
"Hexamycin, injektionsvæske, opløsning",Hamycin,review,93,fuzzy:chembl,fuzzy match (jw similarity 93%),1,NA,NA,NA
ANX007,Asn007,review,89,fuzzy:chembl,fuzzy match (jw similarity 89%),1,NA,NA,NA
Taplucainium Inhalation Powder,Taplucainium chloride,review,86,fuzzy:chembl,fuzzy match (jw similarity 86%),1,NA,NA,NA
LIB-01 MONOHYDRATE,Duvelisib monohydrate,review,85,fuzzy:chembl,fuzzy match (jw similarity 85%),1,NA,NA,NA
DELPRIM 300 mg comprimé sécable,Delapril,review,87,fuzzy:chembl,fuzzy match (jw similarity 87%),1,NA,NA,NA
"CIFLOX 500 mg, comprimé pelliculé sécable",Ciprofloxacin hydrochloride,review,62,chembl,alias match (chembl_synonym): 'ciflox' → 'ciprofloxacin hydrochloride',1,NA,NA,NA
"BACTRIM FORTE, comprimé",Barium,review,85,fuzzy:chembl,fuzzy match (jw similarity 85%),1,NA,NA,NA
Ferric derisomaltose Pharmacosmos 100 mg,Ferric derisomaltose,review,87,fuzzy:chembl,fuzzy match (jw similarity 87%),1,NA,NA,NA
"Natrium chloratum 0,9% Kabi, 9 mg",Nitrafudam,review,85,fuzzy:chembl,fuzzy match (jw similarity 85%),1,NA,NA,NA
"ISOPTINE L.P. 240 mg, comprimé pelliculé sécable à libération prolongée",Tiospirone,review,85,fuzzy:chembl,fuzzy match (jw similarity 85%),1,NA,NA,NA
"Alutard SQ Timotej, 10 000 SQ-E",Paluratide,review,85,fuzzy:chembl,fuzzy match (jw similarity 85%),1,NA,NA,NA
HDP-101,Phi-101,review,85,fuzzy:chembl,fuzzy match (jw similarity 85%),1,NA,NA,NA
"Almax Forte 1,5 g suspensión oral",Almagate,review,61,chembl,alias match (chembl_synonym): 'almax' → 'almagate',1,NA,NA,NA
NVD-003,Df-003,review,85,fuzzy:chembl,fuzzy match (jw similarity 85%),1,NA,NA,NA
RITION Glutatione,Ritiometan,review,87,fuzzy:chembl,fuzzy match (jw similarity 87%),1,NA,NA,NA
DELTACORTENE 25 mg compresse,Etarotene,review,88,fuzzy:chembl,fuzzy match (jw similarity 88%),1,NA,NA,NA
VX-264 Implant,Cvx-241,review,85,fuzzy:chembl,fuzzy match (jw similarity 85%),1,NA,NA,NA
GALLIUM (68GA) GOZETOTIDE,NA,review,64,chembl,ambiguous alias maps to multiple substances,1,NA,NA,NA
FEIBA 50 U,Anti-inhibitor coagulant complex,review,63,chembl,alias match (chembl_synonym): 'feiba' → 'anti-inhibitor coagulant complex',1,NA,NA,NA
VX-147 film-coated tablet,Inaxaplin,review,63,chembl,alias match (chembl_synonym): 'vx-147' → 'inaxaplin',1,NA,NA,NA
VX-770 Film-coated tablet,Ivacaftor,review,63,chembl,alias match (chembl_synonym): 'vx-770' → 'ivacaftor',1,NA,NA,NA
"PYOSTACINE 500 mg, comprimé pelliculé",Pytamine,review,86,fuzzy:chembl,fuzzy match (jw similarity 86%),1,NA,NA,NA
Fexofenadin Winthrop 180 mg Filmtabletten,Fexofenadine,review,97,fuzzy:chembl,fuzzy match (jw similarity 97%),1,NA,NA,NA
Standacillin 1 g – Pulver zur Herstellung einer Injektions-,Amantocillin,review,86,fuzzy:chembl,fuzzy match (jw similarity 86%),1,NA,NA,NA
"Prolastin 5000 mg,
Pulver und Lösungsmittel zur Herstellung einer Infusionslösung",.Alpha.1-proteinase inhibitor human,review,62,chembl,alias match (chembl_synonym): 'prolastin' → '.alpha.1-proteinase inhibitor human',1,NA,NA,NA
"Prolastin 4000 mg,
Pulver und Lösungsmittel zur Herstellung einer Infusionslösung",.Alpha.1-proteinase inhibitor human,review,62,chembl,alias match (chembl_synonym): 'prolastin' → '.alpha.1-proteinase inhibitor human',1,NA,NA,NA
"Marcumar
3 mg Tabletten",Phenprocoumon,review,62,chembl,alias match (chembl_synonym): 'marcumar' → 'phenprocoumon',1,NA,NA,NA
Linseed oil,Dinsed,review,85,fuzzy:chembl,fuzzy match (jw similarity 85%),1,NA,NA,NA
"Preato,75 mg, tabletki",Presatovir,review,87,fuzzy:chembl,fuzzy match (jw similarity 87%),1,NA,NA,NA
Nimoral tablets 500 mg,Nimorazole,review,90,fuzzy:chembl,fuzzy match (jw similarity 90%),1,NA,NA,NA
RTX001,Rst-001,review,85,fuzzy:chembl,fuzzy match (jw similarity 85%),1,NA,NA,NA
TAR-0520 gel matching vehicle without active ingredients,Tak-020,review,87,fuzzy:chembl,fuzzy match (jw similarity 87%),1,NA,NA,NA
IM-250 50mg Capsules,Imd-2560,review,92,fuzzy:chembl,fuzzy match (jw similarity 92%),1,NA,NA,NA
Cilostazol-Elpen 100 mg Tabletten,Cilostazol,review,88,fuzzy:chembl,fuzzy match (jw similarity 88%),1,NA,NA,NA
Bactil Flas 10 mg Liofilizados orales,Batilol,review,85,fuzzy:chembl,fuzzy match (jw similarity 85%),1,NA,NA,NA
"MOTILEX 0,5 mg compresse",Clebopride,review,62,chembl,alias match (chembl_synonym): 'motilex' → 'clebopride',1,NA,NA,NA
BMS986482,Bms-986142,review,90,fuzzy:chembl,fuzzy match (jw similarity 90%),1,NA,NA,NA
Recombinant Humanized Anti-HER2 Monoclonal Antibody Injection,Recombinant adamts13,review,85,fuzzy:llm_reviewed,fuzzy match (jw similarity 85%),1,skipped,NA,"skipped: wrong fuzzy suggestion, awaiting chembl pass"
AZD9793,Az9773,review,85,fuzzy:chembl,fuzzy match (jw similarity 85%),1,NA,NA,NA
AZD0022,Azd2207,review,85,fuzzy:chembl,fuzzy match (jw similarity 85%),1,NA,NA,NA
ATTR-01,Tt-301,review,85,fuzzy:chembl,fuzzy match (jw similarity 85%),1,NA,NA,NA
OCTANATE 1000 Pulver und Lösungsmittel zur Herstellung einer Injektionslösung,Octisalate,review,86,fuzzy:chembl,fuzzy match (jw similarity 86%),1,NA,NA,NA
FEIBA 1000 E Pulver und Lösungsmittel zur Herstellung einer Infusionslösung,Anti-inhibitor coagulant complex,review,63,chembl,alias match (chembl_synonym): 'feiba' → 'anti-inhibitor coagulant complex',1,NA,NA,NA
OCTANATE 500 Pulver und Lösungsmittel zur Herstellung einer Injektionslösung,Octisalate,review,86,fuzzy:chembl,fuzzy match (jw similarity 86%),1,NA,NA,NA
FEIBA 500 E Pulver und Lösungsmittel zur Herstellung einer Infusionslösung.,Anti-inhibitor coagulant complex,review,63,chembl,alias match (chembl_synonym): 'feiba' → 'anti-inhibitor coagulant complex',1,NA,NA,NA
OCTANATE 250 Pulver und Lösungsmittel zur Herstellung einer Injektionslösung,Octisalate,review,86,fuzzy:chembl,fuzzy match (jw similarity 86%),1,NA,NA,NA
FEIBA 2500 E Pulver und Lösungsmittel zur Herstellung einer Infusionslösung.,Anti-inhibitor coagulant complex,review,63,chembl,alias match (chembl_synonym): 'feiba' → 'anti-inhibitor coagulant complex',1,NA,NA,NA
AZD9750,Azd9056,review,85,fuzzy:chembl,fuzzy match (jw similarity 85%),1,NA,NA,NA
EXV-802,Elx-02,review,85,fuzzy:chembl,fuzzy match (jw similarity 85%),1,NA,NA,NA
SPI-62_DF1,Clofutriben,review,63,chembl,alias match (chembl_synonym): 'spi-62' → 'clofutriben',1,NA,NA,NA
BMS-986365,Bms-986235,review,93,fuzzy:chembl,fuzzy match (jw similarity 93%),1,NA,NA,NA
Sabrilex 500 mg rakeet oraaliliuosta varten,Abarelix,review,87,fuzzy:chembl,fuzzy match (jw similarity 87%),1,NA,NA,NA
ABBV-706,Abbv-467,review,87,fuzzy:chembl,fuzzy match (jw similarity 87%),1,NA,NA,NA
"Prolastin 1000 mg, polvere e solvente per soluzione per infusione",.Alpha.1-proteinase inhibitor human,review,62,chembl,alias match (chembl_synonym): 'prolastin' → '.alpha.1-proteinase inhibitor human',1,NA,NA,NA
"Espiro, 25 mg, tabletki powlekane",Umespirone,review,87,fuzzy:chembl,fuzzy match (jw similarity 87%),1,NA,NA,NA
"ALUTARD SQ epitel, injektionsvätska, suspension - 553 Hund",Paluratide,review,85,fuzzy:chembl,fuzzy match (jw similarity 85%),1,NA,NA,NA
TAK-360,Tak-960,review,90,fuzzy:chembl,fuzzy match (jw similarity 90%),1,NA,NA,NA
TRI-001,Rst-001,review,85,fuzzy:chembl,fuzzy match (jw similarity 85%),1,NA,NA,NA
Cellulose microcristalline 50 microgrammes,Powdered cellulose,review,63,chembl,alias match (chembl_synonym): 'cellulose' → 'powdered cellulose',1,NA,NA,NA
Identical capsule as the active product but without any active ingredient.,Idremcinal,review,85,fuzzy:chembl,fuzzy match (jw similarity 85%),1,NA,NA,NA
"Biosteron, 25 mg, tabletki",Bolasterone,review,87,fuzzy:chembl,fuzzy match (jw similarity 87%),1,NA,NA,NA
"Enalapril-ratiopharm® 2,5 mg Tabletten",Enalaprilat,review,85,fuzzy:chembl,fuzzy match (jw similarity 85%),1,NA,NA,NA
"RIFADINE IV 600 mg, poudre et solvant pour solution pour perfusion",Rifampin,review,61,chembl,alias match (chembl_synonym): 'rifadine' → 'rifampin',1,skipped,NA,"skipped: wrong fuzzy suggestion, awaiting chembl pass"
MEPHENON 10mg,Mephenytoin,review,91,fuzzy:chembl,fuzzy match (jw similarity 91%),1,NA,NA,NA
ABO-101,Ab-101,review,95,fuzzy:chembl,fuzzy match (jw similarity 95%),1,NA,NA,NA
AZD4360,Azd-4316,review,87,fuzzy:chembl,fuzzy match (jw similarity 87%),1,NA,NA,NA
"Fluconazol Accord 50 mg capsules, hard",Fluconazole,review,61,chembl,alias match (chembl_synonym): 'fluconazol' → 'fluconazole',1,NA,NA,NA
Identical with the IMP NSC001 but without the active substance,Idremcinal,review,85,fuzzy:chembl,fuzzy match (jw similarity 85%),1,NA,NA,NA
Standacillin 2 g – Pulver zur Herstellung einer Injektions-,Amantocillin,review,86,fuzzy:chembl,fuzzy match (jw similarity 86%),1,NA,NA,NA
ARACYTIN 100 mg,Cytarabine,review,63,chembl,alias match (chembl_synonym): 'aracytin' → 'cytarabine',1,NA,NA,NA
"Doreta, 37,5 mg + 325 mg, tabletki powlekane",Lidorestat,review,87,fuzzy:chembl,fuzzy match (jw similarity 87%),1,NA,NA,NA
Malarone 250,Cycloguanil,review,63,chembl,alias match (chembl_synonym): 'malarone' → 'cycloguanil',1,NA,NA,NA
liquid dosage form in 20 mL vials with 11 extractable volume,Gliquidone,review,87,fuzzy:chembl,fuzzy match (jw similarity 87%),1,NA,NA,NA
"Pamorelin 3,75 mg pulver och vätska till injektionsvätska, depotsuspension",Ipamorelin,review,97,fuzzy:chembl,fuzzy match (jw similarity 97%),1,NA,NA,NA
"Pamorelin 11,25 mg pulver och vätska till injektionsvätska, depotsuspension.",Ipamorelin,review,97,fuzzy:chembl,fuzzy match (jw similarity 97%),1,NA,NA,NA
Lutetium Lu-177 PSMA I&T Injection,Lutetium lu-177 psma-r2,review,90,fuzzy:llm_reviewed,fuzzy match (jw similarity 90%),1,NA,NA,NA
Phosphate buffered saline for SC administration,Triphosphate,review,92,fuzzy:chembl,fuzzy match (jw similarity 92%),1,NA,NA,NA
Cincofarm 100 mg Cápsulas,Oxitriptan,review,62,chembl,alias match (chembl_synonym): 'cincofarm' → 'oxitriptan',1,NA,NA,NA
infusione,Nifurizone,review,85,fuzzy:chembl,fuzzy match (jw similarity 85%),1,NA,NA,NA
phosphate buffered saline.,Triphosphate,review,92,fuzzy:chembl,fuzzy match (jw similarity 92%),1,NA,NA,NA
"LIMBAL STEM CELLS, AUTOLOGOUS",Climbazole,review,87,fuzzy:chembl,fuzzy match (jw similarity 87%),1,NA,NA,NA
GAL-101 salt,Av-101,review,85,fuzzy:chembl,fuzzy match (jw similarity 85%),1,NA,NA,NA
"CryoStor CS10 + Physiologic solution, e.g., Ringers Lactate",Cryostor cs10,review,87,fuzzy:chembl,fuzzy match (jw similarity 87%),1,NA,NA,NA
Bactrim 40 mg,Barium,review,85,fuzzy:chembl,fuzzy match (jw similarity 85%),1,NA,NA,NA
"Bactocin, pulver til infusionsvæske, opløsning",Carbetocin,review,89,fuzzy:chembl,fuzzy match (jw similarity 89%),1,NA,NA,NA
UGN-104,Bn-104,review,85,fuzzy:chembl,fuzzy match (jw similarity 85%),1,NA,NA,NA
FAPI-46 (68Ga),Fapi-46 ga-68,review,87,fuzzy:chembl,fuzzy match (jw similarity 87%),1,NA,NA,NA
GALLIUM (68GA) EDOTREOTIDE,NA,review,64,chembl,ambiguous alias maps to multiple substances,1,NA,NA,NA
Methasan 10 mg,Dimethazan,review,86,fuzzy:chembl,fuzzy match (jw similarity 86%),1,NA,NA,NA
Amnion,Amphenidone,review,85,fuzzy:chembl,fuzzy match (jw similarity 85%),1,NA,NA,NA
Chorion Membrane Allograft,Chloroxine,review,85,fuzzy:chembl,fuzzy match (jw similarity 85%),1,NA,NA,NA
"DEFLAN 22,75 mg",Desflurane,review,87,fuzzy:llm_reviewed,fuzzy match (jw similarity 87%),1,NA,NA,NA
CLASTEON® 400mg capsules,Calusterone,review,87,fuzzy:chembl,fuzzy match (jw similarity 87%),1,NA,NA,NA
"Fludex 1,5 mg, επικαλυμμένα με λεπτό υμένιο δισκία παρατεταμένης αποδέσμευσης.",Indapamide,review,62,chembl,alias match (chembl_synonym): 'fludex' → 'indapamide',1,NA,NA,NA
LUCIDEL 150 mg επικαλυμμένα με λεπτό υμένιο δισκία.,Flucindole,review,85,fuzzy:chembl,fuzzy match (jw similarity 85%),1,NA,NA,NA
"Inosamin 25mg, επικαλυμμένα με λεπτό υμένιο δισκία",Indoramin,review,88,fuzzy:chembl,fuzzy match (jw similarity 88%),1,NA,NA,NA
"Dipiperon 40 mg, tabletten",Dipipanone,review,85,fuzzy:chembl,fuzzy match (jw similarity 85%),1,NA,NA,NA
TolDec,Atolide,review,85,fuzzy:chembl,fuzzy match (jw similarity 85%),1,NA,NA,NA
AZD0516,Azd-0156,review,91,fuzzy:chembl,fuzzy match (jw similarity 91%),1,NA,NA,NA
VENT-03,Ent-03,review,95,fuzzy:chembl,fuzzy match (jw similarity 95%),1,NA,NA,NA
Nasolin 1 mg,Lanolin,review,85,fuzzy:llm_reviewed,fuzzy match (jw similarity 85%),1,NA,NA,NA
PERTECHNETATE (99MTC) SODIUM,NA,review,64,chembl,ambiguous alias maps to multiple substances,1,NA,NA,NA
"Biosteron, 10 mg, tabletki",Bolasterone,review,87,fuzzy:chembl,fuzzy match (jw similarity 87%),1,NA,NA,NA
"Satalliv, Delta-9-tetrahydrocannabinol",Stevaladil,review,85,fuzzy:chembl,fuzzy match (jw similarity 85%),1,NA,NA,NA
"oral GLP-1R agonist (CT-996) Capsule, hard 0 mg",Glp-1,review,94,fuzzy:chembl,fuzzy match (jw similarity 94%),1,NA,NA,NA
Nisotirotide,Nisotirostide,review,97,fuzzy:chembl,fuzzy match (jw similarity 97%),1,NA,NA,NA
Descartes-08,Descartes 30,review,89,fuzzy:chembl,fuzzy match (jw similarity 89%),1,NA,NA,NA
Estrofem 1 mg filmovertrukne tabletter,Estrone,review,87,fuzzy:chembl,fuzzy match (jw similarity 87%),1,NA,NA,NA
AZD6793,Azd-6703,review,87,fuzzy:chembl,fuzzy match (jw similarity 87%),1,NA,NA,NA
"FOLINORAL 25 mg, gélule",Fluindarol,review,85,fuzzy:chembl,fuzzy match (jw similarity 85%),1,NA,NA,NA
GLIATILIN 600 mg flaconcini,Choline alfoscerate,review,62,chembl,alias match (chembl_synonym): 'gliatilin' → 'choline alfoscerate',1,NA,NA,NA
diluent,Difluprednate,review,85,fuzzy:chembl,fuzzy match (jw similarity 85%),1,NA,NA,NA
Elixirium thymi compositum FoNo VIII. Naturland belsőleges oldat,Etipirium,review,85,fuzzy:chembl,fuzzy match (jw similarity 85%),1,NA,NA,NA
Myfortic 180 mg comprimidos gastrorresistentes.,NA,review,97,manual,ambiguous alias maps to multiple substances,1,NA,NA,NA
GLIATILIN 600 capsule,Choline alfoscerate,review,62,chembl,alias match (chembl_synonym): 'gliatilin' → 'choline alfoscerate',1,NA,NA,NA
ONC206 Powder,Onc-206,review,63,chembl,alias match (chembl_synonym): 'onc206' → 'onc-206',1,NA,NA,NA
Cornstarch (Asylum Maydis),"Starch, corn",review,63,chembl,"alias match (chembl_synonym): 'cornstarch' → 'starch, corn'",1,NA,NA,NA
N-803 (NAI),NA,review,63,chembl,ambiguous alias maps to multiple substances,1,NA,NA,NA
VIOSER 5% w,Vibosameran,review,85,fuzzy:chembl,fuzzy match (jw similarity 85%),1,NA,NA,NA
LAD191,Azd1981,review,85,fuzzy:chembl,fuzzy match (jw similarity 85%),1,NA,NA,NA
Diluent A195,Difluprednate,review,85,fuzzy:chembl,fuzzy match (jw similarity 85%),1,NA,NA,NA
ADX-324,Ad-214,review,85,fuzzy:chembl,fuzzy match (jw similarity 85%),1,NA,NA,NA
AZD5148,Azd3514,review,90,fuzzy:chembl,fuzzy match (jw similarity 90%),1,NA,NA,NA
"Finlepsin 200 retard, 200 mg, tabletki o przedłużonym uwalnianiu",Carbamazepine,review,62,chembl,alias match (chembl_synonym): 'finlepsin' → 'carbamazepine',1,NA,NA,NA
"Orungal, 100 mg, kapsułki",Itraconazole,review,62,chembl,alias match (chembl_synonym): 'orungal' → 'itraconazole',1,NA,NA,NA
Gemfibrozilo STADA 600 mg comprimidos recubiertos con película EFG,Gemfibrozil,review,62,chembl,alias match (chembl_synonym): 'gemfibrozilo' → 'gemfibrozil',1,NA,NA,NA
"Neurotop retard 300, 300 mg, tabletki o przedłużonym uwalnianiu",Carbamazepine,review,62,chembl,alias match (chembl_synonym): 'neurotop' → 'carbamazepine',1,NA,NA,NA
Norgesic 35 mg,Orphenadrine,review,63,chembl,alias match (chembl_synonym): 'norgesic' → 'orphenadrine',1,NA,NA,NA
TRIGLYCERIDES MEDIUM CHAIN,"Triglycerides, medium-chain",review,96,fuzzy:chembl,fuzzy match (jw similarity 96%),1,NA,NA,NA
"Mebocaína Anti-Inflam, 1.2 mg + 3 mg, comprimidos para chupar",Mobecarb,review,86,fuzzy:chembl,fuzzy match (jw similarity 86%),1,NA,NA,NA
LAD328,Azd0328,review,85,fuzzy:chembl,fuzzy match (jw similarity 85%),1,NA,NA,NA
LTX-002,Elx-02,review,85,fuzzy:chembl,fuzzy match (jw similarity 85%),1,NA,NA,NA
AZD1163,Azd1386,review,85,fuzzy:chembl,fuzzy match (jw similarity 85%),1,NA,NA,NA
Floxal EDO 3 mg,Floxacillin,review,85,fuzzy:chembl,fuzzy match (jw similarity 85%),1,NA,NA,NA
IPN60300,Ipn-60090,review,88,fuzzy:chembl,fuzzy match (jw similarity 88%),1,NA,NA,NA
AZD4144,Azd1446,review,85,fuzzy:chembl,fuzzy match (jw similarity 85%),1,NA,NA,NA
Bendafolin 10 mg,Bendazol,review,86,fuzzy:chembl,fuzzy match (jw similarity 86%),1,NA,NA,NA
Bicain Spinal 5 mg,Icariin,review,85,fuzzy:chembl,fuzzy match (jw similarity 85%),1,NA,NA,NA
Laktosmonohydrat SuperTab 11SD,Lactose monohydrate,review,91,fuzzy:chembl,fuzzy match (jw similarity 91%),1,NA,NA,NA
TUB-030,Tb-403,review,85,fuzzy:chembl,fuzzy match (jw similarity 85%),1,NA,NA,NA
ASP3082,Asp-8302,review,89,fuzzy:chembl,fuzzy match (jw similarity 89%),1,NA,NA,NA
"Pamorelin, depotinjektionsvæske, pulver og solvens til suspension, 11,25 mg",Ipamorelin,review,97,fuzzy:chembl,fuzzy match (jw similarity 97%),1,NA,NA,NA
"Oxiklorin 100 mg tabletti, kalvopäällysteinen",Hydroxychloroquine sulfate,review,62,chembl,alias match (chembl_synonym): 'oxiklorin' → 'hydroxychloroquine sulfate',1,NA,NA,NA
Birelentinib,Bemcentinib,review,86,fuzzy:llm_reviewed,fuzzy match (jw similarity 86%),1,NA,NA,NA
Methadon,Methadone,review,96,fuzzy:manual,fuzzy match (jw similarity 96%),1,skipped,NA,"skipped: low-score review, awaiting chembl pass"
LTG-001 tablet,Stg-001,review,90,fuzzy:chembl,fuzzy match (jw similarity 90%),1,NA,NA,NA
TERSOLISIB,Taselisib,review,85,fuzzy:chembl,fuzzy match (jw similarity 85%),1,NA,NA,NA
Liquid Alpha1-Proteinase Inhibitor (Human) (Prolastin®-C Liquid or Liquid Alpha1-PI),Gliquidone,review,87,fuzzy:chembl,fuzzy match (jw similarity 87%),1,NA,NA,NA
OE Voriconazole,Omoconazole,review,86,fuzzy:chembl,fuzzy match (jw similarity 86%),1,NA,NA,NA
TICLOPIDINA MYLAN GENERICS 250 mg compresse rivestite,Ticlopidine,review,62,chembl,alias match (chembl_synonym): 'ticlopidina' → 'ticlopidine',1,NA,NA,NA
Brimonidine-Timolol,Brimonidine,review,86,fuzzy:llm_reviewed,fuzzy match (jw similarity 86%),1,NA,NA,NA
"Salina Fisiológica Grifols 0,9% solución para perfusión",Salinazid,review,89,fuzzy:chembl,fuzzy match (jw similarity 89%),1,NA,NA,NA
BMS-986523,Bms-986235,review,95,fuzzy:chembl,fuzzy match (jw similarity 95%),1,NA,NA,NA
Orimelan 3 mg tabletter,Piromelatine,review,85,fuzzy:chembl,fuzzy match (jw similarity 85%),1,NA,NA,NA
NAV-240,Av-203,review,85,fuzzy:chembl,fuzzy match (jw similarity 85%),1,NA,NA,NA
CRMA-1001,Cm-101,review,89,fuzzy:chembl,fuzzy match (jw similarity 89%),1,NA,NA,NA
"NATRIUM CHLORATUM 0,9% FRESENIUS, 9 mg",Nitrafudam,review,85,fuzzy:chembl,fuzzy match (jw similarity 85%),1,NA,NA,NA
Livazo 4mg film-coated tablets,Nivazol,review,85,fuzzy:chembl,fuzzy match (jw similarity 85%),1,NA,NA,NA
Sterofundin ISO Infusionslösung,Stepronin,review,87,fuzzy:chembl,fuzzy match (jw similarity 87%),1,NA,NA,NA
ISMIGEN tabletki podjezykowe,Igmesine,review,86,fuzzy:chembl,fuzzy match (jw similarity 86%),1,NA,NA,NA
Amorion 100 mg,Amorolfine,review,85,fuzzy:llm_reviewed,fuzzy match (jw similarity 85%),1,NA,NA,NA
Clorxil 5 mg,Clonixeril,review,85,fuzzy:chembl,fuzzy match (jw similarity 85%),1,NA,NA,NA
Arilin 500 mg Filmtabletten,Acrihellin,review,87,fuzzy:chembl,fuzzy match (jw similarity 87%),1,NA,NA,NA
"Rifadine 300 mg capsules, hard",Rifampin,review,61,chembl,alias match (chembl_synonym): 'rifadine' → 'rifampin',1,skipped,NA,"skipped: wrong fuzzy suggestion, awaiting chembl pass"
Myfortic 360 mg gastrorezistentné tablety,NA,review,97,manual,ambiguous alias maps to multiple substances,1,NA,NA,NA
