raw_substance,confidence,reason
"0% Peanut Challenge Meal (PCM) base, granules for oral suspension",0.6,"This is a 0% peanut challenge placebo base (control meal without allergen), not an active substance."
"0,03 mg comprimidos recubiertos con película EFG",0.9,This is only dosage form/strength text ('0.03 mg coated tablets EFG') with no substance name given.
"0,2 mL, solution injectable en seringue pré-remplie",0.8,This is just dosage/formulation language (volume and dosage form) with no substance named.
"0,2 ml solución inyectable en jeringa precargada",0.85,This is only a dosage form description (solution for injection in pre-filled syringe) with no substance named.
"0,25 g polvere per soluzione per infusione",0.85,"This is dosage form/strength language ('powder for solution for infusion'), not a substance name."
"0,3 mL, solution injectable en seringue préremplie",0.85,"This is just dosage form/strength language (solution for injection in prefilled syringe), no substance named."
"0,4 mL solução injetável em seringa pré-cheia",0.9,"This is only dosage form/volume description (solution for injection in pre-filled syringe), not a substance name."
"0,4 mg hårda kapslar",0.8,This is only a dosage form/strength description ('0.4 mg hard capsules') with no substance name given.
"0,4 ml Injektionslösung in einer Fertigspritze",0.85,This is just dosage form/formulation text ('0.4 ml injection solution in a pre-filled syringe') with no substance name specified.
"0,4 ml solución inyectable en jeringa precargada",0.85,"This string only describes dosage form and volume ('0.4 ml solution for injection in pre-filled syringe'), with no substance name given."
"0,4 ml solución inyectable en jeringas precargadas",0.85,This is a dosage form/pack description (volume and injection form) with no substance named.
"0,4 ml, collyre en récipient unidose",0.85,"This describes only a dosage form/packaging (eye drops, unidose container), not a substance name."
"0,4 ml, solution injectable (S.C.) en seringue pré-remplie",0.85,"This is dosage form/route/pack description only, no substance named."
"0,45 ml solución inyectable en jeringas precargadas",0.9,"This is just a dosage form/volume description (pre-filled syringe solution), not a substance name."
"0,5 g polvere per soluzione per infusione",0.75,This is a dosage form/strength description ('powder for solution for infusion') without naming any substance.
"0,5 ml oplossing voor injectie in voorgevulde spuit",0.9,"This is dosage form language ('solution for injection in pre-filled syringe'), not a substance name."
"0,5 ml solución inyectable en jeringa precargada EFG",0.85,This is just a dosage form description ('0.5 ml injectable solution in pre-filled syringe EFG') with no substance name.
"0,5mL PF.SYR. Ενέσιμο διάλυμα",0.9,"This is just dosage form/pack description (prefilled syringe, injectable solution) with no substance named."
"0,6 mL, solution injectable en seringue préremplie",0.8,"This is dosage/formulation language only, no substance named."
"0,6 ml solución inyectable en jeringa precargada",0.85,This is just a dosage form/volume description ('0.6 ml solution for injection in pre-filled syringe') with no substance name given.
"0,7mL PF.SYR. Ενέσιμο διάλυμα",0.85,"This is just dosage form/pack description in Greek (pre-filled syringe, injectable solution), no substance named."
"0,8 ml solución inyectable en jeringa precargada",0.85,"This is just dosage form/volume language (solution for injection in prefilled syringe), no substance named."
"0,9mL PF.SYR. Ενέσιμο διάλυμα",0.8,"This is dosage/formulation text (pre-filled syringe volume, injectable solution in Greek), not a substance name."
0.125 mL solution for injection in pre-filled pen,0.9,"This is a dosage/formulation description only, no substance named."
0.25 mL solution for injection in pre-filled pen,0.9,"This string only describes dosage form and volume, not a substance."
0.36 mL solution for injection in a pre-filled pen,0.9,"This is dosage form/volume description only, no substance named."
0.375 mL solution for injection in pre-filled pen,0.9,"Only dosage form/volume description, no substance named."
0.45 mL solution for injection in pre-filled pen.,0.85,"This is a dosage form/device description only, no substance named."
0.5 mg sublingual tablets,0.7,"This is dosage form/strength language only, not a substance name."
0.5 ml concentrate and solvent for solution for infusion,0.95,This is a dosage form description with no substance name.
0.50 mL solution for injection in pre-filled pen,0.9,"This string only describes a dosage form (solution for injection in pre-filled pen), not a substance."
0.56 mL solution for injection in pre-filled pen,0.85,This is just a dosage form/volume description with no substance name specified.
0.56 mL solution for injection in pre‑filled pen,0.85,"This string is just a dosage form/device description (pre-filled pen volume), not a substance name."
0.5ml solution for injection in pre-filled pen.,0.9,"Dosage form description only, no substance named"
0.5 mL solution for injection in pre-filled pen,0.9,"This is only a dosage form/pack description, not a substance name."
0.75 mL powder and solvent for solution for injection,0.9,"This is only a dosage form description, not a substance name."
0.8 mL Solution for injection in pre-filled syringe with needle safety device,0.85,"This is dosage form/device language only, not a substance name."
0.9% Sodium Chlorine (no active substance),0.9,"Labeled 'no active substance' - saline used as vehicle/placebo, not an active substance."
0.98 mL solution for injection in pre‑filled pen,0.9,This is just a dosage form/device description with no substance named.
"1 mL, poudre et solvant pour solution injectable",0.9,"This is just dosage form description (powder and solvent for injectable solution), not a substance name."
1 ml Injektionssuspension,0.9,"This is just a dosage form description (injection suspension volume), not a substance name."
1 ml injekční roztok v předplněné injekční stříkačce,0.85,This string is only dosage form/pack description ('1 ml solution for injection in pre-filled syringe') with no substance name mentioned.
1 ml solución inyectable en jeringa precargada,0.9,"This is only dosage form/pack description ('1 ml solution for injection in pre-filled syringe'), no substance named."
"1 ml, solution injectable en seringue pré-remplie",0.85,"This is dosage form/packaging language only, not a substance name."
"1 ml, solution injectable en seringue préremplie",0.85,"This is only dosage form/pack description (solution for injection in prefilled syringe), no substance named."
"1,5 ml Injektionslösung in einem Fertigpen",0.85,"This string is only dosage form/device language (injection solution in a pre-filled pen), not naming any substance."
1.000.000 U,0.85,"'1.000.000 U' is a dosage/unit strength expression (likely units of a drug), not a substance name itself."
1.08 mL solution for injection in a pre-filled pen,0.85,"This string is only a dosage form/device description (pre-filled pen volume), not a substance name."
1.4 mL solution for injection in pre‑filled pen,0.9,"This string only describes dosage form and device (pre-filled pen), not naming any substance."
1.44 mL solution for injection in pre-filled pen,0.9,"This is only a dosage form/pack description, no substance named."
1.5 mL solution for injection in pre-filled pen,0.9,"This is only dosage form/device description, not a substance name."
1.5 ml solution for injection in cartridge,0.9,"This is dosage form/pack description only, not a substance name."
10 mL solution for injection in multidose container,0.95,"This is dosage form/quantity language, not a substance name."
"10 mL, poudre et solvant pour solution injectable",0.9,"This is dosage form/formulation language only, no substance named."
10 mg comprimidos recubiertos con película,0.95,"This is just dosage form/strength language ('10 mg film-coated tablets'), not a substance name."
10 mg filmsko obložene tablete,0.9,"This string is just dosage form/strength language ('10 mg film-coated tablets'), not a substance name."
10 mg tablete,0.9,"This is only a dosage form/strength description ('10 mg tablets'), not a substance name."
10 mg tabletta,0.85,"'10 mg tabletta' is just dosage/form language (tablet, 10mg) with no substance name specified."
10 ml Polvere e Solvente per Soluzione Iniettabile,0.9,"This is just dosage form language (powder and solvent for solution for injection), not a substance name."
10 ml solvent pentru uz parenteral,0.9,"This is just a solvent for parenteral use, not an active substance."
"10 ml, poudre et solvant pour solution injectable (IV)",0.9,"This is only dosage form/pack description, no substance named"
100 ml Flüssigkeit,0.85,"'100 ml Flüssigkeit' just means '100 ml liquid' - a dosage/volume description, not a substance name."
"100 ml infusionsvätska, lösning",0.9,"This is dosage form language only ('infusion solution, 100 mL'), not a substance name."
103 mg comprimidos recubiertos con película,0.9,"This string only describes dosage form and strength (film-coated tablets, 103 mg) with no substance name."
10mL Soluzione Iniettabile,0.85,"This is dosage form/formulation language only ('10mL Injectable Solution'), not a substance name."
"10ml, poudre et solvant pour solution injectable",0.9,"This is dosage form description only, no substance named."
125 mg filmdragerade tabletter,0.9,"This string only describes dosage form and strength ('125 mg film-coated tablets' in Swedish), with no substance name."
"125 mg tabletti, kalvopäällysteinen",0.85,"This is only a dosage form description (film-coated tablet, 125 mg) in Finnish, with no substance name given."
"125 microgram per metered dose pressurised inhalation, suspension.",0.85,"This describes only a dosage form and strength for an inhaler, with no substance name given."
"15,6 ml polvere e solvente per soluzione iniettabile",0.85,"This is only a dosage form description (powder and solvent for solution for injection with volume), not a substance name."
"160 micrograms pressurised inhalation, suspension",0.75,"This is a dosage form/strength description, not a substance name."
1ml Solution for Injection in pre-filled syringes,0.9,This is a dosage form/formulation description with no substance named.
2 mL Solution for injection in pre-filled pen,0.9,"Only dosage form/strength/device description given, no substance name."
2 mg Filmtabletten,0.9,"Only dosage form and strength given, no substance name."
2 mg sublingual tablets,0.7,"This is a dosage form/strength description, not a substance name."
2 ml Injektionssuspension,0.9,"This is only dosage form/volume language, not a substance name."
2 ml Konzentrat zur Herstellung einer Injektions-,0.85,"This is only dosage form description ('2 ml concentrate for preparation of an injection'), naming no substance."
2 ml concentrato per soluzione per infusione,0.95,"This is a dosage form/volume description ('concentrate for solution for infusion'), not a substance name."
2 ml injekční roztok,0.9,This string is merely dosage form/volume description ('2 ml injection solution') with no substance named.
"2 ml koncentrat till infusionsvätska, lösning",0.95,"This is just dosage form language (concentrate for solution for infusion), not a substance name."
2 ml otopina za injekciju,0.85,"'2 ml otopina za injekciju' is Croatian for '2 ml solution for injection' - dosage form language only, not a substance name."
2 ml polvere e solvente per soluzione iniettabile,0.9,"Only dosage form/description, no substance named"
2 ml powder and solvent for solution for injection,0.9,"This is dosage form/formulation language, not a substance name."
2 ml solución inyectable EFG,0.9,"This is only dosage form/language text (solution for injection, EFG generic marker), no substance named."
2 ml soluzione iniettabile per uso intramuscolare”,0.85,"This is dosage form language only ('2 ml solution for injection intramuscular use'), not a substance name."
2 ml süste-,0.85,"'2 ml süste-' is a truncated dosage/formulation fragment (Estonian for 'injection'), not a substance name."
"2 ml, solution injectable (I.V. ou péridurale)",0.85,This string only describes dosage form/route information without naming any substance.
"2,5 ml roztok na rozprašovanie",0.9,"This is dosage form language (Slovak for 'solution for spray'), not a substance name."
"2,5 ml soluzione orale in contenitore monodose",0.9,"This is dosage form language only ('oral solution in single-dose container'), not a substance name."
"2,5 ml, Lösung für einen Vernebler",0.9,"This is just a dosage form description (solution for a nebulizer), not a substance name."
"2,5 ml, solution pour inhalation par nébuliseur en récipient
unidose",0.85,"This string is only a dosage form/pack description (nebulizer solution, unit dose) with no substance name mentioned."
2.16 mL solution for injection in a pre-filled pen,0.9,"Dosage form description only, no substance named"
20 ml polvere e solvente per soluzione per infusione endovenosa,0.9,"This is only dosage form/pack description (powder and solvent for solution for infusion), not naming any substance."
24 h transdermal patch,0.85,"'24 h transdermal patch' describes a dosage form/route, not a named substance; candidate 1 is the same non-substance descriptor."
245 mg comprimidos recubiertos con película EFG,0.8,This is only dosage form/strength text with no substance name given.
24h transdermal patch,0.75,"This describes a dosage form (transdermal patch, 24h release) not any active substance."
2ml - Polvere e solvente per sospensione iniettabile a rilascio prolungato,0.85,"This is only dosage form description (powder and solvent for prolonged-release suspension for injection), no substance named."
2ml polvere e solvente per soluzione iniettabile per uso intraoculare.,0.8,"This is just a dosage form description (powder and solvent for solution for injection for intraocular use), no substance named."
3 ml amp ενέσιμο διάλυμα,0.85,"This is just a dosage form description ('3 ml ampoule, injectable solution' in Greek), not a substance name."
"3 ml, suspensão para instilação endotraqueobrônquica",0.85,"This is a dosage form/route description (3 ml suspension for endotracheobronchial instillation), not a substance name."
"3,5 ml, poudre et solvant pour solution injectable (IM)",0.85,"This string only describes dosage form and volume (powder and solvent for solution for injection, IM), with no substance name given."
4 ml polvere e solvente per soluzione iniettabile.,0.85,"This is dosage form language ('powder and solvent for solution for injection'), not a substance name."
"4 ml, solution injectable pour voie intra rachidienne en ampoule",0.9,"This is dosage form language only (solution for injection, intrathecal, ampoule), not a substance name."
"4,5 mikrogram",0.8,Just a dosage strength with no substance name attached.
5 mg cápsulas duras.,0.9,This is only a dosage form description ('5 mg hard capsules') with no substance name given.
5 mg tablete,0.85,This string only describes dosage form and strength (5 mg tablets) without naming any active substance.
5 mg tabletta,0.85,This is just dosage/form language ('5 mg tablet') with no substance name specified.
"5 mg, filmomhulde tabletten",0.9,"Only dosage form and strength info, no substance name given."
5 ml Polvere e Solvente per Soluzione Iniettabile,0.85,"This is only dosage form/pack description (powder and solvent for solution for injection), no substance named."
5 ml Pulver zur Herstellung einer Suspension zum Einnehmen,0.9,"This is only dosage form description (powder for oral suspension), not a substance name."
"5 ml koncentrat till infusionsvätska, lösning",0.95,This is just dosage form language (concentrate for solution for infusion) with no substance named.
5 ml poudre pour suspension buvable,0.85,"This is dosage form/quantity language ('powder for oral suspension'), not a substance name."
"5 ml pulver til mikstur, suspensjon (blandet fruktsmak)",0.7,"This is a dosage form description (powder for oral suspension, mixed fruit flavor) with no substance name specified."
5 ml suukaudse suspensiooni pulber,0.9,"This is dosage form language ('powder for oral suspension'), not a substance name."
"5 ml, roztwór do wstrzykiwań w ampułko-strzykawce",0.9,"This is just dosage form/form factor description (5 ml solution for injection in pre-filled syringe) in Polish, not a substance name."
"5 ml, solution injectable (I.V. ou péridurale) en ampoule",0.85,"This string only describes dosage form and route (5 ml injectable/epidural solution in ampoule), no substance name given."
"50 mg
FDC
tablets",0.9,"'50 mg FDC tablets' is just dosage/formulation language, not a substance name."
50 microgrammes,0.9,"'50 microgrammes' is only a dosage strength, not a substance name."
51 mg comprimidos recubiertos con película,0.85,"This is just a dosage form description ('film-coated tablets') with a strength, no substance name given."
5mL Soluzione Iniettabile,0.85,This is dosage form/pack description only ('Injectable solution 5mL') with no substance named.
5ml concentration for solution for infusion,0.95,"This string is dosage language only, not a substance name."
5ml polvere e solvente per soluzione iniettabile,0.9,"This is dosage form/pack description only ('powder and solvent for solution for injection'), not a substance name."
5ml siroop,0.9,"'5ml siroop' is a dosage form/quantity description (5ml syrup), not a substance name."
6 microgramos,0.95,"'6 microgramos' is just a dosage strength, not a substance name."
"7,8 ml polvere e solvente per soluzione iniettabile",0.85,"This is just dosage form/volume description ('powder and solvent for solution for injection'), not a substance name."
"72 heures, dispositif transdermique",0.75,"'72 heures, dispositif transdermique' describes a transdermal patch duration, not a substance name."
8.3 6.3-13 IC 95,0.7,"This appears to be numerical/statistical data (confidence interval), not a substance name."
80 mg comprimidos recubiertos con película,0.9,This is only a dosage form description (strength and film-coated tablets) with no drug name given.
80 microliters solution for injection in pre-filled pen,0.85,"This is dosage form/device language only, no substance named."
9 microgramos,0.9,"'9 microgramos' is just a dosage strength, not a substance name."
"9 micrograms pressurised inhalation, solution",0.85,"This is dosage/formulation language, not a substance name."
"A sterile preservative-free solution with identical composition as the drug
product, but without the protein.",0.8,"This describes a placebo-like vehicle lacking the active protein, not a specific substance."
"A sterile, preservative-free, colorless to brown-yellow and clear to opalescent solution composed of the same excipients used in the rosnilimab active dp.",0.85,"This describes a placebo/vehicle containing only excipients matching rosnilimab's formulation, not the active substance itself."
AGUA PARA PREPARACIONES INYECTABLES,0.9,"'Agua para preparaciones inyectables' means water for injections, a diluent/vehicle, not an active substance."
AQUASITE Amorphous Hydrogel Dressing,0.85,"AQUASITE is a hydrogel wound dressing device, not a pharmaceutical substance."
AS INN,0.7,"'AS INN' appears to be a placeholder/notation (e.g., 'as INN name') rather than an actual substance name."
Active control,0.95,"'Active control' is a study-arm label, not a substance name."
"Agua para preparaciones inyectables Meinsol, disolvente para uso parenteral",0.95,"Water for injection used as a diluent, not an active substance."
Alu blisters (4’s).,0.95,"'Alu blisters (4's)' refers to aluminum packaging, not a substance."
"An aqueous clear, colorless to slightly yellow solution.",0.9,"This is a physical description of a formulation, not a substance name."
An no disponible.,0.9,"'An no disponible' is Spanish for 'Not yet available' - a placeholder, not a substance."
An no establecido,0.85,"'An no establecido' is Spanish for 'Not yet established' - a placeholder, not a substance name."
Antiplatelet,0.7,"'Antiplatelet' describes a drug class, not a specific substance, and does not match platelet-poor plasma."
Aqua ad iniectabilia Braun Lösungsmittel zur Herstellung von Parenteralia,0.95,"This is water for injection, a solvent/diluent, not an active substance."
"Aqua ad iniectabilia Braun, Lösungsmittel zur Herstellung von Parenteralia",0.9,"Water for injection is a solvent/diluent, not an active substance."
As Per SmPC,0.95,"'As Per SmPC' is a placeholder referring to the product label, not a substance name."
As smpC,0.8,"'As smpC' likely refers to Summary of Product Characteristics, not a substance name."
Aun no disponible,0.95,"'Aun no disponible' is Spanish for 'not yet available', a placeholder, not a substance."
BANANA FLAVOUR,0.9,"Banana flavour is an excipient/flavoring agent, not an active substance."
Biological origin,0.9,"'Biological origin' is a descriptive phrase, not a substance name."
Blinded to the test product,0.95,"This is a study-arm blinding description, not a substance name."
"Bomba de gel transparente, donde la sustancia activa (testosterona) fue sustituida por agua purificada.",0.85,"This describes a placebo gel where the active substance testosterone was replaced by purified water, meaning no active substance is present."
Buffer S9b Solution for suspension for injection,0.7,"'Buffer S9b' refers to a diluent/buffer solution component, not an active substance."
COMBINATIONS,0.8,'COMBINATIONS' is not a substance name; it's a placeholder/category label.
"Capsugel Belgium N.V Empty hard gelatin capsules size AA Elong, DB-caps Part number G7ECL000020 see IMPD",0.9,"This describes an empty capsule shell/excipient component, not an active substance."
"Capsule, hard",0.97,"'Capsule, hard' is a dosage form description, not a substance name."
Capsules containing tablets with microcrystalline cellulose 102 245 mg and magnesium stearate 5 mg.,0.8,"These are excipients (microcrystalline cellulose, magnesium stearate) used as fillers in capsules, not the active substance being tested; no active substance is named."
Cationorm PRO is a autorized medical device that contains no pharmeceutical ingredient.,0.95,Explicitly stated to be a medical device with no pharmaceutical ingredient.
Centrally acting agents,0.85,"'Centrally acting agents' is a drug class descriptor, not a specific substance."
Chromatography Purified,0.7,"'Chromatography Purified' describes a purification method/process descriptor, not a specific substance."
Cicabio crme,0.7,"Cicabio is a cosmetic skin-repair cream, not a pharmaceutical active substance matching any listed drug."
"Colorless, clear, hard capsules for inhalation",0.9,"This describes a dosage form/capsule appearance, not a substance name."
Comfeel plus transparent (hydrocolloid dressing):  a medical device classe iib. Details are specified in the protocol and the cover letter (2nd pragraph). a ticket is open in the desk service (sd-729570),0.97,"This describes a medical device (dressing), not a drug substance."
Comparator 2: hard gelatine capsules (no active compounds),0.9,"Placebo capsule with no active compound, not a substance"
Composition (%w,0.9,"Not a substance name, just a dosage/composition fragment."
Composition (except active ingredient): Methylparaben Ph. Eur. Propylparaben Ph. Eur. Saccharine Sodium Ph. Eur. Orange Flavor 1111853 Purified water q.s.,0.85,"This lists excipients of a formulation, not the active substance itself."
Composition [mg,0.9,"'Composition [mg' is dosage/label text fragment, not a substance name."
Composition apart from the active substance otherwise to identical to IMP,0.9,"This is descriptive placebo/comparator composition language, not a substance name."
"Composition, apart from the active substance, identical to the IMP",0.9,"This is a placebo/comparator description, not a substance name."
Control 1,0.85,"'Control 1' is a study-arm/control label, not a substance name."
Control 2,0.8,"'Control 2' is a study-arm/control label, not a substance name."
"Convex tablet coated with DB Caps®, size B, Gray Opaque from Lonza Capsugel.",0.85,"This describes capsule/tablet packaging materials (DB Caps from Lonza Capsugel), not a substance."
Cream Vehicle,0.95,"'Cream Vehicle' refers to a placebo/vehicle formulation, not an active substance."
D.3.8. AS INN,0.95,"'D.3.8. AS INN' is a form field label from the trial registry (indicating the substance should be named per INN), not an actual substance name."
DRUGS USED IN BENIGN PROSTATIC HYPERTROPHY,0.85,"This is a drug class description, not a specific substance name."
Dermal - Living Skin Replacement Dermal - LSR,0.8,"'Living Skin Replacement' is a tissue-engineered device product, not a pharmacological substance."
Detoxifying agents for antineoplastic treatment,0.85,"This is a drug class/category description, not a specific substance name."
Diluent,0.9,"Diluent is not a substance, just a formulation component."
Diluent A195,0.75,"'Diluent A195' refers to a diluent/vehicle component, not an active pharmaceutical substance."
Diluent for CJC-1295,0.7,"This is a diluent/vehicle for CJC-1295, not an active substance itself, and does not match either candidate."
Diluent for REGN5458,0.75,"This refers to a diluent solution used with REGN5458, not the active substance itself."
Diluyente.  Solucin Salina Fenolada Glicerinada,0.7,"This is a diluent/vehicle solution (phenolated glycerinated saline diluent), used as a carrier for allergen extracts, not itself an active substance."
Diluyente. Solucin Salina Fenolada Glicerinada,0.6,"This is a diluent/vehicle solution used for allergen extracts, not an active substance itself."
Dolmio Pastasauce extra garlic,0.9,"This is a pasta sauce food product, not a clinical trial substance."
Dolmio pastasauce with sun dried tomatoes,0.98,"This is a food product (pasta sauce), not a pharmaceutical substance."
"Dosis
Nasenspray, Suspension",0.7,"'Dosis Nasenspray, Suspension' is dosage/formulation language ('dose nasal spray, suspension'), not naming any active substance."
"Dosis Druckgasinhalation, Suspension",0.85,"This is dosage form language ('Druckgasinhalation, Suspension' = pressurized gas inhalation suspension) with no substance name, not referring to a specific active substance."
"E172 Red Iron Oxide, Titanium dioxide, Hydromellose.",0.7,"These are excipients/coating agents (colorants, coating), not an active substance of the trial medicine."
Encapsulated tablets of inactive ingredients,0.9,"This describes a placebo (inactive ingredients only), not a substance."
"Endotracheopulmonary instillation, room air",0.7,"This describes a procedure (instillation of room air), not a pharmaceutical substance."
Evohaler- harjoitteluinhalaattori tilanjatkeella (ei sisällä vaikuttavaa ainetta),0.95,Text explicitly states it's a training inhaler/spacer device with no active substance ('ei sisällä vaikuttavaa ainetta').
"Excipient No. 1 for Fagron capsules (200 milligrams), Composition: 98.05% microcrystalline cellulose AND 1.95% colloidal silica.",0.75,"This describes an excipient blend (microcrystalline cellulose + colloidal silica) for a compounded capsule, not an active pharmaceutical substance."
Excipiente número 1 para cápsulas 500 gramos,0.9,"'Excipiente número 1 para cápsulas' means 'Excipient number 1 for capsules' - this is an excipient/placebo, not an active substance."
Excipients without active substance,0.95,"'Excipients without active substance' explicitly denotes no active ingredient, not a substance name."
Excipients without the active substance,0.95,"This describes a placebo/excipients-only preparation, not an active substance."
"Eye drops, solution. Apart from the active substance identical to the IMP.",0.9,"This describes a formulation/comparator, not naming any actual active substance."
"Eye drops, suspension, ocular use",0.9,"This describes a dosage form/route only, not a specific substance."
Film coated tabled,0.95,"'Film coated tablet' is a dosage form description, not a substance name."
Film coated tablets matched to the test product as specified further in uploaded documents,0.9,This is a generic description referencing a test product without naming any substance.
Film-Coated Tablet without Deucravacitinib,0.75,"This describes a placebo/control tablet lacking deucravacitinib, not an active substance."
"Film-coated tablet, Major Ingredients Mannitol, microcrystalline cellulose, magnesium stearate, polyvinyl alcohol, macrogol,
titanium dioxide and talc",0.7,"This lists only excipients (mannitol, cellulose, magnesium stearate, PVA, macrogol, titanium dioxide, talc) with no active pharmaceutical ingredient specified."
Film-coated tablets containing the same excipients than FORXIGA® 10 mg excipients (but not dapagliflozin),0.85,This describes a placebo matching excipients but explicitly excluding dapagliflozin - it contains no active substance.
"Film-coated, round, yellow tablet for oral use with no active substance",0.95,This describes a placebo tablet with no active substance.
G crme,0.6,'G creme' gives no identifiable substance name; too vague to match any candidate.
Genous Bio-engineered stent,0.85,"Genous stent is a medical device (endothelial progenitor cell capturing stent), not a drug substance."
Gore PROPATEN Vascular Graft or Bard Impra Vascular Graft,0.9,"These are medical device products (vascular grafts), not pharmaceutical substances."
Gore PROPATEN or Bard Impra Vascular Graft,0.85,"This is a medical device (vascular graft product), not a pharmaceutical substance."
"HAL Allergy Pricktest Negativkontrolle, Pricktestlösung",0.7,"This is a negative control (diluent) solution for skin prick testing, not an active substance."
HOPE,0.5,"'HOPE' does not identify any known substance; likely a study name or acronym, not a drug."
"Hard capsules containing maize starch, microcrystalline cellulose, magnesium stearate",0.7,"This describes placebo/excipient capsule contents, not an active substance."
Has been requested to WHO- not finalized yet,0.9,"Placeholder text indicating substance name not yet assigned, not an actual substance name."
"Hydrogénophosphate de calcium dihydraté : Fournisseur Brenntag
Stéarate de magnésium : Fournisseur Cooper
Amidon de maïs : Fournisseur Barentz",0.7,"This lists pharmaceutical excipients (calcium phosphate dihydrate, magnesium stearate, corn starch) rather than an active substance."
ICA Tomatoes Chopped,0.9,"'ICA Tomatoes Chopped' appears to be a food item, not a pharmaceutical substance."
INN,0.9,"'INN' is not a substance name, it's a placeholder abbreviation for 'International Nonproprietary Name'."
INN Not yet proposed,0.95,Placeholder text indicating no INN has been assigned; not an actual substance name.
INN not yet been requested to the WHO,0.9,"This is a placeholder statement, not a substance name."
INN not yet proposed see D.3.9.3,0.9,"Placeholder text indicating no INN has been assigned, not a substance name."
IUPAC,0.9,"'IUPAC' is not a substance name; it refers to naming nomenclature, not a chemical entity."
Identical capsule,0.9,"'Identical capsule' refers to a matching placebo/comparator dosage form, not a substance name."
Identical capsule as the active product but without any active ingredient.,0.95,"This describes a placebo capsule with no active ingredient, not a substance."
"Identical solution and presentation as the active treatment, but without active ingredients.",0.9,"Describes a placebo with no active ingredients, not a substance."
Identical to IMP except for Active Substance,0.9,"This is a placeholder describing trial design, not a substance name."
Identical to NBI-1065845 tablets without active drug,0.85,"This describes a placebo ('without active drug'), matching a study drug's appearance but containing no active substance."
Identical to test product except without active substance,0.9,"This describes a placebo/control arm (no active substance), not a substance name."
Identical to the Test product,0.9,"This is a placeholder referring to the test product itself, not naming any substance."
Identical with the IMP NSC001 but without the active substance,0.85,"This describes a placebo (without the active substance), not naming a substance."
Identical with the MP patches but without the active substance,0.85,"This describes a placebo patch (without active substance), not a substance itself."
"Il n'a pas de substance active. Le produit est un comprimé pelliculé sécable blanc, de forme ovale, de longueur 8mm, avec une gravure F57 sur une face et une barre de sécabilité sur l’autre face. 
Excipients: Prosolv Easytab SP (Cellulose microcristalline, Silice colloïdale, Sodium starch glycolate, Sodium stéaryl fumarate). Solution de pelliculage: (Hypromellose, PEG 3350, Candurin silver sheen)",0.95,The text explicitly states there is no active substance (placebo-like description of excipients only).
In process,0.9,"'In process' is a placeholder/status term, not a substance name."
Inhalation powder with lactose monohydrate and magnesium stearate,0.6,"This describes excipients (lactose monohydrate, magnesium stearate) of an inhalation powder formulation, not the active substance itself."
Intradermal Injection 10 mg,0.7,"This is dosage form/route language, not a substance name."
Investigators Choice of Approved AED,0.9,"'Investigators Choice of Approved AED' is a study-arm label, not a specific substance."
L sol prep,0.7,"'L sol prep' appears to be dosage form/abbreviation (solution preparation), not a substance name."
L8.L,0.5,"'L8.L' appears to be a code fragment or placeholder without identifiable substance meaning, not matching Bromelains."
Lacotse Monohydrate,0.75,"Lactose Monohydrate is an inactive excipient, not an active pharmaceutical substance."
LarvE BIOFoam dressing,0.7,"LarvE BIOFoam dressing appears to be a wound care device (biological/larval dressing), not a pharmaceutical substance."
Local Standard Treatment,0.9,"'Local Standard Treatment' is a study-arm/comparator label, not a substance name."
Locobase REPAIR,0.7,"Locobase Repair is a skin emollient cream, not an active pharmaceutical substance."
Lyophilized powder for reconstitution,0.9,"This is a dosage form description, not a substance name."
MAHOROBA stent,0.7,"MAHOROBA stent refers to a medical device (stent), not a pharmaceutical substance."
ML COLIRIO EN SOLUCIÓN,0.85,"This is dosage form language ('colirio en solución' = eye drops solution, ML = milliliters), not a substance name."
"ML, KONCENTRAT DO SPORZĄDZANIA ROZTWORU DO INFUZJI",0.85,"The string only contains dosage form language ('ML, concentrate for solution for infusion') in Polish, with no identifiable substance name."
"ML, ROZTWÓR DO INFUZJI",0.9,"'ML, ROZTWÓR DO INFUZJI' is Polish for 'mL, solution for infusion' - dosage language only, not a substance."
"ML, ROZTWÓR DO WSTRZYKIWAN I INFUZJI",0.9,"This is just dosage form text ('ml, solution for injection and infusion' in Polish) with no substance named."
"ML, ROZTWÓR DO WSTRZYKIWAŃ",0.8,"'ML, ROZTWÓR DO WSTRZYKIWAŃ' is just Polish for 'ml, solution for injection' - a dosage form description, not a substance name."
Matched,0.85,'Matched' is not a substance name; likely a placeholder/status word from the registry.
Matches test product,0.9,"'Matches test product' is a device/test placeholder, not a substance name."
Maximum duration of treatment: 24 weeks,0.97,"This is dosage duration language, not a substance name."
"Microcrystalline cellulose
Magnesium stearate",0.6,"These are inactive excipients (fillers/lubricants), not active substances of a trial medicine."
"Microcrystalline cellulose PH 102, Lactose, monohydrated, Crospovidone, Colloidal anhydrous silica, Vegetal magnesium stearate, Film coating",0.85,"This is a list of excipients/inactive ingredients, not an active substance."
Microcrystalline cellulose gelatin capsule,0.7,"Microcrystalline cellulose and gelatin capsule are excipients/formulation components, not an active substance being tested."
"Microcrystalline cellulose, Lactose
monohydrate, Croscarmellose Sodium,
Hydroxypropyl cellulose, Citric acid monohydrate,
Magnesium Stearate",0.8,"This is a list of inactive excipients, not an active substance."
"Microcrystalline cellulose, Lactose monohydrate, Magnesium Stearate (non-bovine)",0.7,"These are inactive excipients, not an active substance."
"Microcrystalline cellulose, Native corn starch, Citric acid anhydrous (E330)",0.7,"This is a list of excipients (inactive ingredients), not an active substance, so it should be marked as not naming a substance for active-substance purposes."
"Microcrystalline cellulose, Sodium Caprate",0.75,"These are excipients (microcrystalline cellulose and sodium caprate), not an active substance; none of the candidates match the combination either."
"Microcrystalline cellulose, corn starch
Coating: copolymer of methacrylic acid and methyl acrylate, polysorbate 80, sodium lauryl sulfate, talc and triethyl citrate",0.85,"This lists excipients/coating materials, not an active substance."
"Microcrystalline cellulose, lactose monohydrate, magnesium stearate, colloidal anhydrous silica.
Coating: similar color to the reference, type Opadry HP II (assumption: Opadry white HP 85F18422)",0.75,"This lists inactive excipients/coating materials, not an active substance."
"Microcrystalline cellulose, magnesium stearate",0.75,"These are excipients, not active substances; the string names inactive ingredients rather than the active substance."
Multiple IMPs,0.85,"'Multiple IMPs' is a study-arm/label indicating multiple investigational products, not a specific substance."
NS-229 matching tablets with no active treatment,0.9,"This describes a placebo (matching tablets with no active treatment), not a substance."
Negative Control PRICK TEST LETI,0.7,"Negative control for prick testing is typically diluent/saline control, not an active substance; none of the candidates match."
No INN,0.9,"'No INN' is a placeholder indicating no assigned name, not a substance."
No INN assigned yet,0.9,"'No INN assigned yet' is a placeholder, not a substance name."
No INN at this time,0.9,"Placeholder text indicating no INN assigned, not a substance name."
No INN has been allocated,0.9,"'No INN has been allocated' is a placeholder statement, not a substance name."
No INN or proposed INN available,0.9,"This string is a placeholder indicating no INN is available, not an actual substance name."
No aplica,0.98,"'No aplica' means 'Not applicable' in Spanish, a placeholder, not a substance."
No aplicable,0.98,"'No aplicable' means 'Not applicable' in Spanish, a placeholder, not a substance."
No asignado todava,0.97,"'No asignado todava' is Spanish for 'Not yet assigned', a placeholder, not a substance."
No disponible todava,0.97,"'No disponible todavía' means 'Not yet available' - a placeholder, not a substance."
No pharmaceutically active ingredients,0.95,"States no active ingredients, so it names no substance."
No tiene,0.95,"'No tiene' means 'does not have/none' in Spanish, a placeholder indicating no substance specified, not a substance name."
Non,0.8,"'Non' is a fragment, not a substance name."
Non ancora assegnata,0.95,"'Non ancora assegnata' is Italian for 'not yet assigned', a placeholder, not a substance name."
Non ancora assegnato,0.95,"'Non ancora assegnato' is Italian for 'not yet assigned', a placeholder, not a substance."
Non ancora disponibile,0.95,"'Non ancora disponibile' is Italian for 'not yet available', a placeholder, not a substance name."
Non applicable,0.97,"'Non applicable' is a placeholder, not a substance name."
Non as of yet,0.95,"'Non as of yet' is a placeholder meaning not yet assigned, not a substance."
Non established,0.9,"'Non established' is a placeholder indicating no substance has been assigned, not an actual substance name."
None Available,0.9,"'None Available' is a placeholder indicating no substance data, not an actual substance name."
None as of yet,0.95,"'None as of yet' is a placeholder indicating no substance assigned, not a substance name."
None assigned,0.95,"'None assigned' is a placeholder, not a substance name."
None at this time,0.95,"'None at this time' is a placeholder, not a substance name."
None available,0.9,"'None available' is a placeholder, not a substance name."
None because of Extract,0.7,"'None because of Extract' appears to be a placeholder/non-substance string, not a real drug name."
None registered,0.9,"'None registered' is a placeholder, not a substance name."
None yet,0.9,"'None yet' is a placeholder indicating no substance assigned, not an actual substance name."
Not Aplicable,0.98,"'Not Applicable' is a placeholder, not a substance name."
Not Applied for,0.95,"'Not Applied for' is a placeholder, not a substance name."
Not Yet Known,0.97,"Placeholder text indicating substance not yet known, not an actual substance name."
Not Yet defined,0.97,"Placeholder text, not a substance name."
Not allocated,0.95,"'Not allocated' is a placeholder, not a substance name."
Not answered,0.97,"'Not answered' is a placeholder, not a substance name."
Not appl,0.97,'Not appl' is a placeholder (likely 'Not applicable') and names no substance.
Not applied,0.95,"'Not applied' is a placeholder, not a substance name."
Not applied for as yet,0.95,Placeholder text indicating no substance has been assigned yet.
Not assinged yet,0.97,Placeholder text 'Not assigned yet' names no substance.
Not availab.,0.95,"'Not availab' is a placeholder indicating missing data, not a substance name."
Not availaible yet,0.97,"Placeholder text indicating substance not yet assigned, not an actual substance name."
Not availbale,0.95,"'Not availbale' is a placeholder indicating no substance was provided, not an actual substance name."
Not availble yet,0.95,"Placeholder text indicating no substance information yet, not an actual substance name."
Not avaliable,0.95,Placeholder text indicating no substance information provided.
Not estabilished,0.95,"'Not estabilished' is a placeholder indicating the substance is not yet defined, not an actual substance name."
Not know yet,0.95,"'Not know yet' is a placeholder indicating no assigned substance, not an actual substance name."
Not requested,0.95,"'Not requested' is a placeholder, not a substance name."
Not the same excipients as Test,0.95,"This string describes a study-arm/comparator note about excipients, not a substance."
Not the same excipients as test,0.9,"This string describes a study/trial control note about excipients, not an actual substance."
Not yed defined,0.95,"Placeholder text meaning 'not yet defined', not a substance."
Not yet applied for,0.95,"'Not yet applied for' is a placeholder, not a substance name."
Not yet asigned,0.95,"'Not yet asigned' is a placeholder, not a substance name."
Not yet attributed,0.97,"Placeholder text indicating no substance assigned yet, not an actual substance."
Not yet defined,0.97,"'Not yet defined' is a placeholder, not a substance name."
Not yet proposed,0.95,"Placeholder text, not a substance name"
Not yet received,0.97,"'Not yet received' is a placeholder, not a substance name."
Not yet requested,0.95,"'Not yet requested' is a placeholder, not a substance name."
OTHER ANTINEOPLASTIC AGENTS,0.85,"This is a drug class/category label, not a specific substance."
OTHER DRUGS FOR DISORDERS OF THE MUSCULO-SKELETAL SYSTEM,0.9,"This is a drug class/category description, not a specific substance."
OTHER HEMATOLOGICAL AGENTS,0.85,"This is a drug class/category label, not a specific substance name."
OTHER NERVOUS SYSTEM DRUGS,0.85,"This is a generic drug class label, not a specific substance."
OTHER NUTRIENTS,0.85,"'OTHER NUTRIENTS' is a generic category label, not a specific substance."
OTHER SOURCES,0.95,"'OTHER SOURCES' is not a substance name; it appears to be a category label, not a drug."
"Opaque white cap, Size 1)",0.95,"This describes a capsule appearance, not a substance."
Orodispersible tablet,0.95,"This describes only a dosage form, not a substance."
Other antiepileptics,0.9,"This is a drug class descriptor, not a specific substance."
Other antineoplastic agents,0.85,"This is a drug class category label, not a specific substance."
Other chemotherapeutics,0.85,"This is a category label ('Other chemotherapeutics'), not a specific substance, and does not match Salmeterol."
Other dermatologicals,0.9,"This is a drug classification category, not a specific substance."
Other drugs for disorders of the musculo-skeletal system,0.9,"This is a generic drug classification category, not a specific substance."
Other hematological Agents,0.85,"'Other hematological Agents' is a drug class label, not a specific substance, and doesn't match Salmeterol."
Other nervous system drugs,0.85,"This is a drug classification category, not a specific substance name."
"Other preparations, combinations",0.85,"This is a generic category label, not a specific substance name."
P-Tabletten weiß 10 mm Lichtenstein,0.5,"'P-Tabletten weiß 10 mm Lichtenstein' appears to be a placebo/generic tablet description without identifiable active substance, not matching carglumic acid."
PBO PH20 SC,0.6,"PBO denotes placebo (no active substance), despite referencing PH20/hyaluronidase formulation context."
PBS Solution,0.8,"PBS (phosphate-buffered saline) solution is a vehicle/buffer, not an active substance."
PCa,0.5,"'PCa' likely refers to prostate cancer (indication) rather than a substance name, not matching any candidate."
PENDING,0.9,"'PENDING' is a placeholder indicating no substance has been assigned, not an actual substance name."
"PL1 Oral powder in sachet, oral use",0.75,"'PL1 Oral powder in sachet, oral use' describes a dosage form/formulation label, not an identifiable substance matching Deferiprone."
"PL2 : caspule for oral use composed of cornstarch, colloidal anhydrous silica, cochineal carmine, dbcaps size aa elongated capsule",0.7,"This describes a placebo capsule formulation (excipients only, cornstarch, silica, coloring), not an active pharmaceutical substance."
"PSICCHOSTIMULANTS, AGENTS USED FOR ADHD AND NOOTROPICS",0.9,"This is a drug class description, not a specific substance."
"PTM
50",0.6,'PTM 50' does not clearly identify any substance name; appears to be a code/placeholder rather than a recognizable drug name.
PVDC transparente con aluminio anónimo.,0.9,"This describes packaging material (transparent PVDC with aluminum foil), not a substance."
Pacebo to Keytruda: Normal saline or dextrose,0.6,"This describes a placebo (saline or dextrose) used as comparator to Keytruda, not naming a specific active substance actually administered as investigational product."
Pending,0.9,"'Pending' is a placeholder, not a substance name."
Personalized Tissue Engineered Vein,0.85,"This is a tissue-engineered medical device/tissue construct, not a pharmaceutical substance."
Pharmaceutical Form: Film-coated tablet,0.95,"This is dosage form language, not a substance name."
Phosphate buffered saline for SC administration,0.7,"This is a buffer/vehicle solution, not an active substance."
Placebo_ solution for infusion_ not active substance,0.9,"Explicitly labeled as placebo/not active substance, so it names no active substance."
Placebotablet 10mm,0.85,Placebo tablet is not an active substance; it's a comparator/dummy treatment.
Please see attached files,0.97,"This is a placeholder referencing attached documents, not a substance name."
Powder for reconstitution for enteral administration,0.7,"This describes only a dosage form/preparation instruction, not a named substance."
Powder without active ingredient.,0.95,"Explicitly states no active ingredient; this is a placebo/vehicle, not a substance."
RELEASE OF UNLABELLED BULK IMP FOR ESR; Product (strength,0.9,"This is placeholder/administrative text about IMP release, not a substance name."
ROCK_PD_high_dose,0.85,"This looks like a study-arm/dosing-group label ('ROCK_PD high dose'), not a substance name."
ROCK_PD_low_dose,0.8,"'ROCK_PD_low_dose' appears to be a study arm/code label, not a substance name."
Read Heart Pill version 2b,0.7,"This appears to be a placeholder/study product name, not an actual substance name."
"Roßlau 

Testing site(s) : Merz Pharma GmbH & Co. KGaA, Werk Dessau, Am 
Pharmapark, D-06861 Dessau",0.85,"This is a testing site address, not a substance name."
"Same as test product, without activa substance",0.9,"This describes a placebo/control matching test product without active substance, not a substance itself."
Same composition than TEST PRODUCT (16 mg candesartan) but with no active substance,0.85,"This describes a placebo ('no active substance') matching a candesartan product's composition, so it names no actual substance."
"Same form and composition of the drug, except for the active ingredient.",0.95,"This describes a placebo/comparator formulation, not a specific substance."
Same solution and presentation that active treatment but without active ingredients,0.95,"This describes a placebo (no active ingredient), not a substance."
Same solution and presentation that active treatment but without active ingredients.,0.95,"This describes a placebo (vehicle without active ingredients), not a substance."
Same solution as for GL0034 without drug substance; solution for subcutaneous injection; volume identical to dose of test product,0.85,"This describes a placebo/vehicle solution without drug substance, not a substance itself."
See Section D.3.9.6,0.95,"Reference to a form section, not a substance name."
See below section D.3.9.6,0.95,"This is a placeholder referencing another section, not a substance name."
See section D.3.6.9,0.9,"This is a placeholder referencing another section, not a substance name."
See section D.3.9.6,0.95,"This is a placeholder referencing another section, not a substance name."
Sham Injection Procedure,0.95,"Sham injection is a control procedure, not a substance."
Sham injection,0.97,"'Sham injection' refers to a placebo/control procedure, not a substance."
"Sham injection, intravitreal use, mimic OPT-302 injection",0.9,"Sham injection is a placebo/control procedure, not a substance."
Shock Waves Biotripter,0.9,"'Shock Waves Biotripter' refers to a shockwave therapy device, not a pharmaceutical substance."
Skin autograft,0.85,"Skin autograft is a tissue graft, not a pharmaceutical substance."
"Soluprick Negative control, Solution for skin prick test",0.85,"Negative control skin prick solution is a diluent/vehicle control, not an active substance."
Solution for injection with no active substance,0.97,"Explicitly states no active substance, placebo-like description."
Solvent for dilution for BI 3720931 inhaler solution,0.85,"This is a solvent/diluent for reconstitution, not the active substance BI 3720931 itself."
"Sprühstoß Nasenspray, Suspension Zur Anwendung bei Erwachsenen",0.85,"This describes a nasal spray dosage form/administration instructions, not a named active substance."
"Sprühstoß Spray zur Anwendung in der Mundhöhle, Lösung",0.85,"This is dosage form/administration description only ('spray for use in the oral cavity, solution'), not a substance name."
"Sterile Water For Injection, 0.92 mL (Prefilled Syringe)",0.85,"Sterile water for injection is a diluent/vehicle, not an active substance, and none of the candidates match water."
"Sterile agent for cutaneous application, identical to the composition of the TCP-25 gel, except it will not contain the active pharmaceutical ingredient",0.95,"This describes a placebo vehicle without active ingredient, not a substance itself."
Subcutaneous injection of with no active ingredient contained,0.95,Placebo/no active ingredient injection - not a substance.
Suspension and solvent for suspension for injection,0.9,"This is a dosage form description only, not a substance name."
SyrSpend SF,0.9,"SyrSpend SF is a compounding vehicle/suspension excipient, not an active substance."
SyrsSpend SF pH 4,0.75,"SyrSpend SF pH4 is an oral suspension vehicle/compounding base, not an active substance."
TAR-0520 gel matching vehicle without active ingredients,0.9,"This is a vehicle/placebo control without active ingredients, not a substance."
TBC,0.85,"'TBC' is a placeholder abbreviation (to be confirmed), not a substance name."
Tablet without active substance,0.95,Placebo tablet with no active substance; not a real substance.
"Tablet, identical in appearance to ninerafaxstat tablets",0.75,"This describes a placebo tablet matching the appearance of ninerafaxstat tablets, not the active substance itself."
"Tablets are oval, biconvex, plain and white to off white",0.95,"This describes tablet appearance, not a substance name."
"Tablets are round, biconvex, plain and white to off white",0.95,"This is a physical description of tablet appearance, not a substance name."
"Tablets identical to ""Test"" in appearance and taste but containing no active ingredient",0.97,"Describes a placebo tablet with no active ingredient, not a substance."
Tablette,0.9,"'Tablette' is German for 'tablet', a dosage form, not a substance name."
Tampon actate salin,0.6,"Saline acetate tampon appears to be a device/control material, not a matching substance."
Test IMP (ALE.F02) without active substance,0.9,"Explicitly labeled 'without active substance' - a placebo/vehicle, not an actual substance."
Test IMP (EDG-5506) without active substance,0.75,"String explicitly states 'without active substance', indicating this is a placebo/control arm labeled with the investigational code, not an actual substance."
Test IMP (PHA-022121) without active substance,0.85,"String explicitly states 'without active substance', indicating placebo/no active substance, not a real drug match."
Test IMP ALPN-303 pre-filled syringe without active substance,0.95,"Explicitly stated as 'without active substance' - a placebo/control device, not a substance."
Test IMP without active substance,0.97,"Explicitly states no active substance; this is a placebo/test IMP designation, not a substance."
Test Solution 1,0.8,"'Test Solution 1' is a generic placeholder label, not a named substance."
Test de provocación nasal,0.85,"'Test de provocación nasal' means 'nasal challenge test' - a procedure/study arm label, not a substance itself."
The same as active product,0.9,"This phrase is a placeholder referring to an unspecified comparator, not naming any actual substance."
There is no recommended INN,0.9,"This string is a placeholder/note indicating no INN exists, not an actual substance name."
There is no recommended INN.,0.9,"This is a placeholder phrase indicating no INN exists, not a substance name itself."
There is no recommended International Non-proprietary Name,0.8,"This is a placeholder statement, not a substance name."
There is no recommended International Nonproprietary Name INN,0.9,"This is a placeholder statement about lack of INN, not a substance name itself."
This is provided by the product owner,0.9,"Placeholder text, not a substance name"
This will be provided by the product owner,0.95,"Placeholder text, not an actual substance name."
To be required,0.95,"'To be required' is a placeholder, not a substance name."
Twinings Earl Grey black tea,0.9,"Earl Grey black tea is a beverage, not a substance or listed candidate."
Twinings Java Green tea,0.7,"This is a consumer tea product, not a clinical trial drug substance; no matching candidate."
USAN,0.85,"'USAN' refers to the United States Adopted Names naming system, not a substance itself."
UX Diluent and Flush Solution,0.75,"This is a diluent/flush solution, not an active substance."
Undetermined,0.95,"'Undetermined' is a placeholder, not a substance name."
Vehicle,0.95,"'Vehicle' refers to a control/placebo carrier, not an actual substance."
"Vehicle (control) is similar to SYD-101, except that it does not contain active drug.",0.9,"This describes an inactive vehicle/control, not a substance."
Vehicle Cream: Same formulation of cream as the Test product but without active substance.,0.97,"This is a vehicle control cream with no active substance, not a substance name."
Vehicle Gel,0.9,"'Vehicle Gel' refers to a placebo/vehicle control formulation, not an active substance."
Vehicle cream (same formulation of cream as the test product but without active substance and the phosphoric acid),0.9,"This describes a vehicle/placebo control cream without active substance, not a substance itself."
Vehicle cream (same formulation of cream as the test product but without active substance),0.97,"This is a placebo/vehicle control, not an active substance."
Vehicle cream: same formulation of cream as the test product but without active substance and phosphoric acid,0.85,"This is a vehicle control (placebo cream) without active substance, an inactive comparator arm, not a substance."
Vehicle cream: same formulation of cream as the test product but without active substance.,0.97,"This describes a vehicle/placebo control without active substance, not a substance itself."
Vehicle solution,0.9,"'Vehicle solution' is a placebo/vehicle control, not an active substance."
Vehicle to Clindamycin Tretinoin Gel,0.85,"'Vehicle to' indicates this is a placebo/vehicle control, not an active substance."
Vehicle to Mecloderm Ointment,0.85,"This refers to a vehicle/placebo control formulation, not an active substance."
Vehicle to Methylprednisolone Aceponate Cream,0.85,"'Vehicle to X' denotes the inactive vehicle/placebo control, not the actual substance."
Vehicle to Methylprednisolone Aceponate Ointment,0.75,"'Vehicle to X' denotes the placebo/vehicle control, not the active substance itself."
Vehicle to TOP-N53,0.85,"'Vehicle to TOP-N53' is a placebo/vehicle control for a study drug, not a substance itself."
Vehicle to Test Product,0.95,"Vehicle to Test Product is a placebo/vehicle control descriptor, not a substance."
Verum 1,0.85,"'Verum 1' is a study-arm label meaning 'active treatment 1', not a substance name."
Vessel,0.7,"'Vessel' appears to be a brand name fragment or unrelated term, not clearly identifiable as sulodexide or any substance without more context."
Visual match to product,0.9,"'Visual match to product' is a study procedure description, not a substance name."
White opaque capsule filled with a white to off- white powder,0.9,"This describes a dosage form/appearance, not a substance."
"White opaque capsules, size 1",0.9,"Describes capsule appearance/dosage form, not an active substance."
"White opaque, hard hypromellose capsule, size 3 containing same excipients as TAK-279 active capsule",0.9,This describes a placebo capsule (matching excipients) rather than an active substance.
"White, flat round, uncoated tablet. Diameter 9 mm.",0.95,"This describes tablet appearance, not a substance name."
"White, round, convex tablets with a diameter of 8 mm containing no active pharmaceutical ingredient. The composition (per 1000 tablets) includes lactose monohydrate (85 g), potato starch (86 g), gelatin A (3 g), purified water (72 g) and magnesium stearate (0.9 g), talc (8.1 g).",0.95,This describes a placebo tablet with no active pharmaceutical ingredient; excipients are not substances of interest.
"White, round, plain, biconvex film-coated tablet. 
Matching 4.45 mg tablet is 3.7 mm in diameter.",0.85,This is just a physical tablet description with no substance name given.
"White, round, plain, biconvex film-coated tablet. matching 17.8 mg tablet is 7.5 mm in diameter.",0.8,"This describes a tablet's physical appearance/dosage form, not a substance name."
X-vivo 15 (serum-free growth medium manufactured under gmp and commercially available from Lonza),0.85,"X-vivo 15 is a cell culture growth medium, not a pharmaceutical substance."
alu blisters.,0.95,"'alu blisters' refers to aluminum blister packaging, a device/packaging term, not a substance."
"annos inhalaatiosumute, suspensio",0.75,"This is a Finnish dosage form description ('dose inhalation spray, suspension') with no substance named."
applied for but not yet approved,0.95,"Placeholder text, not a substance name."
black hard gelatin capsule shell size 0.).,0.9,"Describes a capsule shell component/formulation, not an active substance."
buccale en flacon pressurisé,0.85,"This describes a dosage form/route ('buccal, pressurized bottle'), not a substance name."
"c1-1928-6-9-21425-15-16-26-2210-7-17-2725,26512-13-23-18-242814-11-20233",0.8,"This appears to be a garbled code/identifier string, not a recognizable substance name."
"caps) filled into hard 
gelatin capsules.",0.85,"This is dosage form/formulation description text, not a substance name."
"centrally blinded product containing all the same manufactured ingredients and excipients as the DM199 formulation, except for the active pharmaceutical ingredient (API).",0.9,"This describes a placebo/blinded comparator lacking active ingredient, not a substance."
cf DME,0.6,'cf DME' does not clearly name any substance; likely an abbreviation or code unrelated to the list.
comfeel-plus-transparent-da-dk.aspx#section=product-description_3,0.9,"This is a URL to a wound dressing product page (Comfeel Plus Transparent), a medical device, not a substance."
day),0.9,"'day)' is a text fragment from dosage instructions, not a substance name."
"devā aerosols lietošanai zem mēles, šķīdums",0.6,"The string only describes dosage form (sublingual spray/solution per dose) in Latvian, with no actual substance or brand name given."
diluent,0.9,"'Diluent' refers to the inactive solvent used to dilute a product, not an active substance."
do infuzji,0.95,"'do infuzji' is Polish for 'for infusion', a dosage phrase not a substance name."
"dos nässpray, lösning",0.7,"'dos nässpray, lösning' is just a dosage/form description (nasal spray, solution) with no substance name given."
"dos nässpray, suspension",0.75,"'dos nässpray, suspension' describes dosage form (dose nasal spray, suspension), not a substance name; no match to docusate sodium."
"dose, gel transdermique",0.7,String only describes dosage form ('gel transdermique') without naming an active substance.
"dose, poudre pour inhalation en récipient unidose",0.9,"This is only dosage form language (powder for inhalation in single-dose container), no substance named."
"dose, solution pour pulvérisation nasale",0.7,"This is only dosage form language ('dose, solution for nasal spray') with no substance name given."
dosis liberada polvo para inhalación (cápsula dura),0.8,"This is only dosage form description ('released dose powder for inhalation, hard capsule'), not a substance name."
dosis polvo para inhalación,0.85,"Phrase means 'dose powder for inhalation' - a dosage form description, not a substance name."
dosis suspensión para inhalación en envase a presión,0.9,"This is generic dosage form language (pressurized inhalation suspension), not a substance name."
"dosis, spray voor transdermaal gebruik, oplossing",0.85,"This describes dosage form/route only ('dose, spray for transdermal use, solution') with no substance named."
día (6 pulverizaciones ) vía intranasa,0.9,"This is dosage instruction text ('per day, 6 sprays, intranasal route'), not a substance name."
encapsulated tablets of inactive substance,0.9,"'Inactive substance' describes a placebo/control, not an actual active drug substance."
"exact match to the active tablets in size, color and marking without the active ingredient d-methadone HCl",0.7,This describes a placebo tablet explicitly lacking the active ingredient (d-methadone HCl); it names a placebo/comparator description rather than an administered substance.
film-coated tablets for oral administration,0.9,"This is only a dosage form description, not a substance name."
"fiolkę, proszek do sporządzania roztworu do wstrzykiwań",0.9,"This is Polish for 'vial, powder for solution for injection' - a dosage form description, not a substance name."
g Creme,0.9,"'g Creme' is a dosage/form fragment (grams cream), not a substance name."
g Shampoo,0.7,"'g Shampoo' is dosage/unit language, not a substance name."
g crema,0.85,"'g crema' is just dosage/formulation language ('grams cream'), not a substance name."
g creme,0.85,"'g creme' is just a dosage form/unit fragment (grams cream), not a substance name."
g crme,0.85,"'g crme' is dosage/form language (grams, cream), not a substance name."
g cutaneous emulsion,0.7,"This is dosage/form language ('g cutaneous emulsion'), not a substance name."
g eye gel,0.8,"'g eye gel' is a dosage form fragment, not a substance name."
g kräm,0.8,'g kräm' appears to be a fragment of dosage form text (gram cream) with no identifiable substance name.
g sans la substance active. Il est produit et fourni par le même producteur que le Klisyri.,0.85,"This describes a placebo without active substance, referencing Klisyri manufacturer - not a substance name itself."
"g, crme",0.7,"'g, crme' appears to be dosage/formulation text (grams, cream) with no substance name, not a match to either candidate."
"g, crème",0.85,"'g, crème' is just dosage/formulation text (grams, cream), not a substance name."
"g, żel",0.8,"'g, żel' is a fragment of dosage form (grams, gel), not a substance name."
"identical tablets containing Lactose Monohydrate Fast-F lo, Cellulose Microcrystalline PH-102, Croscarmellose Sodium, Colloidal Silicon Dioxide-Cabot, and Magnesium Stearate 5712.",0.7,"This describes a placebo/tablet excipient formulation (lactose, cellulose, croscarmellose, silica, magnesium stearate) with no active substance identified; it's not naming a drug substance itself."
inert tablets identical with metolazone,0.6,"This describes an inert placebo tablet matching metolazone's appearance, not the active substance itself."
infusie in een voorgevulde spuit,0.9,"'infusie in een voorgevulde spuit' is Dutch for 'infusion in a pre-filled syringe', a dosage form description, not a substance name."
"infusionsvätska, lösning",0.95,"'infusionsvätska, lösning' is Swedish for 'solution for infusion' - a dosage form descriptor, not a substance name."
"infusionsvätska, lösning.",0.95,"This is just Swedish dosage form language meaning 'solution for infusion', not a substance name."
"infusionsvæske, opløsning",0.95,"Danish for 'solution for infusion' - dosage form language only, not a substance name."
infusioonilahuse pulber,0.85,"This is Estonian for 'powder for solution for infusion' - a dosage form description, not a substance name."
"infusjonsvæske, emulsjon",0.7,"This is just a Norwegian dosage form description ('infusion fluid, emulsion') with no substance name given."
"infusjonsvæske, oppløsning",0.9,"This is just a dosage form description ('infusion solution' in Norwegian), not a substance name."
"infuusiokonsentraatti, liuosta varten",0.9,"This is Finnish for 'concentrate for solution for infusion', a dosage form description, not a substance name."
infuusiokuiva-aine liuosta varten,0.9,"This is Finnish for 'powder for solution for infusion' - a dosage form description only, not a substance name."
"infuusiokuiva-aine, liuosta",0.95,"This is Finnish for 'powder for solution for infusion' - a dosage form description, not a substance name."
"infuusiokuiva-aine, liuosta varten",0.9,"This is Finnish for 'powder for solution for infusion' - dosage form language, not a substance name."
infuziju,0.9,"'infuziju' is just the word 'infusion' in a Slavic language, not a substance name."
infuzji,0.95,"'infuzji' is Polish for 'infusion', a dosage form term, not a substance name."
infuzní roztok,0.95,"'infuzní roztok' is Czech for 'infusion solution' — a dosage form description, not a substance name."
infúzió,0.9,"'infúzió' is Hungarian for 'infusion', a dosage form word, not a substance name."
infúzióhoz,0.9,"'infúzióhoz' is Hungarian for 'for infusion', a dosage form descriptor, not a substance name."
infūziju šķīduma pagatavošanai,0.9,"'infūziju šķīduma pagatavošanai' is Latvian for 'for preparation of infusion solution' - dosage form language only, not a substance."
inhalación polvo para inhalación,0.9,"'inhalación polvo para inhalación' just describes dosage form (inhalation powder), not a specific substance."
inhalación polvo para inhalación.,0.9,"This string only describes dosage form ('inhalation, powder for inhalation') with no substance name."
inhalación suspensión para inhalación en envase a presión,0.9,"This is just dosage form language (pressurized inhalation suspension), not a substance name."
inhalación suspensión para inhalación en envase a presión* (*) sin CFC,0.8,"This is generic dosage form language describing a pressurized inhalation suspension without CFC, not naming any specific substance."
"inhalación, polvo para inhalación",0.9,"This is just dosage form language ('inhalation, powder for inhalation'), not a substance name."
"inhalación, polvo para inhalación.",0.9,"This string only describes a dosage form ('inhalation, powder for inhalation') with no substance name."
"inhalación, suspensión para inhalación en envase a presión",0.9,"This is dosage form language only ('inhalation, suspension for inhalation in pressurized container'), not naming a substance."
"injektionsvæske, opløsning",0.95,"This is a Danish dosage form phrase meaning 'solution for injection', not a substance name."
kg prep,0.6,"'kg prep' appears to be dosage/preparation language, not a substance name."
"l de protena total, de las cuales al",0.85,"This is a fragment of descriptive text about total protein content, not a substance name."
"l infusionsvätska, lösning",0.9,"This is just dosage form language ('infusion solution'), not a substance name."
l solución para perfusión.,0.95,"This is just dosage form language ('solution for infusion'), not a substance name."
"l,
Infusionslösung zur intravenösen Anwendung",0.75,"This is dosage form language only ('solution for infusion for intravenous use'), not a substance name."
"l, soluzione per infusione""",0.85,"This fragment is just dosage form language ('soluzione per infusione' = solution for infusion), not a substance name."
liquid dosage form in 20 mL vials with 11 extractable volume,0.9,"This describes dosage form/packaging only, no substance named."
mL  solution for injection in pre -filled pen,0.9,"This is dosage form language only, no substance named."
mL Eye Drop Solution,0.9,"Dosage form description only, no substance named"
"mL Eye drops, solution",0.95,"This is dosage form language only, not a substance name."
"mL SANS CONSERVATEUR, Solution injectable",0.85,"This is dosage/form language ('mL without preservative, solution for injection'), not a substance name."
"mL SANS CONSERVATEUR, solution injectable",0.85,"This is dosage/formulation language ('mL without preservative, solution for injection'), not a substance name."
"mL collirio, soluzione",0.9,"This is dosage form language ('mL eye drops, solution' in Italian), not a substance name."
mL concentrado para solución para perfusión EFG.,0.95,"This is only dosage form language ('mL concentrate for solution for infusion, generic'), not a substance name."
"mL eye drops, emulsion",0.95,"This is dosage form language, not a substance name."
"mL eye drops, suspension",0.95,"This is dosage/form language only, not a substance name."
mL free base equivalent,0.85,"This is a dosage description phrase, not a substance name."
mL gas and solvent for dispersion for injection,0.9,"This is a dosage-form description only, not a specific substance name."
mL in citrate-based saline,0.7,"This describes a dosage vehicle/formulation, not an active substance."
mL powder and solvent for dispersion for injection,0.95,"This is dosage form language only, not a substance name."
"mL precursor radiofarmacêutico, solução",0.85,"This describes a radiopharmaceutical precursor solution volume, not a specific substance name."
mL prep,0.9,"'mL prep' is dosage language, not a substance name."
mL solución inyectable EFG,0.95,"This is dosage/form language only ('mL solución inyectable EFG'), not a substance name."
mL solution for injection in pre-filled pen,0.9,"This is dosage form language only, not a substance name."
mL soluzione cutanea,0.95,"'mL soluzione cutanea' is dosage form language (mL cutaneous solution), not a substance name."
"mL, 5 mL Drug Product",0.9,"This is dosage/volume language ('mL, 5 mL Drug Product'), not a substance name."
"mL, ADI delivery unit",0.85,"'mL, ADI delivery unit' is dosage/device language, not a substance name."
"mL, koncentrat do sporządzania roztworu do infuzji",0.95,"This is dosage form language only ('mL, concentrate for solution for infusion'), not a substance name."
"mL, koncentrat do sporządzania roztworu do wstrzykiwań",0.95,"This is just dosage form language (concentrate for solution for injection), not a substance name."
"mL, poudre et solvant pour solution pour perfusion",0.95,"This is just dosage form/formulation language (powder and solvent for solution for infusion), not a substance name."
"mL, roztwór do wstrzykiwań",0.95,"This is dosage form language ('mL, solution for injection' in Polish), not a substance name."
"mL, solution buvable",0.9,"'mL, solution buvable' is dosage form language (oral solution), not a substance name."
"mL, solution injectable (I.V.-I.M.)",0.95,"This string is only dosage/route language ('mL, solution injectable (I.V.-I.M.)') with no substance named."
"mL, solution injectable en seringue préremplie",0.9,"This is dosage form language only ('mL, solution for injection in pre-filled syringe'), not a substance name."
"mL, suspension buvable",0.9,"This is dosage form/language only ('mL, oral suspension'), not a substance name."
matching the 50 mg (G029),0.6,"'matching the 50 mg (G029)' is a code/dosage placeholder, not a named substance."
microcrystalline cellulose and xanthan gum,0.8,"These are excipients (suspending agents), not an active pharmaceutical substance."
"ml
Forma farmacéutica: solución para pulverización nasal
Dosis y vía de administración: 0.6ml",0.9,"This string is only dosage/administration language, not a substance name."
"ml 
Injeksjonsvæske, oppløsning i sylindretter",0.85,"This string is only dosage form/volume language ('ml', 'Injeksjonsvæske, oppløsning i sylindretter' = injection solution in cartridges), not naming any active substance."
ml  for prick test,0.7,"Just dosage/test-form language, no substance named"
"ml ""Fresenius Kabi"" for subcutaneous injection",0.85,"This string only contains manufacturer/dosage form info, no substance name."
"ml ""Fresenius Kabi"", solvens til parenteralt brug",0.9,"This is a solvent/diluent for parenteral use, not an active substance."
"ml (0,5 ml injektionsvæske)",0.95,"'ml (0,5 ml injektionsvæske)' is a dosage/volume description, not a substance name."
"ml (SANS SULFITES), solution à diluer pour perfusion",0.85,This is dosage/formulation language ('ml ... solution à diluer pour perfusion') with no substance name.
ml + 10 microg,0.85,"This is dosage language ('ml + 10 microg') without a named substance, not matching the candidate."
"ml + 12,5 mikrog",0.7,This string is just dosage/quantity information ('ml + 12.5 micrograms') without naming any substance.
ml + 5 microg,0.85,"This is dosage/quantity language ('ml + 5 microg'), not a substance name."
ml + 5 mikrogram,0.7,"This is dosage language only, not a substance name."
ml - Ampullen,0.9,"'ml - Ampullen' is dosage/container language, not a substance name."
ml - Injektionsloesung,0.9,"'ml - Injektionsloesung' is dosage/formulation language only, not a substance name."
"ml - koncentrat till infusionsvätska, lösning",0.95,"This is only dosage form language ('ml - concentrate for solution for infusion'), not a substance name."
ml Amp. 20 ml Injektionslösung,0.9,"This is dosage/formulation language ('Amp. 20 ml Injektionslösung'), not a substance name."
ml Ampullen,0.9,"'ml Ampullen' is just dosage/container language (milliliters, ampoules), not a substance name."
ml Augentropfen,0.85,"'ml Augentropfen' means 'ml eye drops' - dosage form/volume language only, no substance named."
"ml Augentropfen, Losung",0.85,"This describes dosage form/volume language ('ml eye drops, solution') without naming an active substance."
"ml Augentropfen, Lösung",0.85,"This is just dosage form/volume language ('ml eye drops, solution'), not a substance name."
ml Concentrado para solución para perfusión,0.95,"This is dosage language only ('mL concentrate for solution for infusion'), not a substance name."
ml Concentrado para solução para perfusão,0.95,"This is dosage form language only ('ml concentrate for solution for infusion'), not a substance name."
ml Concentrato per soluzione iniettabile o per infusione,0.95,"Dosage form description only ('mL concentrate for solution for injection or infusion'), no substance named."
ml Concentrato per soluzione per infusione,0.97,"This is dosage form language ('ml concentrate for solution for infusion'), not a substance name."
ml Cutaneous Spray,0.85,"'ml Cutaneous Spray' is dosage form/volume language, not a substance name."
ml Emulsão injetável,0.9,"'ml Emulsão injetável' is just dosage/formulation language (mL, injectable emulsion) with no substance named."
ml Eye Drops,0.9,"'ml Eye Drops' is a dosage form description, not a substance name."
"ml Fresenius, infusievloeistof",0.85,"This is dosage/formulation language ('ml ... infusievloeistof') referencing a manufacturer, not a substance name."
ml Gel zur intestinalen Anwendung,0.85,"This is dosage form/language only ('ml gel for intestinal use'), not a substance name."
"ml Infuusiokonsentraatti, liuosta varten",0.95,"This is only a dosage form description (infusion concentrate for solution) in Finnish, not a substance name."
ml Injektions-,0.95,"'ml Injektions-' is just dosage/formulation language, not a substance name."
ml Injektions- oder Infusionslösung,0.95,"This is just dosage form language ('ml solution for injection or infusion'), not a substance name."
ml Injektionslösung in Durchstechflasche,0.9,"This string is only dosage/formulation language ('ml Injektionslösung in Durchstechflasche' = 'ml injection solution in vial'), not a substance name."
ml Injektionslösung und Infusionslösung,0.9,"This is only dosage form language, not a substance name."
ml Injektionslösung und Konzentrat zur Herstellung einer Infusionslösung,0.95,"This is dosage form language only, not a substance name."
"ml Injektionslösung, Fertigspritze",0.9,"This is dosage form language ('ml solution for injection, prefilled syringe') with no substance name."
ml Injekční roztok,0.95,'ml Injekční roztok' is dosage form language (mL injection solution) with no substance named.
ml KONZENTRAT ZUR HERSTELLUNG EINER INJEKTIONS- ODER INFUSIONSLOESUNG,0.95,"This is only dosage form language (concentrate for injection/infusion solution), not a substance name."
"ml Koncentrat till infusionsvätska, lösning",0.95,"This is only dosage form language (Swedish for 'ml concentrate for solution for infusion'), not a substance name."
ml Konzentrat zur Herstellung einer Injektions-,0.95,"This is only dosage form language ('ml concentrate for solution for injection'), not a substance name."
ml Konzentrat zur Herstellung einer Injektions- oder Infusionslösung,0.95,"This is dosage/formulation language only, not a substance name."
ml Konzentrat zur Herstellung einer Injektionslösung oder Infusionslösung,0.95,"This is dosage form/formulation language only, not a substance name."
ml Konzentrat zur Herstellung einer Lösung zum Einnehmen.,0.95,"This is dosage/form language only ('ml concentrate for solution for oral use'), not a substance name."
ml Lsung medac,0.85,"'ml Lsung medac' is dosage language plus manufacturer name (medac), not a substance name."
ml Lyophilisat und Lösungsmittel,0.9,"This is dosage form language ('mL Lyophilisate and solvent'), not a substance name."
ml MCT,0.6,"'ml MCT' appears to be a dosage/volume unit reference, not a substance name."
ml ODC,0.85,"'ml ODC' appears to be dosage/formulation text, not a substance name."
"ml PCH, concentraat voor oplossing voor infusie",0.9,"This string is just dosage form/formulation language ('concentrate for solution for infusion'), not a substance name."
"ml PCH, oplossing voor injectie",0.85,"'ml PCH, oplossing voor injectie' is dosage/formulation language (volume + solution for injection), not a substance name."
ml Pricktestlösung.,0.75,"'ml Pricktestlösung' just describes a prick-test solution dosage form, not a specific substance."
"ml Pulver für ein Konzentrat zur Herstellung einer
Infusionslösung",0.95,"This is just dosage form language (powder for concentrate for infusion solution), not a substance name."
ml Pulver für ein Konzentrat zur Herstellung einer Infusionslösung,0.95,"This is only dosage form language ('powder for concentrate for solution for infusion'), not a substance name."
ml Pulver und Lsungsmittel,0.95,"This is dosage form language ('powder and solvent'), not a substance name."
ml Pulver und Lösungsmittel zur Herstellung einer Injektionslösung,0.95,"This is dosage form language only ('powder and solvent for solution for injection'), not a substance name."
ml Pulver und Lösungsmittel zur Herstellung einer Instillationslösung zur intraokularen Anwendung,0.9,"This is only dosage form/route language (powder and solvent for solution for instillation), no substance named."
ml Pulver zur Herstellung einer Injektions- bzw. Infusionslösung oder einer Lösung zur intravesikalen Anwendung,0.9,"This is dosage form/administration language only, no substance named."
ml Pulver zur Herstellung einer Injektionssuspension,0.9,"This is dosage form language ('Pulver zur Herstellung einer Injektionssuspension' = powder for injection suspension), not a substance name."
"ml Pulver, Lösungsmittel und Verdünnungsmittel zur Herstellung einer Provokationstestlösung",0.85,"This is dosage form/formulation description text (powder, solvent, diluent for a provocation test solution), not naming any substance."
"ml SANS CONSERVATEUR, solution injectable",0.9,"This is dosage/formulation language ('without preservative, solution for injection'), not a substance name."
"ml SANS CONSERVATEUR, solution à diluer pour perfusion",0.9,"This is dosage/formulation language only ('ml without preservative, solution to be diluted for infusion'), not naming any substance."
"ml SANS SULFITE, solution injectable",0.6,"This string is only dosage/formulation language ('ml sans sulfite, solution injectable') with no named active substance."
"ml SANS SULFITES, solution à diluer pour perfusion",0.85,"This is dosage/form language ('ml sans sulfites, solution à diluer pour perfusion'), not a substance name."
ml SOLUCIÓN INYECTABLE Y PARA PERFUSIÓN EFG,0.9,"This is only dosage-form language (solution for injection/infusion), no substance named."
"ml SoloStar, solution for injection in a pre-filled pen",0.7,"Only dosage form/device description ('SoloStar' pen, 'solution for injection') is given with no substance name, so no substance can be identified."
ml Solução injetável,0.95,"'ml Solução injetável' is dosage form language (mL injectable solution), not a substance name."
ml Solução para pulverização nasal,0.95,"This is dosage form language ('mL nasal spray solution'), not a substance name."
ml Sterile Concentrate,0.85,"'ml Sterile Concentrate' is dosage/formulation language, not a named substance."
"ml Teva, oogdruppels",0.7,"'ml Teva, oogdruppels' is dosage/form language (eye drops volume) without an identifiable active substance name."
ml colirio en solución,0.95,"'ml colirio en solución' is just dosage form language (eye drop solution volume), not a substance name."
ml colirio en solución en envases unidosis,0.9,"This is dosage form language ('ml eye drops in single-dose containers'), not a substance name."
ml colirio en suspensión,0.9,"This is a dosage/formulation phrase ('mL eye drop suspension'), not a substance name."
ml collirio,0.9,'ml collirio' is dosage/form language (mL eye drops) with no named substance.
"ml collirio, soluzione",0.9,"Dosage form language only (eye drop solution volume), no substance named."
"ml collirio,soluzione",0.9,"'ml collirio, soluzione' is just dosage/form language (ml, eye drop solution), not a substance name."
ml collyre en solution,0.9,"'ml collyre en solution' is just dosage/form language (eye drop solution in mL), not a substance name."
ml concentrado para solución inyectable y para perfusión.,0.95,"This is dosage form language only, not a substance name."
ml concentrado para solución para perfusion,0.95,"This is dosage language only ('mL concentrate for solution for infusion'), not a substance name."
ml concentrado para solución para perfusion.,0.95,"Dosage form language only, not a substance name."
ml concentrado para solución para perfusión,0.97,"This is dosage form language ('ml concentrate for solution for infusion'), not a substance name."
ml concentrado para solución para perfusión EFG,0.95,"This is dosage form language only ('concentrate for solution for infusion'), not a substance name."
ml concentrado para solución para perfusión o inyección EFG,0.95,"This is dosage form language only ('mL concentrate for solution for infusion or injection EFG'), not a substance name."
ml concentrat pentru soluţie injectabilă,0.95,"This is dosage form language ('ml concentrate for solution for injection'), not a substance name."
ml concentrat pentru soluţie perfuzabilă,0.97,"This is dosage form language ('ml concentrate for solution for infusion' in Romanian), not a substance name."
ml concentrato per soluzione orale,0.9,"This is only dosage form language ('ml concentrate for oral solution'), not a substance name."
ml concentrato per soluzione per infusione,0.97,This is dosage/formulation language ('ml concentrate for solution for infusion') with no substance named.
ml concentrato per soluzione per infusione.,0.95,"This is dosage form language ('ml concentrate for solution for infusion') in Italian, not a substance name."
ml concentrato per soluzione perinfusione,0.95,"This is dosage form language only ('ml concentrate for solution for infusion' in Italian), not a substance name."
ml dispersión inyectable y para perfusión,0.97,"This is just dosage form language ('injectable dispersion and for infusion, ml'), not a substance name."
ml dyspersja do wstrzykiwań,0.9,"'ml dyspersja do wstrzykiwań' is Polish dosage-form language ('ml dispersion for injection'), not a substance name."
ml emulsione iniettabile o per infusione,0.9,"This is dosage form/volume language ('ml emulsion for injection or infusion'), not a substance name."
ml emulsión inyectable y para perfusión EFG,0.9,"This is just dosage form language ('emulsion for injection/infusion'), not a substance name."
ml emulsión para inyección o perfusión,0.95,"This is dosage form language only ('emulsion for injection or infusion'), not a substance name."
ml eye drops,0.95,"'ml eye drops' is dosage/formulation language, not a substance name."
ml eye drops solution in single-dose container,0.9,"Dosage form/container language only, no substance named"
"ml eye drops, solution",0.9,"Dosage form language only, no substance named"
"ml eye drops, suspension",0.95,"This is dosage form language only, not a substance name."
ml for prick test,0.85,"'ml for prick test' is dosage/procedure language, not a substance name."
ml gas and solvent for dispersion for injection,0.9,"This is dosage form/formulation language only, not a substance name."
ml gocce orali soluzione,0.9,"This is dosage form language ('oral drops solution, ml') with no substance named."
"ml gocce orali, soluzione",0.9,"This is dosage form language ('ml oral drops, solution') with no substance named."
"ml gocce orali, sospensione",0.9,"This is a dosage form description ('ml oral drops, suspension'), not a substance name."
ml gotas orales en solucin,0.9,"This is just dosage form language ('mL oral drops in solution'), not a substance name."
ml gotas orales en solución,0.95,"This is just dosage form language ('oral drops in solution'), not a substance name."
"ml i.v. infusievloeistof, oplossing voor infusie",0.9,"This is dosage form language only, not a substance name."
ml in water for injection,0.9,"'ml in water for injection' is dosage/vehicle language, not a substance."
ml inf,0.95,"'ml inf' is dosage/formulation language, not a substance."
"ml infusionsvätska, lösning",0.95,"This is just dosage form language ('infusion solution, solution'), not a substance name."
"ml infusjonsvæske, oppløsning",0.95,This is dosage form language ('infusion solution') with no substance named.
"ml infuusiokonsentraatti, liuosta varten",0.95,"This is dosage form language ('infusion concentrate, for solution') in Finnish, not a substance name."
ml injekcinis tirpalas,0.9,"'ml injekcinis tirpalas' is Lithuanian for 'ml injection solution' - just dosage form language, not a substance name."
ml injekcinis tirpalas užpildytame švirkšte,0.9,"This is dosage form language ('ml injection solution in pre-filled syringe' in Lithuanian), not a substance name."
ml injekn roztok,0.85,"'ml injekn roztok' is just dosage/formulation language (injection solution), not a substance name."
"ml injeksjonsvske, opplsning",0.9,This is just dosage form language (injection solution) with no substance named.
"ml injeksjonsvæske, emulsjon",0.85,"This is just dosage form language ('injection fluid, emulsion') with no substance name."
"ml injeksjonsvæske, oppløsning i ferdigfylt sprøyte",0.9,"This is dosage form language ('injection solution in pre-filled syringe'), not a substance name."
"ml injeksjonsvæske, suspensjon",0.9,"This is dosage form language ('injection fluid, suspension' in Norwegian), not a substance name."
"ml injeksjonsvæske, suspensjon.",0.9,"This is dosage/form language only ('ml injection solution, suspension'), not a substance name."
ml injektio-,0.9,"'ml injektio-' is a dosage form fragment (Finnish for 'injection'), not a substance name."
ml injektions-,0.95,"'ml injektions-' is dosage/language fragment, not a substance name."
ml injektionsvtska lsning,0.95,"This is dosage form language ('ml injection solution'), not a substance name."
ml injekční,0.95,"'ml injekční' is just dosage/formulation language (Czech for 'ml injectable'), not a substance name."
ml injekční suspenze,0.95,"This is dosage language ('ml injection suspension') in Czech, not a substance name."
ml injekčný alebo infúzny koncentrát,0.95,"This is dosage form language ('injection or infusion concentrate'), not a substance name."
ml jauhe oraalisuspensiota varten,0.9,"Finnish for 'ml powder for oral suspension' - dosage form language only, not a substance name."
"ml koncentrat till infusionsvätska, lösning",0.95,This is just dosage form language ('ml concentrate for solution for infusion') with no substance named.
"ml koncentrat till infusionsvätska, lösning.",0.95,"This is only dosage form language (Swedish: 'ml concentrate for solution for infusion'), not a substance name."
ml koncentrat till injektions-,0.95,"This is dosage form language ('ml concentrate for solution for injection'), not a substance name."
ml koncentrat za otopinu za infuziju,0.95,"This is dosage form language ('ml concentrate for solution for infusion' in Croatian), not a substance name."
ml koncentratas infuziniam tirpalui,0.9,"This is dosage form language ('ml concentrate for solution for infusion' in Lithuanian), not a substance name."
ml koncentratas injekciniam ar infuziniam tirpalui,0.85,"This is dosage form language (Lithuanian for 'ml concentrate for solution for injection or infusion'), not a substance name."
ml koncentrát na infúzny roztok,0.95,"This is dosage language only ('ml concentrate for solution for infusion' in Slovak), not a substance name."
ml koncentrát pro infuzní roztok,0.97,"This is dosage language ('ml concentrate for solution for infusion') in Czech, not a substance name."
ml koncentrát pro přípravu infuzního roztoku,0.95,"This is dosage language ('ml concentrate for solution for infusion') in Czech, not a substance name."
ml koncentrátum oldatos infúzióhoz,0.95,"This is dosage form language ('ml concentrate for solution for infusion' in Hungarian), not a substance name."
ml konsentrat til infusjonsvæske,0.97,"This is only dosage-form language (Norwegian for 'ml concentrate for solution for infusion'), not a substance name."
"ml konsentrat til infusjonsvæske, oppløsning",0.95,"This is just dosage form language (Norwegian for 'concentrate for solution for infusion'), not a substance name."
"ml mikstur, suspensjon",0.9,"This is dosage form language ('ml mixture, suspension' in Norwegian), not a substance name."
ml milteliai ir tirpiklis infuziniam tirpalui,0.9,"This is dosage form language ('powder and solvent for solution for infusion' in Lithuanian), not a substance name."
ml multidose,0.9,"'ml multidose' is dosage/packaging language, not a substance name."
ml och 5mcg,0.75,"'ml och 5mcg' is dosage/quantity language ('ml and 5mcg' in Swedish), not naming any substance."
ml oldatos injekció,0.9,"'ml oldatos injekció' is just dosage language (solution for injection), not a substance name."
ml oldatos injekció vagy infúzió,0.95,"This is dosage language only ('ml solution for injection or infusion'), not a substance name."
ml olje opplsning s produksjonlab,0.8,"This is dosage/formulation language ('ml oil solution, production lab'), not a substance name."
"ml oogdruppels, oplossing",0.9,"This is just dosage form language ('ml eye drops, solution') with no substance named."
"ml oogdruppels, suspensie",0.9,"This is dosage form language ('ml eye drops, suspension'), not a substance name."
ml oplossing voor injectie in een patroon,0.95,"This is dosage form language ('ml solution for injection in a cartridge'), not a substance name."
ml oplossing voor injectie in een voorgevulde spuit,0.9,"This is dosage form language only ('solution for injection in a pre-filled syringe'), not a substance name."
ml oplossing voor injectie in een voorgevulde spuit.,0.9,"This is only dosage form language ('solution for injection in a pre-filled syringe'), not a substance name."
ml oplossing voor injectie in injectieflacons.,0.95,"This is dosage form language only ('ml solution for injection in vials'), not a substance name."
ml oppløsningsvæske til parenteral bruk,0.95,"This is dosage/formulation language ('solvent for parenteral use') in Norwegian, not a substance name."
ml oral liquid,0.9,"'ml oral liquid' is dosage/formulation language, not a substance name."
ml otopina za injekciju,0.85,"'ml otopina za injekciju' is Croatian for 'ml solution for injection' - dosage form language, not a substance name."
"ml perorální kapky, roztok",0.9,"This is dosage form language ('oral drops, solution' in Czech), not a substance name."
ml polvere per soluzione iniettabile,0.95,"Dosage form/quantity language only ('ml powder for solution for injection'), not a substance name."
ml polvo para concentrado para solución para perfusión EFG,0.9,"This is dosage form language only ('powder for concentrate for solution for infusion'), not a substance name."
ml por és oldószer oldatos infúzióhoz vagy injekcióhoz,0.9,"This is dosage form/language text (powder and solvent for solution for infusion or injection), not a substance name."
ml powder and solvent for concentrate for solution for infusion.,0.95,"This is only dosage form language, not a substance name."
ml powder and solvent for solution for infusion,0.97,"This is dosage form language only, not a substance name."
ml powder and solvent for solution for injection,0.97,"This is dosage form language only, not a substance name."
ml praek in vehikel za raztopino za infundiranje,0.85,"This is dosage/vehicle language ('ml prašek in vehikel za raztopino za infundiranje' = powder and vehicle for solution for infusion), not a substance name."
ml prášek a rozpouštědlo pro infuzní roztok,0.95,This is dosage form language ('powder and solvent for solution for infusion') with no substance named.
ml prášek a rozpouštědlo pro injekční,0.95,"This is dosage form language (powder and solvent for injection), not a substance name."
"ml pršilo za nos, raztopina",0.9,"'ml pršilo za nos, raztopina' is Slovenian for 'ml nasal spray, solution' - a dosage form description, not a substance name."
ml pulbere pentru dispersie perfuzabilă,0.9,"This is dosage form language ('powder for infusion dispersion, ml'), not a substance name."
ml pulbere pentru soluţie injectabilă,0.9,"This is dosage form language ('ml powder for solution for injection'), not a substance name."
ml pulbere și solvent pentru soluție perfuzabilă,0.95,"This is dosage form language ('powder and solvent for solution for infusion'), not a substance name."
"ml pulver og væske til infusjonsvæske, oppløsning",0.95,"This is dosage form language (powder and liquid for solution for infusion), not a substance name."
ml pulver till oral suspension,0.95,"This is dosage form language ('powder for oral suspension'), not a substance name."
ml raztopina za injiciranje,0.95,"'ml raztopina za injiciranje' is Slovenian for 'ml solution for injection' - dosage language only, not a substance."
"ml silmätipat, liuos kerta-annospipetissä",0.9,This describes an eye drop dosage form (single-dose pipette) in Finnish with no actual substance name given.
ml solucion inyectable EFG,0.9,"This is dosage form language ('ml solucion inyectable EFG'), not a substance name."
ml solución bucal,0.9,"Dosage form language only ('ml oral solution'), not a substance name."
ml solución cutánea,0.9,"This is a dosage/formulation description ('ml cutaneous solution'), not a substance name."
ml solución inyectable EFG,0.95,"Just dosage form language ('solution for injection'), not a substance name."
ml solución inyectable en cartucho,0.95,"This is just dosage form language ('ml solution for injection in cartridge'), not a substance name."
ml solución inyectable o para perfusión EFG,0.95,"This is just dosage form language ('injectable or infusion solution'), not a substance name."
ml solución inyectable y para perfusión,0.97,"This is just dosage form language ('solution for injection and infusion'), not a substance name."
ml solución inyectable y para perfusión EFG,0.95,"This string is just dosage form language ('ml solución inyectable y para perfusión EFG'), not a substance name."
ml solución inyectable y para perfusión.,0.95,This is just dosage form language ('solution for injection and infusion') with no substance named.
ml solución para perfusion,0.97,"This is just dosage form language ('ml solution for infusion'), not a substance name."
ml solución para perfusión,0.97,"This is dosage form language ('mL solution for infusion'), not a substance name."
ml solución para perfusión EFG,0.95,"This is dosage form language ('solution for infusion'), not a substance name."
ml solución para perfusión.,0.97,"This is just dosage form language ('ml solution for infusion'), not a substance name."
ml solution for injection in a cartridge,0.9,"This is dosage form language only, not a substance name."
ml solution for injection in a pre-filled pen,0.9,This is just a dosage form description with no substance named.
ml solution for injection in cartridge.,0.9,"This is dosage/formulation language only, not a substance name."
ml solution for injection in pre-filled pen,0.9,"This string is only a dosage form description (pre-filled pen), no substance named."
ml solution for injection in pre-filled pen.,0.9,"This is dosage form language only, not a substance name."
ml solution for injection in prefilled cartridge,0.9,"This is only a dosage form description, not a substance name."
ml solution for injetion,0.95,"This is dosage/formulation language, not a substance name."
ml soluzione iniettabile in siringa pre-riempita.,0.95,"Dosage form language only ('ml solution for injection in pre-filled syringe'), no substance named."
"ml soluzione iniettabile, siringa preriempita",0.9,"This is dosage form language ('ml injectable solution, pre-filled syringe'), not a substance name."
ml solução injetável,0.95,"'ml solução injetável' is just dosage/formulation language ('ml injectable solution'), not a substance name."
"ml sospensione orale, Bambini",0.9,"This is dosage language ('ml oral suspension, children'), not a substance name."
ml spädningsvätska för parenteral användning,0.95,"This is Swedish for 'ml diluent solution for parenteral use' - a dosage/formulation phrase, not a substance name."
ml suspensión para inhalación por nebulizador,0.95,"This is a dosage form description ('suspension for inhalation via nebulizer'), not a substance name."
ml und 300 IR,0.7,"This is dosage/quantity text ('ml and 300 IR'), not a substance name."
ml vial50 ml et 10 ml,0.9,"This is just dosage/volume language, not a substance name."
"ml øyedråper, oppløsning",0.95,"This is dosage form language ('ml eye drops, solution' in Norwegian), not a substance name."
ml – Concentrato per soluzione per infusione,0.95,"This is dosage form language ('ml – concentrate for solution for infusion'), not a substance name."
ml – Injektions-,0.9,"This is dosage/formulation language ('ml - Injektions-'), not a substance name."
ml “Fresenius Kabi“,0.9,"This is dosage/volume language with a manufacturer name, not a substance."
ml) emulsione iniettabile o per infusione.,0.95,"This is dosage form language ('emulsion for injection or infusion'), not a substance name."
"ml), emulsie voor injectie of infusie",0.85,"This is a dosage form/strength fragment ('ml, emulsion for injection or infusion'), not a substance name."
"ml), roztwór do wstrzykiwan",0.95,"This is dosage form language ('solution for injection' in Polish), not a substance name."
"ml, Injektions-",0.9,"This is just dosage language ('ml, Injektions-'), not a substance name."
"ml, Injektions- oder Infusionslösung",0.95,"Dosage form/volume description only, no substance named."
"ml, Injektions- oder Infusionslösung oder Lösung zum Einnehmen",0.95,"This is dosage form/route language only, not a substance name."
"ml, Lösung zur Anwendung in der Mundhöhle",0.9,"This is a dosage form/quantity description only, not a substance."
"ml, Lösung zur intravesikalen Anwendung",0.85,"This is dosage/formulation language ('ml, solution for intravesical use'), not a substance name."
"ml, Peritonealdialyselösung",0.7,"This describes a dialysis solution volume/dosage form, not a specific substance."
"ml, Solution for skin-prick test",0.7,"This is dosage/device description language, not naming a specific substance."
"ml, Solução injetável",0.95,"This is only dosage/formulation language ('ml, solution for injection'), not a substance name."
"ml, collyre en solution en récipient unidose",0.9,"This is dosage/form language ('ml, eye drops solution in single-dose container'), not a substance name."
"ml, concentraat voor oplossing voor intraveneuze infusie",0.95,"This is dosage-form language only ('ml, concentrate for solution for intravenous infusion'), naming no substance."
"ml, concentraat voor oplossing voor intraveneuze infusie of injectie",0.95,"This is only dosage form/language description (Dutch: 'ml, concentrate for solution for intravenous infusion or injection'), naming no substance."
"ml, concentrato per soluzione per infusione",0.97,"This is dosage form language ('ml, concentrate for solution for infusion'), not a substance name."
"ml, concentrato per soluzione per infusione.",0.95,"This is dosage form language ('ml, concentrate for solution for infusion'), not a substance name."
"ml, eye drops, solution",0.95,"This is just dosage/form language, not a substance name."
"ml, gocce orali, soluzione.",0.95,"This is dosage form language ('mL, oral drops, solution'), not a substance name."
"ml, infusionsvätska, lösning",0.95,"This is dosage form language only ('ml, infusion solution'), not a substance name."
"ml, infuusiokonsentraatti, liuosta varten.",0.95,"This is dosage/formulation language ('ml, concentrate for solution for infusion' in Finnish), not a substance name."
"ml, injeksjonsvæske, suspensjon",0.95,"This is dosage form/formulation language ('injection solution, suspension'), not a substance name."
"ml, injektions- og infusionsvæske, emulsion",0.9,"This is only dosage form language (injection/infusion emulsion volume), not a substance name."
"ml, injektionsvätska, lösning i förfylld spruta",0.95,"This is just dosage form description text (Swedish: 'injection solution in pre-filled syringe'), not a substance name."
"ml, koncentrat do sporzadzania roztworu do wstrzykiwan lub infuzji",0.95,"This is just dosage form/volume language ('ml, concentrate for solution for injection or infusion'), not a substance name."
"ml, koncentrat do sporządzania roztworu do infuzji",0.95,"This is dosage form language ('concentrate for solution for infusion' in Polish), not a substance name."
"ml, koncentrat do sporządzania roztworu do infuzji.",0.95,"This is dosage form language ('ml, concentrate for solution for infusion'), not a substance name."
"ml, koncentrat till infusionsvätska, lösning",0.95,This is just dosage form language (concentrate for solution for infusion) with no substance name.
"ml, krople do oczu, roztwór",0.9,"'ml, krople do oczu, roztwór' is Polish for 'ml, eye drops, solution' - dosage form language only, not a substance name."
"ml, krople doustne, roztwór",0.9,"This is just dosage form description (oral drops, solution) with no substance named."
"ml, liquide pour inhalation par vapeur",0.8,"This is only a dosage form description ('ml, liquid for inhalation vapour'), not naming any substance."
"ml, mulsion injectable ou pour perfusion",0.9,"This is just dosage/formulation language ('ml, emulsion injectable ou pour perfusion'), not a substance name."
"ml, multidose",0.95,"'ml, multidose' is dosage/packaging language, not a substance name."
"ml, oogdruppels, oplossing",0.9,"'ml, oogdruppels, oplossing' is Dutch for 'ml, eye drops, solution' - dosage form language only, no substance named."
"ml, oogdruppels, oplossing in verpakking voor éénmalig gebruik",0.9,"This is dosage form/packaging language ('ml, eye drops, solution in single-use package'), not a substance name."
"ml, oplossing voor injectie in een voorgevulde spuit",0.9,"Only dosage form description, no substance named"
"ml, oplossing voor injectie in voorgevulde spuit.",0.9,"This string is only dosage form description (solution for injection in pre-filled syringe), not a substance name."
"ml, oppløsningsvæske til parenteral bruk",0.95,"This is Norwegian for 'solvent for parenteral use', a dosage form description, not a substance name."
"ml, poeder en oplosmiddel voor oplossing voor injectie",0.95,"This is dosage form/formulation language (powder and solvent for solution for injection), not a substance name."
"ml, polvo para concentrado para solución para perfusión.",0.95,"This is dosage form language ('ml, powder for concentrate for solution for infusion') with no substance named."
"ml, polvo para solución para perfusión",0.9,"This is dosage form language only ('ml, powder for solution for infusion'), not a substance name."
"ml, poudre et solvant pour solution injectable",0.9,"This is just dosage form language ('ml, powder and solvent for solution for injection'), not a substance name."
"ml, powder and solvent for solution for injection",0.95,"This is dosage form/quantity language, not a substance name."
"ml, proszek do sporządzania koncentratu roztworu do infuzji",0.9,This is dosage form language ('powder for concentrate for solution for infusion') with no substance named.
"ml, práek a rozpoutědlo pro infuzní roztok",0.9,"This is dosage form language (powder and solvent for solution for infusion), not a substance name."
"ml, rozpuszczalnik do sporzqdzania lekow parenteralnych",0.9,"This is a solvent/diluent for parenteral drug preparation, not a substance itself."
"ml, rozpuszczalnik do sporządzania leków parenteralnych",0.95,"This is a solvent/diluent for parenteral preparation, not a substance."
"ml, roztwór do infuzji",0.95,"'ml, roztwór do infuzji' is just dosage form language (solution for infusion) with no substance named."
"ml, roztwór do wstrzykiwań",0.95,"This is just dosage form language ('ml, solution for injection' in Polish), not a substance name."
"ml, solution buvable",0.9,"'ml, solution buvable' is just dosage form language (oral solution volume), not a substance name."
"ml, solution buvable en gouttes",0.9,"This is dosage form language ('ml, oral solution in drops'), not a substance name."
"ml, solution for injection in vials",0.9,"This string is dosage/formulation language only, not a substance name."
"ml, solution injectable (IV ou péridurale)",0.9,"This is dosage/form language only, no substance named"
"ml, solution injectable en seringue préremplie",0.9,"This is dosage/formulation language ('ml, injectable solution in pre-filled syringe'), not a substance name."
"ml, solution injectable ou rectale",0.85,"Dosage form language only, no substance named."
"ml, soluţie perfuzabilă",0.9,"'ml, solutie perfuzabila' is just dosage form language (mL, solution for infusion) in Romanian, not a substance name."
"ml, spädningsvätska för parenteral användning",0.95,"This is just Swedish for 'mL, diluent for parenteral use' - dosage/formulation language, not a substance name."
"ml, suspension buvable",0.9,"This is dosage form language ('ml, oral suspension'), not a substance name."
"ml, süste-",0.95,"'ml, süste-' is dosage/formulation language (Estonian for injection), not a substance name."
"ml, zawiesina do nebulizacji",0.9,"This is dosage form language ('ml, suspension for nebulization' in Polish), not a substance name."
"ml, émulsion injectable en seringue pré-remplie",0.85,"This is dosage/form language ('ml, injectable emulsion in pre-filled syringe') with no substance named."
ml-Inj.-Lsung in Zylinderampullen,0.9,"Describes dosage form (injection solution in cartridge ampoules), not a substance."
ml-Inj.-Lsung in einer Zylinderampulle,0.9,"This is dosage form/packaging language ('ml injection solution in a cylinder ampoule'), not a substance name."
ml. Solution pour la modification de fractions sanguines,0.85,"This describes a solution for blood fraction modification, a dosage/process description not a substance."
ml: powder and solvent for solution intravenous use,0.95,"This is dosage form/volume language only, not a substance name."
modifed pain management,0.9,"'Modified pain management' describes a treatment approach/protocol, not a substance."
no INN,0.9,"'no INN' is a placeholder indicating no substance name available, not an actual substance."
no INN and no proposed INN available,0.9,"This string is a placeholder statement, not a substance name."
no INN assigned,0.9,"'no INN assigned' is a placeholder, not a substance name."
no INN available,0.9,"'no INN available' is a placeholder, not a substance name."
no known INN,0.9,"'no known INN' is a placeholder, not a substance name."
no proposed INN,0.9,"'no proposed INN' is a placeholder, not a substance name."
non ancora assegnata,0.95,"'non ancora assegnata' is Italian for 'not yet assigned', a placeholder, not a substance."
non disponibile,0.95,"'non disponibile' is Italian for 'not available', a placeholder, not a substance name."
not applied for,0.95,"Placeholder text, not a substance name"
not availabel,0.95,"'not availabel' is a placeholder indicating no data, not a substance name."
not defined,0.9,"'not defined' is a placeholder, not a substance name."
not defined yet,0.95,"Placeholder text, not a substance name."
not estbalished,0.95,"'not established' is a placeholder, not a substance name."
not issued,0.9,"'not issued' is a placeholder, not a substance name."
not registered INN,0.85,"'not registered INN' is a placeholder indicating no INN assigned, not an actual substance name."
not relevant,0.95,"'not relevant' is a placeholder, not a substance name."
not yest assigned according to MPCR,0.9,Placeholder text ('not yet assigned') does not name any substance.
not yet availble,0.95,"'not yet availble' is a placeholder, not an actual substance name."
not yet defined,0.95,"'not yet defined' is a placeholder, not a substance name."
not yet given,0.9,"'not yet given' is a placeholder, not a substance."
other anti-neoplastic agent,0.9,"'other anti-neoplastic agent' is a generic category label, not a specific substance."
other nervous system drugs,0.9,"This is a drug class/category label, not a specific substance."
para perfusão,0.95,"'para perfusão' is Portuguese for 'for infusion', a dosage form phrase, not a substance."
pending,0.9,"'pending' is a placeholder, not a substance name."
perfuzabilă,0.9,"'perfuzabilă' is Romanian for 'infusible' (dosage form descriptor, as in 'soluție perfuzabilă' = infusion solution), not a substance name."
phosphate buffered saline.,0.75,"Phosphate buffered saline is a vehicle/diluent, not an active substance."
phosphate-buffered saline for SC administration,0.75,"Phosphate-buffered saline used as vehicle/placebo, not itself a substance in the list; it's a buffer solution, best treated as no substance/vehicle control."
powder and solvent for solution for injection,0.95,"This is a dosage form description, not a substance name."
pulsación Solución para inhalación en envase a presión,0.85,"This is just dosage form language ('pulsation solution for inhalation in pressurized container'), not a substance name."
pulsación solución para inhalación en envase a presión,0.85,"This is dosage form language ('pulsation solution for inhalation in pressurized container'), not a substance name."
pulsación suspensión para inhalación en envase a presión.,0.85,"This string only describes a dosage form (pressurized inhalation suspension), not an actual substance name."
"pulsación, Solución para inhalación en envase a presión.",0.85,"This string is only dosage form language ('pulsación, Solución para inhalación en envase a presión' = inhalation solution in pressurized container), not a substance name."
"pulsación, solución para inhalación en envase a presión",0.85,"This is only dosage form language (pressurized inhalation solution), no substance named."
pulverización Suspensión para pulverización nasal,0.8,"This is only a dosage form description ('spray, suspension for nasal spray'), no substance named."
refer to SPC,0.95,"'refer to SPC' is a placeholder phrase, not a substance name."
"sachet (with the exception of the active substance), is manufactured by the same manufacturer (uni-pharma kleon tsetis pharmaceutical laboratory s.a) and is not sterile.",0.9,"This is a manufacturing/formulation description, not a substance name."
"sachet drug product (hereafter referred as vehicle) is a smooth, creamy white to off-white ointment free from foreign particles, packed intact and
properly sealed containing the same qualitative composition as the active product but without the active substance. The vehicle will be provided in a single-use packets to contain 350 mg of
drug product.",0.95,"This describes a vehicle/placebo control formulation without active substance, not a substance itself."
"sachet ή stick, Κόνις για πόσιμο διάλυμα",0.85,"This is dosage form language ('sachet or stick, powder for oral solution' in Greek), not a substance name."
same as IMP (Tildacerfont) minus active substance,0.75,"This describes a placebo (same as IMP minus active substance), not an actual substance."
same as IMP (Tildacerfont) minus the active substance,0.85,"This describes a placebo formulation lacking the active substance, not a substance itself."
same excipients except no hypromellose,0.85,"This describes excipient formulation differences, explicitly excluding hypromellose, not naming an active substance."
see D.3.9.3,0.9,"'see D.3.9.3' is a reference to another field, not a substance name."
see D.3.9.3 Other descriptive name below,0.9,"Placeholder text referring to another field, not a substance name."
see D.3.9.3.,0.9,"'see D.3.9.3.' is a cross-reference placeholder, not a substance name."
sham group will undergo a procedure that will closely mimic the active injection but with no penetration of the globe.,0.95,"This describes a sham procedure, not a substance."
standard pain management,0.95,"'Standard pain management' is a treatment approach description, not a specific substance name."
standard schema,0.95,"'standard schema' does not name any substance; it appears to be a methodology/reference term, not a drug."
standard supportive care,0.97,"'Standard supportive care' is a study-arm/treatment approach label, not a substance."
suspensiota varten,0.9,"'suspensiota varten' is Finnish for 'for suspension', a dosage form phrase, not a substance name."
tab,0.9,"'tab' is dosage form abbreviation (tablet), not a substance."
"tab (with the exception of the active substance), is manufactured by the same manufacturer (uni-pharma kleon tsetis pharmaceutical laboratory s.a) and is not sterile.",0.85,"This is a descriptive statement about manufacturing/formulation, not a substance name."
"tablet
table coating - OPADRY 20A82938 Yellow - COLORCON",0.85,"OPADRY is a tablet coating excipient blend, not an active substance."
"tablet]: Microcrystalline cellulose 243.9, Sodium bicarbonate 15.9, Hydroxypropyl methylcellulose 47.7, Sodium croscarmellose 4.5, Silicon dioxide 3.2, Magnesium stearate plant 3.2, Eudragit E PO Ready Mix 12.7",0.85,"This lists inactive excipients of a tablet formulation, not an active substance."
there is neither a INN nor a proposed INN,0.9,"This string is a placeholder statement about naming status, not an actual substance name."
to be considered,0.95,"'to be considered' is a placeholder, not a substance name."
to be proposed,0.97,"'to be proposed' is a placeholder, not a substance name."
to be requested,0.95,"'to be requested' is a placeholder, not a substance name."
training kit,0.9,"'training kit' is not a substance, likely a device/training placeholder"
tumor detection,0.85,"'tumor detection' describes a procedure/purpose, not an actual substance."
"type: Bulk unlabelled Amcor sachet to match 5 g
Manufacturing lot",0.85,"This describes packaging/manufacturing logistics, not a substance."
unavailable yet,0.95,"'unavailable yet' is a placeholder, not a substance name."
"unit

Total 600 mg",0.85,"'unit... Total 600 mg' is dosage language, not a substance name."
"unit
Crospovidone(Polyplasdone XL) Disintegrant 24.00 mg",0.6,"Crospovidone is an inactive excipient (disintegrant), not the active pharmaceutical substance, so it doesn't represent a drug substance for this task."
v Solution for Infusion (not authorised),0.7,This is dosage/form language ('Solution for Infusion') without naming a specific substance.
v) sodium chloride with 5 mM phosphate buffered solution,0.85,"This describes a buffer/vehicle solution, not an active substance."
"v, Eye Drops Suspension",0.7,"The string 'v, Eye Drops Suspension' gives no identifiable substance name, only a fragment and dosage form."
"v, eye drops, suspension",0.7,"'v, eye drops, suspension' contains no identifiable active substance name, just dosage form info."
v; Hydrochloric Acid q.s.,0.85,"Hydrochloric acid q.s. is a pH-adjusting excipient, not an active substance."
white 00 hard gelatin capsules for oral administration.,0.85,"This describes a capsule shell/dosage form, not an active substance."
www.coloplast.dk,0.95,"This is a website URL, not a substance name."
