loser_id,winner_id,loser_name,winner_name,salt_form,n_assigned,reason
ent_000027,ent_000026,2-(aminomethyl)phenol acetate,2-(aminomethyl)phenol,acetate,0,salt/ester rollup: '2-(aminomethyl)phenol acetate' -> '2-(aminomethyl)phenol' (acetate)
ent_000092,ent_000089,Abacavir sulfate,Abacavir,sulfate,5,salt/ester rollup: 'Abacavir sulfate' -> 'Abacavir' (sulfate)
ent_000120,ent_000119,Abetimus sodium,Abetimus,sodium,1,salt/ester rollup: 'Abetimus sodium' -> 'Abetimus' (sodium)
ent_000127,ent_000126,Abiraterone acetate,Abiraterone,acetate,6,salt/ester rollup: 'Abiraterone acetate' -> 'Abiraterone' (acetate)
ent_000129,ent_000126,Abiraterone decanoate,Abiraterone,decanoate,0,salt/ester rollup: 'Abiraterone decanoate' -> 'Abiraterone' (decanoate)
ent_000133,ent_000132,Abivertinib maleate,Abivertinib,maleate,0,salt/ester rollup: 'Abivertinib maleate' -> 'Abivertinib' (maleate)
ent_000164,ent_000163,Acalabrutinib maleate,Acalabrutinib,maleate,0,salt/ester rollup: 'Acalabrutinib maleate' -> 'Acalabrutinib' (maleate)
ent_000168,ent_000167,Acamprosate calcium,Acamprosate,calcium,3,salt/ester rollup: 'Acamprosate calcium' -> 'Acamprosate' (calcium)
ent_000178,ent_000177,Acebutolol hydrochloride,Acebutolol,hydrochloride,0,salt/ester rollup: 'Acebutolol hydrochloride' -> 'Acebutolol' (hydrochloride)
ent_000185,ent_000184,Acediasulfone sodium,Acediasulfone,sodium,0,salt/ester rollup: 'Acediasulfone sodium' -> 'Acediasulfone' (sodium)
ent_000202,ent_000201,Acesulfame potassium,Acesulfame,potassium,1,salt/ester rollup: 'Acesulfame potassium' -> 'Acesulfame' (potassium)
ent_000208,ent_000207,Acetazolamide sodium,Acetazolamide,sodium,1,salt/ester rollup: 'Acetazolamide sodium' -> 'Acetazolamide' (sodium)
ent_000217,ent_000216,Acetophenazine maleate,Acetophenazine,maleate,0,salt/ester rollup: 'Acetophenazine maleate' -> 'Acetophenazine' (maleate)
ent_000221,ent_000220,Acetosulfone sodium,Acetosulfone,sodium,0,salt/ester rollup: 'Acetosulfone sodium' -> 'Acetosulfone' (sodium)
ent_000227,ent_000226,Acetylcholine chloride,Acetylcholine,chloride,4,salt/ester rollup: 'Acetylcholine chloride' -> 'Acetylcholine' (chloride)
ent_000250,ent_000249,Aclidinium bromide,Aclidinium,bromide,8,salt/ester rollup: 'Aclidinium bromide' -> 'Aclidinium' (bromide)
ent_000256,ent_000255,Acolbifene hydrochloride,Acolbifene,hydrochloride,0,salt/ester rollup: 'Acolbifene hydrochloride' -> 'Acolbifene' (hydrochloride)
ent_000260,ent_000259,Acorafloxacin hydrochloride,Acorafloxacin,hydrochloride,0,salt/ester rollup: 'Acorafloxacin hydrochloride' -> 'Acorafloxacin' (hydrochloride)
ent_000262,ent_000261,Acoramidis hydrochloride,Acoramidis,hydrochloride,1,salt/ester rollup: 'Acoramidis hydrochloride' -> 'Acoramidis' (hydrochloride)
ent_000264,ent_000263,Acotiamide hydrochloride,Acotiamide,hydrochloride,1,salt/ester rollup: 'Acotiamide hydrochloride' -> 'Acotiamide' (hydrochloride)
ent_000272,ent_000271,Acriflavine hydrochloride,Acriflavine,hydrochloride,0,salt/ester rollup: 'Acriflavine hydrochloride' -> 'Acriflavine' (hydrochloride)
ent_000295,ent_000294,Acyclovir sodium,Acyclovir,sodium,3,salt/ester rollup: 'Acyclovir sodium' -> 'Acyclovir' (sodium)
ent_000327,ent_000326,Adenosine phosphate,Adenosine,phosphate,1,salt/ester rollup: 'Adenosine phosphate' -> 'Adenosine' (phosphate)
ent_000374,ent_000373,Afamelanotide acetate,Afamelanotide,acetate,0,salt/ester rollup: 'Afamelanotide acetate' -> 'Afamelanotide' (acetate)
ent_000380,ent_000379,Afegostat tartrate,Afegostat,tartrate,2,salt/ester rollup: 'Afegostat tartrate' -> 'Afegostat' (tartrate)
ent_000382,ent_000381,Afeletecan hydrochloride,Afeletecan,hydrochloride,0,salt/ester rollup: 'Afeletecan hydrochloride' -> 'Afeletecan' (hydrochloride)
ent_000411,ent_000410,Agatolimod sodium,Agatolimod,sodium,1,salt/ester rollup: 'Agatolimod sodium' -> 'Agatolimod' (sodium)
ent_000439,ent_000438,Alagebrium chloride,Alagebrium,chloride,1,salt/ester rollup: 'Alagebrium chloride' -> 'Alagebrium' (chloride)
ent_000446,ent_000445,Alatrofloxacin mesilate,Alatrofloxacin,mesilate,0,salt/ester rollup: 'Alatrofloxacin mesilate' -> 'Alatrofloxacin' (mesilate)
ent_000447,ent_000445,Alatrofloxacin mesylate,Alatrofloxacin,mesylate,0,salt/ester rollup: 'Alatrofloxacin mesylate' -> 'Alatrofloxacin' (mesylate)
ent_000456,ent_000455,Albitiazolium bromide,Albitiazolium,bromide,0,salt/ester rollup: 'Albitiazolium bromide' -> 'Albitiazolium' (bromide)
ent_000464,ent_000463,Albuterol sulfate,Albuterol,sulfate,10,salt/ester rollup: 'Albuterol sulfate' -> 'Albuterol' (sulfate)
ent_000474,ent_000473,Alcuronium chloride,Alcuronium,chloride,0,salt/ester rollup: 'Alcuronium chloride' -> 'Alcuronium' (chloride)
ent_000480,ent_000479,Aldoxorubicin hydrochloride,Aldoxorubicin,hydrochloride,0,salt/ester rollup: 'Aldoxorubicin hydrochloride' -> 'Aldoxorubicin' (hydrochloride)
ent_000483,ent_000482,Alectinib hydrochloride,Alectinib,hydrochloride,1,salt/ester rollup: 'Alectinib hydrochloride' -> 'Alectinib' (hydrochloride)
ent_000511,ent_000510,Alfentanil hydrochloride,Alfentanil,hydrochloride,4,salt/ester rollup: 'Alfentanil hydrochloride' -> 'Alfentanil' (hydrochloride)
ent_000515,ent_000514,Alfuzosin hydrochloride,Alfuzosin,hydrochloride,0,salt/ester rollup: 'Alfuzosin hydrochloride' -> 'Alfuzosin' (hydrochloride)
ent_000538,ent_000537,Aliskiren fumarate,Aliskiren,fumarate,0,salt/ester rollup: 'Aliskiren fumarate' -> 'Aliskiren' (fumarate)
ent_000563,ent_000562,Allopurinol sodium,Allopurinol,sodium,0,salt/ester rollup: 'Allopurinol sodium' -> 'Allopurinol' (sodium)
ent_000580,ent_000579,Almotriptan malate,Almotriptan,malate,1,salt/ester rollup: 'Almotriptan malate' -> 'Almotriptan' (malate)
ent_000600,ent_000599,Alosetron hydrochloride,Alosetron,hydrochloride,0,salt/ester rollup: 'Alosetron hydrochloride' -> 'Alosetron' (hydrochloride)
ent_000653,ent_000652,Alverine citrate,Alverine,citrate,0,salt/ester rollup: 'Alverine citrate' -> 'Alverine' (citrate)
ent_000655,ent_000654,Alvespimycin hydrochloride,Alvespimycin,hydrochloride,0,salt/ester rollup: 'Alvespimycin hydrochloride' -> 'Alvespimycin' (hydrochloride)
ent_000659,ent_000658,Alvocidib hydrochloride,Alvocidib,hydrochloride,1,salt/ester rollup: 'Alvocidib hydrochloride' -> 'Alvocidib' (hydrochloride)
ent_000669,ent_000668,Amantadine hydrochloride,Amantadine,hydrochloride,5,salt/ester rollup: 'Amantadine hydrochloride' -> 'Amantadine' (hydrochloride)
ent_000671,ent_000670,Amantanium bromide,Amantanium,bromide,0,salt/ester rollup: 'Amantanium bromide' -> 'Amantanium' (bromide)
ent_000678,ent_000677,Ambenonium chloride,Ambenonium,chloride,0,salt/ester rollup: 'Ambenonium chloride' -> 'Ambenonium' (chloride)
ent_000737,ent_000736,Amibegron hydrochloride,Amibegron,hydrochloride,0,salt/ester rollup: 'Amibegron hydrochloride' -> 'Amibegron' (hydrochloride)
ent_000745,ent_000744,Amifampridine phosphate,Amifampridine,phosphate,0,salt/ester rollup: 'Amifampridine phosphate' -> 'Amifampridine' (phosphate)
ent_000752,ent_000751,Amikacin sulfate,Amikacin,sulfate,6,salt/ester rollup: 'Amikacin sulfate' -> 'Amikacin' (sulfate)
ent_000757,ent_000756,Amiloride hydrochloride,Amiloride,hydrochloride,3,salt/ester rollup: 'Amiloride hydrochloride' -> 'Amiloride' (hydrochloride)
ent_000770,ent_000769,Aminolevulinic acid hydrochloride,Aminolevulinic acid,hydrochloride,7,salt/ester rollup: 'Aminolevulinic acid hydrochloride' -> 'Aminolevulinic acid' (hydrochloride)
ent_000777,ent_000776,Aminopterin sodium,Aminopterin,sodium,0,salt/ester rollup: 'Aminopterin sodium' -> 'Aminopterin' (sodium)
ent_000787,ent_000786,Amiodarone hydrochloride,Amiodarone,hydrochloride,8,salt/ester rollup: 'Amiodarone hydrochloride' -> 'Amiodarone' (hydrochloride)
ent_000794,ent_000793,Amiselimod hydrochloride,Amiselimod,hydrochloride,1,salt/ester rollup: 'Amiselimod hydrochloride' -> 'Amiselimod' (hydrochloride)
ent_000800,ent_000799,Amitifadine hydrochloride,Amitifadine,hydrochloride,0,salt/ester rollup: 'Amitifadine hydrochloride' -> 'Amitifadine' (hydrochloride)
ent_000804,ent_000803,Amitriptyline hydrochloride,Amitriptyline,hydrochloride,4,salt/ester rollup: 'Amitriptyline hydrochloride' -> 'Amitriptyline' (hydrochloride)
ent_000815,ent_000813,Amlodipine besilate,Amlodipine,besilate,4,salt/ester rollup: 'Amlodipine besilate' -> 'Amlodipine' (besilate)
ent_000817,ent_000813,Amlodipine besylate,Amlodipine,besylate,5,salt/ester rollup: 'Amlodipine besylate' -> 'Amlodipine' (besylate)
ent_000818,ent_000813,Amlodipine maleate,Amlodipine,maleate,0,salt/ester rollup: 'Amlodipine maleate' -> 'Amlodipine' (maleate)
ent_000827,ent_000826,Amobarbital sodium,Amobarbital,sodium,0,salt/ester rollup: 'Amobarbital sodium' -> 'Amobarbital' (sodium)
ent_000830,ent_000829,Amodiaquine hydrochloride,Amodiaquine,hydrochloride,0,salt/ester rollup: 'Amodiaquine hydrochloride' -> 'Amodiaquine' (hydrochloride)
ent_000860,ent_000856,Amphetamine sulfate,Amphetamine,sulfate,0,salt/ester rollup: 'Amphetamine sulfate' -> 'Amphetamine' (sulfate)
ent_000865,ent_000864,Ampicillin sodium,Ampicillin,sodium,1,salt/ester rollup: 'Ampicillin sodium' -> 'Ampicillin' (sodium)
ent_000868,ent_000867,Ampreloxetine hydrochloride,Ampreloxetine,hydrochloride,1,salt/ester rollup: 'Ampreloxetine hydrochloride' -> 'Ampreloxetine' (hydrochloride)
ent_000877,ent_000876,Amrubicin hydrochloride,Amrubicin,hydrochloride,0,salt/ester rollup: 'Amrubicin hydrochloride' -> 'Amrubicin' (hydrochloride)
ent_000899,ent_000898,Anagrelide hydrochloride,Anagrelide,hydrochloride,3,salt/ester rollup: 'Anagrelide hydrochloride' -> 'Anagrelide' (hydrochloride)
ent_000902,ent_000901,Anamorelin hydrochloride,Anamorelin,hydrochloride,1,salt/ester rollup: 'Anamorelin hydrochloride' -> 'Anamorelin' (hydrochloride)
ent_000911,ent_000910,Anazolene sodium,Anazolene,sodium,0,salt/ester rollup: 'Anazolene sodium' -> 'Anazolene' (sodium)
ent_000932,ent_000931,Angiotensin ii acetate,Angiotensin ii,acetate,2,salt/ester rollup: 'Angiotensin ii acetate' -> 'Angiotensin ii' (acetate)
ent_000938,ent_000937,Anileridine hydrochloride,Anileridine,hydrochloride,0,salt/ester rollup: 'Anileridine hydrochloride' -> 'Anileridine' (hydrochloride)
ent_000939,ent_000937,Anileridine phosphate,Anileridine,phosphate,0,salt/ester rollup: 'Anileridine phosphate' -> 'Anileridine' (phosphate)
ent_000971,ent_000970,Antazoline hydrochloride,Antazoline,hydrochloride,0,salt/ester rollup: 'Antazoline hydrochloride' -> 'Antazoline' (hydrochloride)
ent_000972,ent_000970,Antazoline phosphate,Antazoline,phosphate,0,salt/ester rollup: 'Antazoline phosphate' -> 'Antazoline' (phosphate)
ent_001024,ent_001023,Apilimod mesylate,Apilimod,mesylate,1,salt/ester rollup: 'Apilimod mesylate' -> 'Apilimod' (mesylate)
ent_001032,ent_001031,Aplaviroc hydrochloride,Aplaviroc,hydrochloride,0,salt/ester rollup: 'Aplaviroc hydrochloride' -> 'Aplaviroc' (hydrochloride)
ent_001034,ent_001033,Aplindore fumarate,Aplindore,fumarate,0,salt/ester rollup: 'Aplindore fumarate' -> 'Aplindore' (fumarate)
ent_001042,ent_001041,Apomorphine hydrochloride,Apomorphine,hydrochloride,5,salt/ester rollup: 'Apomorphine hydrochloride' -> 'Apomorphine' (hydrochloride)
ent_001046,ent_001045,Apraclonidine hydrochloride,Apraclonidine,hydrochloride,0,salt/ester rollup: 'Apraclonidine hydrochloride' -> 'Apraclonidine' (hydrochloride)
ent_001090,ent_001089,Arbutamine hydrochloride,Arbutamine,hydrochloride,0,salt/ester rollup: 'Arbutamine hydrochloride' -> 'Arbutamine' (hydrochloride)
ent_001103,ent_001102,Arformoterol tartrate,Arformoterol,tartrate,0,salt/ester rollup: 'Arformoterol tartrate' -> 'Arformoterol' (tartrate)
ent_001109,ent_001105,Arginine hydrochloride,Arginine,hydrochloride,5,salt/ester rollup: 'Arginine hydrochloride' -> 'Arginine' (hydrochloride)
ent_001116,ent_001115,Arimoclomol citrate,Arimoclomol,citrate,1,salt/ester rollup: 'Arimoclomol citrate' -> 'Arimoclomol' (citrate)
ent_001119,ent_001117,Aripiprazole monohydrate,Aripiprazole,monohydrate,2,salt/ester rollup: 'Aripiprazole monohydrate' -> 'Aripiprazole' (monohydrate)
ent_001121,ent_001120,Arlipoic acid choline ester chloride,Arlipoic acid choline ester,chloride,0,salt/ester rollup: 'Arlipoic acid choline ester chloride' -> 'Arlipoic acid choline ester' (chloride)
ent_001154,ent_001153,Articaine hydrochloride,Articaine,hydrochloride,3,salt/ester rollup: 'Articaine hydrochloride' -> 'Articaine' (hydrochloride)
ent_001160,ent_001159,Arzoxifene hydrochloride,Arzoxifene,hydrochloride,0,salt/ester rollup: 'Arzoxifene hydrochloride' -> 'Arzoxifene' (hydrochloride)
ent_001166,ent_001165,Asalhydromorphone hydrochloride,Asalhydromorphone,hydrochloride,0,salt/ester rollup: 'Asalhydromorphone hydrochloride' -> 'Asalhydromorphone' (hydrochloride)
ent_001171,ent_001170,Asciminib hydrochloride,Asciminib,hydrochloride,3,salt/ester rollup: 'Asciminib hydrochloride' -> 'Asciminib' (hydrochloride)
ent_001177,ent_001176,Asenapine maleate,Asenapine,maleate,1,salt/ester rollup: 'Asenapine maleate' -> 'Asenapine' (maleate)
ent_001208,ent_001207,Aspacytarabine hydrochloride,Aspacytarabine,hydrochloride,0,salt/ester rollup: 'Aspacytarabine hydrochloride' -> 'Aspacytarabine' (hydrochloride)
ent_001218,ent_001217,Aspirin trelamine hydrochloride,Aspirin trelamine,hydrochloride,0,salt/ester rollup: 'Aspirin trelamine hydrochloride' -> 'Aspirin trelamine' (hydrochloride)
ent_001225,ent_001224,Astodrimer sodium,Astodrimer,sodium,2,salt/ester rollup: 'Astodrimer sodium' -> 'Astodrimer' (sodium)
ent_001246,ent_001244,Atazanavir sulfate,Atazanavir,sulfate,5,salt/ester rollup: 'Atazanavir sulfate' -> 'Atazanavir' (sulfate)
ent_001279,ent_001278,Atomoxetine hydrochloride,Atomoxetine,hydrochloride,10,salt/ester rollup: 'Atomoxetine hydrochloride' -> 'Atomoxetine' (hydrochloride)
ent_001281,ent_001280,Atopaxar hydrobromide,Atopaxar,hydrobromide,0,salt/ester rollup: 'Atopaxar hydrobromide' -> 'Atopaxar' (hydrobromide)
ent_001284,ent_001283,Atorvastatin calcium,Atorvastatin,calcium,8,salt/ester rollup: 'Atorvastatin calcium' -> 'Atorvastatin' (calcium)
ent_001287,ent_001285,Atosiban acetate,Atosiban,acetate,0,salt/ester rollup: 'Atosiban acetate' -> 'Atosiban' (acetate)
ent_001290,ent_001289,Atracurium besylate,Atracurium,besylate,2,salt/ester rollup: 'Atracurium besylate' -> 'Atracurium' (besylate)
ent_001292,ent_001291,Atrasentan hydrochloride,Atrasentan,hydrochloride,0,salt/ester rollup: 'Atrasentan hydrochloride' -> 'Atrasentan' (hydrochloride)
ent_001299,ent_001297,Atropine sulfate,Atropine,sulfate,6,salt/ester rollup: 'Atropine sulfate' -> 'Atropine' (sulfate)
ent_001317,ent_001316,Aumolertinib mesilate,Aumolertinib,mesilate,0,salt/ester rollup: 'Aumolertinib mesilate' -> 'Aumolertinib' (mesilate)
ent_001318,ent_001316,Aumolertinib mesylate,Aumolertinib,mesylate,0,salt/ester rollup: 'Aumolertinib mesylate' -> 'Aumolertinib' (mesylate)
ent_001342,ent_001341,Avacincaptad pegol sodium,Avacincaptad pegol,sodium,0,salt/ester rollup: 'Avacincaptad pegol sodium' -> 'Avacincaptad pegol' (sodium)
ent_001354,ent_001353,Avatrombopag maleate,Avatrombopag,maleate,2,salt/ester rollup: 'Avatrombopag maleate' -> 'Avatrombopag' (maleate)
ent_001363,ent_001362,Avexitide acetate,Avexitide,acetate,0,salt/ester rollup: 'Avexitide acetate' -> 'Avexitide' (acetate)
ent_001372,ent_001371,Avibactam sodium,Avibactam,sodium,2,salt/ester rollup: 'Avibactam sodium' -> 'Avibactam' (sodium)
ent_001399,ent_001398,Avutometinib potassium,Avutometinib,potassium,0,salt/ester rollup: 'Avutometinib potassium' -> 'Avutometinib' (potassium)
ent_001427,ent_001426,Azamethonium bromide,Azamethonium,bromide,0,salt/ester rollup: 'Azamethonium bromide' -> 'Azamethonium' (bromide)
ent_001438,ent_001437,Azaspirium chloride,Azaspirium,chloride,0,salt/ester rollup: 'Azaspirium chloride' -> 'Azaspirium' (chloride)
ent_001441,ent_001440,Azatadine maleate,Azatadine,maleate,0,salt/ester rollup: 'Azatadine maleate' -> 'Azatadine' (maleate)
ent_001443,ent_001442,Azathioprine sodium,Azathioprine,sodium,0,salt/ester rollup: 'Azathioprine sodium' -> 'Azathioprine' (sodium)
ent_001520,ent_001519,Azelastine hydrochloride,Azelastine,hydrochloride,4,salt/ester rollup: 'Azelastine hydrochloride' -> 'Azelastine' (hydrochloride)
ent_001524,ent_001523,Azeloprazole sodium,Azeloprazole,sodium,0,salt/ester rollup: 'Azeloprazole sodium' -> 'Azeloprazole' (sodium)
ent_001549,ent_001548,Azithromycin monohydrate,Azithromycin,monohydrate,3,salt/ester rollup: 'Azithromycin monohydrate' -> 'Azithromycin' (monohydrate)
ent_001551,ent_001550,Azlocillin sodium,Azlocillin,sodium,0,salt/ester rollup: 'Azlocillin sodium' -> 'Azlocillin' (sodium)
ent_001563,ent_001562,Bacampicillin hydrochloride,Bacampicillin,hydrochloride,0,salt/ester rollup: 'Bacampicillin hydrochloride' -> 'Bacampicillin' (hydrochloride)
ent_001593,ent_001592,Balsalazide disodium,Balsalazide,disodium,0,salt/ester rollup: 'Balsalazide disodium' -> 'Balsalazide' (disodium)
ent_001611,ent_001610,Bamocaftor potassium,Bamocaftor,potassium,0,salt/ester rollup: 'Bamocaftor potassium' -> 'Bamocaftor' (potassium)
ent_001619,ent_001618,Barbital sodium,Barbital,sodium,0,salt/ester rollup: 'Barbital sodium' -> 'Barbital' (sodium)
ent_001640,ent_001639,Batabulin sodium,Batabulin,sodium,0,salt/ester rollup: 'Batabulin sodium' -> 'Batabulin' (sodium)
ent_001670,ent_001669,Bazedoxifene acetate,Bazedoxifene,acetate,1,salt/ester rollup: 'Bazedoxifene acetate' -> 'Bazedoxifene' (acetate)
ent_001691,ent_001690,Beclometasone dipropionate|formoterol fumarate dihydrate|glycopyrronium bromide,Beclometasone dipropionate|formoterol fumarate dihydrate|glycopyrronium,bromide,2,salt/ester rollup: 'Beclometasone dipropionate|formoterol fumarate dihydrate|glycopyrronium bromide' -> 'Beclometasone dipropionate|formoterol fumarate dihydrate|glycopyrronium' (bromide)
ent_001693,ent_001692,Beclomethasone dipropionate,Beclomethasone,dipropionate,17,salt/ester rollup: 'Beclomethasone dipropionate' -> 'Beclomethasone' (dipropionate)
ent_001701,ent_001700,Bedaquiline fumarate,Bedaquiline,fumarate,1,salt/ester rollup: 'Bedaquiline fumarate' -> 'Bedaquiline' (fumarate)
ent_001705,ent_001704,Bedoradrine sulfate,Bedoradrine,sulfate,0,salt/ester rollup: 'Bedoradrine sulfate' -> 'Bedoradrine' (sulfate)
ent_001732,ent_001731,Belotecan hydrochloride,Belotecan,hydrochloride,0,salt/ester rollup: 'Belotecan hydrochloride' -> 'Belotecan' (hydrochloride)
ent_001738,ent_001737,Belumosudil mesilate,Belumosudil,mesilate,0,salt/ester rollup: 'Belumosudil mesilate' -> 'Belumosudil' (mesilate)
ent_001739,ent_001737,Belumosudil mesylate,Belumosudil,mesylate,0,salt/ester rollup: 'Belumosudil mesylate' -> 'Belumosudil' (mesylate)
ent_001754,ent_001753,Bemiparin sodium,Bemiparin,sodium,2,salt/ester rollup: 'Bemiparin sodium' -> 'Bemiparin' (sodium)
ent_001757,ent_001756,Bemnifosbuvir sulfate,Bemnifosbuvir,sulfate,1,salt/ester rollup: 'Bemnifosbuvir sulfate' -> 'Bemnifosbuvir' (sulfate)
ent_001770,ent_001769,Benazepril hydrochloride,Benazepril,hydrochloride,0,salt/ester rollup: 'Benazepril hydrochloride' -> 'Benazepril' (hydrochloride)
ent_001781,ent_001779,Bendamustine hydrochloride,Bendamustine,hydrochloride,5,salt/ester rollup: 'Bendamustine hydrochloride' -> 'Bendamustine' (hydrochloride)
ent_001802,ent_001801,Benoxinate hydrochloride,Benoxinate,hydrochloride,0,salt/ester rollup: 'Benoxinate hydrochloride' -> 'Benoxinate' (hydrochloride)
ent_001821,ent_001820,Benzalkonium chloride,Benzalkonium,chloride,3,salt/ester rollup: 'Benzalkonium chloride' -> 'Benzalkonium' (chloride)
ent_001828,ent_001827,Benzethonium chloride,Benzethonium,chloride,0,salt/ester rollup: 'Benzethonium chloride' -> 'Benzethonium' (chloride)
ent_001831,ent_001830,Benzgalantamine gluconate,Benzgalantamine,gluconate,0,salt/ester rollup: 'Benzgalantamine gluconate' -> 'Benzgalantamine' (gluconate)
ent_001833,ent_001832,Benzhydrocodone hydrochloride,Benzhydrocodone,hydrochloride,0,salt/ester rollup: 'Benzhydrocodone hydrochloride' -> 'Benzhydrocodone' (hydrochloride)
ent_001835,ent_001834,Benzilonium bromide,Benzilonium,bromide,0,salt/ester rollup: 'Benzilonium bromide' -> 'Benzilonium' (bromide)
ent_001847,ent_001846,Benzododecinium chloride,Benzododecinium,chloride,0,salt/ester rollup: 'Benzododecinium chloride' -> 'Benzododecinium' (chloride)
ent_001850,ent_001849,Benzopyrronium bromide,Benzopyrronium,bromide,0,salt/ester rollup: 'Benzopyrronium bromide' -> 'Benzopyrronium' (bromide)
ent_001854,ent_001853,Benzoxonium chloride,Benzoxonium,chloride,0,salt/ester rollup: 'Benzoxonium chloride' -> 'Benzoxonium' (chloride)
ent_001857,ent_001856,Benzoylpas calcium,Benzoylpas,calcium,0,salt/ester rollup: 'Benzoylpas calcium' -> 'Benzoylpas' (calcium)
ent_001860,ent_001859,Benzphetamine hydrochloride,Benzphetamine,hydrochloride,0,salt/ester rollup: 'Benzphetamine hydrochloride' -> 'Benzphetamine' (hydrochloride)
ent_001863,ent_001862,Benzpyrinium bromide,Benzpyrinium,bromide,0,salt/ester rollup: 'Benzpyrinium bromide' -> 'Benzpyrinium' (bromide)
ent_001866,ent_001865,Benzquinamide hydrochloride,Benzquinamide,hydrochloride,0,salt/ester rollup: 'Benzquinamide hydrochloride' -> 'Benzquinamide' (hydrochloride)
ent_001869,ent_001868,Benztropine mesylate,Benztropine,mesylate,1,salt/ester rollup: 'Benztropine mesylate' -> 'Benztropine' (mesylate)
ent_001871,ent_001870,Benzydamine hydrochloride,Benzydamine,hydrochloride,10,salt/ester rollup: 'Benzydamine hydrochloride' -> 'Benzydamine' (hydrochloride)
ent_001882,ent_001881,Bepirovirsen sodium,Bepirovirsen,sodium,0,salt/ester rollup: 'Bepirovirsen sodium' -> 'Bepirovirsen' (sodium)
ent_001884,ent_001883,Bepotastine besylate,Bepotastine,besylate,0,salt/ester rollup: 'Bepotastine besylate' -> 'Bepotastine' (besylate)
ent_001887,ent_001886,Bepridil hydrochloride,Bepridil,hydrochloride,0,salt/ester rollup: 'Bepridil hydrochloride' -> 'Bepridil' (hydrochloride)
ent_001891,ent_001890,Beraprost sodium,Beraprost,sodium,1,salt/ester rollup: 'Beraprost sodium' -> 'Beraprost' (sodium)
ent_001893,ent_001892,Berberine chloride,Berberine,chloride,0,salt/ester rollup: 'Berberine chloride' -> 'Berberine' (chloride)
ent_001906,ent_001905,Beroterkib anhydrous,Beroterkib,anhydrous,0,salt/ester rollup: 'Beroterkib anhydrous' -> 'Beroterkib' (anhydrous)
ent_001909,ent_001907,Berotralstat hydrochloride,Berotralstat,hydrochloride,0,salt/ester rollup: 'Berotralstat hydrochloride' -> 'Berotralstat' (hydrochloride)
ent_001912,ent_001911,Bersiporocin hydrochloride,Bersiporocin,hydrochloride,0,salt/ester rollup: 'Bersiporocin hydrochloride' -> 'Bersiporocin' (hydrochloride)
ent_001916,ent_001915,Berubicin hydrochloride,Berubicin,hydrochloride,1,salt/ester rollup: 'Berubicin hydrochloride' -> 'Berubicin' (hydrochloride)
ent_001922,ent_001921,Besifloxacin hydrochloride,Besifloxacin,hydrochloride,0,salt/ester rollup: 'Besifloxacin hydrochloride' -> 'Besifloxacin' (hydrochloride)
ent_001925,ent_001924,Besigliptin tosylate,Besigliptin,tosylate,0,salt/ester rollup: 'Besigliptin tosylate' -> 'Besigliptin' (tosylate)
ent_001937,ent_001936,Betahistine hydrochloride,Betahistine,hydrochloride,3,salt/ester rollup: 'Betahistine hydrochloride' -> 'Betahistine' (hydrochloride)
ent_001939,ent_001938,Betaine anhydrous,Betaine,anhydrous,0,salt/ester rollup: 'Betaine anhydrous' -> 'Betaine' (anhydrous)
ent_001940,ent_001938,Betaine hydrochloride,Betaine,hydrochloride,0,salt/ester rollup: 'Betaine hydrochloride' -> 'Betaine' (hydrochloride)
ent_001944,ent_001943,Betamethasone acetate,Betamethasone,acetate,2,salt/ester rollup: 'Betamethasone acetate' -> 'Betamethasone' (acetate)
ent_001949,ent_001943,Betamethasone dipropionate,Betamethasone,dipropionate,11,salt/ester rollup: 'Betamethasone dipropionate' -> 'Betamethasone' (dipropionate)
ent_001952,ent_001943,Betamethasone valerate,Betamethasone,valerate,9,salt/ester rollup: 'Betamethasone valerate' -> 'Betamethasone' (valerate)
ent_001958,ent_001957,Betaxolol hydrochloride,Betaxolol,hydrochloride,0,salt/ester rollup: 'Betaxolol hydrochloride' -> 'Betaxolol' (hydrochloride)
ent_001960,ent_001959,Betazole hydrochloride,Betazole,hydrochloride,0,salt/ester rollup: 'Betazole hydrochloride' -> 'Betazole' (hydrochloride)
ent_001963,ent_001962,Bethanechol chloride,Bethanechol,chloride,1,salt/ester rollup: 'Bethanechol chloride' -> 'Bethanechol' (chloride)
ent_001965,ent_001964,Bethanidine sulfate,Bethanidine,sulfate,0,salt/ester rollup: 'Bethanidine sulfate' -> 'Bethanidine' (sulfate)
ent_001971,ent_001970,Betrixaban maleate,Betrixaban,maleate,0,salt/ester rollup: 'Betrixaban maleate' -> 'Betrixaban' (maleate)
ent_001977,ent_001976,Bevantolol hydrochloride,Bevantolol,hydrochloride,1,salt/ester rollup: 'Bevantolol hydrochloride' -> 'Bevantolol' (hydrochloride)
ent_002029,ent_002028,Bibenzonium bromide,Bibenzonium,bromide,0,salt/ester rollup: 'Bibenzonium bromide' -> 'Bibenzonium' (bromide)
ent_002041,ent_002040,Bictegravir sodium,Bictegravir,sodium,1,salt/ester rollup: 'Bictegravir sodium' -> 'Bictegravir' (sodium)
ent_002104,ent_002103,Biperiden hydrochloride,Biperiden,hydrochloride,0,salt/ester rollup: 'Biperiden hydrochloride' -> 'Biperiden' (hydrochloride)
ent_002105,ent_002103,Biperiden lactate,Biperiden,lactate,1,salt/ester rollup: 'Biperiden lactate' -> 'Biperiden' (lactate)
ent_002126,ent_002125,Bismuth subcitrate potassium,Bismuth subcitrate,potassium,1,salt/ester rollup: 'Bismuth subcitrate potassium' -> 'Bismuth subcitrate' (potassium)
ent_002134,ent_002133,Bisoprolol fumarate,Bisoprolol,fumarate,7,salt/ester rollup: 'Bisoprolol fumarate' -> 'Bisoprolol' (fumarate)
ent_002143,ent_002142,Bitolterol mesylate,Bitolterol,mesylate,0,salt/ester rollup: 'Bitolterol mesylate' -> 'Bitolterol' (mesylate)
ent_002160,ent_002159,Blarcamesine hydrochloride,Blarcamesine,hydrochloride,2,salt/ester rollup: 'Blarcamesine hydrochloride' -> 'Blarcamesine' (hydrochloride)
ent_002163,ent_002161,Bleomycin sulfate,Bleomycin,sulfate,5,salt/ester rollup: 'Bleomycin sulfate' -> 'Bleomycin' (sulfate)
ent_002254,ent_002253,Bocidelpar sulfate,Bocidelpar,sulfate,0,salt/ester rollup: 'Bocidelpar sulfate' -> 'Bocidelpar' (sulfate)
ent_002257,ent_002256,Bocodepsin besylate,Bocodepsin,besylate,0,salt/ester rollup: 'Bocodepsin besylate' -> 'Bocodepsin' (besylate)
ent_002269,ent_002268,Bomedemstat tosylate,Bomedemstat,tosylate,0,salt/ester rollup: 'Bomedemstat tosylate' -> 'Bomedemstat' (tosylate)
ent_002293,ent_002291,Bosutinib monohydrate,Bosutinib,monohydrate,0,salt/ester rollup: 'Bosutinib monohydrate' -> 'Bosutinib' (monohydrate)
ent_002317,ent_002316,Branaplam hydrochloride,Branaplam,hydrochloride,0,salt/ester rollup: 'Branaplam hydrochloride' -> 'Branaplam' (hydrochloride)
ent_002328,ent_002327,Bremelanotide acetate,Bremelanotide,acetate,0,salt/ester rollup: 'Bremelanotide acetate' -> 'Bremelanotide' (acetate)
ent_002332,ent_002331,Brensocatib monohydrate,Brensocatib,monohydrate,0,salt/ester rollup: 'Brensocatib monohydrate' -> 'Brensocatib' (monohydrate)
ent_002335,ent_002334,Brepocitinib tosylate,Brepocitinib,tosylate,0,salt/ester rollup: 'Brepocitinib tosylate' -> 'Brepocitinib' (tosylate)
ent_002337,ent_002336,Brequinar sodium,Brequinar,sodium,0,salt/ester rollup: 'Brequinar sodium' -> 'Brequinar' (sodium)
ent_002340,ent_002339,Bretylium tosylate,Bretylium,tosylate,0,salt/ester rollup: 'Bretylium tosylate' -> 'Bretylium' (tosylate)
ent_002348,ent_002347,Briciclib sodium,Briciclib,sodium,0,salt/ester rollup: 'Briciclib sodium' -> 'Briciclib' (sodium)
ent_002356,ent_002355,Brilaroxazine hydrochloride,Brilaroxazine,hydrochloride,0,salt/ester rollup: 'Brilaroxazine hydrochloride' -> 'Brilaroxazine' (hydrochloride)
ent_002362,ent_002361,Brimonidine tartrate,Brimonidine,tartrate,4,salt/ester rollup: 'Brimonidine tartrate' -> 'Brimonidine' (tartrate)
ent_002402,ent_002401,Bromfenac sodium,Bromfenac,sodium,1,salt/ester rollup: 'Bromfenac sodium' -> 'Bromfenac' (sodium)
ent_002405,ent_002404,Bromhexine hydrochloride,Bromhexine,hydrochloride,0,salt/ester rollup: 'Bromhexine hydrochloride' -> 'Bromhexine' (hydrochloride)
ent_002410,ent_002409,Bromocriptine mesylate,Bromocriptine,mesylate,1,salt/ester rollup: 'Bromocriptine mesylate' -> 'Bromocriptine' (mesylate)
ent_002412,ent_002411,Bromodiphenhydramine hydrochloride,Bromodiphenhydramine,hydrochloride,0,salt/ester rollup: 'Bromodiphenhydramine hydrochloride' -> 'Bromodiphenhydramine' (hydrochloride)
ent_002419,ent_002418,Brompheniramine maleate,Brompheniramine,maleate,0,salt/ester rollup: 'Brompheniramine maleate' -> 'Brompheniramine' (maleate)
ent_002453,ent_002452,Bucindolol hydrochloride,Bucindolol,hydrochloride,1,salt/ester rollup: 'Bucindolol hydrochloride' -> 'Bucindolol' (hydrochloride)
ent_002456,ent_002455,Buclizine hydrochloride,Buclizine,hydrochloride,0,salt/ester rollup: 'Buclizine hydrochloride' -> 'Buclizine' (hydrochloride)
ent_002487,ent_002486,Bulevirtide acetate,Bulevirtide,acetate,0,salt/ester rollup: 'Bulevirtide acetate' -> 'Bulevirtide' (acetate)
ent_002503,ent_002502,Buntanetap tartrate,Buntanetap,tartrate,1,salt/ester rollup: 'Buntanetap tartrate' -> 'Buntanetap' (tartrate)
ent_002508,ent_002507,Bupivacaine hydrochloride,Bupivacaine,hydrochloride,27,salt/ester rollup: 'Bupivacaine hydrochloride' -> 'Bupivacaine' (hydrochloride)
ent_002512,ent_002511,Buprenorphine hydrochloride,Buprenorphine,hydrochloride,10,salt/ester rollup: 'Buprenorphine hydrochloride' -> 'Buprenorphine' (hydrochloride)
ent_002516,ent_002515,Bupropion hydrobromide,Bupropion,hydrobromide,0,salt/ester rollup: 'Bupropion hydrobromide' -> 'Bupropion' (hydrobromide)
ent_002517,ent_002515,Bupropion hydrochloride,Bupropion,hydrochloride,3,salt/ester rollup: 'Bupropion hydrochloride' -> 'Bupropion' (hydrochloride)
ent_002529,ent_002528,Buserelin acetate,Buserelin,acetate,4,salt/ester rollup: 'Buserelin acetate' -> 'Buserelin' (acetate)
ent_002531,ent_002530,Buspirone hydrochloride,Buspirone,hydrochloride,5,salt/ester rollup: 'Buspirone hydrochloride' -> 'Buspirone' (hydrochloride)
ent_002534,ent_002533,Butabarbital sodium,Butabarbital,sodium,0,salt/ester rollup: 'Butabarbital sodium' -> 'Butabarbital' (sodium)
ent_002544,ent_002543,Butamirate citrate,Butamirate,citrate,0,salt/ester rollup: 'Butamirate citrate' -> 'Butamirate' (citrate)
ent_002557,ent_002556,Butenafine hydrochloride,Butenafine,hydrochloride,0,salt/ester rollup: 'Butenafine hydrochloride' -> 'Butenafine' (hydrochloride)
ent_002561,ent_002560,Buthalital sodium,Buthalital,sodium,0,salt/ester rollup: 'Buthalital sodium' -> 'Buthalital' (sodium)
ent_002574,ent_002573,Butoconazole nitrate,Butoconazole,nitrate,0,salt/ester rollup: 'Butoconazole nitrate' -> 'Butoconazole' (nitrate)
ent_002585,ent_002584,Butorphanol tartrate,Butorphanol,tartrate,0,salt/ester rollup: 'Butorphanol tartrate' -> 'Butorphanol' (tartrate)
ent_002590,ent_002589,Butropium bromide,Butropium,bromide,0,salt/ester rollup: 'Butropium bromide' -> 'Butropium' (bromide)
ent_002593,ent_002592,Butylscopolamine bromide,Butylscopolamine,bromide,8,salt/ester rollup: 'Butylscopolamine bromide' -> 'Butylscopolamine' (bromide)
ent_002617,ent_002616,Cabotegravir sodium,Cabotegravir,sodium,1,salt/ester rollup: 'Cabotegravir sodium' -> 'Cabotegravir' (sodium)
ent_002634,ent_002633,Caffeine citrate,Caffeine,citrate,3,salt/ester rollup: 'Caffeine citrate' -> 'Caffeine' (citrate)
ent_002643,ent_002642,Calcifediol anhydrous,Calcifediol,anhydrous,0,salt/ester rollup: 'Calcifediol anhydrous' -> 'Calcifediol' (anhydrous)
ent_002674,ent_002673,Caldaret monohydrate,Caldaret,monohydrate,0,salt/ester rollup: 'Caldaret monohydrate' -> 'Caldaret' (monohydrate)
ent_002700,ent_002699,Camostat mesilate,Camostat,mesilate,2,salt/ester rollup: 'Camostat mesilate' -> 'Camostat' (mesilate)
ent_002708,ent_002707,Canagliflozin anhydrous,Canagliflozin,anhydrous,0,salt/ester rollup: 'Canagliflozin anhydrous' -> 'Canagliflozin' (anhydrous)
ent_002725,ent_002724,Canfosfamide hydrochloride,Canfosfamide,hydrochloride,1,salt/ester rollup: 'Canfosfamide hydrochloride' -> 'Canfosfamide' (hydrochloride)
ent_002744,ent_002743,Canrenoate potassium,Canrenoate,potassium,7,salt/ester rollup: 'Canrenoate potassium' -> 'Canrenoate' (potassium)
ent_002758,ent_002756,Capmatinib hydrochloride,Capmatinib,hydrochloride,0,salt/ester rollup: 'Capmatinib hydrochloride' -> 'Capmatinib' (hydrochloride)
ent_002762,ent_002761,Capreomycin sulfate,Capreomycin,sulfate,0,salt/ester rollup: 'Capreomycin sulfate' -> 'Capreomycin' (sulfate)
ent_002766,ent_002765,Capromorelin tartrate,Capromorelin,tartrate,0,salt/ester rollup: 'Capromorelin tartrate' -> 'Capromorelin' (tartrate)
ent_002789,ent_002788,Carbaspirin calcium,Carbaspirin,calcium,2,salt/ester rollup: 'Carbaspirin calcium' -> 'Carbaspirin' (calcium)
ent_002796,ent_002795,Carbenicillin disodium,Carbenicillin,disodium,0,salt/ester rollup: 'Carbenicillin disodium' -> 'Carbenicillin' (disodium)
ent_002798,ent_002797,Carbenicillin indanyl sodium,Carbenicillin indanyl,sodium,0,salt/ester rollup: 'Carbenicillin indanyl sodium' -> 'Carbenicillin indanyl' (sodium)
ent_002801,ent_002800,Carbenoxolone sodium,Carbenoxolone,sodium,1,salt/ester rollup: 'Carbenoxolone sodium' -> 'Carbenoxolone' (sodium)
ent_002804,ent_002803,Carbetapentane citrate,Carbetapentane,citrate,0,salt/ester rollup: 'Carbetapentane citrate' -> 'Carbetapentane' (citrate)
ent_002808,ent_002807,Carbidopa anhydrous,Carbidopa,anhydrous,0,salt/ester rollup: 'Carbidopa anhydrous' -> 'Carbidopa' (anhydrous)
ent_002813,ent_002812,Carbinoxamine maleate,Carbinoxamine,maleate,0,salt/ester rollup: 'Carbinoxamine maleate' -> 'Carbinoxamine' (maleate)
ent_002837,ent_002836,Carcainium chloride,Carcainium,chloride,0,salt/ester rollup: 'Carcainium chloride' -> 'Carcainium' (chloride)
ent_002849,ent_002848,Cariprazine hydrochloride,Cariprazine,hydrochloride,4,salt/ester rollup: 'Cariprazine hydrochloride' -> 'Cariprazine' (hydrochloride)
ent_002872,ent_002871,Carphenazine maleate,Carphenazine,maleate,0,salt/ester rollup: 'Carphenazine maleate' -> 'Carphenazine' (maleate)
ent_002878,ent_002877,Carpronium chloride,Carpronium,chloride,0,salt/ester rollup: 'Carpronium chloride' -> 'Carpronium' (chloride)
ent_002886,ent_002885,Carteolol hydrochloride,Carteolol,hydrochloride,1,salt/ester rollup: 'Carteolol hydrochloride' -> 'Carteolol' (hydrochloride)
ent_002891,ent_002890,Carvedilol phosphate,Carvedilol,phosphate,0,salt/ester rollup: 'Carvedilol phosphate' -> 'Carvedilol' (phosphate)
ent_002905,ent_002903,Caspofungin acetate,Caspofungin,acetate,8,salt/ester rollup: 'Caspofungin acetate' -> 'Caspofungin' (acetate)
ent_002910,ent_002908,Catequentinib hydrochloride,Catequentinib,hydrochloride,1,salt/ester rollup: 'Catequentinib hydrochloride' -> 'Catequentinib' (hydrochloride)
ent_002957,ent_002956,Cediranib maleate,Cediranib,maleate,0,salt/ester rollup: 'Cediranib maleate' -> 'Cediranib' (maleate)
ent_002960,ent_002959,Cefaclor anhydrous,Cefaclor,anhydrous,0,salt/ester rollup: 'Cefaclor anhydrous' -> 'Cefaclor' (anhydrous)
ent_002972,ent_002971,Cefazolin sodium,Cefazolin,sodium,3,salt/ester rollup: 'Cefazolin sodium' -> 'Cefazolin' (sodium)
ent_002986,ent_002984,Cefepime hydrochloride,Cefepime,hydrochloride,4,salt/ester rollup: 'Cefepime hydrochloride' -> 'Cefepime' (hydrochloride)
ent_002999,ent_002998,Cefmenoxime hydrochloride,Cefmenoxime,hydrochloride,0,salt/ester rollup: 'Cefmenoxime hydrochloride' -> 'Cefmenoxime' (hydrochloride)
ent_003001,ent_003000,Cefmepidium chloride,Cefmepidium,chloride,0,salt/ester rollup: 'Cefmepidium chloride' -> 'Cefmepidium' (chloride)
ent_003003,ent_003002,Cefmetazole sodium,Cefmetazole,sodium,0,salt/ester rollup: 'Cefmetazole sodium' -> 'Cefmetazole' (sodium)
ent_003007,ent_003006,Cefonicid sodium,Cefonicid,sodium,0,salt/ester rollup: 'Cefonicid sodium' -> 'Cefonicid' (sodium)
ent_003009,ent_003008,Cefoperazone sodium,Cefoperazone,sodium,0,salt/ester rollup: 'Cefoperazone sodium' -> 'Cefoperazone' (sodium)
ent_003013,ent_003012,Cefotaxime sodium,Cefotaxime,sodium,1,salt/ester rollup: 'Cefotaxime sodium' -> 'Cefotaxime' (sodium)
ent_003015,ent_003014,Cefotetan disodium,Cefotetan,disodium,0,salt/ester rollup: 'Cefotetan disodium' -> 'Cefotetan' (disodium)
ent_003017,ent_003016,Cefotiam hydrochloride,Cefotiam,hydrochloride,0,salt/ester rollup: 'Cefotiam hydrochloride' -> 'Cefotiam' (hydrochloride)
ent_003022,ent_003021,Cefoxitin sodium,Cefoxitin,sodium,0,salt/ester rollup: 'Cefoxitin sodium' -> 'Cefoxitin' (sodium)
ent_003026,ent_003025,Cefpiramide sodium,Cefpiramide,sodium,0,salt/ester rollup: 'Cefpiramide sodium' -> 'Cefpiramide' (sodium)
ent_003028,ent_003027,Cefpirome sulfate,Cefpirome,sulfate,1,salt/ester rollup: 'Cefpirome sulfate' -> 'Cefpirome' (sulfate)
ent_003039,ent_003038,Ceftaroline fosamil acetate,Ceftaroline fosamil,acetate,0,salt/ester rollup: 'Ceftaroline fosamil acetate' -> 'Ceftaroline fosamil' (acetate)
ent_003041,ent_003040,Ceftazidime sodium,Ceftazidime,sodium,0,salt/ester rollup: 'Ceftazidime sodium' -> 'Ceftazidime' (sodium)
ent_003045,ent_003044,Ceftibuten dihydrate,Ceftibuten,dihydrate,0,salt/ester rollup: 'Ceftibuten dihydrate' -> 'Ceftibuten' (dihydrate)
ent_003051,ent_003049,Ceftizoxime sodium,Ceftizoxime,sodium,0,salt/ester rollup: 'Ceftizoxime sodium' -> 'Ceftizoxime' (sodium)
ent_003055,ent_003053,Ceftobiprole medocaril sodium,Ceftobiprole medocaril,sodium,2,salt/ester rollup: 'Ceftobiprole medocaril sodium' -> 'Ceftobiprole medocaril' (sodium)
ent_003057,ent_003056,Ceftolozane sulfate,Ceftolozane,sulfate,0,salt/ester rollup: 'Ceftolozane sulfate' -> 'Ceftolozane' (sulfate)
ent_003060,ent_003059,Ceftriaxone sodium,Ceftriaxone,sodium,3,salt/ester rollup: 'Ceftriaxone sodium' -> 'Ceftriaxone' (sodium)
ent_003064,ent_003062,Cefuroxime sodium,Cefuroxime,sodium,2,salt/ester rollup: 'Cefuroxime sodium' -> 'Cefuroxime' (sodium)
ent_003068,ent_003067,Celgosivir hydrochloride,Celgosivir,hydrochloride,0,salt/ester rollup: 'Celgosivir hydrochloride' -> 'Celgosivir' (hydrochloride)
ent_003070,ent_003069,Celiprolol hydrochloride,Celiprolol,hydrochloride,1,salt/ester rollup: 'Celiprolol hydrochloride' -> 'Celiprolol' (hydrochloride)
ent_003093,ent_003092,Cenersen sodium,Cenersen,sodium,0,salt/ester rollup: 'Cenersen sodium' -> 'Cenersen' (sodium)
ent_003095,ent_003094,Cenicriviroc mesylate,Cenicriviroc,mesylate,1,salt/ester rollup: 'Cenicriviroc mesylate' -> 'Cenicriviroc' (mesylate)
ent_003101,ent_003100,Centanafadine hydrochloride,Centanafadine,hydrochloride,0,salt/ester rollup: 'Centanafadine hydrochloride' -> 'Centanafadine' (hydrochloride)
ent_003104,ent_003103,Centhaquine citrate,Centhaquine,citrate,0,salt/ester rollup: 'Centhaquine citrate' -> 'Centhaquine' (citrate)
ent_003121,ent_003120,Cephalexin anhydrous,Cephalexin,anhydrous,0,salt/ester rollup: 'Cephalexin anhydrous' -> 'Cephalexin' (anhydrous)
ent_003122,ent_003120,Cephalexin hydrochloride,Cephalexin,hydrochloride,0,salt/ester rollup: 'Cephalexin hydrochloride' -> 'Cephalexin' (hydrochloride)
ent_003127,ent_003126,Cephalothin sodium,Cephalothin,sodium,0,salt/ester rollup: 'Cephalothin sodium' -> 'Cephalothin' (sodium)
ent_003129,ent_003128,Cephapirin sodium,Cephapirin,sodium,0,salt/ester rollup: 'Cephapirin sodium' -> 'Cephapirin' (sodium)
ent_003140,ent_003139,Cerivastatin sodium,Cerivastatin,sodium,0,salt/ester rollup: 'Cerivastatin sodium' -> 'Cerivastatin' (sodium)
ent_003149,ent_003148,Certoparin sodium,Certoparin,sodium,1,salt/ester rollup: 'Certoparin sodium' -> 'Certoparin' (sodium)
ent_003156,ent_003155,Cetalkonium chloride,Cetalkonium,chloride,0,salt/ester rollup: 'Cetalkonium chloride' -> 'Cetalkonium' (chloride)
ent_003161,ent_003160,Cethexonium chloride,Cethexonium,chloride,0,salt/ester rollup: 'Cethexonium chloride' -> 'Cethexonium' (chloride)
ent_003166,ent_003165,Cetirizine hydrochloride,Cetirizine,hydrochloride,3,salt/ester rollup: 'Cetirizine hydrochloride' -> 'Cetirizine' (hydrochloride)
ent_003177,ent_003176,Cetrimonium bromide,Cetrimonium,bromide,0,salt/ester rollup: 'Cetrimonium bromide' -> 'Cetrimonium' (bromide)
ent_003180,ent_003178,Cetrorelix acetate,Cetrorelix,acetate,2,salt/ester rollup: 'Cetrorelix acetate' -> 'Cetrorelix' (acetate)
ent_003186,ent_003185,Cetylpyridinium chloride,Cetylpyridinium,chloride,1,salt/ester rollup: 'Cetylpyridinium chloride' -> 'Cetylpyridinium' (chloride)
ent_003189,ent_003188,Cevimeline hydrochloride,Cevimeline,hydrochloride,0,salt/ester rollup: 'Cevimeline hydrochloride' -> 'Cevimeline' (hydrochloride)
ent_003223,ent_003222,Chlophedianol hydrochloride,Chlophedianol,hydrochloride,0,salt/ester rollup: 'Chlophedianol hydrochloride' -> 'Chlophedianol' (hydrochloride)
ent_003237,ent_003236,Chlorcyclizine hydrochloride,Chlorcyclizine,hydrochloride,0,salt/ester rollup: 'Chlorcyclizine hydrochloride' -> 'Chlorcyclizine' (hydrochloride)
ent_003240,ent_003239,Chlordiazepoxide hydrochloride,Chlordiazepoxide,hydrochloride,0,salt/ester rollup: 'Chlordiazepoxide hydrochloride' -> 'Chlordiazepoxide' (hydrochloride)
ent_003245,ent_003243,Chlorhexidine gluconate,Chlorhexidine,gluconate,18,salt/ester rollup: 'Chlorhexidine gluconate' -> 'Chlorhexidine' (gluconate)
ent_003250,ent_003249,Chlorisondamine chloride,Chlorisondamine,chloride,0,salt/ester rollup: 'Chlorisondamine chloride' -> 'Chlorisondamine' (chloride)
ent_003268,ent_003267,Chloroprocaine hydrochloride,Chloroprocaine,hydrochloride,3,salt/ester rollup: 'Chloroprocaine hydrochloride' -> 'Chloroprocaine' (hydrochloride)
ent_003271,ent_003270,Chloroquine hydrochloride,Chloroquine,hydrochloride,0,salt/ester rollup: 'Chloroquine hydrochloride' -> 'Chloroquine' (hydrochloride)
ent_003272,ent_003270,Chloroquine phosphate,Chloroquine,phosphate,2,salt/ester rollup: 'Chloroquine phosphate' -> 'Chloroquine' (phosphate)
ent_003273,ent_003270,Chloroquine sulphate,Chloroquine,sulphate,0,salt/ester rollup: 'Chloroquine sulphate' -> 'Chloroquine' (sulphate)
ent_003277,ent_003276,Chlorothiazide sodium,Chlorothiazide,sodium,0,salt/ester rollup: 'Chlorothiazide sodium' -> 'Chlorothiazide' (sodium)
ent_003284,ent_003283,Chlorpheniramine maleate,Chlorpheniramine,maleate,2,salt/ester rollup: 'Chlorpheniramine maleate' -> 'Chlorpheniramine' (maleate)
ent_003287,ent_003286,Chlorphenoxamine hydrochloride,Chlorphenoxamine,hydrochloride,0,salt/ester rollup: 'Chlorphenoxamine hydrochloride' -> 'Chlorphenoxamine' (hydrochloride)
ent_003289,ent_003288,Chlorphentermine hydrochloride,Chlorphentermine,hydrochloride,0,salt/ester rollup: 'Chlorphentermine hydrochloride' -> 'Chlorphentermine' (hydrochloride)
ent_003293,ent_003292,Chlorpromazine hydrochloride,Chlorpromazine,hydrochloride,1,salt/ester rollup: 'Chlorpromazine hydrochloride' -> 'Chlorpromazine' (hydrochloride)
ent_003299,ent_003298,Chlortetracycline hydrochloride,Chlortetracycline,hydrochloride,0,salt/ester rollup: 'Chlortetracycline hydrochloride' -> 'Chlortetracycline' (hydrochloride)
ent_003321,ent_003320,Chondroitin sulfate sodium,Chondroitin sulfate,sodium,6,salt/ester rollup: 'Chondroitin sulfate sodium' -> 'Chondroitin sulfate' (sodium)
ent_003357,ent_003356,Ciclonium bromide,Ciclonium,bromide,0,salt/ester rollup: 'Ciclonium bromide' -> 'Ciclonium' (bromide)
ent_003367,ent_003366,Ciclotropium bromide,Ciclotropium,bromide,0,salt/ester rollup: 'Ciclotropium bromide' -> 'Ciclotropium' (bromide)
ent_003374,ent_003373,Cidofovir anhydrous,Cidofovir,anhydrous,1,salt/ester rollup: 'Cidofovir anhydrous' -> 'Cidofovir' (anhydrous)
ent_003386,ent_003385,Cilastatin sodium,Cilastatin,sodium,2,salt/ester rollup: 'Cilastatin sodium' -> 'Cilastatin' (sodium)
ent_003415,ent_003414,Cimetidine hydrochloride,Cimetidine,hydrochloride,0,salt/ester rollup: 'Cimetidine hydrochloride' -> 'Cimetidine' (hydrochloride)
ent_003417,ent_003416,Cimetropium bromide,Cimetropium,bromide,0,salt/ester rollup: 'Cimetropium bromide' -> 'Cimetropium' (bromide)
ent_003422,ent_003421,Cinacalcet hydrochloride,Cinacalcet,hydrochloride,2,salt/ester rollup: 'Cinacalcet hydrochloride' -> 'Cinacalcet' (hydrochloride)
ent_003477,ent_003476,Cipralisant maleate,Cipralisant,maleate,0,salt/ester rollup: 'Cipralisant maleate' -> 'Cipralisant' (maleate)
ent_003483,ent_003482,Ciprofloxacin hydrochloride,Ciprofloxacin,hydrochloride,8,salt/ester rollup: 'Ciprofloxacin hydrochloride' -> 'Ciprofloxacin' (hydrochloride)
ent_003498,ent_003497,Cisapride monohydrate,Cisapride,monohydrate,0,salt/ester rollup: 'Cisapride monohydrate' -> 'Cisapride' (monohydrate)
ent_003500,ent_003499,Cisatracurium besylate,Cisatracurium,besylate,4,salt/ester rollup: 'Cisatracurium besylate' -> 'Cisatracurium' (besylate)
ent_003506,ent_003505,Citalopram hydrobromide,Citalopram,hydrobromide,2,salt/ester rollup: 'Citalopram hydrobromide' -> 'Citalopram' (hydrobromide)
ent_003513,ent_003512,Citicoline sodium,Citicoline,sodium,0,salt/ester rollup: 'Citicoline sodium' -> 'Citicoline' (sodium)
ent_003527,ent_003526,Clamoxyquin hydrochloride,Clamoxyquin,hydrochloride,3,salt/ester rollup: 'Clamoxyquin hydrochloride' -> 'Clamoxyquin' (hydrochloride)
ent_003542,ent_003541,Clazosentan sodium,Clazosentan,sodium,0,salt/ester rollup: 'Clazosentan sodium' -> 'Clazosentan' (sodium)
ent_003547,ent_003546,Clemastine fumarate,Clemastine,fumarate,3,salt/ester rollup: 'Clemastine fumarate' -> 'Clemastine' (fumarate)
ent_003552,ent_003551,Clenbuterol hydrochloride,Clenbuterol,hydrochloride,2,salt/ester rollup: 'Clenbuterol hydrochloride' -> 'Clenbuterol' (hydrochloride)
ent_003568,ent_003567,Clidinium bromide,Clidinium,bromide,0,salt/ester rollup: 'Clidinium bromide' -> 'Clidinium' (bromide)
ent_003574,ent_003573,Clindamycin hydrochloride,Clindamycin,hydrochloride,3,salt/ester rollup: 'Clindamycin hydrochloride' -> 'Clindamycin' (hydrochloride)
ent_003575,ent_003573,Clindamycin palmitate,Clindamycin,palmitate,0,salt/ester rollup: 'Clindamycin palmitate' -> 'Clindamycin' (palmitate)
ent_003576,ent_003575,Clindamycin palmitate hydrochloride,Clindamycin palmitate,hydrochloride,1,salt/ester rollup: 'Clindamycin palmitate hydrochloride' -> 'Clindamycin palmitate' (hydrochloride)
ent_003577,ent_003573,Clindamycin phosphate,Clindamycin,phosphate,10,salt/ester rollup: 'Clindamycin phosphate' -> 'Clindamycin' (phosphate)
ent_003593,ent_003592,Clobetasol propionate,Clobetasol,propionate,9,salt/ester rollup: 'Clobetasol propionate' -> 'Clobetasol' (propionate)
ent_003624,ent_003623,Clofilium phosphate,Clofilium,phosphate,0,salt/ester rollup: 'Clofilium phosphate' -> 'Clofilium' (phosphate)
ent_003633,ent_003632,Clomacran phosphate,Clomacran,phosphate,0,salt/ester rollup: 'Clomacran phosphate' -> 'Clomacran' (phosphate)
ent_003642,ent_003641,Clomiphene citrate,Clomiphene,citrate,3,salt/ester rollup: 'Clomiphene citrate' -> 'Clomiphene' (citrate)
ent_003644,ent_003643,Clomipramine hydrochloride,Clomipramine,hydrochloride,3,salt/ester rollup: 'Clomipramine hydrochloride' -> 'Clomipramine' (hydrochloride)
ent_003650,ent_003649,Clonidine hydrochloride,Clonidine,hydrochloride,5,salt/ester rollup: 'Clonidine hydrochloride' -> 'Clonidine' (hydrochloride)
ent_003664,ent_003659,Clopidogrel besilate,Clopidogrel,besilate,1,salt/ester rollup: 'Clopidogrel besilate' -> 'Clopidogrel' (besilate)
ent_003666,ent_003659,Clopidogrel hydrobromide,Clopidogrel,hydrobromide,0,salt/ester rollup: 'Clopidogrel hydrobromide' -> 'Clopidogrel' (hydrobromide)
ent_003667,ent_003659,Clopidogrel hydrochloride,Clopidogrel,hydrochloride,1,salt/ester rollup: 'Clopidogrel hydrochloride' -> 'Clopidogrel' (hydrochloride)
ent_003716,ent_003715,Cloxacillin sodium,Cloxacillin,sodium,1,salt/ester rollup: 'Cloxacillin sodium' -> 'Cloxacillin' (sodium)
ent_003750,ent_003749,Cobimetinib fumarate,Cobimetinib,fumarate,0,salt/ester rollup: 'Cobimetinib fumarate' -> 'Cobimetinib' (fumarate)
ent_003754,ent_003753,Cobitolimod sodium,Cobitolimod,sodium,2,salt/ester rollup: 'Cobitolimod sodium' -> 'Cobitolimod' (sodium)
ent_003761,ent_003760,Cocaine hydrochloride,Cocaine,hydrochloride,1,salt/ester rollup: 'Cocaine hydrochloride' -> 'Cocaine' (hydrochloride)
ent_003769,ent_003768,Codeine phosphate,Codeine,phosphate,4,salt/ester rollup: 'Codeine phosphate' -> 'Codeine' (phosphate)
ent_003771,ent_003768,Codeine sulfate,Codeine,sulfate,0,salt/ester rollup: 'Codeine sulfate' -> 'Codeine' (sulfate)
ent_003789,ent_003787,Colesevelam hydrochloride,Colesevelam,hydrochloride,3,salt/ester rollup: 'Colesevelam hydrochloride' -> 'Colesevelam' (hydrochloride)
ent_003791,ent_003790,Colestilan chloride,Colestilan,chloride,2,salt/ester rollup: 'Colestilan chloride' -> 'Colestilan' (chloride)
ent_003800,ent_003799,Colistimethate sodium,Colistimethate,sodium,8,salt/ester rollup: 'Colistimethate sodium' -> 'Colistimethate' (sodium)
ent_003802,ent_003801,Colistin sulfate,Colistin,sulfate,4,salt/ester rollup: 'Colistin sulfate' -> 'Colistin' (sulfate)
ent_003821,ent_003820,Conivaptan hydrochloride,Conivaptan,hydrochloride,2,salt/ester rollup: 'Conivaptan hydrochloride' -> 'Conivaptan' (hydrochloride)
ent_003829,ent_003827,Copanlisib hydrochloride,Copanlisib,hydrochloride,0,salt/ester rollup: 'Copanlisib hydrochloride' -> 'Copanlisib' (hydrochloride)
ent_003844,ent_003843,Corticorelin acetate,Corticorelin,acetate,0,salt/ester rollup: 'Corticorelin acetate' -> 'Corticorelin' (acetate)
ent_003850,ent_003849,Cortisone acetate,Cortisone,acetate,1,salt/ester rollup: 'Cortisone acetate' -> 'Cortisone' (acetate)
ent_003860,ent_003859,Cotinine fumarate,Cotinine,fumarate,0,salt/ester rollup: 'Cotinine fumarate' -> 'Cotinine' (fumarate)
ent_003898,ent_003897,Crenolanib besylate,Crenolanib,besylate,1,salt/ester rollup: 'Crenolanib besylate' -> 'Crenolanib' (besylate)
ent_003922,ent_003921,Cromolyn sodium,Cromolyn,sodium,6,salt/ester rollup: 'Cromolyn sodium' -> 'Cromolyn' (sodium)
ent_003964,ent_003963,Custirsen sodium,Custirsen,sodium,1,salt/ester rollup: 'Custirsen sodium' -> 'Custirsen' (sodium)
ent_003993,ent_003992,Cyclizine lactate,Cyclizine,lactate,0,salt/ester rollup: 'Cyclizine lactate' -> 'Cyclizine' (lactate)
ent_003996,ent_003995,Cyclobarbital calcium,Cyclobarbital,calcium,0,salt/ester rollup: 'Cyclobarbital calcium' -> 'Cyclobarbital' (calcium)
ent_003999,ent_003998,Cyclobenzaprine hydrochloride,Cyclobenzaprine,hydrochloride,0,salt/ester rollup: 'Cyclobenzaprine hydrochloride' -> 'Cyclobenzaprine' (hydrochloride)
ent_004004,ent_004003,Cycloguanil pamoate,Cycloguanil,pamoate,0,salt/ester rollup: 'Cycloguanil pamoate' -> 'Cycloguanil' (pamoate)
ent_004012,ent_004011,Cyclopentolate hydrochloride,Cyclopentolate,hydrochloride,0,salt/ester rollup: 'Cyclopentolate hydrochloride' -> 'Cyclopentolate' (hydrochloride)
ent_004015,ent_004014,Cyclophosphamide anhydrous,Cyclophosphamide,anhydrous,3,salt/ester rollup: 'Cyclophosphamide anhydrous' -> 'Cyclophosphamide' (anhydrous)
ent_004025,ent_004024,Cycrimine hydrochloride,Cycrimine,hydrochloride,0,salt/ester rollup: 'Cycrimine hydrochloride' -> 'Cycrimine' (hydrochloride)
ent_004034,ent_004033,Cyproheptadine hydrochloride,Cyproheptadine,hydrochloride,0,salt/ester rollup: 'Cyproheptadine hydrochloride' -> 'Cyproheptadine' (hydrochloride)
ent_004041,ent_004040,Cysteamine bitartrate,Cysteamine,bitartrate,4,salt/ester rollup: 'Cysteamine bitartrate' -> 'Cysteamine' (bitartrate)
ent_004042,ent_004040,Cysteamine hydrochloride,Cysteamine,hydrochloride,3,salt/ester rollup: 'Cysteamine hydrochloride' -> 'Cysteamine' (hydrochloride)
ent_004044,ent_004043,Cysteine hydrochloride,Cysteine,hydrochloride,0,salt/ester rollup: 'Cysteine hydrochloride' -> 'Cysteine' (hydrochloride)
ent_004049,ent_004047,Cytarabine hydrochloride,Cytarabine,hydrochloride,0,salt/ester rollup: 'Cytarabine hydrochloride' -> 'Cytarabine' (hydrochloride)
ent_004067,ent_004066,Dabigatran etexilate mesilate,Dabigatran etexilate,mesilate,0,salt/ester rollup: 'Dabigatran etexilate mesilate' -> 'Dabigatran etexilate' (mesilate)
ent_004068,ent_004066,Dabigatran etexilate mesylate,Dabigatran etexilate,mesylate,1,salt/ester rollup: 'Dabigatran etexilate mesylate' -> 'Dabigatran etexilate' (mesylate)
ent_004071,ent_004070,Dabrafenib mesilate,Dabrafenib,mesilate,1,salt/ester rollup: 'Dabrafenib mesilate' -> 'Dabrafenib' (mesilate)
ent_004072,ent_004070,Dabrafenib mesylate,Dabrafenib,mesylate,1,salt/ester rollup: 'Dabrafenib mesylate' -> 'Dabrafenib' (mesylate)
ent_004083,ent_004082,Dacomitinib anhydrous,Dacomitinib,anhydrous,0,salt/ester rollup: 'Dacomitinib anhydrous' -> 'Dacomitinib' (anhydrous)
ent_004084,ent_004082,Dacomitinib monohydrate,Dacomitinib,monohydrate,0,salt/ester rollup: 'Dacomitinib monohydrate' -> 'Dacomitinib' (monohydrate)
ent_004089,ent_004088,Dacuronium bromide,Dacuronium,bromide,0,salt/ester rollup: 'Dacuronium bromide' -> 'Dacuronium' (bromide)
ent_004097,ent_004096,Dalbavancin hydrochloride,Dalbavancin,hydrochloride,2,salt/ester rollup: 'Dalbavancin hydrochloride' -> 'Dalbavancin' (hydrochloride)
ent_004137,ent_004136,Dantrolene sodium,Dantrolene,sodium,3,salt/ester rollup: 'Dantrolene sodium' -> 'Dantrolene' (sodium)
ent_004148,ent_004147,Dapagliflozin propanediol monohydrate,Dapagliflozin propanediol,monohydrate,5,salt/ester rollup: 'Dapagliflozin propanediol monohydrate' -> 'Dapagliflozin propanediol' (monohydrate)
ent_004154,ent_004153,Dapiprazole hydrochloride,Dapiprazole,hydrochloride,0,salt/ester rollup: 'Dapiprazole hydrochloride' -> 'Dapiprazole' (hydrochloride)
ent_004175,ent_004174,Daridorexant hydrochloride,Daridorexant,hydrochloride,2,salt/ester rollup: 'Daridorexant hydrochloride' -> 'Daridorexant' (hydrochloride)
ent_004177,ent_004176,Darifenacin hydrobromide,Darifenacin,hydrobromide,0,salt/ester rollup: 'Darifenacin hydrobromide' -> 'Darifenacin' (hydrobromide)
ent_004185,ent_004184,Darotropium bromide,Darotropium,bromide,1,salt/ester rollup: 'Darotropium bromide' -> 'Darotropium' (bromide)
ent_004196,ent_004195,Dasabuvir sodium,Dasabuvir,sodium,0,salt/ester rollup: 'Dasabuvir sodium' -> 'Dasabuvir' (sodium)
ent_004197,ent_004196,Dasabuvir sodium monohydrate,Dasabuvir sodium,monohydrate,1,salt/ester rollup: 'Dasabuvir sodium monohydrate' -> 'Dasabuvir sodium' (monohydrate)
ent_004200,ent_004199,Dasatinib anhydrous,Dasatinib,anhydrous,0,salt/ester rollup: 'Dasatinib anhydrous' -> 'Dasatinib' (anhydrous)
ent_004202,ent_004199,Dasatinib monohydrate,Dasatinib,monohydrate,0,salt/ester rollup: 'Dasatinib monohydrate' -> 'Dasatinib' (monohydrate)
ent_004205,ent_004204,Dasiglucagon hydrochloride,Dasiglucagon,hydrochloride,1,salt/ester rollup: 'Dasiglucagon hydrochloride' -> 'Dasiglucagon' (hydrochloride)
ent_004212,ent_004211,Datelliptium chloride,Datelliptium,chloride,0,salt/ester rollup: 'Datelliptium chloride' -> 'Datelliptium' (chloride)
ent_004216,ent_004215,Daunorubicin citrate,Daunorubicin,citrate,1,salt/ester rollup: 'Daunorubicin citrate' -> 'Daunorubicin' (citrate)
ent_004217,ent_004215,Daunorubicin hydrochloride,Daunorubicin,hydrochloride,4,salt/ester rollup: 'Daunorubicin hydrochloride' -> 'Daunorubicin' (hydrochloride)
ent_004220,ent_004219,Davalintide acetate,Davalintide,acetate,0,salt/ester rollup: 'Davalintide acetate' -> 'Davalintide' (acetate)
ent_004243,ent_004242,Dazostinag sodium,Dazostinag,sodium,0,salt/ester rollup: 'Dazostinag sodium' -> 'Dazostinag' (sodium)
ent_004257,ent_004256,Debrisoquin sulfate,Debrisoquin,sulfate,0,salt/ester rollup: 'Debrisoquin sulfate' -> 'Debrisoquin' (sulfate)
ent_004260,ent_004259,Decamethonium bromide,Decamethonium,bromide,0,salt/ester rollup: 'Decamethonium bromide' -> 'Decamethonium' (bromide)
ent_004274,ent_004273,Deditonium bromide,Deditonium,bromide,0,salt/ester rollup: 'Deditonium bromide' -> 'Deditonium' (bromide)
ent_004276,ent_004275,Defactinib hydrochloride,Defactinib,hydrochloride,0,salt/ester rollup: 'Defactinib hydrochloride' -> 'Defactinib' (hydrochloride)
ent_004281,ent_004280,Deferitazole magnesium,Deferitazole,magnesium,0,salt/ester rollup: 'Deferitazole magnesium' -> 'Deferitazole' (magnesium)
ent_004284,ent_004283,Deferoxamine mesylate,Deferoxamine,mesylate,3,salt/ester rollup: 'Deferoxamine mesylate' -> 'Deferoxamine' (mesylate)
ent_004286,ent_004285,Defibrotide sodium,Defibrotide,sodium,0,salt/ester rollup: 'Defibrotide sodium' -> 'Defibrotide' (sodium)
ent_004292,ent_004291,Degarelix acetate,Degarelix,acetate,2,salt/ester rollup: 'Degarelix acetate' -> 'Degarelix' (acetate)
ent_004304,ent_004303,Delavirdine mesylate,Delavirdine,mesylate,0,salt/ester rollup: 'Delavirdine mesylate' -> 'Delavirdine' (mesylate)
ent_004308,ent_004307,Deleobuvir sodium,Deleobuvir,sodium,0,salt/ester rollup: 'Deleobuvir sodium' -> 'Deleobuvir' (sodium)
ent_004336,ent_004335,Demecarium bromide,Demecarium,bromide,0,salt/ester rollup: 'Demecarium bromide' -> 'Demecarium' (bromide)
ent_004338,ent_004337,Demeclocycline hydrochloride,Demeclocycline,hydrochloride,1,salt/ester rollup: 'Demeclocycline hydrochloride' -> 'Demeclocycline' (hydrochloride)
ent_004350,ent_004349,Denagliptin tosylate,Denagliptin,tosylate,0,salt/ester rollup: 'Denagliptin tosylate' -> 'Denagliptin' (tosylate)
ent_004389,ent_004388,Dequalinium chloride,Dequalinium,chloride,2,salt/ester rollup: 'Dequalinium chloride' -> 'Dequalinium' (chloride)
ent_004394,ent_004393,Derazantinib hydrochloride,Derazantinib,hydrochloride,0,salt/ester rollup: 'Derazantinib hydrochloride' -> 'Derazantinib' (hydrochloride)
ent_004401,ent_004400,Dersimelagon phosphate,Dersimelagon,phosphate,0,salt/ester rollup: 'Dersimelagon phosphate' -> 'Dersimelagon' (phosphate)
ent_004412,ent_004411,Desipramine hydrochloride,Desipramine,hydrochloride,0,salt/ester rollup: 'Desipramine hydrochloride' -> 'Desipramine' (hydrochloride)
ent_004418,ent_004417,Deslorelin acetate,Deslorelin,acetate,0,salt/ester rollup: 'Deslorelin acetate' -> 'Deslorelin' (acetate)
ent_004423,ent_004422,Desmopressin acetate,Desmopressin,acetate,9,salt/ester rollup: 'Desmopressin acetate' -> 'Desmopressin' (acetate)
ent_004435,ent_004434,Desvenlafaxine fumarate,Desvenlafaxine,fumarate,0,salt/ester rollup: 'Desvenlafaxine fumarate' -> 'Desvenlafaxine' (fumarate)
ent_004436,ent_004434,Desvenlafaxine succinate,Desvenlafaxine,succinate,2,salt/ester rollup: 'Desvenlafaxine succinate' -> 'Desvenlafaxine' (succinate)
ent_004458,ent_004457,Deuruxolitinib phosphate,Deuruxolitinib,phosphate,1,salt/ester rollup: 'Deuruxolitinib phosphate' -> 'Deuruxolitinib' (phosphate)
ent_004472,ent_004469,Dexamethasone acetate,Dexamethasone,acetate,4,salt/ester rollup: 'Dexamethasone acetate' -> 'Dexamethasone' (acetate)
ent_004479,ent_004478,Dexbrompheniramine maleate,Dexbrompheniramine,maleate,0,salt/ester rollup: 'Dexbrompheniramine maleate' -> 'Dexbrompheniramine' (maleate)
ent_004482,ent_004481,Dexchlorpheniramine maleate,Dexchlorpheniramine,maleate,4,salt/ester rollup: 'Dexchlorpheniramine maleate' -> 'Dexchlorpheniramine' (maleate)
ent_004491,ent_004490,Dexfenfluramine hydrochloride,Dexfenfluramine,hydrochloride,0,salt/ester rollup: 'Dexfenfluramine hydrochloride' -> 'Dexfenfluramine' (hydrochloride)
ent_004504,ent_004503,Dexmecamylamine hydrochloride,Dexmecamylamine,hydrochloride,0,salt/ester rollup: 'Dexmecamylamine hydrochloride' -> 'Dexmecamylamine' (hydrochloride)
ent_004506,ent_004505,Dexmedetomidine hydrochloride,Dexmedetomidine,hydrochloride,8,salt/ester rollup: 'Dexmedetomidine hydrochloride' -> 'Dexmedetomidine' (hydrochloride)
ent_004508,ent_004507,Dexmethylphenidate hydrochloride,Dexmethylphenidate,hydrochloride,0,salt/ester rollup: 'Dexmethylphenidate hydrochloride' -> 'Dexmethylphenidate' (hydrochloride)
ent_004519,ent_004518,Dexrazoxane hydrochloride,Dexrazoxane,hydrochloride,1,salt/ester rollup: 'Dexrazoxane hydrochloride' -> 'Dexrazoxane' (hydrochloride)
ent_004537,ent_004534,Dextroamphetamine sulfate,Dextroamphetamine,sulfate,5,salt/ester rollup: 'Dextroamphetamine sulfate' -> 'Dextroamphetamine' (sulfate)
ent_004540,ent_004539,Dextromethorphan hydrobromide,Dextromethorphan,hydrobromide,1,salt/ester rollup: 'Dextromethorphan hydrobromide' -> 'Dextromethorphan' (hydrobromide)
ent_004544,ent_004543,Dextromoramide tartrate,Dextromoramide,tartrate,0,salt/ester rollup: 'Dextromoramide tartrate' -> 'Dextromoramide' (tartrate)
ent_004548,ent_004547,Dextrothyroxine sodium,Dextrothyroxine,sodium,0,salt/ester rollup: 'Dextrothyroxine sodium' -> 'Dextrothyroxine' (sodium)
ent_004592,ent_004591,Dibenzepin hydrochloride,Dibenzepin,hydrochloride,0,salt/ester rollup: 'Dibenzepin hydrochloride' -> 'Dibenzepin' (hydrochloride)
ent_004598,ent_004597,Dibrospidium chloride,Dibrospidium,chloride,0,salt/ester rollup: 'Dibrospidium chloride' -> 'Dibrospidium' (chloride)
ent_004600,ent_004599,Dibucaine hydrochloride,Dibucaine,hydrochloride,0,salt/ester rollup: 'Dibucaine hydrochloride' -> 'Dibucaine' (hydrochloride)
ent_004606,ent_004605,Dibutepinephrine hydrochloride,Dibutepinephrine,hydrochloride,0,salt/ester rollup: 'Dibutepinephrine hydrochloride' -> 'Dibutepinephrine' (hydrochloride)
ent_004622,ent_004619,Diclofenac potassium,Diclofenac,potassium,3,salt/ester rollup: 'Diclofenac potassium' -> 'Diclofenac' (potassium)
ent_004623,ent_004619,Diclofenac sodium,Diclofenac,sodium,24,salt/ester rollup: 'Diclofenac sodium' -> 'Diclofenac' (sodium)
ent_004631,ent_004630,Dicloxacillin sodium,Dicloxacillin,sodium,0,salt/ester rollup: 'Dicloxacillin sodium' -> 'Dicloxacillin' (sodium)
ent_004638,ent_004637,Dicyclomine hydrochloride,Dicyclomine,hydrochloride,0,salt/ester rollup: 'Dicyclomine hydrochloride' -> 'Dicyclomine' (hydrochloride)
ent_004650,ent_004649,Diethylcarbamazine citrate,Diethylcarbamazine,citrate,0,salt/ester rollup: 'Diethylcarbamazine citrate' -> 'Diethylcarbamazine' (citrate)
ent_004653,ent_004652,Diethylpropion hydrochloride,Diethylpropion,hydrochloride,0,salt/ester rollup: 'Diethylpropion hydrochloride' -> 'Diethylpropion' (hydrochloride)
ent_004662,ent_004661,Difelikefalin acetate,Difelikefalin,acetate,0,salt/ester rollup: 'Difelikefalin acetate' -> 'Difelikefalin' (acetate)
ent_004664,ent_004663,Difemerine hydrochloride,Difemerine,hydrochloride,0,salt/ester rollup: 'Difemerine hydrochloride' -> 'Difemerine' (hydrochloride)
ent_004670,ent_004669,Difenoxin hydrochloride,Difenoxin,hydrochloride,0,salt/ester rollup: 'Difenoxin hydrochloride' -> 'Difenoxin' (hydrochloride)
ent_004691,ent_004690,Dihydrocodeine bitartrate,Dihydrocodeine,bitartrate,0,salt/ester rollup: 'Dihydrocodeine bitartrate' -> 'Dihydrocodeine' (bitartrate)
ent_004693,ent_004692,Dihydroergotamine mesylate,Dihydroergotamine,mesylate,2,salt/ester rollup: 'Dihydroergotamine mesylate' -> 'Dihydroergotamine' (mesylate)
ent_004695,ent_004694,Dihydrostreptomycin sulfate,Dihydrostreptomycin,sulfate,0,salt/ester rollup: 'Dihydrostreptomycin sulfate' -> 'Dihydrostreptomycin' (sulfate)
ent_004701,ent_004700,Dilevalol hydrochloride,Dilevalol,hydrochloride,0,salt/ester rollup: 'Dilevalol hydrochloride' -> 'Dilevalol' (hydrochloride)
ent_004707,ent_004706,Diltiazem hydrochloride,Diltiazem,hydrochloride,4,salt/ester rollup: 'Diltiazem hydrochloride' -> 'Diltiazem' (hydrochloride)
ent_004708,ent_004706,Diltiazem malate,Diltiazem,malate,0,salt/ester rollup: 'Diltiazem malate' -> 'Diltiazem' (malate)
ent_004734,ent_004733,Dimethindene maleate,Dimethindene,maleate,1,salt/ester rollup: 'Dimethindene maleate' -> 'Dimethindene' (maleate)
ent_004736,ent_004735,Dimethiodal sodium,Dimethiodal,sodium,0,salt/ester rollup: 'Dimethiodal sodium' -> 'Dimethiodal' (sodium)
ent_004739,ent_004738,Dimethisterone anhydrous,Dimethisterone,anhydrous,0,salt/ester rollup: 'Dimethisterone anhydrous' -> 'Dimethisterone' (anhydrous)
ent_004750,ent_004749,Dimetipirium bromide,Dimetipirium,bromide,0,salt/ester rollup: 'Dimetipirium bromide' -> 'Dimetipirium' (bromide)
ent_004785,ent_004784,Dipenine bromide,Dipenine,bromide,0,salt/ester rollup: 'Dipenine bromide' -> 'Dipenine' (bromide)
ent_004793,ent_004792,Diphenhydramine citrate,Diphenhydramine,citrate,0,salt/ester rollup: 'Diphenhydramine citrate' -> 'Diphenhydramine' (citrate)
ent_004794,ent_004792,Diphenhydramine hydrochloride,Diphenhydramine,hydrochloride,7,salt/ester rollup: 'Diphenhydramine hydrochloride' -> 'Diphenhydramine' (hydrochloride)
ent_004796,ent_004795,Diphenidol hydrochloride,Diphenidol,hydrochloride,0,salt/ester rollup: 'Diphenidol hydrochloride' -> 'Diphenidol' (hydrochloride)
ent_004798,ent_004797,Diphenoxylate hydrochloride,Diphenoxylate,hydrochloride,0,salt/ester rollup: 'Diphenoxylate hydrochloride' -> 'Diphenoxylate' (hydrochloride)
ent_004800,ent_004799,Diphenylpyraline hydrochloride,Diphenylpyraline,hydrochloride,0,salt/ester rollup: 'Diphenylpyraline hydrochloride' -> 'Diphenylpyraline' (hydrochloride)
ent_004814,ent_004813,Dipivefrin hydrochloride,Dipivefrin,hydrochloride,0,salt/ester rollup: 'Dipivefrin hydrochloride' -> 'Dipivefrin' (hydrochloride)
ent_004851,ent_004850,Disopyramide phosphate,Disopyramide,phosphate,0,salt/ester rollup: 'Disopyramide phosphate' -> 'Disopyramide' (phosphate)
ent_004854,ent_004853,Distigmine bromide,Distigmine,bromide,0,salt/ester rollup: 'Distigmine bromide' -> 'Distigmine' (bromide)
ent_004856,ent_004855,Disufenton sodium,Disufenton,sodium,1,salt/ester rollup: 'Disufenton sodium' -> 'Disufenton' (sodium)
ent_004864,ent_004863,Ditercalinium chloride,Ditercalinium,chloride,0,salt/ester rollup: 'Ditercalinium chloride' -> 'Ditercalinium' (chloride)
ent_004868,ent_004867,Ditiocarb sodium,Ditiocarb,sodium,0,salt/ester rollup: 'Ditiocarb sodium' -> 'Ditiocarb' (sodium)
ent_004890,ent_004889,Dobutamine hydrochloride,Dobutamine,hydrochloride,3,salt/ester rollup: 'Dobutamine hydrochloride' -> 'Dobutamine' (hydrochloride)
ent_004894,ent_004893,Docetaxel anhydrous,Docetaxel,anhydrous,0,salt/ester rollup: 'Docetaxel anhydrous' -> 'Docetaxel' (anhydrous)
ent_004895,ent_004893,Docetaxel trihydrate,Docetaxel,trihydrate,0,salt/ester rollup: 'Docetaxel trihydrate' -> 'Docetaxel' (trihydrate)
ent_004902,ent_004901,Docusate calcium,Docusate,calcium,0,salt/ester rollup: 'Docusate calcium' -> 'Docusate' (calcium)
ent_004903,ent_004901,Docusate potassium,Docusate,potassium,0,salt/ester rollup: 'Docusate potassium' -> 'Docusate' (potassium)
ent_004904,ent_004901,Docusate sodium,Docusate,sodium,3,salt/ester rollup: 'Docusate sodium' -> 'Docusate' (sodium)
ent_004907,ent_004906,Dodeclonium bromide,Dodeclonium,bromide,0,salt/ester rollup: 'Dodeclonium bromide' -> 'Dodeclonium' (bromide)
ent_004909,ent_004908,Dofamium chloride,Dofamium,chloride,0,salt/ester rollup: 'Dofamium chloride' -> 'Dofamium' (chloride)
ent_004913,ent_004912,Dolasetron mesylate,Dolasetron,mesylate,0,salt/ester rollup: 'Dolasetron mesylate' -> 'Dolasetron' (mesylate)
ent_004918,ent_004917,Dolutegravir sodium,Dolutegravir,sodium,2,salt/ester rollup: 'Dolutegravir sodium' -> 'Dolutegravir' (sodium)
ent_004927,ent_004926,Domiphen bromide,Domiphen,bromide,1,salt/ester rollup: 'Domiphen bromide' -> 'Domiphen' (bromide)
ent_004937,ent_004936,Donepezil hydrochloride,Donepezil,hydrochloride,11,salt/ester rollup: 'Donepezil hydrochloride' -> 'Donepezil' (hydrochloride)
ent_004940,ent_004939,Donidalorsen sodium,Donidalorsen,sodium,1,salt/ester rollup: 'Donidalorsen sodium' -> 'Donidalorsen' (sodium)
ent_004947,ent_004946,Dopamine hydrochloride,Dopamine,hydrochloride,3,salt/ester rollup: 'Dopamine hydrochloride' -> 'Dopamine' (hydrochloride)
ent_004959,ent_004958,Dordaviprone hydrochloride,Dordaviprone,hydrochloride,0,salt/ester rollup: 'Dordaviprone hydrochloride' -> 'Dordaviprone' (hydrochloride)
ent_004964,ent_004963,Doripenem monohydrate,Doripenem,monohydrate,2,salt/ester rollup: 'Doripenem monohydrate' -> 'Doripenem' (monohydrate)
ent_004971,ent_004970,Dorzolamide hydrochloride,Dorzolamide,hydrochloride,4,salt/ester rollup: 'Dorzolamide hydrochloride' -> 'Dorzolamide' (hydrochloride)
ent_004978,ent_004977,Dotefonium bromide,Dotefonium,bromide,0,salt/ester rollup: 'Dotefonium bromide' -> 'Dotefonium' (bromide)
ent_004980,ent_004979,Dothiepin hydrochloride,Dothiepin,hydrochloride,1,salt/ester rollup: 'Dothiepin hydrochloride' -> 'Dothiepin' (hydrochloride)
ent_004984,ent_004983,Dovitinib lactate,Dovitinib,lactate,0,salt/ester rollup: 'Dovitinib lactate' -> 'Dovitinib' (lactate)
ent_004987,ent_004986,Doxacurium chloride,Doxacurium,chloride,0,salt/ester rollup: 'Doxacurium chloride' -> 'Doxacurium' (chloride)
ent_004990,ent_004989,Doxapram hydrochloride,Doxapram,hydrochloride,0,salt/ester rollup: 'Doxapram hydrochloride' -> 'Doxapram' (hydrochloride)
ent_004993,ent_004992,Doxazosin mesylate,Doxazosin,mesylate,2,salt/ester rollup: 'Doxazosin mesylate' -> 'Doxazosin' (mesylate)
ent_004999,ent_004998,Doxepin hydrochloride,Doxepin,hydrochloride,1,salt/ester rollup: 'Doxepin hydrochloride' -> 'Doxepin' (hydrochloride)
ent_005005,ent_005004,Doxorubicin hydrochloride,Doxorubicin,hydrochloride,18,salt/ester rollup: 'Doxorubicin hydrochloride' -> 'Doxorubicin' (hydrochloride)
ent_005010,ent_005009,Doxycycline anhydrous,Doxycycline,anhydrous,3,salt/ester rollup: 'Doxycycline anhydrous' -> 'Doxycycline' (anhydrous)
ent_005011,ent_005009,Doxycycline calcium,Doxycycline,calcium,0,salt/ester rollup: 'Doxycycline calcium' -> 'Doxycycline' (calcium)
ent_005014,ent_005009,Doxycycline hydrochloride,Doxycycline,hydrochloride,0,salt/ester rollup: 'Doxycycline hydrochloride' -> 'Doxycycline' (hydrochloride)
ent_005016,ent_005015,Doxylamine succinate,Doxylamine,succinate,0,salt/ester rollup: 'Doxylamine succinate' -> 'Doxylamine' (succinate)
ent_005033,ent_005032,Droclidinium bromide,Droclidinium,bromide,0,salt/ester rollup: 'Droclidinium bromide' -> 'Droclidinium' (bromide)
ent_005040,ent_005039,Dronedarone hydrochloride,Dronedarone,hydrochloride,1,salt/ester rollup: 'Dronedarone hydrochloride' -> 'Dronedarone' (hydrochloride)
ent_005075,ent_005074,Dubermatinib tartrate,Dubermatinib,tartrate,0,salt/ester rollup: 'Dubermatinib tartrate' -> 'Dubermatinib' (tartrate)
ent_005081,ent_005080,Duloxetine hydrochloride,Duloxetine,hydrochloride,3,salt/ester rollup: 'Duloxetine hydrochloride' -> 'Duloxetine' (hydrochloride)
ent_005092,ent_005091,Durlobactam sodium,Durlobactam,sodium,0,salt/ester rollup: 'Durlobactam sodium' -> 'Durlobactam' (sodium)
ent_005099,ent_005098,Dutogliptin tartrate,Dutogliptin,tartrate,2,salt/ester rollup: 'Dutogliptin tartrate' -> 'Dutogliptin' (tartrate)
ent_005103,ent_005102,Duvelisib monohydrate,Duvelisib,monohydrate,0,salt/ester rollup: 'Duvelisib monohydrate' -> 'Duvelisib' (monohydrate)
ent_005105,ent_005104,Duvoglustat hydrochloride,Duvoglustat,hydrochloride,2,salt/ester rollup: 'Duvoglustat hydrochloride' -> 'Duvoglustat' (hydrochloride)
ent_005111,ent_005110,Dyclonine hydrochloride,Dyclonine,hydrochloride,0,salt/ester rollup: 'Dyclonine hydrochloride' -> 'Dyclonine' (hydrochloride)
ent_005132,ent_005131,Ebaresdax hydrochloride,Ebaresdax,hydrochloride,0,salt/ester rollup: 'Ebaresdax hydrochloride' -> 'Ebaresdax' (hydrochloride)
ent_005169,ent_005168,Econazole nitrate,Econazole,nitrate,1,salt/ester rollup: 'Econazole nitrate' -> 'Econazole' (nitrate)
ent_005171,ent_005170,Ecopipam hydrochloride,Ecopipam,hydrochloride,1,salt/ester rollup: 'Ecopipam hydrochloride' -> 'Ecopipam' (hydrochloride)
ent_005187,ent_018578,Edetate disodium,Edetate,disodium,0,salt/ester rollup: 'Edetate disodium' -> 'Edetate' (disodium)
ent_005188,ent_005187,Edetate disodium anhydrous,Edetate disodium,anhydrous,0,salt/ester rollup: 'Edetate disodium anhydrous' -> 'Edetate disodium' (anhydrous)
ent_005194,ent_005193,Edifoligide sodium,Edifoligide,sodium,0,salt/ester rollup: 'Edifoligide sodium' -> 'Edifoligide' (sodium)
ent_005207,ent_005205,Edoxaban tosylate,Edoxaban,tosylate,4,salt/ester rollup: 'Edoxaban tosylate' -> 'Edoxaban' (tosylate)
ent_005214,ent_005213,Edrophonium chloride,Edrophonium,chloride,0,salt/ester rollup: 'Edrophonium chloride' -> 'Edrophonium' (chloride)
ent_005221,ent_005220,Efatutazone hydrochloride,Efatutazone,hydrochloride,1,salt/ester rollup: 'Efatutazone hydrochloride' -> 'Efatutazone' (hydrochloride)
ent_005250,ent_005249,Eflornithine hydrochloride,Eflornithine,hydrochloride,1,salt/ester rollup: 'Eflornithine hydrochloride' -> 'Eflornithine' (hydrochloride)
ent_005251,ent_005250,Eflornithine hydrochloride monohydrate,Eflornithine hydrochloride,monohydrate,0,salt/ester rollup: 'Eflornithine hydrochloride monohydrate' -> 'Eflornithine hydrochloride' (monohydrate)
ent_005286,ent_005285,Elacestrant hydrochloride,Elacestrant,hydrochloride,0,salt/ester rollup: 'Elacestrant hydrochloride' -> 'Elacestrant' (hydrochloride)
ent_005292,ent_005291,Elagolix sodium,Elagolix,sodium,1,salt/ester rollup: 'Elagolix sodium' -> 'Elagolix' (sodium)
ent_005294,ent_005293,Elamipretide hydrochloride,Elamipretide,hydrochloride,1,salt/ester rollup: 'Elamipretide hydrochloride' -> 'Elamipretide' (hydrochloride)
ent_005321,ent_005320,Eletriptan hydrobromide,Eletriptan,hydrobromide,0,salt/ester rollup: 'Eletriptan hydrobromide' -> 'Eletriptan' (hydrobromide)
ent_005330,ent_005328,Eliglustat tartrate,Eliglustat,tartrate,1,salt/ester rollup: 'Eliglustat tartrate' -> 'Eliglustat' (tartrate)
ent_005342,ent_005341,Elliptinium acetate,Elliptinium,acetate,0,salt/ester rollup: 'Elliptinium acetate' -> 'Elliptinium' (acetate)
ent_005363,ent_005362,Elsulfavirine sodium,Elsulfavirine,sodium,0,salt/ester rollup: 'Elsulfavirine sodium' -> 'Elsulfavirine' (sodium)
ent_005375,ent_005374,Elubrixin tosylate,Elubrixin,tosylate,0,salt/ester rollup: 'Elubrixin tosylate' -> 'Elubrixin' (tosylate)
ent_005386,ent_005385,Elzasonan hydrochloride,Elzasonan,hydrochloride,0,salt/ester rollup: 'Elzasonan hydrochloride' -> 'Elzasonan' (hydrochloride)
ent_005395,ent_005394,Emavusertib hydrochloride,Emavusertib,hydrochloride,0,salt/ester rollup: 'Emavusertib hydrochloride' -> 'Emavusertib' (hydrochloride)
ent_005396,ent_005394,Emavusertib maleate,Emavusertib,maleate,0,salt/ester rollup: 'Emavusertib maleate' -> 'Emavusertib' (maleate)
ent_005397,ent_005394,Emavusertib mesylate,Emavusertib,mesylate,0,salt/ester rollup: 'Emavusertib mesylate' -> 'Emavusertib' (mesylate)
ent_005398,ent_005394,Emavusertib phosphate,Emavusertib,phosphate,0,salt/ester rollup: 'Emavusertib phosphate' -> 'Emavusertib' (phosphate)
ent_005399,ent_005394,Emavusertib tosylate,Emavusertib,tosylate,0,salt/ester rollup: 'Emavusertib tosylate' -> 'Emavusertib' (tosylate)
ent_005410,ent_005409,Emepronium bromide,Emepronium,bromide,0,salt/ester rollup: 'Emepronium bromide' -> 'Emepronium' (bromide)
ent_005415,ent_005414,Emetine hydrochloride,Emetine,hydrochloride,0,salt/ester rollup: 'Emetine hydrochloride' -> 'Emetine' (hydrochloride)
ent_005427,ent_005426,Emilium tosylate,Emilium,tosylate,0,salt/ester rollup: 'Emilium tosylate' -> 'Emilium' (tosylate)
ent_005436,ent_005435,Emixustat hydrochloride,Emixustat,hydrochloride,1,salt/ester rollup: 'Emixustat hydrochloride' -> 'Emixustat' (hydrochloride)
ent_005445,ent_005444,Emoxypine succinate,Emoxypine,succinate,0,salt/ester rollup: 'Emoxypine succinate' -> 'Emoxypine' (succinate)
ent_005458,ent_005457,Emtricitabine|rilpivirine hydrochloride|tenofovir alafenamide fumarate,Emtricitabine|rilpivirine hydrochloride|tenofovir alafenamide,fumarate,0,salt/ester rollup: 'Emtricitabine|rilpivirine hydrochloride|tenofovir alafenamide fumarate' -> 'Emtricitabine|rilpivirine hydrochloride|tenofovir alafenamide' (fumarate)
ent_005461,ent_005460,Emtricitabine|tenofovir alafenamide fumarate,Emtricitabine|tenofovir alafenamide,fumarate,0,salt/ester rollup: 'Emtricitabine|tenofovir alafenamide fumarate' -> 'Emtricitabine|tenofovir alafenamide' (fumarate)
ent_005477,ent_005475,Enalapril maleate,Enalapril,maleate,5,salt/ester rollup: 'Enalapril maleate' -> 'Enalapril' (maleate)
ent_005479,ent_005478,Enalaprilat anhydrous,Enalaprilat,anhydrous,0,salt/ester rollup: 'Enalaprilat anhydrous' -> 'Enalaprilat' (anhydrous)
ent_005484,ent_005483,Enasidenib mesylate,Enasidenib,mesylate,3,salt/ester rollup: 'Enasidenib mesylate' -> 'Enasidenib' (mesylate)
ent_005492,ent_005491,Encainide hydrochloride,Encainide,hydrochloride,0,salt/ester rollup: 'Encainide hydrochloride' -> 'Encainide' (hydrochloride)
ent_005494,ent_005493,Encaleret sulfate,Encaleret,sulfate,0,salt/ester rollup: 'Encaleret sulfate' -> 'Encaleret' (sulfate)
ent_005496,ent_005495,Encenicline hydrochloride,Encenicline,hydrochloride,0,salt/ester rollup: 'Encenicline hydrochloride' -> 'Encenicline' (hydrochloride)
ent_005498,ent_005497,Encequidar mesylate,Encequidar,mesylate,0,salt/ester rollup: 'Encequidar mesylate' -> 'Encequidar' (mesylate)
ent_005502,ent_005501,Enclomiphene citrate,Enclomiphene,citrate,0,salt/ester rollup: 'Enclomiphene citrate' -> 'Enclomiphene' (citrate)
ent_005575,ent_005574,Ensartinib hydrochloride,Ensartinib,hydrochloride,0,salt/ester rollup: 'Ensartinib hydrochloride' -> 'Ensartinib' (hydrochloride)
ent_005579,ent_005578,Ensitrelvir fumarate,Ensitrelvir,fumarate,0,salt/ester rollup: 'Ensitrelvir fumarate' -> 'Ensitrelvir' (fumarate)
ent_005588,ent_005587,Entecavir anhydrous,Entecavir,anhydrous,0,salt/ester rollup: 'Entecavir anhydrous' -> 'Entecavir' (anhydrous)
ent_005589,ent_005587,Entecavir monohydrate,Entecavir,monohydrate,0,salt/ester rollup: 'Entecavir monohydrate' -> 'Entecavir' (monohydrate)
ent_005605,ent_005604,Enzastaurin hydrochloride,Enzastaurin,hydrochloride,1,salt/ester rollup: 'Enzastaurin hydrochloride' -> 'Enzastaurin' (hydrochloride)
ent_005617,ent_005616,Epelsiban besylate,Epelsiban,besylate,0,salt/ester rollup: 'Epelsiban besylate' -> 'Epelsiban' (besylate)
ent_005625,ent_005624,Ephedrine hydrochloride,Ephedrine,hydrochloride,4,salt/ester rollup: 'Ephedrine hydrochloride' -> 'Ephedrine' (hydrochloride)
ent_005626,ent_005624,Ephedrine sulfate,Ephedrine,sulfate,0,salt/ester rollup: 'Ephedrine sulfate' -> 'Ephedrine' (sulfate)
ent_005635,ent_005634,Epinastine hydrochloride,Epinastine,hydrochloride,0,salt/ester rollup: 'Epinastine hydrochloride' -> 'Epinastine' (hydrochloride)
ent_005637,ent_005636,Epinephrine bitartrate,Epinephrine,bitartrate,2,salt/ester rollup: 'Epinephrine bitartrate' -> 'Epinephrine' (bitartrate)
ent_005642,ent_005641,Epirubicin hydrochloride,Epirubicin,hydrochloride,5,salt/ester rollup: 'Epirubicin hydrochloride' -> 'Epirubicin' (hydrochloride)
ent_005653,ent_005652,Eplontersen sodium,Eplontersen,sodium,0,salt/ester rollup: 'Eplontersen sodium' -> 'Eplontersen' (sodium)
ent_005665,ent_005664,Epoprostenol sodium,Epoprostenol,sodium,3,salt/ester rollup: 'Epoprostenol sodium' -> 'Epoprostenol' (sodium)
ent_005679,ent_005678,Eprodisate disodium,Eprodisate,disodium,2,salt/ester rollup: 'Eprodisate disodium' -> 'Eprodisate' (disodium)
ent_005681,ent_005680,Eprosartan mesylate,Eprosartan,mesylate,2,salt/ester rollup: 'Eprosartan mesylate' -> 'Eprosartan' (mesylate)
ent_005717,ent_005716,Ergonovine maleate,Ergonovine,maleate,1,salt/ester rollup: 'Ergonovine maleate' -> 'Ergonovine' (maleate)
ent_005719,ent_005718,Ergotamine tartrate,Ergotamine,tartrate,0,salt/ester rollup: 'Ergotamine tartrate' -> 'Ergotamine' (tartrate)
ent_005722,ent_005721,Eribulin mesylate,Eribulin,mesylate,3,salt/ester rollup: 'Eribulin mesylate' -> 'Eribulin' (mesylate)
ent_005729,ent_005728,Erlotinib hydrochloride,Erlotinib,hydrochloride,4,salt/ester rollup: 'Erlotinib hydrochloride' -> 'Erlotinib' (hydrochloride)
ent_005735,ent_005734,Ertapenem sodium,Ertapenem,sodium,3,salt/ester rollup: 'Ertapenem sodium' -> 'Ertapenem' (sodium)
ent_005753,ent_005747,Erythromycin propionate,Erythromycin,propionate,0,salt/ester rollup: 'Erythromycin propionate' -> 'Erythromycin' (propionate)
ent_005754,ent_005747,Erythromycin stearate,Erythromycin,stearate,0,salt/ester rollup: 'Erythromycin stearate' -> 'Erythromycin' (stearate)
ent_005763,ent_005762,Escitalopram oxalate,Escitalopram,oxalate,3,salt/ester rollup: 'Escitalopram oxalate' -> 'Escitalopram' (oxalate)
ent_005769,ent_005768,Esketamine hydrochloride,Esketamine,hydrochloride,13,salt/ester rollup: 'Esketamine hydrochloride' -> 'Esketamine' (hydrochloride)
ent_005771,ent_005770,Eslicarbazepine acetate,Eslicarbazepine,acetate,5,salt/ester rollup: 'Eslicarbazepine acetate' -> 'Eslicarbazepine' (acetate)
ent_005773,ent_005772,Esmethadone hydrochloride,Esmethadone,hydrochloride,0,salt/ester rollup: 'Esmethadone hydrochloride' -> 'Esmethadone' (hydrochloride)
ent_005775,ent_005774,Esmirtazapine maleate,Esmirtazapine,maleate,0,salt/ester rollup: 'Esmirtazapine maleate' -> 'Esmirtazapine' (maleate)
ent_005777,ent_005776,Esmolol hydrochloride,Esmolol,hydrochloride,2,salt/ester rollup: 'Esmolol hydrochloride' -> 'Esmolol' (hydrochloride)
ent_005779,ent_005778,Esomeprazole magnesium,Esomeprazole,magnesium,9,salt/ester rollup: 'Esomeprazole magnesium' -> 'Esomeprazole' (magnesium)
ent_005780,ent_005778,Esomeprazole sodium,Esomeprazole,sodium,2,salt/ester rollup: 'Esomeprazole sodium' -> 'Esomeprazole' (sodium)
ent_005791,ent_005790,Estetrol anhydrous,Estetrol,anhydrous,0,salt/ester rollup: 'Estetrol anhydrous' -> 'Estetrol' (anhydrous)
ent_005792,ent_005790,Estetrol monohydrate,Estetrol,monohydrate,0,salt/ester rollup: 'Estetrol monohydrate' -> 'Estetrol' (monohydrate)
ent_005795,ent_005794,Estradiol acetate,Estradiol,acetate,0,salt/ester rollup: 'Estradiol acetate' -> 'Estradiol' (acetate)
ent_005799,ent_005794,Estradiol valerate,Estradiol,valerate,10,salt/ester rollup: 'Estradiol valerate' -> 'Estradiol' (valerate)
ent_005801,ent_005800,Estramustine phosphate,Estramustine,phosphate,0,salt/ester rollup: 'Estramustine phosphate' -> 'Estramustine' (phosphate)
ent_005802,ent_005801,Estramustine phosphate sodium,Estramustine phosphate,sodium,0,salt/ester rollup: 'Estramustine phosphate sodium' -> 'Estramustine phosphate' (sodium)
ent_005815,ent_005814,Esuberaprost potassium,Esuberaprost,potassium,0,salt/ester rollup: 'Esuberaprost potassium' -> 'Esuberaprost' (potassium)
ent_005845,ent_005844,Etelcalcetide hydrochloride,Etelcalcetide,hydrochloride,3,salt/ester rollup: 'Etelcalcetide hydrochloride' -> 'Etelcalcetide' (hydrochloride)
ent_005855,ent_005854,Ethambutol hydrochloride,Ethambutol,hydrochloride,1,salt/ester rollup: 'Ethambutol hydrochloride' -> 'Ethambutol' (hydrochloride)
ent_005878,ent_005877,Ethopropazine hydrochloride,Ethopropazine,hydrochloride,0,salt/ester rollup: 'Ethopropazine hydrochloride' -> 'Ethopropazine' (hydrochloride)
ent_005907,ent_005906,Etidocaine hydrochloride,Etidocaine,hydrochloride,0,salt/ester rollup: 'Etidocaine hydrochloride' -> 'Etidocaine' (hydrochloride)
ent_005958,ent_005957,Etoposide phosphate,Etoposide,phosphate,8,salt/ester rollup: 'Etoposide phosphate' -> 'Etoposide' (phosphate)
ent_005993,ent_005992,Evazarsen sodium,Evazarsen,sodium,0,salt/ester rollup: 'Evazarsen sodium' -> 'Evazarsen' (sodium)
ent_006021,ent_006020,Exarafenib hydrochloride,Exarafenib,hydrochloride,0,salt/ester rollup: 'Exarafenib hydrochloride' -> 'Exarafenib' (hydrochloride)
ent_006024,ent_006022,Exatecan mesylate,Exatecan,mesylate,0,salt/ester rollup: 'Exatecan mesylate' -> 'Exatecan' (mesylate)
ent_006031,ent_006030,Exeporfinium chloride,Exeporfinium,chloride,0,salt/ester rollup: 'Exeporfinium chloride' -> 'Exeporfinium' (chloride)
ent_006040,ent_006039,Ezatiostat hydrochloride,Ezatiostat,hydrochloride,0,salt/ester rollup: 'Ezatiostat hydrochloride' -> 'Ezatiostat' (hydrochloride)
ent_006059,ent_006058,Facinicline hydrochloride,Facinicline,hydrochloride,0,salt/ester rollup: 'Facinicline hydrochloride' -> 'Facinicline' (hydrochloride)
ent_006062,ent_006061,Fadolmidine hydrochloride,Fadolmidine,hydrochloride,0,salt/ester rollup: 'Fadolmidine hydrochloride' -> 'Fadolmidine' (hydrochloride)
ent_006106,ent_006105,Fasitibant chloride,Fasitibant,chloride,0,salt/ester rollup: 'Fasitibant chloride' -> 'Fasitibant' (chloride)
ent_006109,ent_006108,Fasudil hydrochloride,Fasudil,hydrochloride,2,salt/ester rollup: 'Fasudil hydrochloride' -> 'Fasudil' (hydrochloride)
ent_006115,ent_006114,Fazadinium bromide,Fazadinium,bromide,0,salt/ester rollup: 'Fazadinium bromide' -> 'Fazadinium' (bromide)
ent_006119,ent_006118,Fazirsiran sodium,Fazirsiran,sodium,0,salt/ester rollup: 'Fazirsiran sodium' -> 'Fazirsiran' (sodium)
ent_006139,ent_006137,Fedratinib hydrochloride,Fedratinib,hydrochloride,0,salt/ester rollup: 'Fedratinib hydrochloride' -> 'Fedratinib' (hydrochloride)
ent_006194,ent_006193,Fenfluramine hydrochloride,Fenfluramine,hydrochloride,3,salt/ester rollup: 'Fenfluramine hydrochloride' -> 'Fenfluramine' (hydrochloride)
ent_006200,ent_006199,Feniodium chloride,Feniodium,chloride,0,salt/ester rollup: 'Feniodium chloride' -> 'Feniodium' (chloride)
ent_006203,ent_006202,Feniralstat hydrochloride,Feniralstat,hydrochloride,0,salt/ester rollup: 'Feniralstat hydrochloride' -> 'Feniralstat' (hydrochloride)
ent_006210,ent_006209,Fenobam anhydrous,Fenobam,anhydrous,0,salt/ester rollup: 'Fenobam anhydrous' -> 'Fenobam' (anhydrous)
ent_006219,ent_006218,Fenoldopam mesylate,Fenoldopam,mesylate,0,salt/ester rollup: 'Fenoldopam mesylate' -> 'Fenoldopam' (mesylate)
ent_006221,ent_006220,Fenoprofen calcium,Fenoprofen,calcium,0,salt/ester rollup: 'Fenoprofen calcium' -> 'Fenoprofen' (calcium)
ent_006233,ent_006232,Fenpiverinium bromide,Fenpiverinium,bromide,0,salt/ester rollup: 'Fenpiverinium bromide' -> 'Fenpiverinium' (bromide)
ent_006241,ent_006240,Fentanyl citrate,Fentanyl,citrate,8,salt/ester rollup: 'Fentanyl citrate' -> 'Fentanyl' (citrate)
ent_006242,ent_006240,Fentanyl hydrochloride,Fentanyl,hydrochloride,3,salt/ester rollup: 'Fentanyl hydrochloride' -> 'Fentanyl' (hydrochloride)
ent_006246,ent_006245,Fenticonazole nitrate,Fenticonazole,nitrate,0,salt/ester rollup: 'Fenticonazole nitrate' -> 'Fenticonazole' (nitrate)
ent_006248,ent_006247,Fentonium bromide,Fentonium,bromide,0,salt/ester rollup: 'Fentonium bromide' -> 'Fentonium' (bromide)
ent_006263,ent_006261,Ferric citrate anhydrous,Ferric citrate,anhydrous,0,salt/ester rollup: 'Ferric citrate anhydrous' -> 'Ferric citrate' (anhydrous)
ent_006271,ent_006270,Ferric pyrophosphate citrate,Ferric pyrophosphate,citrate,1,salt/ester rollup: 'Ferric pyrophosphate citrate' -> 'Ferric pyrophosphate' (citrate)
ent_006279,ent_006278,Ferrous gluconate anhydrous,Ferrous gluconate,anhydrous,0,salt/ester rollup: 'Ferrous gluconate anhydrous' -> 'Ferrous gluconate' (anhydrous)
ent_006289,ent_006288,Fesomersen sodium,Fesomersen,sodium,0,salt/ester rollup: 'Fesomersen sodium' -> 'Fesomersen' (sodium)
ent_006291,ent_006290,Fesoterodine fumarate,Fesoterodine,fumarate,3,salt/ester rollup: 'Fesoterodine fumarate' -> 'Fesoterodine' (fumarate)
ent_006300,ent_006299,Fexofenadine hydrochloride,Fexofenadine,hydrochloride,4,salt/ester rollup: 'Fexofenadine hydrochloride' -> 'Fexofenadine' (hydrochloride)
ent_006314,ent_006313,Fiboflapon sodium,Fiboflapon,sodium,0,salt/ester rollup: 'Fiboflapon sodium' -> 'Fiboflapon' (sodium)
ent_006329,ent_006328,Fidrisertib succinate,Fidrisertib,succinate,0,salt/ester rollup: 'Fidrisertib succinate' -> 'Fidrisertib' (succinate)
ent_006338,ent_006337,Filgotinib maleate,Filgotinib,maleate,3,salt/ester rollup: 'Filgotinib maleate' -> 'Filgotinib' (maleate)
ent_006353,ent_006352,Fingolimod hydrochloride,Fingolimod,hydrochloride,6,salt/ester rollup: 'Fingolimod hydrochloride' -> 'Fingolimod' (hydrochloride)
ent_006361,ent_006360,Fipravirimat mesylate,Fipravirimat,mesylate,1,salt/ester rollup: 'Fipravirimat mesylate' -> 'Fipravirimat' (mesylate)
ent_006368,ent_006367,Firmonertinib mesylate,Firmonertinib,mesylate,0,salt/ester rollup: 'Firmonertinib mesylate' -> 'Firmonertinib' (mesylate)
ent_006390,ent_006389,Flavoxate hydrochloride,Flavoxate,hydrochloride,0,salt/ester rollup: 'Flavoxate hydrochloride' -> 'Flavoxate' (hydrochloride)
ent_006393,ent_006392,Flecainide acetate,Flecainide,acetate,4,salt/ester rollup: 'Flecainide acetate' -> 'Flecainide' (acetate)
ent_006467,ent_006466,Fludarabine phosphate,Fludarabine,phosphate,10,salt/ester rollup: 'Fludarabine phosphate' -> 'Fludarabine' (phosphate)
ent_006469,ent_006468,Fludazonium chloride,Fludazonium,chloride,0,salt/ester rollup: 'Fludazonium chloride' -> 'Fludazonium' (chloride)
ent_006476,ent_006475,Fludrocortisone acetate,Fludrocortisone,acetate,4,salt/ester rollup: 'Fludrocortisone acetate' -> 'Fludrocortisone' (acetate)
ent_006500,ent_006499,Flunarizine hydrochloride,Flunarizine,hydrochloride,0,salt/ester rollup: 'Flunarizine hydrochloride' -> 'Flunarizine' (hydrochloride)
ent_006515,ent_006513,Fluorescein sodium,Fluorescein,sodium,4,salt/ester rollup: 'Fluorescein sodium' -> 'Fluorescein' (sodium)
ent_006527,ent_006526,Fluorometholone acetate,Fluorometholone,acetate,0,salt/ester rollup: 'Fluorometholone acetate' -> 'Fluorometholone' (acetate)
ent_006534,ent_006533,Fluoxetine hydrochloride,Fluoxetine,hydrochloride,3,salt/ester rollup: 'Fluoxetine hydrochloride' -> 'Fluoxetine' (hydrochloride)
ent_006542,ent_006541,Fluphenazine decanoate,Fluphenazine,decanoate,0,salt/ester rollup: 'Fluphenazine decanoate' -> 'Fluphenazine' (decanoate)
ent_006543,ent_006541,Fluphenazine enanthate,Fluphenazine,enanthate,0,salt/ester rollup: 'Fluphenazine enanthate' -> 'Fluphenazine' (enanthate)
ent_006544,ent_006541,Fluphenazine hydrochloride,Fluphenazine,hydrochloride,0,salt/ester rollup: 'Fluphenazine hydrochloride' -> 'Fluphenazine' (hydrochloride)
ent_006564,ent_006563,Flurazepam hydrochloride,Flurazepam,hydrochloride,1,salt/ester rollup: 'Flurazepam hydrochloride' -> 'Flurazepam' (hydrochloride)
ent_006566,ent_006565,Flurbiprofen sodium,Flurbiprofen,sodium,0,salt/ester rollup: 'Flurbiprofen sodium' -> 'Flurbiprofen' (sodium)
ent_006589,ent_006588,Fluticasone furoate,Fluticasone,furoate,10,salt/ester rollup: 'Fluticasone furoate' -> 'Fluticasone' (furoate)
ent_006593,ent_006588,Fluticasone propionate,Fluticasone,propionate,21,salt/ester rollup: 'Fluticasone propionate' -> 'Fluticasone' (propionate)
ent_006594,ent_021194,Fluticasone propionate|salmeterol xinafoate,fluticasone propionate|salmeterol,xinafoate,0,salt/ester rollup: 'Fluticasone propionate|salmeterol xinafoate' -> 'fluticasone propionate|salmeterol' (xinafoate)
ent_006603,ent_006602,Fluvastatin sodium,Fluvastatin,sodium,2,salt/ester rollup: 'Fluvastatin sodium' -> 'Fluvastatin' (sodium)
ent_006605,ent_006604,Fluvoxamine maleate,Fluvoxamine,maleate,1,salt/ester rollup: 'Fluvoxamine maleate' -> 'Fluvoxamine' (maleate)
ent_006616,ent_006615,Folitixorin calcium,Folitixorin,calcium,0,salt/ester rollup: 'Folitixorin calcium' -> 'Folitixorin' (calcium)
ent_006626,ent_006625,Fomivirsen sodium,Fomivirsen,sodium,0,salt/ester rollup: 'Fomivirsen sodium' -> 'Fomivirsen' (sodium)
ent_006631,ent_006630,Fondaparinux sodium,Fondaparinux,sodium,4,salt/ester rollup: 'Fondaparinux sodium' -> 'Fondaparinux' (sodium)
ent_006641,ent_006640,Forigerimod acetate,Forigerimod,acetate,1,salt/ester rollup: 'Forigerimod acetate' -> 'Forigerimod' (acetate)
ent_006651,ent_006649,Formoterol fumarate,Formoterol,fumarate,21,salt/ester rollup: 'Formoterol fumarate' -> 'Formoterol' (fumarate)
ent_006656,ent_006655,Forodesine hydrochloride,Forodesine,hydrochloride,2,salt/ester rollup: 'Forodesine hydrochloride' -> 'Forodesine' (hydrochloride)
ent_006659,ent_006658,Fosamprenavir calcium,Fosamprenavir,calcium,3,salt/ester rollup: 'Fosamprenavir calcium' -> 'Fosamprenavir' (calcium)
ent_006665,ent_006664,Fosbretabulin disodium,Fosbretabulin,disodium,0,salt/ester rollup: 'Fosbretabulin disodium' -> 'Fosbretabulin' (disodium)
ent_006669,ent_006668,Foscarnet sodium,Foscarnet,sodium,1,salt/ester rollup: 'Foscarnet sodium' -> 'Foscarnet' (sodium)
ent_006675,ent_006674,Fosdenopterin hydrobromide,Fosdenopterin,hydrobromide,0,salt/ester rollup: 'Fosdenopterin hydrobromide' -> 'Fosdenopterin' (hydrobromide)
ent_006676,ent_006675,Fosdenopterin hydrobromide dihydrate,Fosdenopterin hydrobromide,dihydrate,1,salt/ester rollup: 'Fosdenopterin hydrobromide dihydrate' -> 'Fosdenopterin hydrobromide' (dihydrate)
ent_006686,ent_006685,Fosfomycin sodium,Fosfomycin,sodium,2,salt/ester rollup: 'Fosfomycin sodium' -> 'Fosfomycin' (sodium)
ent_006689,ent_006688,Fosfonet sodium,Fosfonet,sodium,0,salt/ester rollup: 'Fosfonet sodium' -> 'Fosfonet' (sodium)
ent_006694,ent_006693,Fosgonimeton sodium,Fosgonimeton,sodium,0,salt/ester rollup: 'Fosgonimeton sodium' -> 'Fosgonimeton' (sodium)
ent_006699,ent_006698,Fosinopril sodium,Fosinopril,sodium,2,salt/ester rollup: 'Fosinopril sodium' -> 'Fosinopril' (sodium)
ent_006712,ent_006711,Fosphenytoin sodium,Fosphenytoin,sodium,1,salt/ester rollup: 'Fosphenytoin sodium' -> 'Fosphenytoin' (sodium)
ent_006715,ent_006714,Fospropofol disodium,Fospropofol,disodium,0,salt/ester rollup: 'Fospropofol disodium' -> 'Fospropofol' (disodium)
ent_006720,ent_006719,Fostamatinib disodium,Fostamatinib,disodium,4,salt/ester rollup: 'Fostamatinib disodium' -> 'Fostamatinib' (disodium)
ent_006726,ent_006725,Fostriecin sodium,Fostriecin,sodium,0,salt/ester rollup: 'Fostriecin sodium' -> 'Fostriecin' (sodium)
ent_006728,ent_006727,Fostroxacitabine bralpamide hydrochloride,Fostroxacitabine bralpamide,hydrochloride,0,salt/ester rollup: 'Fostroxacitabine bralpamide hydrochloride' -> 'Fostroxacitabine bralpamide' (hydrochloride)
ent_006744,ent_006743,Frenlosirsen sodium,Frenlosirsen,sodium,0,salt/ester rollup: 'Frenlosirsen sodium' -> 'Frenlosirsen' (sodium)
ent_006756,ent_006755,Frovatriptan succinate,Frovatriptan,succinate,1,salt/ester rollup: 'Frovatriptan succinate' -> 'Frovatriptan' (succinate)
ent_006762,ent_006761,Frunexian hydrochloride,Frunexian,hydrochloride,0,salt/ester rollup: 'Frunexian hydrochloride' -> 'Frunexian' (hydrochloride)
ent_006795,ent_006794,Furazolium chloride,Furazolium,chloride,0,salt/ester rollup: 'Furazolium chloride' -> 'Furazolium' (chloride)
ent_006851,ent_006850,Galantamine hydrobromide,Galantamine,hydrobromide,2,salt/ester rollup: 'Galantamine hydrobromide' -> 'Galantamine' (hydrobromide)
ent_006869,ent_006866,Gallium citrate,Gallium,citrate,0,salt/ester rollup: 'Gallium citrate' -> 'Gallium' (citrate)
ent_006873,ent_006866,Gallium nitrate,Gallium,nitrate,0,salt/ester rollup: 'Gallium nitrate' -> 'Gallium' (nitrate)
ent_006892,ent_006891,Ganciclovir sodium,Ganciclovir,sodium,1,salt/ester rollup: 'Ganciclovir sodium' -> 'Ganciclovir' (sodium)
ent_006901,ent_006900,Ganirelix acetate,Ganirelix,acetate,1,salt/ester rollup: 'Ganirelix acetate' -> 'Ganirelix' (acetate)
ent_006905,ent_006904,Gantacurium chloride,Gantacurium,chloride,1,salt/ester rollup: 'Gantacurium chloride' -> 'Gantacurium' (chloride)
ent_006913,ent_006912,Garenoxacin mesylate,Garenoxacin,mesylate,0,salt/ester rollup: 'Garenoxacin mesylate' -> 'Garenoxacin' (mesylate)
ent_006942,ent_006941,Gefapixant citrate,Gefapixant,citrate,1,salt/ester rollup: 'Gefapixant citrate' -> 'Gefapixant' (citrate)
ent_006955,ent_006953,Gemcitabine hydrochloride,Gemcitabine,hydrochloride,13,salt/ester rollup: 'Gemcitabine hydrochloride' -> 'Gemcitabine' (hydrochloride)
ent_006960,ent_006959,Gemifloxacin mesylate,Gemifloxacin,mesylate,1,salt/ester rollup: 'Gemifloxacin mesylate' -> 'Gemifloxacin' (mesylate)
ent_006974,ent_006973,Gentamicin sulfate,Gentamicin,sulfate,5,salt/ester rollup: 'Gentamicin sulfate' -> 'Gentamicin' (sulfate)
ent_006982,ent_006981,Gepirone hydrochloride,Gepirone,hydrochloride,0,salt/ester rollup: 'Gepirone hydrochloride' -> 'Gepirone' (hydrochloride)
ent_007001,ent_007000,Gildeuretinol acetate,Gildeuretinol,acetate,0,salt/ester rollup: 'Gildeuretinol acetate' -> 'Gildeuretinol' (acetate)
ent_007006,ent_007005,Gilteritinib fumarate,Gilteritinib,fumarate,2,salt/ester rollup: 'Gilteritinib fumarate' -> 'Gilteritinib' (fumarate)
ent_007035,ent_007034,Givinostat hydrochloride,Givinostat,hydrochloride,0,salt/ester rollup: 'Givinostat hydrochloride' -> 'Givinostat' (hydrochloride)
ent_007036,ent_007035,Givinostat hydrochloride monohydrate,Givinostat hydrochloride,monohydrate,0,salt/ester rollup: 'Givinostat hydrochloride monohydrate' -> 'Givinostat hydrochloride' (monohydrate)
ent_007038,ent_007037,Givosiran sodium,Givosiran,sodium,0,salt/ester rollup: 'Givosiran sodium' -> 'Givosiran' (sodium)
ent_007042,ent_007041,Glasdegib maleate,Glasdegib,maleate,3,salt/ester rollup: 'Glasdegib maleate' -> 'Glasdegib' (maleate)
ent_007094,ent_007093,Glucagon hydrochloride,Glucagon,hydrochloride,7,salt/ester rollup: 'Glucagon hydrochloride' -> 'Glucagon' (hydrochloride)
ent_007101,ent_007100,Glucosamine hydrochloride,Glucosamine,hydrochloride,1,salt/ester rollup: 'Glucosamine hydrochloride' -> 'Glucosamine' (hydrochloride)
ent_007102,ent_007100,Glucosamine sulfate,Glucosamine,sulfate,1,salt/ester rollup: 'Glucosamine sulfate' -> 'Glucosamine' (sulfate)
ent_007114,ent_007113,Glutamic acid hydrochloride,Glutamic acid,hydrochloride,0,salt/ester rollup: 'Glutamic acid hydrochloride' -> 'Glutamic acid' (hydrochloride)
ent_007135,ent_007134,Glycopyrronium bromide,Glycopyrronium,bromide,21,salt/ester rollup: 'Glycopyrronium bromide' -> 'Glycopyrronium' (bromide)
ent_007138,ent_007134,Glycopyrronium tosylate,Glycopyrronium,tosylate,0,salt/ester rollup: 'Glycopyrronium tosylate' -> 'Glycopyrronium' (tosylate)
ent_007145,ent_007144,Glymidine sodium,Glymidine,sodium,0,salt/ester rollup: 'Glymidine sodium' -> 'Glymidine' (sodium)
ent_007156,ent_007155,Golcadomide hydrochloride,Golcadomide,hydrochloride,0,salt/ester rollup: 'Golcadomide hydrochloride' -> 'Golcadomide' (hydrochloride)
ent_007170,ent_007169,Gonadorelin acetate,Gonadorelin,acetate,0,salt/ester rollup: 'Gonadorelin acetate' -> 'Gonadorelin' (acetate)
ent_007171,ent_007169,Gonadorelin hydrochloride,Gonadorelin,hydrochloride,0,salt/ester rollup: 'Gonadorelin hydrochloride' -> 'Gonadorelin' (hydrochloride)
ent_007177,ent_007176,Goserelin acetate,Goserelin,acetate,14,salt/ester rollup: 'Goserelin acetate' -> 'Goserelin' (acetate)
ent_007194,ent_007193,Granisetron hydrochloride,Granisetron,hydrochloride,3,salt/ester rollup: 'Granisetron hydrochloride' -> 'Granisetron' (hydrochloride)
ent_007199,ent_007198,Grazoprevir anhydrous,Grazoprevir,anhydrous,1,salt/ester rollup: 'Grazoprevir anhydrous' -> 'Grazoprevir' (anhydrous)
ent_007205,ent_007204,Grepafloxacin hydrochloride,Grepafloxacin,hydrochloride,0,salt/ester rollup: 'Grepafloxacin hydrochloride' -> 'Grepafloxacin' (hydrochloride)
ent_007303,ent_007302,Guanabenz acetate,Guanabenz,acetate,0,salt/ester rollup: 'Guanabenz acetate' -> 'Guanabenz' (acetate)
ent_007306,ent_007305,Guanadrel sulfate,Guanadrel,sulfate,0,salt/ester rollup: 'Guanadrel sulfate' -> 'Guanadrel' (sulfate)
ent_007313,ent_007312,Guanfacine hydrochloride,Guanfacine,hydrochloride,2,salt/ester rollup: 'Guanfacine hydrochloride' -> 'Guanfacine' (hydrochloride)
ent_007315,ent_007314,Guanidine hydrochloride,Guanidine,hydrochloride,0,salt/ester rollup: 'Guanidine hydrochloride' -> 'Guanidine' (hydrochloride)
ent_007330,ent_007329,Gusacitinib hydrochloride,Gusacitinib,hydrochloride,0,salt/ester rollup: 'Gusacitinib hydrochloride' -> 'Gusacitinib' (hydrochloride)
ent_007365,ent_007364,Halofantrine hydrochloride,Halofantrine,hydrochloride,0,salt/ester rollup: 'Halofantrine hydrochloride' -> 'Halofantrine' (hydrochloride)
ent_007368,ent_007367,Halofuginone hydrobromide,Halofuginone,hydrobromide,0,salt/ester rollup: 'Halofuginone hydrobromide' -> 'Halofuginone' (hydrobromide)
ent_007373,ent_007372,Halopenium chloride,Halopenium,chloride,0,salt/ester rollup: 'Halopenium chloride' -> 'Halopenium' (chloride)
ent_007375,ent_007374,Haloperidol decanoate,Haloperidol,decanoate,1,salt/ester rollup: 'Haloperidol decanoate' -> 'Haloperidol' (decanoate)
ent_007376,ent_007374,Haloperidol lactate,Haloperidol,lactate,0,salt/ester rollup: 'Haloperidol lactate' -> 'Haloperidol' (lactate)
ent_007391,ent_007390,Hedaquinium chloride,Hedaquinium,chloride,0,salt/ester rollup: 'Hedaquinium chloride' -> 'Hedaquinium' (chloride)
ent_007409,ent_007408,Heparin calcium,Heparin,calcium,2,salt/ester rollup: 'Heparin calcium' -> 'Heparin' (calcium)
ent_007410,ent_007408,Heparin sodium,Heparin,sodium,14,salt/ester rollup: 'Heparin sodium' -> 'Heparin' (sodium)
ent_007429,ent_007428,Hetacillin potassium,Hetacillin,potassium,0,salt/ester rollup: 'Hetacillin potassium' -> 'Hetacillin' (potassium)
ent_007433,ent_007432,Heteronium bromide,Heteronium,bromide,0,salt/ester rollup: 'Heteronium bromide' -> 'Heteronium' (bromide)
ent_007437,ent_007436,Hexacyclonate sodium,Hexacyclonate,sodium,0,salt/ester rollup: 'Hexacyclonate sodium' -> 'Hexacyclonate' (sodium)
ent_007443,ent_007442,Hexafluorenium bromide,Hexafluorenium,bromide,0,salt/ester rollup: 'Hexafluorenium bromide' -> 'Hexafluorenium' (bromide)
ent_007445,ent_007444,Hexamethonium bromide,Hexamethonium,bromide,0,salt/ester rollup: 'Hexamethonium bromide' -> 'Hexamethonium' (bromide)
ent_007448,ent_007447,Hexaminolevulinate hydrochloride,Hexaminolevulinate,hydrochloride,3,salt/ester rollup: 'Hexaminolevulinate hydrochloride' -> 'Hexaminolevulinate' (hydrochloride)
ent_007456,ent_007455,Hexcarbacholine bromide,Hexcarbacholine,bromide,0,salt/ester rollup: 'Hexcarbacholine bromide' -> 'Hexcarbacholine' (bromide)
ent_007466,ent_007465,Hexopyrronium bromide,Hexopyrronium,bromide,0,salt/ester rollup: 'Hexopyrronium bromide' -> 'Hexopyrronium' (bromide)
ent_007468,ent_007467,Hexylcaine hydrochloride,Hexylcaine,hydrochloride,0,salt/ester rollup: 'Hexylcaine hydrochloride' -> 'Hexylcaine' (hydrochloride)
ent_007476,ent_007474,Histamine phosphate,Histamine,phosphate,1,salt/ester rollup: 'Histamine phosphate' -> 'Histamine' (phosphate)
ent_007480,ent_007479,Histrelin acetate,Histrelin,acetate,0,salt/ester rollup: 'Histrelin acetate' -> 'Histrelin' (acetate)
ent_007488,ent_007487,Homatropine hydrobromide,Homatropine,hydrobromide,0,salt/ester rollup: 'Homatropine hydrobromide' -> 'Homatropine' (hydrobromide)
ent_007491,ent_007490,Homidium bromide,Homidium,bromide,0,salt/ester rollup: 'Homidium bromide' -> 'Homidium' (bromide)
ent_007559,ent_007558,Hydralazine hydrochloride,Hydralazine,hydrochloride,1,salt/ester rollup: 'Hydralazine hydrochloride' -> 'Hydralazine' (hydrochloride)
ent_007564,ent_007563,Hydrocodone bitartrate,Hydrocodone,bitartrate,0,salt/ester rollup: 'Hydrocodone bitartrate' -> 'Hydrocodone' (bitartrate)
ent_007567,ent_007566,Hydrocortamate hydrochloride,Hydrocortamate,hydrochloride,0,salt/ester rollup: 'Hydrocortamate hydrochloride' -> 'Hydrocortamate' (hydrochloride)
ent_007570,ent_007568,Hydrocortisone acetate,Hydrocortisone,acetate,3,salt/ester rollup: 'Hydrocortisone acetate' -> 'Hydrocortisone' (acetate)
ent_007578,ent_007568,Hydrocortisone valerate,Hydrocortisone,valerate,0,salt/ester rollup: 'Hydrocortisone valerate' -> 'Hydrocortisone' (valerate)
ent_007584,ent_007583,Hydromethylthionine mesylate,Hydromethylthionine,mesylate,0,salt/ester rollup: 'Hydromethylthionine mesylate' -> 'Hydromethylthionine' (mesylate)
ent_007587,ent_007586,Hydromorphone hydrochloride,Hydromorphone,hydrochloride,4,salt/ester rollup: 'Hydromorphone hydrochloride' -> 'Hydromorphone' (hydrochloride)
ent_007596,ent_007595,Hydroxyamphetamine hydrobromide,Hydroxyamphetamine,hydrobromide,0,salt/ester rollup: 'Hydroxyamphetamine hydrobromide' -> 'Hydroxyamphetamine' (hydrobromide)
ent_007600,ent_007599,Hydroxychloroquine sulfate,Hydroxychloroquine,sulfate,16,salt/ester rollup: 'Hydroxychloroquine sulfate' -> 'Hydroxychloroquine' (sulfate)
ent_007620,ent_007619,Hydroxyzine hydrochloride,Hydroxyzine,hydrochloride,3,salt/ester rollup: 'Hydroxyzine hydrochloride' -> 'Hydroxyzine' (hydrochloride)
ent_007621,ent_007619,Hydroxyzine pamoate,Hydroxyzine,pamoate,0,salt/ester rollup: 'Hydroxyzine pamoate' -> 'Hydroxyzine' (pamoate)
ent_007628,ent_007627,Hypericin sodium,Hypericin,sodium,0,salt/ester rollup: 'Hypericin sodium' -> 'Hypericin' (sodium)
ent_007645,ent_007644,Iberdomide hydrochloride,Iberdomide,hydrochloride,0,salt/ester rollup: 'Iberdomide hydrochloride' -> 'Iberdomide' (hydrochloride)
ent_007655,ent_007654,Ibrexafungerp citrate,Ibrexafungerp,citrate,0,salt/ester rollup: 'Ibrexafungerp citrate' -> 'Ibrexafungerp' (citrate)
ent_007666,ent_007663,Ibuprofen sodium,Ibuprofen,sodium,1,salt/ester rollup: 'Ibuprofen sodium' -> 'Ibuprofen' (sodium)
ent_007668,ent_007667,Ibuprofen trelamine hydrochloride,Ibuprofen trelamine,hydrochloride,0,salt/ester rollup: 'Ibuprofen trelamine hydrochloride' -> 'Ibuprofen trelamine' (hydrochloride)
ent_007671,ent_007670,Ibutamoren mesylate,Ibutamoren,mesylate,3,salt/ester rollup: 'Ibutamoren mesylate' -> 'Ibutamoren' (mesylate)
ent_007674,ent_007673,Ibutilide fumarate,Ibutilide,fumarate,0,salt/ester rollup: 'Ibutilide fumarate' -> 'Ibutilide' (fumarate)
ent_007685,ent_007684,Icatibant acetate,Icatibant,acetate,2,salt/ester rollup: 'Icatibant acetate' -> 'Icatibant' (acetate)
ent_007699,ent_007698,Icopezil maleate,Icopezil,maleate,0,salt/ester rollup: 'Icopezil maleate' -> 'Icopezil' (maleate)
ent_007706,ent_007705,Icotrokinra hydrochloride,Icotrokinra,hydrochloride,0,salt/ester rollup: 'Icotrokinra hydrochloride' -> 'Icotrokinra' (hydrochloride)
ent_007712,ent_007711,Idarubicin hydrochloride,Idarubicin,hydrochloride,7,salt/ester rollup: 'Idarubicin hydrochloride' -> 'Idarubicin' (hydrochloride)
ent_007734,ent_007733,Idraparinux sodium,Idraparinux,sodium,1,salt/ester rollup: 'Idraparinux sodium' -> 'Idraparinux' (sodium)
ent_007750,ent_007749,Ifenprodil tartrate,Ifenprodil,tartrate,0,salt/ester rollup: 'Ifenprodil tartrate' -> 'Ifenprodil' (tartrate)
ent_007753,ent_007752,Ifetroban sodium,Ifetroban,sodium,0,salt/ester rollup: 'Ifetroban sodium' -> 'Ifetroban' (sodium)
ent_007771,ent_007770,Ilacirnon sodium,Ilacirnon,sodium,0,salt/ester rollup: 'Ilacirnon sodium' -> 'Ilacirnon' (sodium)
ent_007800,ent_007799,Imarikiren hydrochloride,Imarikiren,hydrochloride,0,salt/ester rollup: 'Imarikiren hydrochloride' -> 'Imarikiren' (hydrochloride)
ent_007802,ent_007801,Imatinib mesilate,Imatinib,mesilate,0,salt/ester rollup: 'Imatinib mesilate' -> 'Imatinib' (mesilate)
ent_007803,ent_007801,Imatinib mesylate,Imatinib,mesylate,7,salt/ester rollup: 'Imatinib mesylate' -> 'Imatinib' (mesylate)
ent_007820,ent_007819,Imdusiran sodium,Imdusiran,sodium,0,salt/ester rollup: 'Imdusiran sodium' -> 'Imdusiran' (sodium)
ent_007826,ent_007825,Imetelstat sodium,Imetelstat,sodium,1,salt/ester rollup: 'Imetelstat sodium' -> 'Imetelstat' (sodium)
ent_007845,ent_007844,Imipenem anhydrous,Imipenem,anhydrous,0,salt/ester rollup: 'Imipenem anhydrous' -> 'Imipenem' (anhydrous)
ent_007848,ent_007847,Imipramine hydrochloride,Imipramine,hydrochloride,3,salt/ester rollup: 'Imipramine hydrochloride' -> 'Imipramine' (hydrochloride)
ent_007849,ent_007847,Imipramine pamoate,Imipramine,pamoate,0,salt/ester rollup: 'Imipramine pamoate' -> 'Imipramine' (pamoate)
ent_007858,ent_007856,Imlunestrant tosylate,Imlunestrant,tosylate,0,salt/ester rollup: 'Imlunestrant tosylate' -> 'Imlunestrant' (tosylate)
ent_007912,ent_007911,Inamrinone lactate,Inamrinone,lactate,0,salt/ester rollup: 'Inamrinone lactate' -> 'Inamrinone' (lactate)
ent_007930,ent_007929,Inclisiran sodium,Inclisiran,sodium,1,salt/ester rollup: 'Inclisiran sodium' -> 'Inclisiran' (sodium)
ent_007935,ent_007934,Indacaterol acetate,Indacaterol,acetate,6,salt/ester rollup: 'Indacaterol acetate' -> 'Indacaterol' (acetate)
ent_007937,ent_007934,Indacaterol maleate,Indacaterol,maleate,6,salt/ester rollup: 'Indacaterol maleate' -> 'Indacaterol' (maleate)
ent_007951,ent_007950,Indecainide hydrochloride,Indecainide,hydrochloride,0,salt/ester rollup: 'Indecainide hydrochloride' -> 'Indecainide' (hydrochloride)
ent_007960,ent_007959,Indigotindisulfonate sodium,Indigotindisulfonate,sodium,2,salt/ester rollup: 'Indigotindisulfonate sodium' -> 'Indigotindisulfonate' (sodium)
ent_007962,ent_007961,Indinavir anhydrous,Indinavir,anhydrous,0,salt/ester rollup: 'Indinavir anhydrous' -> 'Indinavir' (anhydrous)
ent_007963,ent_007961,Indinavir sulfate,Indinavir,sulfate,1,salt/ester rollup: 'Indinavir sulfate' -> 'Indinavir' (sulfate)
ent_007983,ent_007982,Indomethacin sodium,Indomethacin,sodium,1,salt/ester rollup: 'Indomethacin sodium' -> 'Indomethacin' (sodium)
ent_007988,ent_007987,Indoramin hydrochloride,Indoramin,hydrochloride,0,salt/ester rollup: 'Indoramin hydrochloride' -> 'Indoramin' (hydrochloride)
ent_008006,ent_008004,Infigratinib phosphate,Infigratinib,phosphate,0,salt/ester rollup: 'Infigratinib phosphate' -> 'Infigratinib' (phosphate)
ent_008054,ent_008053,Inotersen sodium,Inotersen,sodium,0,salt/ester rollup: 'Inotersen sodium' -> 'Inotersen' (sodium)
ent_008126,ent_008125,Inupadenant hydrochloride,Inupadenant,hydrochloride,0,salt/ester rollup: 'Inupadenant hydrochloride' -> 'Inupadenant' (hydrochloride)
ent_008158,ent_008156,Iodipamide sodium,Iodipamide,sodium,0,salt/ester rollup: 'Iodipamide sodium' -> 'Iodipamide' (sodium)
ent_008175,ent_008174,Iodophthalein sodium,Iodophthalein,sodium,0,salt/ester rollup: 'Iodophthalein sodium' -> 'Iodophthalein' (sodium)
ent_008264,ent_008263,Ipodate calcium,Ipodate,calcium,0,salt/ester rollup: 'Ipodate calcium' -> 'Ipodate' (calcium)
ent_008265,ent_008263,Ipodate sodium,Ipodate,sodium,0,salt/ester rollup: 'Ipodate sodium' -> 'Ipodate' (sodium)
ent_008271,ent_008270,Ipratropium bromide,Ipratropium,bromide,9,salt/ester rollup: 'Ipratropium bromide' -> 'Ipratropium' (bromide)
ent_008287,ent_008286,Iptacopan hydrochloride,Iptacopan,hydrochloride,1,salt/ester rollup: 'Iptacopan hydrochloride' -> 'Iptacopan' (hydrochloride)
ent_008288,ent_008287,Iptacopan hydrochloride monohydrate,Iptacopan hydrochloride,monohydrate,0,salt/ester rollup: 'Iptacopan hydrochloride monohydrate' -> 'Iptacopan hydrochloride' (monohydrate)
ent_008294,ent_008293,Irbesartan hydrochloride,Irbesartan,hydrochloride,0,salt/ester rollup: 'Irbesartan hydrochloride' -> 'Irbesartan' (hydrochloride)
ent_008301,ent_008299,Irinotecan hydrochloride,Irinotecan,hydrochloride,17,salt/ester rollup: 'Irinotecan hydrochloride' -> 'Irinotecan' (hydrochloride)
ent_008317,ent_008316,Irsenontrine maleate,Irsenontrine,maleate,0,salt/ester rollup: 'Irsenontrine maleate' -> 'Irsenontrine' (maleate)
ent_008319,ent_008318,Irsogladine maleate,Irsogladine,maleate,0,salt/ester rollup: 'Irsogladine maleate' -> 'Irsogladine' (maleate)
ent_008336,ent_008335,Isavuconazonium sulfate,Isavuconazonium,sulfate,4,salt/ester rollup: 'Isavuconazonium sulfate' -> 'Isavuconazonium' (sulfate)
ent_008338,ent_008337,Isaxonine phosphate,Isaxonine,phosphate,0,salt/ester rollup: 'Isaxonine phosphate' -> 'Isaxonine' (phosphate)
ent_008343,ent_008342,Iseganan hydrochloride,Iseganan,hydrochloride,0,salt/ester rollup: 'Iseganan hydrochloride' -> 'Iseganan' (hydrochloride)
ent_008358,ent_008357,Isoetharine hydrochloride,Isoetharine,hydrochloride,0,salt/ester rollup: 'Isoetharine hydrochloride' -> 'Isoetharine' (hydrochloride)
ent_008359,ent_008357,Isoetharine mesylate,Isoetharine,mesylate,0,salt/ester rollup: 'Isoetharine mesylate' -> 'Isoetharine' (mesylate)
ent_008369,ent_008368,Isometamidium chloride,Isometamidium,chloride,0,salt/ester rollup: 'Isometamidium chloride' -> 'Isometamidium' (chloride)
ent_008387,ent_008386,Isoproterenol hydrochloride,Isoproterenol,hydrochloride,1,salt/ester rollup: 'Isoproterenol hydrochloride' -> 'Isoproterenol' (hydrochloride)
ent_008388,ent_008386,Isoproterenol sulfate,Isoproterenol,sulfate,0,salt/ester rollup: 'Isoproterenol sulfate' -> 'Isoproterenol' (sulfate)
ent_008405,ent_008404,Isoxsuprine hydrochloride,Isoxsuprine,hydrochloride,0,salt/ester rollup: 'Isoxsuprine hydrochloride' -> 'Isoxsuprine' (hydrochloride)
ent_008438,ent_008437,Ivabradine hydrochloride,Ivabradine,hydrochloride,3,salt/ester rollup: 'Ivabradine hydrochloride' -> 'Ivabradine' (hydrochloride)
ent_008443,ent_008442,Ivarmacitinib sulfate,Ivarmacitinib,sulfate,1,salt/ester rollup: 'Ivarmacitinib sulfate' -> 'Ivarmacitinib' (sulfate)
ent_008449,ent_008448,Ivospemin hydrochloride,Ivospemin,hydrochloride,0,salt/ester rollup: 'Ivospemin hydrochloride' -> 'Ivospemin' (hydrochloride)
ent_008453,ent_008452,Ixazomib citrate,Ixazomib,citrate,5,salt/ester rollup: 'Ixazomib citrate' -> 'Ixazomib' (citrate)
ent_008520,ent_008518,Kanamycin sulfate,Kanamycin,sulfate,0,salt/ester rollup: 'Kanamycin sulfate' -> 'Kanamycin' (sulfate)
ent_008535,ent_008534,Ketamine hydrochloride,Ketamine,hydrochloride,5,salt/ester rollup: 'Ketamine hydrochloride' -> 'Ketamine' (hydrochloride)
ent_008548,ent_008546,Ketoprofen sodium,Ketoprofen,sodium,1,salt/ester rollup: 'Ketoprofen sodium' -> 'Ketoprofen' (sodium)
ent_008554,ent_008553,Ketotifen fumarate,Ketotifen,fumarate,1,salt/ester rollup: 'Ketotifen fumarate' -> 'Ketotifen' (fumarate)
ent_008600,ent_008599,Labetalol hydrochloride,Labetalol,hydrochloride,4,salt/ester rollup: 'Labetalol hydrochloride' -> 'Labetalol' (hydrochloride)
ent_008611,ent_008610,Lactisole sodium,Lactisole,sodium,0,salt/ester rollup: 'Lactisole sodium' -> 'Lactisole' (sodium)
ent_008625,ent_008624,Ladostigil tartrate,Ladostigil,tartrate,0,salt/ester rollup: 'Ladostigil tartrate' -> 'Ladostigil' (tartrate)
ent_008647,ent_008646,Landiolol hydrochloride,Landiolol,hydrochloride,3,salt/ester rollup: 'Landiolol hydrochloride' -> 'Landiolol' (hydrochloride)
ent_008661,ent_008660,Lanopepden mesylate,Lanopepden,mesylate,0,salt/ester rollup: 'Lanopepden mesylate' -> 'Lanopepden' (mesylate)
ent_008666,ent_008665,Lanraplenib succinate,Lanraplenib,succinate,0,salt/ester rollup: 'Lanraplenib succinate' -> 'Lanraplenib' (succinate)
ent_008668,ent_008667,Lanreotide acetate,Lanreotide,acetate,5,salt/ester rollup: 'Lanreotide acetate' -> 'Lanreotide' (acetate)
ent_008680,ent_008679,Lapyrium chloride,Lapyrium,chloride,0,salt/ester rollup: 'Lapyrium chloride' -> 'Lapyrium' (chloride)
ent_008683,ent_008682,Larazotide acetate,Larazotide,acetate,1,salt/ester rollup: 'Larazotide acetate' -> 'Larazotide' (acetate)
ent_008694,ent_008693,Larotrectinib sulfate,Larotrectinib,sulfate,0,salt/ester rollup: 'Larotrectinib sulfate' -> 'Larotrectinib' (sulfate)
ent_008696,ent_008695,Larsucosterol sodium,Larsucosterol,sodium,0,salt/ester rollup: 'Larsucosterol sodium' -> 'Larsucosterol' (sodium)
ent_008707,ent_008706,Lasmiditan succinate,Lasmiditan,succinate,0,salt/ester rollup: 'Lasmiditan succinate' -> 'Lasmiditan' (succinate)
ent_008709,ent_008708,Lasofoxifene tartrate,Lasofoxifene,tartrate,1,salt/ester rollup: 'Lasofoxifene tartrate' -> 'Lasofoxifene' (tartrate)
ent_008722,ent_008721,Lauralkonium chloride,Lauralkonium,chloride,0,salt/ester rollup: 'Lauralkonium chloride' -> 'Lauralkonium' (chloride)
ent_008724,ent_008723,Laurcetium bromide,Laurcetium,bromide,0,salt/ester rollup: 'Laurcetium bromide' -> 'Laurcetium' (bromide)
ent_008729,ent_008728,Laurolinium acetate,Laurolinium,acetate,0,salt/ester rollup: 'Laurolinium acetate' -> 'Laurolinium' (acetate)
ent_008735,ent_008733,Lazertinib mesylate,Lazertinib,mesylate,0,salt/ester rollup: 'Lazertinib mesylate' -> 'Lazertinib' (mesylate)
ent_008737,ent_008736,Lazucirnon hydrochloride,Lazucirnon,hydrochloride,0,salt/ester rollup: 'Lazucirnon hydrochloride' -> 'Lazucirnon' (hydrochloride)
ent_008753,ent_008752,Lecozotan hydrochloride,Lecozotan,hydrochloride,0,salt/ester rollup: 'Lecozotan hydrochloride' -> 'Lecozotan' (hydrochloride)
ent_008763,ent_008762,Lefamulin acetate,Lefamulin,acetate,0,salt/ester rollup: 'Lefamulin acetate' -> 'Lefamulin' (acetate)
ent_008765,ent_008764,Lefelsiran sodium,Lefelsiran,sodium,0,salt/ester rollup: 'Lefelsiran sodium' -> 'Lefelsiran' (sodium)
ent_008784,ent_008783,Lenacapavir sodium,Lenacapavir,sodium,2,salt/ester rollup: 'Lenacapavir sodium' -> 'Lenacapavir' (sodium)
ent_008793,ent_008792,Leniolisib phosphate,Leniolisib,phosphate,0,salt/ester rollup: 'Leniolisib phosphate' -> 'Leniolisib' (phosphate)
ent_008799,ent_008798,Lenrispodun phosphate,Lenrispodun,phosphate,0,salt/ester rollup: 'Lenrispodun phosphate' -> 'Lenrispodun' (phosphate)
ent_008803,ent_008802,Lenvatinib mesilate,Lenvatinib,mesilate,3,salt/ester rollup: 'Lenvatinib mesilate' -> 'Lenvatinib' (mesilate)
ent_008804,ent_008802,Lenvatinib mesylate,Lenvatinib,mesylate,2,salt/ester rollup: 'Lenvatinib mesylate' -> 'Lenvatinib' (mesylate)
ent_008810,ent_008809,Lepodisiran sodium,Lepodisiran,sodium,0,salt/ester rollup: 'Lepodisiran sodium' -> 'Lepodisiran' (sodium)
ent_008823,ent_008822,Leriglitazone hydrochloride,Leriglitazone,hydrochloride,0,salt/ester rollup: 'Leriglitazone hydrochloride' -> 'Leriglitazone' (hydrochloride)
ent_008840,ent_008839,Leteprinim potassium,Leteprinim,potassium,0,salt/ester rollup: 'Leteprinim potassium' -> 'Leteprinim' (potassium)
ent_008855,ent_008854,Leucovorin calcium,Leucovorin,calcium,39,salt/ester rollup: 'Leucovorin calcium' -> 'Leucovorin' (calcium)
ent_008856,ent_008854,Leucovorin sodium,Leucovorin,sodium,6,salt/ester rollup: 'Leucovorin sodium' -> 'Leucovorin' (sodium)
ent_008858,ent_008857,Leuprolide acetate,Leuprolide,acetate,18,salt/ester rollup: 'Leuprolide acetate' -> 'Leuprolide' (acetate)
ent_008859,ent_008857,Leuprolide mesylate,Leuprolide,mesylate,3,salt/ester rollup: 'Leuprolide mesylate' -> 'Leuprolide' (mesylate)
ent_008867,ent_008866,Levallorphan tartrate,Levallorphan,tartrate,0,salt/ester rollup: 'Levallorphan tartrate' -> 'Levallorphan' (tartrate)
ent_008870,ent_008869,Levamisole hydrochloride,Levamisole,hydrochloride,1,salt/ester rollup: 'Levamisole hydrochloride' -> 'Levamisole' (hydrochloride)
ent_008872,ent_008871,Levamlodipine malate,Levamlodipine,malate,0,salt/ester rollup: 'Levamlodipine malate' -> 'Levamlodipine' (malate)
ent_008873,ent_008871,Levamlodipine maleate,Levamlodipine,maleate,0,salt/ester rollup: 'Levamlodipine maleate' -> 'Levamlodipine' (maleate)
ent_008884,ent_008883,Levobetaxolol hydrochloride,Levobetaxolol,hydrochloride,0,salt/ester rollup: 'Levobetaxolol hydrochloride' -> 'Levobetaxolol' (hydrochloride)
ent_008886,ent_008885,Levobunolol hydrochloride,Levobunolol,hydrochloride,0,salt/ester rollup: 'Levobunolol hydrochloride' -> 'Levobunolol' (hydrochloride)
ent_008888,ent_008887,Levobupivacaine hydrochloride,Levobupivacaine,hydrochloride,14,salt/ester rollup: 'Levobupivacaine hydrochloride' -> 'Levobupivacaine' (hydrochloride)
ent_008890,ent_008889,Levocabastine hydrochloride,Levocabastine,hydrochloride,3,salt/ester rollup: 'Levocabastine hydrochloride' -> 'Levocabastine' (hydrochloride)
ent_008901,ent_008900,Levofloxacin anhydrous,Levofloxacin,anhydrous,5,salt/ester rollup: 'Levofloxacin anhydrous' -> 'Levofloxacin' (anhydrous)
ent_008906,ent_008905,Levoleucovorin calcium,Levoleucovorin,calcium,17,salt/ester rollup: 'Levoleucovorin calcium' -> 'Levoleucovorin' (calcium)
ent_008914,ent_008913,Levomethadyl acetate hydrochloride,Levomethadyl acetate,hydrochloride,0,salt/ester rollup: 'Levomethadyl acetate hydrochloride' -> 'Levomethadyl acetate' (hydrochloride)
ent_008918,ent_008917,Levomilnacipran hydrochloride,Levomilnacipran,hydrochloride,0,salt/ester rollup: 'Levomilnacipran hydrochloride' -> 'Levomilnacipran' (hydrochloride)
ent_008934,ent_008933,Levorphanol tartrate,Levorphanol,tartrate,0,salt/ester rollup: 'Levorphanol tartrate' -> 'Levorphanol' (tartrate)
ent_008940,ent_008939,Levothyroxine sodium,Levothyroxine,sodium,12,salt/ester rollup: 'Levothyroxine sodium' -> 'Levothyroxine' (sodium)
ent_008946,ent_008945,Lexanersen sodium,Lexanersen,sodium,0,salt/ester rollup: 'Lexanersen sodium' -> 'Lexanersen' (sodium)
ent_008980,ent_008979,Lidocaine hydrochloride,Lidocaine,hydrochloride,14,salt/ester rollup: 'Lidocaine hydrochloride' -> 'Lidocaine' (hydrochloride)
ent_008991,ent_008990,Lifirafenib maleate,Lifirafenib,maleate,0,salt/ester rollup: 'Lifirafenib maleate' -> 'Lifirafenib' (maleate)
ent_009002,ent_009001,Linaclotide acetate,Linaclotide,acetate,0,salt/ester rollup: 'Linaclotide acetate' -> 'Linaclotide' (acetate)
ent_009011,ent_009010,Lincomycin hydrochloride,Lincomycin,hydrochloride,0,salt/ester rollup: 'Lincomycin hydrochloride' -> 'Lincomycin' (hydrochloride)
ent_009025,ent_009024,Linrodostat mesylate,Linrodostat,mesylate,0,salt/ester rollup: 'Linrodostat mesylate' -> 'Linrodostat' (mesylate)
ent_009040,ent_009038,Liothyronine sodium,Liothyronine,sodium,4,salt/ester rollup: 'Liothyronine sodium' -> 'Liothyronine' (sodium)
ent_009048,ent_009047,Lirafugratinib hydrochloride,Lirafugratinib,hydrochloride,0,salt/ester rollup: 'Lirafugratinib hydrochloride' -> 'Lirafugratinib' (hydrochloride)
ent_009063,ent_009062,Lisinopril anhydrous,Lisinopril,anhydrous,0,salt/ester rollup: 'Lisinopril anhydrous' -> 'Lisinopril' (anhydrous)
ent_009073,ent_009072,Lithium citrate anhydrous,Lithium citrate,anhydrous,0,salt/ester rollup: 'Lithium citrate anhydrous' -> 'Lithium citrate' (anhydrous)
ent_009110,ent_009109,Lixumistat acetate,Lixumistat,acetate,0,salt/ester rollup: 'Lixumistat acetate' -> 'Lixumistat' (acetate)
ent_009121,ent_009120,Lobeglitazone sulfate,Lobeglitazone,sulfate,0,salt/ester rollup: 'Lobeglitazone sulfate' -> 'Lobeglitazone' (sulfate)
ent_009143,ent_009142,Lofepramine hydrochloride,Lofepramine,hydrochloride,0,salt/ester rollup: 'Lofepramine hydrochloride' -> 'Lofepramine' (hydrochloride)
ent_009145,ent_009144,Lofexidine hydrochloride,Lofexidine,hydrochloride,1,salt/ester rollup: 'Lofexidine hydrochloride' -> 'Lofexidine' (hydrochloride)
ent_009151,ent_009150,Lomefloxacin hydrochloride,Lomefloxacin,hydrochloride,0,salt/ester rollup: 'Lomefloxacin hydrochloride' -> 'Lomefloxacin' (hydrochloride)
ent_009160,ent_009159,Lomitapide mesylate,Lomitapide,mesylate,0,salt/ester rollup: 'Lomitapide mesylate' -> 'Lomitapide' (mesylate)
ent_009179,ent_009178,Loperamide hydrochloride,Loperamide,hydrochloride,5,salt/ester rollup: 'Loperamide hydrochloride' -> 'Loperamide' (hydrochloride)
ent_009188,ent_009187,Loracarbef anhydrous,Loracarbef,anhydrous,0,salt/ester rollup: 'Loracarbef anhydrous' -> 'Loracarbef' (anhydrous)
ent_009196,ent_009195,Lorcaserin hydrochloride,Lorcaserin,hydrochloride,0,salt/ester rollup: 'Lorcaserin hydrochloride' -> 'Lorcaserin' (hydrochloride)
ent_009209,ent_009208,Lorundrostat hydrobromide,Lorundrostat,hydrobromide,0,salt/ester rollup: 'Lorundrostat hydrobromide' -> 'Lorundrostat' (hydrobromide)
ent_009213,ent_009212,Lorzafone anhydrous,Lorzafone,anhydrous,0,salt/ester rollup: 'Lorzafone anhydrous' -> 'Lorzafone' (anhydrous)
ent_009215,ent_009214,Losartan potassium,Losartan,potassium,9,salt/ester rollup: 'Losartan potassium' -> 'Losartan' (potassium)
ent_009242,ent_009241,Loxapine hydrochloride,Loxapine,hydrochloride,0,salt/ester rollup: 'Loxapine hydrochloride' -> 'Loxapine' (hydrochloride)
ent_009243,ent_009241,Loxapine succinate,Loxapine,succinate,0,salt/ester rollup: 'Loxapine succinate' -> 'Loxapine' (succinate)
ent_009259,ent_009258,Lucanthone hydrochloride,Lucanthone,hydrochloride,0,salt/ester rollup: 'Lucanthone hydrochloride' -> 'Lucanthone' (hydrochloride)
ent_009278,ent_009277,Lumasiran sodium,Lumasiran,sodium,2,salt/ester rollup: 'Lumasiran sodium' -> 'Lumasiran' (sodium)
ent_009280,ent_009279,Lumateperone tosylate,Lumateperone,tosylate,3,salt/ester rollup: 'Lumateperone tosylate' -> 'Lumateperone' (tosylate)
ent_009299,ent_009298,Lurasidone hydrochloride,Lurasidone,hydrochloride,3,salt/ester rollup: 'Lurasidone hydrochloride' -> 'Lurasidone' (hydrochloride)
ent_009302,ent_009301,Lurosetron mesylate,Lurosetron,mesylate,0,salt/ester rollup: 'Lurosetron mesylate' -> 'Lurosetron' (mesylate)
ent_009368,ent_009367,Ly-3143921 monohydrate,Ly-3143921,monohydrate,0,salt/ester rollup: 'Ly-3143921 monohydrate' -> 'Ly-3143921' (monohydrate)
ent_009414,ent_009413,Macimorelin acetate,Macimorelin,acetate,1,salt/ester rollup: 'Macimorelin acetate' -> 'Macimorelin' (acetate)
ent_009425,ent_009424,Mafenide acetate,Mafenide,acetate,0,salt/ester rollup: 'Mafenide acetate' -> 'Mafenide' (acetate)
ent_009430,ent_009429,Magaldrate anhydrous,Magaldrate,anhydrous,0,salt/ester rollup: 'Magaldrate anhydrous' -> 'Magaldrate' (anhydrous)
ent_009436,ent_009435,Magnesium chloride anhydrous,Magnesium chloride,anhydrous,1,salt/ester rollup: 'Magnesium chloride anhydrous' -> 'Magnesium chloride' (anhydrous)
ent_009448,ent_009447,Magnesium sulfate anhydrous,Magnesium sulfate,anhydrous,1,salt/ester rollup: 'Magnesium sulfate anhydrous' -> 'Magnesium sulfate' (anhydrous)
ent_009466,ent_009465,Manganese chloride anhydrous,Manganese chloride,anhydrous,0,salt/ester rollup: 'Manganese chloride anhydrous' -> 'Manganese chloride' (anhydrous)
ent_009468,ent_009467,Manganese sulfate anhydrous,Manganese sulfate,anhydrous,0,salt/ester rollup: 'Manganese sulfate anhydrous' -> 'Manganese sulfate' (anhydrous)
ent_009486,ent_009485,Maprotiline hydrochloride,Maprotiline,hydrochloride,0,salt/ester rollup: 'Maprotiline hydrochloride' -> 'Maprotiline' (hydrochloride)
ent_009489,ent_009488,Maralixibat chloride,Maralixibat,chloride,5,salt/ester rollup: 'Maralixibat chloride' -> 'Maralixibat' (chloride)
ent_009507,ent_009506,Maropitant citrate,Maropitant,citrate,0,salt/ester rollup: 'Maropitant citrate' -> 'Maropitant' (citrate)
ent_009508,ent_009507,Maropitant citrate monohydrate,Maropitant citrate,monohydrate,0,salt/ester rollup: 'Maropitant citrate monohydrate' -> 'Maropitant citrate' (monohydrate)
ent_009515,ent_009514,Masitinib mesilate,Masitinib,mesilate,0,salt/ester rollup: 'Masitinib mesilate' -> 'Masitinib' (mesilate)
ent_009516,ent_009514,Masitinib mesylate,Masitinib,mesylate,4,salt/ester rollup: 'Masitinib mesylate' -> 'Masitinib' (mesylate)
ent_009531,ent_009530,Mavodelpar sodium,Mavodelpar,sodium,0,salt/ester rollup: 'Mavodelpar sodium' -> 'Mavodelpar' (sodium)
ent_009574,ent_009573,Mebeverine hydrochloride,Mebeverine,hydrochloride,0,salt/ester rollup: 'Mebeverine hydrochloride' -> 'Mebeverine' (hydrochloride)
ent_009584,ent_009583,Mecamylamine hydrochloride,Mecamylamine,hydrochloride,1,salt/ester rollup: 'Mecamylamine hydrochloride' -> 'Mecamylamine' (hydrochloride)
ent_009594,ent_009593,Mechlorethamine hydrochloride,Mechlorethamine,hydrochloride,0,salt/ester rollup: 'Mechlorethamine hydrochloride' -> 'Mechlorethamine' (hydrochloride)
ent_009598,ent_009597,Meclizine hydrochloride,Meclizine,hydrochloride,0,salt/ester rollup: 'Meclizine hydrochloride' -> 'Meclizine' (hydrochloride)
ent_009653,ent_009652,Mefloquine hydrochloride,Mefloquine,hydrochloride,0,salt/ester rollup: 'Mefloquine hydrochloride' -> 'Mefloquine' (hydrochloride)
ent_009679,ent_009678,Melphalan flufenamide hydrochloride,Melphalan flufenamide,hydrochloride,2,salt/ester rollup: 'Melphalan flufenamide hydrochloride' -> 'Melphalan flufenamide' (hydrochloride)
ent_009680,ent_009677,Melphalan hydrochloride,Melphalan,hydrochloride,1,salt/ester rollup: 'Melphalan hydrochloride' -> 'Melphalan' (hydrochloride)
ent_009686,ent_009685,Memantine hydrochloride,Memantine,hydrochloride,6,salt/ester rollup: 'Memantine hydrochloride' -> 'Memantine' (hydrochloride)
ent_009712,ent_009711,Mepazine acetate,Mepazine,acetate,0,salt/ester rollup: 'Mepazine acetate' -> 'Mepazine' (acetate)
ent_009714,ent_009713,Mepenzolate bromide,Mepenzolate,bromide,0,salt/ester rollup: 'Mepenzolate bromide' -> 'Mepenzolate' (bromide)
ent_009716,ent_009715,Meperidine hydrochloride,Meperidine,hydrochloride,1,salt/ester rollup: 'Meperidine hydrochloride' -> 'Meperidine' (hydrochloride)
ent_009721,ent_009720,Mephentermine sulfate,Mephentermine,sulfate,0,salt/ester rollup: 'Mephentermine sulfate' -> 'Mephentermine' (sulfate)
ent_009729,ent_009728,Mepivacaine hydrochloride,Mepivacaine,hydrochloride,3,salt/ester rollup: 'Mepivacaine hydrochloride' -> 'Mepivacaine' (hydrochloride)
ent_009740,ent_009739,Meptazinol hydrochloride,Meptazinol,hydrochloride,0,salt/ester rollup: 'Meptazinol hydrochloride' -> 'Meptazinol' (hydrochloride)
ent_009750,ent_009749,Mercaptamine bitartrate,Mercaptamine,bitartrate,0,salt/ester rollup: 'Mercaptamine bitartrate' -> 'Mercaptamine' (bitartrate)
ent_009751,ent_009749,Mercaptamine hydrochloride,Mercaptamine,hydrochloride,0,salt/ester rollup: 'Mercaptamine hydrochloride' -> 'Mercaptamine' (hydrochloride)
ent_009753,ent_009752,Mercaptopurine anhydrous,Mercaptopurine,anhydrous,0,salt/ester rollup: 'Mercaptopurine anhydrous' -> 'Mercaptopurine' (anhydrous)
ent_009774,ent_009773,Mesoridazine besylate,Mesoridazine,besylate,0,salt/ester rollup: 'Mesoridazine besylate' -> 'Mesoridazine' (besylate)
ent_009794,ent_009793,Metalkonium chloride,Metalkonium,chloride,0,salt/ester rollup: 'Metalkonium chloride' -> 'Metalkonium' (chloride)
ent_009804,ent_009802,Metaproterenol sulfate,Metaproterenol,sulfate,0,salt/ester rollup: 'Metaproterenol sulfate' -> 'Metaproterenol' (sulfate)
ent_009806,ent_009805,Metaraminol bitartrate,Metaraminol,bitartrate,0,salt/ester rollup: 'Metaraminol bitartrate' -> 'Metaraminol' (bitartrate)
ent_009823,ent_009821,Metformin hydrochloride,Metformin,hydrochloride,20,salt/ester rollup: 'Metformin hydrochloride' -> 'Metformin' (hydrochloride)
ent_009831,ent_009830,Methacholine chloride,Methacholine,chloride,2,salt/ester rollup: 'Methacholine chloride' -> 'Methacholine' (chloride)
ent_009833,ent_009832,Methacycline hydrochloride,Methacycline,hydrochloride,0,salt/ester rollup: 'Methacycline hydrochloride' -> 'Methacycline' (hydrochloride)
ent_009835,ent_009834,Methadone hydrochloride,Methadone,hydrochloride,5,salt/ester rollup: 'Methadone hydrochloride' -> 'Methadone' (hydrochloride)
ent_009840,ent_009839,Methamphetamine hydrochloride,Methamphetamine,hydrochloride,0,salt/ester rollup: 'Methamphetamine hydrochloride' -> 'Methamphetamine' (hydrochloride)
ent_009846,ent_009845,Methantheline bromide,Methantheline,bromide,1,salt/ester rollup: 'Methantheline bromide' -> 'Methantheline' (bromide)
ent_009849,ent_009848,Methapyrilene fumarate,Methapyrilene,fumarate,0,salt/ester rollup: 'Methapyrilene fumarate' -> 'Methapyrilene' (fumarate)
ent_009850,ent_009848,Methapyrilene hydrochloride,Methapyrilene,hydrochloride,0,salt/ester rollup: 'Methapyrilene hydrochloride' -> 'Methapyrilene' (hydrochloride)
ent_009852,ent_009851,Methaqualone hydrochloride,Methaqualone,hydrochloride,0,salt/ester rollup: 'Methaqualone hydrochloride' -> 'Methaqualone' (hydrochloride)
ent_009857,ent_009856,Methdilazine hydrochloride,Methdilazine,hydrochloride,0,salt/ester rollup: 'Methdilazine hydrochloride' -> 'Methdilazine' (hydrochloride)
ent_009865,ent_009864,Methicillin sodium,Methicillin,sodium,0,salt/ester rollup: 'Methicillin sodium' -> 'Methicillin' (sodium)
ent_009868,ent_009867,Methiodal sodium,Methiodal,sodium,0,salt/ester rollup: 'Methiodal sodium' -> 'Methiodal' (sodium)
ent_009874,ent_009873,Methixene hydrochloride,Methixene,hydrochloride,0,salt/ester rollup: 'Methixene hydrochloride' -> 'Methixene' (hydrochloride)
ent_009878,ent_009877,Methohexital sodium,Methohexital,sodium,1,salt/ester rollup: 'Methohexital sodium' -> 'Methohexital' (sodium)
ent_009883,ent_009882,Methotrexate sodium,Methotrexate,sodium,9,salt/ester rollup: 'Methotrexate sodium' -> 'Methotrexate' (sodium)
ent_009885,ent_009884,Methoxamine hydrochloride,Methoxamine,hydrochloride,0,salt/ester rollup: 'Methoxamine hydrochloride' -> 'Methoxamine' (hydrochloride)
ent_009889,ent_009888,Methoxyamine hydrochloride,Methoxyamine,hydrochloride,0,salt/ester rollup: 'Methoxyamine hydrochloride' -> 'Methoxyamine' (hydrochloride)
ent_009896,ent_009895,Methscopolamine bromide,Methscopolamine,bromide,0,salt/ester rollup: 'Methscopolamine bromide' -> 'Methscopolamine' (bromide)
ent_009900,ent_009899,Methyl aminolevulinate hydrochloride,Methyl aminolevulinate,hydrochloride,8,salt/ester rollup: 'Methyl aminolevulinate hydrochloride' -> 'Methyl aminolevulinate' (hydrochloride)
ent_009904,ent_009903,Methylatropine nitrate,Methylatropine,nitrate,0,salt/ester rollup: 'Methylatropine nitrate' -> 'Methylatropine' (nitrate)
ent_009906,ent_009905,Methylbenactyzium bromide,Methylbenactyzium,bromide,0,salt/ester rollup: 'Methylbenactyzium bromide' -> 'Methylbenactyzium' (bromide)
ent_009908,ent_009907,Methylbenzethonium chloride,Methylbenzethonium,chloride,0,salt/ester rollup: 'Methylbenzethonium chloride' -> 'Methylbenzethonium' (chloride)
ent_009917,ent_009916,Methyldopate hydrochloride,Methyldopate,hydrochloride,0,salt/ester rollup: 'Methyldopate hydrochloride' -> 'Methyldopate' (hydrochloride)
ent_009919,ent_009918,Methylene blue anhydrous,Methylene blue,anhydrous,4,salt/ester rollup: 'Methylene blue anhydrous' -> 'Methylene blue' (anhydrous)
ent_009922,ent_009921,Methylergonovine maleate,Methylergonovine,maleate,0,salt/ester rollup: 'Methylergonovine maleate' -> 'Methylergonovine' (maleate)
ent_009926,ent_009925,Methylnaltrexone bromide,Methylnaltrexone,bromide,6,salt/ester rollup: 'Methylnaltrexone bromide' -> 'Methylnaltrexone' (bromide)
ent_009929,ent_009928,Methylphenidate hydrochloride,Methylphenidate,hydrochloride,14,salt/ester rollup: 'Methylphenidate hydrochloride' -> 'Methylphenidate' (hydrochloride)
ent_009933,ent_009930,Methylprednisolone acetate,Methylprednisolone,acetate,13,salt/ester rollup: 'Methylprednisolone acetate' -> 'Methylprednisolone' (acetate)
ent_009940,ent_009939,Methylsamidorphan chloride,Methylsamidorphan,chloride,0,salt/ester rollup: 'Methylsamidorphan chloride' -> 'Methylsamidorphan' (chloride)
ent_009948,ent_009947,Methysergide maleate,Methysergide,maleate,0,salt/ester rollup: 'Methysergide maleate' -> 'Methysergide' (maleate)
ent_009960,ent_009959,Metipranolol hydrochloride,Metipranolol,hydrochloride,0,salt/ester rollup: 'Metipranolol hydrochloride' -> 'Metipranolol' (hydrochloride)
ent_009969,ent_009968,Metoclopramide hydrochloride,Metoclopramide,hydrochloride,3,salt/ester rollup: 'Metoclopramide hydrochloride' -> 'Metoclopramide' (hydrochloride)
ent_009979,ent_009978,Metoprolol fumarate,Metoprolol,fumarate,0,salt/ester rollup: 'Metoprolol fumarate' -> 'Metoprolol' (fumarate)
ent_009980,ent_009978,Metoprolol succinate,Metoprolol,succinate,8,salt/ester rollup: 'Metoprolol succinate' -> 'Metoprolol' (succinate)
ent_009981,ent_009978,Metoprolol tartrate,Metoprolol,tartrate,13,salt/ester rollup: 'Metoprolol tartrate' -> 'Metoprolol' (tartrate)
ent_009999,ent_009997,Metronidazole hydrochloride,Metronidazole,hydrochloride,0,salt/ester rollup: 'Metronidazole hydrochloride' -> 'Metronidazole' (hydrochloride)
ent_010013,ent_010012,Mexiletine hydrochloride,Mexiletine,hydrochloride,1,salt/ester rollup: 'Mexiletine hydrochloride' -> 'Mexiletine' (hydrochloride)
ent_010023,ent_010022,Mezlocillin sodium,Mezlocillin,sodium,0,salt/ester rollup: 'Mezlocillin sodium' -> 'Mezlocillin' (sodium)
ent_010041,ent_010040,Micafungin sodium,Micafungin,sodium,0,salt/ester rollup: 'Micafungin sodium' -> 'Micafungin' (sodium)
ent_010044,ent_010043,Miconazole nitrate,Miconazole,nitrate,3,salt/ester rollup: 'Miconazole nitrate' -> 'Miconazole' (nitrate)
ent_010056,ent_010055,Midazolam hydrochloride,Midazolam,hydrochloride,4,salt/ester rollup: 'Midazolam hydrochloride' -> 'Midazolam' (hydrochloride)
ent_010061,ent_010060,Midodrine hydrochloride,Midodrine,hydrochloride,2,salt/ester rollup: 'Midodrine hydrochloride' -> 'Midodrine' (hydrochloride)
ent_010063,ent_010062,Midomafetamine hydrochloride,Midomafetamine,hydrochloride,1,salt/ester rollup: 'Midomafetamine hydrochloride' -> 'Midomafetamine' (hydrochloride)
ent_010073,ent_010072,Migalastat hydrochloride,Migalastat,hydrochloride,2,salt/ester rollup: 'Migalastat hydrochloride' -> 'Migalastat' (hydrochloride)
ent_010084,ent_010083,Milademetan tosylate,Milademetan,tosylate,0,salt/ester rollup: 'Milademetan tosylate' -> 'Milademetan' (tosylate)
ent_010089,ent_010088,Milciclib maleate,Milciclib,maleate,3,salt/ester rollup: 'Milciclib maleate' -> 'Milciclib' (maleate)
ent_010095,ent_010094,Milnacipran hydrochloride,Milnacipran,hydrochloride,2,salt/ester rollup: 'Milnacipran hydrochloride' -> 'Milnacipran' (hydrochloride)
ent_010102,ent_010101,Milrinone lactate,Milrinone,lactate,3,salt/ester rollup: 'Milrinone lactate' -> 'Milrinone' (lactate)
ent_010111,ent_010110,Minaprine hydrochloride,Minaprine,hydrochloride,0,salt/ester rollup: 'Minaprine hydrochloride' -> 'Minaprine' (hydrochloride)
ent_010121,ent_010120,Minocycline hydrochloride,Minocycline,hydrochloride,6,salt/ester rollup: 'Minocycline hydrochloride' -> 'Minocycline' (hydrochloride)
ent_010140,ent_010139,Mipomersen sodium,Mipomersen,sodium,2,salt/ester rollup: 'Mipomersen sodium' -> 'Mipomersen' (sodium)
ent_010148,ent_010147,Miransertib mesylate,Miransertib,mesylate,0,salt/ester rollup: 'Miransertib mesylate' -> 'Miransertib' (mesylate)
ent_010158,ent_010157,Miripirium chloride,Miripirium,chloride,0,salt/ester rollup: 'Miripirium chloride' -> 'Miripirium' (chloride)
ent_010179,ent_010178,Mitapivat sulfate,Mitapivat,sulfate,3,salt/ester rollup: 'Mitapivat sulfate' -> 'Mitapivat' (sulfate)
ent_010182,ent_010181,Mitemcinal fumarate,Mitemcinal,fumarate,0,salt/ester rollup: 'Mitemcinal fumarate' -> 'Mitemcinal' (fumarate)
ent_010208,ent_010207,Mitoxantrone hydrochloride,Mitoxantrone,hydrochloride,2,salt/ester rollup: 'Mitoxantrone hydrochloride' -> 'Mitoxantrone' (hydrochloride)
ent_010214,ent_010213,Mivacurium chloride,Mivacurium,chloride,2,salt/ester rollup: 'Mivacurium chloride' -> 'Mivacurium' (chloride)
ent_010217,ent_010216,Mivavotinib citrate,Mivavotinib,citrate,1,salt/ester rollup: 'Mivavotinib citrate' -> 'Mivavotinib' (citrate)
ent_010291,ent_010290,Mobocertinib succinate,Mobocertinib,succinate,0,salt/ester rollup: 'Mobocertinib succinate' -> 'Mobocertinib' (succinate)
ent_010299,ent_010298,Mocravimod hydrochloride,Mocravimod,hydrochloride,0,salt/ester rollup: 'Mocravimod hydrochloride' -> 'Mocravimod' (hydrochloride)
ent_010313,ent_010312,Moexipril hydrochloride,Moexipril,hydrochloride,1,salt/ester rollup: 'Moexipril hydrochloride' -> 'Moexipril' (hydrochloride)
ent_010327,ent_010326,Molibresib besylate,Molibresib,besylate,0,salt/ester rollup: 'Molibresib besylate' -> 'Molibresib' (besylate)
ent_010329,ent_010328,Molidustat sodium,Molidustat,sodium,0,salt/ester rollup: 'Molidustat sodium' -> 'Molidustat' (sodium)
ent_010332,ent_010331,Molindone hydrochloride,Molindone,hydrochloride,0,salt/ester rollup: 'Molindone hydrochloride' -> 'Molindone' (hydrochloride)
ent_010338,ent_010337,Momelotinib dihydrochloride monohydrate,Momelotinib dihydrochloride,monohydrate,2,salt/ester rollup: 'Momelotinib dihydrochloride monohydrate' -> 'Momelotinib dihydrochloride' (monohydrate)
ent_010340,ent_010339,Mometasone furoate,Mometasone,furoate,14,salt/ester rollup: 'Mometasone furoate' -> 'Mometasone' (furoate)
ent_010342,ent_010341,Monalazone disodium,Monalazone,disodium,0,salt/ester rollup: 'Monalazone disodium' -> 'Monalazone' (disodium)
ent_010348,ent_010346,Monensin sodium,Monensin,sodium,0,salt/ester rollup: 'Monensin sodium' -> 'Monensin' (sodium)
ent_010362,ent_010361,Montelukast sodium,Montelukast,sodium,5,salt/ester rollup: 'Montelukast sodium' -> 'Montelukast' (sodium)
ent_010378,ent_010377,Moricizine hydrochloride,Moricizine,hydrochloride,0,salt/ester rollup: 'Moricizine hydrochloride' -> 'Moricizine' (hydrochloride)
ent_010388,ent_010386,Morphine hydrochloride,Morphine,hydrochloride,8,salt/ester rollup: 'Morphine hydrochloride' -> 'Morphine' (hydrochloride)
ent_010389,ent_010386,Morphine sulfate,Morphine,sulfate,20,salt/ester rollup: 'Morphine sulfate' -> 'Morphine' (sulfate)
ent_010394,ent_010393,Mosapride citrate,Mosapride,citrate,0,salt/ester rollup: 'Mosapride citrate' -> 'Mosapride' (citrate)
ent_010406,ent_010405,Motixafortide acetate,Motixafortide,acetate,0,salt/ester rollup: 'Motixafortide acetate' -> 'Motixafortide' (acetate)
ent_010414,ent_010413,Moxalactam disodium,Moxalactam,disodium,0,salt/ester rollup: 'Moxalactam disodium' -> 'Moxalactam' (disodium)
ent_010425,ent_010424,Moxifloxacin hydrochloride,Moxifloxacin,hydrochloride,2,salt/ester rollup: 'Moxifloxacin hydrochloride' -> 'Moxifloxacin' (hydrochloride)
ent_010464,ent_010463,Mupirocin calcium,Mupirocin,calcium,1,salt/ester rollup: 'Mupirocin calcium' -> 'Mupirocin' (calcium)
ent_010487,ent_010486,Mycophenolate mofetil hydrochloride,Mycophenolate mofetil,hydrochloride,0,salt/ester rollup: 'Mycophenolate mofetil hydrochloride' -> 'Mycophenolate mofetil' (hydrochloride)
ent_010532,ent_010531,Nafamostat mesylate,Nafamostat,mesylate,2,salt/ester rollup: 'Nafamostat mesylate' -> 'Nafamostat' (mesylate)
ent_010534,ent_010533,Nafarelin acetate,Nafarelin,acetate,5,salt/ester rollup: 'Nafarelin acetate' -> 'Nafarelin' (acetate)
ent_010538,ent_010537,Nafcillin sodium,Nafcillin,sodium,0,salt/ester rollup: 'Nafcillin sodium' -> 'Nafcillin' (sodium)
ent_010553,ent_010552,Naftifine hydrochloride,Naftifine,hydrochloride,0,salt/ester rollup: 'Naftifine hydrochloride' -> 'Naftifine' (hydrochloride)
ent_010559,ent_010558,Nalbuphine hydrochloride,Nalbuphine,hydrochloride,1,salt/ester rollup: 'Nalbuphine hydrochloride' -> 'Nalbuphine' (hydrochloride)
ent_010562,ent_010560,Naldemedine tosylate,Naldemedine,tosylate,2,salt/ester rollup: 'Naldemedine tosylate' -> 'Naldemedine' (tosylate)
ent_010564,ent_010563,Nalfurafine hydrochloride,Nalfurafine,hydrochloride,0,salt/ester rollup: 'Nalfurafine hydrochloride' -> 'Nalfurafine' (hydrochloride)
ent_010567,ent_010566,Nalmefene hydrochloride,Nalmefene,hydrochloride,0,salt/ester rollup: 'Nalmefene hydrochloride' -> 'Nalmefene' (hydrochloride)
ent_010568,ent_010567,Nalmefene hydrochloride dihydrate,Nalmefene hydrochloride,dihydrate,0,salt/ester rollup: 'Nalmefene hydrochloride dihydrate' -> 'Nalmefene hydrochloride' (dihydrate)
ent_010573,ent_010572,Naloxegol oxalate,Naloxegol,oxalate,1,salt/ester rollup: 'Naloxegol oxalate' -> 'Naloxegol' (oxalate)
ent_010575,ent_010574,Naloxone hydrochloride,Naloxone,hydrochloride,12,salt/ester rollup: 'Naloxone hydrochloride' -> 'Naloxone' (hydrochloride)
ent_010576,ent_010575,Naloxone hydrochloride dihydrate,Naloxone hydrochloride,dihydrate,4,salt/ester rollup: 'Naloxone hydrochloride dihydrate' -> 'Naloxone hydrochloride' (dihydrate)
ent_010579,ent_010578,Naltrexone hydrochloride,Naltrexone,hydrochloride,3,salt/ester rollup: 'Naltrexone hydrochloride' -> 'Naltrexone' (hydrochloride)
ent_010590,ent_010588,Nandrolone decanoate,Nandrolone,decanoate,2,salt/ester rollup: 'Nandrolone decanoate' -> 'Nandrolone' (decanoate)
ent_010602,ent_010601,Naphazoline hydrochloride,Naphazoline,hydrochloride,0,salt/ester rollup: 'Naphazoline hydrochloride' -> 'Naphazoline' (hydrochloride)
ent_010612,ent_010610,Naproxen sodium,Naproxen,sodium,5,salt/ester rollup: 'Naproxen sodium' -> 'Naproxen' (sodium)
ent_010615,ent_010614,Napsagatran anhydrous,Napsagatran,anhydrous,0,salt/ester rollup: 'Napsagatran anhydrous' -> 'Napsagatran' (anhydrous)
ent_010618,ent_010617,Naquotinib mesylate,Naquotinib,mesylate,0,salt/ester rollup: 'Naquotinib mesylate' -> 'Naquotinib' (mesylate)
ent_010622,ent_010621,Naratriptan hydrochloride,Naratriptan,hydrochloride,0,salt/ester rollup: 'Naratriptan hydrochloride' -> 'Naratriptan' (hydrochloride)
ent_010643,ent_010642,Navacaprant hydrochloride,Navacaprant,hydrochloride,0,salt/ester rollup: 'Navacaprant hydrochloride' -> 'Navacaprant' (hydrochloride)
ent_010648,ent_010647,Navarixin anhydrous,Navarixin,anhydrous,0,salt/ester rollup: 'Navarixin anhydrous' -> 'Navarixin' (anhydrous)
ent_010678,ent_010677,Nebivolol hydrochloride,Nebivolol,hydrochloride,2,salt/ester rollup: 'Nebivolol hydrochloride' -> 'Nebivolol' (hydrochloride)
ent_010690,ent_010689,Nedocromil sodium,Nedocromil,sodium,0,salt/ester rollup: 'Nedocromil sodium' -> 'Nedocromil' (sodium)
ent_010693,ent_010692,Nedosiran sodium,Nedosiran,sodium,0,salt/ester rollup: 'Nedosiran sodium' -> 'Nedosiran' (sodium)
ent_010695,ent_010694,Nefazodone hydrochloride,Nefazodone,hydrochloride,0,salt/ester rollup: 'Nefazodone hydrochloride' -> 'Nefazodone' (hydrochloride)
ent_010702,ent_010701,Nefopam hydrochloride,Nefopam,hydrochloride,4,salt/ester rollup: 'Nefopam hydrochloride' -> 'Nefopam' (hydrochloride)
ent_010722,ent_010721,Nelfinavir mesylate,Nelfinavir,mesylate,2,salt/ester rollup: 'Nelfinavir mesylate' -> 'Nelfinavir' (mesylate)
ent_010726,ent_010725,Nelitolimod sodium,Nelitolimod,sodium,0,salt/ester rollup: 'Nelitolimod sodium' -> 'Nelitolimod' (sodium)
ent_010750,ent_010749,Neomycin sulfate,Neomycin,sulfate,4,salt/ester rollup: 'Neomycin sulfate' -> 'Neomycin' (sulfate)
ent_010753,ent_010752,Neostigmine bromide,Neostigmine,bromide,1,salt/ester rollup: 'Neostigmine bromide' -> 'Neostigmine' (bromide)
ent_010766,ent_010765,Neramexane mesylate,Neramexane,mesylate,2,salt/ester rollup: 'Neramexane mesylate' -> 'Neramexane' (mesylate)
ent_010770,ent_010769,Neratinib maleate,Neratinib,maleate,0,salt/ester rollup: 'Neratinib maleate' -> 'Neratinib' (maleate)
ent_010776,ent_010775,Nerindocianine sodium,Nerindocianine,sodium,0,salt/ester rollup: 'Nerindocianine sodium' -> 'Nerindocianine' (sodium)
ent_010778,ent_010777,Nerinetide acetate,Nerinetide,acetate,0,salt/ester rollup: 'Nerinetide acetate' -> 'Nerinetide' (acetate)
ent_010779,ent_010777,Nerinetide hydrochloride,Nerinetide,hydrochloride,0,salt/ester rollup: 'Nerinetide hydrochloride' -> 'Nerinetide' (hydrochloride)
ent_010801,ent_010800,Netilmicin sulfate,Netilmicin,sulfate,0,salt/ester rollup: 'Netilmicin sulfate' -> 'Netilmicin' (sulfate)
ent_010810,ent_010809,Nevanimibe hydrochloride,Nevanimibe,hydrochloride,1,salt/ester rollup: 'Nevanimibe hydrochloride' -> 'Nevanimibe' (hydrochloride)
ent_010835,ent_010834,Nicardipine hydrochloride,Nicardipine,hydrochloride,2,salt/ester rollup: 'Nicardipine hydrochloride' -> 'Nicardipine' (hydrochloride)
ent_010858,ent_010857,Nicotine bitartrate,Nicotine,bitartrate,0,salt/ester rollup: 'Nicotine bitartrate' -> 'Nicotine' (bitartrate)
ent_010942,ent_010941,Nirogacestat hydrobromide,Nirogacestat,hydrobromide,0,salt/ester rollup: 'Nirogacestat hydrobromide' -> 'Nirogacestat' (hydrobromide)
ent_010971,ent_010970,Nitrofurantoin sodium,Nitrofurantoin,sodium,0,salt/ester rollup: 'Nitrofurantoin sodium' -> 'Nitrofurantoin' (sodium)
ent_011015,ent_011014,Nolinium bromide,Nolinium,bromide,0,salt/ester rollup: 'Nolinium bromide' -> 'Nolinium' (bromide)
ent_011018,ent_011017,Nolpitantium besilate,Nolpitantium,besilate,1,salt/ester rollup: 'Nolpitantium besilate' -> 'Nolpitantium' (besilate)
ent_011021,ent_011020,Nomegestrol acetate,Nomegestrol,acetate,3,salt/ester rollup: 'Nomegestrol acetate' -> 'Nomegestrol' (acetate)
ent_011025,ent_011024,Nomifensine maleate,Nomifensine,maleate,0,salt/ester rollup: 'Nomifensine maleate' -> 'Nomifensine' (maleate)
ent_011052,ent_011051,Norepinephrine bitartrate,Norepinephrine,bitartrate,3,salt/ester rollup: 'Norepinephrine bitartrate' -> 'Norepinephrine' (bitartrate)
ent_011055,ent_011054,Norethindrone acetate,Norethindrone,acetate,5,salt/ester rollup: 'Norethindrone acetate' -> 'Norethindrone' (acetate)
ent_011080,ent_011079,Nortriptyline hydrochloride,Nortriptyline,hydrochloride,3,salt/ester rollup: 'Nortriptyline hydrochloride' -> 'Nortriptyline' (hydrochloride)
ent_011085,ent_011084,Noscapine hydrochloride,Noscapine,hydrochloride,0,salt/ester rollup: 'Noscapine hydrochloride' -> 'Noscapine' (hydrochloride)
ent_011089,ent_011088,Novobiocin sodium,Novobiocin,sodium,0,salt/ester rollup: 'Novobiocin sodium' -> 'Novobiocin' (sodium)
ent_011099,ent_011098,Nsi-189 phosphate,Nsi-189,phosphate,0,salt/ester rollup: 'Nsi-189 phosphate' -> 'Nsi-189' (phosphate)
ent_011113,ent_011112,Nusinersen sodium,Nusinersen,sodium,3,salt/ester rollup: 'Nusinersen sodium' -> 'Nusinersen' (sodium)
ent_011133,ent_011132,Obatoclax mesylate,Obatoclax,mesylate,1,salt/ester rollup: 'Obatoclax mesylate' -> 'Obatoclax' (mesylate)
ent_011143,ent_011142,Obeversen sodium,Obeversen,sodium,0,salt/ester rollup: 'Obeversen sodium' -> 'Obeversen' (sodium)
ent_011148,ent_011147,Obicetrapib calcium,Obicetrapib,calcium,0,salt/ester rollup: 'Obicetrapib calcium' -> 'Obicetrapib' (calcium)
ent_011151,ent_011150,Obidoxime chloride,Obidoxime,chloride,0,salt/ester rollup: 'Obidoxime chloride' -> 'Obidoxime' (chloride)
ent_011156,ent_011155,Oblimersen sodium,Oblimersen,sodium,0,salt/ester rollup: 'Oblimersen sodium' -> 'Oblimersen' (sodium)
ent_011160,ent_011159,Obudanersen sodium,Obudanersen,sodium,1,salt/ester rollup: 'Obudanersen sodium' -> 'Obudanersen' (sodium)
ent_011175,ent_011174,Oclacitinib maleate,Oclacitinib,maleate,0,salt/ester rollup: 'Oclacitinib maleate' -> 'Oclacitinib' (maleate)
ent_011183,ent_011182,Octafonium chloride,Octafonium,chloride,0,salt/ester rollup: 'Octafonium chloride' -> 'Octafonium' (chloride)
ent_011194,ent_011193,Octenidine hydrochloride,Octenidine,hydrochloride,2,salt/ester rollup: 'Octenidine hydrochloride' -> 'Octenidine' (hydrochloride)
ent_011205,ent_011204,Octreotide acetate,Octreotide,acetate,12,salt/ester rollup: 'Octreotide acetate' -> 'Octreotide' (acetate)
ent_011206,ent_011204,Octreotide hydrochloride,Octreotide,hydrochloride,1,salt/ester rollup: 'Octreotide hydrochloride' -> 'Octreotide' (hydrochloride)
ent_011207,ent_011204,Octreotide pamoate,Octreotide,pamoate,0,salt/ester rollup: 'Octreotide pamoate' -> 'Octreotide' (pamoate)
ent_011236,ent_011235,Oglufanide disodium,Oglufanide,disodium,0,salt/ester rollup: 'Oglufanide disodium' -> 'Oglufanide' (disodium)
ent_011242,ent_011241,Olanzapine pamoate,Olanzapine,pamoate,0,salt/ester rollup: 'Olanzapine pamoate' -> 'Olanzapine' (pamoate)
ent_011261,ent_011260,Olezarsen sodium,Olezarsen,sodium,0,salt/ester rollup: 'Olezarsen sodium' -> 'Olezarsen' (sodium)
ent_011279,ent_011278,Olodaterol hydrochloride,Olodaterol,hydrochloride,2,salt/ester rollup: 'Olodaterol hydrochloride' -> 'Olodaterol' (hydrochloride)
ent_011283,ent_011282,Olopatadine hydrochloride,Olopatadine,hydrochloride,1,salt/ester rollup: 'Olopatadine hydrochloride' -> 'Olopatadine' (hydrochloride)
ent_011292,ent_011291,Olsalazine sodium,Olsalazine,sodium,0,salt/ester rollup: 'Olsalazine sodium' -> 'Olsalazine' (sodium)
ent_011302,ent_011301,Omadacycline tosylate,Omadacycline,tosylate,0,salt/ester rollup: 'Omadacycline tosylate' -> 'Omadacycline' (tosylate)
ent_011320,ent_011319,Omeprazole magnesium,Omeprazole,magnesium,2,salt/ester rollup: 'Omeprazole magnesium' -> 'Omeprazole' (magnesium)
ent_011321,ent_011319,Omeprazole sodium,Omeprazole,sodium,0,salt/ester rollup: 'Omeprazole sodium' -> 'Omeprazole' (sodium)
ent_011341,ent_011340,Ompenaclid succinate,Ompenaclid,succinate,0,salt/ester rollup: 'Ompenaclid succinate' -> 'Ompenaclid' (succinate)
ent_011348,ent_011347,Onalespib lactate,Onalespib,lactate,0,salt/ester rollup: 'Onalespib lactate' -> 'Onalespib' (lactate)
ent_011362,ent_011361,Ondansetron hydrochloride,Ondansetron,hydrochloride,11,salt/ester rollup: 'Ondansetron hydrochloride' -> 'Ondansetron' (hydrochloride)
ent_011386,ent_011385,Onvansertib fumarate,Onvansertib,fumarate,0,salt/ester rollup: 'Onvansertib fumarate' -> 'Onvansertib' (fumarate)
ent_011436,ent_011435,Orforglipron calcium,Orforglipron,calcium,0,salt/ester rollup: 'Orforglipron calcium' -> 'Orforglipron' (calcium)
ent_011445,ent_011444,Orilotimod potassium,Orilotimod,potassium,0,salt/ester rollup: 'Orilotimod potassium' -> 'Orilotimod' (potassium)
ent_011467,ent_011466,Orphenadrine citrate,Orphenadrine,citrate,2,salt/ester rollup: 'Orphenadrine citrate' -> 'Orphenadrine' (citrate)
ent_011468,ent_011466,Orphenadrine hydrochloride,Orphenadrine,hydrochloride,0,salt/ester rollup: 'Orphenadrine hydrochloride' -> 'Orphenadrine' (hydrochloride)
ent_011475,ent_011474,Orvepitant maleate,Orvepitant,maleate,0,salt/ester rollup: 'Orvepitant maleate' -> 'Orvepitant' (maleate)
ent_011480,ent_011479,Osaterone acetate,Osaterone,acetate,0,salt/ester rollup: 'Osaterone acetate' -> 'Osaterone' (acetate)
ent_011483,ent_011482,Oseltamivir phosphate,Oseltamivir,phosphate,4,salt/ester rollup: 'Oseltamivir phosphate' -> 'Oseltamivir' (phosphate)
ent_011492,ent_011491,Osilodrostat phosphate,Osilodrostat,phosphate,3,salt/ester rollup: 'Osilodrostat phosphate' -> 'Osilodrostat' (phosphate)
ent_011494,ent_011493,Osimertinib mesilate,Osimertinib,mesilate,0,salt/ester rollup: 'Osimertinib mesilate' -> 'Osimertinib' (mesilate)
ent_011495,ent_011493,Osimertinib mesylate,Osimertinib,mesylate,1,salt/ester rollup: 'Osimertinib mesylate' -> 'Osimertinib' (mesylate)
ent_011517,ent_011516,Otilonium bromide,Otilonium,bromide,2,salt/ester rollup: 'Otilonium bromide' -> 'Otilonium' (bromide)
ent_011529,ent_011528,Oxacillin sodium,Oxacillin,sodium,0,salt/ester rollup: 'Oxacillin sodium' -> 'Oxacillin' (sodium)
ent_011552,ent_011551,Oxaprozin potassium,Oxaprozin,potassium,0,salt/ester rollup: 'Oxaprozin potassium' -> 'Oxaprozin' (potassium)
ent_011578,ent_011577,Oxiconazole nitrate,Oxiconazole,nitrate,0,salt/ester rollup: 'Oxiconazole nitrate' -> 'Oxiconazole' (nitrate)
ent_011596,ent_011595,Oxitefonium bromide,Oxitefonium,bromide,0,salt/ester rollup: 'Oxitefonium bromide' -> 'Oxitefonium' (bromide)
ent_011600,ent_011599,Oxitropium bromide,Oxitropium,bromide,0,salt/ester rollup: 'Oxitropium bromide' -> 'Oxitropium' (bromide)
ent_011613,ent_011612,Oxprenolol hydrochloride,Oxprenolol,hydrochloride,0,salt/ester rollup: 'Oxprenolol hydrochloride' -> 'Oxprenolol' (hydrochloride)
ent_011618,ent_011617,Oxybutynin chloride,Oxybutynin,chloride,2,salt/ester rollup: 'Oxybutynin chloride' -> 'Oxybutynin' (chloride)
ent_011622,ent_011621,Oxycodegol phosphate,Oxycodegol,phosphate,0,salt/ester rollup: 'Oxycodegol phosphate' -> 'Oxycodegol' (phosphate)
ent_011624,ent_011623,Oxycodone hydrochloride,Oxycodone,hydrochloride,14,salt/ester rollup: 'Oxycodone hydrochloride' -> 'Oxycodone' (hydrochloride)
ent_011632,ent_011631,Oxymetazoline hydrochloride,Oxymetazoline,hydrochloride,2,salt/ester rollup: 'Oxymetazoline hydrochloride' -> 'Oxymetazoline' (hydrochloride)
ent_011635,ent_011634,Oxymorphone hydrochloride,Oxymorphone,hydrochloride,0,salt/ester rollup: 'Oxymorphone hydrochloride' -> 'Oxymorphone' (hydrochloride)
ent_011640,ent_011639,Oxyphenbutazone anhydrous,Oxyphenbutazone,anhydrous,0,salt/ester rollup: 'Oxyphenbutazone anhydrous' -> 'Oxyphenbutazone' (anhydrous)
ent_011642,ent_011641,Oxyphencyclimine hydrochloride,Oxyphencyclimine,hydrochloride,0,salt/ester rollup: 'Oxyphencyclimine hydrochloride' -> 'Oxyphencyclimine' (hydrochloride)
ent_011646,ent_011645,Oxyphenonium bromide,Oxyphenonium,bromide,0,salt/ester rollup: 'Oxyphenonium bromide' -> 'Oxyphenonium' (bromide)
ent_011649,ent_011648,Oxypyrronium bromide,Oxypyrronium,bromide,0,salt/ester rollup: 'Oxypyrronium bromide' -> 'Oxypyrronium' (bromide)
ent_011654,ent_011653,Oxytetracycline calcium,Oxytetracycline,calcium,0,salt/ester rollup: 'Oxytetracycline calcium' -> 'Oxytetracycline' (calcium)
ent_011655,ent_011653,Oxytetracycline hydrochloride,Oxytetracycline,hydrochloride,0,salt/ester rollup: 'Oxytetracycline hydrochloride' -> 'Oxytetracycline' (hydrochloride)
ent_011661,ent_011660,Ozanimod hydrochloride,Ozanimod,hydrochloride,2,salt/ester rollup: 'Ozanimod hydrochloride' -> 'Ozanimod' (hydrochloride)
ent_011687,ent_011686,Pacritinib citrate,Pacritinib,citrate,0,salt/ester rollup: 'Pacritinib citrate' -> 'Pacritinib' (citrate)
ent_011689,ent_011688,Pactimibe sulfate,Pactimibe,sulfate,0,salt/ester rollup: 'Pactimibe sulfate' -> 'Pactimibe' (sulfate)
ent_011692,ent_011690,Padeliporfin potassium,Padeliporfin,potassium,0,salt/ester rollup: 'Padeliporfin potassium' -> 'Padeliporfin' (potassium)
ent_011701,ent_011700,Pafolacianine sodium,Pafolacianine,sodium,0,salt/ester rollup: 'Pafolacianine sodium' -> 'Pafolacianine' (sodium)
ent_011703,ent_011702,Pafuramidine maleate,Pafuramidine,maleate,0,salt/ester rollup: 'Pafuramidine maleate' -> 'Pafuramidine' (maleate)
ent_011714,ent_011713,Paliperidone palmitate,Paliperidone,palmitate,7,salt/ester rollup: 'Paliperidone palmitate' -> 'Paliperidone' (palmitate)
ent_011722,ent_011721,Palonosetron hydrochloride,Palonosetron,hydrochloride,2,salt/ester rollup: 'Palonosetron hydrochloride' -> 'Palonosetron' (hydrochloride)
ent_011729,ent_011728,Paltusotine hydrochloride,Paltusotine,hydrochloride,0,salt/ester rollup: 'Paltusotine hydrochloride' -> 'Paltusotine' (hydrochloride)
ent_011755,ent_011754,Pancuronium bromide,Pancuronium,bromide,0,salt/ester rollup: 'Pancuronium bromide' -> 'Pancuronium' (bromide)
ent_011763,ent_011762,Panobinostat lactate,Panobinostat,lactate,0,salt/ester rollup: 'Panobinostat lactate' -> 'Panobinostat' (lactate)
ent_011764,ent_011763,Panobinostat lactate anhydrous,Panobinostat lactate,anhydrous,0,salt/ester rollup: 'Panobinostat lactate anhydrous' -> 'Panobinostat lactate' (anhydrous)
ent_011770,ent_011769,Pantoprazole sodium,Pantoprazole,sodium,4,salt/ester rollup: 'Pantoprazole sodium' -> 'Pantoprazole' (sodium)
ent_011776,ent_011775,Papaverine hydrochloride,Papaverine,hydrochloride,0,salt/ester rollup: 'Papaverine hydrochloride' -> 'Papaverine' (hydrochloride)
ent_011788,ent_011787,Parapenzolate bromide,Parapenzolate,bromide,0,salt/ester rollup: 'Parapenzolate bromide' -> 'Parapenzolate' (bromide)
ent_011799,ent_011798,Parecoxib sodium,Parecoxib,sodium,3,salt/ester rollup: 'Parecoxib sodium' -> 'Parecoxib' (sodium)
ent_011805,ent_011804,Pargyline hydrochloride,Pargyline,hydrochloride,0,salt/ester rollup: 'Pargyline hydrochloride' -> 'Pargyline' (hydrochloride)
ent_011812,ent_011811,Parnaparin sodium,Parnaparin,sodium,1,salt/ester rollup: 'Parnaparin sodium' -> 'Parnaparin' (sodium)
ent_011815,ent_011814,Paromomycin sulfate,Paromomycin,sulfate,2,salt/ester rollup: 'Paromomycin sulfate' -> 'Paromomycin' (sulfate)
ent_011817,ent_011816,Paroxetine hydrochloride,Paroxetine,hydrochloride,6,salt/ester rollup: 'Paroxetine hydrochloride' -> 'Paroxetine' (hydrochloride)
ent_011818,ent_011816,Paroxetine mesylate,Paroxetine,mesylate,0,salt/ester rollup: 'Paroxetine mesylate' -> 'Paroxetine' (mesylate)
ent_011822,ent_011821,Parsaclisib hydrochloride,Parsaclisib,hydrochloride,0,salt/ester rollup: 'Parsaclisib hydrochloride' -> 'Parsaclisib' (hydrochloride)
ent_011832,ent_011830,Pasireotide pamoate,Pasireotide,pamoate,0,salt/ester rollup: 'Pasireotide pamoate' -> 'Pasireotide' (pamoate)
ent_011838,ent_011837,Patidegib hydrochloride,Patidegib,hydrochloride,0,salt/ester rollup: 'Patidegib hydrochloride' -> 'Patidegib' (hydrochloride)
ent_011840,ent_011839,Patiromer calcium,Patiromer,calcium,3,salt/ester rollup: 'Patiromer calcium' -> 'Patiromer' (calcium)
ent_011843,ent_011842,Patisiran sodium,Patisiran,sodium,1,salt/ester rollup: 'Patisiran sodium' -> 'Patisiran' (sodium)
ent_011855,ent_011854,Pazopanib hydrochloride,Pazopanib,hydrochloride,4,salt/ester rollup: 'Pazopanib hydrochloride' -> 'Pazopanib' (hydrochloride)
ent_011867,ent_011866,Pd-0166285 hydrochloride,Pd-0166285,hydrochloride,0,salt/ester rollup: 'Pd-0166285 hydrochloride' -> 'Pd-0166285' (hydrochloride)
ent_011879,ent_011878,Peficitinib hydrobromide,Peficitinib,hydrobromide,0,salt/ester rollup: 'Peficitinib hydrobromide' -> 'Peficitinib' (hydrobromide)
ent_011890,ent_011888,Pegaptanib sodium,Pegaptanib,sodium,4,salt/ester rollup: 'Pegaptanib sodium' -> 'Pegaptanib' (sodium)
ent_011903,ent_011902,Peginesatide acetate,Peginesatide,acetate,0,salt/ester rollup: 'Peginesatide acetate' -> 'Peginesatide' (acetate)
ent_011938,ent_011937,Pelacarsen sodium,Pelacarsen,sodium,0,salt/ester rollup: 'Pelacarsen sodium' -> 'Pelacarsen' (sodium)
ent_011961,ent_011959,Pemetrexed dipotassium,Pemetrexed,dipotassium,0,salt/ester rollup: 'Pemetrexed dipotassium' -> 'Pemetrexed' (dipotassium)
ent_011962,ent_011959,Pemetrexed disodium,Pemetrexed,disodium,2,salt/ester rollup: 'Pemetrexed disodium' -> 'Pemetrexed' (disodium)
ent_011967,ent_011959,Pemetrexed monohydrate,Pemetrexed,monohydrate,1,salt/ester rollup: 'Pemetrexed monohydrate' -> 'Pemetrexed' (monohydrate)
ent_011971,ent_011970,Pemirolast potassium,Pemirolast,potassium,0,salt/ester rollup: 'Pemirolast potassium' -> 'Pemirolast' (potassium)
ent_011982,ent_011981,Penbutolol sulfate,Penbutolol,sulfate,0,salt/ester rollup: 'Penbutolol sulfate' -> 'Penbutolol' (sulfate)
ent_011984,ent_011983,Penciclovir sodium,Penciclovir,sodium,0,salt/ester rollup: 'Penciclovir sodium' -> 'Penciclovir' (sodium)
ent_011995,ent_011993,Penicillin g potassium,Penicillin g,potassium,0,salt/ester rollup: 'Penicillin g potassium' -> 'Penicillin g' (potassium)
ent_011997,ent_011993,Penicillin g sodium,Penicillin g,sodium,2,salt/ester rollup: 'Penicillin g sodium' -> 'Penicillin g' (sodium)
ent_011999,ent_011998,Penicillin v potassium,Penicillin v,potassium,4,salt/ester rollup: 'Penicillin v potassium' -> 'Penicillin v' (potassium)
ent_012006,ent_012005,Penoctonium bromide,Penoctonium,bromide,0,salt/ester rollup: 'Penoctonium bromide' -> 'Penoctonium' (bromide)
ent_012011,ent_012010,Pentacynium chloride,Pentacynium,chloride,0,salt/ester rollup: 'Pentacynium chloride' -> 'Pentacynium' (chloride)
ent_012019,ent_012018,Pentamethonium bromide,Pentamethonium,bromide,0,salt/ester rollup: 'Pentamethonium bromide' -> 'Pentamethonium' (bromide)
ent_012030,ent_012029,Pentazocine hydrochloride,Pentazocine,hydrochloride,0,salt/ester rollup: 'Pentazocine hydrochloride' -> 'Pentazocine' (hydrochloride)
ent_012031,ent_012029,Pentazocine lactate,Pentazocine,lactate,0,salt/ester rollup: 'Pentazocine lactate' -> 'Pentazocine' (lactate)
ent_012040,ent_012039,Pentiapine maleate,Pentiapine,maleate,0,salt/ester rollup: 'Pentiapine maleate' -> 'Pentiapine' (maleate)
ent_012047,ent_012046,Pentobarbital sodium,Pentobarbital,sodium,0,salt/ester rollup: 'Pentobarbital sodium' -> 'Pentobarbital' (sodium)
ent_012049,ent_012048,Pentolinium tartrate,Pentolinium,tartrate,0,salt/ester rollup: 'Pentolinium tartrate' -> 'Pentolinium' (tartrate)
ent_012072,ent_012071,Peramivir anhydrous,Peramivir,anhydrous,0,salt/ester rollup: 'Peramivir anhydrous' -> 'Peramivir' (anhydrous)
ent_012098,ent_012097,Pergolide mesylate,Pergolide,mesylate,1,salt/ester rollup: 'Pergolide mesylate' -> 'Pergolide' (mesylate)
ent_012100,ent_012099,Perhexiline maleate,Perhexiline,maleate,1,salt/ester rollup: 'Perhexiline maleate' -> 'Perhexiline' (maleate)
ent_012137,ent_012136,Pexidartinib hydrochloride,Pexidartinib,hydrochloride,1,salt/ester rollup: 'Pexidartinib hydrochloride' -> 'Pexidartinib' (hydrochloride)
ent_012139,ent_012138,Pexiganan acetate,Pexiganan,acetate,0,salt/ester rollup: 'Pexiganan acetate' -> 'Pexiganan' (acetate)
ent_012227,ent_012226,Phenactropinium chloride,Phenactropinium,chloride,0,salt/ester rollup: 'Phenactropinium chloride' -> 'Phenactropinium' (chloride)
ent_012235,ent_012234,Phenazopyridine hydrochloride,Phenazopyridine,hydrochloride,0,salt/ester rollup: 'Phenazopyridine hydrochloride' -> 'Phenazopyridine' (hydrochloride)
ent_012239,ent_012238,Phencynonate hydrochloride,Phencynonate,hydrochloride,0,salt/ester rollup: 'Phencynonate hydrochloride' -> 'Phencynonate' (hydrochloride)
ent_012241,ent_012240,Phendimetrazine tartrate,Phendimetrazine,tartrate,0,salt/ester rollup: 'Phendimetrazine tartrate' -> 'Phendimetrazine' (tartrate)
ent_012243,ent_012242,Phenelzine sulfate,Phenelzine,sulfate,0,salt/ester rollup: 'Phenelzine sulfate' -> 'Phenelzine' (sulfate)
ent_012248,ent_012247,Phenformin hydrochloride,Phenformin,hydrochloride,0,salt/ester rollup: 'Phenformin hydrochloride' -> 'Phenformin' (hydrochloride)
ent_012255,ent_012254,Pheniramine maleate,Pheniramine,maleate,1,salt/ester rollup: 'Pheniramine maleate' -> 'Pheniramine' (maleate)
ent_012257,ent_012256,Phenmetrazine hydrochloride,Phenmetrazine,hydrochloride,0,salt/ester rollup: 'Phenmetrazine hydrochloride' -> 'Phenmetrazine' (hydrochloride)
ent_012259,ent_012258,Phenobarbital sodium,Phenobarbital,sodium,0,salt/ester rollup: 'Phenobarbital sodium' -> 'Phenobarbital' (sodium)
ent_012268,ent_012267,Phenoxybenzamine hydrochloride,Phenoxybenzamine,hydrochloride,1,salt/ester rollup: 'Phenoxybenzamine hydrochloride' -> 'Phenoxybenzamine' (hydrochloride)
ent_012275,ent_012274,Phentermine hydrochloride,Phentermine,hydrochloride,1,salt/ester rollup: 'Phentermine hydrochloride' -> 'Phentermine' (hydrochloride)
ent_012278,ent_012277,Phentolamine mesylate,Phentolamine,mesylate,0,salt/ester rollup: 'Phentolamine mesylate' -> 'Phentolamine' (mesylate)
ent_012284,ent_012283,Phenylephrine bitartrate,Phenylephrine,bitartrate,0,salt/ester rollup: 'Phenylephrine bitartrate' -> 'Phenylephrine' (bitartrate)
ent_012285,ent_012283,Phenylephrine hydrochloride,Phenylephrine,hydrochloride,6,salt/ester rollup: 'Phenylephrine hydrochloride' -> 'Phenylephrine' (hydrochloride)
ent_012288,ent_012287,Phenylpropanolamine hydrochloride,Phenylpropanolamine,hydrochloride,0,salt/ester rollup: 'Phenylpropanolamine hydrochloride' -> 'Phenylpropanolamine' (hydrochloride)
ent_012294,ent_012293,Phenytoin sodium,Phenytoin,sodium,3,salt/ester rollup: 'Phenytoin sodium' -> 'Phenytoin' (sodium)
ent_012371,ent_012370,Pilocarpine hydrochloride,Pilocarpine,hydrochloride,2,salt/ester rollup: 'Pilocarpine hydrochloride' -> 'Pilocarpine' (hydrochloride)
ent_012375,ent_012374,Pimasertib hydrochloride,Pimasertib,hydrochloride,0,salt/ester rollup: 'Pimasertib hydrochloride' -> 'Pimasertib' (hydrochloride)
ent_012377,ent_012376,Pimavanserin tartrate,Pimavanserin,tartrate,1,salt/ester rollup: 'Pimavanserin tartrate' -> 'Pimavanserin' (tartrate)
ent_012387,ent_012386,Pimicotinib hydrochloride,Pimicotinib,hydrochloride,1,salt/ester rollup: 'Pimicotinib hydrochloride' -> 'Pimicotinib' (hydrochloride)
ent_012398,ent_012397,Pinacidil anhydrous,Pinacidil,anhydrous,0,salt/ester rollup: 'Pinacidil anhydrous' -> 'Pinacidil' (anhydrous)
ent_012403,ent_012402,Pinaverium bromide,Pinaverium,bromide,0,salt/ester rollup: 'Pinaverium bromide' -> 'Pinaverium' (bromide)
ent_012413,ent_012412,Pioglitazone hydrochloride,Pioglitazone,hydrochloride,15,salt/ester rollup: 'Pioglitazone hydrochloride' -> 'Pioglitazone' (hydrochloride)
ent_012425,ent_012424,Pipenzolate bromide,Pipenzolate,bromide,0,salt/ester rollup: 'Pipenzolate bromide' -> 'Pipenzolate' (bromide)
ent_012429,ent_012428,Piperacillin sodium,Piperacillin,sodium,2,salt/ester rollup: 'Piperacillin sodium' -> 'Piperacillin' (sodium)
ent_012432,ent_012431,Piperaquine phosphate,Piperaquine,phosphate,1,salt/ester rollup: 'Piperaquine phosphate' -> 'Piperaquine' (phosphate)
ent_012436,ent_012435,Piperazine citrate,Piperazine,citrate,0,salt/ester rollup: 'Piperazine citrate' -> 'Piperazine' (citrate)
ent_012439,ent_012438,Piperidolate hydrochloride,Piperidolate,hydrochloride,0,salt/ester rollup: 'Piperidolate hydrochloride' -> 'Piperidolate' (hydrochloride)
ent_012472,ent_012471,Pirbuterol acetate,Pirbuterol,acetate,0,salt/ester rollup: 'Pirbuterol acetate' -> 'Pirbuterol' (acetate)
ent_012477,ent_012476,Pirenzepine hydrochloride,Pirenzepine,hydrochloride,0,salt/ester rollup: 'Pirenzepine hydrochloride' -> 'Pirenzepine' (hydrochloride)
ent_012518,ent_012517,Pirralkonium bromide,Pirralkonium,bromide,0,salt/ester rollup: 'Pirralkonium bromide' -> 'Pirralkonium' (bromide)
ent_012523,ent_012522,Pitavastatin calcium,Pitavastatin,calcium,1,salt/ester rollup: 'Pitavastatin calcium' -> 'Pitavastatin' (calcium)
ent_012524,ent_012522,Pitavastatin magnesium,Pitavastatin,magnesium,0,salt/ester rollup: 'Pitavastatin magnesium' -> 'Pitavastatin' (magnesium)
ent_012525,ent_012522,Pitavastatin sodium,Pitavastatin,sodium,0,salt/ester rollup: 'Pitavastatin sodium' -> 'Pitavastatin' (sodium)
ent_012529,ent_012528,Pitolisant hydrochloride,Pitolisant,hydrochloride,0,salt/ester rollup: 'Pitolisant hydrochloride' -> 'Pitolisant' (hydrochloride)
ent_012567,ent_012565,Plazomicin sulfate,Plazomicin,sulfate,0,salt/ester rollup: 'Plazomicin sulfate' -> 'Plazomicin' (sulfate)
ent_012589,ent_012588,Plozasiran sodium,Plozasiran,sodium,0,salt/ester rollup: 'Plozasiran sodium' -> 'Plozasiran' (sodium)
ent_012606,ent_012605,Pocenbrodib hydrochloride,Pocenbrodib,hydrochloride,0,salt/ester rollup: 'Pocenbrodib hydrochloride' -> 'Pocenbrodib' (hydrochloride)
ent_012650,ent_012649,Polymyxin b sulfate,Polymyxin b,sulfate,2,salt/ester rollup: 'Polymyxin b sulfate' -> 'Polymyxin b' (sulfate)
ent_012661,ent_012660,Pomaglumetad methionil anhydrous,Pomaglumetad methionil,anhydrous,1,salt/ester rollup: 'Pomaglumetad methionil anhydrous' -> 'Pomaglumetad methionil' (anhydrous)
ent_012668,ent_012667,Ponatinib hydrochloride,Ponatinib,hydrochloride,1,salt/ester rollup: 'Ponatinib hydrochloride' -> 'Ponatinib' (hydrochloride)
ent_012703,ent_012702,Potassium citrate anhydrous,Potassium citrate,anhydrous,1,salt/ester rollup: 'Potassium citrate anhydrous' -> 'Potassium citrate' (anhydrous)
ent_012727,ent_012726,Povorcitinib phosphate,Povorcitinib,phosphate,0,salt/ester rollup: 'Povorcitinib phosphate' -> 'Povorcitinib' (phosphate)
ent_012734,ent_012733,Poziotinib hydrochloride,Poziotinib,hydrochloride,1,salt/ester rollup: 'Poziotinib hydrochloride' -> 'Poziotinib' (hydrochloride)
ent_012745,ent_012744,Pradefovir mesylate,Pradefovir,mesylate,0,salt/ester rollup: 'Pradefovir mesylate' -> 'Pradefovir' (mesylate)
ent_012748,ent_012747,Pradigastat sodium,Pradigastat,sodium,0,salt/ester rollup: 'Pradigastat sodium' -> 'Pradigastat' (sodium)
ent_012753,ent_012752,Prajmalium bitartrate,Prajmalium,bitartrate,0,salt/ester rollup: 'Prajmalium bitartrate' -> 'Prajmalium' (bitartrate)
ent_012757,ent_012756,Pralidoxime chloride,Pralidoxime,chloride,0,salt/ester rollup: 'Pralidoxime chloride' -> 'Pralidoxime' (chloride)
ent_012768,ent_012767,Pramipexole dihydrochloride monohydrate,Pramipexole dihydrochloride,monohydrate,1,salt/ester rollup: 'Pramipexole dihydrochloride monohydrate' -> 'Pramipexole dihydrochloride' (monohydrate)
ent_012772,ent_012771,Pramlintide acetate,Pramlintide,acetate,0,salt/ester rollup: 'Pramlintide acetate' -> 'Pramlintide' (acetate)
ent_012774,ent_012773,Pramoxine hydrochloride,Pramoxine,hydrochloride,0,salt/ester rollup: 'Pramoxine hydrochloride' -> 'Pramoxine' (hydrochloride)
ent_012780,ent_012779,Pranolium chloride,Pranolium,chloride,0,salt/ester rollup: 'Pranolium chloride' -> 'Pranolium' (chloride)
ent_012786,ent_012785,Prasugrel besilate,Prasugrel,besilate,0,salt/ester rollup: 'Prasugrel besilate' -> 'Prasugrel' (besilate)
ent_012787,ent_012785,Prasugrel besylate,Prasugrel,besylate,0,salt/ester rollup: 'Prasugrel besylate' -> 'Prasugrel' (besylate)
ent_012788,ent_012785,Prasugrel hydrochloride,Prasugrel,hydrochloride,3,salt/ester rollup: 'Prasugrel hydrochloride' -> 'Prasugrel' (hydrochloride)
ent_012792,ent_012791,Pravastatin sodium,Pravastatin,sodium,2,salt/ester rollup: 'Pravastatin sodium' -> 'Pravastatin' (sodium)
ent_012803,ent_012802,Prazosin hydrochloride,Prazosin,hydrochloride,1,salt/ester rollup: 'Prazosin hydrochloride' -> 'Prazosin' (hydrochloride)
ent_012811,ent_012810,Prednisolone acetate,Prednisolone,acetate,8,salt/ester rollup: 'Prednisolone acetate' -> 'Prednisolone' (acetate)
ent_012822,ent_012821,Pregnenolone succinate,Pregnenolone,succinate,0,salt/ester rollup: 'Pregnenolone succinate' -> 'Pregnenolone' (succinate)
ent_012845,ent_012844,Pridopidine hydrochloride,Pridopidine,hydrochloride,0,salt/ester rollup: 'Pridopidine hydrochloride' -> 'Pridopidine' (hydrochloride)
ent_012849,ent_012848,Prifinium bromide,Prifinium,bromide,0,salt/ester rollup: 'Prifinium bromide' -> 'Prifinium' (bromide)
ent_012853,ent_012852,Prilocaine hydrochloride,Prilocaine,hydrochloride,6,salt/ester rollup: 'Prilocaine hydrochloride' -> 'Prilocaine' (hydrochloride)
ent_012856,ent_012855,Primaquine phosphate,Primaquine,phosphate,0,salt/ester rollup: 'Primaquine phosphate' -> 'Primaquine' (phosphate)
ent_012867,ent_012866,Pritelivir mesylate,Pritelivir,mesylate,0,salt/ester rollup: 'Pritelivir mesylate' -> 'Pritelivir' (mesylate)
ent_012880,ent_012879,Procainamide hydrochloride,Procainamide,hydrochloride,0,salt/ester rollup: 'Procainamide hydrochloride' -> 'Procainamide' (hydrochloride)
ent_012883,ent_012881,Procaine hydrochloride,Procaine,hydrochloride,1,salt/ester rollup: 'Procaine hydrochloride' -> 'Procaine' (hydrochloride)
ent_012886,ent_012885,Procarbazine hydrochloride,Procarbazine,hydrochloride,2,salt/ester rollup: 'Procarbazine hydrochloride' -> 'Procarbazine' (hydrochloride)
ent_012888,ent_012887,Procaterol hydrochloride,Procaterol,hydrochloride,0,salt/ester rollup: 'Procaterol hydrochloride' -> 'Procaterol' (hydrochloride)
ent_012891,ent_012889,Prochlorperazine maleate,Prochlorperazine,maleate,0,salt/ester rollup: 'Prochlorperazine maleate' -> 'Prochlorperazine' (maleate)
ent_012897,ent_012896,Procyclidine hydrochloride,Procyclidine,hydrochloride,0,salt/ester rollup: 'Procyclidine hydrochloride' -> 'Procyclidine' (hydrochloride)
ent_012908,ent_012907,Proflavine sulfate,Proflavine,sulfate,0,salt/ester rollup: 'Proflavine sulfate' -> 'Proflavine' (sulfate)
ent_012917,ent_012916,Proguanil hydrochloride,Proguanil,hydrochloride,2,salt/ester rollup: 'Proguanil hydrochloride' -> 'Proguanil' (hydrochloride)
ent_012927,ent_012926,Promazine hydrochloride,Promazine,hydrochloride,0,salt/ester rollup: 'Promazine hydrochloride' -> 'Promazine' (hydrochloride)
ent_012932,ent_012931,Promethazine hydrochloride,Promethazine,hydrochloride,2,salt/ester rollup: 'Promethazine hydrochloride' -> 'Promethazine' (hydrochloride)
ent_012940,ent_012939,Propafenone hydrochloride,Propafenone,hydrochloride,1,salt/ester rollup: 'Propafenone hydrochloride' -> 'Propafenone' (hydrochloride)
ent_012946,ent_012945,Propantheline bromide,Propantheline,bromide,0,salt/ester rollup: 'Propantheline bromide' -> 'Propantheline' (bromide)
ent_012948,ent_012947,Proparacaine hydrochloride,Proparacaine,hydrochloride,0,salt/ester rollup: 'Proparacaine hydrochloride' -> 'Proparacaine' (hydrochloride)
ent_012962,ent_012961,Propiomazine hydrochloride,Propiomazine,hydrochloride,0,salt/ester rollup: 'Propiomazine hydrochloride' -> 'Propiomazine' (hydrochloride)
ent_012973,ent_012972,Propoxycaine hydrochloride,Propoxycaine,hydrochloride,0,salt/ester rollup: 'Propoxycaine hydrochloride' -> 'Propoxycaine' (hydrochloride)
ent_012975,ent_012974,Propoxyphene hydrochloride,Propoxyphene,hydrochloride,0,salt/ester rollup: 'Propoxyphene hydrochloride' -> 'Propoxyphene' (hydrochloride)
ent_012978,ent_012977,Propranolol hydrochloride,Propranolol,hydrochloride,7,salt/ester rollup: 'Propranolol hydrochloride' -> 'Propranolol' (hydrochloride)
ent_012988,ent_012987,Propyromazine bromide,Propyromazine,bromide,0,salt/ester rollup: 'Propyromazine bromide' -> 'Propyromazine' (bromide)
ent_012995,ent_012994,Prospidium chloride,Prospidium,chloride,0,salt/ester rollup: 'Prospidium chloride' -> 'Prospidium' (chloride)
ent_013009,ent_013008,Prothipendyl hydrochloride,Prothipendyl,hydrochloride,0,salt/ester rollup: 'Prothipendyl hydrochloride' -> 'Prothipendyl' (hydrochloride)
ent_013019,ent_013018,Protokylol hydrochloride,Protokylol,hydrochloride,0,salt/ester rollup: 'Protokylol hydrochloride' -> 'Protokylol' (hydrochloride)
ent_013021,ent_013020,Protriptyline hydrochloride,Protriptyline,hydrochloride,0,salt/ester rollup: 'Protriptyline hydrochloride' -> 'Protriptyline' (hydrochloride)
ent_013032,ent_013031,Prucalopride succinate,Prucalopride,succinate,1,salt/ester rollup: 'Prucalopride succinate' -> 'Prucalopride' (succinate)
ent_013041,ent_013040,Pseudoephedrine hydrochloride,Pseudoephedrine,hydrochloride,1,salt/ester rollup: 'Pseudoephedrine hydrochloride' -> 'Pseudoephedrine' (hydrochloride)
ent_013043,ent_013040,Pseudoephedrine sulfate,Pseudoephedrine,sulfate,0,salt/ester rollup: 'Pseudoephedrine sulfate' -> 'Pseudoephedrine' (sulfate)
ent_013048,ent_013047,Psilocybin trihydrate,Psilocybin,trihydrate,0,salt/ester rollup: 'Psilocybin trihydrate' -> 'Psilocybin' (trihydrate)
ent_013059,ent_013058,Pudexacianinium chloride,Pudexacianinium,chloride,0,salt/ester rollup: 'Pudexacianinium chloride' -> 'Pudexacianinium' (chloride)
ent_013087,ent_013086,Pyrantel pamoate,Pyrantel,pamoate,0,salt/ester rollup: 'Pyrantel pamoate' -> 'Pyrantel' (pamoate)
ent_013097,ent_013096,Pyridostigmine bromide,Pyridostigmine,bromide,3,salt/ester rollup: 'Pyridostigmine bromide' -> 'Pyridostigmine' (bromide)
ent_013099,ent_013098,Pyridoxal phosphate,Pyridoxal,phosphate,0,salt/ester rollup: 'Pyridoxal phosphate' -> 'Pyridoxal' (phosphate)
ent_013100,ent_013099,Pyridoxal phosphate anhydrous,Pyridoxal phosphate,anhydrous,0,salt/ester rollup: 'Pyridoxal phosphate anhydrous' -> 'Pyridoxal phosphate' (anhydrous)
ent_013104,ent_013103,Pyridoxine hydrochloride,Pyridoxine,hydrochloride,2,salt/ester rollup: 'Pyridoxine hydrochloride' -> 'Pyridoxine' (hydrochloride)
ent_013106,ent_013105,Pyrilamine maleate,Pyrilamine,maleate,0,salt/ester rollup: 'Pyrilamine maleate' -> 'Pyrilamine' (maleate)
ent_013122,ent_013121,Pyrovalerone hydrochloride,Pyrovalerone,hydrochloride,0,salt/ester rollup: 'Pyrovalerone hydrochloride' -> 'Pyrovalerone' (hydrochloride)
ent_013131,ent_013130,Pyruvate sodium,Pyruvate,sodium,1,salt/ester rollup: 'Pyruvate sodium' -> 'Pyruvate' (sodium)
ent_013133,ent_013132,Pyrvinium chloride,Pyrvinium,chloride,0,salt/ester rollup: 'Pyrvinium chloride' -> 'Pyrvinium' (chloride)
ent_013134,ent_013132,Pyrvinium pamoate,Pyrvinium,pamoate,0,salt/ester rollup: 'Pyrvinium pamoate' -> 'Pyrvinium' (pamoate)
ent_013159,ent_013158,Quetiapine fumarate,Quetiapine,fumarate,4,salt/ester rollup: 'Quetiapine fumarate' -> 'Quetiapine' (fumarate)
ent_013172,ent_013171,Quinapril hydrochloride,Quinapril,hydrochloride,1,salt/ester rollup: 'Quinapril hydrochloride' -> 'Quinapril' (hydrochloride)
ent_013179,ent_013178,Quindonium bromide,Quindonium,bromide,0,salt/ester rollup: 'Quindonium bromide' -> 'Quindonium' (bromide)
ent_013190,ent_013189,Quinidine gluconate,Quinidine,gluconate,0,salt/ester rollup: 'Quinidine gluconate' -> 'Quinidine' (gluconate)
ent_013192,ent_013189,Quinidine sulfate,Quinidine,sulfate,2,salt/ester rollup: 'Quinidine sulfate' -> 'Quinidine' (sulfate)
ent_013194,ent_013193,Quinine hydrochloride,Quinine,hydrochloride,0,salt/ester rollup: 'Quinine hydrochloride' -> 'Quinine' (hydrochloride)
ent_013195,ent_013193,Quinine sulfate,Quinine,sulfate,1,salt/ester rollup: 'Quinine sulfate' -> 'Quinine' (sulfate)
ent_013223,ent_013222,Rabeprazole sodium,Rabeprazole,sodium,2,salt/ester rollup: 'Rabeprazole sodium' -> 'Rabeprazole' (sodium)
ent_013271,ent_013270,Raloxifene hydrochloride,Raloxifene,hydrochloride,4,salt/ester rollup: 'Raloxifene hydrochloride' -> 'Raloxifene' (hydrochloride)
ent_013274,ent_013273,Raltegravir potassium,Raltegravir,potassium,3,salt/ester rollup: 'Raltegravir potassium' -> 'Raltegravir' (potassium)
ent_013292,ent_013291,Ramosetron hydrochloride,Ramosetron,hydrochloride,0,salt/ester rollup: 'Ramosetron hydrochloride' -> 'Ramosetron' (hydrochloride)
ent_013301,ent_013299,Ranitidine hydrochloride,Ranitidine,hydrochloride,1,salt/ester rollup: 'Ranitidine hydrochloride' -> 'Ranitidine' (hydrochloride)
ent_013306,ent_013305,Rapacuronium bromide,Rapacuronium,bromide,0,salt/ester rollup: 'Rapacuronium bromide' -> 'Rapacuronium' (bromide)
ent_013310,ent_013309,Rapirosiran sodium,Rapirosiran,sodium,0,salt/ester rollup: 'Rapirosiran sodium' -> 'Rapirosiran' (sodium)
ent_013312,ent_013311,Rasagiline mesylate,Rasagiline,mesylate,2,salt/ester rollup: 'Rasagiline mesylate' -> 'Rasagiline' (mesylate)
ent_013313,ent_013311,Rasagiline tartrate,Rasagiline,tartrate,0,salt/ester rollup: 'Rasagiline tartrate' -> 'Rasagiline' (tartrate)
ent_013322,ent_013321,Ravidasvir hydrochloride,Ravidasvir,hydrochloride,0,salt/ester rollup: 'Ravidasvir hydrochloride' -> 'Ravidasvir' (hydrochloride)
ent_013347,ent_013346,Reboxetine mesylate,Reboxetine,mesylate,0,salt/ester rollup: 'Reboxetine mesylate' -> 'Reboxetine' (mesylate)
ent_013349,ent_013348,Recainam tosylate,Recainam,tosylate,0,salt/ester rollup: 'Recainam tosylate' -> 'Recainam' (tosylate)
ent_013390,ent_013389,Regadenoson anhydrous,Regadenoson,anhydrous,0,salt/ester rollup: 'Regadenoson anhydrous' -> 'Regadenoson' (anhydrous)
ent_013404,ent_013403,Regrelor disodium,Regrelor,disodium,0,salt/ester rollup: 'Regrelor disodium' -> 'Regrelor' (disodium)
ent_013414,ent_013413,Relebactam anhydrous,Relebactam,anhydrous,0,salt/ester rollup: 'Relebactam anhydrous' -> 'Relebactam' (anhydrous)
ent_013433,ent_013432,Remifentanil hydrochloride,Remifentanil,hydrochloride,15,salt/ester rollup: 'Remifentanil hydrochloride' -> 'Remifentanil' (hydrochloride)
ent_013436,ent_013435,Remimazolam besilate,Remimazolam,besilate,1,salt/ester rollup: 'Remimazolam besilate' -> 'Remimazolam' (besilate)
ent_013437,ent_013435,Remimazolam besylate,Remimazolam,besylate,1,salt/ester rollup: 'Remimazolam besylate' -> 'Remimazolam' (besylate)
ent_013438,ent_013435,Remimazolam tosylate,Remimazolam,tosylate,0,salt/ester rollup: 'Remimazolam tosylate' -> 'Remimazolam' (tosylate)
ent_013445,ent_013444,Remoxipride hydrochloride,Remoxipride,hydrochloride,0,salt/ester rollup: 'Remoxipride hydrochloride' -> 'Remoxipride' (hydrochloride)
ent_013485,ent_013484,Resminostat mesilate,Resminostat,mesilate,0,salt/ester rollup: 'Resminostat mesilate' -> 'Resminostat' (mesilate)
ent_013489,ent_013488,Resomelagon acetate,Resomelagon,acetate,1,salt/ester rollup: 'Resomelagon acetate' -> 'Resomelagon' (acetate)
ent_013499,ent_013498,Retaspimycin hydrochloride,Retaspimycin,hydrochloride,1,salt/ester rollup: 'Retaspimycin hydrochloride' -> 'Retaspimycin' (hydrochloride)
ent_013523,ent_013522,Revumenib citrate,Revumenib,citrate,0,salt/ester rollup: 'Revumenib citrate' -> 'Revumenib' (citrate)
ent_013528,ent_013527,Rezafungin acetate,Rezafungin,acetate,2,salt/ester rollup: 'Rezafungin acetate' -> 'Rezafungin' (acetate)
ent_013570,ent_013569,Ribociclib succinate,Ribociclib,succinate,2,salt/ester rollup: 'Ribociclib succinate' -> 'Ribociclib' (succinate)
ent_013573,ent_013572,Riboflavin 5'-phosphate sodium,Riboflavin 5'-phosphate,sodium,1,salt/ester rollup: 'Riboflavin 5'-phosphate sodium' -> 'Riboflavin 5'-phosphate' (sodium)
ent_013591,ent_013590,Rifamycin sodium,Rifamycin,sodium,2,salt/ester rollup: 'Rifamycin sodium' -> 'Rifamycin' (sodium)
ent_013598,ent_013597,Rigosertib sodium,Rigosertib,sodium,2,salt/ester rollup: 'Rigosertib sodium' -> 'Rigosertib' (sodium)
ent_013615,ent_013614,Rilpivirine hydrochloride,Rilpivirine,hydrochloride,4,salt/ester rollup: 'Rilpivirine hydrochloride' -> 'Rilpivirine' (hydrochloride)
ent_013624,ent_013623,Rimantadine hydrochloride,Rimantadine,hydrochloride,0,salt/ester rollup: 'Rimantadine hydrochloride' -> 'Rimantadine' (hydrochloride)
ent_013629,ent_013628,Rimegepant sulfate,Rimegepant,sulfate,1,salt/ester rollup: 'Rimegepant sulfate' -> 'Rimegepant' (sulfate)
ent_013677,ent_013676,Risvodetinib succinate,Risvodetinib,succinate,0,salt/ester rollup: 'Risvodetinib succinate' -> 'Risvodetinib' (succinate)
ent_013685,ent_013683,Ritlecitinib tosylate,Ritlecitinib,tosylate,2,salt/ester rollup: 'Ritlecitinib tosylate' -> 'Ritlecitinib' (tosylate)
ent_013688,ent_013687,Ritodrine hydrochloride,Ritodrine,hydrochloride,0,salt/ester rollup: 'Ritodrine hydrochloride' -> 'Ritodrine' (hydrochloride)
ent_013698,ent_013696,Rivastigmine tartrate,Rivastigmine,tartrate,1,salt/ester rollup: 'Rivastigmine tartrate' -> 'Rivastigmine' (tartrate)
ent_013702,ent_013701,Rivipansel sodium,Rivipansel,sodium,0,salt/ester rollup: 'Rivipansel sodium' -> 'Rivipansel' (sodium)
ent_013704,ent_013703,Rivoceranib mesylate,Rivoceranib,mesylate,1,salt/ester rollup: 'Rivoceranib mesylate' -> 'Rivoceranib' (mesylate)
ent_013711,ent_013710,Rizedisben hydrochloride,Rizedisben,hydrochloride,0,salt/ester rollup: 'Rizedisben hydrochloride' -> 'Rizedisben' (hydrochloride)
ent_013742,ent_013741,Rocuronium bromide,Rocuronium,bromide,11,salt/ester rollup: 'Rocuronium bromide' -> 'Rocuronium' (bromide)
ent_013760,ent_013759,Rolapitant hydrochloride,Rolapitant,hydrochloride,0,salt/ester rollup: 'Rolapitant hydrochloride' -> 'Rolapitant' (hydrochloride)
ent_013773,ent_013772,Roluperidone hydrochloride,Roluperidone,hydrochloride,3,salt/ester rollup: 'Roluperidone hydrochloride' -> 'Roluperidone' (hydrochloride)
ent_013803,ent_013802,Ropinirole hydrochloride,Ropinirole,hydrochloride,2,salt/ester rollup: 'Ropinirole hydrochloride' -> 'Ropinirole' (hydrochloride)
ent_013806,ent_013805,Ropivacaine hydrochloride,Ropivacaine,hydrochloride,13,salt/ester rollup: 'Ropivacaine hydrochloride' -> 'Ropivacaine' (hydrochloride)
ent_013819,ent_013818,Rosiglitazone maleate,Rosiglitazone,maleate,3,salt/ester rollup: 'Rosiglitazone maleate' -> 'Rosiglitazone' (maleate)
ent_013831,ent_013830,Rosuvastatin calcium,Rosuvastatin,calcium,9,salt/ester rollup: 'Rosuvastatin calcium' -> 'Rosuvastatin' (calcium)
ent_013843,ent_013842,Rovafovir etalafenamide citrate,Rovafovir etalafenamide,citrate,0,salt/ester rollup: 'Rovafovir etalafenamide citrate' -> 'Rovafovir etalafenamide' (citrate)
ent_013847,ent_013846,Rovanersen sodium,Rovanersen,sodium,0,salt/ester rollup: 'Rovanersen sodium' -> 'Rovanersen' (sodium)
ent_013879,ent_013877,Rucaparib phosphate,Rucaparib,phosphate,1,salt/ester rollup: 'Rucaparib phosphate' -> 'Rucaparib' (phosphate)
ent_013886,ent_013885,Rugonersen sodium,Rugonersen,sodium,0,salt/ester rollup: 'Rugonersen sodium' -> 'Rugonersen' (sodium)
ent_013895,ent_013894,Rusalatide acetate,Rusalatide,acetate,0,salt/ester rollup: 'Rusalatide acetate' -> 'Rusalatide' (acetate)
ent_013898,ent_013897,Rusfertide acetate,Rusfertide,acetate,0,salt/ester rollup: 'Rusfertide acetate' -> 'Rusfertide' (acetate)
ent_013904,ent_013902,Ruxolitinib phosphate,Ruxolitinib,phosphate,1,salt/ester rollup: 'Ruxolitinib phosphate' -> 'Ruxolitinib' (phosphate)
ent_013930,ent_013929,Sabizabulin hydrochloride,Sabizabulin,hydrochloride,0,salt/ester rollup: 'Sabizabulin hydrochloride' -> 'Sabizabulin' (hydrochloride)
ent_013945,ent_013944,Safinamide mesylate,Safinamide,mesylate,2,salt/ester rollup: 'Safinamide mesylate' -> 'Safinamide' (mesylate)
ent_013974,ent_013973,Salmeterol xinafoate,Salmeterol,xinafoate,14,salt/ester rollup: 'Salmeterol xinafoate' -> 'Salmeterol' (xinafoate)
ent_014009,ent_014008,Sanguinarium chloride,Sanguinarium,chloride,0,salt/ester rollup: 'Sanguinarium chloride' -> 'Sanguinarium' (chloride)
ent_014011,ent_014010,Sapablursen sodium,Sapablursen,sodium,0,salt/ester rollup: 'Sapablursen sodium' -> 'Sapablursen' (sodium)
ent_014020,ent_014019,Saprisartan potassium,Saprisartan,potassium,0,salt/ester rollup: 'Saprisartan potassium' -> 'Saprisartan' (potassium)
ent_014024,ent_014023,Saquinavir mesylate,Saquinavir,mesylate,1,salt/ester rollup: 'Saquinavir mesylate' -> 'Saquinavir' (mesylate)
ent_014042,ent_014041,Saralasin acetate,Saralasin,acetate,0,salt/ester rollup: 'Saralasin acetate' -> 'Saralasin' (acetate)
ent_014048,ent_014047,Sarecycline hydrochloride,Sarecycline,hydrochloride,0,salt/ester rollup: 'Sarecycline hydrochloride' -> 'Sarecycline' (hydrochloride)
ent_014054,ent_014053,Sarizotan hydrochloride,Sarizotan,hydrochloride,2,salt/ester rollup: 'Sarizotan hydrochloride' -> 'Sarizotan' (hydrochloride)
ent_014084,ent_014083,Saxagliptin anhydrous,Saxagliptin,anhydrous,0,salt/ester rollup: 'Saxagliptin anhydrous' -> 'Saxagliptin' (anhydrous)
ent_014085,ent_014083,Saxagliptin hydrochloride,Saxagliptin,hydrochloride,0,salt/ester rollup: 'Saxagliptin hydrochloride' -> 'Saxagliptin' (hydrochloride)
ent_014111,ent_014110,Scopolamine hydrobromide,Scopolamine,hydrobromide,5,salt/ester rollup: 'Scopolamine hydrobromide' -> 'Scopolamine' (hydrobromide)
ent_014122,ent_014121,Seclidemstat mesylate,Seclidemstat,mesylate,0,salt/ester rollup: 'Seclidemstat mesylate' -> 'Seclidemstat' (mesylate)
ent_014125,ent_014124,Secobarbital sodium,Secobarbital,sodium,0,salt/ester rollup: 'Secobarbital sodium' -> 'Secobarbital' (sodium)
ent_014134,ent_014133,Sefaxersen sodium,Sefaxersen,sodium,0,salt/ester rollup: 'Sefaxersen sodium' -> 'Sefaxersen' (sodium)
ent_014138,ent_014137,Segesterone acetate,Segesterone,acetate,0,salt/ester rollup: 'Segesterone acetate' -> 'Segesterone' (acetate)
ent_014146,ent_014145,Seladelpar lysine dihydrate,Seladelpar lysine,dihydrate,0,salt/ester rollup: 'Seladelpar lysine dihydrate' -> 'Seladelpar lysine' (dihydrate)
ent_014152,ent_014151,Selegiline hydrochloride,Selegiline,hydrochloride,1,salt/ester rollup: 'Selegiline hydrochloride' -> 'Selegiline' (hydrochloride)
ent_014169,ent_014168,Selnoflast potassium,Selnoflast,potassium,0,salt/ester rollup: 'Selnoflast potassium' -> 'Selnoflast' (potassium)
ent_014177,ent_014176,Selumetinib sulfate,Selumetinib,sulfate,4,salt/ester rollup: 'Selumetinib sulfate' -> 'Selumetinib' (sulfate)
ent_014209,ent_014208,Sepantronium bromide,Sepantronium,bromide,1,salt/ester rollup: 'Sepantronium bromide' -> 'Sepantronium' (bromide)
ent_014211,ent_014210,Sepazonium chloride,Sepazonium,chloride,0,salt/ester rollup: 'Sepazonium chloride' -> 'Sepazonium' (chloride)
ent_014232,ent_014231,Serdexmethylphenidate chloride,Serdexmethylphenidate,chloride,0,salt/ester rollup: 'Serdexmethylphenidate chloride' -> 'Serdexmethylphenidate' (chloride)
ent_014247,ent_014246,Sertaconazole nitrate,Sertaconazole,nitrate,0,salt/ester rollup: 'Sertaconazole nitrate' -> 'Sertaconazole' (nitrate)
ent_014250,ent_014249,Sertraline hydrochloride,Sertraline,hydrochloride,7,salt/ester rollup: 'Sertraline hydrochloride' -> 'Sertraline' (hydrochloride)
ent_014262,ent_014261,Setmelanotide acetate,Setmelanotide,acetate,0,salt/ester rollup: 'Setmelanotide acetate' -> 'Setmelanotide' (acetate)
ent_014263,ent_014261,Setmelanotide hydrochloride,Setmelanotide,hydrochloride,0,salt/ester rollup: 'Setmelanotide hydrochloride' -> 'Setmelanotide' (hydrochloride)
ent_014271,ent_014270,Sevelamer carbonate,Sevelamer,carbonate,4,salt/ester rollup: 'Sevelamer carbonate' -> 'Sevelamer' (carbonate)
ent_014272,ent_014270,Sevelamer hydrochloride,Sevelamer,hydrochloride,3,salt/ester rollup: 'Sevelamer hydrochloride' -> 'Sevelamer' (hydrochloride)
ent_014277,ent_014276,Sevitropium mesilate,Sevitropium,mesilate,0,salt/ester rollup: 'Sevitropium mesilate' -> 'Sevitropium' (mesilate)
ent_014305,ent_014304,Sibutramine hydrochloride,Sibutramine,hydrochloride,0,salt/ester rollup: 'Sibutramine hydrochloride' -> 'Sibutramine' (hydrochloride)
ent_014315,ent_014314,Sildenafil citrate,Sildenafil,citrate,5,salt/ester rollup: 'Sildenafil citrate' -> 'Sildenafil' (citrate)
ent_014337,ent_014336,Simeprevir sodium,Simeprevir,sodium,0,salt/ester rollup: 'Simeprevir sodium' -> 'Simeprevir' (sodium)
ent_014351,ent_014350,Simpinicline citrate,Simpinicline,citrate,0,salt/ester rollup: 'Simpinicline citrate' -> 'Simpinicline' (citrate)
ent_014355,ent_014354,Simufilam hydrochloride,Simufilam,hydrochloride,0,salt/ester rollup: 'Simufilam hydrochloride' -> 'Simufilam' (hydrochloride)
ent_014372,ent_014371,Sintropium bromide,Sintropium,bromide,0,salt/ester rollup: 'Sintropium bromide' -> 'Sintropium' (bromide)
ent_014384,ent_014383,Siremadlin succinate,Siremadlin,succinate,0,salt/ester rollup: 'Siremadlin succinate' -> 'Siremadlin' (succinate)
ent_014392,ent_014391,Sisunatovir hydrochloride,Sisunatovir,hydrochloride,0,salt/ester rollup: 'Sisunatovir hydrochloride' -> 'Sisunatovir' (hydrochloride)
ent_014394,ent_014393,Sitafloxacin anhydrous,Sitafloxacin,anhydrous,0,salt/ester rollup: 'Sitafloxacin anhydrous' -> 'Sitafloxacin' (anhydrous)
ent_014397,ent_014395,Sitagliptin fumarate,Sitagliptin,fumarate,0,salt/ester rollup: 'Sitagliptin fumarate' -> 'Sitagliptin' (fumarate)
ent_014399,ent_014395,Sitagliptin hydrochloride,Sitagliptin,hydrochloride,0,salt/ester rollup: 'Sitagliptin hydrochloride' -> 'Sitagliptin' (hydrochloride)
ent_014400,ent_014399,Sitagliptin hydrochloride monohydrate,Sitagliptin hydrochloride,monohydrate,0,salt/ester rollup: 'Sitagliptin hydrochloride monohydrate' -> 'Sitagliptin hydrochloride' (monohydrate)
ent_014402,ent_014395,Sitagliptin phosphate,Sitagliptin,phosphate,8,salt/ester rollup: 'Sitagliptin phosphate' -> 'Sitagliptin' (phosphate)
ent_014407,ent_014406,Sitaxentan sodium,Sitaxentan,sodium,0,salt/ester rollup: 'Sitaxentan sodium' -> 'Sitaxentan' (sodium)
ent_014414,ent_014413,Sitravatinib malate,Sitravatinib,malate,1,salt/ester rollup: 'Sitravatinib malate' -> 'Sitravatinib' (malate)
ent_014416,ent_014415,Sivelestat sodium,Sivelestat,sodium,0,salt/ester rollup: 'Sivelestat sodium' -> 'Sivelestat' (sodium)
ent_014494,ent_014493,Sodium propionate monohydrate,Sodium propionate,monohydrate,0,salt/ester rollup: 'Sodium propionate monohydrate' -> 'Sodium propionate' (monohydrate)
ent_014501,ent_014500,Sodium sulfate anhydrous,Sodium sulfate,anhydrous,11,salt/ester rollup: 'Sodium sulfate anhydrous' -> 'Sodium sulfate' (anhydrous)
ent_014516,ent_014515,Sofpironium bromide,Sofpironium,bromide,0,salt/ester rollup: 'Sofpironium bromide' -> 'Sofpironium' (bromide)
ent_014523,ent_014522,Solbinsiran sodium,Solbinsiran,sodium,0,salt/ester rollup: 'Solbinsiran sodium' -> 'Solbinsiran' (sodium)
ent_014527,ent_014526,Solifenacin succinate,Solifenacin,succinate,5,salt/ester rollup: 'Solifenacin succinate' -> 'Solifenacin' (succinate)
ent_014536,ent_014535,Solriamfetol hydrochloride,Solriamfetol,hydrochloride,0,salt/ester rollup: 'Solriamfetol hydrochloride' -> 'Solriamfetol' (hydrochloride)
ent_014568,ent_014566,Sonidegib phosphate,Sonidegib,phosphate,1,salt/ester rollup: 'Sonidegib phosphate' -> 'Sonidegib' (phosphate)
ent_014583,ent_014581,Sorafenib tosylate,Sorafenib,tosylate,5,salt/ester rollup: 'Sorafenib tosylate' -> 'Sorafenib' (tosylate)
ent_014600,ent_014599,Sotalol hydrochloride,Sotalol,hydrochloride,1,salt/ester rollup: 'Sotalol hydrochloride' -> 'Sotalol' (hydrochloride)
ent_014611,ent_014610,Sotrastaurin acetate,Sotrastaurin,acetate,0,salt/ester rollup: 'Sotrastaurin acetate' -> 'Sotrastaurin' (acetate)
ent_014619,ent_014618,Sovleplenib acetate,Sovleplenib,acetate,0,salt/ester rollup: 'Sovleplenib acetate' -> 'Sovleplenib' (acetate)
ent_014633,ent_014632,Sparteine sulfate,Sparteine,sulfate,0,salt/ester rollup: 'Sparteine sulfate' -> 'Sparteine' (sulfate)
ent_014636,ent_014635,Spebrutinib besylate,Spebrutinib,besylate,0,salt/ester rollup: 'Spebrutinib besylate' -> 'Spebrutinib' (besylate)
ent_014638,ent_014637,Spectinomycin hydrochloride,Spectinomycin,hydrochloride,0,salt/ester rollup: 'Spectinomycin hydrochloride' -> 'Spectinomycin' (hydrochloride)
ent_014655,ent_014654,Spirapril hydrochloride,Spirapril,hydrochloride,0,salt/ester rollup: 'Spirapril hydrochloride' -> 'Spirapril' (hydrochloride)
ent_014680,ent_014679,Squalamine lactate,Squalamine,lactate,1,salt/ester rollup: 'Squalamine lactate' -> 'Squalamine' (lactate)
ent_014735,ent_014734,Streptomycin sulfate,Streptomycin,sulfate,0,salt/ester rollup: 'Streptomycin sulfate' -> 'Streptomycin' (sulfate)
ent_014777,ent_014776,Sufentanil citrate,Sufentanil,citrate,8,salt/ester rollup: 'Sufentanil citrate' -> 'Sufentanil' (citrate)
ent_014782,ent_014781,Sugammadex sodium,Sugammadex,sodium,5,salt/ester rollup: 'Sugammadex sodium' -> 'Sugammadex' (sodium)
ent_014790,ent_014789,Sulbactam sodium,Sulbactam,sodium,2,salt/ester rollup: 'Sulbactam sodium' -> 'Sulbactam' (sodium)
ent_014798,ent_014797,Sulconazole nitrate,Sulconazole,nitrate,0,salt/ester rollup: 'Sulconazole nitrate' -> 'Sulconazole' (nitrate)
ent_014806,ent_014805,Sulfacetamide sodium,Sulfacetamide,sodium,0,salt/ester rollup: 'Sulfacetamide sodium' -> 'Sulfacetamide' (sodium)
ent_014814,ent_014813,Sulfadiazine sodium,Sulfadiazine,sodium,0,salt/ester rollup: 'Sulfadiazine sodium' -> 'Sulfadiazine' (sodium)
ent_014818,ent_014817,Sulfadimethoxine sodium,Sulfadimethoxine,sodium,0,salt/ester rollup: 'Sulfadimethoxine sodium' -> 'Sulfadimethoxine' (sodium)
ent_014827,ent_014826,Sulfamerazine sodium,Sulfamerazine,sodium,0,salt/ester rollup: 'Sulfamerazine sodium' -> 'Sulfamerazine' (sodium)
ent_014866,ent_014865,Sulfoxone sodium,Sulfoxone,sodium,0,salt/ester rollup: 'Sulfoxone sodium' -> 'Sulfoxone' (sodium)
ent_014902,ent_014901,Sumatriptan succinate,Sumatriptan,succinate,2,salt/ester rollup: 'Sumatriptan succinate' -> 'Sumatriptan' (succinate)
ent_014910,ent_014909,Sunitinib malate,Sunitinib,malate,6,salt/ester rollup: 'Sunitinib malate' -> 'Sunitinib' (malate)
ent_014912,ent_014911,Sunobinop tosylate,Sunobinop,tosylate,0,salt/ester rollup: 'Sunobinop tosylate' -> 'Sunobinop' (tosylate)
ent_014948,ent_014947,Suvecaltamide hydrochloride,Suvecaltamide,hydrochloride,0,salt/ester rollup: 'Suvecaltamide hydrochloride' -> 'Suvecaltamide' (hydrochloride)
ent_014954,ent_014953,Suvodirsen sodium,Suvodirsen,sodium,0,salt/ester rollup: 'Suvodirsen sodium' -> 'Suvodirsen' (sodium)
ent_014961,ent_014960,Suxethonium chloride,Suxethonium,chloride,0,salt/ester rollup: 'Suxethonium chloride' -> 'Suxethonium' (chloride)
ent_014979,ent_014978,T-817 maleate,T-817,maleate,0,salt/ester rollup: 'T-817 maleate' -> 'T-817' (maleate)
ent_014996,ent_014995,Tacrine hydrochloride,Tacrine,hydrochloride,0,salt/ester rollup: 'Tacrine hydrochloride' -> 'Tacrine' (hydrochloride)
ent_014998,ent_014997,Tacrolimus anhydrous,Tacrolimus,anhydrous,10,salt/ester rollup: 'Tacrolimus anhydrous' -> 'Tacrolimus' (anhydrous)
ent_014999,ent_014997,Tacrolimus monohydrate,Tacrolimus,monohydrate,1,salt/ester rollup: 'Tacrolimus monohydrate' -> 'Tacrolimus' (monohydrate)
ent_015008,ent_015007,Tafenoquine succinate,Tafenoquine,succinate,0,salt/ester rollup: 'Tafenoquine succinate' -> 'Tafenoquine' (succinate)
ent_015034,ent_015033,Talabostat mesylate,Talabostat,mesylate,2,salt/ester rollup: 'Talabostat mesylate' -> 'Talabostat' (mesylate)
ent_015042,ent_015041,Talaporfin sodium,Talaporfin,sodium,1,salt/ester rollup: 'Talaporfin sodium' -> 'Talaporfin' (sodium)
ent_015046,ent_015045,Talazoparib tosylate,Talazoparib,tosylate,0,salt/ester rollup: 'Talazoparib tosylate' -> 'Talazoparib' (tosylate)
ent_015091,ent_015090,Tamoxifen citrate,Tamoxifen,citrate,8,salt/ester rollup: 'Tamoxifen citrate' -> 'Tamoxifen' (citrate)
ent_015094,ent_015093,Tamsulosin hydrochloride,Tamsulosin,hydrochloride,5,salt/ester rollup: 'Tamsulosin hydrochloride' -> 'Tamsulosin' (hydrochloride)
ent_015106,ent_015105,Taniborbactam hydrochloride,Taniborbactam,hydrochloride,0,salt/ester rollup: 'Taniborbactam hydrochloride' -> 'Taniborbactam' (hydrochloride)
ent_015115,ent_015114,Tapentadol hydrochloride,Tapentadol,hydrochloride,8,salt/ester rollup: 'Tapentadol hydrochloride' -> 'Tapentadol' (hydrochloride)
ent_015133,ent_015132,Taribavirin hydrochloride,Taribavirin,hydrochloride,0,salt/ester rollup: 'Taribavirin hydrochloride' -> 'Taribavirin' (hydrochloride)
ent_015137,ent_015136,Tarloxotinib bromide,Tarloxotinib,bromide,0,salt/ester rollup: 'Tarloxotinib bromide' -> 'Tarloxotinib' (bromide)
ent_015155,ent_015154,Tasidotin hydrochloride,Tasidotin,hydrochloride,0,salt/ester rollup: 'Tasidotin hydrochloride' -> 'Tasidotin' (hydrochloride)
ent_015158,ent_015157,Tasipimidine sulfate,Tasipimidine,sulfate,0,salt/ester rollup: 'Tasipimidine sulfate' -> 'Tasipimidine' (sulfate)
ent_015160,ent_015159,Tasisulam sodium,Tasisulam,sodium,1,salt/ester rollup: 'Tasisulam sodium' -> 'Tasisulam' (sodium)
ent_015185,ent_015184,Tazemetostat hydrobromide,Tazemetostat,hydrobromide,0,salt/ester rollup: 'Tazemetostat hydrobromide' -> 'Tazemetostat' (hydrobromide)
ent_015191,ent_015190,Tazobactam sodium,Tazobactam,sodium,3,salt/ester rollup: 'Tazobactam sodium' -> 'Tazobactam' (sodium)
ent_015207,ent_015206,Tebanicline tosylate,Tebanicline,tosylate,0,salt/ester rollup: 'Tebanicline tosylate' -> 'Tebanicline' (tosylate)
ent_015214,ent_015213,Tebipenem pivoxil hydrobromide,Tebipenem pivoxil,hydrobromide,1,salt/ester rollup: 'Tebipenem pivoxil hydrobromide' -> 'Tebipenem pivoxil' (hydrobromide)
ent_015221,ent_015220,Tecalcet hydrochloride,Tecalcet,hydrochloride,0,salt/ester rollup: 'Tecalcet hydrochloride' -> 'Tecalcet' (hydrochloride)
ent_015223,ent_015222,Tecarfarin sodium,Tecarfarin,sodium,0,salt/ester rollup: 'Tecarfarin sodium' -> 'Tecarfarin' (sodium)
ent_015270,ent_015269,Tecovirimat monohydrate,Tecovirimat,monohydrate,0,salt/ester rollup: 'Tecovirimat monohydrate' -> 'Tecovirimat' (monohydrate)
ent_015276,ent_015275,Tedizolid phosphate,Tedizolid,phosphate,4,salt/ester rollup: 'Tedizolid phosphate' -> 'Tedizolid' (phosphate)
ent_015289,ent_015288,Tegaserod maleate,Tegaserod,maleate,0,salt/ester rollup: 'Tegaserod maleate' -> 'Tegaserod' (maleate)
ent_015293,ent_015292,Teglarinad chloride,Teglarinad,chloride,0,salt/ester rollup: 'Teglarinad chloride' -> 'Teglarinad' (chloride)
ent_015304,ent_015303,Telaglenastat hydrochloride,Telaglenastat,hydrochloride,0,salt/ester rollup: 'Telaglenastat hydrochloride' -> 'Telaglenastat' (hydrochloride)
ent_015309,ent_015308,Telavancin hydrochloride,Telavancin,hydrochloride,0,salt/ester rollup: 'Telavancin hydrochloride' -> 'Telavancin' (hydrochloride)
ent_015314,ent_015313,Telcagepant potassium,Telcagepant,potassium,0,salt/ester rollup: 'Telcagepant potassium' -> 'Telcagepant' (potassium)
ent_015336,ent_015335,Temafloxacin hydrochloride,Temafloxacin,hydrochloride,0,salt/ester rollup: 'Temafloxacin hydrochloride' -> 'Temafloxacin' (hydrochloride)
ent_015338,ent_015337,Temanogrel hydrochloride,Temanogrel,hydrochloride,0,salt/ester rollup: 'Temanogrel hydrochloride' -> 'Temanogrel' (hydrochloride)
ent_015359,ent_015358,Temuterkib mesylate,Temuterkib,mesylate,0,salt/ester rollup: 'Temuterkib mesylate' -> 'Temuterkib' (mesylate)
ent_015363,ent_015362,Tenapanor hydrochloride,Tenapanor,hydrochloride,0,salt/ester rollup: 'Tenapanor hydrochloride' -> 'Tenapanor' (hydrochloride)
ent_015380,ent_015379,Tenofovir alafenamide fumarate,Tenofovir alafenamide,fumarate,3,salt/ester rollup: 'Tenofovir alafenamide fumarate' -> 'Tenofovir alafenamide' (fumarate)
ent_015381,ent_015378,Tenofovir anhydrous,Tenofovir,anhydrous,0,salt/ester rollup: 'Tenofovir anhydrous' -> 'Tenofovir' (anhydrous)
ent_015384,ent_015382,Tenofovir disoproxil fumarate,Tenofovir disoproxil,fumarate,7,salt/ester rollup: 'Tenofovir disoproxil fumarate' -> 'Tenofovir disoproxil' (fumarate)
ent_015385,ent_015382,Tenofovir disoproxil maleate,Tenofovir disoproxil,maleate,0,salt/ester rollup: 'Tenofovir disoproxil maleate' -> 'Tenofovir disoproxil' (maleate)
ent_015386,ent_015382,Tenofovir disoproxil phosphate,Tenofovir disoproxil,phosphate,1,salt/ester rollup: 'Tenofovir disoproxil phosphate' -> 'Tenofovir disoproxil' (phosphate)
ent_015400,ent_015399,Tepotinib hydrochloride,Tepotinib,hydrochloride,2,salt/ester rollup: 'Tepotinib hydrochloride' -> 'Tepotinib' (hydrochloride)
ent_015401,ent_015400,Tepotinib hydrochloride monohydrate,Tepotinib hydrochloride,monohydrate,0,salt/ester rollup: 'Tepotinib hydrochloride monohydrate' -> 'Tepotinib hydrochloride' (monohydrate)
ent_015404,ent_015403,Teprasiran sodium,Teprasiran,sodium,0,salt/ester rollup: 'Teprasiran sodium' -> 'Teprasiran' (sodium)
ent_015407,ent_015406,Teprosulvose calcium,Teprosulvose,calcium,0,salt/ester rollup: 'Teprosulvose calcium' -> 'Teprosulvose' (calcium)
ent_015412,ent_015411,Terazosin hydrochloride,Terazosin,hydrochloride,0,salt/ester rollup: 'Terazosin hydrochloride' -> 'Terazosin' (hydrochloride)
ent_015415,ent_015414,Terbinafine hydrochloride,Terbinafine,hydrochloride,4,salt/ester rollup: 'Terbinafine hydrochloride' -> 'Terbinafine' (hydrochloride)
ent_015422,ent_015421,Terbutaline sulfate,Terbutaline,sulfate,5,salt/ester rollup: 'Terbutaline sulfate' -> 'Terbutaline' (sulfate)
ent_015436,ent_015435,Teriparatide acetate,Teriparatide,acetate,1,salt/ester rollup: 'Teriparatide acetate' -> 'Teriparatide' (acetate)
ent_015443,ent_015442,Terodiline hydrochloride,Terodiline,hydrochloride,0,salt/ester rollup: 'Terodiline hydrochloride' -> 'Terodiline' (hydrochloride)
ent_015454,ent_015453,Tesamorelin acetate,Tesamorelin,acetate,0,salt/ester rollup: 'Tesamorelin acetate' -> 'Tesamorelin' (acetate)
ent_015467,ent_015465,Testosterone enanthate,Testosterone,enanthate,1,salt/ester rollup: 'Testosterone enanthate' -> 'Testosterone' (enanthate)
ent_015469,ent_015465,Testosterone propionate,Testosterone,propionate,2,salt/ester rollup: 'Testosterone propionate' -> 'Testosterone' (propionate)
ent_015470,ent_015465,Testosterone undecanoate,Testosterone,undecanoate,10,salt/ester rollup: 'Testosterone undecanoate' -> 'Testosterone' (undecanoate)
ent_015477,ent_015476,Tetracaine hydrochloride,Tetracaine,hydrochloride,2,salt/ester rollup: 'Tetracaine hydrochloride' -> 'Tetracaine' (hydrochloride)
ent_015480,ent_015479,Tetracycline hydrochloride,Tetracycline,hydrochloride,3,salt/ester rollup: 'Tetracycline hydrochloride' -> 'Tetracycline' (hydrochloride)
ent_015490,ent_015489,Tetrahydrozoline hydrochloride,Tetrahydrozoline,hydrochloride,0,salt/ester rollup: 'Tetrahydrozoline hydrochloride' -> 'Tetrahydrozoline' (hydrochloride)
ent_015506,ent_015505,Tetrylammonium bromide,Tetrylammonium,bromide,0,salt/ester rollup: 'Tetrylammonium bromide' -> 'Tetrylammonium' (bromide)
ent_015513,ent_015512,Tezacitabine anhydrous,Tezacitabine,anhydrous,0,salt/ester rollup: 'Tezacitabine anhydrous' -> 'Tezacitabine' (anhydrous)
ent_015515,ent_015514,Tezampanel anhydrous,Tezampanel,anhydrous,0,salt/ester rollup: 'Tezampanel anhydrous' -> 'Tezampanel' (anhydrous)
ent_015541,ent_015540,Thiamine hydrochloride,Thiamine,hydrochloride,3,salt/ester rollup: 'Thiamine hydrochloride' -> 'Thiamine' (hydrochloride)
ent_015547,ent_015546,Thiamylal sodium,Thiamylal,sodium,0,salt/ester rollup: 'Thiamylal sodium' -> 'Thiamylal' (sodium)
ent_015555,ent_015554,Thiethylperazine malate,Thiethylperazine,malate,0,salt/ester rollup: 'Thiethylperazine malate' -> 'Thiethylperazine' (malate)
ent_015556,ent_015554,Thiethylperazine maleate,Thiethylperazine,maleate,1,salt/ester rollup: 'Thiethylperazine maleate' -> 'Thiethylperazine' (maleate)
ent_015565,ent_015564,Thiopental sodium,Thiopental,sodium,1,salt/ester rollup: 'Thiopental sodium' -> 'Thiopental' (sodium)
ent_015569,ent_015568,Thioridazine hydrochloride,Thioridazine,hydrochloride,0,salt/ester rollup: 'Thioridazine hydrochloride' -> 'Thioridazine' (hydrochloride)
ent_015575,ent_015574,Thiothixene hydrochloride,Thiothixene,hydrochloride,0,salt/ester rollup: 'Thiothixene hydrochloride' -> 'Thiothixene' (hydrochloride)
ent_015582,ent_015581,Thonzonium bromide,Thonzonium,bromide,0,salt/ester rollup: 'Thonzonium bromide' -> 'Thonzonium' (bromide)
ent_015610,ent_015609,Tiagabine hydrochloride,Tiagabine,hydrochloride,0,salt/ester rollup: 'Tiagabine hydrochloride' -> 'Tiagabine' (hydrochloride)
ent_015620,ent_015619,Tiapride hydrochloride,Tiapride,hydrochloride,0,salt/ester rollup: 'Tiapride hydrochloride' -> 'Tiapride' (hydrochloride)
ent_015644,ent_015643,Ticarcillin disodium,Ticarcillin,disodium,0,salt/ester rollup: 'Ticarcillin disodium' -> 'Ticarcillin' (disodium)
ent_015648,ent_015647,Ticlopidine hydrochloride,Ticlopidine,hydrochloride,0,salt/ester rollup: 'Ticlopidine hydrochloride' -> 'Ticlopidine' (hydrochloride)
ent_015686,ent_015685,Tilarginine acetate,Tilarginine,acetate,1,salt/ester rollup: 'Tilarginine acetate' -> 'Tilarginine' (acetate)
ent_015709,ent_015708,Tilsotolimod sodium,Tilsotolimod,sodium,0,salt/ester rollup: 'Tilsotolimod sodium' -> 'Tilsotolimod' (sodium)
ent_015716,ent_015715,Timbetasin acetate,Timbetasin,acetate,0,salt/ester rollup: 'Timbetasin acetate' -> 'Timbetasin' (acetate)
ent_015723,ent_015722,Timepidium bromide,Timepidium,bromide,0,salt/ester rollup: 'Timepidium bromide' -> 'Timepidium' (bromide)
ent_015729,ent_015728,Timolol maleate,Timolol,maleate,4,salt/ester rollup: 'Timolol maleate' -> 'Timolol' (maleate)
ent_015748,ent_015747,Tinzaparin sodium,Tinzaparin,sodium,14,salt/ester rollup: 'Tinzaparin sodium' -> 'Tinzaparin' (sodium)
ent_015755,ent_015754,Tiodonium chloride,Tiodonium,chloride,0,salt/ester rollup: 'Tiodonium chloride' -> 'Tiodonium' (chloride)
ent_015768,ent_015767,Tiotropium bromide,Tiotropium,bromide,25,salt/ester rollup: 'Tiotropium bromide' -> 'Tiotropium' (bromide)
ent_015779,ent_015778,Tipetropium bromide,Tipetropium,bromide,0,salt/ester rollup: 'Tipetropium bromide' -> 'Tipetropium' (bromide)
ent_015783,ent_015782,Tipiracil hydrochloride,Tipiracil,hydrochloride,3,salt/ester rollup: 'Tipiracil hydrochloride' -> 'Tipiracil' (hydrochloride)
ent_015797,ent_015796,Tiquizium bromide,Tiquizium,bromide,0,salt/ester rollup: 'Tiquizium bromide' -> 'Tiquizium' (bromide)
ent_015799,ent_015798,Tirabrutinib hydrochloride,Tirabrutinib,hydrochloride,0,salt/ester rollup: 'Tirabrutinib hydrochloride' -> 'Tirabrutinib' (hydrochloride)
ent_015806,ent_015805,Tirbanibulin mesylate,Tirbanibulin,mesylate,0,salt/ester rollup: 'Tirbanibulin mesylate' -> 'Tirbanibulin' (mesylate)
ent_015810,ent_015809,Tirofiban hydrochloride,Tirofiban,hydrochloride,2,salt/ester rollup: 'Tirofiban hydrochloride' -> 'Tirofiban' (hydrochloride)
ent_015825,ent_015824,Tivanisiran sodium,Tivanisiran,sodium,0,salt/ester rollup: 'Tivanisiran sodium' -> 'Tivanisiran' (sodium)
ent_015831,ent_015830,Tivozanib hydrochloride,Tivozanib,hydrochloride,5,salt/ester rollup: 'Tivozanib hydrochloride' -> 'Tivozanib' (hydrochloride)
ent_015833,ent_015832,Tivumecirnon besylate,Tivumecirnon,besylate,0,salt/ester rollup: 'Tivumecirnon besylate' -> 'Tivumecirnon' (besylate)
ent_015841,ent_015840,Tizanidine hydrochloride,Tizanidine,hydrochloride,2,salt/ester rollup: 'Tizanidine hydrochloride' -> 'Tizanidine' (hydrochloride)
ent_015860,ent_015859,Tobramycin sulfate,Tobramycin,sulfate,2,salt/ester rollup: 'Tobramycin sulfate' -> 'Tobramycin' (sulfate)
ent_015863,ent_015862,Tocainide hydrochloride,Tocainide,hydrochloride,0,salt/ester rollup: 'Tocainide hydrochloride' -> 'Tocainide' (hydrochloride)
ent_015871,ent_020887,Tocopherol acetate,Tocopherol,acetate,1,salt/ester rollup: 'Tocopherol acetate' -> 'Tocopherol' (acetate)
ent_015876,ent_015875,Tofacitinib citrate,Tofacitinib,citrate,3,salt/ester rollup: 'Tofacitinib citrate' -> 'Tofacitinib' (citrate)
ent_015883,ent_015882,Tofogliflozin anhydrous,Tofogliflozin,anhydrous,0,salt/ester rollup: 'Tofogliflozin anhydrous' -> 'Tofogliflozin' (anhydrous)
ent_015889,ent_015888,Tolazoline hydrochloride,Tolazoline,hydrochloride,0,salt/ester rollup: 'Tolazoline hydrochloride' -> 'Tolazoline' (hydrochloride)
ent_015891,ent_015890,Tolbutamide sodium,Tolbutamide,sodium,0,salt/ester rollup: 'Tolbutamide sodium' -> 'Tolbutamide' (sodium)
ent_015904,ent_015903,Toliodium chloride,Toliodium,chloride,0,salt/ester rollup: 'Toliodium chloride' -> 'Toliodium' (chloride)
ent_015909,ent_015908,Tolmetin sodium,Tolmetin,sodium,0,salt/ester rollup: 'Tolmetin sodium' -> 'Tolmetin' (sodium)
ent_015917,ent_015916,Tolonium chloride,Tolonium,chloride,0,salt/ester rollup: 'Tolonium chloride' -> 'Tolonium' (chloride)
ent_015931,ent_015930,Tolterodine tartrate,Tolterodine,tartrate,5,salt/ester rollup: 'Tolterodine tartrate' -> 'Tolterodine' (tartrate)
ent_015935,ent_015934,Toludesvenlafaxine hydrochloride,Toludesvenlafaxine,hydrochloride,0,salt/ester rollup: 'Toludesvenlafaxine hydrochloride' -> 'Toludesvenlafaxine' (hydrochloride)
ent_015945,ent_015944,Tomivosertib hydrochloride,Tomivosertib,hydrochloride,0,salt/ester rollup: 'Tomivosertib hydrochloride' -> 'Tomivosertib' (hydrochloride)
ent_015954,ent_015953,Tonlamarsen sodium,Tonlamarsen,sodium,0,salt/ester rollup: 'Tonlamarsen sodium' -> 'Tonlamarsen' (sodium)
ent_015961,ent_015960,Topotecan hydrochloride,Topotecan,hydrochloride,3,salt/ester rollup: 'Topotecan hydrochloride' -> 'Topotecan' (hydrochloride)
ent_015969,ent_015968,Torasemide anhydrous,Torasemide,anhydrous,0,salt/ester rollup: 'Torasemide anhydrous' -> 'Torasemide' (anhydrous)
ent_015974,ent_015973,Toreforant tartrate,Toreforant,tartrate,0,salt/ester rollup: 'Toreforant tartrate' -> 'Toreforant' (tartrate)
ent_015976,ent_015975,Toremifene citrate,Toremifene,citrate,1,salt/ester rollup: 'Toremifene citrate' -> 'Toremifene' (citrate)
ent_016020,ent_016019,Tramadol hydrochloride,Tramadol,hydrochloride,8,salt/ester rollup: 'Tramadol hydrochloride' -> 'Tramadol' (hydrochloride)
ent_016037,ent_016036,Trantelinium bromide,Trantelinium,bromide,0,salt/ester rollup: 'Trantelinium bromide' -> 'Trantelinium' (bromide)
ent_016039,ent_016038,Tranylcypromine sulfate,Tranylcypromine,sulfate,1,salt/ester rollup: 'Tranylcypromine sulfate' -> 'Tranylcypromine' (sulfate)
ent_016064,ent_016063,Trazodone hydrochloride,Trazodone,hydrochloride,3,salt/ester rollup: 'Trazodone hydrochloride' -> 'Trazodone' (hydrochloride)
ent_016081,ent_016080,Trelagliptin succinate,Trelagliptin,succinate,0,salt/ester rollup: 'Trelagliptin succinate' -> 'Trelagliptin' (succinate)
ent_016102,ent_016099,Treprostinil phosphate,Treprostinil,phosphate,0,salt/ester rollup: 'Treprostinil phosphate' -> 'Treprostinil' (phosphate)
ent_016103,ent_016099,Treprostinil sodium,Treprostinil,sodium,2,salt/ester rollup: 'Treprostinil sodium' -> 'Treprostinil' (sodium)
ent_016151,ent_016150,Triclobisonium chloride,Triclobisonium,chloride,0,salt/ester rollup: 'Triclobisonium chloride' -> 'Triclobisonium' (chloride)
ent_016156,ent_016155,Triclofos sodium,Triclofos,sodium,0,salt/ester rollup: 'Triclofos sodium' -> 'Triclofos' (sodium)
ent_016162,ent_016161,Tricyclamol chloride,Tricyclamol,chloride,0,salt/ester rollup: 'Tricyclamol chloride' -> 'Tricyclamol' (chloride)
ent_016166,ent_016165,Tridihexethyl chloride,Tridihexethyl,chloride,0,salt/ester rollup: 'Tridihexethyl chloride' -> 'Tridihexethyl' (chloride)
ent_016171,ent_016169,Trientine hydrochloride,Trientine,hydrochloride,2,salt/ester rollup: 'Trientine hydrochloride' -> 'Trientine' (hydrochloride)
ent_016182,ent_016181,Trifluoperazine hydrochloride,Trifluoperazine,hydrochloride,0,salt/ester rollup: 'Trifluoperazine hydrochloride' -> 'Trifluoperazine' (hydrochloride)
ent_016185,ent_016184,Triflupromazine hydrochloride,Triflupromazine,hydrochloride,0,salt/ester rollup: 'Triflupromazine hydrochloride' -> 'Triflupromazine' (hydrochloride)
ent_016187,ent_020905,Trifluridine|tipiracil hydrochloride,Trifluridine|Tipiracil,hydrochloride,4,salt/ester rollup: 'Trifluridine|tipiracil hydrochloride' -> 'Trifluridine|Tipiracil' (hydrochloride)
ent_016195,ent_016194,Trihexyphenidyl hydrochloride,Trihexyphenidyl,hydrochloride,0,salt/ester rollup: 'Trihexyphenidyl hydrochloride' -> 'Trihexyphenidyl' (hydrochloride)
ent_016205,ent_016204,Trimedoxime bromide,Trimedoxime,bromide,0,salt/ester rollup: 'Trimedoxime bromide' -> 'Trimedoxime' (bromide)
ent_016218,ent_016217,Trimethobenzamide hydrochloride,Trimethobenzamide,hydrochloride,0,salt/ester rollup: 'Trimethobenzamide hydrochloride' -> 'Trimethobenzamide' (hydrochloride)
ent_016220,ent_016219,Trimethoprim hydrochloride,Trimethoprim,hydrochloride,0,salt/ester rollup: 'Trimethoprim hydrochloride' -> 'Trimethoprim' (hydrochloride)
ent_016221,ent_016219,Trimethoprim sulfate,Trimethoprim,sulfate,1,salt/ester rollup: 'Trimethoprim sulfate' -> 'Trimethoprim' (sulfate)
ent_016227,ent_016226,Trimipramine maleate,Trimipramine,maleate,3,salt/ester rollup: 'Trimipramine maleate' -> 'Trimipramine' (maleate)
ent_016237,ent_016236,Tripelennamine citrate,Tripelennamine,citrate,0,salt/ester rollup: 'Tripelennamine citrate' -> 'Tripelennamine' (citrate)
ent_016238,ent_016236,Tripelennamine hydrochloride,Tripelennamine,hydrochloride,0,salt/ester rollup: 'Tripelennamine hydrochloride' -> 'Tripelennamine' (hydrochloride)
ent_016242,ent_016241,Triprolidine hydrochloride,Triprolidine,hydrochloride,0,salt/ester rollup: 'Triprolidine hydrochloride' -> 'Triprolidine' (hydrochloride)
ent_016245,ent_016244,Triptorelin acetate,Triptorelin,acetate,5,salt/ester rollup: 'Triptorelin acetate' -> 'Triptorelin' (acetate)
ent_016246,ent_016244,Triptorelin pamoate,Triptorelin,pamoate,3,salt/ester rollup: 'Triptorelin pamoate' -> 'Triptorelin' (pamoate)
ent_016274,ent_016273,Tropenziline bromide,Tropenziline,bromide,0,salt/ester rollup: 'Tropenziline bromide' -> 'Tropenziline' (bromide)
ent_016284,ent_016283,Troriluzole hydrochloride,Troriluzole,hydrochloride,0,salt/ester rollup: 'Troriluzole hydrochloride' -> 'Troriluzole' (hydrochloride)
ent_016287,ent_016286,Trospium chloride,Trospium,chloride,1,salt/ester rollup: 'Trospium chloride' -> 'Trospium' (chloride)
ent_016291,ent_016290,Trovafloxacin mesylate,Trovafloxacin,mesylate,0,salt/ester rollup: 'Trovafloxacin mesylate' -> 'Trovafloxacin' (mesylate)
ent_016324,ent_016323,Tubocurarine chloride,Tubocurarine,chloride,0,salt/ester rollup: 'Tubocurarine chloride' -> 'Tubocurarine' (chloride)
ent_016390,ent_016389,Udifitimod hydrochloride,Udifitimod,hydrochloride,0,salt/ester rollup: 'Udifitimod hydrochloride' -> 'Udifitimod' (hydrochloride)
ent_016403,ent_016402,Ulefnersen sodium,Ulefnersen,sodium,0,salt/ester rollup: 'Ulefnersen sodium' -> 'Ulefnersen' (sodium)
ent_016408,ent_016407,Ulimorelin hydrochloride,Ulimorelin,hydrochloride,3,salt/ester rollup: 'Ulimorelin hydrochloride' -> 'Ulimorelin' (hydrochloride)
ent_016412,ent_016411,Ulipristal acetate,Ulipristal,acetate,5,salt/ester rollup: 'Ulipristal acetate' -> 'Ulipristal' (acetate)
ent_016414,ent_016413,Ulixacaltamide hydrochloride,Ulixacaltamide,hydrochloride,0,salt/ester rollup: 'Ulixacaltamide hydrochloride' -> 'Ulixacaltamide' (hydrochloride)
ent_016420,ent_016419,Ulotaront hydrochloride,Ulotaront,hydrochloride,0,salt/ester rollup: 'Ulotaront hydrochloride' -> 'Ulotaront' (hydrochloride)
ent_016424,ent_016423,Umbralisib tosylate,Umbralisib,tosylate,1,salt/ester rollup: 'Umbralisib tosylate' -> 'Umbralisib' (tosylate)
ent_016426,ent_016425,Umeclidinium bromide,Umeclidinium,bromide,8,salt/ester rollup: 'Umeclidinium bromide' -> 'Umeclidinium' (bromide)
ent_016446,ent_016445,Upacicalcet sodium,Upacicalcet,sodium,0,salt/ester rollup: 'Upacicalcet sodium' -> 'Upacicalcet' (sodium)
ent_016448,ent_016447,Upadacitinib hemihydrate,Upadacitinib,hemihydrate,0,salt/ester rollup: 'Upadacitinib hemihydrate' -> 'Upadacitinib' (hemihydrate)
ent_016449,ent_016447,Upadacitinib tartrate,Upadacitinib,tartrate,0,salt/ester rollup: 'Upadacitinib tartrate' -> 'Upadacitinib' (tartrate)
ent_016466,ent_016465,Urapidil hydrochloride,Urapidil,hydrochloride,0,salt/ester rollup: 'Urapidil hydrochloride' -> 'Urapidil' (hydrochloride)
ent_016495,ent_016494,Utenpanium chloride,Utenpanium,chloride,0,salt/ester rollup: 'Utenpanium chloride' -> 'Utenpanium' (chloride)
ent_016506,ent_016505,Vabicaserin hydrochloride,Vabicaserin,hydrochloride,0,salt/ester rollup: 'Vabicaserin hydrochloride' -> 'Vabicaserin' (hydrochloride)
ent_016522,ent_016521,Valacyclovir hydrochloride,Valacyclovir,hydrochloride,4,salt/ester rollup: 'Valacyclovir hydrochloride' -> 'Valacyclovir' (hydrochloride)
ent_016526,ent_016525,Valbenazine tosylate,Valbenazine,tosylate,0,salt/ester rollup: 'Valbenazine tosylate' -> 'Valbenazine' (tosylate)
ent_016532,ent_016531,Valemetostat tosylate,Valemetostat,tosylate,1,salt/ester rollup: 'Valemetostat tosylate' -> 'Valemetostat' (tosylate)
ent_016535,ent_016534,Valganciclovir hydrochloride,Valganciclovir,hydrochloride,2,salt/ester rollup: 'Valganciclovir hydrochloride' -> 'Valganciclovir' (hydrochloride)
ent_016541,ent_016540,Valnivudine hydrochloride,Valnivudine,hydrochloride,0,salt/ester rollup: 'Valnivudine hydrochloride' -> 'Valnivudine' (hydrochloride)
ent_016546,ent_016545,Valomaciclovir stearate,Valomaciclovir,stearate,0,salt/ester rollup: 'Valomaciclovir stearate' -> 'Valomaciclovir' (stearate)
ent_016566,ent_016565,Vamifeport hydrochloride,Vamifeport,hydrochloride,0,salt/ester rollup: 'Vamifeport hydrochloride' -> 'Vamifeport' (hydrochloride)
ent_016571,ent_016570,Vancomycin hydrochloride,Vancomycin,hydrochloride,3,salt/ester rollup: 'Vancomycin hydrochloride' -> 'Vancomycin' (hydrochloride)
ent_016586,ent_016585,Vanzacaftor calcium,Vanzacaftor,calcium,0,salt/ester rollup: 'Vanzacaftor calcium' -> 'Vanzacaftor' (calcium)
ent_016594,ent_016593,Vardenafil hydrochloride,Vardenafil,hydrochloride,1,salt/ester rollup: 'Vardenafil hydrochloride' -> 'Vardenafil' (hydrochloride)
ent_016597,ent_016596,Varenicline tartrate,Varenicline,tartrate,5,salt/ester rollup: 'Varenicline tartrate' -> 'Varenicline' (tartrate)
ent_016617,ent_016616,Vatinoxan hydrochloride,Vatinoxan,hydrochloride,0,salt/ester rollup: 'Vatinoxan hydrochloride' -> 'Vatinoxan' (hydrochloride)
ent_016628,ent_016627,Vecabrutinib succinate,Vecabrutinib,succinate,0,salt/ester rollup: 'Vecabrutinib succinate' -> 'Vecabrutinib' (succinate)
ent_016630,ent_016629,Vecuronium bromide,Vecuronium,bromide,3,salt/ester rollup: 'Vecuronium bromide' -> 'Vecuronium' (bromide)
ent_016662,ent_016661,Venglustat malate,Venglustat,malate,2,salt/ester rollup: 'Venglustat malate' -> 'Venglustat' (malate)
ent_016664,ent_016663,Venlafaxine besylate,Venlafaxine,besylate,1,salt/ester rollup: 'Venlafaxine besylate' -> 'Venlafaxine' (besylate)
ent_016665,ent_016663,Venlafaxine hydrochloride,Venlafaxine,hydrochloride,3,salt/ester rollup: 'Venlafaxine hydrochloride' -> 'Venlafaxine' (hydrochloride)
ent_016676,ent_016675,Verapamil hydrochloride,Verapamil,hydrochloride,6,salt/ester rollup: 'Verapamil hydrochloride' -> 'Verapamil' (hydrochloride)
ent_016681,ent_016680,Vercirnon sodium,Vercirnon,sodium,1,salt/ester rollup: 'Vercirnon sodium' -> 'Vercirnon' (sodium)
ent_016691,ent_016690,Vernakalant hydrochloride,Vernakalant,hydrochloride,4,salt/ester rollup: 'Vernakalant hydrochloride' -> 'Vernakalant' (hydrochloride)
ent_016708,ent_016707,Vestipitant mesylate,Vestipitant,mesylate,0,salt/ester rollup: 'Vestipitant mesylate' -> 'Vestipitant' (mesylate)
ent_016730,ent_016729,Vicriviroc maleate,Vicriviroc,maleate,0,salt/ester rollup: 'Vicriviroc maleate' -> 'Vicriviroc' (maleate)
ent_016745,ent_016744,Vilazodone hydrochloride,Vilazodone,hydrochloride,2,salt/ester rollup: 'Vilazodone hydrochloride' -> 'Vilazodone' (hydrochloride)
ent_016750,ent_016749,Viloxazine hydrochloride,Viloxazine,hydrochloride,0,salt/ester rollup: 'Viloxazine hydrochloride' -> 'Viloxazine' (hydrochloride)
ent_016757,ent_016756,Vimseltinib dihydrate,Vimseltinib,dihydrate,0,salt/ester rollup: 'Vimseltinib dihydrate' -> 'Vimseltinib' (dihydrate)
ent_016760,ent_016759,Vinblastine sulfate,Vinblastine,sulfate,6,salt/ester rollup: 'Vinblastine sulfate' -> 'Vinblastine' (sulfate)
ent_016768,ent_016767,Vincristine sulfate,Vincristine,sulfate,12,salt/ester rollup: 'Vincristine sulfate' -> 'Vincristine' (sulfate)
ent_016771,ent_016770,Vindesine sulfate,Vindesine,sulfate,4,salt/ester rollup: 'Vindesine sulfate' -> 'Vindesine' (sulfate)
ent_016782,ent_016781,Vinorelbine tartrate,Vinorelbine,tartrate,10,salt/ester rollup: 'Vinorelbine tartrate' -> 'Vinorelbine' (tartrate)
ent_016795,ent_016794,Viomycin sulfate,Viomycin,sulfate,0,salt/ester rollup: 'Viomycin sulfate' -> 'Viomycin' (sulfate)
ent_016834,ent_016833,Vocacapsaicin hydrochloride,Vocacapsaicin,hydrochloride,0,salt/ester rollup: 'Vocacapsaicin hydrochloride' -> 'Vocacapsaicin' (hydrochloride)
ent_016840,ent_016839,Vodudeutentan sodium,Vodudeutentan,sodium,0,salt/ester rollup: 'Vodudeutentan sodium' -> 'Vodudeutentan' (sodium)
ent_016847,ent_016846,Volanesorsen sodium,Volanesorsen,sodium,0,salt/ester rollup: 'Volanesorsen sodium' -> 'Volanesorsen' (sodium)
ent_016864,ent_016863,Vonoprazan fumarate,Vonoprazan,fumarate,0,salt/ester rollup: 'Vonoprazan fumarate' -> 'Vonoprazan' (fumarate)
ent_016869,ent_016868,Vorapaxar sulfate,Vorapaxar,sulfate,2,salt/ester rollup: 'Vorapaxar sulfate' -> 'Vorapaxar' (sulfate)
ent_016871,ent_016870,Vorasidenib citrate,Vorasidenib,citrate,0,salt/ester rollup: 'Vorasidenib citrate' -> 'Vorasidenib' (citrate)
ent_016873,ent_016872,Vorbipiprant sodium,Vorbipiprant,sodium,0,salt/ester rollup: 'Vorbipiprant sodium' -> 'Vorbipiprant' (sodium)
ent_016884,ent_016882,Vortioxetine hydrobromide,Vortioxetine,hydrobromide,0,salt/ester rollup: 'Vortioxetine hydrobromide' -> 'Vortioxetine' (hydrobromide)
ent_016912,ent_016911,Vupanorsen sodium,Vupanorsen,sodium,0,salt/ester rollup: 'Vupanorsen sodium' -> 'Vupanorsen' (sodium)
ent_016917,ent_016916,Vutrisiran sodium,Vutrisiran,sodium,1,salt/ester rollup: 'Vutrisiran sodium' -> 'Vutrisiran' (sodium)
ent_016921,ent_016920,Warfarin potassium,Warfarin,potassium,0,salt/ester rollup: 'Warfarin potassium' -> 'Warfarin' (potassium)
ent_016922,ent_016920,Warfarin sodium,Warfarin,sodium,7,salt/ester rollup: 'Warfarin sodium' -> 'Warfarin' (sodium)
ent_016942,ent_016941,Xalnesiran sodium,Xalnesiran,sodium,0,salt/ester rollup: 'Xalnesiran sodium' -> 'Xalnesiran' (sodium)
ent_016945,ent_016944,Xanomeline tartrate,Xanomeline,tartrate,1,salt/ester rollup: 'Xanomeline tartrate' -> 'Xanomeline' (tartrate)
ent_016971,ent_016970,Xenytropium bromide,Xenytropium,bromide,0,salt/ester rollup: 'Xenytropium bromide' -> 'Xenytropium' (bromide)
ent_016973,ent_016972,Xeruborbactam sodium,Xeruborbactam,sodium,0,salt/ester rollup: 'Xeruborbactam sodium' -> 'Xeruborbactam' (sodium)
ent_017009,ent_017008,Xylometazoline hydrochloride,Xylometazoline,hydrochloride,3,salt/ester rollup: 'Xylometazoline hydrochloride' -> 'Xylometazoline' (hydrochloride)
ent_017018,ent_017017,Yimitasvir phosphate,Yimitasvir,phosphate,0,salt/ester rollup: 'Yimitasvir phosphate' -> 'Yimitasvir' (phosphate)
ent_017022,ent_017021,Yohimbine hydrochloride,Yohimbine,hydrochloride,0,salt/ester rollup: 'Yohimbine hydrochloride' -> 'Yohimbine' (hydrochloride)
ent_017056,ent_017055,Zalunfiban acetate,Zalunfiban,acetate,0,salt/ester rollup: 'Zalunfiban acetate' -> 'Zalunfiban' (acetate)
ent_017066,ent_017065,Zanamivir hydrate,Zanamivir,hydrate,0,salt/ester rollup: 'Zanamivir hydrate' -> 'Zanamivir' (hydrate)
ent_017078,ent_017077,Zanzalintinib fumarate,Zanzalintinib,fumarate,0,salt/ester rollup: 'Zanzalintinib fumarate' -> 'Zanzalintinib' (fumarate)
ent_017089,ent_017088,Zavegepant hydrochloride,Zavegepant,hydrochloride,0,salt/ester rollup: 'Zavegepant hydrochloride' -> 'Zavegepant' (hydrochloride)
ent_017100,ent_017099,Zegruvirimat tosylate,Zegruvirimat,tosylate,0,salt/ester rollup: 'Zegruvirimat tosylate' -> 'Zegruvirimat' (tosylate)
ent_017133,ent_017132,Zetomipzomib maleate,Zetomipzomib,maleate,0,salt/ester rollup: 'Zetomipzomib maleate' -> 'Zetomipzomib' (maleate)
ent_017139,ent_017138,Ziconotide acetate,Ziconotide,acetate,0,salt/ester rollup: 'Ziconotide acetate' -> 'Ziconotide' (acetate)
ent_017147,ent_017146,Zifcasiran sodium,Zifcasiran,sodium,0,salt/ester rollup: 'Zifcasiran sodium' -> 'Zifcasiran' (sodium)
ent_017155,ent_017154,Zilebesiran sodium,Zilebesiran,sodium,0,salt/ester rollup: 'Zilebesiran sodium' -> 'Zilebesiran' (sodium)
ent_017158,ent_017157,Zilganersen sodium,Zilganersen,sodium,0,salt/ester rollup: 'Zilganersen sodium' -> 'Zilganersen' (sodium)
ent_017162,ent_017161,Zilucoplan sodium,Zilucoplan,sodium,1,salt/ester rollup: 'Zilucoplan sodium' -> 'Zilucoplan' (sodium)
ent_017164,ent_017163,Zilurgisertib fumarate,Zilurgisertib,fumarate,0,salt/ester rollup: 'Zilurgisertib fumarate' -> 'Zilurgisertib' (fumarate)
ent_017167,ent_017166,Zimeldine hydrochloride,Zimeldine,hydrochloride,0,salt/ester rollup: 'Zimeldine hydrochloride' -> 'Zimeldine' (hydrochloride)
ent_017174,ent_017173,Zinc acetate anhydrous,Zinc acetate,anhydrous,0,salt/ester rollup: 'Zinc acetate anhydrous' -> 'Zinc acetate' (anhydrous)
ent_017191,ent_017190,Ziprasidone hydrochloride,Ziprasidone,hydrochloride,2,salt/ester rollup: 'Ziprasidone hydrochloride' -> 'Ziprasidone' (hydrochloride)
ent_017192,ent_017190,Ziprasidone mesylate,Ziprasidone,mesylate,0,salt/ester rollup: 'Ziprasidone mesylate' -> 'Ziprasidone' (mesylate)
ent_017202,ent_017201,Zodasiran sodium,Zodasiran,sodium,0,salt/ester rollup: 'Zodasiran sodium' -> 'Zodasiran' (sodium)
ent_017213,ent_017212,Zoledronic acid anhydrous,Zoledronic acid,anhydrous,4,salt/ester rollup: 'Zoledronic acid anhydrous' -> 'Zoledronic acid' (anhydrous)
ent_017214,ent_017212,Zoledronic acid monohydrate,Zoledronic acid,monohydrate,0,salt/ester rollup: 'Zoledronic acid monohydrate' -> 'Zoledronic acid' (monohydrate)
ent_017225,ent_017224,Zolpidem tartrate,Zolpidem,tartrate,6,salt/ester rollup: 'Zolpidem tartrate' -> 'Zolpidem' (tartrate)
ent_017227,ent_017226,Zolunicant hydrochloride,Zolunicant,hydrochloride,0,salt/ester rollup: 'Zolunicant hydrochloride' -> 'Zolunicant' (hydrochloride)
ent_017230,ent_017229,Zomepirac sodium,Zomepirac,sodium,0,salt/ester rollup: 'Zomepirac sodium' -> 'Zomepirac' (sodium)
ent_017240,ent_017239,Zopocianine sodium,Zopocianine,sodium,0,salt/ester rollup: 'Zopocianine sodium' -> 'Zopocianine' (sodium)
ent_017246,ent_017245,Zorevunersen sodium,Zorevunersen,sodium,0,salt/ester rollup: 'Zorevunersen sodium' -> 'Zorevunersen' (sodium)
ent_017256,ent_017255,Zotiraciclib citrate,Zotiraciclib,citrate,0,salt/ester rollup: 'Zotiraciclib citrate' -> 'Zotiraciclib' (citrate)
ent_018824,ent_018822,Gallium Ga-68 citrate,Gallium Ga-68,citrate,2,salt/ester rollup: 'Gallium Ga-68 citrate' -> 'Gallium Ga-68' (citrate)
ent_021283,ent_020106,paracetamol|codeine phosphate,Paracetamol|Codeine,phosphate,1,salt/ester rollup: 'paracetamol|codeine phosphate' -> 'Paracetamol|Codeine' (phosphate)
