alias_clean,substance_clean,alias_type,source
vumerity,diroximel fumarate (biib098),ema_product_name,epar
hyftor,sirolimus,ema_product_name,epar
tenkasi (previously orbactiv),oritavancin (diphosphate),ema_product_name,epar
docetaxel kabi,docetaxel,ema_product_name,epar
synjardy,empagliflozin|metformin,ema_product_name,epar
zynlonta,loncastuximab tesirine,ema_product_name,epar
thiotepa riemser,thiotepa,ema_product_name,epar
neuraceq,florbetaben (18f),ema_product_name,epar
cholib,fenofibrate|simvastatin,ema_product_name,epar
mabthera,rituximab,ema_product_name,epar
abrysvo,"respiratory syncytial virus vaccine (bivalent, recombinant)",ema_product_name,epar
breyanzi,lisocabtagene maraleucel,ema_product_name,epar
idacio,adalimumab,ema_product_name,epar
firazyr,icatibant,ema_product_name,epar
tepkinly,epcoritamab,ema_product_name,epar
comirnaty,"single-stranded, 5'-capped messenger rna produced using a cell-free in vitro transcription from the corresponding dna templates, encoding the viral spike (s) protein of sars-cov-2",ema_product_name,epar
cibinqo,abrocitinib,ema_product_name,epar
ozawade,pitolisant,ema_product_name,epar
deqtynet,oxodotreotide,ema_product_name,epar
spikevax (previously covid-19 vaccine moderna),"single-stranded, 5'-capped messenger rna (mrna) produced using a cell-free in vitro transcription from the corresponding dna templates, encoding the viral spike (s) protein of sars-cov-2",ema_product_name,epar
wakix,pitolisant,ema_product_name,epar
degarelix accord,degarelix acetate,ema_product_name,epar
ninlaro,ixazomib citrate,ema_product_name,epar
nexpovio,selinexor,ema_product_name,epar
kyprolis,carfilzomib,ema_product_name,epar
rolufta ellipta (previously rolufta),umeclidinium bromide,ema_product_name,epar
humira,adalimumab,ema_product_name,epar
leqembi,lecanemab,ema_product_name,epar
arikayce liposomal,amikacin sulfate,ema_product_name,epar
signifor,pasireotide,ema_product_name,epar
iqirvo,elafibranor,ema_product_name,epar
caprelsa,vandetanib,ema_product_name,epar
vantobra (previously tobramycin pari),tobramycin,ema_product_name,epar
kisqali,ribociclib succinate,ema_product_name,epar
loqtorzi,toripalimab,ema_product_name,epar
silapo,epoetin zeta,ema_product_name,epar
elmiron,pentosan polysulfate sodium,ema_product_name,epar
obodence,denosumab,ema_product_name,epar
bimervax,"covid-19 vaccine (recombinant, adjuvanted)",ema_product_name,epar
dzuveo,sufentanil citrate,ema_product_name,epar
vyxeos liposomal (previously vyxeos),daunorubicin hydrochloride|cytarabine,ema_product_name,epar
qinlock,ripretinib,ema_product_name,epar
somakit toc,edotreotide,ema_product_name,epar
orserdu,elacestrant,ema_product_name,epar
vitrakvi,larotrectinib sulfate,ema_product_name,epar
skyclarys,omaveloxolone,ema_product_name,epar
spinraza,nusinersen sodium,ema_product_name,epar
irbesartan hydrochlorothiazide zentiva (previously irbesartan hydrochlorothiazide winthrop),irbesartan|hydrochlorothiazide,ema_product_name,epar
leflunomide medac,leflunomide,ema_product_name,epar
twinrix adult,hepatitis a virus (inactivated)|hepatitis b surface antigen,ema_product_name,epar
orblid,bevacizumab,ema_product_name,epar
vabysmo,faricimab,ema_product_name,epar
clopidogrel zentiva (previously clopidogrel winthrop),clopidogrel,ema_product_name,epar
takhzyro,lanadelumab,ema_product_name,epar
lytenava,bevacizumab,ema_product_name,epar
opzelura,ruxolitinib,ema_product_name,epar
palsonify,paltusotine hydrochloride,ema_product_name,epar
ambirix,hepatitis a virus (inactivated)|hepatitis b surface antigen,ema_product_name,epar
twinrix paediatric,hepatitis a virus (inactivated)|hepatitis b surface antigen,ema_product_name,epar
svariya (previously rivaroxaban koanaa),rivaroxaban,ema_product_name,epar
iclusig,ponatinib,ema_product_name,epar
qoyvolma,ustekinumab,ema_product_name,epar
kaftrio,ivacaftor|tezacaftor|elexacaftor,ema_product_name,epar
multaq,dronedarone,ema_product_name,epar
aspaveli,pegcetacoplan,ema_product_name,epar
sylvant,siltuximab,ema_product_name,epar
privigen,human normal immunoglobulin (ivig),ema_product_name,epar
gilenya,fingolimod hydrochloride,ema_product_name,epar
xofigo,radium (223ra) dichloride,ema_product_name,epar
mayzent,siponimod fumaric acid,ema_product_name,epar
jascayd,nerandomilast,ema_product_name,epar
boey,trenibotulinumtoxine,ema_product_name,epar
leflunomide ratiopharm,leflunomide,ema_product_name,epar
hulio,adalimumab,ema_product_name,epar
pecfent,fentanyl,ema_product_name,epar
xtandi,enzalutamide,ema_product_name,epar
padcev,enfortumab vedotin,ema_product_name,epar
rxulti,brexpiprazole,ema_product_name,epar
itvisma,onasemnogene abeparvovec,ema_product_name,epar
trodelvy,sacituzumab govitecan,ema_product_name,epar
inflectra,infliximab,ema_product_name,epar
macitentan accord,macitentan,ema_product_name,epar
macitentan accordpharma,macitentan,ema_product_name,epar
irbesartan zentiva (previously irbesartan winthrop),irbesartan,ema_product_name,epar
cerdelga,eliglustat (tartrate),ema_product_name,epar
apixaban accord,apixaban,ema_product_name,epar
desloratadine teva,desloratadine,ema_product_name,epar
azacitidine adienne,azacitidine,ema_product_name,epar
cavoley,pegfilgrastim,ema_product_name,epar
evlarco,ezetimibe|obicetrapib hemicalcium,ema_product_name,epar
icotyde,icotrokinra hydrochloride,ema_product_name,epar
kemsu,ketamine hydrochloride|sufentanil citrate,ema_product_name,epar
lynavoy,linerixibat,ema_product_name,epar
lyrokaul,lerodalcibep,ema_product_name,epar
meplyffa,arimoclomol citrate,ema_product_name,epar
nezglyal,leriglitazone,ema_product_name,epar
qezzaqar,catequentinib dihydrochloride,ema_product_name,epar
susvimo,ranibizumab,ema_product_name,epar
ubeslo,obicetrapib hemicalcium,ema_product_name,epar
zokovea,ensitrelvir fumaric acid,ema_product_name,epar
kigabeq,vigabatrin,ema_product_name,epar
lumykras,sotorasib,ema_product_name,epar
orkambi,lumacaftor|ivacaftor,ema_product_name,epar
cometriq,cabozantinib,ema_product_name,epar
ryjunea,atropine sulfate,ema_product_name,epar
voriconazole accord,voriconazole,ema_product_name,epar
plerixafor accord,plerixafor,ema_product_name,epar
braftovi,encorafenib,ema_product_name,epar
zeffix,lamivudine,ema_product_name,epar
dimethyl fumarate mylan,dimethyl fumarate,ema_product_name,epar
nucala,mepolizumab,ema_product_name,epar
zonegran,zonisamide,ema_product_name,epar
voranigo,vorasidenib,ema_product_name,epar
ultomiris,ravulizumab,ema_product_name,epar
tecentriq,atezolizumab,ema_product_name,epar
darzalex,daratumumab,ema_product_name,epar
opdualag,nivolumab|relatlimab,ema_product_name,epar
lysakare,l-arginine hydrochloride|l-lysine hydrochloride,ema_product_name,epar
gobivaz,golimumab,ema_product_name,epar
metalyse,tenecteplase,ema_product_name,epar
lutathera,lutetium (177lu) oxodotreotide,ema_product_name,epar
fetcroja,cefiderocol sulfate tosilate,ema_product_name,epar
eltrombopag accord,eltrombopag olamine,ema_product_name,epar
etcamah,camizestrant,ema_product_name,epar
vfend,voriconazole,ema_product_name,epar
tolucombi,telmisartan|hydrochlorothiazide,ema_product_name,epar
fluenz,"influenza virus (live attenuated)|a|missouri|11|2025 (h1n1)pdm09 - like strain (a|switzerland|6849|2025, medi 400592)|a|darwin|1454|2025 (h3n2) - like strain (a|darwin|1369|2025, medi 406666)|b|tokyo|eis13-175|2025 - like strain (b|perth|115|2025, medi 407730)",ema_product_name,epar
enhertu,trastuzumab deruxtecan,ema_product_name,epar
retacrit,epoetin zeta,ema_product_name,epar
tafamidis accord,tafamidis,ema_product_name,epar
ruxolitinib viatris,ruxolitinib hemifumarate,ema_product_name,epar
ogsiveo,nirogacestat hydrobromide,ema_product_name,epar
riociguat accord,riociguat,ema_product_name,epar
pluvicto,lutetium (177lu) vipivotide tetraxetan,ema_product_name,epar
scemblix,asciminib hydrochloride,ema_product_name,epar
yondelis,trabectedin,ema_product_name,epar
intrarosa,prasterone,ema_product_name,epar
inaqovi,cedazuridine|decitabine,ema_product_name,epar
anzupgo,delgocitinib,ema_product_name,epar
kefdensis,denosumab,ema_product_name,epar
hukyndra,adalimumab,ema_product_name,epar
flucelvax,"a|missouri|11|2025 (h1n1)pdm09-like strain (a|tasmania|318|2025, cvr-351)|a|darwin|1415|2025 (h3n2)-like strain (a|tasmania|787|2025, cvr-388)|b|pennsylvania|14|2025-like strain (b|arizona|21|2025, wild type)",ema_product_name,epar
fluad,"type a (h1n1) strain|type a (h3n2) strain|type b strain|a|missouri|11|2025 (h1n1)pdm09-like strain (a|missouri|11|2025, ivr-279)|a|darwin|1454|2025 (h3n2)-like strain (a|michigan|105|2025, ivr-285)|b|tokyo|eis13-175|2025-like strain (b|tokyo|eis13-175|2025, wild type)",ema_product_name,epar
bexatil,bexagliflozin,ema_product_name,epar
inhixa,enoxaparin sodium,ema_product_name,epar
vaxneuvance,pneumococcal polysaccharide conjugate vaccine (adsorbed),ema_product_name,epar
zemcelpro,"allogeneic umbilical cord-derived cd34- cells, non-expanded|dorocubicel",ema_product_name,epar
elocta,efmoroctocog alfa,ema_product_name,epar
xeljanz,tofacitinib,ema_product_name,epar
benlysta,belimumab,ema_product_name,epar
hympavzi,marstacimab,ema_product_name,epar
xervyteg,"allogeneic faecal microbiota, pooled",ema_product_name,epar
rybrevant,amivantamab,ema_product_name,epar
saphnelo,anifrolumab,ema_product_name,epar
maviret,glecaprevir|pibrentasvir,ema_product_name,epar
paxneury,guanfacine hydrochloride,ema_product_name,epar
veyvondi,vonicog alfa,ema_product_name,epar
erbitux,cetuximab,ema_product_name,epar
yartemlea,narsoplimab,ema_product_name,epar
rinvoq,upadacitinib,ema_product_name,epar
rozlytrek,entrectinib,ema_product_name,epar
poulvac procerta hvt-nd,"turkey herpesvirus, strain hvt-nd (cell-associated), expressing the f protein gene of newcastle disease virus, live",ema_product_name,epar
ekterly,sebetralstat,ema_product_name,epar
qaialdo,spironolactone,ema_product_name,epar
tuznue,trastuzumab,ema_product_name,epar
hemgenix,etranacogene dezaparvovec,ema_product_name,epar
bildyos,denosumab,ema_product_name,epar
bilprevda,denosumab,ema_product_name,epar
dyrupeg,pegfilgrastim,ema_product_name,epar
zefylti,filgrastim,ema_product_name,epar
acvybra,denosumab,ema_product_name,epar
hetronifly,serplulimab,ema_product_name,epar
libmyris,adalimumab,ema_product_name,epar
kostaive,covid-19 sa-mrna vaccine,ema_product_name,epar
humalog,insulin lispro,ema_product_name,epar
abasaglar (previously abasria),insulin glargine,ema_product_name,epar
lyumjev (previously liumjev),insulin lispro,ema_product_name,epar
paxlovid,nirmatrelvir|ritonavir,ema_product_name,epar
venclyxto,venetoclax,ema_product_name,epar
natpar,parathyroid hormone,ema_product_name,epar
fendrix,hepatitis b surface antigen,ema_product_name,epar
esbriet,pirfenidone,ema_product_name,epar
neofordex,dexamethasone,ema_product_name,epar
vaxchora,"vibrio cholerae, strain cvd 103-hgr, live",ema_product_name,epar
bomyntra,denosumab,ema_product_name,epar
olazax,olanzapine,ema_product_name,epar
nobivac nxt hcpch,"chlamydia felis, strain baker, live|felid herpesvirus 1, strain g2620a, live|feline calicivirus (fcv), strain f9, live|feline panleucopenia virus (fpl), strain mw-1, live",ema_product_name,epar
nobivac nxt hcp,"felid herpesvirus 1, strain g2620a, live|feline calicivirus (fcv), strain f9, live|feline panleucopenia virus (fpl), strain mw-1, live",ema_product_name,epar
desloratadine actavis,desloratadine,ema_product_name,epar
nobivac nxt hc,"feline herpesvirus 1 (fhv), strain g2620a, live|feline calicivirus (fcv), strain f9, live",ema_product_name,epar
desloratadine ratiopharm,desloratadine,ema_product_name,epar
fycompa,perampanel,ema_product_name,epar
ozempic,semaglutide,ema_product_name,epar
infanrix hexa,"diphtheria toxoid|tetanus toxoid|bordetella pertussis antigens (pertussis toxoid, filamentous haemagglutinin, pertactin)|hepatitis b surface antigen|poliovirus (inactivated) (type-1 (mahoney strain), type-2 (mef-1 strain), type-3 (saukett strain))|haemophilus influenzae type b polysaccharide",ema_product_name,epar
menveo,"meningococcal group a, c, w-135 and y conjugate vaccine",ema_product_name,epar
zavesca,miglustat,ema_product_name,epar
ztalmy,ganaxolone,ema_product_name,epar
ryzneuta,efbemalenograstim alfa,ema_product_name,epar
adynovi,rurioctocog alfa pegol,ema_product_name,epar
cervarix,human papillomavirus1 type 16 l1 protein|human papillomavirus type 18 l1 protein,ema_product_name,epar
evenity,romosozumab,ema_product_name,epar
mircera,methoxy polyethylene glycol-epoetin beta,ema_product_name,epar
evkeeza,evinacumab,ema_product_name,epar
pyrukynd,mitapivat sulfate,ema_product_name,epar
locametz,gozetotide,ema_product_name,epar
ebixa,memantine hydrochloride,ema_product_name,epar
trazimera,trastuzumab,ema_product_name,epar
wyost,denosumab,ema_product_name,epar
mepsevii,vestronidase alfa,ema_product_name,epar
altuvoct,efanesoctocog alfa,ema_product_name,epar
tolura,telmisartan,ema_product_name,epar
fruzaqla,fruquintinib,ema_product_name,epar
ritonavir viatris (previously ritonavir mylan),ritonavir,ema_product_name,epar
sarclisa,isatuximab,ema_product_name,epar
ixchiq,"chikungunya virus, strain chikv lr2006-opy1, live attenuated",ema_product_name,epar
onpattro,patisiran sodium,ema_product_name,epar
abevmy,bevacizumab,ema_product_name,epar
telmisartan actavis,telmisartan,ema_product_name,epar
xolremdi,mavorixafor,ema_product_name,epar
calquence,acalabrutinib|acalabrutinib maleate,ema_product_name,epar
tysabri,natalizumab,ema_product_name,epar
alprolix,eftrenonacog alfa,ema_product_name,epar
rexatilux,ranibizumab,ema_product_name,epar
redemplo,plozasiran sodium,ema_product_name,epar
retsevmo,selpercatinib,ema_product_name,epar
pyzchiva,ustekinumab,ema_product_name,epar
opuviz,aflibercept,ema_product_name,epar
cejemly,sugemalimab,ema_product_name,epar
kesimpta,ofatumumab,ema_product_name,epar
lorviqua,lorlatinib,ema_product_name,epar
zegalogue,dasiglucagon hydrochloride,ema_product_name,epar
duvyzat,givinostat hydrochloride monohydrate,ema_product_name,epar
neorecormon,epoetin beta,ema_product_name,epar
advagraf,tacrolimus,ema_product_name,epar
aquipta,atogepant,ema_product_name,epar
suliqua,insulin glargine|lixisenatide,ema_product_name,epar
xofluza,baloxavir marboxil,ema_product_name,epar
trimbow,beclometasone dipropionate|formoterol fumarate dihydrate|glycopyrronium bromide,ema_product_name,epar
lunsumio,mosunetuzumab,ema_product_name,epar
alkindi,hydrocortisone,ema_product_name,epar
elaprase,idursulfase,ema_product_name,epar
ontozry,cenobamate,ema_product_name,epar
ondibta,insulin glargine,ema_product_name,epar
gotenfia,golimumab,ema_product_name,epar
eydenzelt,aflibercept,ema_product_name,epar
zypadhera,olanzapine pamoate,ema_product_name,epar
teriflunomide viatris (previously teriflunomide mylan),teriflunomide,ema_product_name,epar
koselugo,selumetinib sulfate,ema_product_name,epar
tenofovir disoproxil viatris (previously tenofovir disoproxil mylan),tenofovir disoproxil,ema_product_name,epar
noxafil,posaconazole,ema_product_name,epar
wezenla,ustekinumab,ema_product_name,epar
keytruda,pembrolizumab,ema_product_name,epar
mulpleo (previously lusutrombopag shionogi),lusutrombopag,ema_product_name,epar
erelzi,etanercept,ema_product_name,epar
stocrin,efavirenz,ema_product_name,epar
xgeva,denosumab,ema_product_name,epar
bopediat,furosemide,ema_product_name,epar
pelgraz,pegfilgrastim,ema_product_name,epar
doptelet,avatrombopag maleate,ema_product_name,epar
avtozma,tocilizumab,ema_product_name,epar
iloperidone vanda pharmaceuticals,iloperidone,ema_product_name,epar
ibuprofen gen.orph,ibuprofen,ema_product_name,epar
dazublys,trastuzumab,ema_product_name,epar
reyataz,atazanavir (as sulfate),ema_product_name,epar
rekovelle,follitropin delta,ema_product_name,epar
mirapexin,pramipexole dihydrochloride monohydrate,ema_product_name,epar
mounjaro,tirzepatide,ema_product_name,epar
daybu,trofinetide,ema_product_name,epar
aujemflu,"influenza virus surface antigens (haemagglutinin and neuraminidase) of the following strains: a|(h1n1), a|(h3n2), b|yamagata lineage, b|victoria lineage",ema_product_name,epar
denosumab ascend,denosumab,ema_product_name,epar
hopledo,carbidopa monohydrate|levodopa,ema_product_name,epar
nylaspeg,pegfilgrastim,ema_product_name,epar
onswik,insulin efsitora alfa,ema_product_name,epar
tacquell,"autologous melanoma-derived tumor infiltrating lymphocytes, ex vivo-expanded,",ema_product_name,epar
feraccru,ferric maltol,ema_product_name,epar
lojuxta,lomitapide,ema_product_name,epar
constella,linaclotide,ema_product_name,epar
trajenta,linagliptin,ema_product_name,epar
skyrizi,risankizumab,ema_product_name,epar
nintedanib accord,nintedanib,ema_product_name,epar
tezspire,tezepelumab,ema_product_name,epar
cenrifki,tolebrutinib,ema_product_name,epar
yervoy,ipilimumab,ema_product_name,epar
hemangiol,propranolol hydrochloride,ema_product_name,epar
evfraxy,denosumab,ema_product_name,epar
opdivo,nivolumab,ema_product_name,epar
balversa,erdafitinib,ema_product_name,epar
lynkuet,elinzanetant,ema_product_name,epar
qalsody,tofersen,ema_product_name,epar
tagrisso,osimertinib mesilate,ema_product_name,epar
ikervis,ciclosporin,ema_product_name,epar
pomalidomide accord,pomalidomide,ema_product_name,epar
epidyolex,cannabidiol,ema_product_name,epar
ahzantive,aflibercept,ema_product_name,epar
baiama,aflibercept,ema_product_name,epar
enzalutamide viatris,enzalutamide,ema_product_name,epar
palbociclib viatris,palbociclib,ema_product_name,epar
agamree,vamorolone,ema_product_name,epar
imdylltra,tarlatamab,ema_product_name,epar
adstiladrin,nadofaragene firadenovec,ema_product_name,epar
hexacima,hepatitis b surface antigen|diphtheria toxoid|bordetella pertussis antigens pertussis toxoid filamentous haemagglutinin|poliovirus (inactivated) type 1 (mahoney) type 2 (mef-1) type 3 (saukett)|haemophilus influenzae type b polysaccharide (polyribosylribitol phosphate) conjugated to tetanus protein|tetanus toxoid,ema_product_name,epar
hexyon,"filamentous haemagglutinin|haemophilus influenzae type b polysaccharide (polyribosylribitol phosphate)|hepatitis b surface antigen|pertussis toxoid|poliovirus (inactivated) type 1 (mahoney strain) produced on vero cells|poliovirus (inactivated) type 2 (mef-1 strain) produced on vero cells|poliovirus (inactivated) type 3 (saukett strain) produced on vero cells|tetanus protein|tetanus toxoid adsorbed on aluminium hydroxide, hydrated|diphtheria toxoid",ema_product_name,epar
kuvan,sapropterin dihydrochloride,ema_product_name,epar
nobivac nxt hcpchfelv,"feline herpesvirus 1 (fhv), strain g2620a, live|feline calicivirus (fcv), strain f9, live|feline panleucopenia virus (fpl), strain mw-1|chlamydia felis, strain baker, live|feline leukemia virus (felv) self-amplifying rna (sarna)-particle",ema_product_name,epar
scovella,velagliflozin,ema_product_name,epar
nobivac nxt hcpfelv,"feline herpesvirus 1 (fhv), strain g2620a, live|feline calicivirus (fcv), strain f9, live|feline panleucopenia virus (fpl), strain mw-1, live|feline leukemia virus (felv) self-amplifying rna (sarna)-particle",ema_product_name,epar
nobivac nxt felv,feline leukemia virus (felv) self-amplifying rna (sarna)-particle: 106.6 - 109.3 rp,ema_product_name,epar
semglee,insulin glargine,ema_product_name,epar
kadcyla,trastuzumab emtansine,ema_product_name,epar
ziihera,zanidatamab,ema_product_name,epar
startvac,"escherichia coli j5 inactivated|staphylococcus aureus (cp8) strain sp 140 inactivated, expressing slime-associated antigenic complex",ema_product_name,epar
lonquex,lipegfilgrastim,ema_product_name,epar
entyvio,vedolizumab,ema_product_name,epar
rimmyrah,ranibizumab,ema_product_name,epar
rezzayo,rezafungin,ema_product_name,epar
zolgensma,onasemnogene abeparvovec,ema_product_name,epar
grasustek,pegfilgrastim,ema_product_name,epar
tecovirimat siga,tecovirimat,ema_product_name,epar
sitagliptin / metformin hydrochloride mylan,sitagliptin hydrochloride monohydrate|metformin hydrochloride,ema_product_name,epar
tadalafil mylan,tadalafil,ema_product_name,epar
zutectra,human hepatitis b immunoglobulin,ema_product_name,epar
emtricitabine/tenofovir disoproxil mylan,emtricitabine|tenofovir disoproxil maleate,ema_product_name,epar
efavirenz/emtricitabine/tenofovir disoproxil mylan,efavirenz|emtricitabine|tenofovir disoproxil maleate,ema_product_name,epar
sugammadex mylan,sugammadex sodium,ema_product_name,epar
lenalidomide mylan,lenalidomide,ema_product_name,epar
fulvestrant mylan,fulvestrant,ema_product_name,epar
amlodipine / valsartan mylan,amlodipine besilate|valsartan,ema_product_name,epar
fingolimod mylan,fingolimod,ema_product_name,epar
deferasirox mylan,deferasirox,ema_product_name,epar
azacitidine mylan,azacitidine,ema_product_name,epar
posaconazole accord,posaconazole,ema_product_name,epar
anktiva,nogapendekin alfa inbakicept,ema_product_name,epar
tenofovir disoproxil zentiva,tenofovir disoproxil phosphate,ema_product_name,epar
brineura,cerliponase alfa,ema_product_name,epar
duoplavin,clopidogrel|acetylsalicylic acid,ema_product_name,epar
livtencity,maribavir,ema_product_name,epar
voxzogo,vosoritide,ema_product_name,epar
qtern,saxagliptin|dapagliflozin propanediol monohydrate,ema_product_name,epar
edistride,dapagliflozin propanediol monohydrate,ema_product_name,epar
forxiga,dapagliflozin propanediol monohydrate,ema_product_name,epar
byannli (previously paliperidone janssen-cilag international),paliperidone palmitate,ema_product_name,epar
oczyesa,octreotide hydrochloride,ema_product_name,epar
vargatef,nintedanib,ema_product_name,epar
crysvita,burosumab,ema_product_name,epar
jemperli,dostarlimab,ema_product_name,epar
zejula,niraparib (tosilate monohydrate),ema_product_name,epar
slenyto,melatonin,ema_product_name,epar
upstaza,eladocagene exuparvovec,ema_product_name,epar
bysumlog,insulin lispro,ema_product_name,epar
dovprela (previously pretomanid fgk),pretomanid,ema_product_name,epar
scintimun,besilesomab,ema_product_name,epar
kineret,anakinra,ema_product_name,epar
orphacol,cholic acid,ema_product_name,epar
efmody,hydrocortisone,ema_product_name,epar
omjjara,momelotinib dihydrochloride monohydrate,ema_product_name,epar
yescarta,axicabtagene ciloleucel,ema_product_name,epar
alecensa,alectinib hydrochloride,ema_product_name,epar
vyjuvek,beremagene geperpavec,ema_product_name,epar
xolair,omalizumab,ema_product_name,epar
fintepla,fenfluramine hydrochloride,ema_product_name,epar
jentadueto,linagliptin|metformin,ema_product_name,epar
zarzio,filgrastim,ema_product_name,epar
ebymect,dapagliflozin propanediol monohydrate|metformin hydrochloride,ema_product_name,epar
xigduo,metformin hydrochloride|dapagliflozin propanediol monohydrate,ema_product_name,epar
dasselta,desloratadine,ema_product_name,epar
hyqvia,human normal immunoglobulin,ema_product_name,epar
cellcept,mycophenolate mofetil,ema_product_name,epar
opsumit,macitentan,ema_product_name,epar
tivdak,tisotumab vedotin,ema_product_name,epar
insulin aspart injection,insulin aspart,ema_product_name,epar
tegsedi,inotersen sodium,ema_product_name,epar
nugalviq,govorestat,ema_product_name,epar
rapamune,sirolimus,ema_product_name,epar
rotarix,"human rotavirus, live attenuated",ema_product_name,epar
enflonsia,clesrovimab,ema_product_name,epar
ameluz,5-aminolevulinic acid hydrochloride,ema_product_name,epar
xeplion,paliperidone palmitate,ema_product_name,epar
namuscla,mexiletine hydrochloride,ema_product_name,epar
lynparza,olaparib,ema_product_name,epar
sotyktu,deucravacitinib,ema_product_name,epar
sirturo,bedaquiline fumarate,ema_product_name,epar
vyndaqel,tafamidis,ema_product_name,epar
nexium control,esomeprazole,ema_product_name,epar
theralugand,lutetium (177lu) chloride,ema_product_name,epar
pazenir,paclitaxel,ema_product_name,epar
zandoriah,teriparatide,ema_product_name,epar
akynzeo,netupitant|palonosetron hydrochloride,ema_product_name,epar
emadine,emedastine difumarate,ema_product_name,epar
jinarc,tolvaptan,ema_product_name,epar
capvaxive,"pneumococcal polysaccharide serotype 3, 6a, 7f, 8, 9n, 10a, 11a, 12f, 15a, 15b de-o-acetylated, 16f, 17f, 19a, 20a, 22f, 23a, 23b, 24f, 31, 33f and 35b conjugated to crm197 carrier protein",ema_product_name,epar
zepzelca,lurbinectedin,ema_product_name,epar
lopinavir/ritonavir viatris (previously ritonavir mylan),lopinavir|ritonavir,ema_product_name,epar
eurneffy,epinephrine,ema_product_name,epar
nemluvio,nemolizumab,ema_product_name,epar
carvykti,ciltacabtagene autoleucel,ema_product_name,epar
imatinib accord,imatinib,ema_product_name,epar
kapruvia,difelikefalin,ema_product_name,epar
optison,perflutren,ema_product_name,epar
ranluspec,ranibizumab,ema_product_name,epar
ozurdex,dexamethasone,ema_product_name,epar
vyepti,eptinezumab,ema_product_name,epar
pomalidomide teva,pomalidomide,ema_product_name,epar
camcevi,leuprorelin mesilate,ema_product_name,epar
joenja,leniolisib phosphate,ema_product_name,epar
beromun,tasonermin,ema_product_name,epar
verzenios,abemaciclib,ema_product_name,epar
qdenga,"dengue virus, serotype 2, expressing dengue virus, serotype 1, surface proteins, live, attenuated|dengue virus, serotype 2, expressing dengue virus, serotype 3, surface proteins, live, attenuated|dengue virus, serotype 2, expressing dengue virus, serotype 4, surface proteins, live, attenuated|dengue virus, serotype 2, live, attenuated",ema_product_name,epar
sunosi,solriamfetol hydrochloride,ema_product_name,epar
xenleta,lefamulin acetate,ema_product_name,epar
poherdy,pertuzumab,ema_product_name,epar
yesintek,ustekinumab,ema_product_name,epar
cablivi,caplacizumab,ema_product_name,epar
tevimbra,tislelizumab,ema_product_name,epar
otulfi,ustekinumab,ema_product_name,epar
polivy,polatuzumab vedotin,ema_product_name,epar
rezdiffra,resmetirom,ema_product_name,epar
trumenba,neisseria meningitidis serogroup b fhbp (recombinant lipidated fhbp (factor h binding protein)) subfamily a|neisseria meningitidis serogroup b fhbp (recombinant lipidated fhbp (factor h binding protein)) subfamily b,ema_product_name,epar
imcivree,setmelanotide,ema_product_name,epar
pomalidomide zentiva,pomalidomide,ema_product_name,epar
ucedane,carglumic acid,ema_product_name,epar
adempas,riociguat,ema_product_name,epar
uplizna,inebilizumab,ema_product_name,epar
piasky,crovalimab,ema_product_name,epar
yttriga,yttrium (90y) chloride,ema_product_name,epar
yuvanci,macitentan|tadalafil,ema_product_name,epar
mekinist,trametinib,ema_product_name,epar
sephience,sepiapterin,ema_product_name,epar
jubereq,denosumab,ema_product_name,epar
colchicine agepha pharma,colchicine,ema_product_name,epar
ablymico,liraglutide,ema_product_name,epar
liraglutide stada,liraglutide,ema_product_name,epar
veblocema,infliximab,ema_product_name,epar
vijoice,alpelisib,ema_product_name,epar
vislyfa,ranibizumab,ema_product_name,epar
zoledronic acid teva,zoledronic acid,ema_product_name,epar
exjade,deferasirox,ema_product_name,epar
ceprotin,human protein c,ema_product_name,epar
ruconest,recombinant human c1-inhibitor,ema_product_name,epar
ryeqo,relugolix|norethisterone acetate|estradiol hemihydrate,ema_product_name,epar
mimpara,cinacalcet hydrochloride,ema_product_name,epar
dazparda,insulin aspart,ema_product_name,epar
arava,leflunomide,ema_product_name,epar
synflorix,pneumococcal polysaccharide serotype 23f|pneumococcal polysaccharide serotype 4|pneumococcal polysaccharide serotype 5|pneumococcal polysaccharide serotype 6b|pneumococcal polysaccharide serotype 7f|pneumococcal polysaccharide serotype 9v|pneumococcal polysaccharide serotype 1|pneumococcal polysaccharide serotype 14|pneumococcal polysaccharide serotype 18c|pneumococcal polysaccharide serotype 19f,ema_product_name,epar
tecartus,autologous peripheral blood t cells cd4 and cd8 selected and cd3 and cd28 activated transduced with retroviral vector expressing anti-cd19 cd28|cd3-zeta chimeric antigen receptor and cultured (brexucabtagene autoleucel),ema_product_name,epar
cimzia,certolizumab pegol,ema_product_name,epar
tafinlar,dabrafenib mesilate,ema_product_name,epar
spexotras,trametinib dimethyl sulfoxide,ema_product_name,epar
procysbi,mercaptamine bitartrate,ema_product_name,epar
zoledronic acid medac,zoledronic acid monohydrate,ema_product_name,epar
ibrance,palbociclib,ema_product_name,epar
besponsa,inotuzumab ozogamicin,ema_product_name,epar
zercepac,trastuzumab,ema_product_name,epar
imfinzi,durvalumab,ema_product_name,epar
usrenty,ustekinumab,ema_product_name,epar
sapropterin dipharma,sapropterin dihydrochloride,ema_product_name,epar
imvanex,modified vaccinia ankara - bavarian nordic (mva-bn) virus,ema_product_name,epar
lucentis,ranibizumab,ema_product_name,epar
endolucinbeta,lutetium (177lu) chloride,ema_product_name,epar
rivastigmine 1 a pharma,rivastigmine,ema_product_name,epar
rivastigmine hexal,rivastigmine,ema_product_name,epar
ezmekly,mirdametinib,ema_product_name,epar
xbonzy,denosumab,ema_product_name,epar
evrenzo,roxadustat,ema_product_name,epar
olazax disperzi,olanzapine,ema_product_name,epar
zoledronic acid actavis,zoledronic acid monohydrate,ema_product_name,epar
zoledronic acid hospira,zoledronic acid monohydrate,ema_product_name,epar
emepax,maropitant,ema_product_name,epar
avigate s. infantis,"salmonella enterica, subsp. enterica, serovar infantis, strain j-6-24 δcpxra δlon1, live",ema_product_name,epar
veroblue-3,"bluetongue virus, serotype 3, vp2 protein",ema_product_name,epar
tobi podhaler,tobramycin,ema_product_name,epar
imuldosa,ustekinumab,ema_product_name,epar
omlyclo,omalizumab,ema_product_name,epar
exdensur,depemokimab,ema_product_name,epar
amglidia,glibenclamide,ema_product_name,epar
giotrif,afatinib,ema_product_name,epar
orencia,abatacept,ema_product_name,epar
denbrayce,denosumab,ema_product_name,epar
ojemda,tovorafenib,ema_product_name,epar
olanzapine glenmark europe,olanzapine,ema_product_name,epar
olanzapine glenmark,olanzapine,ema_product_name,epar
elebrato ellipta,fluticasone furoate|umeclidinium bromide|vilanterol trifenatate,ema_product_name,epar
trelegy ellipta,fluticasone furoate|umeclidinium bromide|vilanterol trifenatate,ema_product_name,epar
remsima,infliximab,ema_product_name,epar
pandemic influenza vaccine h5n1 astrazeneca (previously pandemic influenza vaccine h5n1 medimmune),reassortant influenza virus (live attenuated) of the following strain: a|vietnam|1203|2004 (h5n1) strain,ema_product_name,epar
genvoya,elvitegravir|cobicistat|emtricitabine|tenofovir alafenamide,ema_product_name,epar
ixiaro,"japanese-encephalitis virus, inactivated (attenuated strain sa14-14-2 grown in vero cells)",ema_product_name,epar
gardasil 9,"human papillomavirus vaccine [types 6, 11, 16, 18, 31, 33, 45, 52, 58] (recombinant, adsorbed)",ema_product_name,epar
loargys,pegzilarginase,ema_product_name,epar
bimzelx,bimekizumab,ema_product_name,epar
teduglutide viatris,teduglutide,ema_product_name,epar
bylvay,odevixibat,ema_product_name,epar
strimvelis,autologous cd34+ enriched cell fraction that contains cd34+ cells transduced with retroviral vector that encodes for the human adenosine deaminase (ada) cdna sequence from human haematopoietic stem|progenitor (cd34+) cells,ema_product_name,epar
latuda,lurasidone,ema_product_name,epar
talmanco (previously tadalafil generics),tadalafil,ema_product_name,epar
rivaroxaban viatris (previously rivaroxaban mylan),rivaroxaban,ema_product_name,epar
itovebi,inavolisib,ema_product_name,epar
pregabalin viatris (previously pregabalin mylan),pregabalin,ema_product_name,epar
pomalidomide viatris,pomalidomide,ema_product_name,epar
emtricitabine / rilpivirine / tenofovir alafenamide viatris,emtricitabine|rilpivirine hydrochloride|tenofovir alafenamide fumarate,ema_product_name,epar
nintedanib viatris,nintedanib,ema_product_name,epar
kanjinti,trastuzumab,ema_product_name,epar
teizeild,teplizumab,ema_product_name,epar
dupixent,dupilumab,ema_product_name,epar
mysildecard,sildenafil,ema_product_name,epar
febuxostat viatris (previously febuxostat mylan),febuxostat,ema_product_name,epar
entecavir viatris (previously entecavir mylan),entecavir monohydrate,ema_product_name,epar
eltrombopag viatris,eltrombopag olamine,ema_product_name,epar
duloxetine viatris (previously duloxetine mylan),duloxetine,ema_product_name,epar
darunavir viatris (previously darunavir mylan),darunavir,ema_product_name,epar
ibandronic acid sandoz,ibandronic acid,ema_product_name,epar
dapagliflozin viatris,dapagliflozin,ema_product_name,epar
cinacalcet viatris (previously cinacalcet mylan),cinacalcet hydrochloride,ema_product_name,epar
rapilysin,reteplase,ema_product_name,epar
afiveg,aflibercept,ema_product_name,epar
ambrisentan viatris (previously ambrisentan mylan),ambrisentan,ema_product_name,epar
atazanavir viatris (previously atazanavir mylan),atazanavir (as sulfate),ema_product_name,epar
ilumetri,tildrakizumab,ema_product_name,epar
comtan,entacapone,ema_product_name,epar
arixtra,fondaparinux sodium,ema_product_name,epar
uzpruvo,ustekinumab,ema_product_name,epar
beovu,brolucizumab,ema_product_name,epar
truvelog mix 30,insulin aspart,ema_product_name,epar
olumiant,baricitinib,ema_product_name,epar
kerendia,finerenone,ema_product_name,epar
oncaspar,pegaspargase,ema_product_name,epar
usgena,ustekinumab,ema_product_name,epar
integrilin,eptifibatide,ema_product_name,epar
korjuny,catumaxomab,ema_product_name,epar
truqap,capivasertib,ema_product_name,epar
ifirmasta (previously irbesartan krka),irbesartan hydrochloride,ema_product_name,epar
rhapsido,remibrutinib,ema_product_name,epar
onerji,levodopa|carbidopa,ema_product_name,epar
ilaris,canakinumab,ema_product_name,epar
mvabea,recombinant modified vaccinia ankara bavarian nordic virus encoding the: ebola virus zaire (zebov) mayinga strain glycoprotein (gp)|ebola virus sudan gulu strain gp|ebola virus taï forest strain nucleoprotein and the marburg virus musoke strain gp,ema_product_name,epar
zabdeno,recombinant adenovirus type 26 (ad26) encoding the glycoprotein (gp) of the ebola virus zaire (zebov) mayinga strain,ema_product_name,epar
qutenza,capsaicin,ema_product_name,epar
rivastigmine sandoz,rivastigmine,ema_product_name,epar
yeytuo,lenacapavir sodium,ema_product_name,epar
mcombriax,"single-stranded, 5'-capped messenger rnas (mrnas) produced using a cell-free in vitro transcription from the corresponding dna template, encoding seasonal influenza haemagglutinin (ha) glycoproteins: a|h1n1, a|h3n2, b|victoria",ema_product_name,epar
mresvia,single-stranded 5' capped mrna encoding the respiratory syncytial virus glycoprotein f stabilised in the prefusion conformation,ema_product_name,epar
xromi,hydroxycarbamide,ema_product_name,epar
siklos,hydroxycarbamide,ema_product_name,epar
micardis,telmisartan,ema_product_name,epar
micardisplus,telmisartan|hydrochlorothiazide,ema_product_name,epar
perjeta,pertuzumab,ema_product_name,epar
besremi,ropeginterferon alfa-2b,ema_product_name,epar
beyfortus,nirsevimab,ema_product_name,epar
advate,octocog alfa,ema_product_name,epar
caelyx pegylated liposomal,doxorubicin hydrochloride,ema_product_name,epar
stelara,ustekinumab,ema_product_name,epar
striascan,ioflupane (123l),ema_product_name,epar
viokat,diazoxide choline,ema_product_name,epar
vysribli (previously denosumab intas),denosumab,ema_product_name,epar
terrosa,teriparatide,ema_product_name,epar
kinpeygo,"budesonide, micronised",ema_product_name,epar
jayempi,azathioprine,ema_product_name,epar
aptivus,tipranavir,ema_product_name,epar
praxbind,idarucizumab,ema_product_name,epar
zilbrysq,zilucoplan,ema_product_name,epar
nulojix,belatacept,ema_product_name,epar
taltz,ixekizumab,ema_product_name,epar
amgevita,adalimumab,ema_product_name,epar
movymia,teriparatide,ema_product_name,epar
volibris,ambrisentan,ema_product_name,epar
dabigatran etexilate accord,dabigatran etexilate mesilate,ema_product_name,epar
erleada,apalutamide,ema_product_name,epar
rybelsus,semaglutide,ema_product_name,epar
verquvo,vericiguat,ema_product_name,epar
veoza,fezolinetant,ema_product_name,epar
arsenic trioxide medac,arsenic trioxide,ema_product_name,epar
evrysdi,risdiplam,ema_product_name,epar
ferriprox,deferiprone,ema_product_name,epar
roteas,edoxaban tosilate,ema_product_name,epar
lixiana,edoxaban tosilate,ema_product_name,epar
aclasta,zoledronic acid,ema_product_name,epar
tepmetko,tepotinib hydrochloride monohydrate,ema_product_name,epar
rezurock,belumosudil mesilate,ema_product_name,epar
livmarli,maralixibat chloride,ema_product_name,epar
atriance,nelarabine,ema_product_name,epar
steqeyma,ustekinumab,ema_product_name,epar
zolsketil pegylated liposomal,"doxorubicin hydrochloride, liposomal",ema_product_name,epar
emtricitabine / tenofovir alafenamide viatris,emtricitabine|tenofovir alafenamide fumarate,ema_product_name,epar
ocrevus,ocrelizumab,ema_product_name,epar
icatibant accord,icatibant acetate,ema_product_name,epar
myqorzo,aficamten,ema_product_name,epar
kygevvi,doxecitine|doxribtimine,ema_product_name,epar
prialt,ziconotide,ema_product_name,epar
jorveza,budesonide,ema_product_name,epar
bortezomib hospira,bortezomib,ema_product_name,epar
bluevac btv (previously bluevac btv8),bluetongue virus vaccine serotypes 1 or 4 or 8 [inactivated],ema_product_name,epar
spevigo,spesolimab,ema_product_name,epar
pavblu,aflibercept,ema_product_name,epar
aripiprazole sandoz,aripiprazole,ema_product_name,epar
mysimba,bupropion hydrochloride|naltrexone hydrochloride,ema_product_name,epar
equidormin,midazolam,ema_product_name,epar
mycophenolate mofetil teva,mycophenolate mofetil,ema_product_name,epar
myfenax,mycophenolate mofetil,ema_product_name,epar
mynzepli,aflibercept,ema_product_name,epar
myclausen,mycophenolate mofetil,ema_product_name,epar
sorafenib accord,sorafenib tosilate,ema_product_name,epar
kayshild,semaglutide,ema_product_name,epar
fylrevy,estetrol monohydrate,ema_product_name,epar
copiktra,duvelisib,ema_product_name,epar
sibnayal,potassium citrate monohydrated|potassium hydrogen carbonate,ema_product_name,epar
supemtek,a|california|07|2009 (h1n1)pdm09-like strain (a|california|07|2009)|a|texas|50|2012 (h3n2)-like strain (a|texas|50|2012)|b|brisbane|60|2008-like strain (b|brisbane|60|2008),ema_product_name,epar
blenrep,belantamab mafodotin,ema_product_name,epar
yellox,bromfenac sodium sesquihydrate,ema_product_name,epar
rebif,interferon beta-1a,ema_product_name,epar
aripiprazole zentiva,aripiprazole,ema_product_name,epar
poteligeo,mogamulizumab,ema_product_name,epar
viramune,nevirapine,ema_product_name,epar
neupro,rotigotine,ema_product_name,epar
kavigale,sipavibart,ema_product_name,epar
aerinaze,desloratadine|pseudophedrine sulfate,ema_product_name,epar
zokinvy,lonafarnib,ema_product_name,epar
keppra,levetiracetam,ema_product_name,epar
ilumira,lutetium (177lu) chloride,ema_product_name,epar
roactemra,tocilizumab,ema_product_name,epar
eliquis,apixaban,ema_product_name,epar
elfabrio,pegunigalsidase alfa,ema_product_name,epar
topotecan hospira,topotecan,ema_product_name,epar
vaxelis,"diphtheria toxoid|tetanus toxoid|bordetella pertussis antigens: pertussis toxoid, filamentous haemagglutinin, pertactin, fimbriae types 2 and 3|hepatitis b surface antigen produced in yeast cells|poliovirus (inactivated): type 1 (mahoney), type 2 (mef-1), type 3 (saukett) produced in vero cells|haemophilus influenzae type b polysaccharide (polyribosylribitol phosphate) conjugated to meningococcal protein.",ema_product_name,epar
zoledronic acid mylan,zoledronic acid,ema_product_name,epar
hepcludex,bulevirtide acetate,ema_product_name,epar
cinacalcet accordpharma,cinacalcet hydrochloride,ema_product_name,epar
brilique,ticagrelor,ema_product_name,epar
finlee,dabrafenib mesilate,ema_product_name,epar
alyftrek,deutivacaftor|tezacaftor|vanzacaftor calcium dihydrate,ema_product_name,epar
glyxambi,empagliflozin|linagliptin,ema_product_name,epar
increlex,mecasermin,ema_product_name,epar
wegovy,semaglutide,ema_product_name,epar
atazanavir krka,atazanavir (as sulfate),ema_product_name,epar
ziextenzo,pegfilgrastim,ema_product_name,epar
vevzuo,denosumab,ema_product_name,epar
blarcamesine anavex,blarcamesine hydrochloride,ema_product_name,epar
kisplyx,lenvatinib mesilate,ema_product_name,epar
lenvima,lenvatinib mesilate,ema_product_name,epar
lazcluze,lazertinib mesilate monohydrate,ema_product_name,epar
axumin,fluciclovine (18f),ema_product_name,epar
lyrica,pregabalin,ema_product_name,epar
zirabev,bevacizumab,ema_product_name,epar
bemfola,follitropin alfa,ema_product_name,epar
tepezza,teprotumumab,ema_product_name,epar
trabectedin accord,trabectedin,ema_product_name,epar
bortezomib accord,bortezomib,ema_product_name,epar
stivarga,regorafenib,ema_product_name,epar
kanuma,sebelipase alfa,ema_product_name,epar
menquadfi,neisseria meningitidis group c polysaccharide conjugated to tetanus toxoid|neisseria meningitidis group a polysaccharide conjugated to tetanus toxoid|neisseria meningitidis group y polysaccharide conjugated to tetanus toxoid|neisseria meningitidis group w-135 polysaccharide conjugated to tetanus toxoid,ema_product_name,epar
vafseo,vadadustat,ema_product_name,epar
artesunate amivas,artesunate,ema_product_name,epar
roclanda,latanoprost|netarsudil mesilate,ema_product_name,epar
jardiance,empagliflozin,ema_product_name,epar
velphoro,sucroferric oxyhydroxide,ema_product_name,epar
zynyz,retifanlimab,ema_product_name,epar
shingrix,recombinant varicella zoster virus glycoprotein e,ema_product_name,epar
sondelbay,teriparatide,ema_product_name,epar
vaborem,meropenem trihydrate|vaborbactam,ema_product_name,epar
waylivra,volanesorsen sodium,ema_product_name,epar
cunitraxx,fenbendazole,ema_product_name,epar
ebglyss,lebrikizumab,ema_product_name,epar
adcetris,brentuximab vedotin,ema_product_name,epar
sonovue,sulphur hexafluoride,ema_product_name,epar
osenvelt,denosumab,ema_product_name,epar
aerius,desloratadine,ema_product_name,epar
neoclarityn,desloratadine,ema_product_name,epar
deltyba,delamanid,ema_product_name,epar
strensiq,asfotase alfa,ema_product_name,epar
cegfila (previously pegfilgrastim mundipharma),pegfilgrastim,ema_product_name,epar
pelmeg,pegfilgrastim,ema_product_name,epar
gohibic,vilobelimab,ema_product_name,epar
gazyvaro,obinutuzumab,ema_product_name,epar
plegridy,peginterferon beta-1a,ema_product_name,epar
pemazyre,pemigatinib,ema_product_name,epar
akeega,abiraterone acetate|niraparib (tosilate monohydrate),ema_product_name,epar
trydonis,beclometasone dipropionate|formoterol fumarate dihydrate|glycopyrronium,ema_product_name,epar
pradaxa,dabigatran etexilate mesilate,ema_product_name,epar
vazkepa,icosapent ethyl,ema_product_name,epar
arsenic trioxide accord,arsenic trioxide,ema_product_name,epar
xerava,eravacycline,ema_product_name,epar
vizamyl,flutemetamol (18f),ema_product_name,epar
elucirem,gadopiclenol,ema_product_name,epar
vueway,gadopiclenol,ema_product_name,epar
lenalidomide krka (previously lenalidomide krka d.d. novo mesto),lenalidomide hydrochloride monohydrate,ema_product_name,epar
quviviq,daridorexant hydrochloride,ema_product_name,epar
vimpat,lacosamide,ema_product_name,epar
kirsty (previously kixelle),insulin aspart,ema_product_name,epar
lysodren,mitotane,ema_product_name,epar
ponvory,ponesimod,ema_product_name,epar
kengrexal,cangrelor,ema_product_name,epar
lydisilka,estetrol monohydrate|drospirenone,ema_product_name,epar
drovelis,drospirenone|estetrol monohydrate,ema_product_name,epar
amversio,betaine,ema_product_name,epar
cayston,aztreonam lysine,ema_product_name,epar
sprycel,dasatinib,ema_product_name,epar
tyruko,natalizumab,ema_product_name,epar
waskyra,genetically modified autologous cd34+ cell enriched population that contains haematopoietic stem and progenitor cells (hspc) transduced ex vivo using a lentiviral vector encoding the human wiskott-aldrich syndrome (was) gene,ema_product_name,epar
toujeo (previously optisulin),insulin glargine,ema_product_name,epar
apidra,insulin glulisine,ema_product_name,epar
vacpertagen,recombinant pertussis toxin|filamentous haemagglutinin,ema_product_name,epar
lantus,insulin glargine,ema_product_name,epar
insuman,insulin human,ema_product_name,epar
imatinib teva,imatinib,ema_product_name,epar
simponi,golimumab,ema_product_name,epar
eylea,aflibercept,ema_product_name,epar
mnexspike,"single-stranded, 5'-capped messenger rna (mrna) produced using a cell-free in vitro transcription from the corresponding dna template, encoding the n-terminal domain and receptor-binding domain of the viral spike (s) protein of sars-cov-2",ema_product_name,epar
otezla,apremilast,ema_product_name,epar
leqvio,inclisiran,ema_product_name,epar
xevudy,sotrovimab,ema_product_name,epar
afqlir,aflibercept,ema_product_name,epar
zeposia,ozanimod hydrochloride,ema_product_name,epar
vyloy,zolbetuximab,ema_product_name,epar
aqneursa,l-acetylleucine,ema_product_name,epar
lotilaner / milbemycin elanco,lotilaner|milbemycin oxime,ema_product_name,epar
nivestim,filgrastim,ema_product_name,epar
lamzede,velmanase alfa,ema_product_name,epar
fingolimod accord,fingolimod hydrochloride,ema_product_name,epar
rasilez,aliskiren,ema_product_name,epar
pylclari,piflufolastat (18f),ema_product_name,epar
herceptin,trastuzumab,ema_product_name,epar
azomyr,desloratadine,ema_product_name,epar
jeraygo,aprocitentan,ema_product_name,epar
zyprexa,olanzapine,ema_product_name,epar
aumseqa,aumolertinib mesilate,ema_product_name,epar
nustendi,bempedoic acid|ezetimibe,ema_product_name,epar
nilemdo,bempedoic acid,ema_product_name,epar
cabometyx,cabozantinib (s)-malate,ema_product_name,epar
zumrad,sasanlimab,ema_product_name,epar
flucelvax tetra,"a|wisconsin|67|2022 (h1n1)pdm09-like strain (a|georgia|12|2022, cvr-167) a|massachusetts|18|2022 (h3n2)-like strain (a|sydney|1304|2022, wild type) b|austria|1359417|2021-like strain (b|singapore|wuh4618|2021, wild type) b|phuket|3073|2013-like strain (b|singapore|inftt-16-0610|2016, wild type)",ema_product_name,epar
adenuric,febuxostat,ema_product_name,epar
sunlenca,lenacapavir sodium,ema_product_name,epar
fluad tetra,"a|victoria|4897|2022 (h1n1)pdm09-like strain (a|victoria|4897|2022, ivr-238)|a|thailand|8|2022 (h3n2)-like strain (a|thailand|8|2022 ivr-237)|b|austria|1359417|2021-like strain (b|austria|1359417|2021, bvr-26)|b|phuket|3073|2013-like strain (b|phuket|3073|2013, bvr-1b) influenza virus",ema_product_name,epar
conexxence,denosumab,ema_product_name,epar
kisunla,donanemab,ema_product_name,epar
revolade,eltrombopag,ema_product_name,epar
vydura,rimegepant,ema_product_name,epar
yesafili,aflibercept,ema_product_name,epar
orbyk ehd (previously epizootic haemorrhagic disease vaccine (recombinant protein) laboratorios syva s.a.),"epizootic hemorrhagic disease virus, serotype 8, vp2 protein",ema_product_name,epar
sycrest,asenapine maleate,ema_product_name,epar
daxas,roflumilast,ema_product_name,epar
datscan,ioflupane (123l),ema_product_name,epar
byooviz,ranibizumab,ema_product_name,epar
tibsovo,ivosidenib,ema_product_name,epar
vivlipeg,pegfilgrastim,ema_product_name,epar
exelon,rivastigmine,ema_product_name,epar
zoledronic acid accord,zoledronic acid monohydrate,ema_product_name,epar
teriflunomide accord,teriflunomide,ema_product_name,epar
eribulin baxter,eribulin mesylate,ema_product_name,epar
lenalidomide accord,lenalidomide,ema_product_name,epar
fymskina,ustekinumab,ema_product_name,epar
tepadina,thiotepa,ema_product_name,epar
inluriyo,imlunestrant tosilate,ema_product_name,epar
ogivri,trastuzumab,ema_product_name,epar
emblaveo,avibactam|aztreonam,ema_product_name,epar
dawnzera,donidalorsen,ema_product_name,epar
osqay,denosumab,ema_product_name,epar
palonosetron accord,palonosetron,ema_product_name,epar
lyvdelzi (previously seladelpar gilead),seladelpar lysine dihydrate,ema_product_name,epar
kevzara,sarilumab,ema_product_name,epar
casgevy,exagamglogene autotemcel,ema_product_name,epar
klisyri,tirbanibulin,ema_product_name,epar
nuvaxovid,sars cov-2 (original) recombinant spike protein|sars-cov-2 (omicron xbb.1.5) recombinant spike protein,ema_product_name,epar
uptravi,selexipag,ema_product_name,epar
adzynma,radamts13,ema_product_name,epar
enrylaze,crisantaspase,ema_product_name,epar
soliris,eculizumab,ema_product_name,epar
fulphila,pegfilgrastim,ema_product_name,epar
orladeyo,berotralstat dihydrochloride,ema_product_name,epar
epysqli,eculizumab,ema_product_name,epar
bronchitol,mannitol,ema_product_name,epar
trecondi,treosulfan,ema_product_name,epar
imbruvica,ibrutinib,ema_product_name,epar
dovato,dolutegravir sodium|lamivudine,ema_product_name,epar
luxturna,voretigene neparvovec,ema_product_name,epar
pregabalin zentiva,pregabalin,ema_product_name,epar
hefiya,adalimumab,ema_product_name,epar
enspryng,satralizumab,ema_product_name,epar
"vantavo (previously alendronate sodium and colecalciferol, msd)",alendronic acid|colecalciferol,ema_product_name,epar
palforzia,"defatted powder of arachis hypogaea l., semen (peanuts)",ema_product_name,epar
adrovance,colecalciferol|alendronic acid (as sodium trihydrate),ema_product_name,epar
foscan,temoporfin,ema_product_name,epar
fosavance,alendronic acid|colecalciferol,ema_product_name,epar
kyinsu,insulin icodec|semaglutide,ema_product_name,epar
imjudo,tremelimumab,ema_product_name,epar
steglatro,ertugliflozin l-pyroglutamic acid,ema_product_name,epar
romvimza,vimseltinib dihydrate,ema_product_name,epar
lumark,lutetium (177lu) chloride,ema_product_name,epar
winlevi,clascoterone,ema_product_name,epar
datroway,datopotamab deruxtecan,ema_product_name,epar
azopt,brinzolamide,ema_product_name,epar
xadago,safinamide methanesulfonate,ema_product_name,epar
helicobacter test infai,urea (13c),ema_product_name,epar
exforge hct,valsartan|hydrochlorothiazide|amlodipine besilate,ema_product_name,epar
alymsys,bevacizumab,ema_product_name,epar
dafiro hct,valsartan|hydrochlorothiazide|amlodipine besilate,ema_product_name,epar
copalia hct,amlodipine|valsartan|hydrochlorothiazide,ema_product_name,epar
rayvow,lasmiditan succinate,ema_product_name,epar
insulin aspart sanofi,insulin aspart,ema_product_name,epar
azarga,brinzolamide|timolol maleate,ema_product_name,epar
dasatinib accord healthcare,dasatinib monohydrate,ema_product_name,epar
vanflyta,quizartinib dihydrochloride,ema_product_name,epar
lyxumia,lixisenatide,ema_product_name,epar
yuflyma,adalimumab,ema_product_name,epar
duotrav,travoprost|timolol,ema_product_name,epar
avzivi,bevacizumab,ema_product_name,epar
tocilizumab stada (previously tofidence),tocilizumab,ema_product_name,epar
prevenar 13,pneumococcal polysaccharide serotype 1|pneumococcal polysaccharide serotype 3|pneumococcal polysaccharide serotype 4|pneumococcal polysaccharide serotype 5|pneumococcal polysaccharide serotype 6a|pneumococcal polysaccharide serotype 6b|pneumococcal polysaccharide serotype 7f|pneumococcal polysaccharide serotype 9v|pneumococcal polysaccharide serotype 14|pneumococcal polysaccharide serotype 18c|pneumococcal polysaccharide serotype 19a|pneumococcal polysaccharide serotype 19f|pneumococcal polysaccharide serotype 23f,ema_product_name,epar
sugammadex amomed,sugammadex sodium,ema_product_name,epar
imraldi,adalimumab,ema_product_name,epar
galliapharm,gallium (68ga) chloride|germanium (68ge) chloride,ema_product_name,epar
trisenox,arsenic trioxide,ema_product_name,epar
pemetrexed accord,pemetrexed disodium hemipentahydrate,ema_product_name,epar
scenesse,afamelanotide,ema_product_name,epar
trulicity,dulaglutide,ema_product_name,epar
zubsolv,buprenorphine hydrochloride|naloxone hydrochloride dihydrate,ema_product_name,epar
inomax,nitric oxide,ema_product_name,epar
insulin lispro sanofi,insulin lispro,ema_product_name,epar
zykadia,ceritinib,ema_product_name,epar
varenzin,molidustat sodium,ema_product_name,epar
heplisav b,hepatitis b surface antigen,ema_product_name,epar
biktarvy,bictegravir|emtricitabine|tenofovir alafenamide|fumarate,ema_product_name,epar
leflunomide zentiva (previously leflunomide winthrop),leflunomide,ema_product_name,epar
vegzelma,bevacizumab,ema_product_name,epar
oyavas,bevacizumab,ema_product_name,epar
aybintio,bevacizumab,ema_product_name,epar
herzuma,trastuzumab,ema_product_name,epar
dexdor,dexmedetomidine hydrochloride,ema_product_name,epar
vpriv,velaglucerase alfa,ema_product_name,epar
jaypirca,pirtobrutinib,ema_product_name,epar
tadalafil lilly,tadalafil,ema_product_name,epar
cialis,tadalafil,ema_product_name,epar
omvoh,mirikizumab,ema_product_name,epar
forsteo,teriparatide,ema_product_name,epar
emgality,galcanezumab,ema_product_name,epar
optruma,raloxifene hydrochloride,ema_product_name,epar
adcirca (previously tadalafil lilly),tadalafil,ema_product_name,epar
minjuvi,tafasitamab,ema_product_name,epar
cetrotide,cetrorelix (as acetate),ema_product_name,epar
avastin,bevacizumab,ema_product_name,epar
mvasi,bevacizumab,ema_product_name,epar
briviact (in italy: nubriveo),brivaracetam,ema_product_name,epar
wainzua,eplontersen sodium,ema_product_name,epar
levetiracetam actavis,levetiracetam,ema_product_name,epar
levetiracetam teva,levetiracetam,ema_product_name,epar
levetiracetam actavis group,levetiracetam,ema_product_name,epar
levetiracetam ratiopharm,levetiracetam,ema_product_name,epar
recarbrio,imipenem monohydrate|cilastatin sodium|relebactam monohydrate,ema_product_name,epar
enurev breezhaler,glycopyrronium bromide,ema_product_name,epar
tovanor breezhaler,glycopyrronium bromide,ema_product_name,epar
seebri breezhaler,glycopyrronium bromide,ema_product_name,epar
triumeq,dolutegravir sodium|lamivudine|abacavir (as sulfate),ema_product_name,epar
ronapreve,casirivimab|imdevimab,ema_product_name,epar
austedo,deutetrabenazine,ema_product_name,epar
nexviadyme,avalglucosidase alfa,ema_product_name,epar
travatan,travoprost,ema_product_name,epar
simbrinza,brinzolamide|brimonidine tartrate,ema_product_name,epar
nevanac,nepafenac,ema_product_name,epar
elahere,mirvetuximab soravtansine,ema_product_name,epar
aripiprazole mylan pharma (previously aripiprazole pharmathen),aripiprazole,ema_product_name,epar
vyvgart,efgartigimod alfa,ema_product_name,epar
ontruzant,trastuzumab,ema_product_name,epar
opatanol,olopatadine hydrochloride,ema_product_name,epar
erivedge,vismodegib,ema_product_name,epar
lacosamide adroiq,lacosamide,ema_product_name,epar
liprolog,insulin lispro,ema_product_name,epar
abraxane,paclitaxel,ema_product_name,epar
ponlimsi,denosumab,ema_product_name,epar
nyvepria,pegfilgrastim,ema_product_name,epar
libtayo,cemiplimab,ema_product_name,epar
imnovid (previously pomalidomide celgene),pomalidomide,ema_product_name,epar
hycamtin,topotecan,ema_product_name,epar
odomzo,sonidegib diphosphate,ema_product_name,epar
aflunov,influenza virus surface antigens (haemagglutinin and neuraminidase) of strain: a|turkey|turkey|1|05 (h5n1)-like strain (nibrg-23),ema_product_name,epar
daptomycin hospira,daptomycin,ema_product_name,epar
degevma,denosumab,ema_product_name,epar
abiraterone mylan,abiraterone acetate,ema_product_name,epar
xenpozyme,olipudase alfa,ema_product_name,epar
effentora,fentanyl,ema_product_name,epar
brintellix,vortioxetine,ema_product_name,epar
relistor,methylnaltrexone bromide,ema_product_name,epar
ziagen,abacavir,ema_product_name,epar
trizivir,abacavir (as sulfate)|lamivudine|zidovudine,ema_product_name,epar
kivexa,abacavir|lamivudine,ema_product_name,epar
aprovel,irbesartan,ema_product_name,epar
rystiggo,rozanolixizumab,ema_product_name,epar
sugammadex adroiq,sugammadex sodium,ema_product_name,epar
ervebo,"recombinant vesicular stomatitis virus (strain indiana) with a deletion of the envelope glycoprotein, replaced with the zaire ebolavirus (strain kikwit 1995) surface glycoprotein",ema_product_name,epar
elrexfio,elranatamab,ema_product_name,epar
intuniv,guanfacine hydrochloride,ema_product_name,epar
alimta,pemetrexed,ema_product_name,epar
xospata,gilteritinib fumarate,ema_product_name,epar
karvea,irbesartan,ema_product_name,epar
tauvid,flortaucipir (18f),ema_product_name,epar
cyramza,ramucirumab,ema_product_name,epar
amyvid,florbetapir (18f),ema_product_name,epar
abiraterone krka,abiraterone acetate,ema_product_name,epar
victoza,liraglutide,ema_product_name,epar
ifirmacombi,irbesartan|hydrochlorothiazide,ema_product_name,epar
irbesartan/hydrochlorothiazide teva,irbesartan|hydrochlorothiazide,ema_product_name,epar
pemetrexed pfizer (previously pemetrexed hospira),pemetrexed disodium|pemetrexed disodium hemipentahydrate,ema_product_name,epar
verkazia,ciclosporin,ema_product_name,epar
rhokiinsa,netarsudil,ema_product_name,epar
bekemv,eculizumab,ema_product_name,epar
blincyto,blinatumomab,ema_product_name,epar
roctavian,valoctocogene roxaparvovec,ema_product_name,epar
zvogra,denosumab,ema_product_name,epar
abiraterone accord,abiraterone acetate,ema_product_name,epar
stoboclo,denosumab,ema_product_name,epar
rydapt,midostaurin,ema_product_name,epar
aranesp,darbepoetin alfa,ema_product_name,epar
welireg,belzutifan,ema_product_name,epar
mavenclad,cladribine,ema_product_name,epar
inrebic,fedratinib dihydrochloride monohydrate,ema_product_name,epar
galenvita,germanium (68ge) chloride|gallium (68ga) chloride,ema_product_name,epar
voydeya,danicopan,ema_product_name,epar
entresto,sacubitril|valsartan,ema_product_name,epar
neparvis,sacubitril|valsartan,ema_product_name,epar
celsentri,maraviroc,ema_product_name,epar
bosulif,bosutinib (as monohydrate),ema_product_name,epar
abilify,aripiprazole,ema_product_name,epar
usymro,ustekinumab,ema_product_name,epar
tolvaptan accord,tolvaptan,ema_product_name,epar
onureg,azacitidine,ema_product_name,epar
praluent,alirocumab,ema_product_name,epar
ayvakyt,avapritinib,ema_product_name,epar
nurzigma,pridopidine hydrochloride,ema_product_name,epar
harvoni,ledipasvir|sofosbuvir,ema_product_name,epar
sovaldi,sofosbuvir,ema_product_name,epar
ecovaxxin ms,"mycoplasma synoviae, strain k588a, live",ema_product_name,epar
reagila,cariprazine hydrochloride,ema_product_name,epar
xalkori,crizotinib,ema_product_name,epar
cancidas (previously caspofungin msd),caspofungin (as acetate),ema_product_name,epar
wayrilz,rilzabrutinib,ema_product_name,epar
cabazitaxel accord,cabazitaxel,ema_product_name,epar
olanzapine viatris (previously olanzapine mylan),olanzapine,ema_product_name,epar
norvir,ritonavir,ema_product_name,epar
vaxxinact h5,"avian influenza virus, subtype h5, haemagglutinin (recombinant)",ema_product_name,epar
voraxaze,glucarpidase,ema_product_name,epar
tyverb,lapatinib,ema_product_name,epar
imlygic,talimogene laherparepvec,ema_product_name,epar
ofev,nintedanib,ema_product_name,epar
spedra,avanafil,ema_product_name,epar
veklury,remdesivir,ema_product_name,epar
voriconazole hikma (previously voriconazole hospira),voriconazole,ema_product_name,epar
levetiracetam sun,levetiracetam,ema_product_name,epar
jalra,vildagliptin,ema_product_name,epar
junod,denosumab,ema_product_name,epar
telzir,fosamprenavir calcium,ema_product_name,epar
granupas (previously para-aminosalicylic acid lucane),para-aminosalicylic acid,ema_product_name,epar
xiliarx,vildagliptin,ema_product_name,epar
tasigna,nilotinib,ema_product_name,epar
fabhalta,iptacopan hydrochloride monohydrate,ema_product_name,epar
attrogy,diflunisal,ema_product_name,epar
replagal,agalsidase alfa,ema_product_name,epar
tuzulby,methylphenidate hydrochloride,ema_product_name,epar
yargesa,miglustat,ema_product_name,epar
simulect,basiliximab,ema_product_name,epar
methylthioninium chloride proveblue,methylthioninium chloride,ema_product_name,epar
pirfenidone viatris,pirfenidone,ema_product_name,epar
puregon,follitropin beta,ema_product_name,epar
rotateq,rotavirus serotype g1|rotavirus serotype g2|rotavirus serotype g3|rotavirus serotype g4|rotavirus serotype p1,ema_product_name,epar
orgalutran,ganirelix,ema_product_name,epar
absimky,ustekinumab,ema_product_name,epar
cosentyx,secukinumab,ema_product_name,epar
mepact,mifamurtide,ema_product_name,epar
azacitidine kabi,azacitidine,ema_product_name,epar
invokana,canagliflozin,ema_product_name,epar
"adjupanrix (previously pandemic influenza vaccine (h5n1) (split virion, inactivated, adjuvanted) glaxosmithkline biologicals)","split influenza virus, inactivated, containing antigen: a|vietnam|1194|2004 (h5n1) like strain used (nibrg-14)",ema_product_name,epar
rapiscan,regadenoson,ema_product_name,epar
ngenla,somatrogon,ema_product_name,epar
matever,levetiracetam,ema_product_name,epar
seffalair spiromax,fluticasone propionate|salmeterol xinafoate,ema_product_name,epar
omforro,midazolam hydrochloride,ema_product_name,epar
ventavis,iloprost,ema_product_name,epar
cyanokit,hydroxocobalamin,ema_product_name,epar
libmeldy,atidarsagene autotemcel,ema_product_name,epar
coagadex,human coagulation factor x,ema_product_name,epar
remicade,infliximab,ema_product_name,epar
repatha,evolocumab,ema_product_name,epar
levetiracetam hospira,levetiracetam,ema_product_name,epar
clopidogrel viatris (previously clopidogrel taw pharma),clopidogrel besilate,ema_product_name,epar
synagis,palivizumab,ema_product_name,epar
imaavy,nipocalimab,ema_product_name,epar
prevymis,letermovir,ema_product_name,epar
afstyla,lonoctocog alfa,ema_product_name,epar
pifeltro,doravirine,ema_product_name,epar
hyrimoz,adalimumab,ema_product_name,epar
aimovig,erenumab,ema_product_name,epar
livogiva,teriparatide,ema_product_name,epar
kovaltry,octocog alfa,ema_product_name,epar
sirolimus triviumvet,sirolimus,ema_product_name,epar
rizmoic,naldemedine tosilate,ema_product_name,epar
carbaglu,carglumic acid,ema_product_name,epar
inbrija,levodopa,ema_product_name,epar
kimmtrak,tebentafusp,ema_product_name,epar
levetiracetam accord,levetiracetam,ema_product_name,epar
dacogen,decitabine,ema_product_name,epar
aubagio,teriflunomide,ema_product_name,epar
eviplera,emtricitabine|rilpivirine hydrochloride|tenofovir disoproxil fumarate,ema_product_name,epar
abecma,idecabtagene vicleucel,ema_product_name,epar
neulasta,pegfilgrastim,ema_product_name,epar
symkevi,tezacaftor|ivacaftor,ema_product_name,epar
xermelo,telotristat etiprate,ema_product_name,epar
filspari,sparsentan,ema_product_name,epar
lyfnua,gefapixant,ema_product_name,epar
eucreas,vildagliptin|metformin hydrochloride,ema_product_name,epar
ravicti,glycerol phenylbutyrate,ema_product_name,epar
icandra (previously vildagliptin / metformin hydrochloride novartis),vildagliptin|metformin hydrochloride,ema_product_name,epar
zomarist,vildagliptin|metformin hydrochloride,ema_product_name,epar
firocoxib cp-pharma,firocoxib,ema_product_name,epar
jivi,damoctocog alfa pegol,ema_product_name,epar
sogroya,somapacitan,ema_product_name,epar
dengvaxia,"chimeric yellow fever dengue virus serotype 1 (live, attenuated)|chimeric yellow fever dengue virus serotype 2 (live, attenuated)|chimeric yellow fever dengue virus serotype 3 (live, attenuated)|chimeric yellow fever dengue virus serotype 4 (live, attenuated)",ema_product_name,epar
brinsupri,brensocatib monohydrate,ema_product_name,epar
tuzodi,midazolam hydrochloride,ema_product_name,epar
hetlioz,tasimelteon,ema_product_name,epar
sunitinib accord,sunitinib,ema_product_name,epar
tryngolza,olezarsen sodium,ema_product_name,epar
baraclude,entecavir,ema_product_name,epar
delstrigo,doravirine|lamivudine|tenofovir disoproxil fumarate,ema_product_name,epar
incellipan,"influenza virus a|turkey|turkey|1|2005 (h5n1) nibrg-23 strain, ha surface antigen",ema_product_name,epar
nexobrid,proteolytic enzymes enriched in bromelain,ema_product_name,epar
protopic,tacrolimus,ema_product_name,epar
kaletra,lopinavir|ritonavir,ema_product_name,epar
pregabalin sandoz,pregabalin,ema_product_name,epar
izamby,denosumab,ema_product_name,epar
krazati,adagrasib,ema_product_name,epar
rasagiline viatris (previously rasagiline mylan),rasagiline tartrate,ema_product_name,epar
benepali,etanercept,ema_product_name,epar
xelevia,sitagliptin,ema_product_name,epar
cerezyme,imiglucerase,ema_product_name,epar
velmetia,sitagliptin|metformin hydrochloride,ema_product_name,epar
zinplava,bezlotoxumab,ema_product_name,epar
efficib,sitagliptin|metformin hydrochloride,ema_product_name,epar
tesavel,sitagliptin,ema_product_name,epar
hemosyvet,etamsylate,ema_product_name,epar
atropine sulfate fgk,atropine sulfate,ema_product_name,epar
byfavo,remimazolam besilate,ema_product_name,epar
talvey,talquetamab,ema_product_name,epar
memantine mylan,memantine hydrochloride,ema_product_name,epar
rolcya,denosumab,ema_product_name,epar
jubbonti,denosumab,ema_product_name,epar
librela,bedinvetmab,ema_product_name,epar
lenivia,izenivetmab,ema_product_name,epar
rubraca,rucaparib camsylate,ema_product_name,epar
celdoxome pegylated liposomal,doxorubicin hydrochloride,ema_product_name,epar
qarziba (previously dinutuximab beta eusa and dinutuximab beta apeiron),dinutuximab beta,ema_product_name,epar
hydrocortisone aguettant,hydrocortisone,ema_product_name,epar
refixia,nonacog beta pegol,ema_product_name,epar
vaxxitek hvt+ibd+h5,"turkey herpesvirus, strain rhvt-ibd-h5 (cell-associated), expressing the vp2 protein gene of infectious bursal disease virus and haemagglutinin gene of avian influenza virus subtype h5, live",ema_product_name,epar
tukysa,tucatinib,ema_product_name,epar
accofil,filgrastim,ema_product_name,epar
pedea,ibuprofen,ema_product_name,epar
brukinsa,zanubrutinib,ema_product_name,epar
lupkynis,voclosporin,ema_product_name,epar
reblozyl,luspatercept,ema_product_name,epar
hizentra,human normal immunoglobulin (scig),ema_product_name,epar
ebvallo,tabelecleucel,ema_product_name,epar
steglujan,ertugliflozin l-pyroglutamic acid|sitagliptin phosphate monohydrate,ema_product_name,epar
segluromet,ertugliflozin l-pyroglutamic acid|metformin hydrochloride,ema_product_name,epar
invanz,ertapenem sodium,ema_product_name,epar
obizur,susoctocog alfa,ema_product_name,epar
eiyzey,aflibercept,ema_product_name,epar
yselty,linzagolix choline,ema_product_name,epar
afinitor,everolimus,ema_product_name,epar
votubia,everolimus,ema_product_name,epar
xydalba,dalbavancin hydrochloride,ema_product_name,epar
atectura breezhaler,indacaterol acetate|mometasone furoate,ema_product_name,epar
enerzair breezhaler,indacaterol|glycopyrronium bromide|mometasone,ema_product_name,epar
dafiro,amlodipine|valsartan,ema_product_name,epar
copalia,valsartan|amlodipine (as amlodipine besilate),ema_product_name,epar
exforge,valsartan|amlodipine (as amlodipine besilate),ema_product_name,epar
descovy,emtricitabine|tenofovir alafenamide,ema_product_name,epar
viread,tenofovir disoproxil fumarate,ema_product_name,epar
hirobriz breezhaler,indacaterol maleate,ema_product_name,epar
oslif breezhaler,indacaterol maleate,ema_product_name,epar
onbrez breezhaler,indacaterol maleate,ema_product_name,epar
prevenar 20 (previously apexxnar),pneumococcal polysaccharide serotype 1|pneumococcal polysaccharide serotype 3|pneumococcal polysaccharide serotype 4|pneumococcal polysaccharide serotype 5|pneumococcal polysaccharide serotype 6a|pneumococcal polysaccharide serotype 6b|pneumococcal polysaccharide serotype 7f|pneumococcal polysaccharide serotype 8|pneumococcal polysaccharide serotype 9v|pneumococcal polysaccharide serotype 10a|pneumococcal polysaccharide serotype 11a|pneumococcal polysaccharide serotype 12f|pneumococcal polysaccharide serotype 14|pneumococcal polysaccharide serotype 15b|pneumococcal polysaccharide serotype 18c|pneumococcal polysaccharide serotype 19a|pneumococcal polysaccharide serotype 19f|pneumococcal polysaccharide serotype 22f|pneumococcal polysaccharide serotype 23f|pneumococcal polysaccharide serotype 33f,ema_product_name,epar
truvada,emtricitabine|tenofovir disoproxil fumarate,ema_product_name,epar
ristfor,sitagliptin|metformin hydrochloride,ema_product_name,epar
awiqli,insulin icodec,ema_product_name,epar
isentress,raltegravir,ema_product_name,epar
ivabradine anpharm,ivabradine,ema_product_name,epar
corlentor,ivabradine hydrochloride,ema_product_name,epar
procoralan,ivabradine hydrochloride,ema_product_name,epar
imreplys,sargramostim,ema_product_name,epar
anagrelide viatris (previously anagrelide mylan),anagrelide hydrochloride,ema_product_name,epar
ondexxya,andexanet alfa,ema_product_name,epar
ranivisio,ranibizumab,ema_product_name,epar
epruvy (previously ranibizumab midas),ranibizumab,ema_product_name,epar
kizfizo,temozolomide,ema_product_name,epar
ohtuvayre,ensifentrine,ema_product_name,epar
enzalutamide accordpharma,enzalutamide,ema_product_name,epar
juluca,dolutegravir sodium|rilpivirine hydrochloride,ema_product_name,epar
tivicay,dolutegravir,ema_product_name,epar
zavicefta,avibactam sodium|ceftazidime pentahydrate,ema_product_name,epar
sitagliptin / metformin hydrochloride accord,metformin hydrochloride|sitagliptin hydrochloride monohydrate,ema_product_name,epar
efient,prasugrel,ema_product_name,epar
janumet,sitagliptin|metformin hydrochloride,ema_product_name,epar
eyluxvi,aflibercept,ema_product_name,epar
glivec,imatinib,ema_product_name,epar
datopotamab deruxtecan daiichi sankyo,datopotamab deruxtecan,ema_product_name,epar
jakavi,ruxolitinib phosphate,ema_product_name,epar
sitagliptin sun,sitagliptin fumarate,ema_product_name,epar
flixabi,infliximab,ema_product_name,epar
dectova,zanamivir,ema_product_name,epar
hbvaxpro,"hepatitis b, recombinant surface antigen",ema_product_name,epar
cubicin,daptomycin,ema_product_name,epar
zepatier,elbasvir|grazoprevir,ema_product_name,epar
bridion,sugammadex,ema_product_name,epar
temodal,temozolomide,ema_product_name,epar
quadramet,samarium (153sm) lexidronam pentasodium,ema_product_name,epar
duavive,oestrogens conjugated|bazedoxifene,ema_product_name,epar
kymriah,tisagenlecleucel,ema_product_name,epar
xoanacyl,ferric citrate coordination complex,ema_product_name,epar
pregabalin viatris pharma (previously pregabalin pfizer),pregabalin,ema_product_name,epar
pegasys,peginterferon alfa-2a,ema_product_name,epar
beyonttra,acoramidis hydrochloride,ema_product_name,epar
portela,relfovetmab,ema_product_name,epar
mektovi,binimetinib,ema_product_name,epar
ivemend,fosaprepitant,ema_product_name,epar
rekambys,rilpivirine,ema_product_name,epar
piqray,alpelisib,ema_product_name,epar
vgenfli,aflibercept,ema_product_name,epar
bravecto triuno,fluralaner|moxidectin|pyrantel,ema_product_name,epar
myalepta,metreleptin,ema_product_name,epar
zurzuvae,zuranolone,ema_product_name,epar
januvia,sitagliptin,ema_product_name,epar
elonva,corifollitropin alfa,ema_product_name,epar
teysuno,tegafur|gimeracil|oteracil,ema_product_name,epar
ristaben,sitagliptin,ema_product_name,epar
m-m-rvaxpro,"measles virus enders' edmonston strain (live, attenuated)|mumps virus jeryl lynn (level b) strain (live, attenuated)|rubella virus wistar ra 27|3 strain (live, attenuated)",ema_product_name,epar
vocabria,cabotegavir sodium|cabotegravir,ema_product_name,epar
zimbus breezhaler,glycopyrronium bromide|indacaterol (acetate)|mometasone furoate,ema_product_name,epar
lytgobi,futibatinib,ema_product_name,epar
phesgo,pertuzumab|trastuzumab,ema_product_name,epar
votrient,pazopanib,ema_product_name,epar
abilify maintena,aripiprazole,ema_product_name,epar
fanskya,mozafancogene autotemcel,ema_product_name,epar
lemtrada,alemtuzumab,ema_product_name,epar
elzonris,tagraxofusp,ema_product_name,epar
emend,aprepitant,ema_product_name,epar
columvi,glofitamab,ema_product_name,epar
siiltibcy,mycobacterium tuberculosis derived antigens (rdesat‑6 and rcfp‑10),ema_product_name,epar
amtagvi,lifileucel,ema_product_name,epar
vimizim,recombinant human n-acetylgalactosamine-6-sulfatase,ema_product_name,epar
camzyos,mavacamten,ema_product_name,epar
prolia,denosumab,ema_product_name,epar
tygacil,tigecycline,ema_product_name,epar
insulin human rechon,insulin human,ema_product_name,epar
amsparity,adalimumab,ema_product_name,epar
zonisamide viatris (previously zonisamide mylan),zonisamide,ema_product_name,epar
aqumeldi,enalapril (maleate),ema_product_name,epar
gardasil,human papillomavirus type 6 l1 protein|human papillomavirus type 11 l1 protein|human papillomavirus type 16 l1 protein|human papillomavirus type 18 l1 protein,ema_product_name,epar
herwenda,trastuzumab,ema_product_name,epar
mipet easecto,sarolaner,ema_product_name,epar
elevidys,delandistrogene moxeparvovec,ema_product_name,epar
diacomit,stiripentol,ema_product_name,epar
zycortal,desoxycortone pivalate,ema_product_name,epar
zulvac sbv,"inactivated schmallenberg virus, strain bh80|11-4",ema_product_name,epar
zenalpha,medetomidine hydrochloride|vatinoxan hydrochloride,ema_product_name,epar
virbagen omega,recombinant omega interferon of feline origin,ema_product_name,epar
veraflox,pradofloxacin,ema_product_name,epar
vepured,recombinant verotoxin 2e of e. coli,ema_product_name,epar
vectra felis,pyriproxyfen|dinotefuran,ema_product_name,epar
vectormune fp ilt + ae,"live recombinant fowlpox virus expressing the membrane fusion protein and the encapsidation protein of avian infectious laryngotracheitis virus (rfp-lt) and avian encephalomyelitis virus, strain calnek 1143 (ae)",ema_product_name,epar
nplate,romiplostim,ema_product_name,epar
zulvac btv,"one of the following inactivated bluetongue virus strains:inactivated bluetongue virus, serotype 1, strain btv-1|alg2006|01 e1inactivated bluetongue virus, serotype 8, strain btv-8|bel2006|02inactivated bluetongue virus, serotype 4, strain spa-1|2004",ema_product_name,epar
zulvac 1+8 ovis,"inactivated bluetongue virus, serotype 1, strain btv-1|alg2006|01|inactivated bluetongue virus, serotype 8, strain btv-8|bel2006|02",ema_product_name,epar
zulvac 1+8 bovis,"inactivated bluetongue virus, serotype 1, strain btv-1|alg2006|01 e1 rp|inactivated bluetongue virus, serotype 8, strain btv-8|bel2006|02",ema_product_name,epar
zulvac 8 ovis,"inactivated bluetongue virus, serotype 8, strain btv-8|bel2006|02",ema_product_name,epar
varromed,oxalic acid dihydrate|formic acid,ema_product_name,epar
upcard,torasemide anhydrous,ema_product_name,epar
ultifend nd ibd,"turkey herpes virus, strain rhvt|nd|ibd, expressing the fusion protein of newcastle disease virus and the vp2 protein of infectious bursal disease virus, live recombinant",ema_product_name,epar
suvaxyn circo,"porcine circovirus vaccine (inactivated, recombinant)",ema_product_name,epar
suvaxyn circo+mh rtu,"inactivated recombinant chimeric porcine circovirus type 1 containing the porcine circovirus type 2 orf2 protein|inactivated mycoplasma hyopneumoniae, strain p-5722-3",ema_product_name,epar
suiseng diff/a,"clostridioides difficile toxoid a|clostridioides difficile toxoid b|clostridium perfringens, type a, alpha toxoid",ema_product_name,epar
stelfonta,tigilanol tiglate,ema_product_name,epar
sevohale (previously sevocalm),sevoflurane,ema_product_name,epar
sedadex,dexmedetomidine hydrochloride,ema_product_name,epar
rabitec,"attenuated live rabies vaccine virus, strain spbn gasgas",ema_product_name,epar
bortezomib sun,bortezomib,ema_product_name,epar
ubac,"lipoteichoic acid from biofilm adhesion component of streptococcus uberis, strain 5616",ema_product_name,epar
tulissin,tulathromycin,ema_product_name,epar
tulinovet,tulathromycin,ema_product_name,epar
tulaven,tulathromycin,ema_product_name,epar
rabigen sag2,"live attenuated rabies virus, sag2 strain",ema_product_name,epar
rhiniseng,"inactivated bordetella bronchiseptica, strain 833cer|recombinant type-d pasteurella-multocida toxin",ema_product_name,epar
rexxolide,tulathromycin,ema_product_name,epar
respiporc flupan h1n1,"influenza a virus|human strain: a|jena|vi5258|2009 (h1n1)pdm09, inactivated",ema_product_name,epar
quadrisol,vedaprofen,ema_product_name,epar
okedi,risperidone,ema_product_name,epar
respiporc flu3,inactivated influenza-a virus|swine,ema_product_name,epar
reprocyc parvoflex,"porcine parvovirus, strain 27a, viral protein 2",ema_product_name,epar
reconcile,fluoxetine,ema_product_name,epar
prozinc,insulin human,ema_product_name,epar
evusheld,tixagevimab|cilgavimab,ema_product_name,epar
profender,emodepside|praziquantel,ema_product_name,epar
procox,emodepside|toltrazuril,ema_product_name,epar
prevomax,maropitant,ema_product_name,epar
oxlumo,lumasiran sodium,ema_product_name,epar
mycamine,micafungin,ema_product_name,epar
prac-tic,pyriprole,ema_product_name,epar
posatex,orbifloxacin|mometasone furoate|posaconazole,ema_product_name,epar
teriparatide sun,teriparatide,ema_product_name,epar
novem,meloxicam,ema_product_name,epar
oncept il-2,"canarypox virus, strain vcp1338, expressing feline interleukin-2 gene, live",ema_product_name,epar
osurnia,betamethasone acetate|terbinafine|florfenicol,ema_product_name,epar
nobilis ib primo qx,"live avian infectious bronchitis virus, strain d388",ema_product_name,epar
nobivac bb,live bordetella bronchiseptica bacteria strain b-c2,ema_product_name,epar
novaquin,meloxicam,ema_product_name,epar
porcilis porcoli diluvac forte (previously porcilis porcoli),f4ab (k88ab) fimbrial adhesin|f4ac (k88ac) fimbrial adhesin|f5 (k99) fimbrial adhesin|f6 (987p) fimbrial adhesin|lt toxoid,ema_product_name,epar
porcilis ar-t df,protein do (non-toxic deletion derivative of pasteurella multocida dermonecrotic toxin)|inactivated bordetella bronchiseptica cells,ema_product_name,epar
melosus,meloxicam,ema_product_name,epar
meloxidolor,meloxicam,ema_product_name,epar
meloxidyl,meloxicam,ema_product_name,epar
pexion,imepitoin,ema_product_name,epar
loxicom,meloxicam,ema_product_name,epar
lydaxx,tulathromycin,ema_product_name,epar
masivet,masitinib mesilate,ema_product_name,epar
nasym,"live attenuated bovine respiratory syncytial virus (brsv), strain lym-56",ema_product_name,epar
ms-h vaccine,mycoplasma synoviae strain ms-h,ema_product_name,epar
mirataz,mirtazapine,ema_product_name,epar
adasuve,loxapine,ema_product_name,epar
memantine accord,memantine hydrochloride,ema_product_name,epar
neptra,florfenicol|terbinafine hydrochloride|mometasone furoate,ema_product_name,epar
ovugel,triptorelin acetate,ema_product_name,epar
oxyglobin,haemoglobin glutamer-200 (bovine),ema_product_name,epar
zadenvi,denosumab,ema_product_name,epar
locatim (previously serinucoli),bovine concentrated lactoserum containing specific immunoglobulins g against e. coli f5 (k99) adhesin,ema_product_name,epar
letifend,recombinant protein q from leishmania infantum mon-1,ema_product_name,epar
kriptazen,halofuginone,ema_product_name,epar
ingelvac circoflex,porcine circovirus type 2 orf2 protein,ema_product_name,epar
azacitidine accord,azacitidine,ema_product_name,epar
inflacam,meloxicam,ema_product_name,epar
briumvi,ublituximab,ema_product_name,epar
isemid,torasemide,ema_product_name,epar
bemrist breezhaler,indacaterol|mometasone furoate,ema_product_name,epar
selincro,nalmefene hydrochloride dihydrate,ema_product_name,epar
halocur,halofuginone,ema_product_name,epar
galliprant,grapiprant,ema_product_name,epar
aplidin,plitidepsin,ema_product_name,epar
rixathon,rituximab,ema_product_name,epar
tyenne,tocilizumab,ema_product_name,epar
nidlegy,bifikafusp alfa|onfekafusp alfa,ema_product_name,epar
farydak,panobinostat lactate anhydrous,ema_product_name,epar
deferasirox accord,deferasirox,ema_product_name,epar
maapliv,"glycine,l-alanine,l-arginine,l-aspartic acid,l-cysteine hydrochloride monohydrate,l-histidine,l-methionine,l-phenylalanine,l-proline,l-serine,l-threonine,l-tryptophan,l-tyrosine,l-glutamic acid,l-lysine monohydrate,taurine",ema_product_name,epar
jevtana,cabazitaxel,ema_product_name,epar
riltrava aerosphere,budesonide|formoterol fumarate dihydrate|glycopyrronium bromide,ema_product_name,epar
orgovyx,relugolix,ema_product_name,epar
truxima,rituximab,ema_product_name,epar
empliciti,elotuzumab,ema_product_name,epar
ellaone,ulipristal,ema_product_name,epar
blitzima,rituximab,ema_product_name,epar
ibandronic acid accord,ibandronic acid,ema_product_name,epar
tigecycline accord,tigecycline,ema_product_name,epar
prasugrel viatris (previously prasugrel mylan),prasugrel besilate,ema_product_name,epar
grastofil,filgrastim,ema_product_name,epar
alhemo,concizumab,ema_product_name,epar
equilis ehv 1+4,"equine herpesvirus 1, strain rac-h and equine herpesvirus 4, strain 2252",ema_product_name,epar
xaluprine (previously mercaptopurine nova laboratories),6-mercaptopurine monohydrate,ema_product_name,epar
karvezide,irbesartan|hydrochlorothiazide,ema_product_name,epar
coaprovel,irbesartan|hydrochlorothiazide,ema_product_name,epar
proquad,"virus, live attenuated, measles, virus, live attenuated, mumps, virus, live attenuated, rubella, virus, live attenuated, varicella",ema_product_name,epar
riulvy,tegomil fumarate,ema_product_name,epar
olanzapine apotex,olanzapine,ema_product_name,epar
ordspono,odronextamab,ema_product_name,epar
trixeo aerosphere,formoterol fumarate dihydrate|glycopyrronium bromide|budesonide,ema_product_name,epar
ogluo,glucagon,ema_product_name,epar
viagra,sildenafil,ema_product_name,epar
revatio,sildenafil,ema_product_name,epar
mylotarg,gemtuzumab ozogamicin,ema_product_name,epar
baqsimi,glucagon,ema_product_name,epar
emselex,darifenacin hydrobromide,ema_product_name,epar
thalidomide lipomed,thalidomide,ema_product_name,epar
velsipity,etrasimod arginine,ema_product_name,epar
axitinib accord,axitinib,ema_product_name,epar
champix,varenicline,ema_product_name,epar
nilotinib accord,nilotinib,ema_product_name,epar
rukobia,fostemsavir trometamol,ema_product_name,epar
spravato,esketamine hydrochloride,ema_product_name,epar
hemlibra,emicizumab,ema_product_name,epar
tasmar,tolcapone,ema_product_name,epar
zinforo,ceftaroline fosamil,ema_product_name,epar
revlimid,lenalidomide,ema_product_name,epar
ecalta,anidulafungin,ema_product_name,epar
equisolon,prednisolone,ema_product_name,epar
equioxx,firocoxib,ema_product_name,epar
equilis west nile,inactivated chimaeric flavivirus strain yf-wn,ema_product_name,epar
fungitraxx,itraconazole,ema_product_name,epar
fortekor plus,benazepril hydrochloride|pimobendan,ema_product_name,epar
felpreva,emodepside|praziquantel|tigolaner,ema_product_name,epar
fatrovax rhd,rabbit hemorrhagic disease virus 2 vp1ab|rabbit hemorrhagic disease virus vp1a,ema_product_name,epar
evant,"eimeria maxima, strain 013|eimeria mitis, strain 006|eimeria praecox, strain 007|eimeria tenella, strain 004",ema_product_name,epar
evalon,vaccine against coccidiosis in chickens,ema_product_name,epar
eurican herpes 205,canine herpesvirus (f205 strain) antigens,ema_product_name,epar
eryseng,"erysipelothrix rhusiopathiae, strain r32e11 (inactivated)",ema_product_name,epar
eryseng parvo,"porcine parvovirus, strain nadl-2 and erysipelothrix rhusiopathiae, strain r32e11 (inactivated)",ema_product_name,epar
eksunbi,ustekinumab,ema_product_name,epar
yaxwer,denosumab,ema_product_name,epar
equilis strepe,live deletion-mutant streptococcus equi strain tw928,ema_product_name,epar
enteroporc coli ac,inactivated fimbrial adhesins of escherichia coli|clostridium perfringens type a|c toxoids,ema_product_name,epar
emdocam,meloxicam,ema_product_name,epar
econor,valnemulin,ema_product_name,epar
easotic,gentamicin sulfate|hydrocortisone aceponate|miconazole nitrate,ema_product_name,epar
draxxin,tulathromycin,ema_product_name,epar
cortavance,hydrocortisone aceponate,ema_product_name,epar
contacera,meloxicam,ema_product_name,epar
coliprotec f4/f18,live non-pathogenic escherichia coli o141:k94 (f18ac) and o8:k87 (f4ac),ema_product_name,epar
clynav,puk-spdv-poly2#1 dna plasmid coding for salmon pancreas disease virus proteins,ema_product_name,epar
clomicalm,clomipramine hydrochloride,ema_product_name,epar
eurartesim,piperaquine tetraphosphate|artenimol,ema_product_name,epar
clevor,ropinirole hydrochloride,ema_product_name,epar
chanhold,selamectin,ema_product_name,epar
baycox iron,iron(iii) ion|toltrazuril,ema_product_name,epar
lokelma,sodium zirconium cyclosilicate,ema_product_name,epar
ebilfumin,oseltamivir,ema_product_name,epar
syvazul btv,"inactivated bluetongue virus, serotype 1, strain alg2006|01 e1|inactivated bluetongue virus, serotype 4, strain btv-4|spa-1|2004|inactivated bluetongue virus, serotype 8, strain bel2006|01",ema_product_name,epar
syvazul btv 3,"bluetongue virus, serotype 3, btv-3|net2023, inactivated",ema_product_name,epar
daxocox,enflicoxib,ema_product_name,epar
nobivac leufel,purified rp-45 felv-envelope antigen,ema_product_name,epar
nobivac myxo-rhd plus,live myxoma vectored rhd virus strain 009|live myxoma vectored rhd virus strain mk1899,ema_product_name,epar
leucogen,purified p45 felv-envelope antigen,ema_product_name,epar
eravac,"inactivated rabbit haemorrhagic disease type 2 virus (rhdv2), strainv-1037",ema_product_name,epar
suvaxyn csf marker,live recombinant e2 gene-deleted bovine viral diarrhoea virus containing classical swine fever virus e2 gene (cp7_e2alf),ema_product_name,epar
nexgard,afoxolaner,ema_product_name,epar
nexgard spectra,afoxolaner|milbemycin oxime,ema_product_name,epar
fluralaner intervet,fluralaner,ema_product_name,epar
innovax-nd-ibd-ilt,"turkey herpesvirus strain hvt|nd|ibd|ilt (cell-associated), expressing the fusion protein gene of newcastle disease virus, the vp2 protein gene of infectious bursal disease virus and the glycoproteins gd and gi genes of infectious laryngotracheitis virus, live",ema_product_name,epar
nobilis multriva gm+reom,"inactivated avian reovirus strain arv-1|inactivated avian reovirus strain arv-4|inactivated infectious bursal disease virus, strain 89|03|inactivated infectious bursal disease virus, strain gb02",ema_product_name,epar
nobilis multriva ibm+nd,"inactivated avian infectious bronchitis virus, type massachusetts, strain m41|inactivated avian infectious bronchitis virus, type 793|b, strain 4-91|newcastle disease virus, strain ulster, inactivated",ema_product_name,epar
bravecto combiuno,fluralaner|milbemycin oxime,ema_product_name,epar
zenrelia,ilunocitinib,ema_product_name,epar
numelvi,atinvicitinib,ema_product_name,epar
jcovden (previously covid-19 vaccine janssen),adenovirus type 26 encoding the sars-cov-2 spike glycoprotein (ad26.cov2-s),ema_product_name,epar
talzenna,talazoparib,ema_product_name,epar
nubeqa,darolutamide,ema_product_name,epar
rivaroxaban accord,rivaroxaban,ema_product_name,epar
tabrecta,capmatinib dihydrochloride monohydrate,ema_product_name,epar
laventair ellipta (previously laventair),umeclidinium bromide|vilanterol,ema_product_name,epar
kyntheum,brodalumab,ema_product_name,epar
betmiga,mirabegron,ema_product_name,epar
pregabalin accord,pregabalin,ema_product_name,epar
felisecto plus,selamectin|sarolaner,ema_product_name,epar
iscover,clopidogrel,ema_product_name,epar
dimethyl fumarate accord,dimethyl fumarate,ema_product_name,epar
galafold,migalastat hydrochloride,ema_product_name,epar
vimkunya,"chikungunya virus (chikv) virus-like particle (vlp) proteins (capsid protein (c) and envelope proteins e1 and e2) derived from chikv senegal strain 37997 produced in human embryonic kidney cells by recombinant dna technology, adsorbed on aluminium hydroxide, hydrated",ema_product_name,epar
fampyra,fampridine,ema_product_name,epar
esmya,ulipristal acetate,ema_product_name,epar
raxone,idebenone,ema_product_name,epar
aucatzyl,obecabtagene autoleucel,ema_product_name,epar
fluenz tetra,"a|darwin|9|2021 (h3n2) - like strain (a|norway|16606|2021, medi 355293)|a|victoria|2570|2019 (h1n1)pdm09 - like strain (a|victoria|1|2020, medi 340505)|b|austria|1359417|2021 - like strain (b|austria|1359417|2021, medi 355292)|b|phuket|3073|2013 - like strain (b|phuket|3073|2013, medi 306444)",ema_product_name,epar
sixmo,buprenorphine hydrochloride,ema_product_name,epar
amvuttra,vutrisiran sodium,ema_product_name,epar
exparel liposomal,bupivacaine,ema_product_name,epar
stribild,elvitegravir|cobicistat|emtricitabine|tenofovir disoproxil fumarate,ema_product_name,epar
instanyl,fentanyl citrate,ema_product_name,epar
chenodeoxycholic acid leadiant (previously chenodeoxycholic acid sigma-tau),chenodeoxycholic acid,ema_product_name,epar
enbrel,etanercept,ema_product_name,epar
targretin,bexarotene,ema_product_name,epar
naveruclif,paclitaxel,ema_product_name,epar
zometa,zoledronic acid|zoledronic acid monohydrate,ema_product_name,epar
cystadrops,mercaptamine hydrochloride,ema_product_name,epar
zebinix,eslicarbazepine acetate,ema_product_name,epar
riximyo,rituximab,ema_product_name,epar
omnitrope,somatropin,ema_product_name,epar
kalydeco,ivacaftor,ema_product_name,epar
rezolsta,darunavir|cobicistat,ema_product_name,epar
bexsero,outer membrane vesicles from neisseria meningitidis group b (strain nz 98|254)|recombinant neisseria meningitidis group b fhbp fusion protein|recombinant neisseria meningitidis group b nada protein|recombinant neisseria meningitidis group b nhba fusion protein,ema_product_name,epar
enjaymo,sutimlimab,ema_product_name,epar
saxenda,liraglutide,ema_product_name,epar
trepulmix,treprostinil sodium,ema_product_name,epar
anoro ellipta (previously anoro),umeclidinium bromide|vilanterol trifenatate,ema_product_name,epar
sugammadex piramal,sugammadex sodium,ema_product_name,epar
emevet,maropitant citrate monohydrate,ema_product_name,epar
eklira genuair,aclidinium bromide,ema_product_name,epar
duaklir genuair,aclidinium bromide|formoterol fumarate dihydrate,ema_product_name,epar
vildagliptin / metformin hydrochloride accord,metformin hydrochloride|vildagliptin,ema_product_name,epar
ifinwil,eflornithine hydrochloride monohydrate,ema_product_name,epar
xoterna breezhaler,indacaterol|glycopyrronium bromide,ema_product_name,epar
ultibro breezhaler,indacaterol|glycopyrronium bromide,ema_product_name,epar
armisarte (previously pemetrexed actavis),pemetrexed diacid monohydrate,ema_product_name,epar
ulunar breezhaler,glycopyrronium bromide|indacaterol maleate,ema_product_name,epar
cresemba,isavuconazole,ema_product_name,epar
supemtek tetra (previously supemtek),"influenza a virus subtype h1n1 haemagglutinin, recombinant|influenza a virus subtype h3n2 haemagglutinin, recombinant|influenza b virus victoria lineage haemagglutinin, recombinant|influenza b virus yamagata lineage haemagglutinin, recombinant",ema_product_name,epar
incruse ellipta (previously incruse),umeclidinium bromide,ema_product_name,epar
lynozyfic,linvoseltamab,ema_product_name,epar
zyclara,imiquimod,ema_product_name,epar
fampridine accord,fampridine,ema_product_name,epar
aldara,imiquimod,ema_product_name,epar
cevac reomune,"avian reovirus, strain s1133, inactivated|avian reovirus, strain 11-12523, inactivated",ema_product_name,epar
nordimet,methotrexate,ema_product_name,epar
nimvastid,rivastigmine,ema_product_name,epar
ivabradine zentiva,ivabradine hydrochloride,ema_product_name,epar
javlor,vinflunine,ema_product_name,epar
pomalidomide krka,pomalidomide,ema_product_name,epar
plavix,clopidogrel hydrogen sulfate,ema_product_name,epar
ruxience,rituximab,ema_product_name,epar
sugammadex fresenius kabi,sugammadex sodium,ema_product_name,epar
epoetin alfa hexal,epoetin alfa,ema_product_name,epar
binocrit,epoetin alfa,ema_product_name,epar
abseamed,epoetin alfa,ema_product_name,epar
kayfanda,odevixibat sesquihydrate,ema_product_name,epar
filsuvez,"dry extract from birch bark (der 5-10 : 1), extraction solvent n-heptane 95% (w|w)",ema_product_name,epar
capecitabine teva,capecitabine,ema_product_name,epar
xbryk,denosumab,ema_product_name,epar
temozolomide sun,temozolomide,ema_product_name,epar
evotaz,cobicistat|atazanavir,ema_product_name,epar
ituxredi,rituximab,ema_product_name,epar
filgrastim hexal,filgrastim,ema_product_name,epar
obgemsa,vibegron,ema_product_name,epar
holoclar,ex vivo expanded autologous human corneal epithelial cells containing stem cells,ema_product_name,epar
stronghold plus,selamectin|sarolaner,ema_product_name,epar
nexgard combo,eprinomectin|esafoxolaner|praziquantel,ema_product_name,epar
nobilis multriva ibm+nd+gm+reom+eds,"infectious bronchitis virus, type massachusetts, strain m41, inactivated|infectious bronchitis virus, type 793|b, strain 4|91, inactivated|newcastle disease virus, strain ulster, inactivated|infectious bursal disease virus, strain gb02, inactivated|infectious bursal disease virus, strain 89|03, inactivated|inactivated avian reovirus strain arv-1|inactivated avian reovirus strain arv-4|eggdrop syndrome-1976 virus, strain bc14, inactivated",ema_product_name,epar
circadin,melatonin,ema_product_name,epar
rilonacept fgk representative service gmbh,rilonacept,ema_product_name,epar
orfadin,nitisinone,ema_product_name,epar
neoatricon,dopamine hydrochloride|dopamine,ema_product_name,epar
cufence,trientine dihydrochloride,ema_product_name,epar
idefirix,imlifidase,ema_product_name,epar
busulfan fresenius kabi,busulfan,ema_product_name,epar
bropair spiromax,salmeterol xinafoate|fluticasone propionate,ema_product_name,epar
avamys,fluticasone furoate,ema_product_name,epar
tresiba,insulin degludec,ema_product_name,epar
zoonotic influenza vaccine seqirus,a|astrakhan|3212|2020 (h5n8)-like strain (cber-rg8a) (clade 2.3.4.4b),ema_product_name,epar
miglustat dipharma,miglustat,ema_product_name,epar
foclivia,"influenza virus surface antigens, inactivated: a|viet nam|1194|2004 (h5n1)",ema_product_name,epar
miglustat gen.orph,miglustat,ema_product_name,epar
cotellic,cobimetinib hemifumarate,ema_product_name,epar
zessly,infliximab,ema_product_name,epar
grepid,clopidogrel (as besilate),ema_product_name,epar
memantine merz,memantine hydrochloride,ema_product_name,epar
yorvipath,palopegteriparatide,ema_product_name,epar
axura,memantine hydrochloride,ema_product_name,epar
colobreathe,colistimethate sodium,ema_product_name,epar
zelboraf,vemurafenib,ema_product_name,epar
jetrea,ocriplasmin,ema_product_name,epar
pergoveris,follitropin alfa|lutropin alfa,ema_product_name,epar
cinryze,c1 inhibitor (human),ema_product_name,epar
phelinun,melphalan hydrochloride,ema_product_name,epar
tachosil,human fibrinogen|human thrombin,ema_product_name,epar
lumeblue (previously methylthioninium chloride cosmo),methylthioninium chloride,ema_product_name,epar
rivastigmine actavis,rivastigmine hydrogen tartrate,ema_product_name,epar
biobhyo,"brachyspira hyodysenteriae, strain aqdys057, inactivated",ema_product_name,epar
zerbaxa,ceftolozane sulfate|tazobactam sodium,ema_product_name,epar
nyxoid,naloxone hydrochloride dihydrate,ema_product_name,epar
zostavax,"varicella-zoster virus (live, attenuated)",ema_product_name,epar
vokanamet,canagliflozin|metformin hydrochloride,ema_product_name,epar
apexelsin,paclitaxel,ema_product_name,epar
jyseleca,filgotinib maleate,ema_product_name,epar
pelgraz paediatric,pegfilgrastim,ema_product_name,epar
beqvez (previously durveqtix),fidanacogene elaparvovec,ema_product_name,epar
cholestagel,colesevelam (as hydrochloride),ema_product_name,epar
corbilta (previously levodopa/carbidopa/entacapone sandoz),levodopa|carbidopa|entacapone,ema_product_name,epar
hepizovac,"epizootic haemorrhagic disease virus (ehdv), serotype 8, strain ehdv8 spa 2022|lcv_03 lcv cod.:o78",ema_product_name,epar
prazivetin,praziquantel,ema_product_name,epar
prevestrus vet,finrozole,ema_product_name,epar
nobilis multriva ibm+nd+eds,"infectious bronchitis virus, type massachusetts, strain m41, inactivated|infectious bronchitis virus, type 793|b, strain 4|91, inactivated|newcastle disease virus, strain ulster, inactivated|eggdrop syndrome-1976 virus, strain bc14, inactivated",ema_product_name,epar
temozolomide accord,temozolomide,ema_product_name,epar
rheumocam,meloxicam,ema_product_name,epar
novorapid,insulin aspart,ema_product_name,epar
lacosamide accord,lacosamide,ema_product_name,epar
pemetrexed medac,pemetrexed,ema_product_name,epar
ovaleap,follitropin alfa,ema_product_name,epar
kinselby,resminostat mesilate,ema_product_name,epar
cinainu,dry aqueous extract of paullinia cupana seed|dry hydroethanolic extract of theobroma cacao seed|liquid ethanolic extract 30 per cent (w|w) of allium cepa fresh bulb and citrus limon fresh fruit,ema_product_name,epar
lacosamide ucb,lacosamide,ema_product_name,epar
ovitrelle,choriogonadotropin alfa,ema_product_name,epar
pedmarqsi,sodium thiosulfate,ema_product_name,epar
komboglyze,metformin hydrochloride|saxagliptin hydrochloride,ema_product_name,epar
teriparatide ascend,teriparatide,ema_product_name,epar
revestive,teduglutide,ema_product_name,epar
nerlynx,neratinib,ema_product_name,epar
conbriza,bazedoxifene,ema_product_name,epar
brinavess,vernakalant hydrochloride,ema_product_name,epar
vipdomet,alogliptin benzoate|metformin hydrochloride,ema_product_name,epar
buprenorphine neuraxpharm,buprenorphine hydrochloride,ema_product_name,epar
deqsiga,human normal immunoglobulin,ema_product_name,epar
riluzole zentiva,riluzole,ema_product_name,epar
rytelo,imetelstat,ema_product_name,epar
faslodex,fulvestrant,ema_product_name,epar
clopidogrel krka,clopidogrel (as hydrochloride),ema_product_name,epar
zyllt,clopidogrel (as hydrogen sulfate),ema_product_name,epar
clopidogrel krka d.d. (previously zopya),clopidogrel (as hydrochloride),ema_product_name,epar
clopidogrel tad,clopidogrel (as hydrochloride),ema_product_name,epar
actelsar hct,telmisartan|hydrochlorothiazide,ema_product_name,epar
xyrem,sodium oxybate,ema_product_name,epar
olanzapine teva,olanzapine,ema_product_name,epar
givlaari,givosiran,ema_product_name,epar
tacforius,tacrolimus monohydrate,ema_product_name,epar
ongentys,opicapone,ema_product_name,epar
vectibix,panitumumab,ema_product_name,epar
daurismo,glasdegib maleate,ema_product_name,epar
urorec,silodosin,ema_product_name,epar
sitagliptin / metformin hydrochloride sun,sitagliptin fumarate|metformin hydrochloride,ema_product_name,epar
arsenic trioxide mylan,arsenic trioxide,ema_product_name,epar
ketoconazole esteve (previously ketoconazole hra),ketoconazole,ema_product_name,epar
clopidogrel / acetylsalicylic acid viatris (previously clopidogrel / acetylsalicylic acid mylan),acetylsalicylic acid|clopidogrel hydrogen sulfate,ema_product_name,epar
ecansya (previously capecitabine krka),capecitabine,ema_product_name,epar
capecitabine accord,capecitabine,ema_product_name,epar
capecitabine medac,capecitabine,ema_product_name,epar
xeloda,capecitabine,ema_product_name,epar
eptifibatide accord,eptifibatide,ema_product_name,epar
pirsue,pirlimycin,ema_product_name,epar
extavia,interferon beta-1b,ema_product_name,epar
alofisel,darvadstrocel,ema_product_name,epar
twynsta,telmisartan|amlodipine,ema_product_name,epar
alunbrig,brigatinib,ema_product_name,epar
regkirona,regdanvimab,ema_product_name,epar
vevizye,ciclosporin,ema_product_name,epar
kinzalmono (previously telmisartan boehringer ingelheim pharma kg),telmisartan,ema_product_name,epar
pritor,telmisartan,ema_product_name,epar
evra,norelgestromin|ethinyl estradiol,ema_product_name,epar
tamiflu,oseltamivir,ema_product_name,epar
inovelon,rufinamide,ema_product_name,epar
valdoxan,agomelatine,ema_product_name,epar
omeprazole triviumvet,omeprazole,ema_product_name,epar
elmaro,maropitant citrate monohydrate,ema_product_name,epar
vectormune hvt-aiv,"turkey herpesvirus, strain rhvt|ai-h5 (cell-associated), expressing haemagglutinin gene of avian influenza subtype h5, live",ema_product_name,epar
prometax,rivastigmine,ema_product_name,epar
skojoy,aflibercept,ema_product_name,epar
cinqaero,reslizumab,ema_product_name,epar
edurant,rilpivirine hydrochloride,ema_product_name,epar
sialanar,glycopyrronium bromide,ema_product_name,epar
moventig,naloxegol oxalate,ema_product_name,epar
relvar ellipta,fluticasone furoate|vilanterol,ema_product_name,epar
competact,pioglitazone|metformin hydrochloride,ema_product_name,epar
quinsair,levofloxacin,ema_product_name,epar
rasagiline ratiopharm,rasagiline,ema_product_name,epar
kentera (previously oxybutynin nicobrand),oxybutynin,ema_product_name,epar
azilect,rasagiline,ema_product_name,epar
ajovy,fremanezumab,ema_product_name,epar
litak,cladribine,ema_product_name,epar
evista,raloxifene hydrochloride,ema_product_name,epar
ontilyv,opicapone,ema_product_name,epar
nexavar,sorafenib,ema_product_name,epar
respreeza,human alpha1-proteinase inhibitor,ema_product_name,epar
veraseal,"human fibrinogen, human thrombin",ema_product_name,epar
febuxostat krka,febuxostat,ema_product_name,epar
samsca,tolvaptan,ema_product_name,epar
buvidal,buprenorphine,ema_product_name,epar
mycapssa,octreotide acetate,ema_product_name,epar
sivextro,tedizolid,ema_product_name,epar
emtricitabine/tenofovir disoproxil zentiva,emtricitabine|tenofovir disoproxil phosphate,ema_product_name,epar
efavirenz/emtricitabine/tenofovir disoproxil zentiva,efavirenz|emtricitabine|tenofovir disoproxil phosphate,ema_product_name,epar
riarify (previously chf 5993 chiesi farmaceutici s.p.a.),formoterol fumarate dihydrate|glycopyrronium|beclometasone dipropionate,ema_product_name,epar
leucofeligen felv/rcp,purified p45 feline leukaemia virus envelope antigen|live feline calicivirus (strain f9)|live feline viral rhinotracheitis virus (strain f2)|live feline panleucopenia virus,ema_product_name,epar
cimalgex,cimicoxib,ema_product_name,epar
cytopoint,lokivetmab,ema_product_name,epar
skilarence,dimethyl fumarate,ema_product_name,epar
revinty ellipta,fluticasone furoate|vilanterol trifenatate,ema_product_name,epar
prevexxion rn,"live recombinant marek's disease (md) virus, serotype 1, strain rn1250",ema_product_name,epar
mhyosphere pcv id,"mycoplasma hyopneumoniae, strain 7304 (nexhyon), expressing the capsid protein of porcine circovirus type 2a, inactivated",ema_product_name,epar
porcilis pcv,porcine circovirus type 2 orf2 subunit antigen,ema_product_name,epar
silodyx,silodosin,ema_product_name,epar
gencebok,caffeine citrate,ema_product_name,epar
andembry,garadacimab,ema_product_name,epar
emcitate,tiratricol,ema_product_name,epar
sutent,sunitinib,ema_product_name,epar
silodosin recordati,silodosin,ema_product_name,epar
benefix,nonacog alfa,ema_product_name,epar
nobilis multriva reom,inactivated avian reovirus strain arv-1|inactivated avian reovirus strain arv-4,ema_product_name,epar
equilis prequenza,"equine influenza-virus strains: a|equine-2|south africa|4|03, a|equine-2|newmarket|2|93",ema_product_name,epar
equilis te,tetanus toxoid,ema_product_name,epar
equilis prequenza te,"equine influenza-virus strains: a|equine-2|south africa|4|03, a|equine-2|newmarket|2|93, tetanus toxoid",ema_product_name,epar
dynastat,parecoxib sodium,ema_product_name,epar
quofenix,delafloxacin meglumine,ema_product_name,epar
bluevac-3,"inactivated bluetongue virus, serotype 3",ema_product_name,epar
tarceva,erlotinib,ema_product_name,epar
refacto af,moroctocog alfa,ema_product_name,epar
toviaz,fesoterodine fumarate,ema_product_name,epar
ryzodeg,insulin aspart|insulin degludec,ema_product_name,epar
mirvaso,brimonidine tartrate,ema_product_name,epar
nepexto,etanercept,ema_product_name,epar
spherox,spheroids of human autologous matrix-associated chondrocytes,ema_product_name,epar
litfulo,ritlecitinib tosilate,ema_product_name,epar
modigraf,tacrolimus,ema_product_name,epar
torisel,temsirolimus,ema_product_name,epar
envarsus,tacrolimus,ema_product_name,epar
fasenra,benralizumab,ema_product_name,epar
somavert,pegvisomant,ema_product_name,epar
gegant,gallium (68ga) chloride|germanium (68ge) chloride,ema_product_name,epar
aripiprazole accord,aripiprazole,ema_product_name,epar
brimica genuair,formoterol fumarate dihydrate|aclidinium bromide,ema_product_name,epar
bretaris genuair,aclidinium bromide,ema_product_name,epar
poulvac procerta hvt-ibd-nd,"live recombinant turkey herpes virus, strain hvt-ibd-nd, expressing the vp2 protein of ibdv and the f protein of ndv",ema_product_name,epar
icthiovac erm,inactivated vaccine against yersiniosis,ema_product_name,epar
zoely,nomegestrol acetate|estradiol,ema_product_name,epar
apretude,cabotegravir,ema_product_name,epar
thyrogen,thyrotropin alfa,ema_product_name,epar
galvus,vildagliptin,ema_product_name,epar
goresp digihaler (previously budesonide/formoterol teva pharma b.v.),budesonide|formoterol fumarate dihydrate,ema_product_name,epar
opfolda,miglustat,ema_product_name,epar
bortezomib fresenius kabi,bortezomib,ema_product_name,epar
docetaxel accord,docetaxel,ema_product_name,epar
dimethyl fumarate neuraxpharm,dimethyl fumarate,ema_product_name,epar
nimenrix,neisseria meningitidis group a polysaccharide conjugated to tetanus toxoid|neisseria meningitidis group c polysaccharide conjugated to tetanus toxoid|neisseria meningitidis group w-135 polysaccharide conjugated to tetanus toxoid|neisseria meningitidis group y polysaccharide conjugated to tetanus toxoid,ema_product_name,epar
skytrofa (previously lonapegsomatropin ascendis pharma),lonapegsomatropin,ema_product_name,epar
pemetrexed fresenius kabi,pemetrexed,ema_product_name,epar
repaglinide teva,repaglinide,ema_product_name,epar
tolfenamic acid vmd,tolfenamic acid,ema_product_name,epar
penbraya,neisseria meningitidis group a polysaccharide conjugated to tetanus toxoid|neisseria meningitidis group c polysaccharide conjugated to tetanus toxoid|neisseria meningitidis group w polysaccharide conjugated to tetanus toxoid|neisseria meningitidis group y polysaccharide conjugated to tetanus toxoid|neisseria meningitidis group b fhbp protein subfamily a|neisseria meningitidis group b fhbp protein subfamily b,ema_product_name,epar
emtricitabine/tenofovir disoproxil krka d.d.,emtricitabine|tenofovir disoproxil succinate,ema_product_name,epar
enyglid,repaglinide,ema_product_name,epar
repaglinide krka,repaglinide,ema_product_name,epar
izelvay,avacincaptad pegol,ema_product_name,epar
fortacin,lidocaine|prilocaine,ema_product_name,epar
emtricitabine/tenofovir disoproxil krka,emtricitabine|tenofovir disoproxil succinate,ema_product_name,epar
tavneos,avacopan,ema_product_name,epar
carprofen orion,carprofen,ema_product_name,epar
neocolipor,"e. coli adhesin f4 (f4ab, f4ac, f4ad)|e. coli adhesin f5|e. coli adhesin f6|e. coli adhesin f41",ema_product_name,epar
celldemic,"influenza virus a|turkey|turkey|1|2005 (h5n1) nibrg-23 strain, ha surface antigen",ema_product_name,epar
edarbi,azilsartan medoxomil,ema_product_name,epar
augtyro,repotrectinib,ema_product_name,epar
darunavir krka,darunavir,ema_product_name,epar
sitagliptin accord,sitagliptin hydrochloride,ema_product_name,epar
izba,travoprost,ema_product_name,epar
renagel,sevelamer,ema_product_name,epar
levodopa/carbidopa/entacapone orion,levodopa|carbidopa|entacapone,ema_product_name,epar
skycovion,gbp510,ema_product_name,epar
masitinib ab science,masitinib mesilate,ema_product_name,epar
inlyta,axitinib,ema_product_name,epar
thalidomide bms (previously thalidomide celgene),thalidomide,ema_product_name,epar
efavirenz/emtricitabine/tenofovir disoproxil krka,efavirenz|emtricitabine|tenofovir disoproxil succinate,ema_product_name,epar
dabigatran etexilate teva (previously dabigatran etexilate leon farma),dabigatran etexilate mesilate,ema_product_name,epar
posaconazole ahcl,posaconazole,ema_product_name,epar
potactasol,topotecan,ema_product_name,epar
levitra,vardenafil,ema_product_name,epar
ocaliva,obeticholic acid,ema_product_name,epar
gavreto,pralsetinib,ema_product_name,epar
kinzalkomb,telmisartan|hydrochlorothiazide,ema_product_name,epar
pritorplus,telmisartan|hydrochlorothiazide,ema_product_name,epar
pravafenix,fenofibrate|pravastatin,ema_product_name,epar
pheburane,sodium phenylbutyrate,ema_product_name,epar
pepaxti,melphalan flufenamide hydrochloride,ema_product_name,epar
previcox,firocoxib,ema_product_name,epar
prehevbri,hepatitis b surface antigen,ema_product_name,epar
dany's bienenwohl,oxalic acid dihydrate,ema_product_name,epar
oxybee,oxalic acid dihydrate,ema_product_name,epar
gonal-f,follitropin alfa,ema_product_name,epar
renvela,sevelamer carbonate,ema_product_name,epar
vaxxon nd clone,"newcastle disease virus, strain clone, live attenuated",ema_product_name,epar
duotic,betamethasone acetate|terbinafine,ema_product_name,epar
tecfidera,dimethyl fumarate,ema_product_name,epar
apremilast viatris,apremilast,ema_product_name,epar
stalevo,levodopa|carbidopa|entacapone,ema_product_name,epar
nobivac l4,leptospira interrogans serogroup canicola serovar portland-vere (strain ca-12-000)|l. interrogans serogroup icterohaemorrhagiae serovar copenhageni (strain ic-02-001)|l. interrogans serogroup australis serovar bratislava (strain as-05-073)|l. kirschneri serogroup grippotyphosa serovar dadas (strain gr-01-005),ema_product_name,epar
versican plus dhppi,"canine distemper virus, strain cdv bio 11|a, canine adenovirus type 2, strain cav-2 bio 13, canine parvovirus type 2b, strain cpv-2b bio 12|b and canine parainfluenza type 2 virus, strain cpiv-2 bio 15 (all live attenuated)",ema_product_name,epar
versican plus dhppi/l4,"canine distemper virus, strain cdv bio 11|a, canine adenovirus type 2, strain cav-2 bio 13, canine parvovirus type 2b, strain cpv-2b bio 12|b, canine parainfluenza type 2 virus, strain cpiv-2 bio 15 (all live attenuated), leptospira interrogans serogroup australis serovar bratislava, strain mslb 1088, l. interrogans serogroup icterohaemorrhagiae serovar icterohaemorrhagiae, strain mslb 1089, l. interrogans serogroup canicola serovar canicola, strain mslb 1090, l. kirschneri serogroup grippotyphosa serovar grippotyphosa, strain mslb 1091...",ema_product_name,epar
idelvion,albutrepenonacog alfa,ema_product_name,epar
purevax rcp felv,attenuated feline rhinotracheitis herpesvirus (fhv f2 strain)|inactivated feline calicivirosis antigens (fcv 431 and g1 strains)|attenuated feline panleucopenia virus (pli iv)|felv recombinant canarypox virus (vcp97),ema_product_name,epar
purevax rcp,attenuated feline panleucopenia virus (pli iv),ema_product_name,epar
purevax felv,feline leukaemia virus recombinant canarypox virus (vcp97),ema_product_name,epar
zyprexa velotab,olanzapine,ema_product_name,epar
sevelamer carbonate winthrop (previously sevelamer carbonate zentiva),sevelamer carbonate,ema_product_name,epar
voncento,human coagulation factor viii|human von willebrand factor,ema_product_name,epar
firdapse (previously zenas),amifampridine,ema_product_name,epar
wilzin,zinc,ema_product_name,epar
vizimpro,dacomitinib monohydrate,ema_product_name,epar
durysta,bimatoprost,ema_product_name,epar
naglazyme,galsulfase,ema_product_name,epar
vedrop,tocofersolan,ema_product_name,epar
bamlanivimab and etesevimab for covid-19,bamlanivimab|etesevimab,ema_product_name,epar
ledaga,chlormethine,ema_product_name,epar
cystadane,betaine anhydrous,ema_product_name,epar
isturisa,osilodrostat phosphate,ema_product_name,epar
cystagon,mercaptamine bitartrate,ema_product_name,epar
alli (previously orlistat gsk),orlistat,ema_product_name,epar
esperoct,turoctocog alfa pegol,ema_product_name,epar
bevespi aerosphere,glycopyrronium|formoterol fumarate dihydrate,ema_product_name,epar
tavlesse,fostamatinib disodium,ema_product_name,epar
prevexxion rn+hvt+ibd,"live recombinant marek's disease virus, serotype 1, strain rn1250|live recombinant turkey herpesvirus, expressing the vp2 protein of infectious bursal disease virus, strain vhvt013-69",ema_product_name,epar
metacam,meloxicam,ema_product_name,epar
sancuso,granisetron,ema_product_name,epar
frontpro (previously afoxolaner merial),afoxolaner,ema_product_name,epar
lutetium (177lu) chloride billev (previously illuzyce),lutetium (177lu) chloride,ema_product_name,epar
onivyde pegylated liposomal (previously onivyde),irinotecan anhydrous free-base,ema_product_name,epar
akantior,polihexanide,ema_product_name,epar
duloxetine zentiva,duloxetine,ema_product_name,epar
xultophy,insulin degludec|liraglutide,ema_product_name,epar
rixubis,nonacog gamma,ema_product_name,epar
vaniqa,eflornithine,ema_product_name,epar
senshio,ospemifene,ema_product_name,epar
kauliv,teriparatide,ema_product_name,epar
pombiliti,cipaglucosidase alfa,ema_product_name,epar
bydureon,exenatide,ema_product_name,epar
fevaxyn pentofel,inactivated feline rhinotracheitis virus|inactivated feline calicivirus|inactivated feline chlamydophila felis|inactivated feline leukaemia virus|inactivated feline panleukopenia virus,ema_product_name,epar
nezglyal,leriglitazone hydrochloride,ema_product_name,epar
ganfort,bimatoprost|timolol,ema_product_name,epar
lumigan,bimatoprost,ema_product_name,epar
celsunax,ioflupane (123i),ema_product_name,epar
buccolam,midazolam,ema_product_name,epar
convenia,cefovecin (as sodium salt),ema_product_name,epar
cepedex,dexmedetomidine hydrochloride,ema_product_name,epar
cardalis,benazepril hydrochloride|spironolactone,ema_product_name,epar
omidria,ketorolac|phenylephrine,ema_product_name,epar
canigen l4,inactivated leptospira strains: l. interrogans serogroup canicola serovar portland-vere (strain ca-12-000)|l. interrogans serogroup icterohaemorrhagiae serovar copenhageni (strain ic-02-001)|l. interrogans serogroup australis serovar bratislava (strain as-05-073)|l. kirschneri serogroup grippotyphosa serovar dadas (strain gr-01-005),ema_product_name,epar
broadline,eprinomectin|fipronil|praziquantel|(s)-methoprene,ema_product_name,epar
bovela,"modified live bovine viral diarrhoea virus type 1, non-cytopathic parent strain ke-9 and modified live bovine viral diarrhoea virus type 2, non-cytopathic parent strain ny-93",ema_product_name,epar
versican plus pi/l4,"canine parainfluenza type 2 virus, strain cpiv-2 bio 15 (live attenuated), leptospira interrogans serogroup australis serovar bratislava, strain mslb 1088, l. interrogans serogroup icterohaemorrhagiae serovar icterohaemorrhagiae, strain mslb 1089, l. interrogans serogroup canicola serovar canicola, strain mslb 1090 and l. kirschneri serogroup grippotyphosa serovar grippotyphosa, strain mslb 1091 (all inactivated)",ema_product_name,epar
versican plus pi,"canine parainfluenza type-2 virus, strain cpiv-2 bio 15 (live attenuated)",ema_product_name,epar
versican plus l4,"leptospira interrogans serogroup australis serovar bratislava, strain mslb 1088, l. interrogans serogroup icterohaemorrhagiae serovar icterohaemorrhagiae, strain mslb 1089, l. interrogans serogroup canicola serovar canicola, strain mslb 1090, l. kirschneri serogroup grippotyphosa serovar grippotyphosa, strain mslb 1091 (all inactivated)",ema_product_name,epar
innovax-nd-ibd,"cell-associated live recombinant turkey herpesvirus (strain hvp360), expressing the fusion protein of nd virus and the vp2 protein of ibd virus",ema_product_name,epar
vaxxitek hvt+ibd,"recombinant turkey herpesvirus, strain vhvt013-69, live",ema_product_name,epar
poulvac e. coli,"live aroa gene deleted escherichia coli, type 078, strain ec34195",ema_product_name,epar
porcilis pcv m hyo,"porcine circovirus type 2 (pcv2) orf2 subunit antigen, mycoplasma hyopneumoniae j strain inactivated",ema_product_name,epar
byetta,exenatide,ema_product_name,epar
pemetrexed sandoz,pemetrexed disodium hemipentahydrate,ema_product_name,epar
porcilis coliclos,clostridium perfringens type c|escherichia coli f4ab|e. coli f4ac|e. coli f5|e. coli f6|e. coli lt,ema_product_name,epar
arthricox,firocoxib,ema_product_name,epar
cirbloc m hyo,"mycoplasma hyopneumoniae, strain 2940, inactivated|porcine circovirus 2, orf2 capsid protein",ema_product_name,epar
nobivac dp plus,live attenuated canine distemper virus strain onderstepoort: 105.1 - 106.5 tcid50|live recombinant canine parvovirus strain 630a: 105.1 - 106.7 tcid50,ema_product_name,epar
hiprabovis ibr marker live,"live ge- tk- double-gene-deleted bovine herpes virus type 1, strain ceddel: 106.3-107.3 ccid50",ema_product_name,epar
vidaza,azacitidine,ema_product_name,epar
gliolan,5-aminolevulinic acid hydrochloride,ema_product_name,epar
translarna,ataluren,ema_product_name,epar
suvaxyn aujeszky 783 + o/w,live attenuated aujeszky's disease virus,ema_product_name,epar
oxervate,recombinant human nerve growth factor,ema_product_name,epar
tracleer,bosentan (as monohydrate),ema_product_name,epar
btvpur,bluetongue-virus serotype-1 antigen|bluetongue virus serotype 8 antigen,ema_product_name,epar
nobilis influenza h5n2,inactivated whole avian influenza virus antigen of h5n2 subtype (strain a|duck|potsdam|1402|86),ema_product_name,epar
onbevzi,bevacizumab,ema_product_name,epar
jylamvo,methotrexate,ema_product_name,epar
proteqflu,vcp 2242 virus|vcp1529 virus|vcp1533 virus|vcp3011 virus,ema_product_name,epar
solensia,frunevetmab,ema_product_name,epar
stayveer,bosentan (as monohydrate),ema_product_name,epar
proteqflu-te,clostridium tetani toxoid|vcp 2242 virus|vcp1529 virus|vcp1533 virus|vcp3011 virus,ema_product_name,epar
innovax-ilt,"cell-associated live recombinant turkey herpesvirus (strain hvt|ilt-138), expressing the glycoproteins gd and gi of infectious laryngotracheitis virus",ema_product_name,epar
memantine lek,memantine hydrochloride,ema_product_name,epar
zydelig,idelalisib,ema_product_name,epar
purevax rc,attenuated feline rhinotracheitis herpesvirus (fhv f2 strain)|inactivated feline calicivirosis antigens (fcv 431 and g1 strains),ema_product_name,epar
zytiga,abiraterone acetate,ema_product_name,epar
velcade,bortezomib,ema_product_name,epar
ciambra,pemetrexed disodium hemipentahydrate,ema_product_name,epar
aldurazyme,laronidase,ema_product_name,epar
gefitinib mylan,gefitinib,ema_product_name,epar
purevax rabies,vcp65 virus,ema_product_name,epar
suvaxyn prrs mlv,modified live porcine respiratory and reproductive syndrome virus,ema_product_name,epar
nobilis ib 4-91,live attenuated avian infectious bronchitis virus variant strain 4-91,ema_product_name,epar
mevlyq,eribulin mesylate,ema_product_name,epar
versican plus pi/l4r,"canine parainfluenza virus, leptospira and rabies virus.",ema_product_name,epar
equip wnv (previously duvaxyn wnv),"inactivated west nile virus, strain vm-2",ema_product_name,epar
versican plus dhppi/l4r,"canine distemper virus, strain cdv bio 11|a, canine adenovirus type 2, strain cav-2 bio 13, canine parvovirus type 2b, strain cpv-2b bio 12|b, canine parainfluenza type 2 virus, strain cpiv-2 bio 15 (all live attenuated), leptospira interrogans serogroup australis serovar bratislava, strain mslb 1088, l. interrogans serogroup icterohaemorrhagiae serovar icterohaemorrhagiae, strain mslb 1089, l. interrogans serogroup canicola serovar canicola, strain mslb 1090, l. kirschneri serogroup grippotyphosa serovar grippotyphosa, strain mslb 1091...",ema_product_name,epar
aivlosin,tylvalosin,ema_product_name,epar
porcilis pcv id,porcine circovirus type 2 orf2 subunit antigen,ema_product_name,epar
arti-cell forte,chondrogenic induced equine allogeneic peripheral blood-derived mesenchymal stem cells,ema_product_name,epar
halaven,eribulin,ema_product_name,epar
purevax rcpch felv,attenuated feline rhinotracheitis herpesvirus (fhv f2 strain)|inactivated feline calicivirosis antigens (fcv 431 and g1 strains)|attenuated feline panleucopenia virus (pli iv)|felv recombinant canarypox virus (vcp97)|attenuated chlamydophila felis (905 strain),ema_product_name,epar
purevax rcpch,attenuated feline rhinotracheitis herpesvirus (fhv f2 strain)|inactivated feline calicivirosis antigens (fcv 431 and g1 strains)|attenuated chlamydophila felis (905 strain)|attenuated feline panleucopenia virus (pli iv),ema_product_name,epar
innovax-nd-ilt,cell-associated live recombinant turkey herpesvirus (strain hvt|ndv|ilt) expressing the fusion protein of newcastle disease virus and the glycoproteins gd and gi of infectious laryngotracheitis virus,ema_product_name,epar
divence ibr marker live,"infectious bovine rhinotracheitis virus, strain ceddel, ge- tk- double-gene deleted, live",ema_product_name,epar
oxbryta,voxelotor,ema_product_name,epar
zeleris,florfenicol|meloxicam,ema_product_name,epar
viekirax,ombitasvir|paritaprevir|ritonavir,ema_product_name,epar
exviera,dasabuvir sodium,ema_product_name,epar
dificlir,fidaxomicin,ema_product_name,epar
kinharto,omecamtiv mecarbil dihydrochloride hydrate,ema_product_name,epar
giapreza,angiotensin ii acetate,ema_product_name,epar
entacapone orion,entacapone,ema_product_name,epar
repaglinide accord,repaglinide,ema_product_name,epar
porcilis pcv m hyo id,"porcine circovirus type 2, orf2 capsid protein|mycoplasma hyopneumoniae, strain j, inactivated",ema_product_name,epar
cevac salmune eti k,"salmonella enterica, subsp. enterica, serovar enteritidis, strain 038-90, inactivated|salmonella enterica, subsp. enterica, serovar typhimurium, strain 076-94, inactivated|and salmonella enterica, subsp. enterica, serovar infantis, strain sm-595, inactivated",ema_product_name,epar
cepeloron,spironolactone,ema_product_name,epar
comtess,entacapone,ema_product_name,epar
peyona (previously nymusa),caffeine citrate,ema_product_name,epar
vemlidy,tenofovir alafenamide fumarate,ema_product_name,epar
dexdomitor,dexmedetomidine hydrochloride,ema_product_name,epar
bonviva,ibandronic acid,ema_product_name,epar
bondronat,ibandronic acid,ema_product_name,epar
resolor,prucalopride succinate,ema_product_name,epar
xarelto,rivaroxaban,ema_product_name,epar
nobilis multriva rt+ibm+nd+eds,avian infectious bronchitis|newcastle disease|egg drop syndrome virus vaccine (inactivated)|sorbitan oleate|turkey rhinotracheitis virus (inactivated),ema_product_name,epar
nobilis multriva rt+ibm+nd+gm+reom,avian infectious bronchitis|avian reovirus|avian infectious bursal disease|newcastle disease|turkey rhinotracheitis virus (inactivated),ema_product_name,epar
nyxthracis (previously obiltoxaximab sfl),nyxthracis,ema_product_name,epar
savene,dexrazoxane hydrochloride,ema_product_name,epar
ivabradine accord,ivabradine hydrochloride,ema_product_name,epar
fabrazyme,agalsidase beta,ema_product_name,epar
carmustine medac (previously carmustine obvius),carmustine,ema_product_name,epar
pramipexole teva,pramipexole dihydrochloride monohydrate,ema_product_name,epar
tevagrastim,filgrastim,ema_product_name,epar
ratiograstim,filgrastim,ema_product_name,epar
iasibon,ibandronic acid,ema_product_name,epar
zaltrap,aflibercept,ema_product_name,epar
ibandronic acid teva,ibandronic acid,ema_product_name,epar
pioglitazone accord,pioglitazone hydrochloride,ema_product_name,epar
vaxzevria (previously covid-19 vaccine astrazeneca),chadox1-sars-cov-2,ema_product_name,epar
tremelimumab astrazeneca,tremelimumab,ema_product_name,epar
rilutek,riluzole,ema_product_name,epar
oprymea,pramipexole dihydrochloride monohydrate,ema_product_name,epar
myozyme,alglucosidase alfa,ema_product_name,epar
lymphoseek,tilmanocept,ema_product_name,epar
intelence,etravirine,ema_product_name,epar
fasturtec,rasburicase,ema_product_name,epar
tizveni,tislelizumab,ema_product_name,epar
evicel,human fibrinogen|human thrombin,ema_product_name,epar
mozobil,plerixafor,ema_product_name,epar
taxotere,docetaxel,ema_product_name,epar
vidprevtyn beta,"sars-cov-2 prefusion spike delta tm protein, recombinant (b.1.351 strain)",ema_product_name,epar
upstelda,ustekinumab,ema_product_name,epar
pemetrexed krka,pemetrexed disodium,ema_product_name,epar
fareston,toremifene,ema_product_name,epar
suboxone,buprenorphine|naloxone,ema_product_name,epar
prezista,darunavir,ema_product_name,epar
symtuza,darunavir|cobicistat|emtricitabine|tenofovir alafenamide,ema_product_name,epar
nulibry,fosdenopterin hydrobromide dihydrate,ema_product_name,epar
entecavir accord,entecavir,ema_product_name,epar
duoresp spiromax,budesonide|formoterol fumarate dihydrate,ema_product_name,epar
biresp spiromax,budesonide|formoterol fumarate dihydrate,ema_product_name,epar
evoltra,clofarabine,ema_product_name,epar
trevicta (previously paliperidone janssen),paliperidone palmitate,ema_product_name,epar
luveris,lutropin alfa,ema_product_name,epar
agilus,"dantrolene sodium, hemiheptahydrate",ema_product_name,epar
palynziq,pegvaliase,ema_product_name,epar
invega,paliperidone,ema_product_name,epar
pixuvri,pixantrone dimaleate,ema_product_name,epar
zevalin,ibritumomab tiuxetan,ema_product_name,epar
duloxetine lilly,duloxetine,ema_product_name,epar
cymbalta,duloxetine,ema_product_name,epar
yentreve,duloxetine hydrochloride,ema_product_name,epar
palladia,toceranib,ema_product_name,epar
zuprevo,tildipirosin,ema_product_name,epar
ypozane,osaterone acetate,ema_product_name,epar
zactran,gamithromycin,ema_product_name,epar
sevoflo,sevoflurane,ema_product_name,epar
bravecto plus,fluralaner|moxidectin,ema_product_name,epar
naxcel,ceftiofur,ema_product_name,epar
onsior,robenacoxib,ema_product_name,epar
aservo equihaler,ciclesonide,ema_product_name,epar
stronghold,selamectin,ema_product_name,epar
cerenia,maropitant citrate,ema_product_name,epar
dabigatran etexilate teva,dabigatran etexilate mesilate,ema_product_name,epar
exzolt,fluralaner,ema_product_name,epar
zolvix,monepantel,ema_product_name,epar
trocoxil,mavacoxib,ema_product_name,epar
evicto,selamectin,ema_product_name,epar
semintra,telmisartan,ema_product_name,epar
apoquel,oclacitinib maleate,ema_product_name,epar
sileo,dexmedetomidine hydrochloride,ema_product_name,epar
atosiban sun,atosiban (as acetate),ema_product_name,epar
lotimax,lotilaner,ema_product_name,epar
lexylan,cefalexin sodium|cefalexin,ema_product_name,epar
trilorale,trilostane,ema_product_name,epar
alcort,hydrocortisone aceponate,ema_product_name,epar
trilocur,trilostane,ema_product_name,epar
bonqat,pregabalin,ema_product_name,epar
recocam,meloxicam,ema_product_name,epar
forceris,toltrazuril|iron (iii) ion,ema_product_name,epar
activyl,indoxacarb,ema_product_name,epar
bovilis blue-8,"bluetongue virus vaccine, serotype 8 (inactivated)",ema_product_name,epar
advocate,imidacloprid|moxidectin,ema_product_name,epar
suprelorin,deslorelin acetate,ema_product_name,epar
gumbohatch,"live attenuated infectious bursal disease virus (ibdv), strain 1052",ema_product_name,epar
melovem,meloxicam,ema_product_name,epar
vectra 3d,dinotefuran|pyriproxyfen|permethrin,ema_product_name,epar
simparica trio,moxidectin|sarolaner|pyrantel embonate,ema_product_name,epar
coxevac,"inactivated coxiella burnetii vaccine, strain nine mile",ema_product_name,epar
credelio plus,lotilaner|milbemycin oxime,ema_product_name,epar
simparica,sarolaner,ema_product_name,epar
veltassa,patiromer sorbitex calcium,ema_product_name,epar
improvac,synthetic peptide analogue of gnrf conjugated to diptheria toxoid,ema_product_name,epar
respivac ampv (previously respivac trt),"turkey rhinotracheitis virus, strain 1062, live",ema_product_name,epar
lamivudine teva,lamivudine,ema_product_name,epar
parsabiv,etelcalcetide hydrochloride,ema_product_name,epar
myocet liposomal (previously myocet),doxorubicin hydrochloride,ema_product_name,epar
credelio,lotilaner,ema_product_name,epar
circovac,inactivated porcine circovirus type 2 (pcv2),ema_product_name,epar
bravecto,fluralaner,ema_product_name,epar
innovax-nd-h5,"turkey herpesvirus, strain hvt-nd-h5 (cell-associated), expressing fusion protein gene of newcastle disease virus and haemagglutinin gene of avian influenza virus subtype h5",ema_product_name,epar
nobilis multriva rt+ibm+nd+gm+reom+eds,avian metapneumovirus|avian infectious bronchitis|newcastle disease|avian infectious bursal disease|avian reovirus and egg drop syndrome virus vaccine (inactivated),ema_product_name,epar
divence tetra,bovine viral diarrhoea virus type 1 and type 2 (subunit recombinant)|bovine parainfluenza 3 virus (inactivated) and bovine respiratory syncytial virus vaccine,ema_product_name,epar
divence penta,"bovine parainfluenza virus 3, strain sf-4 reisinger, inactivated|live attenuated bovine respiratory syncytial virus (brsv), strain lym-56|bovine viral diarrhoea virus 1, e2 recombinant protein|bovine viral diarrhoea virus 2, e2 recombinant protein|infectious bovine rhinotracheitis virus, strain ceddel, ge- tk- double-gene deleted, live",ema_product_name,epar
enteroporc coli,inactivated fimbrial adhesins of escherichia coli f4ab|inactivated fimbrial adhesins of escherichia coli f4ac|inactivated fimbrial adhesins of escherichia coli f5|inactivated fimbrial adhesins of escherichia coli f6,ema_product_name,epar
meloxoral,meloxicam,ema_product_name,epar
nuceiva,botulinum toxin type a,ema_product_name,epar
vectormune fp ilt,"recombinant fowlpox virus expressing the membrane fusion protein and the encapsidation protein of avian infectious laryngotracheitis virus, live",ema_product_name,epar
strangvac,recombinant streptococcus equi protein cce|recombinant streptococcus equi protein eq85|recombinant streptococcus equi protein idee,ema_product_name,epar
senvelgo,velagliflozin l-proline monohydrate,ema_product_name,epar
loxitab,meloxicam,ema_product_name,epar
eluracat,capromorelin tartrate,ema_product_name,epar
oxmax,hemoglobin betafumaril (bovine),ema_product_name,epar
temozolomide teva,temozolomide,ema_product_name,epar
ghryvelin (previously macimorelin aeterna zentaris),macimorelin acetate,ema_product_name,epar
onglyza,saxagliptin,ema_product_name,epar
pirfenidone axunio (previously pirfenidone aet),pirfenidone,ema_product_name,epar
eladynos,abaloparatide,ema_product_name,epar
ranexa (previously latixa),ranolazine,ema_product_name,epar
lonsurf,trifluridine|tipiracil hydrochloride,ema_product_name,epar
niapelf,paliperidone palmitate,ema_product_name,epar
ertapenem sun,ertapenem sodium,ema_product_name,epar
nobivac lovo l4,"leptospira interrogans, serogroup australis, serovar bratislava, strain as-05-073, inactivated,leptospira interrogans, serogroup canicola, serovar portland-vere, strain ca-12-000, inactivated,leptospira interrogans, serogroup icterohaemorrhagiae, serovar copenhageni, strain ic-02-001, inactivated,leptospira kirschneri, serogroup grippotyphosa, serovar dadas, strain gr-01-005, inactivated,",ema_product_name,epar
bovilis nasalgen-c,"bovine coronavirus, strain ca25, live",ema_product_name,epar
bovilis cryptium,"cryptosporidium parvum, glycoprotein gp40",ema_product_name,epar
poulvac procerta hvt-ibd,"turkey herpes virus, strain hvt-ibd, expressing infectious bursal disease virus vp2 protein, live",ema_product_name,epar
ximluci,ranibizumab,ema_product_name,epar
clopidogrel ratiopharm,clopidogrel (as hydrogen sulfate),ema_product_name,epar
cuprior,trientine tetrahydrochloride,ema_product_name,epar
exblifep,cefepime dihydrochloride monohydrate|enmetazobactam,ema_product_name,epar
sustiva,efavirenz,ema_product_name,epar
pramipexole accord,pramipexole dihydrochloride monohydrate,ema_product_name,epar
innovax-ilt-ibd,"turkey herpes virus, expressing infectious bursal disease virus and avian infectious laryngotracheitis virus, strain hvt|ibd|ilt, live",ema_product_name,epar
prevexxion rn+hvt,"marek's disease virus, strain rn1250, live|turkey herpesvirus, strain fc126, live",ema_product_name,epar
eurican l4,"inactivated immunological veterinary medicinal product containing leptospira interrogans, serogroup canicola, serovar canicola, strain 16070, l. interrogans, serogroup icterohaemorrhagiae, serovar icterohaemorrhagiae, strain 16069, l. interrogans, serogroup grippotyphosa, serovar grippotyphosa, strain grippo mal 1540, l. interrogans, serogroup australis, serovar bratislava, strain",ema_product_name,epar
yurvac rhd,"rabbit haemorrhagic disease virus, capsid protein antigen, recombinant",ema_product_name,epar
zalasta,olanzapine,ema_product_name,epar
apealea,paclitaxel,ema_product_name,epar
clopidogrel teva (hydrogen sulphate),clopidogrel (as hydrogen sulfate),ema_product_name,epar
fuzeon,enfuvirtide,ema_product_name,epar
horstem,equine umbilical cord mesenchymal stem cells,ema_product_name,epar
prolevare,oclacitinib maleate,ema_product_name,epar
circomax,"recombinant chimeric porcine circovirus 1 containing the porcine circovirus 2a open reading frame 2 protein, inactivated,recombinant chimeric porcine circovirus 1 containing the porcine circovirus 2b open reading frame 2 protein, inactivated",ema_product_name,epar
brucellin aquilon,"brucella abortus, strain aq1302, protein extract",ema_product_name,epar
adtab (previously lotilaner elanco),lotilaner,ema_product_name,epar
catiolanze,latanoprost,ema_product_name,epar
mometamax ultra,gentamicin|mometasone furoate|posaconazole,ema_product_name,epar
evanovo,"eimeria acervulina, strain 044, live|eimeria maxima, strain 013, live|eimeria praecox, strain 007, live|eimeria tenella, strain 004, live",ema_product_name,epar
dogstem,equine umbilical cord-derived mesenchymal stem cells,ema_product_name,epar
cortaderm,hydrocortisone aceponate,ema_product_name,epar
coxatab,firocoxib,ema_product_name,epar
sugammadex lorien,sugammadex sodium,ema_product_name,epar
actraphane,insulin human,ema_product_name,epar
albrioza,sodium phenylbutyrate|ursodoxicoltaurine,ema_product_name,epar
chanaxin,tulathromycin,ema_product_name,epar
mixtard,insulin human,ema_product_name,epar
nemdatine,memantine,ema_product_name,epar
flebogamma dif (previously flebogammadif),human normal immunoglobulin,ema_product_name,epar
azacitidine betapharm,azacitidine,ema_product_name,epar
dimethyl fumarate teva,dimethyl fumarate,ema_product_name,epar
dimethyl fumarate polpharma,dimethyl fumarate,ema_product_name,epar
defitelio,defibrotide,ema_product_name,epar
clopidogrel taw pharma (previously clopidogrel mylan),clopidogrel hydrochloride,ema_product_name,epar
jesduvroq,daprodustat,ema_product_name,epar
ivozall,clofarabine,ema_product_name,epar
pylobactell,urea (13c),ema_product_name,epar
"covid-19 vaccine (inactivated, adjuvanted) valneva","covid-19 vaccine (inactivated, adjuvanted, adsorbed)",ema_product_name,epar
betaferon,interferon beta-1b,ema_product_name,epar
jivadco,trastuzumab duocarmazine,ema_product_name,epar
zynrelef,bupivacaine|meloxicam,ema_product_name,epar
spectrila,asparaginase,ema_product_name,epar
sildenafil actavis,sildenafil,ema_product_name,epar
gefzuris,gefapixant,ema_product_name,epar
lutholaz,pegfilgrastim,ema_product_name,epar
rebetol,ribavirin,ema_product_name,epar
canileish,leishmania infantum excreted secreted proteins,ema_product_name,epar
vivjoa,oteseconazole,ema_product_name,epar
imatinib koanaa,imatinib mesilate,ema_product_name,epar
plenadren,hydrocortisone,ema_product_name,epar
pregabalin sandoz gmbh,pregabalin,ema_product_name,epar
adakveo,crizanlizumab,ema_product_name,epar
eporatio,epoetin theta,ema_product_name,epar
biopoin,epoetin theta,ema_product_name,epar
vosevi,sofosbuvir|velpatasvir|voxilaprevi,ema_product_name,epar
epclusa,sofosbuvir|velpatasvir,ema_product_name,epar
invirase,saquinavir,ema_product_name,epar
melatonin neurim,melatonin,ema_product_name,epar
pandemic influenza vaccine h5n1 baxter ag,"influenza vaccine (whole virion, inactivated) containing antigen of: a|vietnam|1203|2004 (h5n1)",ema_product_name,epar
tandemact,pioglitazone|glimepiride,ema_product_name,epar
nobivac myxo-rhd,live myxoma-vectored rabbit-haemorrhagic-disease virus strain 009,ema_product_name,epar
novomix,insulin aspart,ema_product_name,epar
actos,pioglitazone hydrochloride,ema_product_name,epar
lagevrio,molnupiravir,ema_product_name,epar
lumevoq,lenadogene nolparvovec,ema_product_name,epar
busilvex,busulfan,ema_product_name,epar
sohonos,palovarotene,ema_product_name,epar
vipidia,alogliptin,ema_product_name,epar
nutropinaq,somatropin,ema_product_name,epar
fotivda,tivozanib,ema_product_name,epar
iressa,gefitinib,ema_product_name,epar
feraheme,ferumoxytol,ema_product_name,epar
lenalidomide krka d.d.,lenalidomide hydrochloride hydrate,ema_product_name,epar
asimtufii,aripiprazole monohydrate,ema_product_name,epar
aftovaxpur doe,"maximum three of the following purified, inactivated foot-and-mouth disease virus strains: o1 manisa ≥ 6 pd50*|o1 bfs ≥ 6 pd50*|o taiwan 3|97 ≥ 6 pd50*|a22 iraq ≥ 6 pd50*|a24 cruzeiro ≥ 6 pd50*|a turkey 14|98 ≥ 6 pd50*|asia 1 shamir ≥ 6 pd50*|sat2 saudi arabia ≥ 6 pd50*|* pd50 - 50% protective dose in cattle as described in ph. eur. monograph 0063.",ema_product_name,epar
luminity,perflutren,ema_product_name,epar
comfortis,spinosad,ema_product_name,epar
tidhesco,ivosidenib,ema_product_name,epar
nitisinone mdk (previously nitisinone mendelikabs),nitisinone,ema_product_name,epar
omblastys,iodine (131i) omburtamab,ema_product_name,epar
nityr,nitisinone,ema_product_name,epar
pioglitazone actavis,pioglitazone hydrochloride,ema_product_name,epar
pantozol control,pantoprazole,ema_product_name,epar
controloc control,pantoprazole,ema_product_name,epar
somac control,pantoprazole,ema_product_name,epar
xenical,orlistat,ema_product_name,epar
pioglitazone teva,pioglitazone hydrochloride,ema_product_name,epar
neurobloc,botulinum toxin type b,ema_product_name,epar
raltegravir viatris,raltegravir potassium,ema_product_name,epar
lamivudine teva pharma b.v.,lamivudine,ema_product_name,epar
inpremzia,insulin human (rdna),ema_product_name,epar
ceplene,histamine dihydrochloride,ema_product_name,epar
emtriva,emtricitabine,ema_product_name,epar
granpidam,sildenafil citrate,ema_product_name,epar
depocyte,cytarabine,ema_product_name,epar
dasatinib accord,dasatinib,ema_product_name,epar
dasatinib accordpharma,dasatinib,ema_product_name,epar
newflend nd h9,"turkey herpes virus, strain rhvt|nd expressing newcastle disease virus, live",ema_product_name,epar
lamivudine/zidovudine teva,lamivudine|zidovudine,ema_product_name,epar
vihuma,simoctocog alfa,ema_product_name,epar
nevirapine teva,nevirapine,ema_product_name,epar
pregabalin zentiva k.s.,pregabalin,ema_product_name,epar
temozolomide sandoz,temozolomide,ema_product_name,epar
hepsera,adefovir dipivoxil,ema_product_name,epar
efavirenz teva,efavirenz,ema_product_name,epar
kogenate bayer,octocog alfa,ema_product_name,epar
garsun,artesunate,ema_product_name,epar
temozolomide hexal,temozolomide,ema_product_name,epar
novoseven,eptacog alfa (activated),ema_product_name,epar
aloxi,palonosetron hydrochloride,ema_product_name,epar
vizarsin,sildenafil,ema_product_name,epar
odefsey,emtricitabine|rilpivirine hydrochloride|tenofovir alafenamide,ema_product_name,epar
xagrid,anagrelide,ema_product_name,epar
tybost,cobicistat,ema_product_name,epar
aliqopa,copanlisib dihydrochloride,ema_product_name,epar
miplyffa,arimoclomol citrate,ema_product_name,epar
imbarkyd,bardoxolone methyl,ema_product_name,epar
darunavir krka d.d.,darunavir,ema_product_name,epar
febseltiq,infigratinib monophosphate,ema_product_name,epar
versiguard sars cov2,recombinant sars cov2 spike protein,ema_product_name,epar
pemetrexed baxter,pemetrexed disodium heptahydrate,ema_product_name,epar
trogarzo,ibalizumab,ema_product_name,epar
ammonaps,sodium phenylbutyrate,ema_product_name,epar
introna,interferon alfa-2b,ema_product_name,epar
hervelous,trastuzumab,ema_product_name,epar
tookad,padeliporfin di-potassium,ema_product_name,epar
macugen,pegaptanib,ema_product_name,epar
zynteglo,autologous cd34+ cell enriched population that contains haematopoietic stem cells transduced with lentiviral vector encoding the βa-t87q-globin gene,ema_product_name,epar
cevenfacta,eptacog beta (activated),ema_product_name,epar
temybric ellipta,fluticasone furoate|umeclidinium bromide|vilanterol trifenatate,ema_product_name,epar
exkivity,mobocertinib,ema_product_name,epar
abylqis,arachis hypogaea extract,ema_product_name,epar
sevsury,surufatinib,ema_product_name,epar
neoleish,bacterial dna plasmid containing lack gene from leishmania infantum,ema_product_name,epar
orepaxam,treprostinil diolamine,ema_product_name,epar
parsaclisib incyte biosciences distribution b.v.,parsaclisib hydrochloride,ema_product_name,epar
dimherity,dimethyl fumarate,ema_product_name,epar
glubrava,metformin hydrochloride|pioglitazone hydrochloride,ema_product_name,epar
glidipion (previously pioglitazone actavis group),pioglitazone hydrochloride,ema_product_name,epar
glustin,pioglitazone hydrochloride,ema_product_name,epar
activyl tick plus,indoxacarb|permethrin,ema_product_name,epar
firmagon,degarelix,ema_product_name,epar
nobilis or inac,"inactivated whole cell suspension of ornithobacterium rhinotracheale serotype a, strain b3263|91",ema_product_name,epar
hemaryo,eptacog alfa (activated),ema_product_name,epar
zalviso,sufentanil,ema_product_name,epar
incresync,alogliptin|pioglitazone,ema_product_name,epar
pioglitazone teva pharma,pioglitazone hydrochloride,ema_product_name,epar
epivir,lamivudine,ema_product_name,epar
combivir,lamivudine|zidovudine,ema_product_name,epar
zynquista,sotagliflozin,ema_product_name,epar
thymanax,agomelatine,ema_product_name,epar
aduhelm,aducanumab,ema_product_name,epar
bovilis btv8,"bluetongue virus vaccine, serotype 8 (inactivated)",ema_product_name,epar
ganirelix gedeon richter,ganirelix acetate,ema_product_name,epar
episalvan,betulae cortex,ema_product_name,epar
deferiprone lipomed,deferiprone,ema_product_name,epar
crixivan,indinavir sulfate ethanolate,ema_product_name,epar
senstend,lidocaine|prilocaine,ema_product_name,epar
imatinib actavis,imatinib,ema_product_name,epar
sildenafil teva,sildenafil,ema_product_name,epar
cuprymina,copper (64cu) chloride,ema_product_name,epar
memantine ratiopharm,memantine hydrochloride,ema_product_name,epar
starlix,nateglinide,ema_product_name,epar
kiovig,human normal immunoglobulin (ivig),ema_product_name,epar
sildenafil ratiopharm,sildenafil,ema_product_name,epar
sitoiganap,allogeneic glioma tumor cell lysates (inactivated)|allogeneic glioma tumor cells (inactivated)|autologous glioma tumor cell lysates (inactivated)|autologous glioma tumor cells (inactivated),ema_product_name,epar
amifampridine serb,amifampridine phosphate,ema_product_name,epar
ipique,bevacizumab,ema_product_name,epar
neffy,epinephrine,ema_product_name,epar
rasilez hct,aliskiren|hydrochlorothiazide,ema_product_name,epar
docetaxel zentiva (previously docetaxel winthrop),docetaxel,ema_product_name,epar
pregabalin mylan pharma,pregabalin,ema_product_name,epar
zektayos - hepjuvo,obeticholic acid,ema_product_name,epar
palonosetron hospira,palonosetron hydrochloride,ema_product_name,epar
dukoral,recombinant cholera toxin b subunit|vibrio cholerae 01,ema_product_name,epar
skysona,elivaldogene autotemcel,ema_product_name,epar
stimufend,pegfilgrastim,ema_product_name,epar
tractocile,atosiban (as acetate),ema_product_name,epar
temomedac,temozolomide,ema_product_name,epar
novothirteen,catridecacog,ema_product_name,epar
vivanza,vardenafil,ema_product_name,epar
renutend,tenogenic primed equine allogeneic peripheral blood-derived mesenchymal stem cells,ema_product_name,epar
leganto,rotigotine,ema_product_name,epar
raylumis,tanezumab,ema_product_name,epar
staquis,crisaborole,ema_product_name,epar
imoxat,imidacloprid|moxidectin,ema_product_name,epar
atripla,efavirenz|emtricitabine|tenofovir disoproxil fumarate,ema_product_name,epar
nouryant,istradefylline,ema_product_name,epar
ytracis,yttrium (90y) chloride,ema_product_name,epar
pantoloc control,pantoprazole,ema_product_name,epar
hydrocortisone aceponate ecuphar (previously cortacare),hydrocortisone aceponate,ema_product_name,epar
lenalidomide krka d.d. novo mesto (previously lenalidomide krka),lenalidomide hydrochloride monohydrate,ema_product_name,epar
docetaxel teva,docetaxel,ema_product_name,epar
marixino (previously maruxa),memantine hydrochloride,ema_product_name,epar
increxxa,tulathromycin,ema_product_name,epar
flynpovi,eflornithine hydrochloride|sulindac,ema_product_name,epar
pemetrexed lilly,pemetrexed,ema_product_name,epar
equidacent,bevacizumab,ema_product_name,epar
coliprotec f4,live non-pathogenic escherichia coli o8:k87,ema_product_name,epar
telmisartan teva pharma,telmisartan,ema_product_name,epar
curevac's covid-19 vaccine (cvncov),"single-stranded, 5'-capped messenger rna (mrna) produced using a cell-free in vitro transcription from the corresponding dna templates, encoding the viral spike (s) protein of sars-cov-2",ema_product_name,epar
oportuzumab monatox dlrc pharma services,oportuzumab monatox,ema_product_name,epar
inductos,dibotermin alfa,ema_product_name,epar
sildenafil fgk,sildenafil citrate,ema_product_name,epar
entacapone teva,entacapone,ema_product_name,epar
raloxifene teva,raloxifene hydrochloride,ema_product_name,epar
fiasp,insulin aspart,ema_product_name,epar
telmisartan teva,telmisartan,ema_product_name,epar
teriparatide cinnagen,teriparatide,ema_product_name,epar
caspofungin accord,caspofungin acetate,ema_product_name,epar
porcilis pesti,classical swine fever virus (csfv) -e2 subunit antigen,ema_product_name,epar
ritemvia,rituximab,ema_product_name,epar
lumoxiti,moxetumomab pasudotox,ema_product_name,epar
azacitidine celgene,azacitidine,ema_product_name,epar
pemetrexed pfizer (previously pemetrexed hospira uk limited),pemetrexed ditromethamine,ema_product_name,epar
portrazza,necitumumab,ema_product_name,epar
levemir,insulin detemir,ema_product_name,epar
ulipristal acetate gedeon richter,ulipristal acetate,ema_product_name,epar
ribavirin teva pharma b.v.,ribavirin,ema_product_name,epar
ribavirin teva,ribavirin,ema_product_name,epar
kexxtone,monensin (as monensin sodium),ema_product_name,epar
nodetrip (previously xeristar),duloxetine,ema_product_name,epar
pegintron,peginterferon alfa-2b,ema_product_name,epar
novoeight,turoctocog alfa,ema_product_name,epar
spironolactone ceva,spironolactone,ema_product_name,epar
acticam,meloxicam,ema_product_name,epar
gamifant,emapalumab,ema_product_name,epar
dexamethasone taw,dexamethasone (sodium phosphate),ema_product_name,epar
truberzi,eluxadoline,ema_product_name,epar
lextemy,bevacizumab,ema_product_name,epar
incurin,estriol,ema_product_name,epar
prepandrix,a|indonesia|05|2005 (h5n1) like strain used (pr8-ibcdc-rg2),ema_product_name,epar
enzepi,pancreas powder,ema_product_name,epar
udenyca,pegfilgrastim,ema_product_name,epar
proteq west nile,west nile recombinant canarypox virus (vcp2017 virus),ema_product_name,epar
halimatoz,adalimumab,ema_product_name,epar
clopidogrel ratiopharm gmbh,clopidogrel,ema_product_name,epar
velactis,cabergoline,ema_product_name,epar
viraferonpeg,peginterferon alfa-2b,ema_product_name,epar
qutavina,teriparatide,ema_product_name,epar
puldysa,idebenone|titanium dioxide,ema_product_name,epar
sebivo,telbivudine,ema_product_name,epar
panretin,alitretinoin,ema_product_name,epar
turalio,pexidartinib,ema_product_name,epar
artobend,autologous human chondrocytes in vitro expanded,ema_product_name,epar
alpivab,peramivir,ema_product_name,epar
zulvac 8 bovis,"inactivated bluetongue virus, serotype 8, strain btv-8|bel2006|02",ema_product_name,epar
insulatard,insulin human,ema_product_name,epar
ribavirin mylan (previously ribavirin three rivers),ribavirin,ema_product_name,epar
vepacel,"influenza virus (whole virion, inactivated), containing antigen of: a|vietnam|1203|2004 (h5n1)",ema_product_name,epar
upkanz,deferiprone,ema_product_name,epar
protaphane,insulin human,ema_product_name,epar
abilify mycite,aripiprazole,ema_product_name,epar
rayoqta,abicipar pegol,ema_product_name,epar
actrapid,insulin human,ema_product_name,epar
zerit,stavudine,ema_product_name,epar
imrestor,pegbovigrastim,ema_product_name,epar
qtrilmet,metformin hydrochloride|saxagliptin|dapagliflozin,ema_product_name,epar
circomax myco,"inactivated mycoplasma hyopneumoniae, strain p-5722-3|inactivated recombinant chimeric porcine circovirus type 1 containing the porcine circovirus type 2a open reading frame 2 (orf2) protein|inactivated recombinant chimeric porcine circovirus type 1 containing the porcine circovirus type 2b orf2 protein",ema_product_name,epar
ecoporc shiga,genetically modified recombinant shiga-toxin-2e antigen,ema_product_name,epar
visudyne,verteporfin,ema_product_name,epar
xiidra,lifitegrast,ema_product_name,epar
duzallo,allopurinol|lesinurad,ema_product_name,epar
tulatrixx,tulathromycin,ema_product_name,epar
zurampic,lesinurad,ema_product_name,epar
picato,ingenol mebutate,ema_product_name,epar
doxorubicin hydrochloride tillomed,doxorubicin hydrochloride,ema_product_name,epar
kolbam,cholic acid,ema_product_name,epar
zemdri,plazomicin (sulfate),ema_product_name,epar
rituximab mabion,rituximab,ema_product_name,epar
fertavid,follitropin beta,ema_product_name,epar
fingolimod mylan,fingolimod hydrochloride,ema_product_name,epar
helixate nexgen,octocog alfa,ema_product_name,epar
osseor,strontium ranelate,ema_product_name,epar
vynpenta (previously avacopanchemocentryx),avacopan,ema_product_name,epar
protelos,strontium ranelate,ema_product_name,epar
suvaxyn pcv,"porcine circovirus recombinant virus (cpcv) 1-2, inactivated",ema_product_name,epar
zulvac 1 ovis,"inactivated bluetongue virus, serotype-1",ema_product_name,epar
zulvac 1 bovis,"inactivated bluetongue virus, serotype 1",ema_product_name,epar
kromeya,adalimumab,ema_product_name,epar
clopidogrel bgr (previously zylagren),clopidogrel (as hydrogen sulfate),ema_product_name,epar
ekesivy,diclofenamide,ema_product_name,epar
xiapex,collagenase clostridium histolyticum,ema_product_name,epar
varuby,rolapitant,ema_product_name,epar
lifmior,etanercept,ema_product_name,epar
iblias,octocog alfa,ema_product_name,epar
nonafact,human coagulation factor ix,ema_product_name,epar
zalmoxis,allogeneic t cells genetically modified with a retroviral vector encoding for a truncated form of the human low affinity nerve growth factor receptor (δlngfr) and the herpes simplex i virus thymidine kinase (hsv-tk mut2),ema_product_name,epar
fexeric,ferric citrate coordination complex,ema_product_name,epar
aerivio spiromax,salmeterol xinafoate|fluticasone propionate,ema_product_name,epar
clopidogrel/acetylsalicylic acid zentiva (previously duocover),clopidogrel|acetylsalicylic acid,ema_product_name,epar
thorinane,enoxaparin sodium,ema_product_name,epar
imatinib medac,imatinib,ema_product_name,epar
taxespira (previously docetaxel hospira uk limited ),docetaxel trihydrate,ema_product_name,epar
horse allo 20,allogeneic equine adipose-derived mesenchymal stem cells,ema_product_name,epar
lartruvo,olaratumab,ema_product_name,epar
daklinza,daclatasvir dihydrochloride,ema_product_name,epar
doxolipad,doxorubicin hydrochloride,ema_product_name,epar
radicava,edaravone,ema_product_name,epar
bovalto ibraxion,inactivated ibr virus,ema_product_name,epar
cabazitaxel teva,cabazitaxel,ema_product_name,epar
rituzena (previously tuxella),rituximab,ema_product_name,epar
atryn,antithrombin alfa,ema_product_name,epar
airexar spiromax,salmeterol|fluticasone propionate,ema_product_name,epar
abp 710,infliximab,ema_product_name,epar
ingelvac pcv flex,porcine circovirus type 2 orf2 protein,ema_product_name,epar
ketek,telithromycin,ema_product_name,epar
ambrisentan zentiva,ambrisentan,ema_product_name,epar
arzerra,ofatumumab,ema_product_name,epar
canakinumab novartis,canakinumab,ema_product_name,epar
parvoduk,live attenuated muscovy duck parvovirus,ema_product_name,epar
efgratin,pegfilgrastim,ema_product_name,epar
silgard,human papillomavirus type 6 l1 protein|human papillomavirus type 11 l1 protein|human papillomavirus type 16 l1 protein|human papillomavirus type 18 l1 protein,ema_product_name,epar
vantobra,tobramycin,ema_product_name,epar
longrange,eprinomectin,ema_product_name,epar
altargo,retapamulin,ema_product_name,epar
topotecan actavis,topotecan,ema_product_name,epar
cyltezo,adalimumab,ema_product_name,epar
solymbic,adalimumab,ema_product_name,epar
eperzan,albiglutide,ema_product_name,epar
graspa,asparaginase,ema_product_name,epar
lusduna,insulin glargine,ema_product_name,epar
ivabradine jensonr,ivabradine hydrochloride,ema_product_name,epar
fyzoclad,adalimumab,ema_product_name,epar
entolimod tmc,entolimod,ema_product_name,epar
exondys,eteplirsen,ema_product_name,epar
zoledronic acid teva pharma,zoledronic acid,ema_product_name,epar
trobalt,retigabine,ema_product_name,epar
btvpur alsap 2-4,bluetongue-virus serotype-2 antigen|bluetongue-virus serotype-4 antigen,ema_product_name,epar
ionsys,fentanyl hydrochloride,ema_product_name,epar
raplixa,human fibrinogen|human thrombin,ema_product_name,epar
imatinib teva b.v.,imatinib mesilate,ema_product_name,epar
dexxience,betrixaban maleate,ema_product_name,epar
trifexis,spinosad|milbemycin oxime,ema_product_name,epar
treprostinil scipharm sàrl,treprostinil,ema_product_name,epar
angiox,bivalirudin,ema_product_name,epar
gripovac 3,inactivated influenza-a virus,ema_product_name,epar
intanza,"influenza virus (inactivated, split) of the following strains:a|california|7|2009 (h1n1)pdm09 - like strain (a|california|7|2009, nymc x-179a)a|hong kong|4801|2014 (h3n2) - like strain (a|hong kong|4801|2014, nymc x-263b)b|brisbane|60|2008 - like strain (b|brisbane|60|2008, wild type)",ema_product_name,epar
numient,levodopa|carbidopa,ema_product_name,epar
ariclaim,duloxetine,ema_product_name,epar
restaysis,ciclosporin,ema_product_name,epar
clopidogrel hcs,clopidogrel (as hydrochloride),ema_product_name,epar
victrelis,boceprevir,ema_product_name,epar
alsitek,masitinib mesilate,ema_product_name,epar
certifect,fipronil|amitraz|(s)-methoprene,ema_product_name,epar
topotecan teva,topotecan,ema_product_name,epar
rotigotine mylan,rotigotine,ema_product_name,epar
maci,autologous cultured chondrocytes,ema_product_name,epar
prohippur,sodium benzoate,ema_product_name,epar
zinbryta,daclizumab,ema_product_name,epar
olysio,simeprevir,ema_product_name,epar
btvpur alsap 1,bluetongue-virus serotype-1 antigen,ema_product_name,epar
btvpur alsap 8,bluetongue virus serotype 8 antigen,ema_product_name,epar
vibativ,telavancin,ema_product_name,epar
prandin,repaglinide,ema_product_name,epar
insulin human winthrop,insulin human,ema_product_name,epar
panacur aquasol,fenbendazole,ema_product_name,epar
masipro,masitinib mesilate,ema_product_name,epar
evarrest,human fibrinogen|human thrombin,ema_product_name,epar
idflu,"influenza virus (inactivated, split) of the following strains:a|california|7|2009 (h1n1)pdm09 - like strain (a|california|7|2009, nymc x-179a)a|hong kong|4801|2014 (h3n2) - like strain (a|hong kong|4801|2014, nymc x-263b)b|brisbane|60|2008 - like strain (b|brisbane|60|2008, wild type)",ema_product_name,epar
balimek,binimetinib,ema_product_name,epar
tasermity,sevelamer hydrochloride,ema_product_name,epar
fanaptum,iloperidone,ema_product_name,epar
ristempa,pegfilgrastim,ema_product_name,epar
infinia,alpha-1-antitrypsin,ema_product_name,epar
leukoscan,sulesomab,ema_product_name,epar
libertek,roflumilast,ema_product_name,epar
daliresp,roflumilast,ema_product_name,epar
onzeald,etirinotecan pegol,ema_product_name,epar
encyzix,enclomifene citrate,ema_product_name,epar
clopidogrel acino,clopidogrel,ema_product_name,epar
optimark,gadoversetamide,ema_product_name,epar
somatropin biopartners,somatropin,ema_product_name,epar
adlumiz,anamorelin hydrochloride,ema_product_name,epar
prevenar,pneumococcal oligosaccharide serotype 18c|pneumococcal polysaccharide serotype 19f|pneumococcal polysaccharide serotype 23f|pneumococcal polysaccharide serotype 4|pneumococcal polysaccharide serotype 6b|pneumococcal polysaccharide serotype 9v|pneumococcal polysaccharide serotype 14,ema_product_name,epar
human igg1 monoclonal antibody specific for human interleukin-1 alpha xbiotech,human igg1 monoclonal antibody specific for human interleukin-1 alpha,ema_product_name,epar
plivensia,sirukumab,ema_product_name,epar
kyomarc,bevacizumab,ema_product_name,epar
glybera,alipogene tiparvovec,ema_product_name,epar
clopidogrel teva pharma (previously clopidogrel hcs),clopidogrel (as hydrochloride),ema_product_name,epar
novonorm,repaglinide,ema_product_name,epar
zontivity,vorapaxar sulfate,ema_product_name,epar
qinprezo,vosaroxin,ema_product_name,epar
recuvyra,fentanyl,ema_product_name,epar
removab,catumaxomab,ema_product_name,epar
sabervel,irbesartan,ema_product_name,epar
optaflu,"influenza virus surface antigens (haemagglutinin and neuraminidase), inactivated, of the following strains:a|california|7|2009 (h1n1)pdm09 - like strain(a|brisbane|10|2010, wild type)a|switzerland|9715293|2013 (h3n2) - like strain(a|south australia|55|2014, wild type)b|phuket|3073|2013-like strain(b|utah|9|2014, wild type)",ema_product_name,epar
solithromycin triskel eu services,solithromycin,ema_product_name,epar
vitekta,elvitegravir,ema_product_name,epar
blectifor,caffeine citrate,ema_product_name,epar
imprida,valsartan|amlodipine (as amlodipine besilate),ema_product_name,epar
clopidogrel/acetylsalicylic acid teva,clopidogrel|acetylsalicylic acid,ema_product_name,epar
unituxin,dinutuximab,ema_product_name,epar
dutrebis,lamivudine|raltegravir potassium,ema_product_name,epar
zioxtenzo,pegfilgrastim,ema_product_name,epar
rasilamlo,aliskiren|amlodipine,ema_product_name,epar
alendronic acid / colecalciferol mylan,alendronate sodium trihydrate|colecalciferol,ema_product_name,epar
budesonide/formoterol teva,budesonide|formoterol fumarate dihydrate,ema_product_name,epar
budesonide/formoterol teva pharma b.v.,budesonide|formoterol,ema_product_name,epar
vylaer spiromax,budesonide|formoterol fumarate dihydrate,ema_product_name,epar
biograstim,filgrastim,ema_product_name,epar
chondrocelect,characterised viable autologous cartilage cells expanded ex vivo expressing specific marker proteins,ema_product_name,epar
capecitabine sun,capecitabine,ema_product_name,epar
zemfirza,cediranib maleate,ema_product_name,epar
pemetrexed ditromethamine hospira,pemetrexed ditromethamine,ema_product_name,epar
celvapan,"whole virion influenza vaccine, inactivated containing antigen of strain a|california|07|2009 (h1n1)v",ema_product_name,epar
ertapenem hospira,ertapenem sodium,ema_product_name,epar
pantecta control,pantoprazole,ema_product_name,epar
arikayce,amikacin sulfate,ema_product_name,epar
incivo,telaprevir,ema_product_name,epar
opsiria,sirolimus,ema_product_name,epar
zoledronic acid teva generics,zoledronic acid monohydrate,ema_product_name,epar
osigraft,eptotermin alfa,ema_product_name,epar
dropcys,mercaptamine,ema_product_name,epar
krystexxa,pegloticase,ema_product_name,epar
begedina,begelomab,ema_product_name,epar
opgenra,eptotermin alfa,ema_product_name,epar
pandemrix,"split influenza virus inactivated, containing antigen equivalent to a|california|07|2009 (h1n1)-derived strain used nymc x-179a",ema_product_name,epar
avandamet,rosiglitazone|metformin hydrochloride,ema_product_name,epar
avandia,rosiglitazone,ema_product_name,epar
revitacam,meloxicam,ema_product_name,epar
lodipressin,amlodipine besilate,ema_product_name,epar
repso,leflunomide,ema_product_name,epar
kepivance,palifermin,ema_product_name,epar
heparesc,human heterologous liver cells,ema_product_name,epar
aripiprazole mylan,aripiprazole,ema_product_name,epar
nuedexta,dextromethorphan|quinidine,ema_product_name,epar
paglitaz,pioglitazone hydrochloride,ema_product_name,epar
"prepandemic influenza vaccine (h5n1) (surface antigen, inactivated, adjuvanted) novartis vaccines and diagnostics",influenza virus surface antigens (haemagglutinin and neuraminidase) of strain a|viet nam|1194|2004 (h5n1),ema_product_name,epar
solumarv,insulin human,ema_product_name,epar
focetria,influenza virus surface antigens (haemagglutinin and neuraminidase) of strain: a|california|7|2009 (h1n1)-derived strain used nymc x-181,ema_product_name,epar
nivolumab bms,nivolumab,ema_product_name,epar
dicural,difloxacin,ema_product_name,epar
veraseal,human fibrinogen|human thrombin,ema_product_name,epar
sonata,zaleplon,ema_product_name,epar
lympreva,dasiprotimut-t,ema_product_name,epar
promeris,metaflumizone,ema_product_name,epar
promeris duo,metaflumizone|amitraz,ema_product_name,epar
rienso,ferumoxytol,ema_product_name,epar
clopidogrel dura,clopidogrel (as hydrochloride),ema_product_name,epar
corluxin,mifepristone,ema_product_name,epar
ketoconazole aid-scfm,ketoconazole,ema_product_name,epar
provenge,autologous peripheral-blood mononuclear cells including a minimum of 50 million autologous cd54+ cells activated with prostatic acid phosphatase granulocyte-macrophage colony-stimulating factor,ema_product_name,epar
duloxetine sandoz,duloxetine,ema_product_name,epar
bindren,colestilan,ema_product_name,epar
pumarix,"pandemic influenza vaccine (h5n1) (split virion, inactivated, adjuvanted)",ema_product_name,epar
docetaxel mylan,docetaxel,ema_product_name,epar
slentrol,dirlotapide,ema_product_name,epar
imagify,perflubutane,ema_product_name,epar
truscient,dibotermin alfa,ema_product_name,epar
clopidogrel teva pharma b.v.,clopidogrel (as hydrobromide),ema_product_name,epar
purevax rcch,attenuated feline rhinotracheitis herpesvirus (fhv f2 strain)|inactivated feline calicivirosis antigens (fcv 431 and g1 strains)|attenuated chlamydophila felis (905 strain),ema_product_name,epar
vistide,cidofovir,ema_product_name,epar
masiviera,masitinib,ema_product_name,epar
ipreziv,azilsartan medoxomil,ema_product_name,epar
fluenz,"reassortant influenza virus (live attenuated) of the following strains:a|california|7|2009 (h1n1)pdm09 like strain, a|victoria|361|2011 (h3n2) like strain, b|massachusetts|2|2012 like strain",ema_product_name,epar
topotecan eagle,topotecan hydrochloride,ema_product_name,epar
doribax,doripenem,ema_product_name,epar
pioglitazone krka,pioglitazone hydrochloride,ema_product_name,epar
rivastigmine 3m health care ltd,rivastigmine,ema_product_name,epar
faldaprevir boehringer ingelheim,faldaprevir,ema_product_name,epar
clopidogrel qualimed,clopidogrel (as hydrochloride),ema_product_name,epar
reasanz,serelaxin,ema_product_name,epar
nerventra,laquinimod,ema_product_name,epar
ioa,nomegestrol acetate|estradiol,ema_product_name,epar
neocepri,folic acid,ema_product_name,epar
folcepri,etarfolatide,ema_product_name,epar
revasc,desirudin,ema_product_name,epar
olanzapine cipla (previously olanzapine neopharma),olanzapine,ema_product_name,epar
issarlos,strontium ranelate|colecalciferol,ema_product_name,epar
ditelos,strontium ranelate|colecalciferol,ema_product_name,epar
preotact,parathyroid hormone (rdna),ema_product_name,epar
meloxivet,meloxicam,ema_product_name,epar
netvax,clostridium-perfringens-type-a alpha toxoid,ema_product_name,epar
viracept,nelfinavir,ema_product_name,epar
flexicam,meloxicam,ema_product_name,epar
clopidogrel teva generics b.v.,clopidogrel (as hydrochloride),ema_product_name,epar
onduarp,telmisartan,ema_product_name,epar
leflunomide teva,leflunomide,ema_product_name,epar
docetaxel teva pharma,docetaxel,ema_product_name,epar
tritanrix hepb,diphtheria toxoid|hepatitis b surface antigen|bordetella pertussis (inactivated)|tetanus toxoid,ema_product_name,epar
clopidogrel ratiopharm,clopidogrel,ema_product_name,epar
masican,masitinib,ema_product_name,epar
rasitrio,aliskiren|amlodipine|hydrochlorothiazide,ema_product_name,epar
ixinity,trenonacog alfa|trenonacog alfa,ema_product_name,epar
infanrix penta,"diphtheria toxoid|tetanus toxoid|bordetella pertussis antigens (pertussis toxoid, filamentous haemagglutinin, pertactin)|poliovirus (inactivated) (type 1 (mahoney strain), type 2 (mef-1 strain), type 3 (saukett strain))|hepatitis b surface antigen",ema_product_name,epar
sepioglin,pioglitazone hydrochloride,ema_product_name,epar
ibaflin,ibafloxacin,ema_product_name,epar
daronrix,"whole virion, inactivated, containing antigen*: a|vietnam|1194|2004 (h5n1)* produced in eggs",ema_product_name,epar
omontys,peginesatide,ema_product_name,epar
kynamro,mipomersen sodium,ema_product_name,epar
qsiva,phentermine|topiramate,ema_product_name,epar
nobivac piro,"babesia canis, inactivated|babesia rossi, inactivated",ema_product_name,epar
trevaclyn,laropiprant|nicotinic acid,ema_product_name,epar
pelzont,laropiprant|nicotinic acid,ema_product_name,epar
tredaptive,laropiprant|nicotinic acid,ema_product_name,epar
bondenza (previously ibandronic acid roche),ibandronic acid,ema_product_name,epar
ribavirin biopartners,ribavirin,ema_product_name,epar
possia,ticagrelor,ema_product_name,epar
ruvise,imatinib,ema_product_name,epar
memantine fgk,memantine,ema_product_name,epar
labazenit,budesonide|salmeterol,ema_product_name,epar
istodax,romidepsin,ema_product_name,epar
acrescent,memantine hydrochloride|donepezil hydrochloride,ema_product_name,epar
balaxur,memantine hydrochloride|donepezil hydrochloride,ema_product_name,epar
riprazo,aliskiren,ema_product_name,epar
duloxetine boehringer ingelheim,duloxetine,ema_product_name,epar
isomarv medium,insulin human,ema_product_name,epar
combimarv,insulin human,ema_product_name,epar
elelyso,taliglucerase alfa,ema_product_name,epar
rilonacept regeneron (previously arcalyst),rilonacept,ema_product_name,epar
imprida hct,amlodipine|valsartan|hydrochlorothiazide,ema_product_name,epar
zerene,zaleplon,ema_product_name,epar
rivastigmine teva,rivastigmine,ema_product_name,epar
riprazo hct,aliskiren|hydrochlorothiazide,ema_product_name,epar
sprimeo hct,aliskiren|hydrochlorothiazide,ema_product_name,epar
exalief,eslicarbazepine acetate,ema_product_name,epar
hexavac,purified diphtheria toxoid|purified tetanus toxoid|purified pertussis toxoid|purified pertussis filamentous haemagglutinin|hepatitis b surface antigen|inactivated type 1 poliovirus (mahoney)|inactivated type 3 poliovirus (saukett)|haemophilus influenzae type b polysaccharide,ema_product_name,epar
regranex,becaplermin,ema_product_name,epar
mabcampath,alemtuzumab,ema_product_name,epar
gonazon,azagly-nafarelin,ema_product_name,epar
valtropin,somatropin,ema_product_name,epar
teslascan,mangafodipir trisodium,ema_product_name,epar
refludan,lepirudin,ema_product_name,epar
clopidogrel acino pharma gmbh,clopidogrel,ema_product_name,epar
clopidogrel acino pharma,clopidogrel,ema_product_name,epar
clopidogrel hexal,clopidogrel,ema_product_name,epar
sprimeo,aliskiren,ema_product_name,epar
mulsevo,semuloparin sodium,ema_product_name,epar
egrifta,tesamorelin,ema_product_name,epar
folotyn,pralatrexate,ema_product_name,epar
pioglitazone teva generics,pioglitazone hydrochloride,ema_product_name,epar
fablyn,lasofoxifene tartrate,ema_product_name,epar
intrinsa,testosterone,ema_product_name,epar
docefrez,docetaxel,ema_product_name,epar
zubrin,tepoxalin,ema_product_name,epar
poulvac flufend h5n3 rg,recombinant inactivated avian influenza virus,ema_product_name,epar
photobarr,porfimer sodium,ema_product_name,epar
pioglitazone ratiopharm gmbh,pioglitazone,ema_product_name,epar
pioglitazone ratiopharm,pioglitazone,ema_product_name,epar
pioglitazone ratio,pioglitazone,ema_product_name,epar
paccal vet,paclitaxel,ema_product_name,epar
livensa,testosterone,ema_product_name,epar
"prepandemic influenza vaccine (h5n1) (split virion, inactivated, adjuvanted) glaxosmithkline biologicals","split influenza virus, inactivated, containing antigen: a|vietnam|1194|2004 (h5n1) like strain used (nibrg-14)",ema_product_name,epar
xigris,drotrecogin alfa (activated),ema_product_name,epar
sumatriptan galpharm,sumatriptan succinate,ema_product_name,epar
desloratadine krka,desloratadine,ema_product_name,epar
ablavar (previously vasovist),gadofosveset trisodium,ema_product_name,epar
clopidogrel sandoz,clopidogrel,ema_product_name,epar
arepanrix,"split influenza virus, inactivated, containing antigen*: a|california|7|2009 (h1n1)v like strain (x-179a)*propagated in eggs.",ema_product_name,epar
luveniq,voclosporin,ema_product_name,epar
alisade,fluticasone furoate,ema_product_name,epar
doxorubicin sun,doxorubicin hydrochloride,ema_product_name,epar
yarvitan,mitratapide,ema_product_name,epar
ibandronic acid hexal,ibandronic acid,ema_product_name,epar
avaglim,rosiglitazone|glimepiride,ema_product_name,epar
filgrastim ratiopharm,filgrastim,ema_product_name,epar
humenza,"split influenza virus, inactivated, containing antigen*: a|california|7|2009 (h1n1)v like strain (x-179a)*propagated in eggs.",ema_product_name,epar
agenerase,amprenavir,ema_product_name,epar
beprana,naproxcinod,ema_product_name,epar
enviage,aliskiren,ema_product_name,epar
epostim,epoetin alfa,ema_product_name,epar
onsenal,celecoxib,ema_product_name,epar
thelin,sitaxentan sodium,ema_product_name,epar
clopidogrel 1a pharma,clopidogrel,ema_product_name,epar
topotecan sun,topotecan,ema_product_name,epar
movectro,cladribine,ema_product_name,epar
tekinex,omacetaxine mepesuccinate,ema_product_name,epar
ozespa,briakinumab,ema_product_name,epar
immunogam,human hepatitis b immunoglobulin,ema_product_name,epar
zenhale,formoterol (fumarate)|mometasone furoate,ema_product_name,epar
neospect,depreotide trifluoroacetate,ema_product_name,epar
zeftera (previously zevtera),ceftobiprole medocaril,ema_product_name,epar
medicinal oxygen air liquide sante,oxygen,ema_product_name,epar
nobilis influenza h5n6,"inactivated whole avian influenza virus antigen of h5 subtype (strain h5n6, a|duck|potsdam|2243|84)",ema_product_name,epar
nobilis influenza h7n1,"inactivated whole avian influenza virus antigen of h7n1 subtype (strain, a|ck|italy|473|99)",ema_product_name,epar
pruban,resocortol butyrate,ema_product_name,epar
brilence,bazedoxifene,ema_product_name,epar
tyvaso,treprostinil sodium,ema_product_name,epar
repaglinide sun,repaglinide,ema_product_name,epar
impulsor,milnacipran,ema_product_name,epar
milnacipran pierre fabre medicament,milnacipran,ema_product_name,epar
ibuprofen/diphenhydramine hydrochloride wyeth,ibuprofen,ema_product_name,epar
pulsaflox,difloxacin,ema_product_name,epar
ratioepo,epoetin theta,ema_product_name,epar
paxene,paclitaxel,ema_product_name,epar
bextra,valdecoxib,ema_product_name,epar
clopidogrel bms,clopidogrel (as hydrogen sulfate),ema_product_name,epar
comfyde,carisbamate,ema_product_name,epar
turvel,trovafloxacin,ema_product_name,epar
turvel iv,alatrofloxacin mesilate,ema_product_name,epar
sovrima,idebenone,ema_product_name,epar
trovan iv,alatrofloxacin mesilate,ema_product_name,epar
allex,desloratadine,ema_product_name,epar
evotopin,topotecan,ema_product_name,epar
trovan,trovafloxacin,ema_product_name,epar
indimacis 125,igovomab,ema_product_name,epar
rotashield,"rotavirus serotype 1 reassortant, rotavirus serotype 2 reassortant, rotavirus serotype 3 rhesus, rotavirus serotype 4 reassortant",ema_product_name,epar
destara,ibandronic acid,ema_product_name,epar
zelnorm,tegaserod,ema_product_name,epar
tikosyn,dofetilide,ema_product_name,epar
tecnemab k1,anti-melanoma mab fragments,ema_product_name,epar
rhucin,recombinant human c1-inhibitor,ema_product_name,epar
genasense,oblimersen,ema_product_name,epar
recothrom,thrombin alfa,ema_product_name,epar
nenad,lisuride,ema_product_name,epar
irbesartan bms,irbesartan,ema_product_name,epar
irbesartan hydrochlorothiazide bms,irbesartan|hydrochlorothiazide,ema_product_name,epar
gemesis,becaplermin,ema_product_name,epar
zactima,vandetanib,ema_product_name,epar
zunrisa,casopitant,ema_product_name,epar
tekturna,aliskiren,ema_product_name,epar
trazec,nateglinide,ema_product_name,epar
posaconazole sp,posaconazole,ema_product_name,epar
raptiva,efalizumab,ema_product_name,epar
bosatria,mepolizumab,ema_product_name,epar
procomvax,polyribosylribitol phosphate from haemophilus influenzae type b as prp-ompc|outer membrane protein complex of neisseria meningitidis (outer membrane protein complex of the b11 strain of neisseria meningitidis subgroup b)|adsorbed hepatitis b surface antigen produced in recombinant yeast cells (saccharomyces cerevisiae),ema_product_name,epar
biferonex,interferon beta-1a,ema_product_name,epar
lunivia,eszopiclone,ema_product_name,epar
parareg,cinacalcet,ema_product_name,epar
clopidogrel teva pharma,clopidogrel,ema_product_name,epar
dynepo,epoetin delta,ema_product_name,epar
velosulin,insulin human,ema_product_name,epar
cylatron,peginterferon alfa-2b,ema_product_name,epar
vorinostat msd,vorinostat,ema_product_name,epar
zenapax,daclizumab,ema_product_name,epar
zimulti,rimonabant,ema_product_name,epar
acomplia,rimonabant,ema_product_name,epar
nespo,darbepoetin alfa,ema_product_name,epar
neupopeg,pegfilgrastim,ema_product_name,epar
theraloc,nimotuzumab,ema_product_name,epar
forcaltonin,recombinant salmon calcitonin,ema_product_name,epar
viraferon,interferon alfa-2b,ema_product_name,epar
vekacia,ciclosporin,ema_product_name,epar
exubera,insulin human,ema_product_name,epar
protopy,tacrolimus,ema_product_name,epar
lacosamide pain ucb pharma,lacosamide,ema_product_name,epar
quintanrix,diphtheria toxoid|tetanus toxoid|inactivated bordetella pertussis|hepatitis b surface antigen (rdna)|haemophilus influenzae type b polysaccharide,ema_product_name,epar
orplatna,satraplatin,ema_product_name,epar
diractin,ketoprofen,ema_product_name,epar
spanidin,gusperimus trihydrochloride,ema_product_name,epar
aflunov,a|vietnam|1194|2004,ema_product_name,epar
lenalidomide celgene europe,lenalidomide,ema_product_name,epar
aquilda,satavaptan,ema_product_name,epar
duocover,clopidogrel|acetylsalicylic acid,ema_product_name,epar
orbec,beclomethasone dipropionate,ema_product_name,epar
quixidar,fondaparinux sodium,ema_product_name,epar
kiacta,eprodisate disodium,ema_product_name,epar
advasure,e2 glycoprotein of classical swine fever virus,ema_product_name,epar
pristiqs,desvenlafaxine,ema_product_name,epar
levviax,telithromycin,ema_product_name,epar
monotard,insulin human,ema_product_name,epar
trudexa,adalimumab,ema_product_name,epar
ultratard,insulin human,ema_product_name,epar
natalizumab elan pharma,natalizumab,ema_product_name,epar
insulin human rapid marvel,insulin human,ema_product_name,epar
insulin human long marvel,insulin human,ema_product_name,epar
insulin human 30/70 mix marvel,insulin human,ema_product_name,epar
sinerem,iron oxide,ema_product_name,epar
gastromotal,1-13c-caprylic acid,ema_product_name,epar
garenoxacin mesylate,garenoxacin mesylate,ema_product_name,epar
retisert,fluocinolone acetonide,ema_product_name,epar
cerepro,adenovirus-mediated herpes simplex virus-thymidine kinase gene,ema_product_name,epar
vitragan,hyaluronidase,ema_product_name,epar
iplex,mecasermin rinfabate,ema_product_name,epar
mycograb,recombinant human monoclonal antibody to hsp,ema_product_name,epar
synordia,fenofibrate|metformin,ema_product_name,epar
riquent,abetimus,ema_product_name,epar
fortovase,saquinavir,ema_product_name,epar
alpheon,recombinant human interferon alfa-2a,ema_product_name,epar
surfaxin,sinapultide|dipalmitoylphosphatidylcholine|palmitoyl-oleoyl phosphatidylglycerol|palmitic acid,ema_product_name,epar
infergen,interferon alfacon-1,ema_product_name,epar
uprima,apomorphine hydrochloride,ema_product_name,epar
daquiran,pramipexole dihydrochloride monohydrate,ema_product_name,epar
retaane,anecortave acetate,ema_product_name,epar
theryttrex,yttrium (90y) chloride,ema_product_name,epar
ximelagatran 36 mg film coated tablets,ximelagatran,ema_product_name,epar
orathecin,rubitecan,ema_product_name,epar
tenecteplase boehringer ingelheim pharma gmbh co. kg,tenecteplase,ema_product_name,epar
cea-scan,arcitumomab,ema_product_name,epar
rayzon,parecoxib,ema_product_name,epar
patrex,sildenafil,ema_product_name,epar
valdyn (previously kudeq),valdecoxib,ema_product_name,epar
infanrix hepb,diphtheria toxoid|tetanus toxoid|pertussis toxoid|pertussis haemagglutin filamentous|pertactin|hepatitis b recombinant surface antigen,ema_product_name,epar
venvia,rosiglitazone,ema_product_name,epar
nyracta,rosiglitazone,ema_product_name,epar
taluvian,apomorphine hydrochloride,ema_product_name,epar
ixense,apomorphine hydrochloride,ema_product_name,epar
doxirobe,doxycycline,ema_product_name,epar
xapit,parecoxib,ema_product_name,epar
valdyn,valdecoxib,ema_product_name,epar
eurifel rcp felv,"canarypox virus expressing feline leukemia virus, live|feline calicivirus, strain 255, inactivated|feline panleucopenia virus, strain pli iv, live|feline rhinotracheitis virus, strain c27, antigen",ema_product_name,epar
opulis,desloratadine,ema_product_name,epar
cotronak,ribavirin,ema_product_name,epar
humaspect,votumumab,ema_product_name,epar
olansek,olanzapine,ema_product_name,epar
hepacare,"hepatitis b surface antigens recombinant (s, pre-s1, pre-s2) adsorbed on aluminium hydroxide [produced on genetically engineered murine (c127i) cells]",ema_product_name,epar
vitravene,fomivirsen,ema_product_name,epar
zartra,imiquimod,ema_product_name,epar
triacelluvax,diphtheria toxoid|haemagglutinin filamentous|pertussis pertactin|pertussis toxin|tetanus toxoid,ema_product_name,epar
orlaam,levacetylmethadol,ema_product_name,epar
vitrasert implant,ganciclovir,ema_product_name,epar
echogen,dodecafluoropentane,ema_product_name,epar
ecokinase,reteplase,ema_product_name,epar
primavax,"diphtheria toxoid|hepatitis b, recombinant surface antigen|tetanus toxoid",ema_product_name,epar
pylori-chek,urea (13c),ema_product_name,epar
