raw_sponsor,block_id,n_trials,block_size
Novartis Pharma Services AG,blk_00001,736,40
AstraZeneca AB,blk_00002,675,40
Novartis Pharma AG,blk_00001,447,40
Novo Nordisk A/S,blk_00003,331,20
Bristol-Myers Squibb International Corporation,blk_00004,293,25
Merck Sharp & Dohme LLC,blk_00005,274,40
F. Hoffmann-La Roche Ltd,blk_00006,268,40
GlaxoSmithKline Biologicals,blk_00007,266,40
ASSISTANCE PUBLIQUE - HOPITAUX DE PARIS AP-HP,blk_00008,248,40
Eli Lilly and Company,blk_00009,239,38
Assistance Publique Hopitaux De Paris,blk_00008,237,40
Pfizer Inc.,blk_00010,230,40
F. Hoffmann-La Roche AG,blk_00006,201,40
GlaxoSmithKline Research  Development Ltd,blk_00007,175,40
"Merck Sharp  Dohme Corp., a subsidiary of Merck  Co., Inc.",blk_00005,173,40
Amgen Inc.,blk_00011,172,15
AbbVie Deutschland GmbH  Co. KG,blk_00012,163,18
Janssen-Cilag International NV,blk_00013,154,40
Rigshospitalet,blk_00014,153,40
Bayer AG,blk_00015,147,40
"Gilead Sciences, Inc.",blk_00016,146,18
Amgen Inc,blk_00011,134,15
POLICLINICO UNIVERSITARIO AGOSTINO GEMELLI,blk_00017,134,9
Eli Lilly & Co.,blk_00009,130,38
Boehringer Ingelheim International GmbH,blk_00018,128,40
University College London,blk_00019,126,40
Novartis Pharma GmbH,blk_00001,123,40
GlaxoSmithKline Research  Development Limited,blk_00007,119,40
AZIENDA OSPEDALIERA DI BOLOGNA POLICLINICO S. ORSOLA M. MALPIGHI,blk_00020,115,8
University Medical Center Groningen,blk_00021,114,22
UZ Leuven,blk_00022,109,39
Leiden University Medical Center,blk_00023,108,20
Janssen - Cilag International,blk_00013,107,40
AbbVie Deutschland GmbH & Co. KG,blk_00012,105,18
Sanofi-Aventis Recherche & Developpement,blk_00024,103,40
University of Oxford,blk_00025,103,35
Bayer HealthCare AG,blk_00015,101,40
Karolinska University Hospital,blk_00026,98,40
Institut de Recherches Internationales Servier,blk_00027,97,25
Odense University Hospital,blk_00028,96,40
Janssen-Cilag International N.V.,blk_00013,95,40
Erasmus Universitair Medisch Centrum Rotterdam (Erasmus MC),blk_00029,91,40
SCS Boehringer Ingelheim Comm.V,blk_00018,91,40
Erasmus MC,blk_00029,89,40
Imperial College London,blk_00019,89,40
"Pfizer Inc., 235 East 42nd Street, New York, NY 10017",blk_00010,89,40
Celgene Corporation,blk_00030,87,15
H. Lundbeck A/S,blk_00031,87,10
Vertex Pharmaceuticals Incorporated,blk_00032,84,5
sanofi-aventis recherche  dveloppement,blk_00033,84,40
Chiesi Farmaceutici S.p.A.,blk_00034,83,19
Boehringer Ingelheim Pharma GmbH  Co. KG,blk_00018,82,40
F. Hoffmann-La Roche Ltd.,blk_00006,82,40
University of Birmingham,blk_00035,82,36
Aarhus University Hospital,blk_00036,81,40
Bristol-Myers Squibb Services Unlimited Company,blk_00004,81,25
Janssen Cilag International,blk_00013,80,40
Biogen Idec Research Limited,blk_00037,78,20
Glaxosmithkline Research & Development Limited,blk_00007,77,40
University Medical Center Utrecht,blk_00038,76,30
Hospices Civils de Lyon,blk_00039,74,8
Regeneron Pharmaceuticals Inc.,blk_00040,74,4
Medical University Of Vienna,blk_00041,73,40
Medical University of Vienna,blk_00041,72,40
Amsterdam UMC Stichting,blk_00042,70,36
Incyte Corporation,blk_00043,69,8
Merck KGaA,blk_00005,69,40
Universitair Medisch Centrum Groningen,blk_00021,69,22
Bristol Myers Squibb International Corporation,blk_00004,67,25
ISTITUTO EUROPEO DI ONCOLOGIA,blk_00044,67,9
Ghent University Hospital,blk_00045,65,5
Gilead Sciences Inc.,blk_00016,65,18
"Regeneron Pharmaceuticals, Inc.",blk_00040,64,4
Takeda Development Center Americas Inc.,blk_00046,63,38
Karolinska Institutet,blk_00026,62,40
Oslo University Hospital HF,blk_00047,62,36
University Hospital Ghent,blk_00045,62,5
University of Leeds,blk_00048,62,17
Amsterdam UMC,blk_00042,60,36
LEO Pharma A/S,blk_00049,60,6
Eisai Limited,blk_00050,59,9
OSPEDALE S. RAFFAELE,blk_00051,59,19
Astrazeneca AB,blk_00002,57,40
GlaxoSmithKline Research and Development Ltd,blk_00007,57,40
Unicancer,blk_00052,57,4
VU University Medical Center,blk_00053,57,33
"Merck  Co., Inc.",blk_00005,56,40
Incyte Corp.,blk_00043,54,8
Institut Gustave Roussy,blk_00054,54,5
Dr. Falk Pharma GmbH,blk_00055,53,3
PIERRE FABRE MEDICAMENT,blk_00056,53,33
"Pfizer Inc, 235 East 42nd Street, New York, NY 10017",blk_00010,53,40
University of Cologne,blk_00057,53,9
Ferring Pharmaceuticals A/S,blk_00058,52,12
Region Midtjylland,blk_00059,52,2
University of Nottingham,blk_00060,51,19
Radboud University Nijmegen Medical Centre,blk_00061,50,31
UZ Brussel,blk_00022,50,39
Centre Hospitalier Universitaire De Nantes,blk_00062,49,10
Eli Lilly and Company Limited,blk_00009,49,38
"Otsuka Pharmaceutical Development  Commercialization, Inc.",blk_00063,49,13
NV Organon,blk_00064,48,4
CHU de Bordeaux,blk_00065,47,9
Genmab A/S,blk_00066,47,4
Oslo University Hospital,blk_00047,47,36
University of Dundee,blk_00067,47,21
Charit - Universittsmedizin Berlin,blk_00068,46,40
Daiichi Sankyo Inc.,blk_00069,46,23
Genentech Inc.,blk_00070,46,9
ROCHE,blk_00006,46,40
Celgene Corp.,blk_00030,45,15
University Hospitals Leuven,blk_00022,45,39
Cardiff University,blk_00071,44,9
Het Nederlands Kanker Instituut-Antoni van Leeuwenhoek Ziekenhuis Stichting,blk_00072,44,24
ISTITUTO NAZIONALE PER LA CURA TUMORI,blk_00073,44,32
Sheffield Teaching Hospitals NHS Foundation Trust,blk_00074,44,13
AIO-Studien-gGmbH,blk_00075,43,6
AZIENDA SANITARIA OSPEDALIERA S. GIOVANNI BATTISTA DI TORINO,blk_00076,43,5
Boehringer Ingelheim RCV GmbH  Co KG,blk_00018,43,40
OSPEDALE POLICLINICO S. MATTEO,blk_00077,43,4
Abbott GmbH  Co. KG,blk_00078,42,19
Actelion Pharmaceuticals Ltd.,blk_00079,42,13
Allergan Limited,blk_00080,42,13
Astellas Pharma Europe B.V.,blk_00081,42,28
Novartis Vaccines and Diagnostics S.r.l.,blk_00001,42,40
Radboudumc,blk_00082,42,6
"Teva Branded Pharmaceutical Products RD, Inc.",blk_00083,42,14
Fundaci Clnic per a la Recerca Biomdica,blk_00084,41,32
Grnenthal GmbH,blk_00085,41,4
NOVARTIS FARMA,blk_00001,41,40
Turku University Hospital,blk_00086,41,13
"Genentech, Inc.",blk_00070,40,9
GlaxoSmithKline Research and Development Limited,blk_00007,40,40
Merz Pharmaceuticals GmbH,blk_00087,40,4
Genzyme Corporation,blk_00088,39,10
Merck Healthcare KGaA,blk_00005,39,40
Sanofi-Aventis Recherche  Dveloppement,blk_00033,39,40
Sun Pharmaceutical Industries Limited,blk_00089,39,23
Universitair Medisch Centrum Utrecht,blk_00029,39,40
Alexion Pharmaceuticals Inc.,blk_00090,38,12
Baxter Innovations GmbH,blk_00091,38,14
HOVON Foundation,blk_00092,38,7
Hospices Civils De Lyon,blk_00039,38,8
AZIENDA OSPEDALIERA POLICLINICO DI MODENA,blk_00020,37,8
European Organisation for Research and Treatment of Cancer,blk_00093,37,29
UNICANCER,blk_00052,37,4
CHU de Clermont-Ferrand,blk_00094,36,12
FONDAZIONE POLICLINICO UNIVERSITARIO AGOSTINO GEMELLI IRCCS UNIVERSITA CATTOLICA DEL SACRO CUORE,blk_00017,36,9
SCS Boehringer Ingelheim Comm. V,blk_00018,36,40
University Medical Center Hamburg-Eppendorf,blk_00095,36,13
Centre for Human Drug Research,blk_00096,35,20
LYSARC,blk_00097,35,2
Maastricht University,blk_00098,35,18
BioMarin Pharmaceutical Inc.,blk_00099,34,6
CSL Behring GmbH,blk_00100,34,4
ISTITUTO GIANNINA GASLINI,blk_00101,34,5
Actelion Pharmaceuticals Ltd,blk_00079,33,13
Argenx,blk_00102,33,4
BioNTech SE,blk_00103,33,3
Boehringer Ingelheim International GmbH / Boehringer Ingelheim Espana S.A.,blk_00018,33,40
Centre Hospitalier Universitaire De Toulouse,blk_00104,33,11
FONDAZIONE CENTRO S. RAFFAELE DEL MONTE TABOR,blk_00051,33,19
Institut Jules Bordet,blk_00105,33,8
UCB Biopharma,blk_00106,33,40
Wyeth Research Division of Wyeth Pharmaceuticals Inc.,blk_00107,33,40
Abbvie Deutschland GmbH & Co. KG,blk_00012,32,18
Leids Universitair Medisch Centrum (LUMC),blk_00108,32,18
Radboud University Medical Center,blk_00061,32,31
Region Hovedstaden,blk_00109,32,5
Vaestra Goetalandsregionen,blk_00110,32,5
CHU de Nantes,blk_00062,31,10
Charit Universittsmedizin Berlin,blk_00068,31,40
ISTITUTI FISIOTERAPICI OSPITALIERI,blk_00111,31,7
Lilly S.A.,blk_00009,31,38
Medical University of Graz,blk_00112,31,40
Medizinische Universitt Wien,blk_00113,31,40
AZIENDA UNIVERSITARIA POLICLINICO UMBERTO I DI ROMA,blk_00114,30,9
IST. DI RICERCHE FARMACOLOG. M. NEGRI,blk_00115,30,7
Pfizer Pharma GmbH,blk_00010,30,40
Seagen Inc.,blk_00116,30,2
UCB Biopharma SRL,blk_00106,30,40
UMC Utrecht,blk_00038,30,30
BeOne Medicines AG,blk_00117,29,6
Centre Hospitalier Universitaire De Nice,blk_00118,29,11
Helsinki University Central Hospital,blk_00119,29,34
"Novartis Farmacutica, S.A.",blk_00001,29,40
OSPEDALE SAN RAFFAELE,blk_00051,29,19
Region Skane,blk_00120,29,5
AZIENDA OSPEDALIERA PISANA,blk_00121,28,4
Bispebjerg Hospital,blk_00122,28,28
Cambridge University Hospitals NHS Foundation Trust,blk_00123,28,28
Centre Hospitalier Regional Universitaire De Tours,blk_00124,28,11
Dr. Willmar Schwabe GmbH  Co. KG,blk_00125,28,4
F. Hoffman-La Roche Ltd.,blk_00126,28,8
Galapagos NV,blk_00127,28,5
Institut De Recherches Internationales Servier IRIS,blk_00027,28,25
Octapharma AG,blk_00128,28,7
Ospedale San Raffaele S.r.l.,blk_00051,28,19
University College Dublin,blk_00129,28,10
Antwerp University Hospital,blk_00130,27,14
GlaxoSmithKline,blk_00007,27,40
Philogen S.p.A.,blk_00131,27,4
Sanofi Pasteur SA,blk_00132,27,17
University Hospitals of Leicester NHS Trust,blk_00133,27,21
ALTANA Pharma AG,blk_00134,26,5
Allergan Ltd.,blk_00080,26,13
Bayer Healthcare AG,blk_00015,26,40
CSL Behring LLC,blk_00100,26,4
Fundacio De Recerca Clinic Barcelona-Institut D’Investigacions Biomediques August Pi I Sunyer,blk_00135,26,11
Ipsen Pharma,blk_00136,26,37
NKI-AVL,blk_00137,26,3
UMCG,blk_00138,26,3
UZLeuven,blk_00022,26,39
Universitaetsklinikum Tuebingen AöR,blk_00139,26,26
Charite Universitaetsmedizin Berlin KöR,blk_00140,25,17
FONDAZIONE ITALIANA LINFOMI ONLUS,blk_00141,25,11
Frankfurter Institut Fuer Klinische Krebsforschung IKF GmbH,blk_00142,25,19
Fundaci Lluita contra la SIDA,blk_00143,25,16
Helse Bergen HF,blk_00047,25,36
IRCCS Istituto Nazionale Tumori Fondazione Pascale,blk_00073,25,32
Imperial College,blk_00144,25,18
Kings College Hospital NHS Foundation Trust,blk_00145,25,20
LUMC,blk_00108,25,18
Laboratorios Normon S.A.,blk_00146,25,2
Merck Sharp  Dohme LLC,blk_00005,25,40
"Millennium Pharmaceuticals, Inc.",blk_00147,25,10
Queen Mary University of London,blk_00148,25,25
Ultragenyx Pharmaceutical Inc.,blk_00149,25,6
University of Edinburgh / NHS Lothian,blk_00150,25,27
AZIENDA OSPEDALIERA SPEDALI CIVILI DI BRESCIA,blk_00151,24,6
Centre Hospitalier Universitaire Amiens Picardie,blk_00152,24,6
Centre Hospitalier Universitaire De Bordeaux,blk_00065,24,9
Centre Leon Berard,blk_00153,24,4
FONDAZIONE IRCCS ISTITUTO NAZIONALE DEI TUMORI,blk_00073,24,32
Fondazione Policlinico Universitario Agostino Gemelli IRCCS,blk_00017,24,9
GBG Forschungs GmbH,blk_00154,24,8
ISTITUTO NAZIONALE PER LO STUDIO E LA CURA DEI TUMORI - FONDAZIONE G. PASCALE,blk_00073,24,32
Pfizer Inc,blk_00010,24,40
Stichting Radboud universitair medisch centrum,blk_00029,24,40
UNIVERSITA CAMPUS BIOMEDICO,blk_00155,24,5
Universittsklinikum Erlangen,blk_00156,24,25
University of Leicester,blk_00133,24,21
AZIENDA OSPEDALIERA SENESE,blk_00157,23,3
AZIENDA OSPEDALIERO-UNIVERSITARIA PISANA,blk_00121,23,4
"Alcon Research, Ltd.",blk_00158,23,16
"Alnylam Pharmaceuticals, Inc.",blk_00159,23,5
Fundacin PETHEMA,blk_00160,23,11
HUS-Yhtymae,blk_00161,23,4
Hpitaux Universitaires de Strasbourg,blk_00162,23,6
Ionis Pharmaceuticals Inc.,blk_00163,23,4
Medizinische Universitt Graz,blk_00112,23,40
Radboud universitair medisch centrum Stichting,blk_00029,23,40
Sanofi-aventis recherche  dveloppement,blk_00033,23,40
Stichting Amsterdam UMC,blk_00042,23,36
Vertex Pharmaceuticals Inc.,blk_00032,23,5
Aalborg University Hospital,blk_00164,22,27
"Alexion Pharmaceuticals, Inc.",blk_00090,22,12
Almirall Hermal GmbH,blk_00165,22,18
Biotest AG,blk_00166,22,2
Centre Hospitalier Universitaire Rouen,blk_00167,22,13
Fondazione IRCCS Istituto Nazionale Dei Tumori,blk_00073,22,32
Genzyme Europe BV,blk_00088,22,10
Helsinn Healthcare SA,blk_00168,22,5
Medizinische Hochschule Hannover,blk_00169,22,11
Schering-Plough Research Institute,blk_00170,22,31
Steno Diabetes Center Copenhagen,blk_00171,22,14
Universitaetsklinikum Heidelberg AöR,blk_00139,22,26
University Hospitals Bristol NHS Foundation Trust,blk_00004,22,25
ViiV Healthcare UK Limited,blk_00172,22,9
Zealand Pharma A/S,blk_00173,22,17
Astellas Pharma Global Development Inc.,blk_00081,21,28
CHU Toulouse,blk_00104,21,11
Centre Hospitalier Universitaire De Dijon,blk_00174,21,9
Eisai Ltd,blk_00050,21,9
GlaxoSmithKline Research  Development,blk_00007,21,40
GlaxoSmithKline S.A.,blk_00007,21,40
"GlaxoSmithKline, S.A.",blk_00007,21,40
Hannover Medical School,blk_00169,21,11
Kings College London / Guys and St Thomas NHS Foundation Trust,blk_00019,21,40
Medica Scientia Innovation Research S.L.,blk_00175,21,11
Taiho Oncology Inc.,blk_00176,21,11
University Of Cologne,blk_00057,21,9
ALK-Abell A/S,blk_00177,20,8
AZIENDA OSPEDALIERA L. SACCO A.O. DI RILIEVO NAZIONALE,blk_00178,20,11
Academisch Ziekenhuis Leiden,blk_00023,20,20
Almirall S.A.,blk_00165,20,18
CHU Clermont-Ferrand,blk_00094,20,12
"Ionis Pharmaceuticals, Inc.",blk_00163,20,4
Newcastle upon Tyne Hospitals NHS Foundation Trust,blk_00179,20,21
Pierre Fabre Mdicament,blk_00056,20,33
Sahlgrenska University Hospital,blk_00180,20,28
Sanofi Pasteur,blk_00132,20,17
"Shire Human Genetic Therapies, Inc.",blk_00096,20,20
Technische Universitt Dresden,blk_00181,20,18
Universitair Ziekenhuis Gent,blk_00182,20,5
University Hospital Southampton NHS Foundation Trust,blk_00183,20,20
University of Leipzig,blk_00184,20,8
AZIENDA OSPEDALIERA DI PADOVA,blk_00185,19,8
"Astellas Pharma Global Development, Inc.",blk_00081,19,28
Baxalta Innovations GmbH,blk_00091,19,14
EORTC,blk_00186,19,2
G.I.M.E.M.A. GRUPPO ITALIANO MALATTIE EMATOLOGICHE DELLADULTO,blk_00187,19,7
GlaxoSmithKline Consumer Healthcare,blk_00188,19,24
ISTITUTO  CLINICO  HUMANITAS,blk_00189,19,8
Medical University Of Graz,blk_00112,19,40
Merck Sharp  Dohme BV,blk_00005,19,40
Organisation name was not entered,blk_00190,19,3
Stichting Radboud University Medical Center,blk_00061,19,31
"Takeda Development Center Americas, Inc.",blk_00046,19,38
Takeda Development Centre Europe Ltd.,blk_00046,19,38
The Royal Marsden NHS Foundation Trust,blk_00191,19,27
UCB Biopharma SPRL,blk_00106,19,40
Vejle Hospital,blk_00192,19,10
AZIENDA OSPEDALIERA OSPEDALI RIUNITI DI BERGAMO A.O. DI RILIEVO NAZIONALE,blk_00178,18,11
Adamed Pharma S.A.,blk_00193,18,2
Bioprojet Pharma,blk_00194,18,5
CHRU De Nancy,blk_00195,18,17
Cancer Trials Ireland,blk_00196,18,7
Centre Hospitalier Universitaire De Montpellier,blk_00197,18,19
Cliniques Universitaires Saint-Luc,blk_00198,18,26
FONDAZIONE NEOPLASIE SANGUE ONLUS,blk_00199,18,4
Fondation Franc.Cancerologie Digestive,blk_00200,18,3
Fundacio Institut De Recerca De L'Hospital De La Santa Creu I Sant Pau,blk_00135,18,11
Gilead Sciences Incorporated,blk_00016,18,18
GlaxoSmithKline RD Ltd,blk_00083,18,14
Grupo de Tratamiento de los Tumores Digestivos TTD,blk_00201,18,11
HOSPICES CIVILS DE LYON,blk_00039,18,8
Hospital Universitario La Paz,blk_00202,18,33
Inmunotek S.L.,blk_00203,18,4
Inserm,blk_00204,18,8
Ipsen Innovation,blk_00136,18,37
KU Leuven,blk_00205,18,24
Kings College London,blk_00019,18,40
"Pfizer Inc.235 East 42nd Street, New York, NY 10017",blk_00010,18,40
Pharma Mar S.A.,blk_00206,18,34
ROXALL Medizin GmbH,blk_00207,18,4
Schering AG,blk_00170,18,31
Sint Maartenskliniek,blk_00208,18,4
UNIVERSITA DEGLI STUDI DI NAPOLI FEDERICO II,blk_00209,18,40
University Hospital Tuebingen,blk_00139,18,26
University of Bristol,blk_00004,18,25
Uppsala University,blk_00210,18,34
sanofi-aventis recherche et dveloppement,blk_00033,18,40
AZIENDA OSPEDALIERA OSPEDALE NIGUARDA CA GRANDA A.O. DI RILIEVO NAZIONALE,blk_00178,17,11
AZIENDA OSPEDALIERA OSPEDALE POLICLINICO CONSORZIALE,blk_00020,17,8
AZIENDA OSPEDALIERO UNIVERSITARIA OSPEDALI RIUNITI UMBERTO I - G.M.LANCISI - G.SALESI,blk_00211,17,9
Akershus University Hospital,blk_00212,17,4
"Amicus Therapeutics, Inc.",blk_00213,17,6
Astellas Pharma Europe Ltd.,blk_00081,17,28
Bluepharma Industria Farmaceutica S.A.,blk_00214,17,11
CHU DE POITIERS,blk_00215,17,4
CONSORZIO ONCOTECH,blk_00216,17,4
Erasmus MC Cancer Institute,blk_00029,17,40
European Organisation For Research And Treatment Of Cancer,blk_00093,17,29
European Organisation for Research and Treatment of Cancer EORTC,blk_00093,17,29
GWT-TUD GmbH,blk_00217,17,2
Goethe University Frankfurt,blk_00218,17,30
Gruppo Oncologico Del Nord Ovest,blk_00219,17,8
Guys and St Thomas NHS Foundation Trust,blk_00220,17,9
Hvidovre Hospital,blk_00221,17,34
IRCCS ISTITUTO CLINICO HUMANITAS,blk_00189,17,8
IRCCS- ISTITUTO DI RICERCHE FARMACOLOGICHE MARIO NEGRI,blk_00222,17,18
ISTITUTO NEUROLOGICO CARLO BESTA,blk_00223,17,5
Institut Curie,blk_00224,17,8
Karolinska Universitetssjukhuset,blk_00026,17,40
LETI Pharma GmbH,blk_00225,17,15
"Pfizer Inc. 235 East 42nd Street, New York, NY 10017",blk_00010,17,40
Radboud university medical center,blk_00061,17,31
"Roche Farma, S.A.",blk_00226,17,40
Roche Pharma AG,blk_00006,17,40
The Medicines Company,blk_00117,17,6
Universittsklinikum Mnster,blk_00227,17,6
Array BioPharma Inc.,blk_00228,16,4
Arrowhead Pharmaceuticals Inc.,blk_00229,16,4
CHU de Toulouse,blk_00104,16,11
Centre Hospitalier Regional Et Universitaire De Brest,blk_00230,16,8
Centre Hospitalier Universitaire De Lille,blk_00231,16,20
Centre Hospitalier Universitaire Grenoble Alpes,blk_00232,16,13
Cliniques universitaires Saint-Luc,blk_00198,16,26
FONDAZIONE IRCCS CA GRANDA OSPEDALE MAGGIORE POLICLINICO,blk_00233,16,12
Gentofte Hospital,blk_00234,16,29
Helsinki University Hospital,blk_00119,16,34
Hemato-Oncologie voor Volwassenen Nederland (Hovon) Stichting,blk_00092,16,7
ISTITUTO SCIENTIFICO ROMAGNOLO PER LO STUDIO E LA CURA DEI TUMORI,blk_00073,16,32
Janssen Sciences Ireland UC,blk_00235,16,5
Les Hopitaux Universitaires De Strasbourg,blk_00162,16,6
"MedImmune, LLC",blk_00236,16,10
"Merck Sharp  Dohme Corp., a subsidiary of Merck  Co., Inc",blk_00005,16,40
Moorfields Eye Hospital,blk_00237,16,8
Mundipharma Research GmbH  Co. KG,blk_00238,16,19
Neurocrine Biosciences Inc.,blk_00239,16,6
North Bristol NHS Trust,blk_00004,16,25
Novartis Pharmaceuticals UK Ltd,blk_00001,16,40
Prinses Maxima Centrum voor Kinderoncologie B.V.,blk_00240,16,3
Sunovion Pharmaceuticals Inc.,blk_00241,16,6
Tibotec Pharmaceuticals,blk_00242,16,7
Universitair Ziekenhuis Brussel,blk_00243,16,8
University of Liverpool,blk_00244,16,40
Aarhus University,blk_00036,15,40
Barts Health NHS Trust,blk_00245,15,12
Bayer Schering Pharma AG,blk_00015,15,40
Belfast Health and Social Care Trust,blk_00246,15,18
Bracco Imaging S.p.A.,blk_00247,15,9
Cambridge University Hospitals NHS Foundation Trust and University of Cambridge,blk_00123,15,28
Centre Hospitalier Regional De Marseille,blk_00248,15,2
Centre Hospitalier Universitaire De Saint Etienne,blk_00249,15,9
Eli Lilly and Company limited,blk_00009,15,38
Fundaci Clinic per a la Recerca Biomdica,blk_00084,15,32
Fundaci Parc Taul,blk_00250,15,4
GOIM GRUPPO ONCOLOGICO MERIDIONALE,blk_00251,15,3
Galderma RD SNC,blk_00252,15,16
Gilead Sciences Inc,blk_00016,15,18
Hellenic Institute for the Study of Sepsis,blk_00253,15,7
ISTITUTO SCIENTIFICO ROMAGNOLO PER LO STUDIO E LA CURA DEI TUMORI IRST S.R.L. IRCCS,blk_00073,15,32
ITALFARMACO,blk_00254,15,6
Janssen Biologics B.V.,blk_00255,15,33
"Janssen-Cilag International NV, Turnhoutseweg 30, 2340 Beerse, Belgium",blk_00013,15,40
Leeds Teaching Hospitals NHS Trust,blk_00048,15,17
Menarini Ricerche S.p.A.,blk_00115,15,7
Merck Sharp  Dohme Corp.,blk_00005,15,40
NOVARTIS VACCINES AND DIAGNOSTICS S.R.L.,blk_00001,15,40
Orion Corporation,blk_00256,15,8
Region Uppsala,blk_00210,15,34
Sanofi-aventis Recherche  Dveloppement,blk_00033,15,40
St. Antonius Hospital,blk_00257,15,8
Takeda Global Research  Development Centre Europe Ltd.,blk_00046,15,38
UCB Pharma S.A.,blk_00106,15,40
Universittsklinikum Ulm,blk_00258,15,11
Vifor International Inc.,blk_00259,15,11
Zealand University Hospital,blk_00173,15,17
AZIENDA OSPEDALIERA S. LUIGI GONZAGA,blk_00260,14,5
AZIENDA OSPEDALIERA UNIVERSITARIA INTEGRATA VERONA,blk_00261,14,7
Alnylam Pharmaceuticals Inc.,blk_00159,14,5
"Amgen, Inc.",blk_00011,14,15
"BIAL - Portela  Ca, S.A.",blk_00262,14,14
Bayer Consumer Care AG,blk_00015,14,40
Boehringer Ingelheim,blk_00018,14,40
CENTRE LEON BERARD,blk_00153,14,4
CHRU de TOURS,blk_00124,14,11
Cambridge University Hospitals NHS Foundation Trust and the University of Cambridge,blk_00123,14,28
Cancer Research UK,blk_00172,14,9
Centocor B.V.,blk_00263,14,2
Central Manchester University Hospitals NHS Foundation Trust,blk_00264,14,40
Centre Hospitalier Universitaire De Nimes,blk_00265,14,7
Erasmus Medical Center,blk_00029,14,40
Fondazione Gimema Franco Mandelli Onlus,blk_00266,14,3
Fresenius Kabi Deutschland GmbH,blk_00267,14,8
Fundacio Hospital Universitari Vall D’Hebron Institut De Recerca,blk_00268,14,40
GERCOR,blk_00269,14,3
GRUPPO ONCOLOGICO ITALIANO DI RICERCA CLINICA GOIRC,blk_00270,14,7
Galderma S.A.,blk_00252,14,16
GlaxoSmithKline Research and Development,blk_00007,14,40
Herlev Hospital,blk_00271,14,26
Hexal AG,blk_00272,14,7
Hull and East Yorkshire Hospitals NHS Trust,blk_00273,14,23
ImClone LLC,blk_00274,14,2
Institut De Cancerologie De L Ouest,blk_00275,14,2
Instituto Cientfico y Tecnolgico de Navarra,blk_00276,14,9
Intercell AG,blk_00277,14,3
Kite Pharma Inc.,blk_00278,14,3
Klinikum der Universitaet Muenchen AöR,blk_00279,14,12
LFB BIOTECHNOLOGIES,blk_00280,14,6
"Lexicon Pharmaceuticals, Inc.",blk_00281,14,4
Medizinische Universitt Innsbruck,blk_00282,14,40
Merck Sharp  Dohme Europe Inc.,blk_00005,14,40
Novartis Farmacutica S.A.,blk_00001,14,40
Novartis Pharma Service AG,blk_00001,14,40
Orion Corporation Orion Pharma,blk_00256,14,8
"PTC Therapeutics, Inc.",blk_00283,14,6
"Seattle Genetics, Inc.",blk_00284,14,5
Semmelweis University,blk_00285,14,13
Shire Development LLC,blk_00286,14,30
Takeda Pharma GmbH,blk_00046,14,38
The University Of Birmingham,blk_00035,14,36
Universitaetsklinikum Erlangen AöR,blk_00139,14,26
Universitt Leipzig,blk_00184,14,8
University Hospital Tbingen,blk_00287,14,10
University of Southampton,blk_00183,14,20
"Wyeth Research Division of Wyeth Pharmaceuticals Inc., Clinical Research and Development",blk_00107,14,40
sanofi-aventis Recherche  Dveloppement,blk_00033,14,40
AZIENDA OSPEDALIERA ARCISPEDALE S. MARIA NUOVA,blk_00288,13,5
AZIENDA OSPEDALIERA ISTITUTI OSPITALIERI DI VERONA,blk_00111,13,7
AZIENDA OSPEDALIERA UNIVERSITARIA CAREGGI,blk_00289,13,5
AZIENDA SANITARIA OSPEDALIERA  S. GIOVANNI BATTISTA DI TORINO,blk_00076,13,5
Allergan Ltd,blk_00080,13,13
Arbeitsgemeinschaft medikamentse Tumortherapie gemeinntzige GmbH,blk_00290,13,6
Barts and The London NHS Trust,blk_00245,13,12
Barts and the London NHS Trust,blk_00245,13,12
Bayer Consumer Care AG / Bayer AG,blk_00015,13,40
Clnica Universidad de Navarra/Universidad de Navarra,blk_00291,13,5
ETOP IBCSG Partners Foundation,blk_00292,13,3
F.Hoffmann-La Roche Ltd,blk_00006,13,40
Fondazione IRCCS Istituto Nazionale dei Tumori,blk_00073,13,32
Fondazione Italiana Linfomi Ets,blk_00141,13,11
Fresenius Biotech GmbH,blk_00267,13,8
Fundacion GECP,blk_00293,13,5
Fundacion Publica Andaluza Para La Gestion De La Investigacion En Salud De Sevilla,blk_00294,13,27
G.O.N.O. - GRUPPO ONCOLOGICO NORD OVEST,blk_00219,13,8
GLAXO SMITHKLINE,blk_00295,13,5
GRUPPO ONCOLOGICO ITALIANO DI RICERCA,blk_00270,13,7
GW Pharma Ltd,blk_00296,13,8
GlaxoSmithKline Biologicals SA,blk_00007,13,40
Guys  St Thomas NHS Foundation Trust,blk_00220,13,9
Hellenic Cooperative Oncology Group,blk_00297,13,18
INSERM,blk_00204,13,8
Intergroupe Francophone De Cancerologie Thoracique,blk_00298,13,6
Italfarmaco S.p.A.,blk_00254,13,6
Jules Bordet Institute,blk_00105,13,8
Kings College London / South London and Maudsley NHS Foundation Trust,blk_00019,13,40
Laboratorios Alter S.A.,blk_00299,13,2
Merck Serono S.A. - Geneva,blk_00300,13,40
Merck Sharp  Dohme GmbH,blk_00005,13,40
NHS Greater Glasgow and Clyde / University of Glasgow,blk_00301,13,40
Omninvest Ltd.,blk_00302,13,2
"Pharma Mar, S.A.",blk_00206,13,34
"Queen Mary, University of London",blk_00148,13,25
SOFAR SPA,blk_00303,13,2
"Schering-Plough Research Institute, a Division of Schering Corporation",blk_00170,13,31
Solti Group,blk_00304,13,3
Steno Diabetes Center,blk_00171,13,14
Tampere University Hospital,blk_00305,13,9
Universitaet Muenster,blk_00306,13,5
Universitt zu Kln,blk_00307,13,2
Universittsklinikum Essen,blk_00308,13,14
University Hospital Of Clermont-Ferrand,blk_00094,13,12
Uppsala University Hospital,blk_00210,13,34
Vall D Hebron Institute Of Oncology,blk_00268,13,40
ABCSG Austrian Breast  Colorectal Cancer Study Group,blk_00309,12,14
Aarhus Universitet,blk_00036,12,40
Abivax,blk_00310,12,2
Acerta Pharma B.V.,blk_00311,12,3
Azienda Ospedaliero Universitaria Di Modena,blk_00312,12,11
Biogen Idec Ltd,blk_00037,12,20
Boehringer Ingelheim Austria GmbH,blk_00018,12,40
CHRU de Brest,blk_00230,12,8
CHU Angers,blk_00313,12,5
Centre Hospitalier Rgional et Universitaire de Lille,blk_00231,12,20
Chemo Research S.L.,blk_00314,12,4
Consorci Mar Parc De Salut De Barcelona,blk_00206,12,34
"Daiichi Sankyo, Inc.",blk_00069,12,23
European Myeloma Network B.V. / Emn Trial Office S.r.l. Impresa Sociale,blk_00315,12,17
F.Hoffmann-La Roche,blk_00006,12,40
FONDAZIONE IRCCS CA GRANDA OSPEDALE MAGGIORE POLICLINICO DI MILANO,blk_00233,12,12
Fdration Francophone de Cancrologie Digestive,blk_00316,12,5
Fujisawa GmbH,blk_00317,12,3
GUERBET,blk_00318,12,2
Gedeon Richter Plc.,blk_00319,12,9
Hopital Erasme,blk_00320,12,26
ISTITUTO NAZIONALE TUMORI - IRCCS FONDAZIONE PASCALE,blk_00073,12,32
ISTITUTO PER LINFANZIA BURLO GAROFOLO,blk_00321,12,5
Idorsia Pharmaceuticals Ltd,blk_00322,12,3
Institut Bergonie,blk_00323,12,3
Ipsen Pharma SAS,blk_00136,12,37
Istituto Romagnolo Per Lo Studio Dei Tumori Dino Amadori IRST S.r.l.,blk_00324,12,3
Janssen RD Ireland,blk_00235,12,5
Janssen Vaccines  Prevention B.V.,blk_00325,12,7
Karyopharm Therapeutics Inc.,blk_00326,12,3
Kings College London / Kings College Hospital NHS Foundation Trust,blk_00019,12,40
Klinikum der Universitt Mnchen,blk_00327,12,40
Laboratorios Leon Farma S.A.,blk_00226,12,40
MOLMED,blk_00328,12,4
Martin-Luther-Universitt Halle-Wittenberg,blk_00329,12,14
Medical University Innsbruck,blk_00282,12,40
Medical University Of Warsaw,blk_00330,12,3
Merck  Co. Inc.,blk_00005,12,40
Moorfields Eye Hospital NHS Foundation Trust,blk_00237,12,8
Mundipharma Research Limited,blk_00238,12,19
Nottingham University Hospitals NHS Trust,blk_00060,12,19
Novartis Vaccines and Diagnostics GmbH  Co. KG,blk_00001,12,40
Oxford Radcliffe Hospitals NHS Trust,blk_00025,12,35
Pharming Technologies B.V.,blk_00331,12,3
Pierre Fabre Medicament,blk_00056,12,33
Pirkanmaan hyvinvointialue,blk_00332,12,2
Sanofi-Synthelabo Recherche,blk_00333,12,10
"Schering-Plough Research Institute, a division of Schering Corporation",blk_00170,12,31
Schwarz Biosciences GmbH,blk_00334,12,7
St Stephens AIDS Trust,blk_00335,12,2
The Christie NHS Foundation Trust,blk_00336,12,7
The Institute of Cancer Research,blk_00093,12,29
United Therapeutics Corporation,blk_00337,12,11
University Hospital Heidelberg,blk_00338,12,40
University Hospitals Birmingham NHS Foundation Trust,blk_00035,12,36
AMC,blk_00339,11,19
ASTRAZENECA,blk_00002,11,40
AZIENDA OSPEDALIERA MAGGIORE DELLA CARITA DI NOVARA,blk_00340,11,4
AZIENDA SOCIO SANITARIA TERRITORIALE DEGLI  SPEDALI CIVILI DI BRESCIA,blk_00151,11,6
"Alkermes, Inc.",blk_00341,11,3
"Ardea Biosciences, Inc.",blk_00342,11,2
"Astellas Pharma Global Development, Inc. APGD",blk_00081,11,28
Azienda Ospedaliera Universitaria Integrata Verona,blk_00261,11,7
"BeiGene, Ltd.",blk_00343,11,8
BioCryst Pharmaceuticals Inc,blk_00344,11,5
Biogen Idec Limited,blk_00037,11,20
Biomarin Pharmaceutical Inc.,blk_00099,11,6
CHU CAEN,blk_00345,11,6
CHU de Limoges,blk_00346,11,7
CHU de Nice,blk_00118,11,11
CSL Limited,blk_00100,11,4
Centocor BV,blk_00263,11,2
Charit  Universittsmedizin Berlin,blk_00068,11,40
Chiesi Farmaceutici SpA,blk_00034,11,19
Eisai Ltd.,blk_00050,11,9
Erasmus University Medical Center,blk_00029,11,40
Exelixis Inc.,blk_00347,11,4
F.Hoffmann La-Roche Ltd,blk_00006,11,40
FONDAZIONE I.R.C.C.S. POLICLINICO SAN MATTEO,blk_00077,11,4
GW Research Ltd,blk_00296,11,8
Galderma RD,blk_00252,11,16
Gustave Roussy,blk_00054,11,5
"Imperial College, London",blk_00019,11,40
Institut Bergoni,blk_00348,11,2
Laboratoires SMB S.A.,blk_00349,11,4
"Medical University of Vienna, Department of Clinical Pharmacology",blk_00041,11,40
Mitsubishi Tanabe Pharma Corporation MTPC,blk_00350,11,10
Narodowy Instytut Onkologii Im. Marii Sklodowskiej-Curie Panstwowy Instytut Badawczy,blk_00224,11,8
Otsuka Pharmaceutical Development & Commercialization Inc.,blk_00063,11,13
"Pfizer, S.A.",blk_00010,11,40
Pharmacyclics LLC,blk_00351,11,5
Plymouth Hospitals NHS Trust,blk_00352,11,6
Reckitt Benckiser Healthcare UK Ltd,blk_00353,11,17
Region Skne,blk_00354,11,15
Royal Marsden Hospital,blk_00191,11,27
SOLTI,blk_00304,11,3
SOTIO a.s.,blk_00355,11,5
St. Olavs Hospital HF,blk_00047,11,36
Universittsklinikum Freiburg,blk_00356,11,21
Universittsklinikum Heidelberg,blk_00338,11,40
University Hospital Gent,blk_00182,11,5
University Hospital Leuven,blk_00022,11,39
University Medical Center Freiburg,blk_00356,11,21
University of Heidelberg,blk_00338,11,40
Viiv Healthcare UK Limited,blk_00172,11,9
Vstra Gtalandsregionen,blk_00357,11,4
Wyeth Pharmaceuticals France,blk_00107,11,40
Wyeth Research Division of Wyeth Pharmaceuticals Inc,blk_00107,11,40
ACADIA Pharmaceuticals Inc.,blk_00358,10,4
"AMAG Pharmaceuticals, Inc.",blk_00359,10,3
AOP Orphan Pharmaceuticals AG,blk_00360,10,6
AOU DI BOLOGNA POLICLINICO S.ORSOLA-MALPIGHI,blk_00020,10,8
ARCAGY,blk_00361,10,5
ASSISTANCE PUBLIQUE HOPITAUX DE MARSEILLE,blk_00008,10,40
AZIENDA OSPEDALIERA DI PARMA,blk_00362,10,7
AZIENDA OSPEDALIERA SAN GERARDO DI MONZA,blk_00363,10,10
Acadia Pharmaceuticals Inc.,blk_00358,10,4
Acceleron Pharma Inc.,blk_00364,10,3
Alfasigma S.p.A.,blk_00365,10,4
Allergopharma Joachim Ganzer KG,blk_00366,10,5
Assistance Publique Hopitaux de marseille,blk_00008,10,40
Astellas Pharma Europe Ltd,blk_00081,10,28
Autolus Limited,blk_00367,10,2
Biogen Idec Ltd.,blk_00037,10,20
Bionorica SE,blk_00368,10,4
Bioprojet,blk_00194,10,5
Bispebjerg University Hospital,blk_00122,10,28
CHU de Lige,blk_00369,10,8
Celgene International II Srl,blk_00030,10,15
"Cephalon, Inc.",blk_00370,10,6
Clinuvel Pharmaceuticals Limited,blk_00371,10,7
"Clovis Oncology, Inc.",blk_00372,10,5
Crinetics Pharmaceuticals Inc.,blk_00373,10,2
Dompe' Farmaceutici S.p.A.,blk_00374,10,5
F.Hoffmann-La Roche Ltd.,blk_00006,10,40
FNCLCC,blk_00375,10,3
FONDAZIONE IRCCS ISTITUTO NEUROLOGICO CARLO BESTA,blk_00223,10,5
Farmalider S.A.,blk_00376,10,4
Fundacin SEIMC-GESIDA,blk_00377,10,6
Fundacio Institut De Recerca De L Hospital De La Santa Creu I Sant Pau,blk_00135,10,11
GE Healthcare Limited,blk_00378,10,14
Genzyme Europe B.V.,blk_00088,10,10
HOSPITAL SANT JOAN DE DU,blk_00379,10,20
Health Protection Agency,blk_00380,10,3
Hopital Foch,blk_00381,10,3
Horizon Therapeutics Ireland Designated Activity Company,blk_00382,10,6
INSTITUT CURIE,blk_00224,10,8
IRCCS Istituto Giannina Gaslini,blk_00101,10,5
IST - ISTITUTO NAZIONALE PER LA RICERCA SUL CANCRO,blk_00073,10,32
ITALIAN SARCOMA GROUP,blk_00383,10,6
Inserm-ANRS,blk_00204,10,8
Institut Paoli-Calmettes,blk_00384,10,3
Institut Regional Du Cancer De Montpellier,blk_00197,10,19
Institut de Recerca HSCSP,blk_00385,10,4
International Breast Cancer Study Group IBCSG,blk_00309,10,14
KU Leuven - Drug Delivery and Disposition,blk_00205,10,24
KULeuven,blk_00205,10,24
Kowa Research Europe Ltd.,blk_00386,10,7
Laboratoires Tha,blk_00387,10,4
Manchester University NHS Foundation Trust,blk_00264,10,40
MannKind Corporation,blk_00388,10,2
Medical Center - University Of Freiburg,blk_00356,10,21
Medical University Vienna,blk_00041,10,40
"Millennium Pharmaceuticals, Inc",blk_00147,10,10
Nerviano Medical Sciences S.r.l.,blk_00389,10,5
Novartis Pharma S.A.S,blk_00001,10,40
Novartis Pharma Services,blk_00001,10,40
OSPEDALE S. RAFFAELE DI MILANO,blk_00051,10,19
PTC Therapeutics Inc.,blk_00283,10,6
Pfizer Limited,blk_00010,10,40
Pharvaris Netherlands B.V.,blk_00390,10,5
Procter  Gamble Pharmaceuticals,blk_00391,10,8
Queen Mary University London,blk_00148,10,25
Radboud University Medical Centre,blk_00061,10,31
Region Sjaelland,blk_00392,10,3
Region stergtland,blk_00393,10,9
SIGMA-TAU,blk_00394,10,6
"Samsung Bioepis Co., Ltd.",blk_00395,10,3
Sanofi Pasteur Inc.,blk_00132,10,17
Sanofi Pasteur MSD S.N.C.,blk_00132,10,17
Sanofi-Aventis Groupe,blk_00024,10,40
Sanofi-aventis recherche et dveloppement,blk_00033,10,40
Santen Oy,blk_00396,10,7
Shionogi B.V.,blk_00397,10,7
Tartu University Hospital,blk_00398,10,9
Teva Pharmaceutical Industries Ltd,blk_00089,10,23
The Newcastle upon Tyne Hospitals NHS Foundation Trust,blk_00179,10,21
Theravance Biopharma Ireland Limited,blk_00399,10,4
Tibotec Pharmaceuticals Limited,blk_00242,10,7
UCB Pharma SA,blk_00106,10,40
UMBERTO I - POLICLINICO DI ROMA,blk_00114,10,9
UMC St Radboud,blk_00042,10,36
Universitaetsklinikum Essen AöR,blk_00139,10,26
Universitaetsklinikum Schleswig-Holstein AöR,blk_00139,10,26
Universitetssjukhuset rebro,blk_00400,10,9
Universittsklinikum Tbingen,blk_00287,10,10
University College London UCL,blk_00019,10,40
University Hospital Essen,blk_00308,10,14
University Hospital of Montpellier,blk_00197,10,19
University of Oxford / Clinical Trials and Research Governance,blk_00025,10,35
VU university medical center,blk_00053,10,33
Vanda Pharmaceuticals Inc.,blk_00401,10,5
sanofi-aventis recherche  developpement,blk_00024,10,40
A.O. UNIVERSITARIA INTEGRATA DI VERONA,blk_00261,9,7
A.O.U. Universit degli Studi della Campania Luigi Vanvitelli,blk_00209,9,40
AGO Research GmbH,blk_00402,9,2
ANRS,blk_00403,9,7
AZIENDA OSPEDALIERA OSPEDALE S. SALVATORE,blk_00404,9,5
Ablynx NV,blk_00405,9,3
Academic Medical Center Amsterdam,blk_00042,9,36
Aeterna Zentaris GmbH,blk_00406,9,3
Agios Pharmaceuticals Inc.,blk_00407,9,3
Allergopharma GmbH  Co. KG,blk_00366,9,5
Alvotech Swiss AG,blk_00408,9,3
"Amsterdam UMC, location VUmc",blk_00042,9,36
Assistance Publique Hopitaux De Marseille,blk_00008,9,40
AstraZeneca,blk_00002,9,40
Boehringer Ingelheim Limited,blk_00018,9,40
"CELLTRION, Inc.",blk_00409,9,7
CENTRO DI RIFERIMENTO ONCOLOGICO DI AVIANO,blk_00410,9,4
CHIESI,blk_00034,9,19
CHRU de Lille,blk_00231,9,20
CHU Amiens-Picardie,blk_00152,9,6
CHU Saint-Etienne,blk_00249,9,9
CHU de Saint-Etienne,blk_00249,9,9
Centre Franois Baclesse,blk_00411,9,2
Centre Hospitalier Universitaire De Rennes,blk_00412,9,14
"ChemoCentryx, Inc.",blk_00413,9,2
Cutanea Life Sciences,blk_00414,9,2
DOMP FARMACEUTICI S.P.A.,blk_00415,9,5
Deciphera Pharmaceuticals Inc.,blk_00416,9,2
ELI LILLY,blk_00009,9,38
ETOP European Thoracic Oncology Platform,blk_00417,9,4
Eli Lilly  Company,blk_00009,9,38
ErasmusMC,blk_00029,9,40
FONDAZIONE GIMEMA GRUPPO ITALIANO MALATTIE EMATOLOGICHE DELL ADULTO FRANCO MANDELLI ONLUS,blk_00187,9,7
French Innovative Leukemia Organization,blk_00418,9,2
Fundaci Hospital Universitari Vall dHebron - Institut de Recerca VHIR,blk_00268,9,40
Fundacin Progreso y Salud,blk_00419,9,12
GPOH gGmbH,blk_00420,9,3
"Gilead Sciences, Inc",blk_00016,9,18
"Global Blood Therapeutics, Inc.",blk_00421,9,24
Groupe Francophone Des Myelodysplasies,blk_00422,9,4
HAL Allergy B.V.,blk_00423,9,7
Hospital Clinico San Carlos,blk_00424,9,14
ISTITUTO AUXOLOGICO ITALIANO,blk_00425,9,4
Insmed Inc.,blk_00426,9,3
"Instituto Grifols, S.A.",blk_00427,9,14
Jazz Pharmaceuticals Inc.,blk_00428,9,7
KEDRION,blk_00429,9,5
Karolinska Institute,blk_00026,9,40
Kuopio University Hospital,blk_00430,9,8
"Laboratorios Almirall, S.A.",blk_00165,9,18
Lofarma S.p.A.,blk_00431,9,3
Medical Center - University of Freiburg,blk_00356,9,21
Medical Research Council,blk_00432,9,15
Medisch Spectrum Twente,blk_00433,9,8
"Medivation, Inc.",blk_00434,9,5
Miltenyi Biomedicine GmbH,blk_00435,9,2
Mirum Pharmaceuticals Inc.,blk_00436,9,3
Nordic Lymphoma Group,blk_00437,9,22
Ospedale Pediatrico Bambino Gesu,blk_00438,9,6
PFIZER,blk_00010,9,40
Radboud University Nijmegen Medical Center,blk_00061,9,31
Revolution Medicines Inc.,blk_00439,9,2
Rheinische Friedrich-Wilhelms-Universitaet Bonn,blk_00440,9,14
SANOFI-AVENTIS RECHERCHE ET DEVELOPPEMENT,blk_00024,9,40
Schering Plough Research Institute,blk_00170,9,31
Solvay Pharmaceuticals,blk_00441,9,13
Swiss Group for Clinical Cancer Research,blk_00408,9,3
Takeda Europe RD Centre Ltd,blk_00046,9,38
Teva Branded Pharmaceutical Products R&D LLC,blk_00083,9,14
Teva Pharmaceutical Industries Ltd.,blk_00089,9,23
TopoTarget A/S,blk_00442,9,3
Uni-Pharma Kleon Tsetis Pharmaceutical Laboratories S.A.,blk_00443,9,2
Universitaetsmedizin Goettingen,blk_00444,9,4
University Hospital Erlangen,blk_00156,9,25
University Hospital Grenoble,blk_00232,9,13
University Hospital Maastricht,blk_00098,9,18
University Hospital Ulm,blk_00258,9,11
University Medical Centre Utrecht,blk_00038,9,30
University of Antwerp,blk_00130,9,14
Verona Pharma plc,blk_00261,9,7
Wojskowy Instytut Medyczny Panstwowy Instytut Badawczy,blk_00445,9,2
Ziekenhuis Oost Limburg,blk_00446,9,7
ANGELINI,blk_00447,8,11
Academisch Ziekenhuis Maastricht,blk_00098,8,18
"Arena Pharmaceuticals, Inc.",blk_00448,8,2
"Astex Pharmaceuticals, Inc.",blk_00449,8,3
B. Braun Melsungen AG,blk_00450,8,4
Banc de Sang i Teixits,blk_00451,8,3
Bavarian Nordic A/S,blk_00452,8,2
Blueprint Medicines Corp.,blk_00453,8,3
Boehringer Ingelheim France,blk_00018,8,40
Bone Therapeutics S.A.,blk_00454,8,6
CENTRE ANTOINE LACASSAGNE,blk_00455,8,2
CHIRON,blk_00456,8,5
CHU Brugmann,blk_00457,8,5
CHU TOULOUSE,blk_00104,8,11
CHU de Rennes,blk_00412,8,14
CHU de Saint Etienne,blk_00249,8,9
Centre Hospitalier Universitaire De Caen Normandie,blk_00345,8,6
Centre Hospitalier Universitaire De Poitiers,blk_00215,8,4
Chiesi Farmaceutici S.p.A,blk_00034,8,19
Clinica Universidad De Navarra,blk_00291,8,5
Consorci Mar Parc de Salut de Barcelona Parc de Salut Mar,blk_00206,8,34
DAIICHI SANKYO EUROPE GmbH,blk_00069,8,23
F. HOFFMANN - LA ROCHE LTD.,blk_00006,8,40
FONDAZIONE TOSCANA GABRIELE MONASTERIO,blk_00458,8,5
"Ferrer Internacional, S.A.",blk_00459,8,13
Fondazione IRCCS Policlinico San Matteo,blk_00077,8,4
Fondazione Ricerca Traslazionale,blk_00460,8,6
"Forest Research Institute, Inc.",blk_00461,8,11
Friedrich-Schiller-Universitt Jena,blk_00462,8,12
Fundacin para la Investigacin Biomdica del Hospital Gregorio Maran,blk_00463,8,40
Fundacin para la Investigacin Biomdica del Hospital Universitario La Paz,blk_00202,8,33
Fundacion PETHEMA,blk_00160,8,11
Fundacion Para La Formacion E Investigacion Sanitaria De La Region De Murcia,blk_00464,8,2
Fundacion Para La Investigacion Biomedica Del Hospital Universitario La Paz,blk_00202,8,33
GALDERMA RD SNC,blk_00252,8,16
"GENENTECH, Inc.",blk_00070,8,9
GW Pharma Ltd.,blk_00296,8,8
Galapagos,blk_00127,8,5
Groupe Francophone des Mylodysplasies,blk_00422,8,4
Groupe Francophone des Mylodysplasies GFM,blk_00422,8,4
Hamilton Health Sciences Corporation,blk_00465,8,6
Hellenic Society Of Hematology,blk_00466,8,11
ICORG,blk_00467,8,6
ISTITUTO NAZIONALE PER LE MALATTIE INFETTIVE LAZZARO SPALLANZANI,blk_00073,8,32
ISTITUTO ONCOLOGICO VENETO,blk_00468,8,4
Immunocore Limited,blk_00469,8,3
Insmed Incorporated,blk_00426,8,3
Institute Of Tropical Medicine,blk_00470,8,9
Instituto Grifols S.A.,blk_00427,8,14
Instytut Pomnik Centrum Zdrowia Dziecka,blk_00471,8,3
Janssen Cilag International NV,blk_00013,8,40
"Karolinska University Hospital, Huddinge",blk_00026,8,40
Leiden University Medical Centre,blk_00023,8,20
Linkping University,blk_00472,8,13
MUMC,blk_00473,8,3
Maastricht University Medical Center,blk_00098,8,18
Maastricht University Medical Centre,blk_00098,8,18
"MacroGenics, Inc.",blk_00474,8,2
McNeil AB,blk_00475,8,5
Medica Scientia Innovation Research MedSIR,blk_00175,8,11
Medizinische Universitaet Innsbruck,blk_00279,8,12
"Merck  Co., Inc",blk_00005,8,40
Merck Sharp  Dohme GesmbH,blk_00005,8,40
Moderna Inc.,blk_00476,8,2
Myovant Sciences GmbH,blk_00477,8,2
NHS Greater Glasgow  Clyde / University of Glasgow,blk_00301,8,40
Narodowy Instytut Kardiologii Stefana Kardynala Wyszynskiego Panstwowy Instytut Badawczy,blk_00445,8,2
"Neurocrine Biosciences, Inc.",blk_00239,8,6
Novartis Pharma S.A.S.,blk_00001,8,40
Nycomed Danmark ApS,blk_00478,8,10
Nycomed GmbH,blk_00478,8,10
OCTAPHARMA AG,blk_00128,8,7
OSPEDALE MAGGIORE DI MILANO IRCCS,blk_00233,8,12
OSPEDALE ONCOLOGICO DI BARI,blk_00479,8,5
ObsEva SA,blk_00480,8,2
Oncopole Claudius Regaud,blk_00481,8,3
Oryzon Genomics S.A.,blk_00482,8,3
Oslo University Hospital Hf,blk_00047,8,36
Oulu University Hospital,blk_00483,8,17
"Pfizer Inc, 235 East 42nd Street, New York, New York 10017",blk_00010,8,40
Pfizer Ltd.,blk_00010,8,40
Philipps-Universitt Marburg,blk_00484,8,8
Praxis Precision Medicines Inc.,blk_00485,8,3
Profil Institut fr Stoffwechselforschung GmbH,blk_00486,8,5
Region Oerebro Laen,blk_00487,8,3
Reinier de Graaf Groep,blk_00488,8,3
Repha GmbH,blk_00489,8,3
"Rigel Pharmaceuticals, Inc.",blk_00490,8,3
Rijnstate Hospital,blk_00491,8,9
SUNOVION PHARMACEUTICALS INC.,blk_00241,8,6
Sanofi-Aventis Research & Development,blk_00024,8,40
Santhera Pharmaceuticals Switzerland Limited,blk_00492,8,9
Santiago Dexeus Font Fundacio Privada,blk_00493,8,7
Shire Pharmaceutical Development Ltd,blk_00286,8,30
Solvay Pharmaceuticals GmbH,blk_00441,8,13
Stallergenes S.A.,blk_00494,8,8
"Takeda Development Centre Europe, Ltd.",blk_00046,8,38
The Clatterbridge Cancer Centre NHS Foundation Trust,blk_00495,8,2
The Rotterdam Eye Hospital,blk_00496,8,8
Thomas Fichtner Bendtsen,blk_00497,8,2
ThromboGenics NV,blk_00498,8,4
UCB Biosciences Inc.,blk_00106,8,40
UCB S.A. Pharma Sector,blk_00106,8,40
UNIVERSIT CAMPUS BIO-MEDICO DI ROMA,blk_00155,8,5
University Medical Centre Groningen,blk_00021,8,22
University of Aberdeen / NHS Grampian,blk_00499,8,9
University of Tartu,blk_00398,8,9
Vir Biotechnology Inc.,blk_00500,8,2
Wave Life Sciences UK Limited,blk_00501,8,3
argenx BV,blk_00102,8,4
ACTELION Pharmaceuticals Ltd,blk_00079,7,13
AZIENDA OSPEDALIERA  OSPEDALI RIUNITI DI BERGAMO   A.O. DI RILIEVO NAZIONALE,blk_00178,7,11
Aarhus Universitetshospital,blk_00036,7,40
Abbott Biologicals B.V.,blk_00078,7,19
Abbvie Deutschland GmbH  Co. KG,blk_00012,7,18
Acacia Pharma Ltd,blk_00502,7,4
"Achillion Pharmaceuticals, Inc.",blk_00503,7,2
Apellis Pharmaceuticals Inc.,blk_00504,7,4
ApoPharma Inc.,blk_00505,7,3
Arvinas Operations Inc.,blk_00506,7,4
Astion Danmark A/S,blk_00478,7,10
Auris Medical AG,blk_00507,7,4
Bellvitge University Hospital / Fundacio Institut D'Investigacio Biomedica De Bellvitge IDIBELL,blk_00508,7,15
BioGeneriX AG,blk_00509,7,3
BioInvent International AB,blk_00510,7,2
BioMarin Pharmaceutical Inc,blk_00099,7,6
Biologische Heilmittel Heel GmbH,blk_00511,7,2
"Boehringer Ingelheim Espaa, S.A.",blk_00018,7,40
Boehringer Ingelheim International GmbH / Boehringer Ingelheim Espana S.A. / Boehringer Ingelheim RCV GmbH & Co. KG,blk_00018,7,40
CHRU de Tours,blk_00124,7,11
CHU - Hpitaux de Rouen,blk_00167,7,13
CHU Amiens,blk_00152,7,6
CHU de Caen,blk_00345,7,6
CHU de Poitiers,blk_00215,7,4
Cardiff and Vale NHS Trust,blk_00071,7,9
Catharina Ziekenhuis Stichting,blk_00512,7,4
Celldex Therapeutics Inc.,blk_00513,7,5
Celltrion Inc.,blk_00409,7,7
"Celltrion, Inc",blk_00409,7,7
Centr Georges Francois Leclerc,blk_00514,7,9
Centre Francois Baclesse,blk_00411,7,2
Centre Hospitalier de Toulouse,blk_00104,7,11
Charit-Universittsmedizin Berlin,blk_00068,7,40
Charite Universittsmedizin Berlin,blk_00140,7,17
Christie Hospital NHS Trust,blk_00336,7,7
Consorci Mar Parc de Salut de Barcelona Parc de Salut MAR,blk_00206,7,34
Consorcio Centro De Investigacion Biomedica En Red,blk_00515,7,28
"Cubist Pharmaceuticals, Inc.",blk_00516,7,5
Daiichi Sankyo Europe GmbH,blk_00069,7,23
Debiopharm International S.A.,blk_00517,7,6
Develco Pharma Schweiz AG,blk_00518,7,2
Dr. August Wolff GmbH  Co. KG Arzneimittel,blk_00519,7,3
Eisai Inc.,blk_00050,7,9
Eli Lilly and Company Ltd,blk_00009,7,38
Eli Lilly and Company Ltd.,blk_00009,7,38
Emotional Brain,blk_00520,7,2
FAES FARMA S.A.,blk_00226,7,40
"FAES FARMA, S.A.",blk_00226,7,40
FONDAZIONE MONZINO CENTRO CARDIOLOGICO,blk_00521,7,3
FONDAZIONE SANTA LUCIA,blk_00522,7,5
Fidia Farmaceutici S.p.A.,blk_00523,7,5
Fundacin Pethema,blk_00160,7,11
Fundacion Para El Fomento De La Investigacion Sanitaria Y Biomedica De La Comunitat Valenciana,blk_00515,7,28
Fundacion Publica Andaluza Para La Investigacion De Malaga En Biomedicina Y Salud,blk_00294,7,27
G.O.N.O. - GRUPPO ONCOLOGICO DEL NORD OVEST,blk_00219,7,8
GENFIT,blk_00524,7,3
GMIHO Gesellschaft fr Medizinische Innovation - Hmatologie und Onkologie mbH,blk_00525,7,10
GlaxoSmithKline RD,blk_00083,7,14
GlaxoSmithKline Research  Development Ltd.,blk_00007,7,40
Glaxosmithkline Research & Development Limited / Glaxosmithkline Research & Development Limited,blk_00007,7,40
HEXAL AG,blk_00272,7,7
Hannu Kokki,blk_00526,7,2
Hopital Fondation Adolphe De Rothschild,blk_00527,7,3
I.T.M.O. - ITALIAN TRIALS IN MEDICAL ONCOLOGY,blk_00383,7,6
IBSA,blk_00528,7,9
IBSA INSTITUT BIOCHIMIQUE SA,blk_00528,7,9
IBSA Institut Biochimique SA,blk_00528,7,9
INSTITUTO DE INVESTIGACIN SANITARIA LA FE,blk_00529,7,10
ISTITUTO NAZIONALE DELLE MALATTIE INFETTIVE LAZZARO SPALLANZANI,blk_00073,7,32
Idorsia Pharmaceuticals Ltd.,blk_00322,7,3
Imperial College Healthcare NHS Trust,blk_00144,7,18
"Infinity Pharmaceuticals, Inc.",blk_00530,7,2
Institut fuer Klinische Krebsforschung IKF GmbH,blk_00142,7,19
Instytut Matki I Dziecka,blk_00471,7,3
Intercept Pharmaceuticals Inc.,blk_00531,7,5
Intra-Cellular Therapies Inc.,blk_00532,7,4
Istituto Di Ricerche Farmacologiche Mario Negri,blk_00222,7,18
Istituto Europeo Di Oncologia S.r.l.,blk_00044,7,9
"Jazz Pharmaceuticals, Inc.",blk_00428,7,7
"Kartos Therapeutics, Inc.",blk_00533,7,2
Krankenhaus Nordwest GmbH,blk_00534,7,4
Laboratoires Thea,blk_00535,7,4
Leids Universitair Medisch Centrum,blk_00029,7,40
Lund University,blk_00536,7,14
"Medizinische Universitt Wien, Universittsklinik fr Klinische Pharmakologie",blk_00113,7,40
"Merck Sharp  Dohme LLC, a subsidiary of Merck  Co., Inc.",blk_00005,7,40
Merja Kokki,blk_00537,7,2
Mitsubishi Tanabe Pharma Corporation,blk_00350,7,10
Moberg Derma AB,blk_00538,7,6
N.V. Roche S.A.,blk_00006,7,40
"NPS Pharmaceuticals, Inc.",blk_00539,7,2
Newcastle Upon Tyne Hospitals NHS Foundation Trust,blk_00179,7,21
Newcastle upon Tyne Hospitals NHS Trust,blk_00179,7,21
NovImmune S.A.,blk_00540,7,3
Novartis Vaccines and Diagnostics GmbH,blk_00001,7,40
OmniVision GmbH,blk_00541,7,4
"Pfizer Inc, 235 East 42nd Street, New York, NY 10017, USA",blk_00010,7,40
Pfizer Ltd,blk_00010,7,40
Philipps-Universitaet Marburg,blk_00484,7,8
Public Health England,blk_00542,7,4
RHEACELL GmbH  Co. KG,blk_00543,7,2
RIVM,blk_00544,7,10
ROCHE SAS,blk_00006,7,40
"Reata Pharmaceuticals, Inc.",blk_00545,7,4
Reckitt Benckiser Healthcare UK Limited,blk_00353,7,17
"Rhythm Pharmaceuticals, Inc.",blk_00546,7,3
Roche Austria GmbH,blk_00547,7,8
Roche Farma S. A. U. que realiza el ensayo en Espaa y que acta como representante F. Hoffmann-La Roche Ltd,blk_00006,7,40
Royal Brompton and Harefield NHS Foundation Trust,blk_00548,7,8
Royal College of Surgeons in Ireland,blk_00549,7,7
SCHERING-PLOUGH,blk_00170,7,31
Sanofi Pasteur MSD,blk_00132,7,17
Sarepta Therapeutics Inc.,blk_00550,7,3
Seqirus UK Limited,blk_00551,7,2
Shire-Movetis NV,blk_00286,7,30
Sint Antonius Ziekenhuis Stichting,blk_00257,7,8
Sintetica S.A.,blk_00552,7,3
Solvay Pharmaceuticals B.V.,blk_00441,7,13
St Antonius Hospital,blk_00257,7,8
St Georges University of London,blk_00553,7,6
Stichting Het Nederlands Kanker Instituut-Antoni van Leeuwenhoek Ziekenhuis,blk_00072,7,24
Swedish Orphan Biovitrum AB (publ),blk_00554,7,13
Takeda Development Centre Europe Ltd,blk_00046,7,38
Tarchominskie Zaklady Farmaceutyczne Polfa S.A.,blk_00555,7,3
TauRx Therapeutics Ltd,blk_00556,7,3
Tayside Medical Sciences Centre on behalf of University of Dundee  NHS Tayside,blk_00067,7,21
Technische Universitat Dresden,blk_00181,7,18
Tibotec BVBA,blk_00242,7,7
Ume University,blk_00557,7,7
Universitaetsklinikum Ulm AöR,blk_00139,7,26
University Hospital of Toulouse,blk_00104,7,11
University Of Antwerp,blk_00130,7,14
University of Aberdeen,blk_00499,7,9
University of Manchester,blk_00264,7,40
University of Surrey,blk_00558,7,5
University of Turku,blk_00086,7,13
Uniwersytet Jagiellonski Collegium Medicum,blk_00559,7,2
VU Medical Center,blk_00053,7,33
VU University Medical Centre,blk_00053,7,33
"Wyeth Pharmaceuticals Inc, a wholly owned subsidiary of Pfizer Inc, 500 Arcola Road, Collegeville, PA 19426 USA",blk_00010,7,40
medac Gesellschaft fr klinische Spezialprparate mbH,blk_00560,7,2
A.I.E.O.P. - ASSOCIAZIONE  ITALIANA EMATOLOGIA ONCOLOGIA PEDIATRICA,blk_00561,6,12
ACTELION Pharmaceuticals Ltd.,blk_00079,6,13
AGMT gGmbH,blk_00562,6,2
"ALEXION PHARMACEUTICALS, INC.",blk_00090,6,12
AM-Pharma B.V.,blk_00563,6,11
AOU FEDERICO II,blk_00209,6,40
ARCAGY-GINECO,blk_00361,6,5
AZIENDA OSPEDALIERA MEYER,blk_00564,6,6
AZIENDA OSPEDALIERA UNIVERSITARIA DELLA SECONDA UNIVERSITA DEGLI STUDI DI NAPOLI,blk_00209,6,40
AZIENDA OSPEDALIERO-UNIVERSITARIA DI MODENA,blk_00312,6,11
Abbott Laboratories GmbH,blk_00078,6,19
Academisch Medisch Centrum,blk_00029,6,40
Agence nationale de recherches sur le sida et les hpatites virales. ANRS.,blk_00403,6,7
Air Liquide Sant International,blk_00565,6,8
Albireo AB,blk_00566,6,2
Alcon Research Ltd,blk_00158,6,16
Alder Hey Childrens NHS Foundation Trust,blk_00567,6,6
Alexion Pharmaceuticals Incorporated,blk_00090,6,12
"Alexion Pharmaceuticals, Inc",blk_00090,6,12
Amgen Limited,blk_00011,6,15
Amgen Research Munich GmbH,blk_00011,6,15
AnaptysBio Inc.,blk_00568,6,5
Arena Pharmaceuticals Inc.,blk_00448,6,2
Ascendis Pharma Growth Disorders A/S,blk_00569,6,5
Assistance Publique  Hpitaux de Paris AP-HP,blk_00008,6,40
Assistance Publique Hopitaux De Paris / Assistance Publique Hopitaux De Paris,blk_00008,6,40
Association Gercor,blk_00269,6,3
Azienda Ospedaliero Universitaria Pisana,blk_00121,6,4
BIOPROJET,blk_00194,6,5
BRACCO,blk_00247,6,9
Bambino Ges Childrens Hospital,blk_00570,6,2
Baxter AG,blk_00091,6,14
Beigene Ltd.,blk_00343,6,8
Berlin-Chemie AG,blk_00571,6,11
"Bial - Portela  Ca, S.A.",blk_00262,6,14
Biocodex,blk_00572,6,2
Biohaven Therapeutics Ltd.,blk_00573,6,4
Boehringer Ingelheim International GmbH / Boehringer Ingelheim RCV GmbH & Co. KG / Boehringer Ingelheim Espana S.A.,blk_00018,6,40
Bracco ALTANA Pharma GmbH,blk_00134,6,5
CATALYST PHARMACEUTICALS INC.,blk_00574,6,3
CHU Rennes,blk_00412,6,14
CHU de LIMOGES,blk_00346,6,7
CHU de NIMES,blk_00265,6,7
COSMO TECHNOLOGIES LTD,blk_00575,6,5
Celgene International II S.a.r.l.,blk_00030,6,15
Center for Cancer Immune Therapy,blk_00576,6,5
Centre Antoine Lacassagne,blk_00455,6,2
Centre Hospitalier Universitaire Brugmann,blk_00457,6,5
Centre Hospitalier Universitaire D'Angers,blk_00313,6,5
Centre Hospitalier Universitaire de Besanon,blk_00577,6,8
Centre Jean Perrin,blk_00578,6,2
Centre hospitalier universitaire de Liege,blk_00579,6,15
Clavis Pharma ASA,blk_00580,6,3
Daiichi Sankyo Development Ltd,blk_00069,6,23
Daiichi Sankyo Pharma Development,blk_00069,6,23
Danish Headache Center,blk_00581,6,6
Debiopharm International SA,blk_00517,6,6
"Department of Dermatology D92, Bispebjerg Hospital",blk_00122,6,28
"Department of Oncology, Herlev  Gentofte Hospital",blk_00234,6,29
Dermal Laboratories Ltd,blk_00582,6,3
ENTE OSPEDALIERO OSPEDALI GALLIERA,blk_00211,6,9
"Epizyme, Inc.",blk_00583,6,2
Europese Organisatie Voor Onderzoek En Behandeling Van Kanker Organisation Europeenne Pour La Recherche Et Le Traitement Du Cancer European Organi,blk_00093,6,29
"Exelixis, Inc.",blk_00347,6,4
FONDAZIONE DEL PIEMONTE PER LONCOLOGIA IRCCS,blk_00584,6,4
FONDAZIONE MICHELANGELO - AVANZAMENTO DELLO STUDIO E CURA DEI TUMORI,blk_00073,6,32
FONDAZIONE SALVATORE MAUGERI - CLINICA DEL LAVORO E DELLA RIABILITAZIONE,blk_00404,6,5
FOURNIER Laboratories Ireland Ltd,blk_00585,6,4
FUNDACION JIMENEZ DIAZ HEALTH RESEARCH INSTITUTE,blk_00586,6,4
Faes Farma S.A.,blk_00226,6,40
Fakultn nemocnice Ostrava,blk_00587,6,16
Fakultn nemocnice u sv. Anny v Brn,blk_00587,6,16
Fdration Francophone de Cancrologie Digestive FFCD,blk_00316,6,5
Fondazione IRCCS Ca Granda Ospedale Maggiore Policlinico,blk_00233,6,12
"Forest Research Institute, Inc",blk_00461,6,11
Friedrich-Schiller-Universitaet Jena,blk_00462,6,12
Fundaci Sant Joan de Du,blk_00379,6,20
Fundacin Pblica Andaluza Progreso y Salud,blk_00419,6,12
Fundacin para la Formacin e Investigacin Sanitarias de la Regin de Murcia,blk_00588,6,9
Fundacio Sant Joan De Deu,blk_00379,6,20
Fundacion Grupo Espanol De Investigacion En Cancer De Mama,blk_00589,6,19
Fundacion Instituto De Investigacion Sanitaria De Santiago De Compostela,blk_00590,6,2
Fundacion Para La Investigacion Biomedica Del Hospital Gregorio Maranon,blk_00463,6,40
Fundacion Para La Investigacion Biomedica Del Hospital Universitario La Princesa,blk_00515,6,28
G. Pohl-Boskamp GmbH  Co. KG,blk_00591,6,3
GE Healthcare Ltd. and its Affiliates,blk_00378,6,14
GISCAD,blk_00592,6,2
GOELAMS,blk_00593,6,2
GORTEC,blk_00594,6,2
GW Research Ltd.,blk_00296,6,8
Genentech Inc,blk_00070,6,9
"Genentech, Inc",blk_00070,6,9
Genethon,blk_00595,6,2
GlaxoSmithKline Group of Companies,blk_00596,6,2
GlaxoSmithKline LLC,blk_00007,6,40
GlaxoSmithKline RD Limited,blk_00083,6,14
GlaxoSmithKline Research and Development LTD,blk_00007,6,40
GlaxoSmithKline Research and Development Ltd.,blk_00007,6,40
Glenmark Pharmaceuticals SA,blk_00597,6,3
Great Ormond Street Hospital for Children NHS Trust,blk_00598,6,8
Grupo Espanol De Tumores Neuroendocrinos,blk_00589,6,19
Grupo Espaol de Cncer de Pulmn,blk_00599,6,40
Guys  St. Thomas NHS Foundation Trust,blk_00220,6,9
HELLENIC INSTITUTE FOR THE STUDY OF SEPSIS,blk_00253,6,7
"Hanmi Pharmaceutical Co., Ltd.",blk_00600,6,3
Haukeland University Hospital,blk_00601,6,10
Herlev and Gentofte Hospital,blk_00234,6,29
Hospital Foch,blk_00381,6,3
Hospital of the University of Munich,blk_00602,6,29
Hpital Erasme,blk_00320,6,26
Humanitas Mirasole S.p.A.,blk_00603,6,2
IIL INTERGRUPPO ITALIANO LINFOMI ONLUS,blk_00141,6,11
INSTITUT DE CANCEROLOGIE DE LOUEST,blk_00604,6,3
INSTITUTO DE INVESTIGACION SANITARIA LA FE,blk_00529,6,10
Institut Paoli Calmettes,blk_00384,6,3
Institut de Recerca de lHospital de la Santa Creu i Sant Pau,blk_00605,6,27
Instituto Aragons de Ciencias de la Salud,blk_00606,6,9
"Isis Pharmaceuticals, Inc.",blk_00607,6,2
Italian Sarcoma Group,blk_00383,6,6
Janssen-Cilag International N.V,blk_00013,6,40
Jazz Pharmaceuticals Ireland Limited,blk_00428,6,7
KU Leuven - Drug Delivery  Disposition,blk_00205,6,24
Kings College Hospital NHS Foundation Trust / Kings College London,blk_00019,6,40
Leo Pharma A/S,blk_00049,6,6
Lillebaelt Hospital,blk_00608,6,2
MENARINI INTERNATIONAL OPERATIONS LUXEMBOURG SA,blk_00609,6,15
MERCK SHARP DOHME,blk_00005,6,40
Masarykova Univerzita,blk_00610,6,2
"Mech-Sense, Aalborg University Hospital",blk_00164,6,27
"MedImmune Limited, a wholly owned subsidiary of AstraZeneca",blk_00002,6,40
MedImmune Ltd,blk_00236,6,10
"Medizinische Universitt Wien, Universittsklinik fr Ansthesie, Allgemeine Intensivmedizin und Schmerztherapie",blk_00113,6,40
"Merck Sharp  Dohme Corp., a subsidiary of Merck  Co.,",blk_00005,6,40
Mirati Therapeutics Inc.,blk_00611,6,2
MorphoSys AG,blk_00612,6,3
Mundipharma Research Ltd.,blk_00238,6,19
NHS Greater Glasgow and Clyde,blk_00301,6,40
NHS Lothian / University of Edinburgh,blk_00150,6,27
Newron Pharmaceuticals S.p.A.,blk_00613,6,6
Norgine Ltd,blk_00614,6,6
Norwegian University Of Science And Technolology,blk_00615,6,4
Novartis Farmaceutica S.A.,blk_00001,6,40
OM PHARMA,blk_00616,6,4
OM Pharma SA,blk_00616,6,4
Omeros Corporation,blk_00617,6,3
"Onyx Therapeutics, Inc.",blk_00618,6,3
"Otsuka Pharmaceutical Development  Commercialization, Inc",blk_00063,6,13
PARI Pharma GmbH,blk_00619,6,2
Papworth Hospital NHS Foundation Trust,blk_00620,6,5
"Pfizer Inc 235 East 42nd Street, New York, NY10017",blk_00010,6,40
Pfizer Inc. - 235 East 42nd Street - New York - 10017,blk_00010,6,40
"Pfizer Inc. 235 East 42nd Street, New York, 10017",blk_00010,6,40
"Pfizer Limited, Ramsgate Road, Sandwich, Kent, CT13 9NJ, UK",blk_00010,6,40
Portsmouth Hospitals NHS Trust,blk_00621,6,4
Professor Jrgen B. Dahl,blk_00622,6,4
Protalix Ltd.,blk_00623,6,3
Queen Mary University Of London,blk_00148,6,25
RUNMC,blk_00624,6,2
"RWTH Aachen University represented by the Rector himself, represented by the Dean of the Medical Faculty",blk_00625,6,31
Rocket Pharmaceuticals Inc.,blk_00626,6,2
Royal Marsden NHS Foundation Trust,blk_00191,6,27
Sandoz GmbH,blk_00627,6,3
"Schering Plough Research Institute, a Division of Schering Corporation",blk_00170,6,31
Southampton University Hospitals NHS Trust,blk_00183,6,20
St. Antonius Ziekenhuis,blk_00257,6,8
Stemline Therapeutics Inc.,blk_00628,6,2
Summit Oxford Limited,blk_00025,6,35
Technical University Dresden,blk_00181,6,18
Technical University of Munich,blk_00602,6,29
"Technische Universitt Mnchen, Fakultt fr Medizin",blk_00327,6,40
Tecnimede-Sociedade Tecnico-Medicinal S.A.,blk_00629,6,6
Tesaro Inc.,blk_00630,6,3
Tg Therapeutics Inc.,blk_00631,6,3
The Leeds Teaching Hospitals NHS Trust,blk_00048,6,17
Transgene,blk_00632,6,5
"Trevi Therapeutics, Inc.",blk_00633,6,2
Turku University Central Hospital,blk_00086,6,13
UCB BIOSCIENCES GmbH,blk_00106,6,40
Ume University Hospital,blk_00557,6,7
United Therapeutics Corp.,blk_00337,6,11
Universita' Degli Studi Di Torino,blk_00209,6,40
Universittsklinikum Schleswig-Holstein,blk_00634,6,17
Universittsmedizin der Johannes Gutenberg-Universitt Mainz,blk_00635,6,25
University Hospital Birmingham NHS Foundation Trust,blk_00035,6,36
University Hospital of Heidelberg,blk_00338,6,40
University Medical Centre Hamburg-Eppendorf,blk_00095,6,13
"University of Oxford, Clinical Trials and Research Governance",blk_00025,6,35
University of Warwick,blk_00636,6,3
Vejle Sygehus,blk_00192,6,10
Vestre Viken HF,blk_00047,6,36
WSG Westdeutsche Studiengruppe GmbH,blk_00637,6,4
ZonMw,blk_00638,6,7
iOMEDICO AG,blk_00639,6,2
ikfe GmbH,blk_00640,6,3
rebro University Hospital,blk_00400,6,9
sanofi-aventis groupe,blk_00024,6,40
ABIVAX,blk_00310,5,2
ADC Therapeutics SA,blk_00641,5,2
"ALK-Abell, S.A.",blk_00177,5,8
ALMA MATER STUDIORUM UNIVERSIT DI BOLOGNA,blk_00642,5,2
ANRS Maladies Infectieuses Emergentes,blk_00403,5,7
"ARIAD Pharmaceuticals, Inc.",blk_00643,5,6
"AVEO Pharmaceuticals, Inc.",blk_00644,5,5
AZIENDA OSPEDALIERA ARCISPEDALE SANTA MARIA NUOVA/IRCCS DI REGGIO EMILIA,blk_00288,5,5
AZIENDA OSPEDALIERA PROVINCIALE DI LECCO,blk_00645,5,2
AZIENDA OSPEDALIERA S. GERARDO DI MONZA,blk_00363,5,10
AZIENDA OSPEDALIERA UNIVERSITARIA SAN MARTINO GENOVA,blk_00363,5,10
AZIENDA OSPEDALIERA UNIVERSITARIA SENESE,blk_00157,5,3
AZIENDA OSPEDALIERO-UNIVERSITARIA CAREGGI,blk_00289,5,5
AZIENDA OSPEDALIERO-UNIVERSITARIA DI PARMA,blk_00362,5,7
AZIENDA SANITARIA OSPEDALIERA O.I.R.M. - S. ANNA,blk_00646,5,13
AZIENDA SANITARIA OSPEDALIERA S.CROCE E CARLE CUNEO,blk_00647,5,2
AbbVie Deutschland,blk_00012,5,18
"Agios Pharmaceuticals, Inc.",blk_00407,5,3
"Aimmune Therapeutics, Inc.",blk_00648,5,2
Akari Therapeutics Plc,blk_00649,5,3
"Alkahest, Inc.",blk_00650,5,2
Alkermes Inc,blk_00341,5,3
Alkermes Inc.,blk_00341,5,3
Amicus Therapeutics Inc.,blk_00213,5,6
Antibiotice S.A.,blk_00651,5,3
"Arcutis Biotherapeutics, Inc.",blk_00652,5,2
Ardana Bioscience Ltd,blk_00653,5,2
"Arrowhead Pharmaceuticals, Inc.",blk_00229,5,4
Artu Biologicals Europe B.V.,blk_00654,5,2
Ascendis Pharma Endocrinology Division A/S,blk_00655,5,6
Asoc Grupo Espanol De Investigacion En Sarcomas,blk_00589,5,19
Asociacion Instituto De Investigacion Sanitaria Biobizkaia,blk_00656,5,5
Astra Zeneca AB,blk_00002,5,40
AstraZeneca GmbH,blk_00002,5,40
Azienda Ospedaliero-Universitaria Maggiore Della Carita,blk_00340,5,4
Azienda Socio Sanitaria Territoriale Degli Spedali Civili Di Brescia,blk_00151,5,6
BAYER,blk_00015,5,40
BOOG Study Center B.V.,blk_00657,5,3
BRACCO IMAGING,blk_00247,5,9
Belfast Health  Social Care Trust,blk_00246,5,18
BioCryst Pharmaceuticals Inc.,blk_00344,5,5
Biogen Idec Research Ltd,blk_00037,5,20
Bioverativ Therapeutics Inc.,blk_00658,5,4
"Bispebjerg Hospital, Department of Dermatology",blk_00122,5,28
Boehringer Ingelheim Pharma GmbH  Co.KG,blk_00018,5,40
Boehringer Ingelheim SComm,blk_00018,5,40
CASA DI CURA PRIVATA S.RAFFAELE - PISANA,blk_00051,5,19
CHU Caen,blk_00345,5,6
CHU DIJON,blk_00174,5,9
CHU Dijon Bourgogne,blk_00174,5,9
CHU Nantes,blk_00062,5,10
CHU SAINT-ETIENNE,blk_00249,5,9
CHU Saint Pierre,blk_00659,5,3
CHU de Besanon,blk_00577,5,8
CHU de Brest,blk_00230,5,8
CHU de DIJON,blk_00174,5,9
CHU-Hpitaux de Rouen,blk_00167,5,13
CHU-ULg,blk_00660,5,3
CONSORZIO MARIO NEGRI SUD,blk_00222,5,18
"Can-Fite BioPharma, Ltd.",blk_00661,5,4
Cassella-med GmbH  Co. KG,blk_00662,5,6
Celgene International II Srl CIS II,blk_00030,5,15
"Celltrion, Inc.",blk_00409,5,7
Celon Pharma S.A.,blk_00663,5,2
Centre Hospitalier De Versailles,blk_00664,5,7
Centre Hospitalier Dpartemental Vende,blk_00665,5,2
Centre Hospitalier Et Universitaire De Limoges,blk_00346,5,7
Centre Hospitalier Intercommunal de Crteil,blk_00666,5,2
Centre Hospitalier Universitaire de Nancy,blk_00195,5,17
Centre Hospitalier Universitaire de Nantes,blk_00062,5,10
"Cerevel Therapeutics, LLC",blk_00667,5,2
"Cerexa, Inc.",blk_00668,5,2
Charit - University Hospital of Berlin,blk_00068,5,40
Charit Universitaetsmedizin Berlin,blk_00068,5,40
Chiron S.r.l.,blk_00456,5,5
Chugai Pharmaceutical Co. Ltd.,blk_00669,5,3
Consorci Mar Parc de Salut de Barcelona,blk_00206,5,34
Consorzio Oncotech,blk_00216,5,4
Corcept Therapeutics Incorporated,blk_00670,5,2
CureVac AG,blk_00671,5,4
Curis Inc.,blk_00672,5,2
"CymaBay Therapeutics, Inc.",blk_00673,5,3
Cytokinetics Inc.,blk_00674,5,4
"Cytokinetics, Inc.",blk_00674,5,4
Daiichi Sankyo Development Limited,blk_00069,5,23
Debiopharm SA,blk_00517,5,6
"Department of Neurology, Odense University Hospital",blk_00028,5,40
"Dept of Anaesthesia, University College Hospital, Galway",blk_00675,5,14
Derby Hospitals NHS Foundation Trust,blk_00676,5,4
Dermal Laboratories Limited,blk_00582,5,3
Domp s.p.a.,blk_00415,5,5
Dr. Willmar Schwabe GmbH & Co. KG,blk_00125,5,4
Dutch Growth Research Foundation,blk_00569,5,5
Engelhard Arzneimittel GmbH  Co. KG,blk_00677,5,3
Erasmus Medical Centre,blk_00029,5,40
F. Hoffmann-La Roche AG / F. Hoffmann-La Roche AG,blk_00006,5,40
FONDAZIONE RICERCA TRASLAZIONALE FORT,blk_00460,5,6
Fdration Nationale des Centres de Lutte Contre le Cancer,blk_00678,5,7
Fondation A De Rothschild,blk_00527,5,3
Fondazione Toscana Gabriele Monasterio,blk_00458,5,5
Forum Pharmaceuticals Inc.,blk_00679,5,4
Fundacin Pblica Andaluza para la Gestin en Salud de Sevilla FISEVI,blk_00294,5,27
Fundacin Pblica Andaluza para la Investigacin de Mlaga en Biomedicina y Salud FIMABIS,blk_00294,5,27
Fundacin para la Investigacin Biomdica de Crdoba,blk_00463,5,40
Fundacion Fls De Lucha Contra El Sida Las Enfermedades Infecciosas Y La Promocion De La Salud Y La Ciencia,blk_00143,5,16
Fundacion Geltamo,blk_00680,5,10
Fundacion Para La Investigacion Biomedica Del Hospital Universitario Ramon Y Cajal,blk_00515,5,28
GALENpharma GmbH,blk_00681,5,2
GETAID,blk_00682,5,3
GIULIANI,blk_00683,5,2
"GTx, Inc.",blk_00684,5,2
Gebro Pharma GmbH,blk_00685,5,3
Genzyme Corp.,blk_00088,5,10
Ghent University,blk_00045,5,5
GlaxoSmithKline R  D Limited,blk_00007,5,40
Grifols Therapeutics LLC,blk_00427,5,14
Groupe Hospitalier Universitaire Paris Psychiatrie Et Neuroscience,blk_00686,5,4
Grupo Espaol Multidisciplinar en Cncer Digestivo GEMCAD,blk_00599,5,40
Grupo Espaol de Investigacin en Cncer de Ovario GEICO,blk_00599,5,40
Grupo Espaol de Investigacin en Sarcomas,blk_00599,5,40
HOSPITAL UNIVERSITARI DE BELLVITGE,blk_00508,5,15
Hansa Biopharma AB,blk_00687,5,4
Heart of England NHS Foundation Trust,blk_00542,5,4
Heidelberg University,blk_00338,5,40
Heinrich-Heine-Universitt Dsseldorf,blk_00688,5,9
Hellenic Cooperative Oncology Group HeCOG,blk_00297,5,18
Henogen,blk_00689,5,2
Herlev Gentofte Hospital,blk_00234,5,29
Hospital Sant Joan de Du,blk_00379,5,20
Hospital Universitari De Girona Doctor Josep Trueta,blk_00690,5,7
Hpital Universitaire Des Enfants Reine Fabiola,blk_00691,5,2
"Human Genome Sciences, Inc.",blk_00096,5,20
"Human Genome Sciences, Inc. a wholly owned subsidiary of GlaxoSmithKline PLC",blk_00096,5,20
I.F.O. Istituti Fisioterapici Ospitalieri,blk_00111,5,7
I.R.C.C.S. FONDAZIONE S.LUCIA,blk_00522,5,5
IDEA AG,blk_00692,5,2
INFECTOPHARM Arzneimittel und Consilium GmbH,blk_00693,5,6
INSTITUT DE RECHERCHES INTERNATIONALES SERVIER,blk_00027,5,25
IRCCS - Istituto di Ricerche Farmacologiche Mario Negri,blk_00222,5,18
IRCCS- FONDAZIONE G.B. BIETTI PER LO STUDIO E LA RICERCA IN OFTALMOLOGIA-ONLUS,blk_00694,5,3
ISTITUTO NEUROLOGICO  CARLO BESTA,blk_00223,5,5
IVI Madrid,blk_00695,5,15
"Idenix Pharmaceuticals, Inc.",blk_00696,5,3
InDex Pharmaceuticals AB,blk_00697,5,2
InfectoPharm Arzneimittel und Consilium GmbH,blk_00693,5,6
"Infinity Pharmaceuticals, Inc",blk_00530,5,2
"Inmunotek, S.L.",blk_00203,5,4
Insel Gruppe AG,blk_00698,5,5
Institut Catal dOncologia,blk_00699,5,4
Institute For Clinical And Experimental Medicine,blk_00700,5,11
Institute for Clinical and Experimental Medicine,blk_00700,5,11
Institute of Tropical Medicine,blk_00470,5,9
Instituto Bernabeu,blk_00701,5,4
Instituto De Investigacion Sanitaria Fundacion Para La Investigacion Del Hospital Clinico De Valencia-INCLIVA,blk_00702,5,11
Instituto de Investigacin Sanitaria INCLIVA,blk_00702,5,11
Iovance Biotherapeutics Inc.,blk_00703,5,2
Isala Klinieken,blk_00704,5,13
"J. Uriach y Compaa, S.A.",blk_00705,5,4
Kartos Therapeutics Inc.,blk_00533,5,2
Klaus Olkkola,blk_00706,5,2
Kuros Biosurgery AG,blk_00707,5,2
"LIB Therapeutics, LLC",blk_00708,5,2
LOFARMA,blk_00431,5,3
LUSOFARMACO,blk_00709,5,2
Laboratorios LETI S.L.,blk_00225,5,15
"Laboratorios LETI, S.L. Unipersonal",blk_00225,5,15
"Laboratorios SALVAT, S.A.",blk_00710,5,3
London School of Hygiene and Tropical Medicine,blk_00470,5,9
"MADAUS, S.A.",blk_00711,5,3
"Marinus Pharmaceuticals, Inc.",blk_00712,5,5
Martin-Luther-Universitaet Halle-Wittenberg,blk_00329,5,14
Masaryk University,blk_00713,5,2
Meander Medical Centre,blk_00714,5,3
Med. Univ. Wien,blk_00113,5,40
Medical University Graz,blk_00112,5,40
"Medizinische Universitt Wien, Univ. Klinik f. Dermatologie",blk_00113,5,40
Menarini International Operations Luxembourg S.A.,blk_00609,5,15
"Merck  Co, Inc.",blk_00005,5,40
"Merck Sharp  Dohme Corp., a subsidiary of Merck  Co.,Inc",blk_00005,5,40
"Merck Sharp  Dohme Corp., a subsidiary of Merck  Co.,Inc.",blk_00005,5,40
"Merrimack Pharmaceuticals, Inc.",blk_00715,5,3
"Millennium Pharmaceuticals, Inc., a wholly owned subsidiary of Takeda Pharmaceutical Company Limited",blk_00147,5,10
Minoryx Therapeutics S.L.,blk_00716,5,2
NHS Tayside,blk_00717,5,4
Neovacs SA,blk_00718,5,2
Netherlands Cancer Institute,blk_00390,5,5
NewAmsterdam Pharma B.V.,blk_00719,5,2
Novartis Consumer Health S.A.,blk_00001,5,40
Novartis Farmacutica S.A,blk_00001,5,40
Novartis Pharma,blk_00001,5,40
Novartis Services AG,blk_00001,5,40
Nrodn onkologick stav,blk_00720,5,3
OSPEDALE PEDIATRICO BAMBINO GESU DI ROMA,blk_00438,5,6
Octapharma Pharmazeutika Produktionsges.m.b.H.,blk_00128,5,7
Odense Universitetshospital,blk_00028,5,40
Orchard Therapeutics (Europe) Limited,blk_00721,5,2
Oxford University Hospitals NHS Trust,blk_00025,5,35
"PTC Therapeutics, Inc",blk_00283,5,6
Parc De Salut Mar,blk_00206,5,34
"Pearl Therapeutics, Inc.",blk_00722,5,3
Pfizer S.A.,blk_00010,5,40
Photocure ASA,blk_00723,5,2
Plethora Solutions Limited,blk_00724,5,3
ProQR Therapeutics IV B.V.,blk_00725,5,3
Professor Jrgen Berg Dahl,blk_00622,5,4
Protalix Biotherapeutics,blk_00623,5,3
Pulmocide Ltd,blk_00726,5,2
"Puma Biotechnology, Inc.",blk_00727,5,3
"Quark Pharmaceuticals, Inc.",blk_00728,5,2
RIEMSER Arzneimittel AG,blk_00729,5,3
RWTH Aachen University,blk_00625,5,31
Recordati AG,blk_00730,5,11
Region Stockholm – SLSO,blk_00731,5,6
Region rebro ln,blk_00400,5,9
Renovo,blk_00732,5,2
Renovo Ltd,blk_00732,5,2
Replimune Group Inc.,blk_00733,5,2
Rheinische Friedrich-Wilhelms-Universitt Bonn,blk_00440,5,14
"Rigshospitalet, Department of Clinical Physiology, Nuclear Medicine and PET",blk_00014,5,40
Rijksinstituut voor Volksgezondheid en Milieu (RIVM),blk_00544,5,10
Roche Farma S.A.,blk_00226,5,40
Roche Hungary Ltd.,blk_00734,5,5
Roche Oy,blk_00006,5,40
Roche Products Limited,blk_00083,5,14
Royal Devon and Exeter NHS Foundation Trust,blk_00735,5,8
S.L.A. Pharma UK Ltd,blk_00172,5,9
SCHWARZ BIOSCIENCES GmbH,blk_00334,5,7
Salford Royal NHS Foundation Trust,blk_00736,5,4
"Sangart, Inc.",blk_00737,5,2
Saniona A/S,blk_00738,5,2
"Schering-Plough Research Institute, A Division of Schering Corporation",blk_00170,5,31
"Shanghai Henlius Biotech, Inc.",blk_00739,5,3
Sigma-Tau Industrie Farmaceutiche Riunite S.p.A.,blk_00394,5,6
Sk Life Science Inc.,blk_00740,5,5
"Spectrum Pharmaceuticals, Inc.",blk_00433,5,8
"St Georges, University of London",blk_00553,5,6
St Stephens Aids Trust,blk_00335,5,2
Starpharma Pty Ltd,blk_00741,5,2
Stealth BioTherapeutics Inc.,blk_00742,5,4
Swansea NHS Trust,blk_00743,5,3
Swiss Group for Clinical Cancer Research SAKK,blk_00744,5,6
Synairgen Research Limited,blk_00745,5,2
Syndax Pharmaceuticals Inc.,blk_00746,5,3
"TARGID, KU Leuven",blk_00205,5,24
TG Therapeutics,blk_00631,5,3
TROPHOS SA,blk_00747,5,2
"Taiho Oncology, Inc.",blk_00176,5,11
"Takeda Global Research  Development Center, Inc.,",blk_00046,5,38
Technische Universitaet Dresden,blk_00181,5,18
Technische Universitt Mnchen,blk_00181,5,18
Teikoku Seiyaku Co. Ltd.,blk_00748,5,5
The University of Leeds,blk_00048,5,17
ThromboGenics Ltd.,blk_00498,5,4
Tibotec Pharmaceuticals Ltd.,blk_00242,5,7
UNIVERSIT CATTOLICA DEL SACRO CUORE- POLICLINICO A. GEMELLI,blk_00017,5,9
UNIVERSITA  DEGLI STUDI DI UDINE,blk_00209,5,40
URSAPHARM Arzneimittel GmbH,blk_00749,5,6
Universita Degli Studi Di Milano Bicocca,blk_00209,5,40
Universitaet Leipzig,blk_00184,5,8
Universitaetsmedizin der Johannes Gutenberg-Universitaet Mainz KöR,blk_00140,5,17
Universitaetsspital Basel,blk_00750,5,4
Universitair Ziekenhuis Antwerpen,blk_00751,5,6
Universiteit Maastricht,blk_00098,5,18
Universittsmedizin Mainz,blk_00635,5,25
University Hospital Antwerp,blk_00130,5,14
University Hospital Regensburg,blk_00752,5,19
University Hospital Wuerzburg,blk_00753,5,9
University Hospital of South Manchester NHS Foundation Trust,blk_00264,5,40
University Hospital of Ulm,blk_00258,5,11
University Medical Center of the Johannes Gutenberg University Mainz,blk_00635,5,25
University Medical Centre Nijmegen,blk_00061,5,31
University Medical Centre Nijmegen St Radboud,blk_00061,5,31
University Of Debrecen,blk_00754,5,6
University of Copenhagen,blk_00171,5,14
University of Dundee  NHS Tayside,blk_00067,5,21
University of Dundee / NHS Tayside,blk_00067,5,21
University of Dundee/NHS Tayside,blk_00067,5,21
University of Leuven,blk_00022,5,39
University of Oslo,blk_00047,5,36
VU University Medical Center VUmc,blk_00053,5,33
VU medical center,blk_00053,5,33
Valneva Austria GmbH,blk_00547,5,8
Vectura Group plc,blk_00755,5,4
Vectura Limited,blk_00755,5,4
Viatris Innovation GmbH,blk_00756,5,3
Viridian Therapeutics Inc.,blk_00757,5,2
ViroPharma Incorporated,blk_00758,5,3
Vrije Universiteit Brussel,blk_00243,5,8
"Wyeth Research Division of Wyeth Pharmaceuticals Inc, Clinical Research and Development",blk_00107,5,40
Xencor Inc.,blk_00759,5,2
ZAMBON GROUP,blk_00760,5,13
Zambon S.p.A.,blk_00760,5,13
Zogenix International Limited,blk_00761,5,2
"aTyr Pharma, Inc.",blk_00762,5,3
argenx BVBA,blk_00102,5,4
photonamic GmbH  Co. KG,blk_00763,5,2
sanofi aventis Groupe,blk_00024,5,40
sanofi-aventis France,blk_00764,5,18
sanofi-aventis Groupe,blk_00024,5,40
ABIOGEN PHARMA,blk_00765,4,4
AC Immune S.A.,blk_00766,4,2
AC Immune SA,blk_00766,4,2
ADC Therapeutics S.A.,blk_00641,4,2
AIBILI - Association for Innovation and Biomedical Research on Light and Image,blk_00767,4,9
AIO-Studien gGmbH,blk_00075,4,6
AISAR ASSOCIAZIONE ITALIANA PER LO STUDIO DEGLI ANTIMICROBICI E DELLE RESISTENZE,blk_00561,4,12
ALCON ITALIA,blk_00158,4,16
AMC Amsterdam,blk_00339,4,19
AVENTIS PHARMA S.P.A.,blk_00024,4,40
AZ Groeninge,blk_00768,4,2
AZ Sint-Jan Brugge-Oostende AV,blk_00769,4,2
AZIENDA OSPEDALIERA DI PERUGIA,blk_00770,4,8
AZIENDA OSPEDALIERA ISTITUTI CLINICI DI PERFEZIONAMENTO  DI MILANO,blk_00771,4,2
AZIENDA OSPEDALIERA ORDINE MAURIZIANO,blk_00772,4,2
AZIENDA OSPEDALIERA UNIVERSITARIA POLICLINICO PAOLO GIACCONE DI PALERMO,blk_00773,4,2
AZIENDA OSPEDALIERO UNIVERSITARIA DI FERRARA,blk_00774,4,3
AZIENDA OSPEDALIERO-UNIVERSITARIA MEYER,blk_00564,4,6
AZIENDA OSPEDALIERO-UNIVERSITARIA POLICLINICO DI MODENA,blk_00312,4,11
AZIENDA OSPEDALIERO-UNIVERSITARIA UDINE,blk_00775,4,2
AZIENDA PROVINCIALE PER I SERVIZI SANITARI DELLA PROVINCIA AUTONOMA DI TRENTO,blk_00776,4,7
AZIENDE CHIMICHE RIUNITE ANGELINI FRANCESCO A.C.R.A.F. S.P.A.,blk_00447,4,11
"Aarhus University Hospital, Skejby",blk_00036,4,40
Addex Pharma SA,blk_00777,4,3
Adocia,blk_00778,4,2
"Affymax, Inc.",blk_00779,4,2
Agence nationale de recherches sur le sida et les hpatites virales. ANRS,blk_00403,4,7
"Alcon Laboratories, Inc.",blk_00158,4,16
Allakos Inc.,blk_00780,4,2
Allergy Therapeutics UK Ltd.,blk_00423,4,7
"Allos Therapeutics, Inc.",blk_00781,4,4
"Amsterdam UMC, VU University Medical Center",blk_00042,4,36
"Amsterdam UMC, location AMC",blk_00042,4,36
Anthos Therapeutics Inc.,blk_00782,4,2
Aop Orphan Pharmaceuticals GmbH,blk_00360,4,6
"Apellis Pharmaceuticals, Inc.",blk_00504,4,4
Applied Molecular Transport Inc.,blk_00783,4,5
Asac Pharmaceutical Inmunology S.A.,blk_00784,4,4
Assistance Publique - Hpitaux de Paris,blk_00008,4,40
Assistance Publique Hpitaux de Marseille,blk_00008,4,40
Asso De Recherche Cancers Gynecologiques,blk_00785,4,2
Association International Extranodal Lymphoma Study Group (IELSG),blk_00437,4,22
Astrazeneca Farmaceutica Spain S.A.,blk_00002,4,40
Aventis Pharmaceuticals Inc.,blk_00024,4,40
Axcan Pharma Inc.,blk_00786,4,5
Azienda Ospedaliera di Padova,blk_00185,4,8
Azienda Ospedaliero-Universitaria di Parma,blk_00362,4,7
Azienda Unita Sanitaria Locale Di Bologna,blk_00020,4,8
BIOCODEX,blk_00572,4,2
Barrier Therapeutics nv,blk_00787,4,3
Basilea Pharmaceutica International AG Allschwil,blk_00788,4,6
Basilea Pharmaceutica International Ltd.,blk_00788,4,6
Bausch  Lomb Incorporated,blk_00789,4,4
BeOne Medicines I GmbH,blk_00117,4,6
Beaufour Ipsen Pharma,blk_00136,4,37
"BeiGene USA, Inc.",blk_00343,4,8
Belfast City Hospital Trust,blk_00246,4,18
Bial Industrial Farmacutica S.A.,blk_00790,4,11
Bial Portela & Ca S.A.,blk_00262,4,14
Bio Products Laboratory,blk_00791,4,4
Bio Products Laboratory Limited,blk_00791,4,4
"Bio-Thera Solutions, Ltd.",blk_00792,4,3
BioTech Tools S.A.,blk_00793,4,2
"Bioinova, s.r.o.",blk_00794,4,2
Birken GmbH,blk_00795,4,2
"Boston Biomedical, Inc.",blk_00796,4,3
Byondis B.V.,blk_00797,4,2
C.H.U. de RENNES,blk_00412,4,14
"CELLTRION, Inc",blk_00409,4,7
CENTRO DI RIFERIMENTO ONCOLOGICO,blk_00410,4,4
CENTRO DI RIFERIMENTO ONCOLOGICO DI BASILICATA,blk_00410,4,4
CESAR Central European Society for Anticancer Drug Research-EWIV,blk_00798,4,8
CHRU TOURS,blk_00124,4,11
CHRU de Nancy,blk_00195,4,17
CHU AMIENS,blk_00152,4,6
CHU CAEN Normandie,blk_00345,4,6
CHU Gabriel-Montpied,blk_00799,4,2
CHU dAmiens,blk_00800,4,2
CHU dAngers,blk_00801,4,2
CHU de Grenoble,blk_00232,4,13
CHU de NICE,blk_00118,4,11
CHU de Rouen,blk_00167,4,13
CHU de TOULOUSE,blk_00104,4,11
CMC Contrast AB,blk_00802,4,2
CSL Behring AG,blk_00100,4,4
CUB - Hpital Erasme,blk_00320,4,26
CUB Erasme Hospital,blk_00320,4,26
Cannaxan GmbH / Apurano Pharmaceuticals GmbH,blk_00803,4,2
Cassella-med,blk_00662,4,6
Celgene International Srl,blk_00030,4,15
Celon Pharma SA,blk_00663,4,2
Central Institute of Mental Health,blk_00804,4,17
Centre Hospitalier Universitaire de Rennes,blk_00412,4,14
Centro Di Riferimento Oncologico Di Aviano,blk_00410,4,4
Charit,blk_00068,4,40
Chemische Fabrik Kreussler  Co. GmbH,blk_00805,4,3
Childrens Oncology Group,blk_00567,4,6
Chiron Behring GmbH  Co KG,blk_00456,4,5
Christie Hospital NHS Foundation Trust,blk_00336,4,7
Cinclus Pharma Holding AB (publ),blk_00806,4,3
Clementia Pharmaceuticals Inc.,blk_00807,4,2
Clinical Trials and Research Governance,blk_00808,4,3
Clinuvel Europe Limited,blk_00371,4,7
"CombinatoRx, Inc",blk_00809,4,3
Copenhagen University Hospital,blk_00171,4,14
"Corbus Pharmaceuticals, Inc.",blk_00810,4,3
Corcept Therapeutics Inc.,blk_00670,4,2
DIP. MEDICINA DEI SISTEMI UNIVERSIT DEGLI STUDI DI ROMA TOR VERGATA,blk_00209,4,40
DIPARTIMENTO DI MEDICINA CLINICA E CHIRURGIA - UNIVERSIT DEGLI STUDI DI NAPOLI FEDERICO II,blk_00209,4,40
Daniel Podzamczer Palter,blk_00811,4,5
Department of Anaesthesia,blk_00675,4,14
Department of Clinical Pharmacology,blk_00812,4,31
"Department of Clinical Pharmacology, Medical University of Vienna",blk_00041,4,40
"Dept. of Anaestesiology, University hospital in Glostrup",blk_00813,4,5
Dermal Laboratories,blk_00582,4,3
Deutsches Krebsforschungszentrum Stiftung Des Oeffentlichen Rechts,blk_00814,4,6
"Dicerna Pharmaceuticals, Inc.",blk_00815,4,3
Diurnal Limited,blk_00816,4,2
Dr. Franz Koehler Chemie GmbH,blk_00571,4,11
Dr. Kade Pharmazeutische Fabrik GmbH,blk_00817,4,3
"Eli Lilly and Company Limited, Indianapolis",blk_00009,4,38
Emotional Brain BV,blk_00520,4,2
"Enanta Pharmaceuticals, Inc.",blk_00818,4,3
Enterome,blk_00819,4,2
Erasme hospital,blk_00320,4,26
Ethicon Inc,blk_00820,4,4
F.  Hoffmann-La Roche Ltd,blk_00006,4,40
F. Hoffmann La Roche Ltd.,blk_00006,4,40
F. Hoffmann-La Roche Limited,blk_00006,4,40
FIBHULP,blk_00821,4,2
FISEVI,blk_00822,4,3
FNCLCC Fdration Nationale des Centres de Lutte Contre le Cancer,blk_00375,4,3
FUNDACIN PETHEMA,blk_00160,4,11
FUNDACION PETHEMA,blk_00160,4,11
Fakultn nemocnice Hradec Krlov,blk_00587,4,16
Fakultn nemocnice Krlovsk Vinohrady,blk_00587,4,16
Fakultni Nemocnice Ostrava,blk_00587,4,16
Faron Pharmaceuticals Ltd,blk_00823,4,3
Fdration Nationale des Centres de Lutte Contre le Cancer FNCLCC,blk_00375,4,3
Fondazione GONO Plus,blk_00824,4,2
Fondazione Italiana Linfomi ONLUS,blk_00141,4,11
Fondazione Italiana Linfomi Onlus,blk_00141,4,11
Foundation for Liver Research,blk_00825,4,5
Fraunhofer Institute For Translational Medicine And Pharmacology ITMP,blk_00812,4,31
Fredericia Hospital,blk_00826,4,2
Freistaat Bayern,blk_00827,4,2
Fresenius Medical Care Deutschland GmbH,blk_00267,4,8
Fundaci Clnic per la Recerca Biomdica,blk_00084,4,32
Fundacin FISEVI,blk_00822,4,3
Fundacin Hospital de Madrid,blk_00695,4,15
Fundacin para la Investigacin Biomdica Hospital Gregorio Maran,blk_00463,4,40
Fundacin para la Investigacin Biomdica Hospital Ramn y Cajal,blk_00463,4,40
Fundacin para la Investigacin Biomdica del Hospital Universitario Ramn y Cajal,blk_00463,4,40
Fundacio De Recerca Clinic Barcelona-Institut D’investigacions Biomediques August Pi I Sunyer,blk_00135,4,11
Fundacio Institut D'Investigacio Biomedica De Bellvitge IDIBELL,blk_00508,4,15
Fundacion De Investigacion Biomedica De Salamanca,blk_00515,4,28
Fundacion Instituto De Investigacion Sanitaria Aragon,blk_00828,4,2
Fundacion Para La Investigacion Biomedica De Cordoba,blk_00515,4,28
Fundacion Para La Investigacion Biomedica Del Hospital Universitario Puerta De Hierro Majadahonda,blk_00515,4,28
G.I.M.E.M.A. GRUPPO ITALIANO MALATTIE EMATOLOGICHE DELL ADULTO,blk_00187,4,7
G.O.I.R.C. Gruppo Oncologico Italiano Di Ricerca Clinica,blk_00270,4,7
G1 Therapeutics,blk_00829,4,3
"G1 Therapeutics, Inc.",blk_00829,4,3
GALDERMA RD,blk_00252,4,16
GEICAM Fundacin Grupo Espaol de Investigacin en Cncer de Mama,blk_00599,4,40
GELA,blk_00830,4,4
GMIHO mbH,blk_00525,4,10
Gamida Cell Ltd,blk_00831,4,9
Gedeon Richter Plc,blk_00319,4,9
Gercor,blk_00269,4,3
Glaxo SmithKline Research and Development Limited,blk_00295,4,5
GlaxoSmithKline Biologicals S.A.,blk_00007,4,40
GlaxoSmithKline GmbH  Co. KG,blk_00007,4,40
"GlaxoSmithKline Research  Development, Ltd",blk_00007,4,40
GlaxoSmithKline SA,blk_00007,4,40
Great Ormond Street Hospital,blk_00598,4,8
Grifols Therapeutics Inc.,blk_00427,4,14
Groupement de Coopration Sanitaire Ramsay Gnrale de Sant pour lEnseignement et la Recherche,blk_00832,4,3
Grupo Espanol Multidisciplinar De Melanoma,blk_00589,4,19
Grupo Espanol Multidisciplinar En Cancer Digestivo,blk_00589,4,19
Grupo Espaol de Investigacin en Sarcomas GEIS,blk_00599,4,40
Grupo Espaol de Tumores Neuroendocrinos GETNE,blk_00599,4,40
Gruppo Oncologico Dell'Italia Meridionale,blk_00251,4,3
Guerbet,blk_00318,4,2
HIPRA SCIENTIFIC,blk_00833,4,4
HOVON foundation,blk_00092,4,7
Hagaziekenhuis,blk_00834,4,2
Hannover Clinical Trial Center GmbH,blk_00169,4,11
Hellenic Institute For The Study Of Sepsis,blk_00253,4,7
Holostem Terapie Avanzate s.r.l.,blk_00835,4,3
Hospital General Universitario de Alicante,blk_00836,4,7
Hospital Universitario de Canarias,blk_00837,4,9
Hpital Universitaire Des Enfants Reine Fabiola H.U.D.E.R.F.,blk_00691,4,2
Hutchmed Ltd.,blk_00838,4,2
Hvidovre University Hospital,blk_00221,4,34
"IBSA, Institut Biochimique S.A.",blk_00528,4,9
IDIAP Jordi Gol,blk_00839,4,4
IPERBOREAL PHARMA,blk_00840,4,3
IRCCS Burlo Garofolo,blk_00321,4,5
"IRCCS, OSPEDALE PEDIATRICO BAMBINO GES DI ROMA",blk_00438,4,6
IRCCS-A.O.U. SAN MARTINO-IST,blk_00841,4,5
"ImmunoGen, Inc.",blk_00842,4,3
Immutep,blk_00843,4,2
Innovacell Biotechnologie AG,blk_00844,4,4
"Inovio Pharmaceuticals, Inc.",blk_00845,4,2
Inozyme Pharma Inc.,blk_00846,4,2
Institut Claudius Regaud,blk_00481,4,3
Institut Pasteur,blk_00132,4,17
Institut de Recerca del Hospital de la Santa Creu i Sant Pau,blk_00605,4,27
Institut de Recherches Internationales Servier / Laboratorios Servier S.L. For Spain only,blk_00027,4,25
Institut de Recherches Internationales Servier I.R.I.S.,blk_00027,4,25
Institut fr Frauengesundheit GmbH,blk_00847,4,3
Institut fr Klinische Krebsforschung IKF GmbH at Krankenhaus Nordwest,blk_00142,4,19
Institut klinick a experimentln medicny,blk_00848,4,3
Institute of Cancer Research,blk_00093,4,29
"Instituto Cientfico y Tecnolgico de Navarra, S.A.",blk_00276,4,9
Instituto De Investigacion Marques De Valdecilla,blk_00849,4,2
Instituto De Investigacion Sanitaria Fundacion Jimenez Diaz,blk_00586,4,4
Instituto de Investigacin Sanitaria La Fe,blk_00529,4,10
Instituto de Investigaciones del Sueo,blk_00850,4,2
"Intercept Pharmaceuticals, Inc.",blk_00531,4,5
Intercytex,blk_00851,4,3
"Intra-Cellular Therapies, Inc.",blk_00532,4,4
Ipsen Bioscience Inc.,blk_00136,4,37
Isofol Medical AB,blk_00852,4,3
Istituto Clinico Humanitas,blk_00189,4,8
Istituto Oncologico Veneto,blk_00468,4,4
JANSSEN-CILAG,blk_00013,4,40
JANSSEN-CILAG GmbH,blk_00013,4,40
"Janssen Cilag International, NV",blk_00013,4,40
Janssen-Cilag EMEA Medical Affairs,blk_00013,4,40
Jessa Hospital,blk_00853,4,4
"Johnson  Johnson Pharmaceutical Research  Development, L.L.C.",blk_00854,4,10
K-Group Beta Inc.,blk_00855,4,4
Karolinska University Hospital Huddinge,blk_00026,4,40
Karuna Therapeutics Inc.,blk_00856,4,2
"Karyopharm Therapeutics, Inc.",blk_00326,4,3
Katholieke Universiteit Leuven,blk_00857,4,2
Kge Sygehus,blk_00858,4,4
Khondrion B.V.,blk_00859,4,2
"Kowa Research Institute, Inc.",blk_00386,4,7
"Krka, d.d., Novo mesto",blk_00860,4,9
Kura Oncology Inc.,blk_00861,4,4
"Kyowa Kirin Pharmaceutical Development, Inc.",blk_00862,4,6
"Kythera Biopharmaceuticals, Inc.",blk_00863,4,2
LABORATOIRES SMB S.A,blk_00349,4,4
LABORATOIRES SMB S.A.,blk_00349,4,4
LEO Pharmaceutical Products Ltd. A/S LEO Pharma A/S,blk_00049,4,6
La Jolla Pharmaceutical Company,blk_00864,4,5
Labo'Life Belgium,blk_00865,4,10
Laboratoire HRA Pharma,blk_00866,4,5
Laboratoires THEA,blk_00535,4,4
Laboratorios Len Farma S.A.,blk_00226,4,40
"Laboratorios Leti, S.L.Unipersonal",blk_00225,4,15
Leiden University,blk_00023,4,20
Lek Pharmaceuticals d.d.,blk_00867,4,2
Lilly Deutschland GmbH,blk_00012,4,18
Liverpool Womens NHS Foundation Trust,blk_00244,4,40
Luis Fernando Lpez Corts,blk_00868,4,3
Lund University Hospital,blk_00536,4,14
Lysarc,blk_00097,4,2
MEDICE Arzneimittel Ptter GmbH  Co. KG,blk_00869,4,10
MIPHARM,blk_00870,4,2
Mabxience Research S.L.,blk_00871,4,3
Masarykv onkologick stav,blk_00720,4,3
"Med. Univ. Wien, Klinik f. Innere Med. I, Onkologie",blk_00113,4,40
MedImmune LLC,blk_00236,4,10
"MedImmune, LLC, a wholly owned subsidiary of AstraZeneca PLC",blk_00002,4,40
Medical University of Warsaw,blk_00330,4,3
Menarini International Operations Luxembourg SA,blk_00609,4,15
Menarini Ricerche S.p.A,blk_00115,4,7
Merck Sharp  Dohme Limited,blk_00005,4,40
Merus B.V.,blk_00872,4,2
Molecular Partners AG,blk_00292,4,3
Mundipharma Research Ltd,blk_00238,4,19
Myokardia Inc.,blk_00873,4,4
NERVIANO MEDICAL SCIENCES,blk_00389,4,5
National Institute for Health and Welfare,blk_00874,4,3
Netherlands Heart Foundation,blk_00390,4,5
Netherlands Vaccine Institute,blk_00875,4,6
Norfolk and Norwich University Hospitals NHS Foundation Trust,blk_00876,4,7
Norgine Limited,blk_00614,4,6
NovImmune SA,blk_00540,4,3
Novartis Consumer Health SA,blk_00001,4,40
Novartis Pharma services AG,blk_00001,4,40
Novartis Vaccines and Diagnostics S.r.l,blk_00001,4,40
Novosis AG,blk_00877,4,2
OSPEDALE SACRO CUORE-DON CALABRIA,blk_00878,4,7
Octapharma Pharmazeutika Produktionsgesellschaft mbH,blk_00128,4,7
"Ono Pharmaceutical Co., Ltd.",blk_00879,4,5
Orion Pharma,blk_00256,4,8
Orphazyme A/S,blk_00880,4,2
Oryzon Genomics S. A.,blk_00482,4,3
Osivax,blk_00881,4,3
Ospedale San Raffaele,blk_00051,4,19
"Oulu University Hospital, Department of Internal Medicine",blk_00483,4,17
PPM Services S.A.,blk_00882,4,3
Pauls Stradins Clinical University Hospital,blk_00883,4,2
Pfizer AB,blk_00010,4,40
Pfizer Global Research  Development,blk_00010,4,40
Pfizer Global Research and Development,blk_00010,4,40
"Pfizer Inc. 235 East 42nd Street,  NEW YORK, NY 10017. US",blk_00010,4,40
"Pfizer Inc., 235 East 42nd Street, New York, NY 10017 US",blk_00010,4,40
"Pharma Mar, S.A. Sociedad Unipersonal",blk_00206,4,34
Pierre Fabre Dermatologie represented by Institut de Recherche Pierre Fabre,blk_00056,4,33
Pohjois-Savon hyvinvointialue,blk_00884,4,2
Polichem S.A.,blk_00885,4,3
Polyphor Ltd.,blk_00886,4,3
Population Health Research Institute,blk_00887,4,4
Princess Maxima Center For Pediatric Oncology,blk_00888,4,8
"QED Therapeutics, Inc.",blk_00889,4,3
Qed Therapeutics Inc.,blk_00889,4,3
Radboud University Medical Centre Nijmegen,blk_00061,4,31
Reade,blk_00890,4,4
Regents of the University of Minnesota,blk_00891,4,3
Region Vaesterbotten,blk_00892,4,2
Region Vaesterbotten / Umea University,blk_00892,4,2
Rigshospitalet / Rigshospitalet,blk_00014,4,40
Roche AB,blk_00006,4,40
Roche Nederland B.V.,blk_00893,4,5
Rotterdam Eye Hospital,blk_00496,4,8
Royal Group of Hospitals Trust,blk_00191,4,27
SAKK,blk_00744,4,6
"SCYNEXIS, Inc.",blk_00894,4,2
Sahlgrenska Academy,blk_00180,4,28
Sanofi Pasteur MSD S.N.C,blk_00132,4,17
Sanofi-Synthelabo Research,blk_00333,4,10
Sanofi-Synthelabo-Recherche,blk_00333,4,10
Sanofi-aventis recherche  developpement,blk_00024,4,40
Santhera Pharmaceuticals Switzerland Ltd,blk_00492,4,9
"Schering-Plough Research Institute, a Division of Schering",blk_00170,4,31
Serono International S.A.,blk_00300,4,40
Shanghai Henlius Biotech Inc.,blk_00739,4,3
Shionogi Inc.,blk_00397,4,7
Shire Human Genetic Therapies Inc,blk_00096,4,20
Sint Antonius Hospital,blk_00257,4,8
Sint Franciscus Vlietland Groep Stichting,blk_00895,4,5
Sint Maartenskliniek Stichting,blk_00208,4,4
"Skne University Hospital, Department of Oncology",blk_00354,4,15
Sociedad Espaola de Cardiologa,blk_00896,4,8
South London and Maudsley NHS Foundation Trust / Kings College London,blk_00019,4,40
South Tees Hospitals NHS Foundation Trust,blk_00897,4,7
Southampton University Hospital NHS Trust,blk_00183,4,20
Stichting Het Nederlands Kanker Instituut-Antoni Van Leeuwenhoek Ziekenhuis,blk_00072,4,24
Sun Pharma Global FZE,blk_00089,4,23
Synageva Biopharma Corp.,blk_00898,4,5
TAKEDA,blk_00046,4,38
TNO,blk_00899,4,3
"Taiho Pharma USA, Inc.",blk_00176,4,11
Takeda Global Research  Development Centre Europe Ltd,blk_00046,4,38
Takeda Pharma A/S,blk_00046,4,38
Technophage Investigacao E Desenvolvimento Em Biotecnologia S.A.,blk_00900,4,2
"Teikoku Pharma USA, Inc.",blk_00748,4,5
"Tesaro, Inc.",blk_00630,4,3
"Teva Pharmaceutical Industries, Ltd.",blk_00089,4,23
The Netherlands Cancer Institute,blk_00390,4,5
The Royal Marsden NHS Foundation Trust / The Institute of Cancer Research,blk_00191,4,27
The University of Birmingham,blk_00035,4,36
The University of Liverpool,blk_00244,4,40
The University of Manchester,blk_00264,4,40
"Theracos Sub, LLC",blk_00901,4,3
"Tranzyme, Inc.",blk_00902,4,3
TrialNet Coordinating Center,blk_00903,4,2
UCB Celltech,blk_00106,4,40
UCB Inc,blk_00106,4,40
UCB Inc.,blk_00106,4,40
UCB S.A.,blk_00106,4,40
UCL,blk_00904,4,19
UNION therapeutics A/S,blk_00905,4,2
UNIVERSITA DEGLI STUDI DI PARMA,blk_00209,4,40
UNIVERSITA DEGLI STUDI DI PERUGIA,blk_00209,4,40
UNIVERSITA DEGLI STUDI DI UDINE,blk_00209,4,40
UZ Gent,blk_00022,4,39
Unicancer / Unicancer,blk_00052,4,4
Universitaet Des Saarlandes,blk_00906,4,4
Universitaetsklinikum Aachen AöR,blk_00139,4,26
Universitaetsklinikum Muenster AöR,blk_00139,4,26
Universitaetsklinikum Wuerzburg AöR,blk_00139,4,26
Universittsklinikum Hamburg-Eppendorf,blk_00095,4,13
"Universittsklinikum Schleswig-Holstein, Campus Kiel",blk_00634,4,17
Universittsklinikum Wrzburg,blk_00907,4,4
University College Cork,blk_00908,4,3
University Ghent,blk_00045,4,5
University Hospital Antwerp Department Respiratory Medicine,blk_00130,4,14
University Hospital Basel,blk_00750,4,4
University Hospital Birmingham,blk_00035,4,36
University Hospital Motol,blk_00909,4,2
University Hospital Muenster,blk_00306,4,5
University Hospital Toulouse,blk_00104,4,11
University Hospital Zurich,blk_00910,4,3
University Hospital of Grenoble,blk_00232,4,13
University Hospitals of North Midlands NHS Trust,blk_00911,4,4
University Leipzig,blk_00184,4,8
University Medical Center of the Johannes Gutenberg-University Mainz,blk_00635,4,25
University hospital of Montpellier,blk_00197,4,19
University of Aachen,blk_00625,4,31
University of Amsterdam,blk_00042,4,36
University of Bonn,blk_00440,4,14
"University of Debrecen, Medical and Health Science Center, Department of Anaesthesiology and Intensive Therapy",blk_00754,4,6
University of Edinburgh,blk_00150,4,27
University of Essen,blk_00308,4,14
University of Oulu,blk_00483,4,17
"University of Oxford, CTRG",blk_00025,4,35
University of Southern Denmark,blk_00912,4,7
Uppsala Universitet,blk_00210,4,34
Urogen Pharma Ltd.,blk_00913,4,2
VU Medical Centre,blk_00053,4,33
Vascular Biogenics Ltd.,blk_00914,4,3
VectivBio AG,blk_00915,4,4
Vera Therapeutics Inc.,blk_00916,4,2
Verisfield Single Member S.A.,blk_00917,4,4
Vienna Medical University,blk_00041,4,40
ViiV Healthcare UK Ltd,blk_00172,4,9
Wyeth Pharmaceuticals,blk_00107,4,40
Wyeth Research Division of Wyeth Pharmaceuticals Inc. Clinical Research and Development,blk_00107,4,40
ZAMBON ITALIA,blk_00760,4,13
Zambon SpA,blk_00760,4,13
Zentiva a.s.,blk_00918,4,4
Ziekenhuis Oost-Limburg,blk_00446,4,7
iTeos Belgium,blk_00919,4,2
immatics biotechnologies GmbH,blk_00920,4,3
medac GmbH,blk_00560,4,2
sanofi-aventis,blk_00024,4,40
uzleuven,blk_00022,4,39
89bio Inc.,blk_00921,3,2
A. MENARINI I.F.R.,blk_00609,3,15
AB2 Bio Ltd.,blk_00922,3,2
ACADIA Pharmaceuticals Inc,blk_00358,3,4
ACROSS,blk_00923,3,6
AGI Therapeutics Limited,blk_00924,3,3
AGI Therapeutics Research Ltd,blk_00924,3,3
AGMT,blk_00562,3,2
AGMT gemeinntzige GmbH,blk_00290,3,6
AIO Studien gGmbH,blk_00075,3,6
AKH Vienna,blk_00041,3,40
ALEXION PHARMACEUTICALS INCORPORATED,blk_00090,3,12
ALFASIGMA S.P.A.,blk_00365,3,4
ALK-ABELLO,blk_00925,3,8
ALLERGOPHARMA JOACHIM GANZER KG,blk_00366,3,5
"ANTHERA Pharmaceuticals, Inc.",blk_00926,3,4
AOP Orphan Pharmaceuticals GmbH,blk_00360,3,6
AOU CITTA DELLA SALUTE E DELLA SCIENZA DI TORINO,blk_00927,3,3
"AOU di Bologna, Policlinico S.Orsola-Malpighi",blk_00020,3,8
APHP,blk_00008,3,40
APOGEPHA Arzneimittel GmbH,blk_00928,3,2
ASSISTANCE PUBLIQUE - HPITAUX DE PARIS AP-HP,blk_00008,3,40
ASSOCIAZIONE QOL-ONE,blk_00929,3,2
AVIR Green Hills Biotechnology Research Development Trade AG,blk_00930,3,2
AXCAN PHARMA Inc.,blk_00786,3,5
"AZIENDA DI RILIEVO NAZIONALE E DI ALTA SPECIALIZZAZIONE OSPEDALE CIVICO E BENFRATELLI, G.DI CRISTINA E M.ASCOLI",blk_00178,3,11
AZIENDA OSPEDALIERA PAPA GIOVANNI XXIII,blk_00931,3,4
AZIENDA OSPEDALIERA S. CARLO,blk_00223,3,5
AZIENDA OSPEDALIERO UNIVERSITARIA MAGGIORE DELLA CARIT DI NOVARA,blk_00340,3,4
AZIENDA UNITA SANITARIA LOCALE N 12 DI VIAREGGIO,blk_00932,3,2
AZIENDA USL 8 AREZZO,blk_00933,3,2
AbbVie,blk_00012,3,18
AbbVie Deutschland GmbH  Co.KG,blk_00012,3,18
Abbott,blk_00078,3,19
Abbott GmbH  Co KG,blk_00078,3,19
Abbott Healthcare Products B.V.,blk_00078,3,19
"Abraxis BioScience, LLC, a wholly-owned subsidiary of Celgene Corporation",blk_00030,3,15
"Abteilung fr Anaesthesie und Intensivmedizin, Medizinische Universitt Wien",blk_00113,3,40
"Abteilung fr Hals-, Nasen- und Ohrenkrankheiten MUW, AKH Wien",blk_00113,3,40
"Academic Medical Center, University of Amsterdam",blk_00042,3,36
"Academical Medical Center, University of Amsterdam",blk_00934,3,5
Acadia Pharmaceuticals Inc,blk_00358,3,4
Acelyrin Inc.,blk_00935,3,2
Acerta Pharma BV,blk_00311,3,3
Achieve Life Sciences Inc.,blk_00936,3,2
Active Biotech AB,blk_00937,3,4
Advanced Accelerator Applications,blk_00938,3,6
Advicenne,blk_00939,3,4
Agenus Inc.,blk_00940,3,3
Albert Schweitzer hospital,blk_00941,3,2
Alcon Laboratories Inc.,blk_00158,3,16
Alcon Research Ltd.,blk_00158,3,16
"Alcon Research, Ltd",blk_00158,3,16
Alector LLC,blk_00942,3,2
Algeta ASA,blk_00943,3,2
AlgiPharma AS,blk_00944,3,2
Alimentiv Inc.,blk_00945,3,2
Allergan,blk_00080,3,13
Allergy Therapeutics UK Ltd,blk_00423,3,7
"Alnylam Pharmaceuticals, Inc",blk_00159,3,5
Alx Oncology Inc.,blk_00946,3,2
"American Regent, Inc.",blk_00947,3,2
Amphia Hospital,blk_00948,3,4
Amylyx Pharmaceuticals Inc.,blk_00949,3,2
Amzell B.V.,blk_00950,3,2
AnaptysBio Inc,blk_00568,3,5
Anaptysbio Inc.,blk_00568,3,5
Angelini Pharma S.p.A.,blk_00447,3,11
Angelini S.p.A.,blk_00447,3,11
Antwerp University Hospital UZA,blk_00130,3,14
Aprea Therapeutics AB,blk_00951,3,2
ArQule Inc.,blk_00952,3,4
"ArQule, Inc.",blk_00952,3,4
Arcagy Gineco,blk_00361,3,5
Argenx BVBA,blk_00102,3,4
Arthroscopic Surgery Unit,blk_00953,3,3
Ascendis Pharma Bone Diseases A/S,blk_00454,3,6
Ascendis Pharma Oncology Division A/S,blk_00655,3,6
Askbio Inc.,blk_00954,3,3
Asociacion Grupo Tratamiento De Tumores Digestivos,blk_00201,3,11
Assembly Biosciences,blk_00955,3,3
Assistance Publique Hpitaux de Paris,blk_00008,3,40
"Associate Professor, Consultant Jens Brglum",blk_00956,3,2
Association of Dutch Burn Centres,blk_00957,3,3
"Astellas Global Pharma Development, Inc.",blk_00081,3,28
Astellas Pharma GmbH,blk_00081,3,28
Astex Pharmaceuticals Inc,blk_00449,3,3
"AstraZeneca Farmacutica Spain, S.A.",blk_00002,3,40
AstraZeneca Oy,blk_00002,3,40
AstraZeneca SAS,blk_00002,3,40
AstraZeneca UK Ltd,blk_00002,3,40
"Atea Pharmaceuticals, Inc.",blk_00958,3,3
Auris Medical Inc.,blk_00507,3,4
Axonyx Inc,blk_00959,3,3
BEAUFOUR IPSEN PHARMA,blk_00136,3,37
BIOPROJET PHARMA,blk_00194,3,5
BIOXELL SPA,blk_00960,3,3
BOIRON,blk_00961,3,6
BOOG Study Center,blk_00657,3,3
BTG International Ltd,blk_00962,3,2
Basilea Pharmaceutica International Ltd,blk_00788,3,6
"Basilea Pharmaceutica International Ltd, Allschwil",blk_00788,3,6
Basilea Pharmaceutica Ltd,blk_00788,3,6
Basilea Pharmaceutica Ltd.,blk_00788,3,6
Baxter Healthcare S.A.,blk_00091,3,14
Bayer Health Care AG,blk_00015,3,40
"Bayer HealthCare AG, 51368 Leverkusen, Germany",blk_00015,3,40
Beaumont Hospital,blk_00963,3,4
Belfast Health and Social Care Trust / Queens University Belfast,blk_00246,3,18
Berlin-Chemie Menarini,blk_00571,3,11
"BioCryst Pharmaceuticals, Inc.",blk_00344,3,5
BioVex Inc,blk_00964,3,3
Biocon Biologics UK Limited,blk_00255,3,33
Biocryst Pharmaceuticals Inc.,blk_00344,3,5
Bioenvision Limited,blk_00965,3,2
Biogen Idec,blk_00037,3,20
Biogen Idec Italia S.r.l.,blk_00037,3,20
Bionorica AG,blk_00368,3,4
Biotechnology Institue I Mas D S.L.,blk_00966,3,3
Biothera,blk_00792,3,3
Biovitrum AB,blk_00554,3,13
Birken AG,blk_00795,3,2
Blueprint Medicines Corporation,blk_00453,3,3
Boehringer Ingelheim Ltd,blk_00018,3,40
Boehringer Ingelheim Ltd.,blk_00018,3,40
Boehringer Ingelheim RCV GmbH  Co. KG,blk_00018,3,40
Brighton  Sussex University Hospitals NHS Trust,blk_00967,3,8
Brighton and Sussex University Hospitals NHS Trust,blk_00967,3,8
CCDRD Cooperative Clinical Drug Research and Development AG / BePharBel Manufacturing,blk_00968,3,16
CCDRD Cooperative Clinical Drug Research and Development AG / Hermes Pharma GmbH,blk_00968,3,16
CENTRE JEAN PERRIN,blk_00578,3,2
CENTRO CARDIOLOGICO SPA FONDAZIONE MONZINO,blk_00521,3,3
CH-Versailles,blk_00664,3,7
CHIESI FARMACEUTICI S.p.A,blk_00034,3,19
CHRU DE TOURS,blk_00124,3,11
CHRU NANCY,blk_00195,3,17
CHU De Liege,blk_00579,3,15
CHU De Rouen,blk_00167,3,13
CHU Dijon,blk_00174,3,9
CHU NICE,blk_00118,3,11
CHU Sart-Tilman,blk_00969,3,2
CHU de BREST,blk_00230,3,8
CTI BioPharma Corp.,blk_00898,3,5
Can-Fite BioPharma Ltd.,blk_00661,3,4
"Cardiokine Biopharma, LLC",blk_00970,3,2
Cardiome Pharma Corp.,blk_00971,3,3
Cassiopea S.p.A.,blk_00972,3,4
Celgene Corp. / Celgene Corp.,blk_00030,3,15
"Cempra Pharmaceuticals, Inc.",blk_00973,3,2
Centre De Lutte Contre Le Cancer Eugene Marquis,blk_00678,3,7
Centre Georges-Franois Leclerc,blk_00514,3,9
Centre Hospitalier Universitaire De Liege,blk_00579,3,15
Cephalon Inc.,blk_00370,3,6
Cerenis Therapeutics,blk_00974,3,3
Charit - Universitaetsmedizin Berlin,blk_00068,3,40
Charit University Medicine Berlin,blk_00068,3,40
Charite Universitaetsmedizin Berlin,blk_00140,3,17
Chelsea Therapeutics Inc,blk_00975,3,10
"ChemoCentryx, Inc",blk_00413,3,2
Circassia Limited,blk_00976,3,3
"Clinical Research Centre, Hvidovre University Hospital",blk_00221,3,34
Clinical Trial Center Aachen,blk_00315,3,17
"Clinical Trials and Research Governance CTRG, University of Oxford",blk_00025,3,35
Cliniques Universitaires Saint Luc,blk_00198,3,26
Cliniques universitaires Saint Luc,blk_00198,3,26
"Cognition Therapeutics, Inc.",blk_00977,3,3
"CombinatoRx, Inc.",blk_00809,3,3
"CombinatoRx, Incorporated",blk_00809,3,3
Common Services Agency,blk_00978,3,2
Coombe Womens Hospital,blk_00979,3,5
Copenhagen University Hospital Rigshospitalet,blk_00014,3,40
Cosmo Technologies Ltd.,blk_00575,3,5
Croma-Pharma GmbH,blk_00980,3,2
Cullinan Therapeutics Inc.,blk_00981,3,3
"Cutanea Life Sciences, Inc.",blk_00414,3,2
Cyclacel Limited,blk_00982,3,2
Cyclo Therapeutics Inc.,blk_00983,3,2
Cytokinetics Inc,blk_00674,3,4
"CytomX Therapeutics, Inc",blk_00984,3,2
"Daiichi Sankyo , Inc.",blk_00069,3,23
Dainippon Sumitomo Pharma Europe Ltd.,blk_00985,3,8
Danish Pain Research Center,blk_00581,3,6
Dbv Technologies,blk_00986,3,5
Debiopharm S.A.,blk_00517,3,6
Delcath Systems Inc.,blk_00987,3,4
"Department of Anesthesiology, Nstved Hospital",blk_00988,3,12
"Department of Dermatology, Bispebjerg Hospital",blk_00122,3,28
Department of Nephrology,blk_00989,3,15
"Department of Neuroscience, NTNU",blk_00990,3,7
"Department of Oncology, Aarhus University Hospital",blk_00036,3,40
"Department of Surgery, Herlev Hospital",blk_00271,3,26
"Department of surgery, Herlev Hospital",blk_00271,3,26
Deutsches Zentrum Fuer Neurodegenerative Erkrankungen e.V.,blk_00991,3,2
Deventer Hospital,blk_00992,3,2
Diakonhjemmet Sykehus AS,blk_00993,3,3
Diamyd Medical AB,blk_00994,3,2
Diamyd Therapeutics AB,blk_00994,3,2
Diater Laboratorio De Diagnostico Y Aplicaciones Terapeuticas S.A.,blk_00995,3,7
Dicerna Pharmaceuticals Inc,blk_00815,3,3
Diurnal Ltd,blk_00816,3,2
"Division of Thoracic and Hyperbaric Surgery, Medical University Graz",blk_00112,3,40
Domp farmaceutici s.p.a.,blk_00415,3,5
Dr. Franz Khler Chemie GmbH,blk_00571,3,11
Durata Therapeutics International B.V.,blk_00996,3,3
Dutch Childhood Oncology Group,blk_00997,3,3
Dutch Colorectal Cancer Group,blk_00309,3,14
E.O.R.T.C. - EUROPEAN ORGANIZATION FOR RESEARCH AND TREATMENT OF CANCER,blk_00093,3,29
ENYO Pharma,blk_00998,3,2
ERASME HOSPITAL,blk_00320,3,26
EVER Neuro Pharma GmbH,blk_00999,3,3
Eidos Therapeutics Inc.,blk_01000,3,2
Elan Pharma International Ltd,blk_01001,3,3
Eli Lilly Nederland,blk_00009,3,38
Elpen Pharmaceutical Co. Inc.,blk_01002,3,2
Enanta Pharmaceuticals Inc.,blk_00818,3,3
Engelhard Arzneimittel GmbH  Co.KG,blk_00677,3,3
Ente Ospedaliero Ospedali Galliera Di Genova,blk_00211,3,9
Epifarma S.r.l.,blk_01003,3,4
Epizyme Inc.,blk_00583,3,2
Erasme Hospital,blk_00320,3,26
Erasmus Medical Center Rotterdam,blk_00029,3,40
Erasmus Medical Centre Rotterdam,blk_00029,3,40
"Erling Bjerregaard Pedersen, Medicinsk forskningsafsnit, Regionshospitalet Holstebro",blk_01004,3,8
EryDel S.p.A.,blk_01005,3,2
Esbjerg Og Grindsted Sygehus,blk_01006,3,2
"Esperion Therapeutics Inc.,",blk_01007,3,3
European Myeloma Network,blk_00315,3,17
European Organisation for the Research and Treatment of Cancer,blk_00093,3,29
F Hoffmann-La Roche Ltd,blk_00006,3,40
F. Hoffman-La Roche Ltd,blk_00126,3,8
F. Hoffmann La-Roche AG,blk_00006,3,40
F. Hoffmann La-Roche Ltd,blk_00006,3,40
F. Hoffmann- La Roche Ltd.,blk_00006,3,40
F. Hoffmann-La Roche,blk_00006,3,40
F2G Limited,blk_01008,3,2
FONDAZIONE ISTITUTO SAN RAFFAELE-G.GIGLIO,blk_00051,3,19
FONDAZIONE RICERCA TRAPIANTO DI MIDOLLO OSSEO,blk_01009,3,4
FOURNIER LABORATORIES IRELAND Ltd,blk_00585,3,4
FUNDACI CLNIC PER A LA RECERCA BIOMDICA,blk_00084,3,32
FUNDACI LLUITA CONTRA LA SIDA,blk_00143,3,16
FUNDACI SANT JOAN DE DEU,blk_00379,3,20
FUNDACI SANT JOAN DE DU,blk_00379,3,20
FUNDACIN PROGRESO Y SALUD,blk_00419,3,12
FUNDACION PARA LA INVESTIGACION BIOMEDICA HOSPITAL GREGORIO MARAON,blk_00515,3,28
Fakultn nemocnice Brno,blk_00587,3,16
Fakultn nemocnice Plze,blk_00587,3,16
Fakultni Nemocnice Hradec Kralove,blk_01010,3,11
Fakultni Nemocnice Plzen,blk_01010,3,11
Fakultni Nemocnice V Motole,blk_01010,3,11
Fdration Francophone de Cancrologie Digestive - FFCD,blk_00316,3,5
Ferring Arzneimittel GmbH,blk_00058,3,12
"Ferring International Pharmascience Center US, Inc.",blk_00058,3,12
Finnish Institute For Health And Welfare,blk_00874,3,3
FoldRx Pharmaceuticals Limited,blk_01011,3,3
Fondazione European Myeloma Network Italy O.N.L.U.S.,blk_00315,3,17
Fondazione GONO,blk_00824,3,2
Fondazione IRCCS Istituto Nazionale Tumori,blk_00073,3,32
Fondazione Melanoma Onlus,blk_01012,3,9
Fondazione Policlinico Universitario Campus Bio-medico In Forma A Bbreviata Fon,blk_00155,3,5
Frankfurter Institut fr Klinische Krebsforschung IKF GmbH am Krankenhaus Nordwest,blk_00142,3,19
Fraunhofer Gesellschaft for its Institute Fraunhofer Institute for Molecular Biology and Applied Ecology IME,blk_00783,3,5
Freeline Therapeutics Ltd,blk_01013,3,2
Fresenius Kabi SwissBioSim GmbH,blk_00267,3,8
Friedrich Schiller University Jena,blk_00462,3,12
Fundaci Clnic,blk_00084,3,32
Fundaci Clnic Recerca Biomdica,blk_00084,3,32
Fundaci Hospital Vall Hebron Institut de Recerca,blk_00268,3,40
Fundaci Lluita contra la Sida,blk_00143,3,16
Fundaci de Lluita Contra la Sida,blk_00143,3,16
Fundacin Investigacin Biomdica Hospital Ramn y Cajal,blk_01014,3,5
Fundacin Investigacin Biomdica Hospital Universitario Puerta de Hierro,blk_01015,3,7
Fundacin Pblica Andaluza para la Investigacin de Mlaga en Biomedicina y Salud,blk_00294,3,27
Fundacin de Investigacin HM Hospitales,blk_01016,3,3
Fundacin de investigacin de HM Hospitales,blk_01016,3,3
Fundacin para la Formacin e Investigacin Sanitaria,blk_00588,3,9
Fundacin para la Investigacin Biomdica del Hospital Ramn y Cajal,blk_00463,3,40
Fundacin para la Investigacin Biomdica del Hospital Universitario La Paz FIBHULP,blk_00202,3,33
Fundacion Para La Investigacion Biomedica Del Hospital Clinico San Carlos,blk_00424,3,14
Fundacion Para La Investigacion Biomedica Hospital Infantil Universitario Nino Jesus,blk_00515,3,28
Fundacion Para La Investigacion Y La Innovacion Biosanitaria Del Principado De Asturias,blk_00702,3,11
Fundacion Pethema,blk_00160,3,11
GALDERMA Research  Development,blk_00252,3,16
GB002 Inc.,blk_01017,3,2
GCP-Service International West GmbH,blk_01018,3,3
GE Healthcare Ltd. and its affiliates,blk_00378,3,14
GENSIGHT-BIOLOGICS,blk_00255,3,33
GENZYME,blk_00088,3,10
GH Research Ireland Limited,blk_01019,3,2
GSK Biologicals,blk_01020,3,4
GW Pharma Limited,blk_00296,3,8
GWT-Tud GmbH,blk_00217,3,2
Gan & Lee Pharmaceuticals USA Corp.,blk_01021,3,3
Genetic S.p.A.,blk_01022,3,3
German Breast Group,blk_01023,3,8
Geron Corporation,blk_01024,3,2
Giannina Gaslini Institute For Scientific Hospitalization And Care,blk_00101,3,5
Gilead Sciences International Ltd.,blk_00016,3,18
Gilead Sciences Limited,blk_00016,3,18
GlaxoSmithKline AB,blk_00007,3,40
GlaxoSmithKline R  D,blk_00007,3,40
Glostrup Hospital,blk_00813,3,5
Gloucestershire Hospitals NHS Foundation Trust,blk_01025,3,2
Great Ormond Street Hospital for Children NHS Foundation Trust,blk_00598,3,8
Greater Glasgow Health Board,blk_00301,3,40
Grupo Espanol De Investigacion En Cancer De Ovario,blk_00589,3,19
Grupo Espaol Multidisciplinar de Melanoma,blk_00599,3,40
Grupo Espaol de Tratamiento de Tumores de Cabeza y Cuello,blk_00599,3,40
Grupo Espaol de Tumores Hurfanos e Infrecuentes GETHI,blk_00599,3,40
Gruppo Italiano Per Il Trapianto Di Midollo Osseo Cellule Staminali Emopoietiche E Terapia Cellulare,blk_01009,3,4
Gteborgs Universitet,blk_01026,3,4
Guys and St. Thomas NHS Foundation Trust,blk_00220,3,9
H.Lundbeck A/S,blk_00031,3,10
HAL Allergy BV,blk_00423,3,7
HUS,blk_00161,3,4
HUS-yhtymae,blk_00161,3,4
Haga Teaching Hospital,blk_01027,3,3
Hansa Medical AB,blk_00687,3,4
Heidelberg Pharma GmbH,blk_00338,3,40
Heinrich-Heine-Universitaet Duesseldorf,blk_00688,3,9
Hellenic Oncology Research Group,blk_00253,3,7
Hellenic Oncology Research Group H.O.R.G.,blk_00253,3,7
Hellenic Society of Hematology,blk_00466,3,11
Helse Fonna,blk_01028,3,2
"Helsinn Therapeutics U.S., Inc.",blk_00168,3,5
Herantis Pharma Plc,blk_01029,3,2
Herlev University Hospital,blk_00271,3,26
Hipra Scientific S.L.,blk_00833,3,4
Hospices Civils de Lyon - Direction de la Recherche Clinique et de lInnovation,blk_00039,3,8
Hospital Clinic Barcelona,blk_00135,3,11
Hospital Clnic de Barcelona,blk_00084,3,32
Hospital Universitari Germans Trias i Pujol,blk_01030,3,9
Hospital Universitario 12 De Octubre,blk_01031,3,3
Hospital of South West Jutland,blk_01032,3,3
"Hospital of the University of Munich, Grosshadern",blk_00602,3,29
Hull  East Yorkshire Hospitals NHS Trust,blk_00273,3,23
Hull and East Yorkshire Hospital Trust,blk_00273,3,23
Hull and East Yorkshire NHS Trust,blk_00273,3,23
Hungarian Ministry of Innovation and Technology - Representative: Hecrin Consortium,blk_01033,3,3
I.R.C.C.S. POLICLINICO SAN DONATO,blk_01034,3,4
IBSA Institut Biochimique S.A.,blk_00528,3,9
"IBSA, Institut Biochimique SA",blk_00528,3,9
IDIVAL,blk_01035,3,3
IGM Biosciences Inc.,blk_01036,3,2
INO Therapeutics,blk_01037,3,2
INSTITUT CLAUDIUS REGAUD,blk_00481,3,3
INSTITUTO ARAGONS DE CIENCIAS DE LA SALUD,blk_00606,3,9
INTERNATIONAL EXTRANODAL LYMPHOMA STUDY GROUP IELSG,blk_00437,3,22
IRCCS ISTITUTO GIANNINA GASLINI,blk_00101,3,5
IRCCS MATERNO INFANTILE BURLO GAROFOLO,blk_00321,3,5
IRCCS Ospedale San Raffaele,blk_00051,3,19
IRCCS SAN RAFFAELE PISANA GESTITO DA SAN RAFFAELE ROMA SRL,blk_00051,3,19
ISTITUTO NAZIONALE PER LO STUDIO E LA CURA DEI TUMORI - FONDAZIONE  G. PASCALE,blk_00073,3,32
ISTITUTO NEUROLOGICO MEDITERRANEO NEUROMED,blk_00223,3,5
Immodulon Therapeutics Ltd,blk_01038,3,2
Ineos Healthcare Ltd,blk_01039,3,2
Innocoll Technologies,blk_01040,3,2
Innovative Molecules GmbH,blk_01041,3,4
Institut Catal dOncologia ICO,blk_00699,3,4
Institut Curie / Institut Curie,blk_00224,3,8
Institut De Recerca Biomedica De Lleida Fundacio Dr. Pifarre,blk_01042,3,2
Institut Gustave Roussy / Institut Gustave Roussy,blk_00054,3,5
Institut de Recerca Hospital Sant Pau,blk_00605,3,27
Institut de Recerca Hospital de la Santa Creu i Sant Pau,blk_00605,3,27
Institut de Recerca de lHospital de la Santa Creu i Sant Pau  IIB Sant Pau,blk_00605,3,27
Institut de Recherches Internationales,blk_00027,3,25
Institut de Recherches Internationales Servier I.R.I.S,blk_00027,3,25
Institut de Recherches Internationales Servier IRIS,blk_00027,3,25
"Institut for Klinisk Medicin, Aarhus Universitet",blk_00036,3,40
Institut fr Klinische Forschung und Entwicklung ikfe GmbH,blk_00640,3,3
Institut fuer Frauengesundheit GmbH,blk_00847,3,3
Institute of Specific Prophylaxis and Tropical Medicine,blk_00470,3,9
"Instituto Grifols, S.A",blk_00427,3,14
Instituto de Investigacin Sanitaria Fundacin Jimnez Daz,blk_01043,3,4
Intas Pharmaceuticals Limited,blk_01044,3,3
"Integrated Therapeutics Group, Incorporated-a subsidiary of Schering Plough",blk_00170,3,31
Integrative Research Laboratories Sweden AB,blk_01045,3,4
Intendis GmbH,blk_01046,3,2
"InterMune, Inc.",blk_01047,3,4
Intergroupe Francophone Du Myelome,blk_00298,3,6
Intergroupe Francophone du Mylome,blk_00298,3,6
"Intra-Cellular Therapies, Inc. ITI",blk_00532,3,4
IntraBio Ltd,blk_01048,3,3
Inventiva S.A.,blk_01049,3,3
Iperboreal Pharma S.r.l.,blk_00840,3,3
Ipsen Ltd,blk_00136,3,37
Ipsen Pharma GmbH,blk_00136,3,37
Istituto Di Ricovero E Cura A Carattere Scientifico Materno Infantile Burlo Garofolo,blk_00321,3,5
Janssen Infectious Diseases BVBA,blk_01050,3,22
"Janssen Oncology, Inc.",blk_00235,3,5
Janssen Vaccines and Prevention B.V.,blk_00325,3,7
"Janssen-Cilag International NV, Turnhoutseweg 30, 2340  Beerse, Belgium",blk_00013,3,40
Janssen-Cilag Medical Affairs EMEA,blk_00013,3,40
Jiangsu Hengrui Pharmaceuticals Co. Ltd.,blk_01051,3,3
Johns Hopkins University,blk_01052,3,6
Johnson  Johnson Pharmaceutical Research and Development,blk_00854,3,10
Joint UCLH and UCL Biomedical Research Unit,blk_00904,3,19
"KAI Pharmaceuticals, Inc. a subsidiary of Amgen, Inc.",blk_00011,3,15
KRKA tovarna zdravil d.d. Novo mesto,blk_00860,3,9
KU Leuven Drug Delivery  Disposition,blk_00205,3,24
KULEUVEN,blk_00205,3,24
Karolinska University Hospital Solna,blk_00026,3,40
Keele University,blk_01053,3,5
Kings College Hospital,blk_00145,3,20
Kings College London IOP,blk_00019,3,40
Klinik fr Ansthesiologie und Operative Intensivmedizin Klinikum Ludwigshafen,blk_01054,3,7
Klinikum rechts der Isar der TU Muenchen AöR,blk_00279,3,12
Kowa Research Institute Inc.,blk_00386,3,7
Krakowski Szpital Specjalistyczny im. Jana Pawa II,blk_01055,3,5
"Kyowa Hakko Kirin Pharma, Inc.",blk_00862,3,6
Kyowa Kirin Inc.,blk_00862,3,6
LETI Pharma S.L.U.,blk_00225,3,15
LFB Biotechnologies,blk_00280,3,6
LUNDBECK ITALIA,blk_00031,3,10
Laboratorio Reig Jofre S.A.,blk_01056,3,3
Landeskrankenhaus Salzburg,blk_01057,3,3
Leeds Teaching Hospital NHS Trust,blk_00048,3,17
Leeds Teaching Hospitals Trust,blk_00048,3,17
Leipzig University,blk_00184,3,8
Linkping university,blk_00472,3,13
Liverpool Heart and Chest Hospital,blk_00244,3,40
London School Of Hygiene and Tropical Medicine,blk_00470,3,9
London School of Hygiene  Tropical Medicine,blk_00470,3,9
"Lumena Pharmaceuticals, Inc.",blk_01058,3,2
Lupin Limited,blk_01059,3,5
Lux Biosciences GmbH,blk_01060,3,2
"Lux Biosciences, Inc.",blk_01060,3,2
MAASTRO Clinic,blk_01061,3,4
MEDA Pharma GmbH  Co. KG,blk_01062,3,8
MEDDAY SAS,blk_01063,3,3
MENARINI INTERNATIONAL OPERATIONS LUXEMBOURG S.A.,blk_00609,3,15
MERRIMACK PHARMACEUTICALS,blk_00715,3,3
MOLOGEN AG,blk_01064,3,2
MSD Finland Oy,blk_01065,3,12
MYLAN GmbH,blk_01066,3,8
Maasstad Ziekenhuis,blk_01067,3,4
"Martin-Luther-Universitt Halle-Wittenberg, vertreten durch den Kanzler",blk_00329,3,14
Martin-Luther-University Halle-Wittenberg,blk_00329,3,14
Masarykova univerzita,blk_00610,3,2
Max-Planck-Institut fr Psychiatrie,blk_01068,3,3
Meander Medical Center,blk_00714,3,3
MedImmune,blk_00236,3,10
MedImmune Limited,blk_00236,3,10
"MedImmune, Inc.",blk_00236,3,10
Medac Gesellschaft fuer klinische Spezialprapaerate mbH,blk_00142,3,19
MediGene AG,blk_01069,3,2
MediWound Ltd.,blk_01070,3,5
Medica Scientia Innovation Research MedSIR ARO,blk_00175,3,11
"Medical Faculty, Otto-von-Guericke-University Magdeburg",blk_01071,3,20
Medice Arzneimittel Ptter GmbH  Co. KG,blk_00869,3,10
Medicinsk Forskning,blk_01072,3,3
Medigene AG,blk_01069,3,2
Medisch Centrum Leeuwarden,blk_00108,3,18
"Medivation, Inc",blk_00434,3,5
"Medizinische Universitt Graz, Universittsklinik fr Innere Medizin, Klin. Abt. fr Endokrinologie und Stoffwechsel",blk_00112,3,40
"Medizinische Universitt Innsbruck, Universittsklinik fr Neurologie",blk_00282,3,40
"Medizinische Universitt Wien, Univ.Klinik Innere Medizin III, Abt.fr Nephrologie u.Dialyse",blk_00113,3,40
"Medizinische Universitt Wien, Univ.Klinik f.Innere Medizin I,Abt. f. Infektionen u.Tropenmedizin",blk_00113,3,40
MeiraGTx UK II Limited,blk_01073,3,4
Menlo Therapeutics Inc.,blk_01074,3,2
Merck Serono International,blk_00300,3,40
Merck Serono International S.A.,blk_00300,3,40
Merck Serono International SA,blk_00300,3,40
Merck Sharp  Dohme Corp,blk_00005,3,40
Merck Sharp & Dohme Corp.,blk_00005,3,40
Merckle GmbH,blk_01075,3,2
"ModernaTX, Inc.",blk_01076,3,2
Morphic Therapeutic Inc.,blk_01077,3,2
Morphotek Inc,blk_01078,3,5
"Morphotek, Inc.",blk_01078,3,5
Mundipharma AB,blk_00238,3,19
Mylan GmbH,blk_01066,3,8
Mylan Pharma UK Ltd,blk_01066,3,8
Mylan Pharmaceuticals Inc.,blk_01066,3,8
NAVARRABIOMED - FUNDACIN MIGUEL SERVET,blk_01079,3,2
NEAT ID Foundation,blk_01080,3,2
NEWRON PHARMACEUTICALS SPA,blk_00613,3,6
NHS Greater Glasgow and Clyde / The University of Glasgow,blk_00301,3,40
NOVARTIS FARMA S.P.A.,blk_00001,3,40
"NS Pharma, Inc.",blk_01081,3,2
NTC s.r.l.,blk_01082,3,3
National Institute For Infectious Diseases Lazzaro Spallanzani,blk_01050,3,22
National Institute of Health and the Environment,blk_01083,3,3
National Institute of Oncology,blk_00176,3,11
National and Kapodistrian University of Athens,blk_01084,3,6
Neolab Limited,blk_01085,3,3
Neuraxpharm Pharmaceuticals S.L.,blk_01086,3,2
NeuroDerm Ltd.,blk_01087,3,2
Newcastle Upon Tyne Hospitals NHS Trust,blk_00179,3,21
Newron Pharmaceuticals SpA,blk_00613,3,6
Noema Pharma AG,blk_01088,3,2
Nordic Myeloma Study Group,blk_01089,3,4
Norgine Ltd.,blk_00614,3,6
North Wales NHS Trust,blk_01090,3,7
Novalon S.A.,blk_01091,3,3
Novartis Consumer Health,blk_00001,3,40
Novartis Farma S.p.A.,blk_00001,3,40
Novartis Farmacetica S.A,blk_00001,3,40
Novartis Farmaceutica S.A,blk_00001,3,40
"Novartis Farmacutica, S.A",blk_00001,3,40
Novartis Pharmaceuticals Corporation,blk_00001,3,40
Novartis Pharmaceuticals UK Limited,blk_00001,3,40
Novartis Sverige AB,blk_00001,3,40
Novartis Vaccines and Diagnostics Srl.,blk_00001,3,40
Novo Nordisk Farma Oy,blk_00003,3,20
"Nuvelo, Inc.",blk_01092,3,3
Nuvo Research GmbH,blk_01093,3,3
Nykode Therapeutics ASA,blk_01094,3,2
OPKO Biologics Ltd.,blk_00255,3,33
ORFAGEN,blk_01095,3,2
"ORTHO BIOTECH, Division of JANSSEN-CILAG GmbH",blk_00013,3,40
ObsEva S.A.,blk_00480,3,2
Omeros Corp.,blk_00617,3,3
Omrix Biopharmaceuticals Ltd,blk_01096,3,3
Oncology Department,blk_00176,3,11
Onconova Therapeutics Inc.,blk_01097,3,2
"Onconova Therapeutics, Inc.",blk_01097,3,2
Ono Pharmaceutical Co. Ltd.,blk_00879,3,5
Orfagen,blk_01095,3,2
Ospedale Pediatrico Bambino Gesu',blk_00438,3,6
Otonomy Inc.,blk_01098,3,2
"Otsuka Pharmaceutical Development  Commercialization,",blk_00063,3,13
"Otsuka Pharmaceutical Development and Commercialization, Inc.",blk_00063,3,13
OxThera Intellectual Property AB,blk_01099,3,4
Oxagen Ltd.,blk_01100,3,2
Oxford BioMedica UK Ltd,blk_00025,3,35
PAION UK Limited,blk_01101,3,3
"PDL BioPharma, Inc.",blk_01102,3,4
POLICLINICO GEMELLI,blk_00017,3,9
POLICLINICO SAN DONATO IRCSS,blk_01034,3,4
PPM SERVICES S.A.,blk_00882,3,3
"Pacira Pharmaceuticals, Inc.",blk_01103,3,2
Pantarhei Bioscience B.V.,blk_01104,3,3
Pantarhei Bioscience BV,blk_01104,3,3
Pfizer Corporation Austria Ges.m.b.H.,blk_00010,3,40
Pfizer Health AB,blk_00010,3,40
"Pfizer Inc 235 East 42nd Street, New York, NY10017 US",blk_00010,3,40
"Pfizer Inc. 235 East 42nd Street, New York, NY10017",blk_00010,3,40
"Pfizer Inc. 235 East 42nd Street, New York, New York 10017",blk_00010,3,40
"Pfizer Inc., 235 East 42nd Street, New York, ny 10017",blk_00010,3,40
"Pfizer Limited, Ramsgate Road, Sandwich, Kent, UK",blk_00010,3,40
"Pfizer Limited, Ramsgate Road, Sandwich, Kent. UK. CT13 9NJ",blk_00010,3,40
"Pfizer, Inc.",blk_00010,3,40
Pharma Patent Kft,blk_01105,3,2
"Pharmacyclics, Incorporated",blk_00351,3,5
Pharmaxis Ltd,blk_01106,3,5
Pharmaxis Pharmaceuticals Limited,blk_01106,3,5
Pharmion Corporation,blk_01107,3,2
Phaxiam Therapeutics,blk_01108,3,2
Philipps University Marburg,blk_00484,3,8
Philipps-University Marburg,blk_00484,3,8
Pierre Fabre Dermatologie,blk_00056,3,33
Pirkanmaan sairaanhoitopiiri,blk_00332,3,2
Pohjois-Pohjanmaan hyvinvointialue / University Of Oulu,blk_00483,3,17
Polpharma Biologics S.A.,blk_00255,3,33
"Portola Pharmaceuticals, Inc.",blk_01109,3,3
Probelte Pharma S.L.,blk_01110,3,2
"Protein Design Labs, Inc.",blk_01111,3,3
Prothena Therapeutics Limited,blk_01112,3,3
"Provention Bio, Inc.",blk_01113,3,2
Psykiatrisk Center Kobenhavn,blk_01114,3,4
"Puma Biotechnology, Inc",blk_00727,3,3
ROCHE SPA,blk_00006,3,40
Radboud University,blk_00061,3,31
Radboud University Medical Center Nijmegen,blk_00061,3,31
Radboud University Nijmegen,blk_00061,3,31
RadboudUMC,blk_00082,3,6
Red Andaluza De Diseno Y Traslacion De Terapias Avanzadas Fundacion Publica Andaluza Progreso Y Salud,blk_00294,3,27
RedHill Biopharma Ltd.,blk_01115,3,2
Region Hovedstadens Psykiatriske,blk_01116,3,2
Region Midtjylland / Region Midtjylland,blk_00059,3,2
"Relypsa, Inc.",blk_01117,3,3
Reneo Pharma Ltd.,blk_01118,3,2
"Research and Innovation Services, University of Dundee",blk_00067,3,21
"ReveraGen BioPharma, Inc.",blk_01119,3,2
Rheacell GmbH & Co. KG,blk_00543,3,2
"Rigshospitalet, Copenhagen University Hospitals",blk_00014,3,40
Roche,blk_00006,3,40
Roche Romania SRL,blk_01120,3,2
Roche a/s,blk_00006,3,40
Roche s.r.o.,blk_00006,3,40
"Rocket Pharmaceuticals, Inc.",blk_00626,3,2
Rottapharm Biotech S.r.l.,blk_01121,3,8
Royal Brompton  Harefield NHS Trust,blk_00548,3,8
Royal College Of Surgeons In Ireland,blk_00549,3,7
Royal College of Surgeons Ireland,blk_00549,3,7
Royal Liverpool University Hospital,blk_00244,3,40
SAKK Swiss Group for Clinical Cancer Research,blk_00744,3,6
SANOFI AVENTIS GROUPE,blk_00024,3,40
SANOFI-AVENTIS GROUPE,blk_00024,3,40
SANTEN INCORPORATED,blk_00396,3,7
"SCHWARZ BIOSCIENCES, Inc.",blk_00334,3,7
SLA Pharma UK Ltd,blk_01122,3,2
SOTIO Biotech AG,blk_00355,3,5
Saarland University,blk_01123,3,4
Sage Therapeutics Inc.,blk_01124,3,3
Sahlgrenska Universitetssjukhuset,blk_00180,3,28
Samsung Bioepis Co. Ltd.,blk_00395,3,3
"Samsung Bioepis Co., Ltd",blk_00395,3,3
Sangamo Therapeutics Inc.,blk_01125,3,3
"Sangamo Therapeutics, Inc.",blk_01125,3,3
Sankyo Pharma GmbH,blk_00069,3,23
Sanofi Aventis Groupe,blk_00024,3,40
Sanofi Pasteur Inc,blk_00132,3,17
Sanofi aventis recherche et developpement,blk_00024,3,40
Sanofi-Aventis Recherche  Developpement,blk_00024,3,40
Sapienza University of Rome,blk_01126,3,4
"Sarepta Therapeutics, Inc.",blk_00550,3,3
"Schering Plough Research Institute, A Division of Schering Corporation",blk_00170,3,31
"Schering Plough Research Institute, a division of Schering Corporation",blk_00170,3,31
"Section for Transfusion Medicine, Capitol Region Blood Bank",blk_00421,3,24
Sensorion,blk_01127,3,2
Serono International SA,blk_00300,3,40
Sheffield Childrens NHS Foundation Trust,blk_00074,3,13
"Shionogi  Co., Ltd.",blk_00397,3,7
Shire Development Inc,blk_00286,3,30
"Shire Human Genetic Therapies, Inc. Shire HGT",blk_00096,3,20
Shire Pharmaceutical Development Limited,blk_00286,3,30
Shire Pharmaceutical Development Ltd.,blk_00286,3,30
Sint Antonius Ziekenhuis,blk_00257,3,8
Skne University Hospital,blk_00354,3,15
SmartPractice,blk_01128,3,2
Solvotrin Innovations Ltd,blk_00091,3,14
Spanish Lung Cancer Group SLCG/GECP,blk_00293,3,5
Sparrow Pharmaceuticals Inc.,blk_01129,3,2
Speedel Pharma Ltd.,blk_01130,3,2
Spherium Biomed,blk_01131,3,2
Springworks Therapeutics Inc.,blk_01132,3,3
St Patricks Mental Health Services,blk_00804,3,17
St. Anna Kinderkrebsforschung,blk_00646,3,13
"St. Georges, University of London",blk_00553,3,6
St. Olavs Hospital,blk_01133,3,8
St. Olavs University Hospital,blk_01133,3,8
Stavanger University Hospital,blk_01134,3,2
Stichting Hemato-Oncologie voor Volwassenen Nederland (Hovon),blk_00092,3,7
Stichting NVALT studies,blk_01135,3,5
Stiefel Laboratories Maidenhead Ltd commonly known as Stiefel International RD,blk_01136,3,8
Stragen France,blk_01137,3,2
Studienzentrale AGO Austria,blk_00402,3,2
Sumitomo Pharma America Inc.,blk_00985,3,8
Summit Therapeutics Inc.,blk_01138,3,2
"Surface Logix, Inc.",blk_01139,3,2
Swedish Orphan Biovitrum AB publ,blk_00554,3,13
Syddansk Universitet (University of Southern Denmark),blk_00912,3,7
Sydvestjysk Sygehus,blk_01140,3,2
SynAct Pharma ApS,blk_01141,3,2
Synact Pharma ApS,blk_01141,3,2
Synektik Spka Akcyjna,blk_01142,3,2
TRANSGENE S.A.,blk_00632,3,5
TROPHOS,blk_00747,3,2
"Takeda Vaccines, Inc.",blk_00325,3,7
Tarian Pharma,blk_01143,3,2
"Tayside Clinical Trials Unit, University of Dundee",blk_00067,3,21
Technische Universitaet Muenchen Fakultaet fuer Medizin,blk_00279,3,12
Technische Universitt Mnchen Fakultt fr Medizin,blk_00327,3,40
"Telios Pharma, Inc.",blk_01144,3,3
Teva Branded Pharmaceutical Products R&D Inc.,blk_00083,3,14
"Teva Branded Pharmaceutical Products RD, Inc",blk_00083,3,14
"Teva Pharmaceutical Industries, Ltd",blk_00089,3,23
The George Institute For Global Health,blk_01145,3,6
The National Eye Institute,blk_00237,3,8
The Newcastle Upon Tyne Hospitals NHS Foundation Trust,blk_00179,3,21
"The Parker Institute, Bispebjerg and Frederiksberg Hospital, The Capital Region of Denmark",blk_00122,3,28
The University of Dundee,blk_00067,3,21
The University of Oxford,blk_00025,3,35
"Theravance, Inc.",blk_00399,3,4
Thornton  Ross Ltd,blk_01146,3,2
Topotarget A/S,blk_00442,3,3
"Transave, Inc.",blk_01147,3,2
Trevena Inc.,blk_01148,3,3
Trinity College Dublin,blk_00129,3,10
Turku PET Centre,blk_00086,3,13
Turning Point Therapeutics Inc.,blk_01149,3,2
U.L.S.S. 9 DI TREVISO,blk_01150,3,2
"UCB BIOSCIENCES, Inc.",blk_00106,3,40
"UCB Biopharma, SPRL",blk_00106,3,40
UCB Biosciences GmbH,blk_00106,3,40
UCB PHARMA,blk_00106,3,40
UHL NHS Trust,blk_01151,3,2
UNITHER Pharmaceuticals,blk_01152,3,3
UNIVERSIT DEGLI STUDI  MILANO BICOCCA,blk_00209,3,40
UNIVERSIT DEGLI STUDI DI PERUGIA,blk_00209,3,40
UZ BRUSSEL,blk_00022,3,39
Ultragenyx Pharmaceutical Inc,blk_00149,3,6
Umecrine Cognition AB,blk_00977,3,3
Universit catholique de Louvain,blk_01153,3,3
Universita Degli Studi Di Padova,blk_00185,3,8
Universita' Degli Studi Di Perugia,blk_00209,3,40
Universita' Vita-salute S. Raffaele,blk_00051,3,19
Universitaetsklinikum Tuebingen,blk_00139,3,26
Universite Libre de Bruxelles,blk_01154,3,2
Universitt des Saarlandes,blk_00906,3,4
Universittsklinikum Bonn,blk_00440,3,14
"Universittsklinikum Schleswig-Holstein, Campus Lbeck",blk_00634,3,17
Universittsmedizin Gttingen,blk_01155,3,11
"University Clinic of Nephrology and Hypertension, Regional Hospital Holstebro",blk_00989,3,15
University College London Comprehensive Clinical Trials Unit,blk_00019,3,40
University Hospital Bristol NHS Foundation Trust,blk_00004,3,25
University Hospital Of Ulm AöR,blk_00258,3,11
University Hospital Southampton NHS Trust,blk_00183,3,20
University Hospital of North Norway,blk_01156,3,7
University Hospital of Regensburg,blk_00752,3,19
University Hospitals Coventry and Warwickshire NHS Trust,blk_01157,3,3
University Medical Center Groningen UMCG,blk_00021,3,22
University Medical Centre Ljubljana,blk_01158,3,14
University Of Minnesota,blk_00891,3,3
University hospitals Leuven,blk_00022,3,39
"University of Athens, Medical School",blk_01084,3,6
University of Bergen,blk_01159,3,5
University of Dundee Research  Innovation Services,blk_00067,3,21
University of Edinburgh ACCORD / NHS Lothian ACCORD,blk_00150,3,27
University of Helsinki,blk_00119,3,34
University of Jena,blk_00462,3,12
University of Sheffield,blk_00074,3,13
University of Sussex,blk_00967,3,8
University of Ulm,blk_00258,3,11
University of Wuerzburg,blk_00753,3,9
Uniwersytet Medyczny W Lublinie,blk_01160,3,4
VALEAS,blk_01161,3,2
"VERISFIELD UK LTD, GREEK BRANCH",blk_01162,3,2
VU University medical center,blk_00053,3,33
Vakzine Projekt Management GmbH,blk_01163,3,2
Vastra Gotalandsregionen,blk_01164,3,2
Veobecn fakultn nemocnice v Praze,blk_00587,3,16
Verastem Inc.,blk_01165,3,5
"Verein zur Frderung der Forschung auf dem Gebiet der Arteriosklerose, Thrombose und vaskulren Biologie ATVB",blk_01166,3,6
Verona Pharma PLC,blk_00261,3,7
Vifor Pharma,blk_00259,3,11
Vifor Pharma Inc.,blk_00259,3,11
"ViiV Healthcare, S.L.",blk_00172,3,9
Vilnius University Hospital Santariskiu Clinics,blk_01167,3,4
"Vir Biotechnology, Inc.",blk_00500,3,2
Washington University School Of Medicine,blk_01168,3,3
Weleda AG,blk_01169,3,3
Westdeutsche Studiengruppe GmbH,blk_00637,3,4
Wilex AG,blk_01170,3,2
Wockhardt Bio AG,blk_01171,3,2
"Wyeth Pharmaceuticals Inc, a wholly owned subsidiary of Pfizer Inc, 500 Arcola road, Collegeville, PA 19426 USA",blk_00010,3,40
Wyeth Pharmaceuticals Inc.,blk_00107,3,40
"Wyeth Pharmaceuticals Inc. Acting through its division Wyeth Research, a Pfizer Company",blk_00010,3,40
"Wyeth Pharmaceuticals Inc., acting through its division Wyeth Research, a Pfizer Company",blk_00010,3,40
"Wyeth Research Division of Wyeth Pharmaceuticals Inc. A Pfizer Company,Philadelphia,PA-19101,USA",blk_00010,3,40
Zentralinstitut Fuer Seelische Gesundheit,blk_01172,3,2
ZonMW,blk_00638,3,7
Zymeworks Inc.,blk_01173,3,2
radboudumc,blk_00082,3,6
sanofi aventis groupe,blk_00024,3,40
sanofi-aventis Recherche et Dveloppement,blk_00033,3,40
sanofi-aventis recherche et developpement,blk_00024,3,40
4D pharma plc,blk_01174,2,4
A. N. M. C. O. - FONDAZIONE ITALIANA LOTTA MALATTIE CARDIOVASCOLARI,blk_01175,2,3
A.O. SAN GERARDO DI MONZA,blk_00363,2,10
A.O. San Gerardo di Monza,blk_00363,2,10
A.R.T.I.C. Association pour la Recherche de Thrapeutiques Innovantes en Cancrologie,blk_01176,2,4
A.S.L. TO 2,blk_01177,2,3
ABOCA S.P.A. SOCIET AGRICOLA,blk_01178,2,2
ABX GmbH,blk_01179,2,2
ACO Hud Nordic AB,blk_01180,2,3
AESCA Pharma GesmbH,blk_01181,2,3
AGMT  Arbeitsgemeinschaft medikamentse Tumortherapie gemeinntzige GmbH,blk_00290,2,6
AIR LIQUIDE,blk_00565,2,8
AIR LIQUIDE SANTE INTERNATIONAL,blk_00565,2,8
AKH Wien,blk_00113,2,40
ALFA WASSERMANN,blk_01182,2,4
ALK-Abell Arzneimittel GmbH,blk_00177,2,8
ALK-Abell S. A.,blk_00177,2,8
ALK-Abell S.A.,blk_00177,2,8
ALLERGAN LTD,blk_00080,2,13
ALMIRALL PRODESFARMA,blk_01183,2,4
"ALMIRALL, S.A.",blk_00165,2,18
"AMC, Amsterdam",blk_00339,2,19
"AMC, Cardiovascular Sciences",blk_00339,2,19
AOU di Bologna Policlinico S.Orsola-Malpighi,blk_00020,2,8
APOTEX Inc.,blk_01184,2,3
ARQule Inc.,blk_00952,2,4
ASLAN Pharmaceuticals,blk_01185,2,2
ASSISTANCE PUBLIQUE - HOPITAUX DE PARIS,blk_00008,2,40
ASSISTANCE PUBLIQUE-HOPITAUX DE PARIS AP-HP,blk_00008,2,40
ASSISTANCE PUBLIQUE-HOPITAUX DE PARIS APHP,blk_00008,2,40
ASSOCIAZIONE ITALIANA PNEUMOLOGI OSPEDALIERI,blk_00561,2,12
ASSOCIAZIONE SALENTINA ANGELA SERRA ONLUS,blk_01186,2,2
"AVID RADIOPHARMACEUTICALS, INC.",blk_01187,2,3
AZIENDA OSPEDALIERA AO OSPEDALE NIGUARDA CA GRANDA,blk_00233,2,12
AZIENDA OSPEDALIERA FONDAZIONE MACCHI A.O. DI RILIEVO NAZIONALE,blk_00178,2,11
AZIENDA OSPEDALIERA ISTITUTI OSPITALIERI DI CREMONA,blk_00111,2,7
AZIENDA OSPEDALIERA S. CROCE E CARLE,blk_00647,2,2
AZIENDA OSPEDALIERA S. MARIA DELLA MISERICORDIA,blk_01188,2,2
AZIENDA OSPEDALIERA S. MARIA DI TERNI,blk_00288,2,5
AZIENDA OSPEDALIERA S. PAOLO A.O. DI RILIEVO NAZIONALE,blk_00178,2,11
AZIENDA OSPEDALIERA UMBERTO I,blk_00114,2,9
AZIENDA OSPEDALIERO-UNIVERSITARIA OSPEDALI RIUNITI DI ANCONA,blk_00211,2,9
AZIENDA OSPEDALIERO-UNIVERSITARIA S. MARIA DELLA MISERICORDIA DI UDINE,blk_00775,2,2
AZIENDA USL DELLA VALLE DAOSTA,blk_01189,2,2
Aalborg University,blk_00164,2,27
Aalst Dermatology Group,blk_01190,2,5
Aarhus University Hospital / Aarhus University Hospital,blk_00036,2,40
"Aarhus University Hospital, Department of Cardiology",blk_00036,2,40
"Aarhus University Hospital, Department of Endocrinology",blk_00036,2,40
"Aarhus University Hospital, Department of Neurology",blk_00036,2,40
"Aarhus University Hospital, Department of Ophthalmology",blk_00036,2,40
"Aarhus University Hospital, Department of Rheumatology U",blk_00036,2,40
"Aarhus University Hospital, Skejby sygehus",blk_00036,2,40
Aarhus University hospital,blk_00036,2,40
AbbVie Stemcentrx LLC,blk_00012,2,18
Abbott GmbH  Co. K.G.,blk_00078,2,19
Abbott Laboratories,blk_00078,2,19
Abeona Therapeutics Europe SL.,blk_01191,2,2
Abiogen Pharma S.p.A.,blk_00765,2,4
Ablynx,blk_00405,2,3
"Abteilung fr Augenheilkunde, AKH Linz",blk_01192,2,4
"Academic Medical Center, Amsterdam",blk_00042,2,36
"Academic Medical Center, Department of Rheumatology",blk_01193,2,11
Academisch ziekenhuis Leiden acting under the name of Leids Universitair Medisch Centrum,blk_00023,2,20
Academisch ziekenhuis Maastricht,blk_00098,2,18
"Acceleron Pharma, Inc.",blk_00364,2,3
"Achillion Pharmaceuticals, Inc",blk_00503,2,2
Aclaris Therapeutics Inc.,blk_01194,2,2
"Aclaris Therapeutics, Inc.",blk_01194,2,2
Actelion Pharmaceuticals Nederland bv,blk_00079,2,13
Actelion pharmaceuticals Ltd,blk_00079,2,13
Active Biotech Research AB,blk_00937,2,4
"Adamas Pharmaceuticals, Inc.",blk_01195,2,2
Advanced Accelerator Applications International SA,blk_00938,2,6
Advanced Accelerator Applications SA,blk_00938,2,6
Advenchen Laboratories LLC,blk_01196,2,2
Advicenne Pharma,blk_00939,2,4
Aerovance Inc,blk_01197,2,4
Affimed GmbH,blk_01198,2,2
Affimed GmbH / Affimed GmbH,blk_01198,2,2
Affymax Inc.,blk_00779,2,2
Afimmune,blk_01199,2,2
Aft Pharmaceuticals Limited,blk_01200,2,2
Agence nationale de recherches sur le sida et les hpatites virales ANRS,blk_00403,2,7
Agomab Spain S.L.,blk_01201,2,3
Agomab Spain S.L.U.,blk_01201,2,3
AiCuris Anti-infective Cures AG,blk_01202,2,4
AiCuris GmbH  Co. KG,blk_01202,2,4
Akari Therapeutics Plc.,blk_00649,2,3
"Akcea Therapeutics, Inc.",blk_01203,2,2
Akela Pharma Inc,blk_01204,2,2
Akershus university hospital,blk_00212,2,4
Aktion Bronchialkarzinom e.V.,blk_01205,2,2
Albert Schweitzer Hospital,blk_00941,2,2
Alcon Pharma GmbH,blk_00158,2,16
Alcon Research Limited,blk_00158,2,16
Alcon d.o.o.,blk_00158,2,16
"Alder BioPharmaceuticals, Inc.",blk_00567,2,6
Alector Inc.,blk_00942,2,2
Alexion Pharma GmbH,blk_00090,2,12
Alexion Pharmaceuticals,blk_00090,2,12
Alfa Wassermann S.p.A.,blk_01182,2,4
Alfred Health,blk_01206,2,3
Algipharma AS,blk_00944,2,2
Alios BioPharma,blk_01207,2,2
All Ireland Cooperative Oncology Research Group,blk_00297,2,18
Allecra Therapeutics SAS,blk_01208,2,2
Allergan Inc.,blk_00080,2,13
Allergan Pharmaceuticals Ireland,blk_00080,2,13
Allergie-Centrum-Charit,blk_01209,2,4
"Allergie-Centrum-Charite, Department of Dermatology, Charite - Universittsmedizin Berlin",blk_01209,2,4
Allergy Centre,blk_00423,2,7
Allergy Therapeutics (UK) Limited,blk_00423,2,7
Alliance Pharmaceuticals,blk_01210,2,5
Alliance Pharmaceuticals Ltd,blk_01210,2,5
Alloksys Life Sciences B.V.,blk_01211,2,2
Almirall,blk_00165,2,18
"Almirall Prodesfarma, S.A.",blk_01183,2,4
"Almirall, S.A.",blk_00165,2,18
Alnylam Pharmaceuticals Inc,blk_00159,2,5
Alpine Immune Sciences Inc.,blk_01212,2,2
Alter Farmacia S.A.,blk_00299,2,2
Alx Oncology Holdings Inc.,blk_00946,2,2
"AmMax Bio., Inc.",blk_01213,2,2
Amag Pharmaceuticals Inc.,blk_00359,2,3
Amarin Pharma Inc.,blk_01214,2,2
Amgen,blk_00011,2,15
Amgen Ltd,blk_00011,2,15
"Amgen, Inc",blk_00011,2,15
Amphia Ziekenhuis,blk_00948,2,4
Amryt Research Ltd.,blk_01215,2,3
Amsterdam UMC VUmc,blk_00042,2,36
Amsterdam UMC location AMC,blk_00042,2,36
Amsterdam University Medical Center - location VU Medical Center,blk_00053,2,33
Amylyx Pharmaceuticals EMEA B.V. / Amylyx Pharmaceuticals Inc.,blk_00949,2,2
"Anaesthesia Department, Hvidovre Hospital, Capital Region of Denmark.",blk_00221,2,34
Anavex Germany GmbH,blk_01216,2,3
Anavex Life Sciences Corp.,blk_01216,2,3
Andi - Ventis,blk_01217,2,2
Andromeda Biotech Ltd,blk_01218,2,2
Anergis SA,blk_01219,2,2
Annexon Inc.,blk_01220,2,3
"Annexon, Inc.",blk_01220,2,3
Antisoma Research Limited,blk_01221,2,3
Antoni van Leeuwenhoek Ziekenhuis,blk_00072,2,24
Antoni van leeuwenhoek ziekenhuis,blk_00072,2,24
Apodemus AB,blk_01222,2,2
Applied Therapeutics Inc.,blk_00783,2,5
Aptatargets S.L.,blk_01223,2,2
Arakis Ltd.,blk_01224,2,2
Arbutus Biopharma Corporation,blk_01225,2,2
Arbutus Biopharma Inc.,blk_01225,2,2
Arctic Therapeutics hf.,blk_00047,2,36
Ark Therapeutics Limited,blk_01226,2,3
Arrowhead Research Corporation,blk_00229,2,4
Asac Pharmaceutical Inmunology S.A. / Advanced Outcomes Research S.L.,blk_00784,2,4
Asahi Kasei Pharma America Corporation,blk_01227,2,2
Asahi Kasei Pharma Corporation,blk_01227,2,2
Asarina Pharma ApS,blk_01228,2,2
Ascendis Pharma A/S,blk_00569,2,5
Ashford and St Peters Hospitals NHS Foundation Trust,blk_01229,2,3
Asklepios Kliniken Hamburg GmbH,blk_01230,2,6
Asociacin Instituto Biodonostia,blk_01231,2,3
Asociacin Teraputica en Hematologa y Oncologa Mdicas del Hospital Arnau de Vilanova de Valencia,blk_01232,2,7
Asociacion Europea Y Latinoamericana SELNET Para La Investigacion En Sarcomas,blk_00656,2,5
Associaci Per a la Recerca Oncolgica APRO,blk_01233,2,5
Association Hospitaliere De Bruxelles Et De Schaerbeek Centre Hospitalier Universitaire Brugmann,blk_00457,2,5
Associazione Italiana Ematologia Oncologia Pediatrica,blk_00561,2,12
Associazione Qol-One,blk_00929,2,2
Astellas Europe Pharma B.V.,blk_00081,2,28
Astellas Gene Therapies Inc.,blk_00081,2,28
Astellas Pharma Europe B.V,blk_00081,2,28
Astellas Pharma Europe B.V. APEB,blk_00081,2,28
Astellas Pharma Europe BV,blk_00081,2,28
Astellas Pharma Europe Limited,blk_00081,2,28
"Astellas Pharma US, Inc.",blk_00081,2,28
AstraZeneca A/S,blk_00002,2,40
"AstraZeneca AB Karlebyhus, Astraalln, Sdertlje SE-151 85, Sweden",blk_00002,2,40
"AstraZeneca AB, European Regulatory Affairs",blk_00002,2,40
AstraZeneca RD Sdertlje,blk_00002,2,40
AstraZeneca UK Limited,blk_00002,2,40
AstraZeneca sterreich GmbH,blk_00002,2,40
Atea Pharmaceuticals Inc.,blk_00958,2,3
Aurinia Pharmaceuticals Inc.,blk_01234,2,2
"Aurinia Pharmaceuticals, Inc.",blk_01234,2,2
Aurora Pujol Onofre,blk_01235,2,2
AvenCell Europe GmbH,blk_01236,2,2
Avencell Therapeutics Inc.,blk_01236,2,2
"Aventis Pharmaceuticals, Inc.",blk_00024,2,40
Aveo Pharmaceuticals Inc.,blk_00644,2,5
"Avid Radiopharmaceuticals, Inc.",blk_01187,2,3
Axovant Sciences Ltd.,blk_01237,2,3
Az Maria Middelares Gent,blk_00182,2,5
Azienda Ospedaliera Ordine Mauriziano Di Torino,blk_00772,2,2
Azienda Ospedaliera Universitaria Citta Della Salute E Della Scienza Di Torino,blk_00927,2,3
Azienda Ospedaliera Universitaria Meyer IRCCS,blk_00564,2,6
Azienda Ospedaliera di Reggio Emilia Arcispedale S.Maria Nuova/IRCCS,blk_00288,2,5
Azienda Ospedaliero-Universitaria Meyer,blk_00564,2,6
Azienda Ospedaliero-Universitaria Pisana,blk_00121,2,4
Azienda Ospedaliero-Universitaria Policlinico Umberto I,blk_00114,2,9
Azienda Socio Sanitaria Territoriale Degli Spedali Civili Di Brescia / Azienda Socio Sanitaria Territoriale Degli Spedali Civili Di Brescia,blk_00151,2,6
Azienda Socio Sanitaria Territoriale Ovest Milanese,blk_01238,2,4
BAUSCHLOMB,blk_00789,2,4
BCN Peptides S.A.,blk_01239,2,3
BELFAST HEALTH  SOCIAL CARE TRUST,blk_00246,2,18
"BIAL  PORTELA  Ca, S.A.",blk_00262,2,14
"BIAL - Portela  C, SA",blk_00262,2,14
BIODEL Inc.,blk_01240,2,5
BIODEL inc.,blk_01240,2,5
BIOGEN IDEC LTD,blk_00037,2,20
Banc de Sang i Teixits BST,blk_00451,2,3
Barcelona Institute for Global Health ISGlobal,blk_01241,2,2
"Barrier Therapeutics, Inc.",blk_00787,2,3
"Barts and the London School of Medicine and Dentistry, Queen Mary University of London",blk_00148,2,25
Basque Health Service,blk_01242,2,4
Baxter Healthcare Corporation,blk_00091,2,14
Baxter RD Europe SCRL,blk_01243,2,3
Baxter Vaccine AG,blk_00875,2,6
Bayer AG / Bayer AG,blk_00015,2,40
Bayer Health Care AG study performed by Bayer Schering Pharma AG,blk_00015,2,40
"Bayer HealthCare AG, D-51368 Leverkusen",blk_00015,2,40
"Bayer HealthCare AG, D-51368 Leverkusen, Germany",blk_00015,2,40
"Bayer Healthcare AG, D-51368 Leverkusen, Germany",blk_00015,2,40
Bayer Schering Pharma,blk_00015,2,40
Bayer Vital GmbH,blk_00015,2,40
Bcn Peptides S.A.,blk_01239,2,3
"Becton, Dickinson and Company, BD Technologies",blk_01244,2,2
BeiGene Ltd.,blk_00343,2,8
Belfast City Hospital,blk_00246,2,18
Belgian IBD Research and Development,blk_01245,2,3
Bellerophon Pulse Technologies LLC,blk_01246,2,2
Bellvitge University Hospital,blk_00508,2,15
BerGenBio AS,blk_01247,2,2
Berlin-Chemie AG Menarini Group,blk_00571,2,11
"Bial - Portela  C, S.A.",blk_00262,2,14
BioAlliance Pharma,blk_01248,2,2
BioGeneriX,blk_00509,2,3
BioMarin Nederland B.V.,blk_00099,2,6
Biocompatibles UK Ltd,blk_01249,2,3
Biodel Inc.,blk_01240,2,5
Bioeq GmbH,blk_01250,2,2
Bioforce AG,blk_01251,2,2
Biogen GmbH,blk_00037,2,20
Biohaven Pharmaceuticals Inc.,blk_00573,2,4
Bioinova a.s.,blk_00794,2,2
Biomet Nederland BV,blk_00893,2,5
Bionor Immuno AS,blk_01252,2,2
Bionor Pharma ASA,blk_01252,2,2
Bionorica research GmbH,blk_00368,2,4
Biophytis,blk_01253,2,2
Biophytis S.A.,blk_01253,2,2
Bioverativ USA Inc.,blk_00658,2,4
Birmingham Childrens Hospital NHS Foundation Trust,blk_00035,2,36
Birmingham Womens Hospital,blk_00035,2,36
"Bispebjerg Hospital, University of Copenhagen",blk_00122,2,28
Blue Earth Diagnostics Ireland Ltd.,blk_01254,2,5
Blue Earth Therapeutics Limited,blk_01254,2,5
Boehringer Ingelheim GmbH,blk_00018,2,40
Boehringer Ingelheim International GmbH / Boehringer Ingelheim RCV GmbH & Co. KG,blk_00018,2,40
Boehringer Ingelheim Pharma Ges mbH,blk_00018,2,40
"Boehringer Ingelheim Pharma GmbH  Co. KG,",blk_00018,2,40
Boehringer Ingelheim RCV GmbH  CoKG,blk_00018,2,40
Boehringer Ingelheim UK Ltd,blk_00018,2,40
Boehringer Ingelheim bv,blk_00018,2,40
"Boehringer-Ingelheim Espaa, S.A.",blk_00018,2,40
Bracco Imaging Deutschland GmbH,blk_00247,2,9
"Bridge Biotherapeutics, Inc.",blk_01255,2,2
Bristol-Myers Squibb SL,blk_00004,2,25
Bristol-Myers Squibb Services Unlimited Company / Bristol-Myers Squibb Services Unlimited Company,blk_00004,2,25
Byondis BV,blk_00797,2,2
CASSIOPEA SpA,blk_00972,2,4
CCDRD Cooperative Clinical Drug Research and Development AG / Lavipharm S.A.,blk_00968,2,16
CECOG Central European Cooperative Oncology Group,blk_00297,2,18
CELLERIX S.A.,blk_01256,2,5
CELSION CORPORATION,blk_01257,2,2
CENTRO RICERCHE CLINICHE DI VERONA,blk_01258,2,3
CENTRO STUDI FADOI,blk_01259,2,2
CERENIS THERAPEUTICS SA,blk_00974,2,3
CH Versailles,blk_00664,2,7
CHIESI FARMACEUTICI S.P.A.,blk_00034,2,19
CHIESI FARMACEUTICI S.p.A.,blk_00034,2,19
CHIESI Farmaceutici S.p.A,blk_00034,2,19
CHIP - Rigshospitalet - University of Copenhagen,blk_00014,2,40
CHRU DE NANCY,blk_00195,2,17
CHRU LILLE,blk_00231,2,20
CHRU Montpellier,blk_00197,2,19
CHRU Nancy,blk_00195,2,17
CHRU de BREST,blk_00230,2,8
CHRU de Besanon,blk_00577,2,8
CHRU of Lille,blk_00231,2,20
CHRU-TOURS,blk_00124,2,11
CHU AMBROISE PARE,blk_01260,2,3
CHU Amiens Picardie,blk_00152,2,6
CHU Besanon,blk_00577,2,8
CHU CLERMONT-FERRAND,blk_00094,2,12
CHU DE BORDEAUX,blk_00065,2,9
CHU DE NIMES,blk_00265,2,7
CHU GRENOBLE,blk_00232,2,13
CHU Limoges,blk_00346,2,7
CHU de BORDEAUX,blk_00065,2,9
CHU de Lille,blk_00231,2,20
CHU de Montpellier,blk_00197,2,19
CHU de SAINT-ETIENNE,blk_00249,2,9
CHU-HOPITAUX DE ROUEN,blk_00167,2,13
CHU-ULG,blk_00660,2,3
CLINUVEL EUROPE LIMITED,blk_00371,2,7
CMC Ambroise Par,blk_01261,2,3
"COMPASS Pathfinder, Limited",blk_01262,2,4
CONSORCI SANITARI TERRASSA,blk_01263,2,7
CRINOS S.P.A.,blk_01264,2,2
CRUCELL SWITZERLAND AG,blk_01265,2,3
CYTHERIS,blk_01266,2,2
Calliditas Therapeutics AB,blk_01267,2,3
Calliditas Therapeutics Suisse S.A.,blk_01267,2,3
"Cambridge University Hospitals NHS Foundation Trust, Addenbrookes Hospital",blk_00123,2,28
Cambridge University Hospitals NHS Trust,blk_00123,2,28
Can-Fite Biopharma Ltd.,blk_00661,2,4
Cancer International Research Group,blk_00093,2,29
Canisius Wilhelmina Ziekenhuis,blk_01268,2,3
"Cara Therapeutics, Inc.",blk_01269,2,3
Cardiome Pharma Corp,blk_00971,2,3
Cardiorentis AG,blk_01270,2,2
Care Arthritis Ltd.,blk_01271,2,2
Carrick Therapeutics Limited,blk_01272,2,2
Cassella-med GmbH  Co KG,blk_00662,2,6
"Catalyst Biosciences, Inc.",blk_00574,2,3
Catharina Hospital Eindhoven,blk_00512,2,4
Catharina Ziekenhuis,blk_00512,2,4
Catholic University Leuven,blk_01273,2,2
Celgene International II SARL,blk_00030,2,15
Cell Medica Ltd,blk_00831,2,9
"Cell Therapeutics, Inc.",blk_00831,2,9
Cell2Cure ApS,blk_01274,2,2
CellCentric Ltd,blk_01275,2,2
Cellectis,blk_01276,2,2
Center for Clinical Metabolic Research at Herlev-Gentofte Hospital,blk_00234,2,29
"Center for Perioperative Optimization, Department of Surgery, Herlev Hospital",blk_00271,2,26
Central and North West London NHS Foundation Trust,blk_01277,2,8
Centre D'Etude Des Cellules Souches,blk_01278,2,2
Centre Georges Franois Leclerc,blk_00514,2,9
Centre Hospitalier Regional Universitaire De Nancy,blk_00195,2,17
Centre Hospitalier Rgional Universitaire de Besanon,blk_00577,2,8
Centre Hospitalier Rgional Universitaire de Nancy,blk_00195,2,17
Centre Hospitalier Rgional et Universitaire,blk_01279,2,4
Centre Hospitalier Universitaire Dijon Bourgogne,blk_00174,2,9
Centre Hospitalier Universitaire dAngers,blk_00801,2,2
Centre Hospitalier Universitaire de Grenoble,blk_00232,2,13
Centre Hospitalier Universitaire de Lille,blk_00231,2,20
Centre Hospitalier de Tourcoing,blk_01280,2,2
Centre Hospitalier de Versailles,blk_00664,2,7
Centre Leon Berard / Centre Leon Berard,blk_00153,2,4
Centre Medico Chirurgical Ambroise Pare Hartmann,blk_01260,2,3
Centre Paul Papin,blk_01281,2,2
Centre Regional Lutte Contre Le Cancer,blk_00678,2,7
Centre Rgional de Lutte contre le Cancer Val dAurelle- Paul Lamarque,blk_00678,2,7
Centre Val dAurelle - Paul Lamarque,blk_01282,2,5
Centre du Cancer des Cliniques Universitaires Saint-Luc,blk_00198,2,26
Centro Cardiologico Monzino S.p.A.,blk_00521,2,3
Cerevel Therapeutics LLC,blk_00667,2,2
Charit  University Medicine Berlin,blk_00068,2,40
Charit - Universittsmedizin Berlin Klinik fr Dermatologie und Allergologie,blk_00068,2,40
"Charit Campus Mitte, Klinik fr Psychiatrie und Psychotherapie",blk_01283,2,19
Charit Universitaetsmedizin,blk_00140,2,17
Charit Universittsmedizin,blk_00068,2,40
"Charit, Universittsmedizin Berlin",blk_00068,2,40
"Charit-Universittsmedizin Berlin, Department of Dermatology, Clinical Research Center for Hair and Skin Science",blk_00068,2,40
"Charit-Universittsmedizin Berlin, Klinik fr Dermatologie, Venerologie und Allergologie, CRC",blk_00068,2,40
Charite - Universittsmedizin Berlin,blk_00140,2,17
Charite Research Organisation GmbH,blk_00140,2,17
Chelsea Therapeutics Inc.,blk_00975,2,10
Chelsea and Westminster Hospital NHS Foundation Trust,blk_00975,2,10
Chiesi Farmaceutici,blk_00034,2,19
"Chimerix, Inc",blk_01284,2,4
Chiron Vaccines Limited,blk_00456,2,5
Chong Kun Dang Pharmaceutical Corp.,blk_01285,2,2
Chr. Hansen A/S,blk_01286,2,3
Christie Hospital,blk_00336,2,7
"Clinical Trials Center Aachen, University of Aachen",blk_00625,2,31
"Clinical research lab for neurodegeneration, Dept. of Neurology, St. Josef-Hospital, Ruhr-University",blk_01287,2,19
Cliniques Universitaires St Luc,blk_00198,2,26
Clnica Universidad de Navarra,blk_00291,2,5
"Coherus BioSciences, Inc.",blk_01288,2,2
"Coherus Biosciences, Inc",blk_01288,2,2
"Columbia Laboratories, Inc",blk_01289,2,2
Comarca Ezkerraldea-Enkarterri OSAKIDETZA,blk_01290,2,2
Commissariat a l'Energie Atomique et aux Energies Alternatives,blk_01291,2,2
Complejo Hospitalario Torrecrdenas,blk_01292,2,2
Complutense University Of Madrid,blk_01293,2,4
Consorci Mar Parc de Salut de Barcelona Parc de salut MAR,blk_00206,2,34
Consorci Sanitari Integral,blk_01263,2,7
Consorci Sanitari Terrassa,blk_01263,2,7
Consorci Sanitari de Terrassa,blk_01263,2,7
Consorcio de Apoyo a la Investigacin Biomdica en Red CAIBER,blk_00515,2,28
"Cook MyoSite, Incorporated",blk_01294,2,4
Copenhagen Neuromuscular Center,blk_01295,2,4
Copenhagen University Hospital at Hvidovre,blk_00221,2,34
"Copenhagen University Hospital, Rigshospitalet",blk_00014,2,40
Cosmo Technologies Limited,blk_00575,2,5
Cosmo Technologies Ltd,blk_00575,2,5
County Council of stergtland,blk_00393,2,9
Creabilis Limited,blk_01296,2,2
"Crinetics Pharmaceuticals, Inc.",blk_00373,2,2
Crucell Holland B.V.,blk_01265,2,3
"Cubist Pharmaceuticals LLC, an indirect wholly-owned subsidiary of Merck Sharp  Dohme Corp.",blk_00005,2,40
Curateq Biologics Private Limited,blk_00255,2,33
CureVac GmbH,blk_00671,2,4
"Curis, Inc.",blk_00672,2,2
"Cytokinetics, Inc",blk_00674,2,4
"CytomX Therapeutics, Inc.",blk_00984,2,2
Cytonet GmbH  Co KG,blk_01297,2,2
"Cytori Therapeutics, Inc",blk_01298,2,2
D-Pharm Ltd.,blk_01299,2,17
DAIICHI SANKYO DEVELOPMENT LTD.,blk_00069,2,23
DAIICHI SANKYO PHARMA DEVELOPMENT,blk_00069,2,23
"DAIICHI SANKYO, INC.",blk_00069,2,23
DBCG,blk_01300,2,3
DBV TECHNOLOGIES S.A.,blk_00986,2,5
DBV Technologies,blk_00986,2,5
"DIPARTIMENTO DI SCIENZE BIOMEDICHE SPERIMENTALI E CLINICHE, UNIVERSIT DI FIRENZE",blk_01301,2,7
DIPARTIMENTO DI SCIENZE CHIRURGICHE - UNIVERSIT DEGLI STUDI DI TORINO,blk_00209,2,40
DIRECTION CENTRALE DU SERVICE DE SANTE DES ARMEES,blk_01302,2,4
DKMS gemeinntzige GmbH,blk_01303,2,2
DR. REDDYS LABORATORIES LIMITED,blk_01304,2,5
DS Biopharma,blk_01305,2,2
Daiichi Sankyo Inc,blk_00069,2,23
Dance Biopharm Inc.,blk_01306,2,3
Danderyds sjukhus AB,blk_01307,2,6
Daniel Podzamczer,blk_00811,2,5
"Deciphera Pharmaceuticals, LLC",blk_00416,2,2
"Dekan des Fachbereichs Medizin der Goethe Universitt, represented by the Coordinating Investigator",blk_01308,2,3
"Dep. Anaesthesia and Intensive Care, Aarhus University  Hospital",blk_00036,2,40
Departamento de Microbiologa. Hospital Clinico San Carlos,blk_00424,2,14
"Department of Anaesthesiology and Intensive Care, University of Tartu",blk_00398,2,9
"Department of Cardiology, Copenhagen University Hospital Rigshospitalet",blk_00014,2,40
"Department of Cardiology, Rigshospitalet",blk_00014,2,40
"Department of Dermatology, Bispebjerg University Hospital",blk_00122,2,28
"Department of Endocrinology, Sahlgrenska University Hospital",blk_00180,2,28
"Department of Haematology, Aalborg University Hospital",blk_00164,2,27
"Department of Hepatology and Gastroenterology, Aarhus University Hospital",blk_00036,2,40
"Department of Infectious Diseases, Odense University Hospital",blk_00028,2,40
"Department of Nephrology and Renal Transplantation, KU Leuven",blk_00205,2,24
Department of Neurology UMCG,blk_00138,2,3
"Department of Neurology, Medical University of Vienna",blk_00041,2,40
"Department of Nuclear Medicine, Aalborg University Hospital",blk_00164,2,27
"Department of Nuclear Medicine, Odense University Hospital",blk_00028,2,40
Department of Oncology,blk_00176,2,11
"Department of Oncology, Rigshospitalet",blk_00014,2,40
"Department of Oncology, University Hospital Herlev",blk_00271,2,26
"Department of Ophthalmology, Bonn University",blk_00440,2,14
Department of Orthopaedics IKE,blk_01309,2,2
"Department of Pediatric oncology, Aarhus University hospital",blk_00036,2,40
"Department of Respiratory Diseases, Aarhus University Hospital",blk_00036,2,40
Department of anesthesiology,blk_00988,2,12
"Department of infectious Diseases, Odense University Hospital",blk_00028,2,40
"Dept of Medical Sciences, Clinical Diabetes and Metabolism, Uppsala University",blk_00210,2,34
"Dept. of Anaesthesia, Centre of Head and Orthopaedics, Copenhagen University Hospital Rigshospitalet",blk_00014,2,40
"Dept. of Intensive Care, Copenhagen University Hospital, Rigshospitalet",blk_00014,2,40
"Dept. of Ophthalmology, Medical University of Vienna",blk_00041,2,40
Derma Sciencs Inc,blk_00538,2,6
"Dermira, a wholly owned subsidiary of Eli Lilly and Company",blk_00009,2,38
"Deutsche Homopathie-Union, DHU-Arzneimittel GmbH  Co. KG",blk_00905,2,2
Deutsches Herzzentrum Berlin,blk_01310,2,5
Deutsches Herzzentrum Mnchen,blk_00327,2,40
"Deutsches Herzzentrum Mnchen, Klinik fr Herz- und Kreislauferkrankungen",blk_00327,2,40
Deventer Ziekenhuis,blk_00992,2,2
DexTech Medical AB,blk_01311,2,2
DiaMedica Inc.,blk_01312,2,3
Diakonhjemmet Hospital AS,blk_00993,2,3
Dice Therapeutics Inc.,blk_01313,2,2
Dicerna Pharmaceuticals Inc.,blk_00815,2,3
Dipartimento di Medicina,blk_01314,2,16
Dipartimento di Medicina di Precisione - Universit degli studi della Campania L. Vanvitelli,blk_01314,2,16
"Dipartimento di Medicina-DIMED, universit di Padova",blk_00185,2,8
Direction Centrale Du Service De Sante Des Armees,blk_01302,2,4
Domp s.p.a,blk_00415,2,5
Dow Pharmaceutical Sciences Inc.,blk_01315,2,4
Dr. F. Khler Chemie GmbH,blk_00571,2,11
Dr. Jordi Carratal Fernndez Servicio de Enfermedades Infecciosas del Hospital Universitario de Bellvitge,blk_01316,2,11
Dr. Reddys Laboratories Ltd.,blk_01304,2,5
Dr. Reddys Laboratories S.A.,blk_01304,2,5
"Dr. Reddys Laboratories, Ltd",blk_01304,2,5
Dr. W. Schwabe GmbH  Co. KG,blk_00125,2,4
Dr. med. Tina Vilsbll,blk_01317,2,2
Dresden University of Technology,blk_00181,2,18
"Durata Therapeutics, Inc",blk_00996,2,3
"Dyax Corp., an indirect, wholly-owned subsidiary of Shire plc.",blk_00286,2,30
EAU Research Foundation,blk_01318,2,3
EBMT European group for Blood and Marrow Transplantation,blk_00421,2,24
EDISON PHARMACEUTICALS INC.,blk_01319,2,2
EIP Pharma Inc,blk_01320,2,4
ENYO Pharma SA,blk_00998,2,2
EORTC - European Organisation for Research and Treatment of Cancer,blk_00093,2,29
EORTC European Organisation for Research and Treatment of Cancer,blk_00093,2,29
ERYDEL S.P.A.,blk_01005,2,2
EUTHERAPIE pour le compte du promoteur Les Laboratoires Servier,blk_01321,2,2
EVELO Biosciences Inc,blk_01322,2,3
East and North Hertfordshire NHS Trust,blk_01323,2,6
"Eidos Therapeutics, Inc.",blk_01000,2,2
"Eiger BioPharmaceuticals, Inc.",blk_01324,2,2
Eip Pharma Inc.,blk_01320,2,4
Elan Regulatory Holdings Ltd,blk_01001,2,3
Eledon Pharmaceuticals Inc.,blk_01325,2,2
"Elevation Pharmaceuticals, Inc",blk_01326,2,2
Eli Lilly,blk_00009,2,38
Eli Lilly Cork Limited,blk_00009,2,38
Eli Lilly and Company - Indianapolis,blk_00009,2,38
Eli Lilly and company,blk_00009,2,38
Eli lilly and Company Limited,blk_00009,2,38
"Emalex Biosciences, Inc.",blk_01327,2,3
Enceladus Pharmaceuticals BV,blk_01328,2,3
Endo Pharmaceuticals Inc.,blk_01329,2,3
Endo Ventures Limited,blk_01329,2,3
"Endocyte, Inc.",blk_01330,2,2
Enlivex Therapeutics Ltd.,blk_01331,2,4
"Epix Pharmaceuticals, Inc.",blk_01332,2,2
Erasmus Hospital,blk_00029,2,40
Erasmus MC - Sophia,blk_01333,2,15
Erasmus MC - Sophia Childrens Hospital,blk_01333,2,15
Erasmus MC cancer institute,blk_00029,2,40
"Erasmus MC, Dept. Urology",blk_01333,2,15
"Erasmus MC, University Medical Center Rotterdam",blk_00029,2,40
Erasmus University Medical Centre,blk_00029,2,40
Erasmus University Rotterdam,blk_00029,2,40
Escient Pharmaceuticals Inc.,blk_01334,2,2
"Esperion Therapeutics, Inc.",blk_01007,2,3
Essex Pharma GmbH,blk_01335,2,2
Estetra SPRL,blk_01336,2,4
Estetra SRL,blk_01336,2,4
"Ethicon Inc., a Johnson  Johnson Co.",blk_00820,2,4
European Commission,blk_01337,2,2
European Group for Blood and Marrow Transplantation,blk_00421,2,24
European Lung Cancer Working Party,blk_01338,2,4
European Organisation for the Research and Treatment of Cancer EORTC,blk_00093,2,29
European Thoracic Oncology Platform ETOP,blk_00417,2,4
Evergreen Theragnostics Inc.,blk_01339,2,2
Evotec Neurosciences GmbH,blk_01340,2,3
Ewopharma AG,blk_01341,2,2
Eyepoint Inc.,blk_01342,2,3
F Hoffmann La-Roche Ltd.,blk_00006,2,40
"FERRER INTERNACIONAL, S.A.",blk_00459,2,13
FONDAZIONE DEL PIEMONTE PER LONCOLOGIA IRCC DI CANDIOLO,blk_00584,2,4
FONDAZIONE FADOI,blk_01259,2,2
FONDAZIONE IRCCS CA GRANDA OSPEDALE MAGGIORE POLICLINICO MILANO,blk_00233,2,12
FONDAZIONE MELANOMA ONLUS,blk_01012,2,9
FONDAZIONE PENTA ONLUS,blk_01343,2,8
FONDAZIONE SANDRO PITIGLIANI PER LA LOTTA CONTRO I TUMORI-ONLUS,blk_01344,2,2
FONDAZIONE TELETHON,blk_01345,2,3
FRANCISCO JAVIER BELDA,blk_01346,2,3
FRANCISCO JAVIER BENITO FERNANDEZ,blk_01346,2,3
FUJISAWA,blk_00317,2,3
FUNDACI PUIGVERT,blk_01347,2,2
"FUNDACIN FLS DE LUCHA CONTRA EL SIDA, LAS ENFERMEDADES INFECCIOSAS Y LA PROMOCIN DE LA SALUD Y LA CIENCIA",blk_00143,2,16
FUNDACIN PBLICA ANDALUZA PROGRESO Y SALUD,blk_00419,2,12
FUNDACION CV INVESTIGACION HOSPITAL DR PESET,blk_01348,2,3
FUNDACION GELTAMO,blk_00680,2,10
FUNDACION HOSPITAL DE MADRID,blk_00695,2,15
FUNDACION INVESTIGACION HOSPITAL CLINICO DE VALENCIA-INSTITUTO DE INVESTIGACION SANITARIA INCLIVA,blk_00702,2,11
FUNDACION PARA LA INVESTIGACIN LA FE,blk_00529,2,10
FUNDACION PARA LA INVESTIGACION BIOMEDICA HOSPITAL UNIVERSITARIO 12 DE OCTUBRE,blk_00515,2,28
FUNDACION SEIMC-GESIDA,blk_00377,2,6
Fabentech,blk_01349,2,2
Faes Farma S.A. / A. Menarini Industrie Farmaceutiche Riunite S.r.l.,blk_00226,2,40
Fakultn nemocnice v Motole,blk_00587,2,16
Fakultni Nemocnice Brno,blk_01010,2,11
Fakultni Nemocnice Kralovske Vinohrady,blk_01010,2,11
"Fast Forward Pharmaceuticals, B.V.",blk_01350,2,5
Ferrer Internacional S.A.,blk_00459,2,13
"Ferring International PharmaScience Center U.S., Inc.",blk_00058,2,12
Fidia Farmaceutici SpA,blk_00523,2,5
Fir Huvh Fundacio Institut De Recerca Hospital Universitari Vall De Hebron,blk_00268,2,40
FluidDA nv,blk_01351,2,2
"Folktandvrden, Landstinget Dalarna",blk_01352,2,4
Fondazione GISCAD,blk_00592,2,2
Fondazione Gimema Franco Mandelli Onlus / Fondazione Gimema Franco Mandelli Onlus,blk_00266,2,3
Fondazione IRCCS Istituto Nazionale Dei Tumori / Fondazione IRCCS Istituto Nazionale Dei Tumori,blk_00073,2,32
Fondazione IRCCS Istituto Nazionale dei tumori,blk_00073,2,32
Fondazione Italiana Linfomi,blk_00141,2,11
Fondazione Melanoma ONLUS,blk_01012,2,9
Fondazione Michelangelo,blk_01353,2,2
Fondazione Michelangelo - Avanzamento dello studio e cura dei tumori,blk_00073,2,32
Fondazione Oncotech Impresa Sociale,blk_00216,2,4
Fondazione Penta Ets,blk_01343,2,8
Fondazione Santa Lucia IRCCS,blk_00522,2,5
Fondazione Telethon Ets,blk_01345,2,3
Fondazione Telethon Ets / San Raffaele Hospital,blk_00051,2,19
Fondazione Tettamanti,blk_01354,2,2
"Forest Laboratories LLC, an Allergan Affiliate",blk_00080,2,13
"Forma Therapeutics, Inc.",blk_01355,2,3
Forward Pharma GmbH,blk_01350,2,5
Foundation for Liver research,blk_00825,2,5
Franciscus Gasthuis,blk_00895,2,5
Franciscus Gasthuis  Vlietland,blk_00895,2,5
Frankfurter Institut fr Klinische Krebsforschung IKF GmbH,blk_00142,2,19
Fraunhofer Gesellschaft for its Fraunhofer Institute for Translational Medicine and Pharmacology ITMP,blk_00812,2,31
Frederiksberg Hospital,blk_01356,2,3
"Free State of Bavaria rep. by the Univ. of Regensburg, rep. by the Regensburg Univ. Hospital",blk_00752,2,19
Freeline Therapeutics Limited,blk_01013,2,2
French Society of Cardiology,blk_01357,2,7
Friedrich Schiller University,blk_00462,2,12
Friedrich-Schiller-University Jena,blk_00462,2,12
Friedrich-Schiller-University of Jena,blk_00462,2,12
"Fujifilm Kyowa Kirin Biologics Co., Ltd.",blk_00255,2,33
Fundaci Clinic per a la Recerca Biomdica FCRB,blk_00084,2,32
Fundaci Institut de Recerca de lHospital de la Santa Creu i Sant Pau,blk_00605,2,27
Fundaci Privada Clnic per a la Recerca Biomdica,blk_00084,2,32
Fundaci de Lluita contra la SIDA,blk_00143,2,16
Fundaci per la Recerca i la Docncia Sant Joan de Du,blk_00379,2,20
Fundacin CRIS de investigacin para vencer el cncer,blk_01358,2,2
Fundacin GECP,blk_00293,2,5
Fundacin General de la Universidad de Valladolid,blk_01359,2,7
Fundacin Instituto de Investigacin Sanitaria Aragn,blk_01360,2,2
Fundacin Interhospitalaria para la Investigacin Cardiovascular,blk_01361,2,6
Fundacin Investigacin Biomdica Hospital General Universitario Gregorio Maran FIBHGUGM,blk_00463,2,40
Fundacin Investigacin Biomdica Hospital Prncipe de Asturias,blk_01362,2,3
Fundacin Investigacin Hospital Ramn y Cajal,blk_01014,2,5
Fundacin Pblica Andaluza para la Gestin de la Investigacin en Salud de Sevilla,blk_00294,2,27
Fundacin Pblica Andaluza para la Gestin de la Investigacin en Salud de Sevilla FISEVI,blk_00294,2,27
Fundacin Pblica Andaluza para la Investigacin de Mlaga en Biomedicina Y Salud FIMABIS,blk_00294,2,27
Fundacin Renal Iigo lvarez de Toledo,blk_01363,2,4
Fundacin para la Formacin e Investigacin Sanitaria FFIS,blk_00588,2,9
Fundacin para la Investigacin Biomdica,blk_00084,2,32
Fundacin para la Investigacin Biomdica del Hospital,blk_00463,2,40
Fundacin para la Investigacin Biomdica del Hospital Universitario Prncipe de Asturias,blk_00463,2,40
Fundacin para la Investigacin Biomdica del Hospital Universitario de La Paz,blk_00202,2,33
Fundacin para la Investigacin e Innovacin Biomdica FIIB del Hospital Universitario Infanta Leonor y Hospital Unive,blk_01364,2,5
Fundacin para la Investigacin en Enfermedades del Aparato Digestivo,blk_01365,2,2
Fundacin para la Investigacin y la Innovacin Biosanitaria del Principado de Asturias FINBA,blk_01364,2,5
Fundacio Assistencial De Mutua De Terrassa Fpc,blk_01366,2,4
Fundacio Institut D Investigacio Biomedica De Bellvitge IDIBELL,blk_00508,2,15
Fundacio Parc Tauli,blk_01367,2,2
Fundacio Privada Clinic per a la Recerca Biomedica,blk_00493,2,7
Fundacion Cris De Investigacion Para Vencer El Cancer,blk_00702,2,11
Fundacion De La Comunitat Valenciana Para La Gestion Del Instituto De Investigacion Sanitaria Y Biomedica De Alicante,blk_00294,2,27
Fundacion De investigacion De Hm Hospitales,blk_01016,2,3
Fundacion Fls De Lucha Contra El Sida Las Enfermedades Infecciosas Y La Promocion De La Salud Y La C,blk_00143,2,16
Fundacion Instituto De Investigacion Sanitaria De Navarra,blk_00276,2,9
Fundacion Oncosur,blk_01368,2,5
Fundacion Para La Formacion E Investigacion Sanitaria De La Region De Murcia / Fundacion Para La Formacion E Investigacion Sanitaria De La Region De Murcia,blk_00464,2,2
Fundacion Para La Gestion De La Investigacion En Salud De Sevilla,blk_00294,2,27
Fundacion Progreso Y Salud,blk_00419,2,12
Fundacion Publica Galega Instituto De Investigacion Sanitaria De Santiago De Compostela,blk_00590,2,2
Fundacion Publica Para La Investigacion Biosanitaria De Andalucia Oriental Alejandro Otero,blk_01369,2,2
Fundacion SEIMC-GESIDA,blk_00377,2,6
Fundacion Seimc Gesida,blk_00377,2,6
Furiex Pharmaceuticals,blk_01370,2,2
Futura Medical Developments Ltd.,blk_01371,2,3
G. dAnnunzio University,blk_01372,2,3
G.I.M.EM.A. Gruppo Italiano Malattie EMatologiche dellAdulto,blk_00187,2,7
GABA GmbH,blk_01373,2,2
GABA International AG,blk_01373,2,2
"GALDERMA RD, LLC",blk_00252,2,16
"GALDERMA RD, SNC",blk_00252,2,16
"GB002, Inc.",blk_01017,2,2
GBG Forschungs GmbH German Breast Group,blk_00154,2,8
GE Healthcare Finland Oy,blk_00378,2,14
GE Healthcare Ltd,blk_00378,2,14
GE Healthcare Ltd and its Affiliates,blk_00378,2,14
GEICAM GRUPO ESPAOL DE INVESTIGACION EN CANCER DE MAMA,blk_00589,2,19
GELA Group,blk_00830,2,4
GELTAMO Grupo Cooperativo Espaol de Linfoma/Trasplante Autlogo de Mdula sea,blk_00680,2,10
GELTAMO Grupo Espaol de Linfoma y Transplante Autlogo de Mdula sea,blk_00599,2,40
GEMCAD Grupo Espaol Multidisciplinar en Cncer Digestivo,blk_00599,2,40
"GENENTECH, Inc",blk_00070,2,9
GENETHON,blk_00595,2,2
GENSIGHT BIOLOGICS,blk_00255,2,33
GERMAN ONCOLOGY CENTER,blk_01023,2,8
GETNE Grupo Espaol de Tumores Neuroendocrinos,blk_00599,2,40
GILEAD SCIENCES S.R.L.,blk_00016,2,18
"GITMO GRUPPO ITALIANO TRAPIANTO DI MIDOLLO OSSEO,CELLULE STAMINALI EMOPOIETICHE E TERAPIA CELLULARE - ONLUS",blk_01009,2,4
GMIHO Gesellschaft fr Medizinische Innovation  Hmatologie und Onkologie mbH,blk_00525,2,10
GRUPO ESPAOL DE INVESTIGACIN EN CNCER DE MAMA GEICAM,blk_00599,2,40
GRUPO ESPAOL DE NEUROONCOLOGIA MEDICA,blk_00599,2,40
GSK Research  Development Limited,blk_01020,2,4
GUSTAVE ROUSSY,blk_00054,2,5
GYN Research GmbH,blk_01374,2,2
Galderma Research  Development,blk_00252,2,16
Galderma Research and Development SNC,blk_00252,2,16
Galenica AB,blk_01375,2,2
"Gan  Lee Pharmaceuticals, USA",blk_01021,2,3
Gastroenterology MIDT,blk_01376,2,4
Gateshead Health NHS Foundation Trust,blk_01377,2,2
Gcp-Service International West GmbH,blk_01018,2,3
GeNeuro Innovation SAS,blk_01378,2,3
GeNeuro SA,blk_01378,2,3
Genetronics / inovio Biomedical,blk_00845,2,2
"Genexine, Inc",blk_01379,2,3
Genfit SA,blk_00524,2,3
Gensight Biologics,blk_00255,2,33
Gentofte Hospital / Frederiksberg Hospital,blk_00234,2,29
Genzyme Corporation and its Affiliates,blk_00088,2,10
Georg-August-Universitt Gttingen,blk_01155,2,11
"Georg-August-Universitt Gttingen, Stiftung ffentlichen Rechts, Universittsmedizin Gttingen",blk_01155,2,11
German Cancer Research Center DKFZ,blk_01023,2,8
German High Grade Non-Hodgkins Lymphoma group,blk_00437,2,22
Geron Corp.,blk_01024,2,2
Gesellschaft fr Pdiatrische Onkologie und Hmatologie GPOH gGmbH,blk_00420,2,3
Glaukos Corporation,blk_01380,2,2
GlaxoSmithKline Biologicals / GlaxoSmithKline Biologicals,blk_00007,2,40
GlaxoSmithKline Consumer Healthcare GSKCH,blk_00188,2,24
GlaxoSmithKline Consumer Healthcare GmbH  Co. KG,blk_00188,2,24
GlaxoSmithkline Research  Development Limited,blk_00007,2,40
Glaxosmithkline Biologicals,blk_00007,2,40
Global Blood Therapeutics Inc.,blk_00421,2,24
Glostrup University Hospital,blk_00813,2,5
Goelams,blk_00593,2,2
Goethe Universitt Frankfurt,blk_00218,2,30
Gothenburg University,blk_01381,2,4
Grand Hpital de Charleroi,blk_01382,2,3
Greater Glasgow NHS Health Board / University of Glasgow co-sponsorship,blk_00301,2,40
Greater Glasgow and Clyde / University of Glasgow,blk_00301,2,40
Green Cross Corporation,blk_01383,2,3
Greenpark Health Care Trust,blk_01384,2,2
Grifols Biologicals Inc.,blk_00427,2,14
Groupe Hospitalier Paris Saint-Joseph,blk_01385,2,6
Groupement Des Hopitaux De L'Institut Catholique De Lille,blk_00231,2,20
Groupement des Hpitaux de lInstitut Catholique de Lille GHICL,blk_00231,2,20
Grupo Espanol De Investigacion En Cancer De Mama,blk_00589,2,19
Grupo Espanol De Investigacion En Neurooncologia,blk_00589,2,19
Grupo Espanol De Oncologia Genitourinaria-Socug,blk_00589,2,19
Grupo Espanol De Tratamiento De Tumores De Cabeza Y Cuello,blk_00589,2,19
Grupo Espaol de Investigacin en Cncer de Mama GEICAM,blk_00599,2,40
Grupo Espaol de Investigacin en Cncer de Ovario,blk_00599,2,40
Grupo Espaol de Tratamiento de Tumores de Cabeza y Cuello TTCC,blk_00599,2,40
Grupo Espaol de Tratamiento de los Tumores de Cabeza y Cuello TTCC,blk_00201,2,11
Grupo Espaol de Tumores Neuroendocrinos,blk_00599,2,40
Grupo de Investigacin en Oncologa Mdica del Hospital de Navarra,blk_01386,2,3
Grupo de Tratamiento de los Tumores Digestivos,blk_00201,2,11
Grupo de Tratamiento de los Tumores Digestivos - TTD,blk_00201,2,11
Gteborgs universitet,blk_01026,2,4
Gyroscope Therapeutics Ltd.,blk_01387,2,2
H. Lundbeck a/s,blk_00031,2,10
HAL Allergy,blk_00423,2,7
HARRAS-PHARMA-CURARINA GmbH,blk_01388,2,2
HELP Pharmaceuticals S.A.,blk_01389,2,2
HOSPITAL GENERAL UNIVERSITARIO DE ALICANTE,blk_00836,2,7
HOSPITAL UNIVERSITARI DE BELLVITGE- IDIBELL,blk_00508,2,15
HULL AND EAST YORKSHIRE NHS TRUST,blk_00273,2,23
HUS Helsinki University Hospital,blk_00119,2,34
HUTCHMED Limited,blk_00838,2,2
HYKS Naistensairaala,blk_01390,2,2
Haaglanden Medisch Centrum,blk_00108,2,18
Haleon CH SARL,blk_01391,2,5
Hamilton Health Sciences Corporation through its Population Health Research Institute,blk_00465,2,6
Hammersmith Hospital NHS Trust,blk_01392,2,5
Hanmi Pharm. Co. Ltd.,blk_00600,2,3
Hansa Biopharma,blk_00687,2,4
Harmony Biosciences Management Inc.,blk_01393,2,2
Haukeland University hospital,blk_00601,2,10
Heart Center Co. Tampere University Hospital,blk_00305,2,9
Heidelberg Pharma AG,blk_00338,2,40
Heinrich-Heine-University Dsseldorf,blk_00688,2,9
"Helena Tinkanen, Tampereen yliopistollinen sairaala",blk_01394,2,6
Helix BioPharma Corp,blk_00898,2,5
Hellenic Cardiovascular Research Society,blk_00466,2,11
Hellenic Oncology Research Group HORG,blk_00297,2,18
Helperby Thearapeutics Ltd,blk_01395,2,5
Helse Bergen HF / St. Olavs Hospital HF,blk_00047,2,36
Helse Stavanger HF,blk_00047,2,36
Helsinki University Central hospital,blk_00119,2,34
Herlev og Gentofte Hospital,blk_00234,2,29
"Herz-, Thorax- und Gefchirurgische Ansthesie und Intensivmedizin",blk_01396,2,9
Hoffmann-La Roche Ltd/Inc/AG/Roche Global Development,blk_00006,2,40
"Hopital Erasme, Universit Libre de Bruxelles",blk_00320,2,26
Hopital NOVO,blk_00003,2,20
Horizon Therapeutics Ireland DAC,blk_00382,2,6
Horizon Therapeutics USA Inc.,blk_00382,2,6
"Horizon Therapeutics USA, Inc.",blk_00382,2,6
Hospital Del Mar,blk_00206,2,34
Hospital Erasme,blk_00320,2,26
Hospital Ramn y Cajal,blk_01014,2,5
Hospital Universitari de Bellvitge,blk_00508,2,15
Hospital Universitari de Girona Dr. Josep Trueta,blk_00690,2,7
Hospital Universitario Fundacin Alcorcn,blk_01397,2,2
Hpital FOCH,blk_00381,2,3
Hpital Fondation Adolphe de Rothschild,blk_00527,2,3
Hull University Teaching Hospitals NHS Trust,blk_00074,2,13
Hutchison MediPharma Limited,blk_01398,2,2
"Hvidovre Hospital, Dept. of Rheumatology",blk_00221,2,34
Hybrigenics SA,blk_01399,2,2
Hywel Dda Health Board,blk_01400,2,2
IBSA FARMACEUTICI ITALIA SRL,blk_00528,2,9
IDIAP JORDI GOL I GURINA,blk_00839,2,4
IDIVAL Instituto de Investigacin Sanitaria Valdecilla,blk_01035,2,3
IELSG INTERNATIONAL EXTRANODAL LYMPHOMA STUDY GROUP,blk_00437,2,22
IFOM Istituto Fondazione Di Oncologia Molecolare Ets In Breve Ifom Ets,blk_00044,2,9
IIS La Fe,blk_00529,2,10
"IMARA, Inc.",blk_01401,2,2
IMEA,blk_01402,2,4
"IMPAX Laboratories, Inc.",blk_01403,2,5
INEOS Healthcare Limited,blk_01039,2,2
INFAI GmbH,blk_01404,2,2
INFAI Institut fr biomedizinische Analytik und NMR Imaging GmbH,blk_01404,2,2
INFECTOPHARM Arzneimittel GmbH,blk_00693,2,6
"INMUNOTEK, S.L.",blk_00203,2,4
INSERM ANRS,blk_00204,2,8
INSERM-ANRS,blk_00204,2,8
INSTITUTO BERNABEU,blk_00701,2,4
INSTITUTO DE ESTUDIOS DE CIENCIAS DE LA SALUD DE CASTILLA Y LEON,blk_00606,2,9
"INSTITUTO GRIFOLS, S.A.",blk_00427,2,14
INTERGRUPPO MELANOMA ITALIANO,blk_01012,2,9
IPPMed GmbH,blk_01405,2,2
IPSEN NV,blk_00136,2,37
IPSEN PHARMA SAS,blk_00136,2,37
"IPSEN PHARMA, S.A.",blk_00136,2,37
IRCCS FONDAZIONE ISTITUTO NEUROLOGICO NAZIONALE C. MONDINO,blk_00222,2,18
IRCCS ISTITUTO SCIENTIFICO ROMAGNOLO PER LO STUDIO E LA CURA DEI TUMORI,blk_00073,2,32
IRCCS Ospedale Policlinico San Martino,blk_00841,2,5
ISDIN,blk_01406,2,3
ISTITUTO MEDITERRANEO PER I TRAPIANTI E TERAPIE AD ALTA  SPECIALIZZAZIONE,blk_01407,2,2
ISTITUTO MEDITERRANEO PER I TRAPIANTI E TERAPIE AD ALTA SPECIALIZZAZIONE - ISMETT,blk_01407,2,2
ISTITUTO NAZIONALE DI RICOVERO E CURA PER ANZIANI IRCCS,blk_00073,2,32
ISTITUTO ONCOLOGICO ROMAGNOLO,blk_00324,2,3
ISTITUTO ONCOLOGICO VENETO - IRCCS,blk_00468,2,4
ISTITUTO ORTOPEDICO RIZZOLI,blk_01408,2,3
ISTITUTO SCIENTIFICO ROMAGNOLO PER LO STUDIO E LA CURA DEI TUMORI IRST - IRCCS,blk_00073,2,32
ITALFARMACO S.p.A.,blk_00254,2,6
IVI Valencia,blk_00695,2,15
"Ichthyol-Gesellschaft Cordes, Hermanni  Co. GmbH  Co. KG",blk_01409,2,3
Ifom Istituto Fondazione Di Oncologia Molecolare Ets In Breve Ifom Ets,blk_00044,2,9
ImClone Systems Incorporated,blk_00274,2,2
Imago BioSciences Inc.,blk_01410,2,2
"Imbria Pharmaceuticals, Inc.",blk_01411,2,2
Immatics Biotechnologies GmbH,blk_00920,2,3
Immatics US Inc.,blk_00920,2,3
Immunocore Ltd,blk_00469,2,3
Immunocore Ltd.,blk_00469,2,3
Immutep S.A.S.,blk_00843,2,2
"Impax Laboratories, LLC",blk_01403,2,5
Imperial College London JRC Office,blk_00019,2,40
Imperial College London Limited,blk_00019,2,40
Imperial College London and Imperial College Healthcare NHS Trust,blk_00019,2,40
"Imperial College London, Joint Research Compliance Office",blk_00019,2,40
Incyte Biosciences International S.a.r.l.,blk_00043,2,8
Incyte Biosciences International Srl,blk_00043,2,8
Innoup Farma S.L.,blk_00226,2,40
Innovacell Biotechnologie AG - Life Science Center Innsbruck,blk_00282,2,40
Institut National de la Sant et de la Recherche Mdicale INSERM,blk_00204,2,8
Institut Produits Synthse IPSEN AB,blk_00136,2,37
Institut Universitari D Investigacio En Atencion Primaria Jordi Gol,blk_00839,2,4
Institut de Cancrologie Lucien Neuwirth,blk_01412,2,2
Institut de Recherche International Servier,blk_00027,2,25
Institut de Recherche Pierre Fabre,blk_00056,2,33
Institut de Terapia Regenerativa Tissular S.L. ITRT,blk_01413,2,2
Institut for Pharmacology and Toxicology,blk_00812,2,31
Institut fr Klinische Krebsforschung IKF GmbH,blk_00142,2,19
Institute Of Hematology And Blood Transfusion,blk_00421,2,24
Institute Of Oncology Ljubljana,blk_01158,2,14
Institute for Neurodegenerative Disorders,blk_00991,2,2
Institute of Oncology Ljubljana,blk_01158,2,14
Institute of Tropical Medicine Antwerp,blk_00130,2,14
"Institution for Clinical Science, Karolinska Institutet",blk_00026,2,40
Instituto Bernabeu S.L.,blk_00701,2,4
Instituto Cataln de Oncologa,blk_01414,2,3
Instituto De Investigacion En Ciencias De La Salud Germans Trias I Pujol,blk_00606,2,9
Instituto Palacios,blk_01415,2,2
Instituto Universitario IVI Valencia,blk_00695,2,15
Instituto de Investigacin Biomdica de Salamanca,blk_01416,2,6
Instituto de Investigacin del Hospital de la Santa Creu i Sant Pau,blk_00605,2,27
Instituto de Investigacion Sanitaria La Fe,blk_00529,2,10
"Intec Pharma, Ltd.",blk_01417,2,2
Integrative Research Laboratories Sweden AB IRLAB,blk_01045,2,4
InterMune,blk_01047,2,4
Intercept Pharmaceuticals,blk_00531,2,5
Intergroupe Francophone de Cancerologie Thoracique,blk_00298,2,6
International Extranodal Lymphoma Study Group,blk_00437,2,22
Intrabio Limited,blk_01048,2,3
Inventiva,blk_01049,2,3
Investigacion Independiente,blk_01418,2,3
Invox Pharma Limited,blk_01419,2,2
Io Biotech ApS,blk_01420,2,3
Ipsen Limited,blk_00136,2,37
"Irish Clinical Oncology Research Group CLG, trading as Cancer Trials Ireland",blk_00196,2,7
Iron Therapeutics Switzerland AG,blk_01421,2,2
Isala,blk_00704,2,13
Isis Pharmaceuticals Inc.,blk_00607,2,2
Ismail Ggenur,blk_01422,2,2
Istituti Clinici Scientifici Maugeri In Forma Abbreviata Istituti Clinici Scientifici Maugeri O Anche Ics Maugeri O Maugeri S.p.A. Sb,blk_00771,2,2
Istituto Nazionale per lo Studio e la Cura dei Tumori di Napoli  Fondazione G.Pascale,blk_00073,2,32
Istituto Ortopedico Rizzoli,blk_01408,2,3
Itf Research Pharma S.L.,blk_01423,2,5
Ivi Valencia S.L. / Ivi Valencia S.L.,blk_00695,2,15
"J. Uriach y Compaia, S. A.",blk_01424,2,2
JANSSEN CILAG INTERNATIONAL NV,blk_00013,2,40
JSC BIOCAD,blk_01425,2,2
"Janssen Biologics, BV",blk_00255,2,33
Janssen Cilag International N.V.,blk_00013,2,40
"Janssen RD, Ireland",blk_00235,2,5
Janssen Sciences Ireland Unlimited Company,blk_00235,2,5
Janssen Vaccines & Prevention B.V.,blk_00325,2,7
"Janssen-Cilag International, NV",blk_00013,2,40
Jazz Pharmaceuticals,blk_00428,2,7
Jens Brglum,blk_00956,2,2
Jerini AG,blk_01426,2,2
Johann Wolfgang Goethe Universitt,blk_01427,2,3
Johann Wolfgang Goethe-Universitt Frankfurt am Main,blk_00218,2,30
"Johnson  Johnson Healthcare Products Division of McNEIL-PPC, Inc.",blk_00475,2,5
"Johnson  Johnson Pharamceutical Research  Development, L.L.C.",blk_00854,2,10
Johnson & Johnson Enterprise Innovation Inc.,blk_00854,2,10
Johnson And Johnson Enterprise Innovation Inc.,blk_00854,2,10
Joint Research  Development Office QMUL,blk_01428,2,6
Joint Research Office,blk_01428,2,6
Jos Antonio Prez Simn,blk_01429,2,3
Juan Francisco Navarro Gonzlez,blk_01430,2,2
Justus Liebig Universitt Gieen,blk_01431,2,9
Justus-Liebig-Universitaet Giessen,blk_01431,2,9
Justus-Liebig-University Gieen,blk_01431,2,9
K.U. Leuven,blk_00022,2,39
"KAI Pharmaceuticals, Inc a subsidiary of Amgen, Inc.",blk_00011,2,15
KEDRION S.P.A,blk_00429,2,5
"KRKA, d.d., Novo mesto",blk_00860,2,9
"KRKA, tovarna zdravil, d. d., Novo mesto",blk_00860,2,9
KULeuven and University Hospitals Leuven Leuven Lung Transplant Group,blk_00205,2,24
Kalvista Pharmaceuticals Limited,blk_01432,2,4
Kantonsspital Baden AG,blk_01433,2,5
Karolinska Hospital,blk_00026,2,40
Karolinska institutet,blk_00026,2,40
Karolinska universitetssjukhuset,blk_00026,2,40
Katholieke Universiteit Leuven - Pharmacotechnology and Biopharmacy,blk_00857,2,2
Kedrion S.p.A.,blk_00429,2,5
"Kezar Life Sciences, Inc.",blk_01434,2,2
Kge Hospital,blk_00858,2,4
Kings College London / Guys and St. Thomas NHS Foundation Trust,blk_00019,2,40
Kings College London / Guys and St.Thomas NHS Foundation Trust,blk_00019,2,40
Kiniksa Pharmaceuticals GmbH,blk_01435,2,3
"Kiniksa Pharmaceuticals, Ltd.",blk_01435,2,3
"Kite Pharma, Inc",blk_00278,2,3
"Kite Pharma, Inc.",blk_00278,2,3
"Klinik fr Herz- und Kreislauferkrankungen, Deutsches Herzzentrum Mnchen",blk_00327,2,40
Klinikum der Technischen Universitaet Muenchen (TUM Klinikum),blk_00279,2,12
Klinikum der Universitaet Muenchen AoeR,blk_00279,2,12
Klinikum der Universitt Mnchen-Grohadern,blk_00327,2,40
Knowledge Centre for Rheumatology and Back Diseases,blk_01193,2,11
"Kowa Research Europe, Ltd.",blk_00386,2,7
Krankenhaus Nordwest gGmbH,blk_00534,2,4
"Kronos Bio, Inc.",blk_01436,2,2
KuDOS Pharmaceuticals Ltd. a member of the AstraZeneca group of companies,blk_00002,2,40
Kuopion yliopistollinen sairaala,blk_01394,2,6
Kyowa Kirin Pharmaceutical Development Ltd.,blk_00862,2,6
LAB Pharma Ltd,blk_01287,2,19
LABORATORIOS LETI,blk_00225,2,15
LABORATORIOS LETI S.L.U,blk_00225,2,15
"LABORATORIOS LETI, S.L.U",blk_00225,2,15
LANDSTINGET I STERGTLAND,blk_00393,2,9
LAVA Therapeutics N.V.,blk_01437,2,2
LEO PHARMA A/S,blk_00049,2,6
LFB SA,blk_00280,2,6
LOFARMA S.P.A.,blk_00431,2,3
LOREAL RECHERCHE,blk_01438,2,3
LWL University Hospital Bochum,blk_01439,2,3
"LWL University Hospital Bochum, Ruhr-University Bochum",blk_01439,2,3
Laboratoire GlaxoSmithKline,blk_00866,2,5
Laboratoires BOIRON,blk_00961,2,6
Laboratoires Expanscience,blk_01440,2,3
Laboratorios Farmaceuticos Rovi S.A.,blk_01441,2,3
"Laboratorios LETI, S.L.U",blk_00225,2,15
"Laboratorios LETI, S.L.Unipersonal",blk_00225,2,15
"Laboratorios Salvat, S.A.",blk_00710,2,3
Laboratorios Servier S.L.,blk_00027,2,25
Laboratorios del Dr. Esteve. S.A,blk_01442,2,10
Laboratoris Sanifit,blk_01443,2,2
Landspitali,blk_01444,2,5
Landspitali - The National University Hospital of Iceland,blk_01444,2,5
Landspitali University Hospital,blk_01444,2,5
Landstinget Vstmanland,blk_01445,2,2
Landstinget i stergtland,blk_00393,2,9
Lars Jrgen stergaard,blk_01446,2,2
Lead Chemical Company Ltd,blk_01447,2,3
Leiden University / Leiden University Medical Center,blk_00023,2,20
Les Hpitaux Universitaires de Strasbourg,blk_00162,2,6
Lilly  S.A.,blk_00009,2,38
Lilly S.A,blk_00009,2,38
LimmaTech Biologics AG,blk_00255,2,33
LiteVax B.V.,blk_01448,2,2
Ludwig Boltzmann Institut fr Retinologie und biomikroskopische Laserchirurgie,blk_01449,2,11
Ludwig Institute for Cancer Research,blk_01449,2,11
Lumena Pharmaceuticals LLC,blk_01058,2,2
"Lumos Pharma, Inc.",blk_01450,2,3
Lung LLC,blk_01338,2,4
Lupin Atlantis Holdings SA,blk_01059,2,5
Lupin Europe GmbH,blk_01059,2,5
Luye Pharma Switzerland AG,blk_01451,2,2
Lymphoma Academic Research Organisation,blk_00437,2,22
"Lyra Therapeutics, Inc.",blk_01452,2,2
MB PHARMA s.r.o.,blk_01453,2,2
MC2 Therapeutics Ltd.,blk_01454,2,4
MDM S.P.A.,blk_01455,2,2
MDM S.p.A.,blk_01455,2,2
MEDA Pharma GmbH & Co. KG,blk_01062,2,8
MEDDAY PHARMACEUTICALS,blk_01063,2,3
MENARINI Benelux NV/SA,blk_01456,2,2
MENARINI RICERCHE S.p.A,blk_00115,2,7
MERCK SERONO SPA,blk_00300,2,40
MERCK SHARP  DOHME CORP. UNA SUSSIDIARIA DI MERCK  CO. INC.,blk_00005,2,40
MOLTENI,blk_01457,2,2
MSD,blk_01065,2,12
MSD ITALIA S.R.L.,blk_01065,2,12
MUMC+,blk_00473,2,3
MUNDIPHARMA RESEARCH LIMITED,blk_00238,2,19
MaaT PHARMA,blk_01458,2,3
Maastro Clinic,blk_01061,2,4
Mabion S.A.,blk_01459,2,2
Macrogenics Inc.,blk_00474,2,2
Madaus GmbH,blk_00711,2,3
Madrigal Pharmaceuticals Inc.,blk_01460,2,2
Mads Werner,blk_01461,2,2
Maia Biotechnology Inc.,blk_01462,2,2
Manchester Mental Health and Social Care Trust,blk_00264,2,40
Marinomed Biotechnologie GmbH,blk_00844,2,4
Martina Hansens Hospital,blk_01463,2,2
Matti Eskelinen,blk_01464,2,2
Max Planck Institute of Psychiatry,blk_01068,2,3
Max-Planck-Institute of Psychiatry,blk_01068,2,3
Maxima MC,blk_00240,2,3
Mc2 Therapeutics Limited,blk_01454,2,4
McMaster University,blk_01465,2,2
"Med. Klinik II, Grosshadern, Klinikum der Universitt Mnchen",blk_00327,2,40
"Med. Univ. Wien, Klinik fr klinische Pharmakologie",blk_00113,2,40
"Med. Univ. Wien, Universittsklinik fr Ansthesie, Allgemeine Intensivmedizin und Schmerztherapie",blk_00113,2,40
"MediWound, Ltd.",blk_01070,2,5
Medibiofarma S.L.,blk_01466,2,2
Medica Scientia Innovation Research MEDSIR,blk_00175,2,11
Medica Scientia Innovation Research S.L. MEDSIR,blk_00175,2,11
Medical Centre Haaglanden,blk_01467,2,3
Medical Centre Leeuwarden,blk_01468,2,2
Medical Developments International Limited,blk_01371,2,3
"Medical Faculty, Otto-von-Guericke University",blk_01071,2,20
"Medical Faculty, TU Dresden",blk_00181,2,18
"Medical Faculty, University Magdeburg",blk_01071,2,20
Medical University Of Silesia Katowice Poland,blk_01469,2,2
Medical University of Innsbruck,blk_00282,2,40
Medical University of Vienna MUW,blk_00041,2,40
"Medical University of Vienna, Department for Internal Medicine III, Division of Rheumatology",blk_00041,2,40
"Medical University of Vienna, Department of Internal medicine I",blk_00041,2,40
"Medical University, Dpt. Internal Medicin, Division of General Inteal Medicine",blk_01470,2,7
"Medical University, Dpt. Internal Medicine, Div. of General Internal Medicine",blk_01470,2,7
"Medicinsk Forskning, Regionshospitalet Holstebro, Hospitalsenheden Vest",blk_01004,2,8
"Medicinsk Forskningsafsnit, Regionshospitalet Holstebro Department of Medical Research, Regional Hospital Holstebro",blk_01004,2,8
Medisch Centrum Haaglanden,blk_00108,2,18
"Medivation, Inc., a wholly owned subsidiary of Pfizer Inc.",blk_00010,2,40
Medizinische Fakultaet der Technischen Universitaet Muenchen,blk_00279,2,12
Medizinische Fakultt der Martin-Luther-Universitt Halle-Wittenberg,blk_00329,2,14
"Medizinische Fakultt der TU-Mnchen, vertreten durch den Dekan",blk_00327,2,40
Medizinische Fakultt der Technischen Universitt Mnchen,blk_00327,2,40
"Medizinische Fakultt der Technischen Universitt Mnchen, Vertreten durch den Dekan",blk_00327,2,40
Medizinische Fakultt der Universitt Bonn,blk_00440,2,14
Medizinische Fakultt der technischen Universitt Muenchen,blk_01471,2,3
Medizinische Hochschule Hannover MHH,blk_00169,2,11
Medizinische Universitt Graz / Endokrinologie und Stoffwechsel,blk_00112,2,40
Medizinische Universitt Graz Universittsklinik fr Innere Medizin Abteilung fr Endokrinologie und Stoffwechsel,blk_00112,2,40
Medizinische Universitt Graz Universittsklinik fr InnereMedizin Abteilung fr Endokrinologie und Stoffwechsel,blk_00112,2,40
Medizinische Universitt Innsbruck / Univ.-Klinik fr Allgemeine und Chirurgische Intensivmedizin,blk_00282,2,40
"Medizinische Universitt Innsbruck, Institut fr Virologie",blk_00282,2,40
"Medizinische Universitt Innsbruck, Universittsklinik fr Innere Medizin I",blk_00282,2,40
Medizinische Universitt Wien Universittsklinik fr Klinische Pharmakologie,blk_00113,2,40
"Medizinische Universitt Wien, Abteilung fr Herzchirurgie",blk_00113,2,40
"Medizinische Universitt Wien, KIM III, Abteilung fr Nephrologie",blk_00113,2,40
"Medizinische Universitt Wien, Klinik fr Innere Medizin III, Abteilung fr Gastroenterologie und Hepatologie",blk_00113,2,40
"Medizinische Universitt Wien, Univ. Klinik fr Ansthesie, Allg. Intensivmedizin u Schmerztherapie",blk_00113,2,40
"Medizinische Universitt Wien, Univ.Klinik f.Frauenheilkunde,Abt. f.Gynkologie und Gyn.Onkologie",blk_00113,2,40
"Medizinische Universitt Wien, Univ.Klinik fr Dermatologie",blk_00113,2,40
"Medizinische Universitt Wien, Univ.Klinik fr Innere Medizin III, Abt.f.Endokrinologie und Stoffwechsel",blk_00113,2,40
"Medizinische Universitt Wien, Universittsklinik fr Augenheilkunde",blk_00113,2,40
"Medizinische Universitt Wien, Universittsklinik fr Innere Medizin 3, Abteilung fr Gastroenterologie und Hepatologie",blk_00113,2,40
"Medizinische Universitt Wien, Universittsklinik fr Innere Medizin III",blk_00113,2,40
"Medizinische Universitt Wien, univ. Klinik f. Dermatologie",blk_00113,2,40
Meiji Seika Pharma Co. Ltd.,blk_01472,2,2
MeiraGTx UK II Ltd,blk_01073,2,4
Mekos Laboratories,blk_01473,2,2
Memorial Sloan Kettering Cancer Center,blk_01474,2,3
Menarini International Operation Luxembourg SA,blk_00609,2,15
"Menarini International Operations Luxembourg S.A., Avenue de la Gare, 1611 Luxembourg, Luxembourg",blk_00609,2,15
"Merck  Co Inc.,",blk_00005,2,40
"Merck Corporation, Inc.",blk_00005,2,40
Merck Generics,blk_01475,2,5
Merck Serono,blk_00300,2,40
Merck Serono S.A.,blk_00300,2,40
Merck Serono S.A. Geneva,blk_00300,2,40
Merck Serono SA - Geneva,blk_00300,2,40
"Merck Sharp  Dohme Corp. a subsidiary of Merck  Co., Inc",blk_00005,2,40
"Merck Sharp  Dohme Corp., a Subsidiary of Merck  Co. Inc.",blk_00005,2,40
"Merck Sharp  Dohme Corp., a subsidiary of Merck  Co., Inc. hereafter referred to as",blk_00005,2,40
"Merck Sharp  Dohme Corp., a subsidiary of Merck  Co., Inc. hereafter referred to as the SPONSOR or Merck",blk_00005,2,40
"Merck Sharp  Dohme Corp., a subsidiary of Merck Co.,Inc",blk_00005,2,40
Merck Sharp  Dohme Ltd,blk_00005,2,40
Merck Sharp & Dohme LLC / Merck Sharp & Dohme LLC,blk_00005,2,40
"Merck, S.L.",blk_00005,2,40
"Merck, Sharp  Dohme",blk_00005,2,40
Merrimack Pharmaceuticals Inc.,blk_00715,2,3
Merus N.V.,blk_00872,2,2
Merz Therapeutics GmbH,blk_00087,2,4
Michael Patrick,blk_01476,2,2
Mikko Pitknen,blk_01477,2,4
"Millendo Therapeutics, Inc.",blk_01478,2,3
"Millennium Pharmaceuticals, Inc, a wholly owned subsidiary of Takeda",blk_00147,2,10
Miltenyi Biotec GmbH,blk_00435,2,2
"Minerva Neurosciences, Inc.",blk_01479,2,3
Minervax ApS,blk_01480,2,2
"Mirati Therapeutics, Inc.",blk_00611,2,2
Mitsubishi Pharma Corporation,blk_00350,2,10
Mitsubishi Tanabe Pharma Corporation / KUREHA CORPORATION,blk_00350,2,10
"Mitsubishi Tanabe Pharma Development America MTDA, Inc.",blk_00350,2,10
"Mitsubishi Tanabe Pharma Development America, Inc.",blk_00350,2,10
Moderna Therapeutics Inc.,blk_00476,2,2
Modra Pharmaceuticals B.V.,blk_01481,2,2
MolMed S.p.A.,blk_00328,2,4
Moleculin Biotech Inc.,blk_01482,2,2
Mona Ring Gtke,blk_01483,2,2
Monash University,blk_01484,2,4
Montreal Heart Institute,blk_01485,2,4
Morphotek Inc.,blk_01078,2,5
Ms Science Corporation,blk_01486,2,3
"Multidisciplinary Pain Center 7612, Rigshospitalet",blk_00014,2,40
Mundipharma GmbH,blk_00238,2,19
Mundipharma Pharmaceuticals B.V.,blk_00238,2,19
Mylan Inc.,blk_01066,2,8
"Myogen, Inc",blk_01487,2,2
NAVARRBIOMED-FUNDACION MIGUEL SERVET,blk_01079,2,2
NEC Bio Therapeutics GmbH,blk_01488,2,2
NERVIANO MEDICAL SCIENCES SRL,blk_00389,2,5
NEWRON PHARMACEUTICALS,blk_00613,2,6
"NGM Biopharmaceuticals, Inc.",blk_01489,2,2
NHS Grampian,blk_00499,2,9
"NHS Grampian, Aberdeen Royal Infirmary",blk_00499,2,9
NHS Greater Glasgow  Clyde,blk_00301,2,40
NKI-AvL,blk_00137,2,3
NOGGO e.V.,blk_01490,2,2
NOVARTIS FARMA S.p.A,blk_00001,2,40
NOVARTIS FARMA S.p.A.,blk_00001,2,40
"NOVARTIS FARMACEUTICA, S.A",blk_00001,2,40
NOVARTIS PHARMA SAS,blk_00001,2,40
NOVO NORDISK,blk_00003,2,20
NPS Allelix Corporation,blk_00539,2,2
NVALT,blk_01135,2,5
"NanoCarrier Co, Ltd",blk_01491,2,3
Narodowy Instytut Onkologii Im. Marii Sklodowskiej-Curie-Panstwowy Instytut Badawczy,blk_00224,2,8
National Cancer Institute,blk_00093,2,29
National Institute for Public Health and the Environment,blk_01083,2,3
"National Institute for Public Health and the Environment RIVM, the Netherlands",blk_00544,2,10
"National Institute of Public Health and Environment RIVM, the Netherlands",blk_00544,2,10
National University of ireland Galway,blk_00675,2,14
NeRRe Therapeutics Ltd,blk_01492,2,3
Neolab Ltd,blk_01085,2,3
Neurim Pharmaceuticals 1991 Ltd,blk_01493,2,4
Neurim Pharmaceuticals 1991 Ltd.,blk_01493,2,4
NeuroSearch A/S,blk_01494,2,2
Neuroderm Ltd.,blk_01087,2,2
NewAmsterdam Pharma BV,blk_00719,2,2
Newcastle-upon-Tyne Hospitals NHS Trust,blk_00179,2,21
NextCell Pharma,blk_01495,2,2
Ngm Biopharmaceuticals Inc.,blk_01489,2,2
Nimes University Hospital,blk_00265,2,7
Nina Olofsson,blk_01496,2,2
Noordwest Ziekenhuisgroep,blk_01497,2,2
Nordic Bioscience A/S,blk_00437,2,22
Nordic Society for Gynecologic Oncology,blk_01498,2,12
Nordsjllands Hospital,blk_01499,2,6
Nordsjllands Hospital Hillerd,blk_01499,2,6
"Nordsjllands Hospital, Department of Cardiology, Nephrology and Endocrinology",blk_00989,2,15
North Bristol NHS Trust NBT,blk_01500,2,3
North West London Hospitals NHS Trust,blk_01277,2,8
Norwegian Institute of Public Health,blk_00615,2,4
Norwegian University of Science and Technology,blk_00615,2,4
Norwegian University of Science and Technology NTNU,blk_00990,2,7
Noscira S.A.,blk_01501,2,2
Nottingham University,blk_00060,2,19
NovaCardia Inc wholly owned subsidiary of Merck  Co. Inc,blk_01502,2,33
Novartis  Pharma Services AG,blk_00001,2,40
Novartis Farmacetica S.A.,blk_00001,2,40
Novartis Finland Oy,blk_00001,2,40
Novartis Healthcare A/S,blk_01503,2,28
Novartis Pharma  AG,blk_01503,2,28
Novartis Vaccines  Diagnostics AG,blk_01503,2,28
Novartis Vaccines Institute for Global Health NVGH,blk_01503,2,28
Novartis Vaccines and Diagnostics GmbH  Co KG,blk_01503,2,28
Novartis Vaccines and Diagnostics Limited,blk_01503,2,28
Novartis Vaccines and Diagnostics s.r.l,blk_01503,2,28
Novartis Vaccines and Diagnostics s.r.l.,blk_01503,2,28
Novo Nordisk AS,blk_00003,2,20
Novo Nordisk Pharma S.A.,blk_00003,2,20
Novo Nordisk Pharmaceutique S.A.S,blk_00003,2,20
Nrodn stav duevnho zdrav,blk_00720,2,3
Ns Pharma Inc.,blk_01081,2,2
Nstved Hospital,blk_00988,2,12
Ntc S.r.l.,blk_01082,2,3
Nutrition Science Partners Limited,blk_00292,2,3
Nycomed Danmark Aps,blk_00478,2,10
OM PHARMA SA,blk_00616,2,4
OMEQUI,blk_01504,2,2
OMNINVEST Kft.,blk_00302,2,2
OMNIVISION GmbH,blk_00541,2,4
OMRIX biopharmaceuticals Ltd,blk_01096,2,3
ONCOSUR,blk_01368,2,5
"ONO Pharmaceutical Co., Ltd.",blk_00879,2,5
"OSI Eyetech, Inc",blk_01505,2,7
OSI Pharmaceuticals LLC,blk_01505,2,7
"OSI Pharmaceuticals, Inc.",blk_01505,2,7
OSPEDALE CLASSIFICATO EQUIPARATO SACRO CUORE DON CALABRIA - PRESIDIO OSPEDALIERO ACCREDITATO,blk_00878,2,7
OSPEDALE FATEBENEFRATELLI E OFTALMICO DI MILANO,blk_01506,2,2
OSPEDALE SANTA MARIA DELLA MISERICORDIA,blk_01188,2,2
OVATION PHARMACEUTICALS INC,blk_01507,2,3
OYS,blk_01508,2,3
"Ocera Therapeutics, Inc.",blk_01509,2,2
Octapharma Pharmazeutika Produktionsges.m.b.H,blk_00128,2,7
Oculis Operations S.a.r.l.,blk_01510,2,2
Oculis ehf.,blk_01510,2,2
"Odonate Therapeutics, Inc.",blk_01511,2,2
Omnivision GmbH,blk_00541,2,4
"On Target Laboratories, LLC",blk_01512,2,2
OncoGenex Technologies Inc.,blk_01513,2,2
"OncoGenex Technologies, Inc.",blk_01513,2,2
OncoVerity Inc.,blk_01514,2,2
Oncoinvent ASA,blk_01515,2,2
Oncoinvent Solutions AS,blk_01515,2,2
Oncology Venture Aps,blk_01516,2,2
Oncolytics Biotech Inc,blk_01517,2,2
Oncolytics Biotech Inc.,blk_01517,2,2
Oncomatryx Biopharma S.A.,blk_01518,2,2
Oncomatryx Biopharma S.L.,blk_01518,2,2
Opthea Limited,blk_01519,2,2
Opthea Ltd,blk_01519,2,2
"OptiNose US, Inc",blk_01520,2,5
"OptiNose US, Inc.",blk_01520,2,5
"Orion Corporation, ORION PHARMA, 02200 Espoo, Finland",blk_00256,2,8
Orphan Europe SARL,blk_01391,2,5
"Ortho-McNeil Janssen Scientific Affairs, LLC",blk_00475,2,5
Orthopdisches Spital Speising,blk_01521,2,2
Orthopedic Research in Aarhus,blk_00036,2,40
Oryx GmbH  Co. KG,blk_01522,2,3
Oslo Universitetssykehus,blk_01523,2,5
Oslo University Hospital - Rikshospitalet,blk_01524,2,6
Oslo University Hospital Hf / Oslo University Hospital Hf,blk_00047,2,36
Oslo University Hospital OUS,blk_01525,2,2
Oslo University Hospital Rikshospitalet,blk_01524,2,6
Osmotica Pharmaceutical Corp.,blk_01526,2,2
Osmotica Pharmaceutical US LLC,blk_01526,2,2
Ospedale San Raffaele S.r.l. / Ospedale San Raffaele S.r.l.,blk_00051,2,19
Otsuka Pharmaceutical Development And Commercialization Inc.,blk_00063,2,13
Otto-von-Guericke University,blk_01071,2,20
Oulun yliopisto,blk_01527,2,3
Oxford Radcliffe Hospitals NHS trust,blk_00025,2,35
Oxford University,blk_00025,2,35
Oy Eli Lilly Finland Ab,blk_00009,2,38
PAION Deutschland GmbH,blk_01101,2,3
"PDL BioPharma, Inc",blk_01102,2,4
PENTA Foundation,blk_01343,2,8
"PFIZER, S.A.",blk_00010,2,40
PHARM  Pharmaceutical Research Management srl,blk_01163,2,2
PHARMATHEN,blk_01528,2,4
PHILOGEN S.P.A.,blk_00131,2,4
PHT SPA,blk_01529,2,2
PIERRE FABRE DERMATOLOGIE,blk_00056,2,33
PIERRE FABRE DERMATOLOGIE represented by INSTITUT DE RECHERCHE PIERRE FABRE,blk_00056,2,33
PIERRE FABRE MEDICAMENT - IDPF,blk_00056,2,33
PIERRE FABRE PHARMA,blk_00056,2,33
PLETHORA SOLUTIONS LIMITED,blk_00724,2,3
PLIVA Hrvatska d.o.o.,blk_01530,2,3
POXEL S.A.,blk_01531,2,4
"PROF.BRUNANGELO FALINI,DR.SSA MARIA PAOLA MARTELLI,UNIVERSITA DI PERUGIA",blk_00770,2,8
"PTC THERAPEUTICS, INC.",blk_00283,2,6
Palleos healthcare GmbH,blk_01532,2,2
Pantec Biosolutions AG,blk_01533,2,2
Paratek Pharma LLC,blk_01534,2,2
Parnassia Bavo Groep - PsyQ,blk_01535,2,2
Parnassia Groep B.V.,blk_01535,2,2
Pascoe pharmazeutische Prparate GmbH,blk_01536,2,4
"Patara Pharma, LLC",blk_01537,2,2
PeP-Tonic Medical AB,blk_01538,2,2
Pentixapharm AG,blk_01539,2,2
"Peter Wolf MD, Department of Dermatology, Medical University of Graz",blk_00112,2,40
Pethema Fundacion,blk_00160,2,11
Pfizer,blk_01540,2,40
"Pfizer Inc - 235 East 42nd Street, New York, NY 10017",blk_01540,2,40
"Pfizer Inc 235 East 42nd Street New York, NY 10017",blk_01540,2,40
"Pfizer Inc 235 East 42nd Street, New York, New York 10017",blk_01540,2,40
"Pfizer Inc,East 42nd street,New york, NY10017, USA",blk_01540,2,40
"Pfizer Inc., 235 East 42nd Street, New York, NY 10017, USA",blk_01540,2,40
"Pfizer Inc., 235 East 42nd Street, New York, New York",blk_01540,2,40
"Pfizer Inc.,235 East 42nd Street, New York, NY 10017",blk_01540,2,40
"Pfizer Limited, Ramsgate Road, Sandwich, Kent CT13 9NJ, UK",blk_01540,2,40
"Pfizer Ltd, Ramsgate Road, Sandwich, Kent, CT13 9NJ, UK",blk_01540,2,40
"Pfizer Ltd, Ramsgate Road, Sandwich, Kent. UK",blk_01540,2,40
"Pfizer Ltd, Ramsgate Road,Sandwich,Kent CT13 9NJ",blk_01540,2,40
"Pfizer Ltd., Ramsgate Road, Sandwich, Kent, CT13 9NJ, UK",blk_01540,2,40
Pfizer N.V./S.A.,blk_01540,2,40
Pfizer S.A,blk_01540,2,40
Pfizer S.A. Belgium,blk_00865,2,10
Pfizer SA,blk_01540,2,40
"Pfizer, S.A",blk_01540,2,40
Pharma Mar S.A. Sociedad Unipersonal,blk_00206,2,34
"Pharma Mar S.A., Sociedad Unipersonal",blk_00206,2,34
Pharmaxis Ltd.,blk_01106,2,5
Pharmaxis UK Limited,blk_01106,2,5
Pharmion GmbH,blk_01107,2,2
Philogen S.p.A,blk_00131,2,4
PhotoCure ASA,blk_00723,2,2
Photonamic GmbH & Co. KG,blk_00763,2,2
Photopharmica Ltd,blk_01541,2,2
Pierre Fabre Dermo-Cosmtique,blk_00056,2,33
"Pierre Fabre Ibrica, S.A.",blk_00056,2,33
Pierre Fabre Mdicament - IRPF,blk_00056,2,33
"Plastikkirurgisk og brystkirurgisk afdeling, Region Sjlland",blk_01542,2,3
Plethora Solutions Ltd,blk_00724,2,3
Pliant Therapeutics Inc.,blk_01543,2,2
Plymouth Hospital NHS Trust,blk_00352,2,6
"Polaris Pharmaceuticals, Inc.",blk_01544,2,2
Polichem SA,blk_00885,2,3
PolyPid Ltd.,blk_01545,2,2
Polyphor AG,blk_00886,2,3
Population Health Research Institute PHRI,blk_00887,2,4
Portola Pharmaceuticals Inc.,blk_01109,2,3
Poxel,blk_01531,2,4
Poxel S.A.,blk_01531,2,4
Prestige Biopharma Ltd,blk_01546,2,3
Princess Mxima Center for Pediatric Oncology,blk_00888,2,8
Princess Mxima Center for pediatric oncology,blk_00888,2,8
Principia Biopharma Inc.,blk_01547,2,4
ProQR Therapeutics,blk_00725,2,3
Procter  Gamble Technical Centres Limited,blk_00391,2,8
Prof. Dr. Kristian Reich,blk_01548,2,2
"Prof., dr. med. Anders Fink-Jensen",blk_01549,2,2
Profil Mainz GmbH  Co KG,blk_00486,2,5
Prometic Biotherapeutics Ltd,blk_01550,2,4
"Protagonist Therapeutics, Inc",blk_01551,2,3
"Protagonist Therapeutics, Inc.",blk_01551,2,3
PsiOxus Therapeutics Ltd,blk_01552,2,3
Psykiatrisk Center Gentofte,blk_00234,2,29
Public Health Agency of Sweden,blk_00380,2,3
Puma Biotechnology Inc.,blk_00727,2,3
Q-med AB,blk_00662,2,6
Qilu Pharmaceutical Co. Ltd.,blk_01553,2,2
Queen Victoria Hospital NHS Foundation Trust,blk_01554,2,7
"R and D Department, Cardiff and the Vale NHS Trust",blk_00071,2,9
R-Pharm International LLC,blk_01299,2,17
REGIONE LOMBARDIA - DIREZIONE GENERALE SANITA,blk_01555,2,2
REPHA GmbH Biologische Arzneimittel,blk_00489,2,3
RESPIRENT Pharmaceuticals,blk_01556,2,3
ROCHE FARMA S.A.,blk_00226,2,40
ROTTAPHARM / ROTTA RESEARCH LABORATORIUM,blk_01121,2,8
ROTTAPHARM S.P.A.,blk_01121,2,8
Radboud UMC,blk_00042,2,36
Radboud university medical centre,blk_00061,2,31
Radius Health Inc.,blk_01557,2,5
"Radius Health, Inc.",blk_01557,2,5
ReViral Ltd.,blk_01558,2,2
Reade revalidatie & reumatologie centrum te Amsterdam,blk_00890,2,4
Reckitt Benckiser Healthcare,blk_00353,2,17
Reckitt Benckiser Healthcare UK,blk_00353,2,17
Recordati Rare Diseases,blk_00730,2,11
Redx Pharma Plc,blk_01559,2,2
"Regeneron Pharmaceuticals, Inc",blk_00040,2,4
Regent Medical,blk_00947,2,2
Region Sjaelland / Reponex Pharmaceuticals A/S,blk_00392,2,3
Region Stockholm,blk_00731,2,6
"Rempex Pharmaceuticals, Inc.",blk_01560,2,2
Rennes University Hospital,blk_00412,2,14
Repare Therapeutics USA Inc.,blk_01561,2,2
Replimune Inc.,blk_00733,2,2
"Research Innovation Services, University of Nottingham",blk_00060,2,19
Research and Development Nottingham University Hospital,blk_00060,2,19
Research and Innovation Services,blk_00175,2,11
Respiratory and Allergy Research Unit,blk_01562,2,3
Respirent Pharmaceuticals Co. Ltd.,blk_01556,2,3
RevImmune,blk_01563,2,2
ReveraGen BioPharma Inc.,blk_01119,2,2
Revotar Biopharmaceuticals AG,blk_01564,2,2
Rezolute Inc.,blk_01565,2,2
Rheinische Friedrich Wilhelms Universitaet Bonn,blk_00440,2,14
Rhythm Pharmaceuticals Inc.,blk_00546,2,3
Riga Stradins University,blk_00883,2,2
Rigshospitalet Glostrup,blk_00014,2,40
"Rigshospitalet, Capital Region Bloodbank 2034, Section for Transfusion Medicine",blk_00014,2,40
"Rigshospitalet, Department of Clinical Physiology, Nuclear Medicine  PET",blk_00014,2,40
Rijnstate,blk_00491,2,9
Rijnstate Ziekenhuis Stichting,blk_00491,2,9
Rijnstate ziekenhuis,blk_00491,2,9
Rikshospitalet,blk_01524,2,6
River 2 Renal Corp.,blk_01566,2,3
River 3 Renal Corp.,blk_01566,2,3
Roche Farma S.A,blk_00226,2,40
"Roche Farma, S.A. en nombre de F. Hoffmann-La Roche Ltd",blk_00006,2,40
Roche Magyarorszg Kft.,blk_01567,2,2
Roche Pharma Schweiz AG,blk_00518,2,2
Roche Slovensko s.r.o.,blk_01568,2,3
Roessingh Research and Development,blk_01569,2,3
Rokote Laboratories Finland Oy,blk_01065,2,12
Rottapharm SpA,blk_01121,2,8
Rouen University Hospital,blk_00167,2,13
Royal Bournemouth Hospital,blk_01570,2,3
Royal Brompton  Harefield NHS Foundation Trust,blk_00548,2,8
Royal Brompton and Harefield NHS Trust,blk_00548,2,8
Royal Cornwall Hospitals NHS Trust,blk_01571,2,2
Royal Devon  Exeter NHS Foundation Trust,blk_00735,2,8
Royal Group Hospitals,blk_00191,2,27
"Royal Hospital For Sick Children, Yorkhill Division",blk_01572,2,7
Royal Liverpool University Hospital / Liverpool School of Tropical Medicine,blk_00244,2,40
Royal Liverpool and Broadgreen University Hospitals NHS Trust,blk_00244,2,40
Royal Marsden NHS Trust,blk_00191,2,27
Royal Victoria Eye and Ear hospital,blk_01554,2,7
Royal Wolverhampton Hospitals Trust,blk_01573,2,4
"Ruprecht-Karls-University Heidelberg, Med Faculty represented by Universittsklinikum Heidelberg and its Commercial D",blk_00338,2,40
"Ruprecht-Karls-University Heidelberg, Medical Faculty",blk_00338,2,40
"Ruprecht-Karls-University Heidelberg, Medical Faculty represented by Universittsklinikum Heidelberg and its Commercial",blk_00338,2,40
"Ruprecht-Karls-University Heidelberg, Medical Faculty represented by University Hospital Heidelberg",blk_00338,2,40
S.I.C.O.G. ONLUS,blk_00141,2,11
SANOFI-AVENTIS OTC,blk_00764,2,18
SANOFI-AVENTIS RECHERCHE E DEVELOPPEMENT,blk_00024,2,40
SANOFI-AVENTIS S.P.A,blk_00024,2,40
SANTEN SAS,blk_00396,2,7
SCHWARZ PHARMA Deutschland GmbH,blk_00334,2,7
SIFI,blk_01574,2,2
SOCIET INDUSTRIA FARMACEUTICA ITALIANA SIFI SPA,blk_00214,2,11
SOCIET ITALO BRITANNICA L. MANETTI - H. ROBERTS  C. PER AZIONI,blk_01575,2,2
SOCIETA ITALIANA DI REUMATOLOGIA - SIR,blk_01576,2,8
SOFAR S.P.A.,blk_00303,2,2
SOGUG,blk_01577,2,11
SOGUG - Spanish Oncology Genitourinary Group,blk_01577,2,11
SOGUG Spanish Genitourinary Oncologic Group,blk_01577,2,11
SOGUG Spanish Oncology Genitourinary Group,blk_01577,2,11
STEBA BIOTECH,blk_01578,2,5
STEBA BIOTECH SA,blk_01578,2,5
STRAGEN France / ChemGenex Pharmaceuticals Ltd.,blk_01137,2,2
SUN Pharmaceuticals Global FZE,blk_00089,2,23
"Sage Therapeutics, Inc.",blk_01124,2,3
Sahlgrenska universitetssjukhuset,blk_00180,2,28
Salix Pharmaceuticals Inc,blk_01579,2,5
Salix Pharmaceuticals Inc.,blk_01579,2,5
"Salix Pharmaceuticals, Inc.",blk_01579,2,5
Sanofi Aventis Groupe SAG,blk_00764,2,18
Sanofi Aventis Recherche  Developpement,blk_00024,2,40
Sanofi Pasteur Incorporated,blk_00132,2,17
Sanofi Pasteur MSD SNC,blk_00132,2,17
Sanofi Winthrop Industrie,blk_01580,2,2
Sanofi aventis recherche  dveloppement,blk_00033,2,40
Sanofi-Aventis Deutschland GmbH,blk_00764,2,18
Sanofi-Aventis Recherche et Dveloppement,blk_00033,2,40
Sanofi-Aventis recherche  dveloppement,blk_00033,2,40
Sanofi-Synthelabo Rt.,blk_00333,2,10
Sanofi-aventis RD,blk_00033,2,40
Sanofi-aventis U.S. Inc.,blk_00024,2,40
Sanofi-aventis recherche and developpement,blk_00024,2,40
Sanquin Plasma Products,blk_01581,2,2
Santaris Pharma A/S,blk_01582,2,2
Santhera Pharmaceuticals (Schweiz) AG,blk_00492,2,9
SantoSolve A/S,blk_01583,2,3
Santosolve A/S,blk_01583,2,3
"Sarepta Therapeutics, Inc",blk_00550,2,3
Scandinavian Sarcoma Group,blk_00383,2,6
Schering Oy,blk_00170,2,31
Scholar Rock Inc.,blk_01584,2,2
"Scholar Rock, Inc.",blk_01584,2,2
"Section for Surgical Pathophysiology, Rigshospitalet",blk_00014,2,40
"Serono Espaa, S.A.",blk_01585,2,8
Serono GmbH,blk_00300,2,40
Serumwerk Bernburg AG,blk_01586,2,3
"Service de Neurologie, CHU Lige",blk_00369,2,8
"Service of Neurology, CHU Liege",blk_00579,2,15
Servicio de Anestesiologa y Reanimacin,blk_01587,2,4
Servicio de Infecciones. Hospital Clnic de Barcelona,blk_01588,2,8
Sheffield Teaching Hospitals,blk_00074,2,13
Shionogi Ltd.,blk_00397,2,7
"Shionogi USA, Inc.",blk_00397,2,7
Shire HGT Inc,blk_00286,2,30
Shire Human Genetic Therapies Inc.,blk_00096,2,20
"Shire Human Genetic Therapies, Inc",blk_00096,2,20
Shire Pharmaceuticals Ireland Limited,blk_00286,2,30
Shire ViroPharma Incorporated,blk_00286,2,30
Sigma Tau  Industrie Farmaceutiche Riunite S.p.A.,blk_00394,2,6
Sigma-Tau i.f.r. S.p.A.,blk_00394,2,6
Sirtris Pharmaceuticals Inc.,blk_01589,2,2
SkyePharma AG,blk_01590,2,3
"SkyePharma, Inc.",blk_01590,2,3
Slotervaart Hospital,blk_01591,2,2
"Snderjylland Hospital, department of neurology",blk_01592,2,2
Sobi Inc.,blk_01593,2,2
Sociedad Espaola de Farmacia Hospitalaria,blk_00896,2,8
Solvay Biologicals BV,blk_00441,2,13
"Soria Natural, S.A.",blk_01594,2,2
Sorlandet Sykehus HF,blk_00047,2,36
South Manchester University Hospital,blk_00264,2,40
South Tees Acute Hospitals NHS Trust,blk_00897,2,7
Southampton University Hospitals Trust,blk_00183,2,20
Spanish Oncology Genitourinary Group - SOGUG,blk_01577,2,11
"Sren H. Sindrup, Department of Neurology, Odense University Hospital",blk_00028,2,40
St Eriks Eye Hospital,blk_01595,2,6
St Olavs Hospital Trondheim University Hospital,blk_01133,2,8
St. Anna Childrens Cancer Research Institute GmbH,blk_00646,2,13
St. Elisabeth Gruppe GmbH Katholische Kliniken Rhein-Ruhr,blk_01596,2,4
St. Vincents University Hospital,blk_01597,2,3
Stallergenes,blk_00494,2,8
Stallergenes S.A,blk_00494,2,8
Steba Biotech S.A.,blk_01578,2,5
Steno Diabetes Center A/S,blk_00171,2,14
Stichting NVALT Studies,blk_01135,2,5
Stiefel Laboratories,blk_01136,2,8
Stiefel Laboratories International Division,blk_01136,2,8
Stiefel Laboratories Maidenhead Ltd,blk_01136,2,8
Stockholms Lns Landsting,blk_01598,2,11
Substipharm,blk_01599,2,3
"Sucampo Pharma Americas, Inc.",blk_00046,2,38
"Sumitomo Dainippon Pharma Co., Ltd.",blk_00985,2,8
Sumitomo Pharma Co. Ltd.,blk_00985,2,8
Sun Pharma Advanced Research Company SPARC Limited,blk_00089,2,23
Sunovion Pharmaceuticals Inc,blk_00241,2,6
"Sunovion Pharmaceuticals, Inc.",blk_00241,2,6
"Supernus Pharmaceuticals, Inc.",blk_01600,2,2
Sussex NHS Research Consortium,blk_00967,2,8
Swedish Institute for Infectious Disease Control,blk_01601,2,3
Swedish Orphan Biovitrum AB,blk_00554,2,13
Swedish Orphan Biovitrum AB publ.,blk_00554,2,13
Swedish Orphan Biovitrum AG,blk_00554,2,13
Sylentis,blk_01602,2,5
Sylentis S.A.U.,blk_01602,2,5
Synektik S.A.,blk_01142,2,2
SyneuRx International Taiwan Corp,blk_01603,2,2
Synta Pharmaceuticals Corp.,blk_01604,2,5
Synthon BV,blk_01605,2,2
TAYS Sydnkeskus Oy,blk_01606,2,5
TB Investigation Unit of Barcelona,blk_01607,2,2
TESARO Inc.,blk_00630,2,3
TEVA Pharmaceutical Industries Ltd.,blk_00089,2,23
THERABEL LUCIEN PHARMA,blk_01412,2,2
TIBOTEC PHARMACEUTICALS LTD.,blk_00242,2,7
TRB CHEMEDICA INTERNATIONAL SA,blk_01608,2,2
Taiho Oncology Inc,blk_00176,2,11
Takeda Development Centre Europe Limited,blk_00046,2,38
"Takeda Global Research  Development Centre Europe Limited,",blk_00046,2,38
"Takeda Global Research  Development Centre Europe Ltd.,",blk_00046,2,38
Takeda Global Research and Development Centre Europe Ltd.,blk_00046,2,38
Tampereen yliopistollinen sairaala,blk_01394,2,6
Tanabe Pharma America Inc.,blk_00350,2,10
Tanvex Biologics Corp.,blk_00255,2,33
Tays,blk_01606,2,5
"Tecnimede, Sociedade Tcnico-Medicinal, S.A.",blk_00629,2,6
Telix Pharmaceuticals (Innovations) Pty Limited,blk_00091,2,14
"The Fertility Clinic, Skive Regional Hospital",blk_01609,2,5
The Florey Institute of Neuroscience and Mental Health,blk_00804,2,17
The George Institute for Global Health,blk_01145,2,6
"The Heart Centre, Rigshospitalet",blk_00014,2,40
The Medicines Evaluation Unit MEU Ltd. Investigator led study,blk_01610,2,2
The Rotunda Hospital,blk_01611,2,2
The Royal Group Hospitals Trust,blk_00191,2,27
The Royal Marsden NHSF Trust,blk_00191,2,27
The Royal Wolverhampton NHS Trust,blk_01573,2,4
The University of Nottingham,blk_00060,2,19
"Therakos, Inc.",blk_01612,2,4
Theravance Inc.,blk_00399,2,4
Thoraxklinik Heidelberg gGmbH,blk_00338,2,40
Thoraxklinik-Heidelberg gGmbH,blk_00338,2,40
Thornton  Ross Limited,blk_01146,2,2
"Threshold Pharmaceuticals, Inc.",blk_01613,2,3
ThromboGenics N.V,blk_00498,2,4
Tibotec Pharmaceuticals Ltd,blk_00242,2,7
"Tobira Therapeutics, Inc., a subsidiary of Allergan plc",blk_00080,2,13
"Tolerx, Inc.",blk_01614,2,2
"Toray Industries, Inc.",blk_01615,2,3
Toulouse University Hospital,blk_00104,2,11
Transgene S.A.,blk_00632,2,5
Translational Research In Oncology,blk_01616,2,5
Tranzyme Inc.,blk_00902,2,3
"Tricida, Inc.",blk_01617,2,2
Trio Medicines Ltd,blk_01618,2,2
"UCB BIOSCIENCES, Inc",blk_00106,2,40
UCB BioPharma SPRL,blk_00106,2,40
UCB BioSciences GmbH,blk_00106,2,40
"UCB Biosciences, Inc.",blk_00106,2,40
"UCB Celltech, UK Registered Branch of UCB Pharma SA",blk_00106,2,40
"UCB, Inc.",blk_00106,2,40
UCR Uppsala Clinical Research Center,blk_00210,2,34
UH Montpellier,blk_00197,2,19
UK fr Ansthesiologie und allgemeine Intensivmedizin,blk_01054,2,7
ULB Erasme,blk_00320,2,26
UNI-PHARMA SA,blk_00443,2,2
UNIVERSIT DEGLI STUDI G. DANNUNZIO CHIETI-PESCARA,blk_01372,2,3
UNIVERSITA  CAMPUS BIOMEDICO,blk_00155,2,5
UNIVERSITY HOSPITALS OF LEICESTER NHS TRUST,blk_00133,2,21
UZ Gasthuisberg,blk_00022,2,39
Ullevl University Hospital,blk_01619,2,3
"Ultragenyx Pharmaceutical, Inc.",blk_00149,2,6
"Unidad Integral de Investigacin en Oncologa, S.L.",blk_01620,2,3
Unidade Local De Saude De Sao Jose E.P.E.,blk_01621,2,3
United Bristol Healthcare Trust,blk_00337,2,11
Universidad Autnoma de Madrid,blk_01622,2,3
Universita' Degli Studi Di Napoli Federico II,blk_00209,2,40
Universita' Degli Studi Di Roma Tor Vergata,blk_01623,2,2
Universita' Degli Studi G. D'Annunzio Di Chieti,blk_00209,2,40
Universitaetsklinikum Muenster,blk_00306,2,5
Universitaetsklinikum Regensburg,blk_00139,2,26
Universitaetsklinikum Regensburg AöR,blk_00139,2,26
Universitaetsklinikum Schleswig-Holstein,blk_00634,2,17
Universitaetsklinikum Wuerzburg,blk_00753,2,9
Universitair ziekenhuis Brussel,blk_00243,2,8
Universitat Heidelberg,blk_00338,2,40
Universite De Liege / CHU De Liege,blk_00579,2,15
Universiteit Gent,blk_00182,2,5
"Universitetsklinik for Nyresygdomme og Blodtryksforhjelse, Regionshospitalet Holstebro Hospitalsenheden Vest",blk_01624,2,2
Universitetssykehuset Nord-Norge HF,blk_00047,2,36
Universitt Heidelberg,blk_00338,2,40
"Universitt Innsbruck, Institut fr Biomedizinische Alternsforschung",blk_00282,2,40
Universittskinderklinik Innsbruck,blk_00282,2,40
Universittsklinik fr Augenheilkunde und Optometrie,blk_01625,2,6
Universittsklinik fr Klinische Pharmakologie,blk_01626,2,11
"Universittsklinik fr Neurologie, Medizinische Universitt Wien",blk_00113,2,40
Universittsklinikum Bonn Klinik und Poliklinik fr Psychiatrie und Psychotherapie,blk_01283,2,19
Universittsklinikum Essen - Zentrum fr Innere Medizin - Klinik fr Endokrinologie,blk_00308,2,14
"Universittsklinikum Mannheim, Klinik fr Ansthesiologie",blk_01627,2,4
Universittsklinikum Schleswig-Holstein UK-SH,blk_00634,2,17
Universittsklinikum Ulm / University Clinical Center Ulm,blk_00258,2,11
Universittsklinikum Ulm AR,blk_00258,2,11
University Clinic Of Navarra,blk_00276,2,9
University College Dublin Clinical Research Centre,blk_00129,2,10
University College London Comprehensive Clinical Trial Unit,blk_00019,2,40
"University Health Network, Toronto",blk_01628,2,3
University Hospital Gasthuisberg,blk_01629,2,6
University Hospital Ostrava,blk_00587,2,16
University Hospital Son Espases,blk_01630,2,3
University Hospital of Muenster,blk_00306,2,5
University Hospital of North Tees and Hartlepool,blk_00897,2,7
University Hospital of South Manchester,blk_00264,2,40
University Hospital of Tbingen,blk_00287,2,10
University Hospital of Wuerzburg,blk_00753,2,9
"University Hospital, Limoges",blk_00346,2,7
University Hospitals Leicester,blk_00133,2,21
"University Hospitals Leicester, Leicester General Hospital",blk_00133,2,21
University Hospitals Leuven UZ Leuven,blk_00022,2,39
University Hospitals Plymouth NHS Trust,blk_00352,2,6
University Hospitals of Leicester,blk_00133,2,21
University Hospitals of the KU Leuven,blk_00205,2,24
University Medical Center Goettingen,blk_00444,2,4
University Medical Center Gttingen,blk_01155,2,11
University Medical Center Hamburg Eppendorf,blk_00095,2,13
University Medical Center Utrecht UMCU,blk_00038,2,30
"University Medical Center Utrecht, The Netherlands",blk_00038,2,30
University Medical Center of the Johannes Gutenberg- University Mainz,blk_00635,2,25
University Medical Center utrecht,blk_00038,2,30
University Medicine Goettingen,blk_00444,2,4
University Of Birmingham,blk_00035,2,36
University Of Gothenburg,blk_01381,2,4
University Of Helsinki,blk_00119,2,34
University Of Oulu,blk_00483,2,17
University Of Oxford,blk_00025,2,35
University Of Tartu,blk_00398,2,9
University Of Turku,blk_00086,2,13
University Southampton Hospital NHS Foundation Trust,blk_00183,2,20
University Utrecht,blk_00038,2,30
University Witten/Herdecke,blk_01631,2,5
University of Birmingham / Birmingham Heartlands Hospital,blk_00035,2,36
University of Birmingham / Birmingham Womens Hospital,blk_00035,2,36
University of Calgary,blk_01632,2,2
University of Duisburg-Essen,blk_00308,2,14
University of Dundee and NHS Tayside / NHS Tayside,blk_00067,2,21
University of Dundee/ NHS Tayside,blk_00067,2,21
University of Edinburgh / NHS Lothian Health Board,blk_00150,2,27
University of Exeter,blk_00735,2,8
University of Gothenburg,blk_01381,2,4
University of Hull,blk_00273,2,23
University of Iceland,blk_01633,2,3
"University of Leipzig Ritterstr. 26, 04109 Leipzig",blk_00184,2,8
"University of Leuven, Division of Gastroenterology",blk_01634,2,2
University of Liverpool UniLiv,blk_00244,2,40
University of New South Wales,blk_01090,2,7
University of Technology Dresden,blk_00181,2,18
University of York,blk_01635,2,23
University of Zurich,blk_00910,2,3
Uniwersytecki Szpital Kliniczny W Opolu,blk_01636,2,2
Uppsala County Council,blk_00210,2,34
Uppsala lns landsting,blk_00210,2,34
Uppsala university,blk_00210,2,34
Uzsoki Utcai Krhz,blk_01637,2,2
VALEAS SPA - INDUSTRIA CHIMICA E FARMACEUTICA,blk_00214,2,11
VALL HEBRON UNIVERSITY HOSPITAL,blk_00268,2,40
VIATRIS GmbH  Co. KG,blk_00756,2,3
VU Univeristy Medical Centre,blk_00053,2,33
"VU University Medical Center, Department of Medical Oncology",blk_00053,2,33
VU University medical center Amsterdam,blk_00053,2,33
VU University medical center VUmc,blk_00053,2,33
Vaestra Goetalandsregionen / University Of Gothenburg,blk_00110,2,5
Vaestra Goetalandsregionen / Vaestra Goetalandsregionen,blk_00110,2,5
Vall D'hebron Institut De Recerca,blk_00268,2,40
Vall d Hebron Institute of Oncology VHIO,blk_00268,2,40
Vall dHebron Institut de Recerca VHIR,blk_00268,2,40
Vanda Pharmaceuticals Inc,blk_00401,2,5
"Vassilis Georgoulias, Prof. of Internal Medicine-Oncology of Medical Dpt University of Crete",blk_01638,2,3
"Ventyx Biosciences, Inc.",blk_01639,2,2
"Verastem, Inc",blk_01165,2,5
"Verastem, Inc.",blk_01165,2,5
Verein Zur Praevention Und Therapie Boesartiger Erkrankungen Austrian Breast And Colorectal Cancer Study Group,blk_00309,2,14
Vernalis R  D Limited,blk_01640,2,4
"Versartis, Inc.",blk_01641,2,2
Vertex Pharmaceuticals,blk_00032,2,5
Vestfold Hospital Trust,blk_01642,2,2
Vienna Institute for Research in Ocular Surgery,blk_00041,2,40
Vifor Fresenius Medical Care Renal Pharma Ltd.,blk_00259,2,11
"Vifor Pharma, Inc.",blk_00259,2,11
Viiv Healthcare,blk_00172,2,9
Ville-Valtteri Vlimki,blk_01643,2,2
Viridian Therapeutics S.à.r.l.,blk_00757,2,2
Vrije Universiteit Medical Center,blk_01644,2,2
Vseobecna Fakultni Nemocnice V Praze,blk_01010,2,11
Vsterbottens lns landsting,blk_01598,2,11
Vstra Gtalandsregionen/NL,blk_00357,2,4
Vychodoslovensky Onkologicky Ustav a.s.,blk_01645,2,3
WALA Heilmittel GmbH,blk_01646,2,2
WYETH LEDERLE,blk_00107,2,40
Wave Life Sciences Ireland Limited,blk_00501,2,3
Wave Life Sciences Ltd.,blk_00501,2,3
West Hertfordshire Hospitals NHS Trust,blk_01323,2,6
Whipps Cross University Hospital,blk_01383,2,3
Wilhelminen Krebsforschung GmbH,blk_01647,2,2
Wilhelminen hospital,blk_01647,2,2
Win Medica Pharmaceutical S.A.,blk_01648,2,3
"Windtree Therapeutics, Inc.",blk_01649,2,4
Wockhardt UK Limited,blk_01171,2,2
World Health Organization,blk_01650,2,2
Wrwag Pharma GmbH  Co. KG,blk_01651,2,3
Wyeth Consumer Healthcare,blk_00107,2,40
"Wyeth Pharmaceuticals France, Wyeth Research Division",blk_00107,2,40
"Wyeth Pharmaceuticals Inc. acting through its division Wyeth Research, a Pfizer Company",blk_00107,2,40
Wyeth Research Division of Wyeth Pharmaceuticals Inc. Clinical resaearch and Development,blk_00107,2,40
XBiotech Germany GmbH,blk_01652,2,2
XTL Development Inc.,blk_01653,2,2
"Xencor, Inc.",blk_00759,2,2
Xenothera,blk_01654,2,2
Xylocor Therapeutics Inc.,blk_01655,2,2
Y-mAbs Therapeutics A/S,blk_01656,2,2
York Hospital NHS Trust,blk_01635,2,23
York Pharma GmbH,blk_01635,2,23
Yuhan Corp.,blk_01657,2,2
ZAKLADY FARMACEUTYCZNE POLPHARMA S.A.,blk_00555,2,3
ZAMBON S.p.A.,blk_00760,2,13
Zaans Medisch Centrum,blk_00108,2,18
Zaklady Farmaceutyczne Polpharma S.A.,blk_00555,2,3
"Zealand University Hospital, Department of Anaesthesiology",blk_00173,2,17
Zentralinstitut fr Seelische Gesundheit Mannheim,blk_01172,2,2
"Zeria Pharmaceutical Co., Ltd.",blk_01658,2,2
Zon MW,blk_00638,2,7
Zuyderland Medisch Centrum Stichting,blk_00108,2,18
academic hospital Maastricht,blk_00098,2,18
academisch ziekenhuis Maastricht,blk_00098,2,18
herlev hospital,blk_00271,2,26
mAbxience Research S.L.,blk_00871,2,3
rebro Lns Landsting,blk_00400,2,9
rigshospitalet,blk_00014,2,40
sanofi-aventis RD,blk_00033,2,40
sanofi-aventis recherche et development,blk_00024,2,40
zna middelheim,blk_01659,2,2
1. Frauenklinik der LMU- Innenstadt,blk_01660,1,3
"1st Dep. of Medicine, General University Hospital VFN in Prague",blk_01661,1,9
3M Health Care Limited,blk_01662,1,3
3M ITALIA,blk_01662,1,3
4 Wojskowy Szpital Kliniczny Z Polikliniką Samodzielny Publiczny Zaklad Opieki Zdrowotnej We Wroclawiu,blk_01663,1,4
4D Pharma,blk_01174,1,4
4D Pharma Plc,blk_01174,1,4
4d Molecular Therapeutics Inc.,blk_01174,1,4
"89bio, Inc.",blk_00921,1,2
"A. MENARINI PHARMA U.K.,",blk_00609,1,15
A. O. Istituti Ospitalieri di Cremona,blk_00111,1,7
A.C.R.A.F. S.p.A. Aziende Chimiche Riunite Angelini Francesco,blk_00447,1,11
"A.I.L. ASSOCIAZIONE ITALIANA CONTRO LE LEUCEMIE, LINFOMI E MIELOMI",blk_00141,1,11
"A.I.Virtanen Insitute, University of Kuopio",blk_00430,1,8
A.N.M.C.O.-Fondazione Italiana lotta Malattie Cardiovasc,blk_01175,1,3
A.O PAPA GIOVANNI XXIII- BERGAMO,blk_00931,1,4
A.O. SAN GERARDO,blk_00363,1,10
A.R.T.I.C Association pour la Recherche de Thrapeutiques Innovantes en Cancrologie,blk_01176,1,4
A.T. Development Switzerland SARL,blk_00492,1,9
AB-BIOTICS,blk_01664,1,3
AB-BIOTICS S.A.,blk_01664,1,3
AB-Biotics S.A.,blk_01664,1,3
AB2 Bio S.A.,blk_00922,1,2
ABBOTT,blk_00078,1,19
ABCSG - Austrian Breast  Colorectal Cancer Study Group,blk_00309,1,14
ABCSG GmbH / Alliance Foundation Trials LLC,blk_01210,1,5
ABIOGEN PHARMA S.P.A.,blk_00765,1,4
ABOCA,blk_01178,1,2
ACADEMIC MEDICAL CENTRE AMSTERDAM,blk_00042,1,36
ACCELERON PHARMA INC.,blk_00364,1,3
ACCORD Academic and Clinical Central Office for Research  Development / ACCORD Academic and Clinical Central Office for Research  Development,blk_01665,1,3
"ACCORD University of Edinburgh / ACCORD, NHS Lothian",blk_00150,1,27
ACCORD office / NHS Lothian RD Office,blk_01665,1,3
ACE ApS,blk_01666,1,4
ACE Aps,blk_01666,1,4
"ACELYRIN, INC.",blk_00935,1,2
ACO HUD NORDIC AB,blk_01180,1,3
ACO-ASSO,blk_00785,1,2
ACROSS Associaci Catalana de Recerca Oncolgica i les seves implicacions Sanitries i Socials,blk_00923,1,6
ACROSS Associaci catalana per la recerca oncolgica i les seves implicacions sanitries i socials,blk_00923,1,6
ACROSS Group,blk_00923,1,6
ACROSS: Associaci Catalana per a la Recerca Oncolgica i les seves implicacions sanitries i Socials,blk_00923,1,6
ACROSS:Associaci Catalana per a la Recerca Oncolgica i les seves implicacions sanitries i Socials,blk_00923,1,6
ACTELION PHARMACEUTICALS ITALIA,blk_00079,1,13
ACTELION PHARMACEUTICALS LTD,blk_00079,1,13
ACTELION Pharmaceuticals France,blk_00079,1,13
ACTELION Pharmacteuticals Ltd.,blk_00079,1,13
ADAMED Pharma S.A.,blk_00193,1,2
ADVICENNE PHARMA SA,blk_00939,1,4
AEGERION PHARMACEUTICALS,blk_01667,1,3
AESCA Pharma Ges.m.b.H,blk_01181,1,3
AESCA Pharma GmbH,blk_01181,1,3
AEterna Zentaris GmbH,blk_00406,1,3
AFT Pharmaceuticals Ltd,blk_01200,1,2
AGI Therapeutics Limtied,blk_00924,1,3
AGMT - Arbeitsgemeinschaft Medikamentse Tumortherapie Gemeinntzige GmbH,blk_00290,1,6
AGMT: Arbeitsgemeinschaft Medikamentse Tumortherapie,blk_00290,1,6
"AHSC Joint Research Office, Imperial College",blk_00144,1,18
AIBILI,blk_00767,1,9
AIBILI  Association for Innovation and Biomedical Research on Light and Image,blk_00767,1,9
AIGO - Associazione Italiana Gastroenterologi ed Endoscopisti DIgestivi Ospedalieri,blk_00561,1,12
AIL CATANIA ASSOCIAZIONE ITALIANA CONTRO LEUCEMIE-LINFOMI E MIELOMA ONLUS,blk_00141,1,11
AIO-Studien-gGmbh,blk_00075,1,6
AIR  LIQUIDE SANTE INTERNATIONAL,blk_00565,1,8
AIR LIQUIDE Sant INTERNATIONAL,blk_00565,1,8
AISF - ASSOCIAZIONE ITALIANA PER LO STUDIO DEL FEGATO,blk_00561,1,12
AKELA Pharma Inc.,blk_01204,1,2
AKH Linz,blk_01192,1,4
"AKH Wien, Klinik fr Innere Medizin I, Onkologie",blk_00113,1,40
"AKH Wien, Universittsklinik fr Physikalische Medizin und Rehabilitation",blk_00113,1,40
AKL Research and Development Ltd,blk_01668,1,2
"ALCON RESEARCH, LTD.",blk_00158,1,16
ALCON Research Ltd,blk_00158,1,16
ALEXION PHARMA INTERNATIONAL SARL,blk_00090,1,12
ALFASIGMA CZECH s.r.o.,blk_00365,1,4
ALFRED E. TIEFENBACHER GMBH  CO. KG,blk_01206,1,3
ALK Abell A/S,blk_00177,1,8
ALK Abello A/S,blk_00925,1,8
"ALK-ABELL, S.A.",blk_00177,1,8
"ALK-ABELLO, S.A.",blk_00925,1,8
ALK-Abell S.A,blk_00177,1,8
ALK-Abello A/S,blk_00925,1,8
ALK-Abello S.A.,blk_00925,1,8
"ALK-Abello, Group Clinical Development",blk_00925,1,8
"ALK-Abello, S.A.",blk_00925,1,8
"ALLOS Therapeutics, Inc.",blk_00781,1,4
ALMIRALL S.A.,blk_00165,1,18
ALMIRALL SPA,blk_00165,1,18
"ALMIRALL, S. A.",blk_00165,1,18
"ALMIRALL, S. A., Research and Development RD Centre",blk_00165,1,18
ALTANA Inc,blk_00134,1,5
ALTANA Pharma Ltd.,blk_00134,1,5
ALTANA Pharma bv,blk_00134,1,5
AM-Pharma,blk_00563,1,11
"AMAG Pharma USA, Inc",blk_00359,1,3
AMC Medical Research B.V.,blk_00339,1,19
AMC Medical research BV,blk_00339,1,19
"AMC, divisie Psychiatrie",blk_00339,1,19
AMC- academisch psychiatrisch centrum,blk_00339,1,19
AMC-UvA,blk_00339,1,19
AMERSHAM HEALTH,blk_01669,1,3
AMO Pharma Ltd,blk_01670,1,3
AMO Pharma Ltd.,blk_01670,1,3
AMsterdam UMC-AMC,blk_00042,1,36
ANA M,blk_01671,1,8
ANAVEX Life Sciences Corp.,blk_01216,1,3
ANERGIS SA,blk_01219,1,2
ANGEL LANAS,blk_01672,1,2
"ANOVA Andrologi, Sexualmedicin, Transmedicin Karolinska Universitetssjukhuset och Ume  Universitet",blk_00026,1,40
ANRS Agence Nationale de Recherche sur le SIDA et les hpatites virales,blk_00403,1,7
ANTONIO ANTELA LOPEZ,blk_01673,1,2
ANZ Breast Cancer Trials Group Limited,blk_00196,1,7
AO OSPEDALE NIGUARDA CA GRANDA,blk_00233,1,12
AOP ORPHAN PHARMACEUTICALS,blk_00360,1,6
AOP Oprhan Pharmaceuticals AG,blk_00360,1,6
AOU CAREGGI,blk_00289,1,5
AOU Meyer,blk_00564,1,6
AOU POLICLINICO DI MODENA,blk_00312,1,11
AOU SAN LUIGI GONZAGA - SCDU ONCOLOGIA MEDICA,blk_00260,1,5
AP-HP/DRCI,blk_00008,1,40
APEIRON Biologics AG,blk_00255,1,33
"APELLIS PHARMACEUTCIALS, INC.",blk_00504,1,4
APREA THERAPEUTICS AB,blk_00951,1,2
APRO,blk_01233,1,5
APTATARGETS S.L.,blk_01223,1,2
AQUINOX PHARMACEUTICALS INC,blk_01674,1,3
ARCAGY Research,blk_00361,1,5
ARCAGY-GINCO,blk_00361,1,5
"ARCHIVEL FARMA, S.L.",blk_00226,1,40
ARCI trade name  LYON RECHERCHE CLINIQUE : LyREC,blk_01675,1,2
"ARIAD PHARMACEUTICALS,INC.",blk_00643,1,6
"ARIAD Pharmaceuticals, Inc",blk_00643,1,6
"ARIAD Pharmaceuticals, Inc. a wholly-owned subsidiary of Takeda Pharmaceutical  Company Limited",blk_00643,1,6
"ARIAD Pharmaceuticals, Inc. a wholly-owned subsidiary of Takeda Pharmaceutical Ltd",blk_00643,1,6
"ARIAD Pharmaceuticals, Inc.a wholly-owned subsidiary of Takeda Pharmaceutical Ltd.",blk_00643,1,6
ARQULE INC,blk_00952,1,4
ARTIC Association pour la Recherche de Thrapeutiques Innovantes en Cancrologie,blk_01176,1,4
ARYx Therapeutics,blk_01676,1,2
ARYx Therapeutics Limited,blk_01676,1,2
AS GRINDEKS,blk_01677,1,3
ASAC PHARMACEUTICAL INTERNATIONAL A.I.E.,blk_00784,1,4
"ASAC Pharmaceutical Inmunology, S.A.",blk_00784,1,4
"ASIH Stockholm Sdra, Lngbro Park",blk_01678,1,2
ASOCIACIN INSTITUTO BIODONOSTIA,blk_01231,1,3
"ASOCIACION PARA LA INVESTIGACION Y TRATAMIENTO DE ENFERMEDADES RENALES AITER,",blk_00656,1,5
ASOCIACION TERAPEUTICA EN HEMATOLOGIA Y ONCOLOGIA MEDICAS DEL HOSPITAL ARNAU DE VILANOVA DE VALENCIA,blk_01232,1,7
ASONMEC Asociacin de Oncologa Medica del Hospital de Cruces,blk_01679,1,2
ASSISTANC-PUBLIQUE-HOPITAUX DE PARIS AP-HP,blk_00008,1,40
ASSISTANCE PUBLIQUE - HOPITAUX DE PARIS  AP-HP,blk_00008,1,40
ASSISTANCE PUBLIQUE - HPITAUX DE PARIS APHP,blk_00008,1,40
ASSISTANCE PUBLIQUE DES HOPITAUX DE PARIS,blk_00008,1,40
ASSISTANCE PUBLIQUE HOPITAUX MARSEILLE,blk_00008,1,40
ASSISTANCE PUBLIQUE HPITAUX DE MARSEILLE,blk_00008,1,40
ASSISTANCE PUBLIQUE HPITAUX DE PARIS,blk_00008,1,40
ASSISTANCE PUBLIQUE-HOPITAUX DE PARIS / ASSISTANCE PUBLIQUE-HOPITAUX DE PARIS / ASSISTANCE PUBLIQUE-HOPITAUX DE PARIS / ASSISTANCE PUBLIQUE-HOPITAUX DE PARIS,blk_00008,1,40
ASSISTANCE PUBLIQUE-HOPITAUX DE PARIS / Assistance Publique-Hopitaux de ParisAP-HP,blk_00008,1,40
ASSOCIAZIONE ITALIANA EMATOLOGIA ONCOLOGIA PEDIATRICA,blk_00561,1,12
ASSOCIAZIONE ITALIANA ENDOCRINOLOGIA-METABOLISMO-IPOFISI,blk_00561,1,12
ASSOCIAZIONE ITALIANA PER LO STUDIO DEL DOLORE,blk_00561,1,12
ATVB Verein,blk_01166,1,6
"ATYR PHARMA, INC.",blk_00762,1,3
AUO,blk_01680,1,2
AURORA PUJOL ONOFRE,blk_01235,1,2
AUSL 8,blk_01681,1,4
AUSL DI MODENA,blk_00312,1,11
AUSL Piacenza,blk_01681,1,4
AUSL VITERBO,blk_01681,1,4
AUSL di Piacenza,blk_01681,1,4
AUSTRIAN BREAST CANCER STUDY GROUP,blk_00309,1,14
AUVA Trauma Center Vienna,blk_00041,1,40
AVENTIS PASTEUR MSD S.P.A.,blk_00132,1,17
"AVEO PHARMACEUTICALS, INC",blk_00644,1,5
"AVEO PHARMACEUTICALS, INC.",blk_00644,1,5
AVEO Pharmaceuticals,blk_00644,1,5
AVERA PHARMACEUTICALS INC.,blk_01682,1,2
AVI BioPharma Inc.,blk_01683,1,2
"AVI BioPharma, Inc.",blk_01683,1,2
AWD.pharma GmbH  Co KG,blk_01684,1,2
AWD.pharma GmbH  Co. KG Medical Development,blk_01684,1,2
AXCAN PHARMA INC,blk_00786,1,5
AZ Sint Jan Brugge-Oostende AV,blk_00769,1,2
"AZ St Augustinus, Wilrijk",blk_01685,1,2
AZ Turnhout,blk_01686,1,2
AZ-VUB,blk_01687,1,2
"AZ. OSPEDALIERA GARIBALDI, S.LUIGI CURRO , ASCOLI TOMASELLI",blk_00260,1,5
AZIENDA ASL BRESCIA,blk_00151,1,6
AZIENDA OSPEDALIERA - CENTRO RICERCHE CLINICHE DI VERONA,blk_00261,1,7
AZIENDA OSPEDALIERA CARDINALE G.PANICO-TRICASE LECCE,blk_01688,1,3
AZIENDA OSPEDALIERA L. SACCO  A.O. DI RILIEVO NAZIONALE,blk_00178,1,11
AZIENDA OSPEDALIERA MAGGIORE DELLA CARITA,blk_00340,1,4
AZIENDA OSPEDALIERA OSPEDALE DI CIRCOLO  A.O. DI RILIEVO REGIONALE,blk_00178,1,11
AZIENDA OSPEDALIERA OSPEDALI RIUNITI MARCHE NORD,blk_00211,1,9
AZIENDA OSPEDALIERA S. MARIA,blk_00288,1,5
AZIENDA OSPEDALIERA S. PAOLO,blk_00773,1,2
AZIENDA OSPEDALIERA SAN CAMILLO FORLANINI,blk_00363,1,10
"AZIENDA OSPEDALIERA SAN GERARDO, MONZA, ITALIA",blk_00363,1,10
AZIENDA OSPEDALIERA SAN PAOLO,blk_00363,1,10
AZIENDA OSPEDALIERA Spedali Civili di Brescia,blk_00151,1,6
AZIENDA OSPEDALIERO - UNIVERSITARIA POLICLINICO - VITTORIO EMANUELE,blk_01689,1,2
AZIENDA OSPEDALIERO UNIVERSITARIA DI PARMA,blk_00362,1,7
AZIENDA OSPEDALIERO-UNIVERSITARIA,blk_00211,1,9
AZIENDA OSPEDALIERO-UNIVERSITARIA POLICLINICO-VITTORIO EMANUELE,blk_01689,1,2
AZIENDA PER I SERVIZI SANITARI 1 TRIESTINA,blk_00776,1,7
AZIENDA PROVINCIALE PER I SERVIZI SANITARI - PROVINCIA AUTONOMA DI TRENTO,blk_00776,1,7
AZIENDA SANITARIA DI FIRENZE,blk_01301,1,7
AZIENDA SANITARIA LOCALE 4 DI TORINO,blk_00076,1,5
AZIENDA SANITARIA LOCALE DI BARI,blk_00479,1,5
AZIENDA SOCIO SANITARIA TERRITORIALE DEI SETTE LAGHI,blk_01238,1,4
AZIENDA SOCIO SANITARIA TERRITORIALE DI MANTOVA,blk_01238,1,4
AZIENDA SOCIO-SANITARIA TERRITORIALE DI LECCO ASST LECCO,blk_00645,1,2
"AZIENDA ULSS N.9 - TREVISO, UOC PEDIATRIA",blk_01150,1,2
AZIENDA UNIT SANITARIA LOCALE DI MODENA,blk_00312,1,11
AZIENDA UNITA  SANITARIA LOCALE N 12 DI VIAREGGIO,blk_00932,1,2
AZIENDA UNITA SANITARIA LOCALE DI PARMA,blk_00362,1,7
AZIENDA UNITA SANITARIA LOCALE LECCE,blk_01688,1,3
AZIENDA UNIVERSITARIA OSPEDALE POLICLINICO UMBERTO I / AZIENDA POLICLINICO UMBERTO I,blk_00114,1,9
AZIENDA UNIVERSITARIA POLICLINICO UMBERTO I,blk_00114,1,9
AZIENDA USL DI BOLOGNA,blk_00020,1,8
AZIENDA USL TOSCANA CENTRO,blk_00458,1,5
AZIENDA USL TOSCANA NORD OVEST,blk_00219,1,8
AZIENDA USL TOSCANA SUD EST Sezione di Arezzo,blk_00933,1,2
"Aalborg Psychiatric Hospital, Centre for Skizophrenia",blk_00164,1,27
"Aalborg Psychiatric Hospital, Research Unit",blk_00164,1,27
Aalborg Sygehus,blk_00164,1,27
Aalborg Sygehus Syd,blk_00164,1,27
Aalborg Universitets Hospital,blk_00164,1,27
Aalborg Universitetshospital,blk_00164,1,27
"Aalborg University Hospital, Aalborg Psychiatric Hospital, Centre for Psychosisresearch",blk_00164,1,27
"Aalborg University Hospital, Department of Orthopedics / Mogens Brouw Jrgensen",blk_00164,1,27
"Aalborg universitets hospital / Ortopdkirurgisk forskningsenhed, Aalborg universitetshospital",blk_00164,1,27
Aalborg university hospital dept. of rheumatology,blk_00164,1,27
Aarhus Sygehus,blk_00036,1,40
"Aarhus Sygehus, Universityhospital of Aarhus",blk_00036,1,40
Aarhus Universitet / Aarhus Universitet / Aarhus Universitet / Aarhus Universitet,blk_00036,1,40
"Aarhus Universitetshospital, Aarhus Sygehus THG",blk_00036,1,40
Aarhus University Hospiotal,blk_00036,1,40
"Aarhus University Hospital - Psychiatry, Department of Affective Disorders",blk_00036,1,40
Aarhus University Hospital / North Estonia Medical Centre Foundation,blk_00036,1,40
Aarhus University Hospital / Odense University Hospital,blk_00028,1,40
"Aarhus University Hospital, Aarhus Sygehus",blk_00036,1,40
"Aarhus University Hospital, Denmark",blk_00036,1,40
"Aarhus University Hospital, Department M",blk_00036,1,40
"Aarhus University Hospital, Department of Anaesthesiology",blk_00036,1,40
"Aarhus University Hospital, Department of Anesthesiology",blk_00036,1,40
"Aarhus University Hospital, Department of Endocrinology and Internal Diseases",blk_00036,1,40
"Aarhus University Hospital, Department of Respiratory Medicine",blk_00036,1,40
"Aarhus University Hospital, Dept of Endocrinology and Internel Medicine MEA",blk_00036,1,40
"Aarhus University Hospital, Dept of Endocrinology and Metabolism C",blk_00036,1,40
"Aarhus University Hospital, Dept. of anaesthesiology and intensive care",blk_00036,1,40
"Aarhus University Hospital, Henrik Birn",blk_00036,1,40
"Aarhus University Hospital, Steno Diabetes Center Aarhus",blk_00036,1,40
"Aarhus University Hospital, dept. of Diabetes and Hormonal diseases",blk_00036,1,40
"Aarhus University, The MR Research Center",blk_01690,1,6
Aarhus Universityhospital,blk_01691,1,3
AbbVie Biotherapeutics Inc. AbbVie,blk_00012,1,18
AbbVie Deutschland GmbH  Co. KG AbbVie,blk_00012,1,18
AbbVie Deutschland GmbH & Co. KG / AbbVie Deutschland GmbH & Co. KG,blk_00012,1,18
AbbVie DeutschlandGmbH  Co. KG,blk_00012,1,18
AbbVie Farmacutica S.L.U.,blk_00012,1,18
AbbVie Inc,blk_00012,1,18
Abbott Biologicals B.V,blk_00078,1,19
Abbott France,blk_00078,1,19
Abbott GmbH  Co. KG Abbott,blk_00078,1,19
Abbott GmbH  co. KG,blk_00078,1,19
Abbott GmbHCo.KG / Abbott GmbHCo.KG,blk_00078,1,19
Abbott Laboratories Ireland Limited,blk_00078,1,19
"Abbott Laboratories Limited Queenborough, Kent, ME11 5EL, England",blk_00078,1,19
Abbott Products GmbH,blk_00078,1,19
"Abbott Products, Inc Abbott Products Inc. is part of the parent company, Abbott Laboratories",blk_00078,1,19
Abbott Scandinavia AB,blk_00078,1,19
Abbvie Deutschland GmbH  Co. K.G.,blk_00012,1,18
Abeona Therapeutics Inc,blk_01191,1,2
Abertawe Bro Morgannwg University Health Board,blk_01692,1,3
Abertawe Bro Morgannwg University LHB,blk_01692,1,3
Abertawe Bro Morgannwg University NHS Trust,blk_01692,1,3
Ability Pharmaceuticals S.A.,blk_01693,1,2
"Ability Pharmaceuticals, SL",blk_01693,1,2
Abiogen Pharma SpA,blk_00765,1,4
Ablative Solutions Inc.,blk_01694,1,2
"Ablative Solutions, Inc.",blk_01694,1,2
Ablynx N.V.,blk_00405,1,3
"Abraxis BioScience, LLC, a wholly owned subsidiary of Celgene Corporation",blk_00030,1,15
"Abteilung Klinische Chemie, UKL Freiburg",blk_00356,1,21
"Abteilung fr Ansthesie und Intensivmedizin, Medizinische Universitt Wien",blk_00113,1,40
"Abteilung fr Ansthesie, Intensiv- und Schmerzmedizin, Wilhelminenspital der Stadt Wien",blk_00113,1,40
"Abteilung fr Hals- Nasen- Ohrenkrankheiten MUW, AKH Wien",blk_00113,1,40
Abteilung fr Herz-Thorax-Gef Ansthesie  Intensivmedizin HTG,blk_01396,1,9
Abteilung fr Neurologie der Medizinischen Universitt Innsbruck,blk_00282,1,40
Abx Advanced Biochemical Compounds - Biomedizinische Forschungsreagenzien GmbH,blk_01179,1,2
Acacia Pharma Limited,blk_00502,1,4
Acacia Pharma Ltd.,blk_00502,1,4
Academic Hospital Maastricht azM,blk_00098,1,18
Academic MS Center Limburg,blk_01486,1,3
Academic Medical Center - Cardiology,blk_01357,1,7
Academic Medical Center AMC,blk_00339,1,19
"Academic Medical Center AMC, department of Internal Medicine",blk_00339,1,19
"Academic Medical Center Amsterdam, department of Internal Medicine",blk_01470,1,7
Academic Medical Center of Amsterdam,blk_00042,1,36
"Academic Medical Center, Department of dermatology",blk_01190,1,5
"Academic Medical Center, Division of Clinical Immunology and Rheumatology",blk_01193,1,11
"Academic Medical Center, Gastroenterology",blk_01376,1,4
"Academic Medical Center, Neurosurgery",blk_01695,1,5
"Academic Medical Center, department of Gastroenterology and hepatology",blk_01696,1,2
"Academic Medical Center, department of infectious diseases",blk_01050,1,22
Academic Medical Center/ Gastroenterology,blk_01376,1,4
Academic Medical Centre AMC,blk_00339,1,19
"Academic Medical Centre, Amsterdam, NL",blk_01697,1,2
Academic Psychiatric Center - AMC-UvA,blk_00339,1,19
Academic hospital Maastricht,blk_00098,1,18
Academical Medical Center,blk_00934,1,5
"Academical Medical Centre, department of internal",blk_00934,1,5
"Academical medical Center, Department of dermatology",blk_00934,1,5
"Academical medical centre, dep of internal medicine",blk_00934,1,5
Academisch Medisch Centrum Amsterdam,blk_00029,1,40
Academisch Ziekenhuis Leiden / Academisch Ziekenhuis Leiden,blk_00023,1,20
Academisch Ziekenhuis Leiden acting under the name of Leids Universitair Medisch Centrum,blk_00023,1,20
Academisch medisch centrum,blk_00029,1,40
Academisch medisch centrum Amsterdam,blk_00029,1,40
"Academisch medisch centrum, department of psychiatry",blk_00029,1,40
Accelerator Advanced Application,blk_00938,1,6
Accord Healthcare Ltd.,blk_01665,1,3
Acedemic Medical Center,blk_01698,1,2
Acedemic Medical Centre Amsterdam,blk_01698,1,2
"Acerta Pharma, BV",blk_00311,1,3
Achieve Life Sciences Inc,blk_00936,1,2
Aco Hud Nordic AB,blk_01180,1,3
Actavis Deutschland GmbH  Co. KG,blk_01699,1,3
Actavis GmbH  Co. KG,blk_01699,1,3
Actavis Group PTC ehf.,blk_00283,1,6
Actavis Hungary Gygyszermarketing s Kereskedelmi Korltolt Felelssg Trsasg,blk_00734,1,5
Actelion Pharmaceuticals,blk_00079,1,13
Actelion Pharmaceuticals Sverige AB,blk_00079,1,13
"Actelion Pharmaceuticals US, Inc.",blk_00079,1,13
"Adamas Pharmaceuticals, Inc",blk_01195,1,2
Adare Pharmaceutical,blk_01700,1,2
"Adare Pharmaceuticals US, LP",blk_01700,1,2
Addenbrookes Hospital,blk_01701,1,9
Addenbrookes Hospital Cambridge University Hospitals NHS Foundation Trust,blk_00123,1,28
Addenbrookes Hospital NHS Foundation Trust,blk_01701,1,9
Addenbrookes Hospital NHS Trust,blk_01701,1,9
Addenbrookes Hospital Trust,blk_01701,1,9
"Addenbrookes Hospital, Cambridge University Hospitals NHS Foundation Trust",blk_00123,1,28
Addenbrookes NHS Trust,blk_01701,1,9
Addex Pharmaceuticals S.A.,blk_00777,1,3
Addex Pharmaceuticals SA,blk_00777,1,3
Addmedica,blk_01702,1,2
Addmedica S.A.S,blk_01702,1,2
"Adelaide  Meath Hospital / Adelaide  Meath Hospital, incorporating the National Childrens hospital",blk_01703,1,4
"Adelaide  Meath Hospital, incorporating The National Childrens Hospital",blk_01703,1,4
Adlai Nortye USA Inc,blk_01704,1,2
Adlai Nortye USA Inc.,blk_01704,1,2
"Administration management, Ludwig-Maximilians-University of Munich",blk_00602,1,29
Adocia SA,blk_00778,1,2
Advanced Accelerator Applications International S.A.,blk_00938,1,6
Advanced Life Sciences,blk_00938,1,6
Advenchen Pharmaceuticals LLC,blk_01196,1,2
Advicenne SA,blk_00939,1,4
Aegerion Pharmaceuticals,blk_01667,1,3
Aegerion Pharmaceuticals Inc.,blk_01667,1,3
Aelis Farma,blk_00226,1,40
Aerovance Inc.,blk_01197,1,4
"Aerovance, Inc",blk_01197,1,4
"Aerovance, inc",blk_01197,1,4
"Afd. A, OUH",blk_01705,1,2
Afdeling Klinische Neuropsychologie Vrije Universiteit Amsterdam,blk_01644,1,2
"Afdeling Urologie, Isala Klinieken",blk_00704,1,13
"Afdeling V, Aarhus Sygehus",blk_01690,1,6
"Afdeling for Rygkirurgi, Led- og Bindevvssygdomme  Rigshospitalet - Glostrup",blk_00014,1,40
"Afdeling heelkunde, Universitair Medisch Centrum Sint Radboud",blk_00108,1,18
Afimmune Ltd.,blk_01199,1,2
Aflofarm Farmacja Polska Sp. z o.o.,blk_01706,1,4
"Agenus Inc.,",blk_00940,1,3
"Agenus, Inc.",blk_00940,1,3
"Aging Research Center, Karolinska Institutet and Stockholm University",blk_00026,1,40
Agios Pharmaceuticals Inc,blk_00407,1,3
AgomAb Therapeutics,blk_01201,1,3
AiCuris Anti-Infective Cures AG,blk_01202,1,4
Aimmune Therapeutics  Inc.,blk_00648,1,2
Aintree Hospitals NHS Trust and University of Liverpool,blk_00244,1,40
Aintree University Hospital NHS Foundation Trust / UNIVERSITY OF LIVERPOOL,blk_00244,1,40
Aintree University Hospitals NHS Trust,blk_01707,1,3
Air Liquide,blk_00565,1,8
Air Liquide Sante International,blk_00565,1,8
Aires Pharmaceuticals Inc,blk_01708,1,2
"Aires Pharmaceuticals, Inc",blk_01708,1,2
Airway Therapeutics Inc. / Airway Therapeutics Spain S.L.,blk_01709,1,3
"Airway Therapeutics, Inc.",blk_01709,1,3
"Akademische Eigenstudie, Sektion fr Hygiene und Medizinische Mikrobiologie",blk_01710,1,2
Akademiska University Hospital / Uppsala University Hospital,blk_00210,1,34
"Akari Therapeutics Plc,",blk_00649,1,3
Akcea Therapeutics,blk_01203,1,2
Aker BioMarine Antarctic AS,blk_01711,1,2
Aker University Hospital,blk_01711,1,2
Aker universitetssykehus,blk_01523,1,5
Akershus Universitetssykehus,blk_00212,1,4
Akershus University Hospital Trust HF,blk_00047,1,36
"Akershus University Hospital, Norway",blk_00212,1,4
Akl Research & Development Limited,blk_01668,1,2
Akron Molecules GmbH,blk_01041,1,4
Aktion Bronchialkarzinom ABC e.V.,blk_01205,1,2
"Albert-Ludwig University Freiburg, Laboratory for Biological and Personality Psychology",blk_00356,1,21
Albireo AB / Albireo AB,blk_00566,1,2
Alcon Hungarian ltd,blk_00158,1,16
Alcon Research LTD.,blk_00158,1,16
"Alder Biopharmaceuticals, Inc",blk_00567,1,6
Alder Hey Childrens Foundation NHS Trust,blk_00567,1,6
Alejandro Rodriguez Oviedo  Critical Care Department  Hospital Universitario de Tarragona Joan XXIII,blk_00379,1,20
Alexion Pharma  GmbH,blk_00090,1,12
Alexion Pharma International Srl,blk_00090,1,12
Alexion Pharmaceuticals Inc,blk_00090,1,12
Alfa Wassermann Polska Sp. z o.o.,blk_01182,1,4
Alfa Wassermann SpA,blk_01182,1,4
Alfasigma S.p.a,blk_00365,1,4
Alfred E. Tiefenbacher GmbH  Co. KG,blk_01206,1,3
Algemeen Ziekenhuis Delta,blk_01712,1,2
Algemeen ziekenhuis Rivierenland,blk_01712,1,2
"Algeta ASA, Oslo, Norway",blk_00943,1,2
Alimentiv Inc,blk_00945,1,2
Alimera Sciences Europe Limited,blk_01713,1,2
Alimera Sciences Inc,blk_01713,1,2
"Alios BioPharma, Inc.",blk_01207,1,2
Alk-Abello A/S,blk_00925,1,8
"Alkahest, Inc",blk_00650,1,2
All Ireland Co-operative Oncology Research Group ICORG,blk_00467,1,6
All Ireland Cooperative Oncology Research Group  ICORG,blk_00297,1,18
All Ireland Cooperative Oncology Research Group ICORG,blk_00297,1,18
All-Ireland Cooperative Oncology Research Group,blk_00297,1,18
"Allakos, Inc.",blk_00780,1,2
"Allan Vaag, Steno Diabetes Center",blk_00171,1,14
Allecra Therapeutics,blk_01208,1,2
Allergan LTD,blk_00080,1,13
Allergan Pharmaceuticals International Limited,blk_00080,1,13
"Allergan, Ltd.",blk_00080,1,13
Allergie-Centrum Charit,blk_01209,1,4
Allergie-Centrum-Charit Universittsmedizin Berlin,blk_00068,1,40
"Allergie-Centrum-Charit, Charit - Universittsmedizin Berlin",blk_00068,1,40
"Allergie-Centrum-Charit, Department of Dermatology and Allergy, Charit - Universittsmedizin Berlin",blk_00068,1,40
"Allergopharma Joachim Ganzer KG an afilliate of Merck KGaA, Darmstadt",blk_00366,1,5
Allergy Unit Department of Oto-rhino-Laryngology  Lund/Malm University Hospital,blk_00536,1,14
Allgemeines Krankenhaus Der Stadt Wien Universitatskliniken / Medical University Of Vienna,blk_00041,1,40
"Allgemeines Krankenhaus Wien, Medizinische Un iversitt Wien / Allgemeines Krankenhaus Wien, Medizinische Universitt Wien",blk_00113,1,40
Alliance Foundation Trials LLC,blk_01210,1,5
Alliance pour la recherche en cancrologie,blk_01176,1,4
Alllergopharma Joachim Ganzer KG,blk_00366,1,5
Alloksys Life Sciences BV,blk_01211,1,2
"Allos Therapeutics Inc.,",blk_00781,1,4
"Allos Therapeutics, Inc",blk_00781,1,4
Almirall Ltd.,blk_00165,1,18
Almirall Prodesfarma,blk_01183,1,4
Almirall Prodesfarma S.A.,blk_01183,1,4
"Almirall, SAS",blk_00165,1,18
Alnylam Pharmaceuticals Inc. / Alnylam Pharmaceuticals Inc. / Alnylam Pharmaceuticals Inc.,blk_00159,1,5
Alpha Bioresearch S.L. / Yaqrit Limited,blk_01714,1,3
"Alpine Immune Sciences, Inc.",blk_01212,1,2
Althaia Xarxa Assistencial Universitria de Manresa. Fundaci Privada.,blk_01715,1,5
Altos Biologics Inc.,blk_00255,1,33
AlzeCure Pharma AB,blk_01716,1,2
Alzecure Pharma AB,blk_01716,1,2
Alzheon Inc.,blk_01717,1,2
"Alzheon, Inc.",blk_01717,1,2
"Amar Agha, Beaumont Hospital",blk_00963,1,4
Amarin Neuroscience Ltd,blk_01214,1,2
Ambit BioSciences Corporation,blk_01718,1,2
Ambit Biosciences Corporation,blk_01718,1,2
"Ambrx, Inc.",blk_01719,1,2
"Ambrx, Inc., USA",blk_01719,1,2
"Ambulance Service, Stockholm City Council",blk_00432,1,15
Amersham Health,blk_01669,1,3
Amersham Health S.A. parte de GE Healthcare Ltd y sus filiales,blk_00378,1,14
Amersham Health SA Parte de GE Healthcare Ltd. y sus filiales,blk_00378,1,14
Amersham plc,blk_01669,1,3
"Amersham plc and its Amersham Health affiliates, trading as GE Healthcare",blk_00378,1,14
Amgen Development Europe,blk_00011,1,15
Amgen Incorporated,blk_00011,1,15
Amgen S.A.,blk_00011,1,15
Amicus Therapeutics,blk_00213,1,6
"Amicus Therapeutics, UK Limited",blk_00213,1,6
"Amicus Therapeutics, UK Ltd",blk_00213,1,6
Ammax Bio Inc.,blk_01213,1,2
Amo Pharma Limited,blk_01670,1,3
Amphia,blk_00948,1,4
Amphia ziekenhuis,blk_00948,1,4
"Amplyx Pharmaceuticals, Inc., a wholly owned subsidiary of Pfizer, Inc.",blk_01502,1,33
Amryt Pharmaceuticals DAC,blk_01215,1,3
Amryt Pharmaceuticals Designated Activity Company,blk_00382,1,6
Amryt Research Limited,blk_01215,1,3
"Amsterdam AMC, locatie AMC",blk_00339,1,19
Amsterdam UMC - AMC,blk_00042,1,36
Amsterdam UMC - location VUmc,blk_00042,1,36
Amsterdam UMC - location Vrije Universiteit Amsterdam,blk_00042,1,36
Amsterdam UMC / s Heeren Loo,blk_00042,1,36
Amsterdam UMC Stichting / Proctos kliniek,blk_00042,1,36
Amsterdam UMC Stichting / ZonMw,blk_00042,1,36
Amsterdam UMC location VUmc,blk_00042,1,36
Amsterdam UMC-AMC,blk_00042,1,36
Amsterdam Univeristy Medical Center - Vu Univeristy Medical Center,blk_00053,1,33
Amsterdam University Medical Center,blk_00042,1,36
Amsterdam University Medical Centers - location AMC,blk_00339,1,19
Amsterdam University Medical Centre,blk_00042,1,36
Amtssygehuset i Roskilde,blk_01720,1,6
Amyloid Center - Biotechnology Research Laboratories Policlinico San Matteo,blk_00077,1,4
Amzell BV,blk_00950,1,2
Ana Boto de los Bueis,blk_01671,1,8
Ana M. Wgner,blk_01671,1,8
Ana Vallejo De la Cueva,blk_01671,1,8
Ana Vallejo de la Cueva,blk_01671,1,8
Ana de Pedro Muoz,blk_01671,1,8
"Anaesthesia Department, Hvidovre Hospital, Capital Region of Denmark",blk_00221,1,34
"Anaesthesia and Operative Services, Kuopio University Hospital",blk_00430,1,8
"Anaesthesiology Department. Universitary Hospital Vall dHebron, Barcelona.",blk_00268,1,40
"AnaptysBio, Inc.",blk_00568,1,5
Anaptysbio Inc. / Anaptysbio Inc.,blk_00568,1,5
"Anders Gadegaard Jensen,Anesthesia and Intensive Care Unit, Odense University Hospital",blk_00028,1,40
"Anders Nyboe Andersen, klinikchef dr.med., Fertilitetsklinikken 4071, Rigshospitalet",blk_00014,1,40
"Anders Nyboe Andersen, klinikchef, dr. med., Fertilitetsklinikken afsnit 4071, Rigshospitalet",blk_00014,1,40
Andi-Ventis Ltd.,blk_01217,1,2
Andrea Di Marco,blk_01721,1,2
Andromeda Biotec Ltd,blk_01218,1,2
Andrs Poveda,blk_01722,1,2
"Anesthesiology Clinic,Akademiska Sjukhuset, Uppsala",blk_00210,1,34
Angelini Pharma Italia Aziende Chimiche Riunite Angelini Francesc O A.C.R.A.F. S.p.A.,blk_00447,1,11
Angelini Pharma Italia Aziende Chimiche Riunite Angelini Francesc O A.C.R.A.F. S.p.A. Enunciabile Anche Angelini Pharma Italia S.p.A. Angelini Pharma S.p.A. A.C.R.A.F. S.p.A. Acraf S.p.A. Angelini S.p.A. Aziende Chimiche Riunite Angelini Francesco A.C.R.A.F. S.p.A.,blk_00447,1,11
Anna Coquard Rafales,blk_00646,1,13
Anna Karlberg,blk_00646,1,13
Anna Meuronen,blk_00646,1,13
Anna Suy Franch,blk_00646,1,13
Anna-Kaisa Tuomaala,blk_00646,1,13
Anna-Liisa Kautio,blk_00646,1,13
Anne Mette Hvas,blk_01723,1,2
Anne Pesonen,blk_01724,1,2
Anne Ristikankare,blk_01725,1,2
Anne-Mette Hvas,blk_01723,1,2
Annexon Biosciences,blk_01220,1,3
Anstesiologisk Afd. Herlev Hospital,blk_00271,1,26
"Anstesiologisk Afd. I, Skejby Sygehus",blk_01726,1,2
"Anstesiologisk-intensiv afd V, Odense Universitets Hospital",blk_00028,1,40
Anstesisektor Nordjylland,blk_01727,1,2
Anthera Pharmaceuticals Incorporated,blk_00926,1,4
"Anthera Pharmaceuticals, Inc",blk_00926,1,4
"Anthera Pharmaceuticals, Inc.",blk_00926,1,4
Anthos Therapeutics,blk_00782,1,2
Antibiotic-Razgrad AD,blk_01728,1,2
Antibiotice S.A. / Iasis Pharmaceuticals Hellas A.B.E.E.,blk_00651,1,3
Antibiotice S.A. / Iasis Pharmaceuticals Hellas S.A.,blk_00651,1,3
Antigenics Inc,blk_01729,1,2
Antigenics Inc.,blk_01729,1,2
Antisense Pharma GmbH,blk_01730,1,4
Antisense Therapeutics Limited,blk_01730,1,4
Antisense Therapeutics Ltd,blk_01730,1,4
Antisense Therapeutics Ltd.,blk_01730,1,4
Antisoma Research Ltd,blk_01221,1,3
Antisoma Research Ltd.,blk_01221,1,3
Antoni Sabat Pes Servicio de Anestesiologa y Reanimacin del Hospital Universitari de Bellvitge,blk_01587,1,4
Antoni van Leeuwenhoek - Netherlands Cancer Institute,blk_00072,1,24
Antoni van Leeuwenhoek Hospital-Nuclear Medicine department,blk_00072,1,24
Antoni van Leeuwenhoek ziekenhuis,blk_00072,1,24
Antoni van leeuwenhoek,blk_00072,1,24
Antonio Antela Lpez,blk_01673,1,2
Antonio Cubillo Gracin Servicio de Oncologa Mdica - Hospital MD Anderson,blk_01386,1,3
Antonio Prez Martnez,blk_01429,1,3
Antonio Zebenzui Gimeno Garca,blk_01731,1,2
Antwerp University Hospital : Department Respiratory Medicine,blk_00130,1,14
"Antwerp University Hospital, Department Thoracic Oncology",blk_00130,1,14
Apellis Pharmaceuticals,blk_00504,1,4
Aphaia Pharma AG,blk_01732,1,2
Aphaia Pharma US LLC,blk_01732,1,2
ApoPharma,blk_00505,1,3
ApoPharma Incorporated,blk_00505,1,3
Apodemus Aktiebolag,blk_01222,1,2
Apogenix AG,blk_01733,1,2
Apogenix GmbH,blk_01733,1,2
Apogepha Arzneimittel GmbH,blk_00928,1,2
Apotex Inc,blk_01184,1,3
Apotex Inc.,blk_01184,1,3
Applied Genetic Technologies Corporation,blk_01022,1,3
Aptalis Pharma Canada Inc.,blk_01734,1,3
Aptalis Pharma US Inc.,blk_01734,1,3
Apurano Pharmaceuticals GmbH,blk_00803,1,2
Aquinox Pharmaceuticals Canada Inc.,blk_01674,1,3
Aquinox Pharmaceuticals Inc.,blk_01674,1,3
Aragon Pharmaceuticals Inc.,blk_00828,1,2
Arakis Ltd,blk_01224,1,2
Arbeitsgemeinschaft Medikamentoese Tumortherapie gGmbH,blk_00290,1,6
Arbeitskreis fr urologische Onkologie der sterr. Gesellschaft fr Urologie und Andrologie AUO,blk_01680,1,2
Arbor Biotechnologies Inc.,blk_01735,1,2
"Arbor Pharmaceuticals, LLC.",blk_01735,1,2
Archimedes Development Ltd,blk_01736,1,2
Archimedes Development Ltd.,blk_01736,1,2
Archivel Farma  S.L.,blk_00226,1,40
Archivel Farma S.L.,blk_00226,1,40
Arctic Bioscience AS,blk_01737,1,3
Arctic Therapeutics ehf,blk_01737,1,3
Arctic Therapeutics ehf.,blk_01737,1,3
Arcturus Therapeutics Europe B.V.,blk_01738,1,2
"Arcturus Therapeutics, Inc.",blk_01738,1,2
Arcutis Pharmaceuticals,blk_00652,1,2
Ardea Biosciences Inc.,blk_00342,1,2
Aristotle University Of Thessaloniki,blk_01739,1,3
Aristotle University Thessaloniki,blk_01739,1,3
Aristotle University of Thessaloniki,blk_01739,1,3
Ark Biosciences Pty Ltd.,blk_01226,1,3
"Ark Therapeutics, Ltd.",blk_01226,1,3
Array BioPharma Inc. a wholly owned subsidiary of Pfizer Inc,blk_00228,1,4
Array BioPharma Inc. a wholly owned subsidiary of Pfizer Inc.,blk_00228,1,4
Array Biopharma Inc.,blk_00228,1,4
Arrow Therapeutics Ltd. a member of the AstraZeneca group of companies,blk_00002,1,40
"Arrowhead Pharmaceuticals, Inc",blk_00229,1,4
Arthritis Alaptvny,blk_01271,1,2
Arvinas Androgen Receptor Inc.,blk_00506,1,4
Arvinas Estrogen Receptor Inc.,blk_00506,1,4
"Arvinas Estrogen Receptor, Inc. Arvinas",blk_00506,1,4
Aryogen Pharmed,blk_01740,1,2
Asarina Pharma,blk_01228,1,2
Asbjrn Mohr Drewes,blk_01741,1,2
Ashford  St. Peters Hospitals NHS Trust,blk_01229,1,3
Ashford and St Peters Hospitals NHS Trust,blk_01229,1,3
AskBio France,blk_00954,1,3
Askbio Inc. / AskBio France,blk_00954,1,3
Asklepios Fachkliniken Mnchen Gauting,blk_00327,1,40
Asklepios Klinik Sankt Augustin,blk_01230,1,6
Asklepios Klink Sankt Augustin,blk_01230,1,6
Asklepios Krankenhaus Weienfels,blk_01230,1,6
Asklepios-Klinik Sankt Augustin,blk_01230,1,6
Aslan Pharmaceuticals Pte Ltd,blk_01185,1,2
Asociacin Andaluza de Hematologa,blk_01232,1,7
Asociacin Andaluza de Hematologa y Hemoterapia,blk_01232,1,7
Asociacin Andaluza de Hematologa y Hemoterapia.,blk_01232,1,7
Asociacin Dr. Peset para  el estudio de la Hematologa ADOPEH.,blk_01742,1,2
Asociacin HHT Espaa,blk_01585,1,8
Asociacin Instituto de Investigacin Sanitaria BioCruces,blk_01743,1,2
Asociacin Terapeutica en Hematologia y Oncologa Mdicas,blk_01232,1,7
Asociacin Teraputica Investigacin Oncolgica ATRIO / Fundacin para el Fomento de la Investigacin Sanitaria y Biomdica de la Comunidad Valenciana FISABIO,blk_01744,1,3
Asociacin de Investigacin Hepatolgica y Transplante Heptico Infantil,blk_01745,1,2
Asociacin de Oncologa Mdica del Hospital de Cruces ASONMEC,blk_01386,1,3
Asociacin para el Estudio de las Enfermedades Infecciosas,blk_01316,1,11
Asociacin para el estudio de enfermedades infecciosas,blk_01316,1,11
Asociacin para la investigacin de Nefrologa Infantil,blk_01745,1,2
Asociacion Instituto De Investigacion Sanitaria Bioaraba,blk_00656,1,5
Asociacion Instituto De Investigacion Sanitaria Bioaraba / Laboratorios Ern S.A.,blk_00656,1,5
Aspreva International Ltd.,blk_01746,1,3
Aspreva Pharmaceuticals Corporation,blk_01746,1,3
Aspreva pharmaceuticals Corporation,blk_01746,1,3
Assembly Biosciences Inc.,blk_00955,1,3
"Assembly Biosciences, Inc.",blk_00955,1,3
Assistance Pubique Hpitaux de Marseille,blk_00248,1,2
Assistance Publique  Hpitaux de Paris / DRCI,blk_00008,1,40
Assistance Publique - Hopitaux de Paris,blk_00008,1,40
Assistance Publique - Hpitaux Paris,blk_00008,1,40
Assistance Publique - Hpitaux de Paris AP-HP,blk_00008,1,40
Assistance Publique -Hopitaux de Paris,blk_00008,1,40
Assistance Publique -Hpitaux de Paris,blk_00008,1,40
Assistance Publique Hopitaux De Paris / Assistance Publique Hopitaux De Paris / Assistance Publique Hopitaux De Paris,blk_00008,1,40
Assistance Publique Hopitaux de Paris,blk_00008,1,40
Assistance Publique Hpitaux de MARSEILLE,blk_00008,1,40
Assistance Publique des Hpitaux de Paris,blk_00008,1,40
Assistance Publique- Hpiaux de Paris,blk_00008,1,40
Assistance Publique-Hpitaux de Paris,blk_00008,1,40
Assistance publique Hopitaux de Paris/ DRCI,blk_00008,1,40
Assistance publique hpitaux de marseille,blk_00008,1,40
Assitance Publique-Hopiaux de Paris,blk_01747,1,2
Assitance Publique-Hpitaux de Paris,blk_01747,1,2
Associaci Catalana per a la Recerca Oncolgica i les seves implicacions Sanitries i Socials,blk_01233,1,5
Associaci Per a la Recerca OncolgicaAPRO,blk_01233,1,5
Associaci Per la Recerca Oncolgica APRO,blk_01233,1,5
Association For Innovation And Biomedical Research On Light And Image,blk_00767,1,9
Association Hospitalire CHU Brugmann,blk_00457,1,5
Association International Extranodal Lymphoma Study Group,blk_00437,1,22
"Association REDAR, Hpital Ambroise Par, Service dAnesthsie et de Ranimation",blk_01261,1,3
Association hospitalire CHU BRUGMANN,blk_00457,1,5
Association pour la promotion de la ranimation mdicale  Tours,blk_00124,1,11
Associazione Italiana Pazienti Leucemia Mieloide Cronica AIPLMC,blk_00561,1,12
Associazione Italiana Per Lo Studio Del Pancreas,blk_00561,1,12
Associazione Malattie Sangue ONLUS,blk_00199,1,4
Associazione Malattie Sangue Onlus,blk_00199,1,4
Associazione Progetto Oncologia UMAN.A,blk_01748,1,2
Astellas,blk_00081,1,28
Astellas Pharma BV,blk_00081,1,28
Astellas Pharma Europe BV APEB,blk_00081,1,28
Astellas Pharma Europe Ltd. APEL,blk_00081,1,28
Astellas Pharma Global Development,blk_00081,1,28
"Astellas Pharma Global Development, Inc APGD",blk_00081,1,28
"Astellas Pharma Global development, Inc",blk_00081,1,28
Astellas Pharma Inc,blk_00081,1,28
Astellas Pharma Inc.,blk_00081,1,28
"Astellas Pharma US, Inc",blk_00081,1,28
Astellas US Pharma US Inc.APUS,blk_00081,1,28
Astex Therapeutics Ltd,blk_00449,1,3
AstraZeneca  AB,blk_00002,1,40
AstraZeneca AB / AstraZeneca AB,blk_00002,1,40
AstraZeneca AB / Icosavax Inc.,blk_00002,1,40
"AstraZeneca AB, 151 85 Sdertlje, Sweden",blk_00002,1,40
"AstraZeneca AB, AstraZeneca Sverige",blk_00002,1,40
"AstraZeneca AB, RD Mlndal",blk_00002,1,40
"AstraZeneca Farmacutica Spain, S.A",blk_00002,1,40
AstraZeneca NV/SA,blk_00002,1,40
AstraZeneca Pharmaceuticals,blk_00002,1,40
AstraZeneca RD Sodertalje,blk_00002,1,40
AstraZeneca S.A.S,blk_00002,1,40
AstraZeneca Singapore Pte Ltd,blk_00002,1,40
AstraZeneca Sverige,blk_00002,1,40
AstraZeneca oy,blk_00002,1,40
"AstraZeneca, AB",blk_00002,1,40
Astrazeneca AB / Astrazeneca AB,blk_00002,1,40
"Asubio Pharmaceuticals, Inc.",blk_01749,1,2
Atea Pharmaceuticals Inc. / Atea Pharmaceuticals Inc.,blk_00958,1,3
Athena Care/ Isala Klinieken,blk_00704,1,13
"Athenex, Inc",blk_01750,1,2
"Athenex, Inc.",blk_01750,1,2
Athens Medical Society,blk_01084,1,6
"Athersys, Inc",blk_01751,1,2
"Athersys, Inc.",blk_01751,1,2
Atopix Therapeutics Ltd.,blk_01752,1,2
"Atopix Therapeutics Ltd.,",blk_01752,1,2
Atossa Genetics Inc,blk_01753,1,2
Atossa Therapeutics Inc.,blk_01753,1,2
Atrium Medical Centre,blk_01754,1,2
Atrium Medical Corporation,blk_01754,1,2
Atrium Medisch Centrum Parkstad,blk_00108,1,18
Audentes Therapeutics Inc.,blk_01755,1,2
"Audentes Therapeutics, Inc.",blk_01755,1,2
Augenklinik der LMU Mnchen,blk_00327,1,40
Augenklinik des Universittsklinikums Erlangen,blk_00156,1,25
Aumed a.s.,blk_01756,1,2
Auris ehf.,blk_00507,1,4
"Australasian Gastro-Intestinal Trials Group, Sydney University",blk_01757,1,3
Australasian GastroIntestinal Trials Group,blk_01757,1,3
"Australian Kidney Trials Network, University of Queensland",blk_01758,1,4
Austrian Breast  Colorectal Cancer Study Group ABCSG,blk_00309,1,14
Austrian Breast and Colorectal Cancer Study Group ABCSG,blk_00309,1,14
Austrian Forum against Cancer,blk_00679,1,4
Autolus Ltd,blk_00367,1,2
Aventis Inc.,blk_00024,1,40
Aventis Intercontinental - Sanofi-aventis,blk_00764,1,18
Aventis Pasteur MSD SNC,blk_00132,1,17
Aventis Pharma,blk_00024,1,40
Aventis Pharma Deutschland GmbH,blk_00012,1,18
Aventis Pharma Ltd trading as sanofi-aventis,blk_00764,1,18
Aventis Pharma Ltd.,blk_00024,1,40
Aventis Pharma s.r.o.,blk_00024,1,40
"Aventis Pharma, S.A.",blk_00024,1,40
"Aventis Pharmaceuticals, Inc. a subsidiary of sanofi-aventis group",blk_00024,1,40
Avera Pharmaceuticals Inc.,blk_01682,1,2
"Avid Radiopharmaceuticals, Inc",blk_01187,1,3
Axcan Pharma Inc. Axcan Pharma International BV is subsidiary of Axcan Pharma Inc.,blk_00786,1,5
Axcan Pharma S.A.,blk_00786,1,5
Axonyx Corporation,blk_00959,1,3
Axonyx Inc.,blk_00959,1,3
Axovant Sciences Inc.,blk_01237,1,3
Axovant Sciences Limited,blk_01237,1,3
Axxonis Pharma AG,blk_01759,1,2
Axxonis Pharma GmbH,blk_01759,1,2
Azienda Ospedale-Universita Padova,blk_00185,1,8
"Azienda Ospedaliera Fatebenefratelli e Oftalmico - Milano, Italy",blk_01506,1,2
Azienda Ospedaliera L. Sacco - Clinica Pediatrica,blk_00178,1,11
Azienda Ospedaliera Ospedali Riuniti Marche Nord,blk_00211,1,9
Azienda Ospedaliera Papa Giovanni XXIII / AISF Associazione Italiana per lo Studio del Fegato,blk_00561,1,12
Azienda Ospedaliera Universitaria S.Martino - U.O. Oncologia Medica - Genova,blk_01760,1,3
Azienda Ospedaliera Universitaria Senese,blk_00157,1,3
Azienda Ospedaliera di Perugia,blk_00770,1,8
"Azienda Ospedaliera, Polo Universitario Luigi Sacco, Milano",blk_00260,1,5
"Azienda Ospedaliero Universitaria Careggi, Firenze",blk_00289,1,5
Azienda Ospedaliero Universitaria Meyer IRCCS,blk_00564,1,6
Azienda Ospedaliero-Universitaria S. Andrea,blk_01721,1,2
Azienda Provinciale Per I Servizi Sanitari,blk_00776,1,7
Azienda Sanitaria Locale Della Provincia Di Biella,blk_00776,1,7
Azienda Socio Sanitaria Territoriale Di Lodi,blk_01238,1,4
Azienda Socio Sanitaria Territoriale Papa Giovanni Xxiii,blk_00931,1,4
Azienda USL IRCCS Di Reggio Emilia,blk_01761,1,3
Azienda Unit Sanitaria Locale - IRCCS di Reggio Emilia,blk_01761,1,3
Azienda Unit Sanitaria Locale-IRCCS di Reggio Emilia,blk_01761,1,3
Azienda Unita Sanitaria Locale Toscana Nord Ovest,blk_00219,1,8
Azienda ospedaliera universitaria Ospedali Riuniti,blk_00211,1,9
Aziende Chimiche Riunite Angelini Francesco - ACRAF S.p.A.,blk_00447,1,11
Aziende Chimiche Riunite Angelini Francesco ACRAF S.p.A,blk_00447,1,11
Aziende Chimiche Riunite Angelini Francesco ACRAF S.p.A Angelini S.p.A.,blk_00447,1,11
Aziende Chimiche Riunite Angelini Francesco S.p.A,blk_00447,1,11
B Braun Medical S.A.,blk_00450,1,4
B. Braun Medical s.r.o.,blk_00450,1,4
B.Braun Melsungen AG,blk_00450,1,4
BAMBINO GESU CHILDRENS HOSPITAL,blk_00438,1,6
BASQUE HEALTH SYSTEM,blk_01242,1,4
BAXALTA INNOVATIONS GMBH,blk_00091,1,14
BAXTER HEALTHCARE CORPORATION,blk_00091,1,14
BAXTER SAS RD Parenteral Nutrition,blk_01243,1,3
BAYER AG,blk_00015,1,40
BAYER Healthcare AG,blk_00015,1,40
BAYER SANTE,blk_00015,1,40
BAYER Vital GmbH,blk_00015,1,40
BCN Peptides,blk_01239,1,3
BEAUFOUR IPSEN Pharma,blk_00136,1,37
BECRO Cyprus Ltd,blk_01762,1,4
BELFAST HEALTH  SOCIAL CARE TRUST - BELFAST CITY HOSPITAL,blk_00246,1,18
BG University Hospital Bergmannsheil GmbH,blk_01763,1,3
BG university hospital Bergmannsheil GmbH,blk_01763,1,3
"BG-Kliniken Bergmannsheil, Dept. of Pain Management",blk_01763,1,3
BGOG-UZLeuven,blk_00022,1,39
BGP Kranj,blk_01764,1,2
"BGP Kranj / Katedra za biofarmacijo in farmakokinetiko,  Fakulteta za farmacijo",blk_01764,1,2
"BIAL   Portela  Ca, S.A.",blk_00262,1,14
"BIAL  Portela  C, S.A.",blk_00262,1,14
"BIAL - PORTELA amp C, S.A.",blk_00262,1,14
"BIAL INDUSTRIAL FARMACEUTICA, S.A.",blk_00790,1,11
BIAL Industrial Farmaceutica,blk_00790,1,11
"BIAL Portela  C, S.A.",blk_00262,1,14
"BIAL Portela  Companhia, S.A.",blk_00262,1,14
"BIAL-Portela  Ca, S.A.",blk_00262,1,14
"BIAL-Portela  Ca, SA",blk_00262,1,14
BIO PRODUCTS LABORATORY LIMITED BPL,blk_00791,1,4
BIODEL Inc,blk_01240,1,5
BIOGAIA PHARMA,blk_01765,1,2
BIOGEN IDEC ITALIA S.R.L.,blk_00037,1,20
BIOGEN-DOMPE SRL,blk_00374,1,5
BIOIBRICA S.A,blk_01766,1,3
BIOIBRICA S.A.,blk_01766,1,3
BIONORICA AG,blk_00368,1,4
BIOTEST AG,blk_00166,1,2
BIOVITRUM AB,blk_00554,1,13
BIRD vzw Belgian IBD Research and Development,blk_01245,1,3
BODE Chemie GmbH,blk_00571,1,11
BODE Chemie GmbH  Co,blk_00571,1,11
BODE Chemie GmbH  Co.,blk_00571,1,11
BOOG Study Center B.V,blk_00657,1,3
BRC operations Pty. Ltd,blk_01767,1,2
BRC operations Pty. Ltd.,blk_01767,1,2
BRISTOL-M.SQUIBB,blk_00004,1,25
BRISTOL-MYERS SQUIBB INTERNATIONAL CORPORATION,blk_00004,1,25
BTI BIOTECHNOLOGY INSTITUTE IMASD,blk_01768,1,3
BTI Biotechnology Institute I mas D,blk_00966,1,3
BTI I MAS D,blk_01768,1,3
BTI I MAS D S.L.,blk_01768,1,3
Balkanpharma-Razgrad AD,blk_01728,1,2
Banc de Sang i teixits,blk_00451,1,3
Barcelona Macula Foundation,blk_01769,1,2
Barcelona Macula Foundation Research for Vision,blk_01769,1,2
Barrier Therapeutics Inc.,blk_00787,1,3
Barts  Health NHS Trust,blk_00245,1,12
Barts  The London NHS Trust,blk_00245,1,12
Barts  the London NHS Trust,blk_00245,1,12
"Barts and the London NHS Trust, Department of Cardiology",blk_00245,1,12
Basic Pharma Technologies,blk_01770,1,2
Basque Health System,blk_01242,1,4
Bausch Health Americas Inc.,blk_00046,1,38
Bausch Health Americas Inc. / Bausch Health Americas Inc.,blk_00046,1,38
"Bausch Health Americas, Inc.",blk_00046,1,38
"Bavarian Nordic, Inc.",blk_00452,1,2
Baxalta Innovation GmbH,blk_01771,1,2
Baxalta US Inc.,blk_01771,1,2
"Baxter Healthcare Corporation, Baxter BioScience",blk_00091,1,14
Baxter R and D Europe SCRL,blk_01243,1,3
Baxter RD Europe S.C.R.L,blk_00091,1,14
Baxter RD Europe S.C.R.L.,blk_00091,1,14
Baxter SAS,blk_00091,1,14
Bayer - AG,blk_00015,1,40
"Bayer AG,",blk_00015,1,40
"Bayer AG, D-51368 Leverkusen, Germany",blk_00015,1,40
Bayer B.V.,blk_00015,1,40
Bayer Consumer Care AG / Bayer Consumer Care AG / Bayer AG,blk_00015,1,40
"Bayer Consumer Care, Research  Development",blk_00015,1,40
Bayer HealthCare,blk_00015,1,40
Bayer HealthCare AG / Bayer HealthCare A/S,blk_00015,1,40
Bayer HealthCare AG D-51368 Leverkusen,blk_00015,1,40
"Bayer HealthCare AG, D51368 Leverkusen",blk_00015,1,40
"Bayer HealthCare AG, Leverkusen, D-51368 Germany",blk_00015,1,40
"Bayer HealthCare AG, Leverkusen, Germany",blk_00015,1,40
Bayer HealthCare AG/Bayer Schering Pharma AG,blk_00015,1,40
Bayer HealthCare Aktiengesellschaft,blk_00015,1,40
Bayer HealthCare LLC/Biological Products,blk_00015,1,40
Bayer HealthCare Pharmaceuticals INC,blk_00015,1,40
Bayer HealthCare Pharmaceuticals Inc,blk_00015,1,40
Bayer HealthCare Pharmaceuticals Inc.,blk_00015,1,40
"Bayer HealthCare Pharmaceuticals, Inc.",blk_00015,1,40
"Bayer Healthcare AG, Leverkusen",blk_00015,1,40
Bayer Healthcare LLC,blk_01772,1,9
Bayer Healthcare LLC.,blk_01772,1,9
Bayer Inc.,blk_01772,1,9
Bayer Pharmaceutical,blk_01772,1,9
Bayer Pharmaceuticals Corporation,blk_01772,1,9
Bayer Schering Pharma AG / Biogen Idec,blk_00037,1,20
Bayer Schering Pharma AG BSP,blk_01772,1,9
Bayer Schering Pharma Oy,blk_00170,1,31
Bayer SpA,blk_01772,1,9
Bayer plc,blk_01772,1,9
Beacon Hospital,blk_01773,1,2
Beacon Therapeutics (USA) Inc.,blk_01773,1,2
"Beatrix Childrens Hospital, University Medical Center Groningen",blk_00021,1,22
"Beaufour Ipsen Pharma - 24, rue Erlanger 75016 Paris FRANCE",blk_00136,1,37
Beaufour Ipsen Pharma S.A.S.,blk_00136,1,37
Beaufour Ipsen Pharma-Ipsen Biotech Department,blk_00136,1,37
Beaufour Ipsen pharma,blk_00136,1,37
Beaumont Hospital/RCSI,blk_00963,1,4
Becro (Cyprus) Limited,blk_01762,1,4
"Becton, Dickinson and Company",blk_01244,1,2
"BeiGene Ltd., c/o BeiGene USA Inc.",blk_00343,1,8
"BeiGene Ltd., c/o BeiGene USA, Inc.",blk_00343,1,8
"BeiGene, Ltd",blk_00343,1,8
"BeiGene, Ltd. c/o BeiGene USA, Inc.",blk_00343,1,8
Belfast  Health and Social Care Trust,blk_00246,1,18
Belfast HSC Trust / Queens University Belfast,blk_00246,1,18
Belfast Health  Social Care Trust / South Eastern Health  Social Care Trust,blk_00246,1,18
"Belfast Health and Social Care Trust / Queens University Belfast, Research and Regional Services",blk_00246,1,18
Belfast Health and Social Care Trust BHSCT,blk_00246,1,18
"Belfast Health and Social Care Trust, Musgrave Park Hospital",blk_00246,1,18
Belgian IBD research and development,blk_01245,1,3
Belgian Society Of Medical Oncology,blk_01498,1,12
Belgian Society of Medical Oncology,blk_01498,1,12
"Bellerophon Pulse Technologies, LLC",blk_01246,1,2
BenevolentAI Bio,blk_01774,1,2
BenevolentAI Bio Limited,blk_01774,1,2
BenevolentAI Cambridge Ltd.,blk_00123,1,28
"Bente Langdahl, consultant, ass. professor, PhD, DMSc",blk_01775,1,2
Bente Lomholt Langdahl,blk_01775,1,2
"Bente Lomholt Langdahl, Dept. of Endocrinology and Internal Medicine, Aarhus University Hospital",blk_01776,1,3
Bergenbio ASA,blk_01247,1,2
Berlin Cures GmbH,blk_01202,1,4
Bernardino Clavo - Hospital Dr. Negrin,blk_01777,1,4
Bernardino Clavo - Hospital Dr. Negrn,blk_01777,1,4
Bernhard-Nocht-Institute for Tropical Medicine,blk_00470,1,9
"Bert Mueller, Dep. Ophthalmology",blk_01778,1,3
Berufsgenossenschaftliche Unfallklinik,blk_01779,1,2
Berufsgenossenschaftliche Universittsklinik Bergmannsheil GmbH,blk_01779,1,2
Berufsverband der niedergelassenen gynkologischen Onkologen in Deutschland e.V. BNGO e.V.,blk_01780,1,2
Besancon University Hospital,blk_01781,1,2
Beta Innov,blk_00855,1,4
Bethesda Diabetes Research Center,blk_01782,1,2
Bethesda Diabetes Research Center B.V.,blk_01782,1,2
Bial  Portela  C S.A,blk_00262,1,14
Bio-Thera Solutions Ltd.,blk_00792,1,3
"BioAegis Therapeutics, Inc.",blk_01783,1,2
BioAtla,blk_01784,1,2
BioAtla Inc.,blk_01784,1,2
BioCryst Pharmaceuticals,blk_00344,1,5
BioElectron Technology Corporation formerly Edison Pharmaceuticals Inc.,blk_01319,1,2
BioGaia Pharma AB,blk_01765,1,2
BioGeneriX  AG,blk_00509,1,3
BioLineRx Ltd.,blk_01785,1,3
"BioLineRx, Ltd.",blk_01785,1,3
BioMS Technology Corp,blk_01786,1,2
BioMS Technology Corp.,blk_01786,1,2
BioMarin International Ltd,blk_00099,1,6
BioMarin International Ltd.,blk_00099,1,6
BioNTech Cell & Gene Therapies GmbH,blk_00103,1,3
BioPartners GmbH / LG Life Science Ltd.,blk_01787,1,4
BioVersys SAS,blk_01788,1,2
BioVex Ltd,blk_00964,1,3
"BioVex, Inc.",blk_00964,1,3
"BioXcel Therapeutics, Inc",blk_01789,1,2
"BioXcel Therapeutics, Inc.",blk_01789,1,2
BioXell S.p.A.,blk_00960,1,3
BioXell SpA,blk_00960,1,3
Bioaegis Therapeutics Inc.,blk_01783,1,2
Bioalliance Pharma,blk_01248,1,2
Biocompatibles UK Limited,blk_01249,1,3
Biocompatibles UK Ltd.,blk_01249,1,3
Biocon S.A.,blk_01790,1,2
Biocon Sdn. Bhd.,blk_01790,1,2
Biodel Inc,blk_01240,1,5
Bioenvision,blk_00965,1,2
Biofabri S.L. / Fundacion Para La Investigacion En Urologia,blk_00702,1,11
Bioforce AG Roggwil TG,blk_00631,1,3
Bioforce GmbH,blk_01251,1,2
Biogen Idec A/S,blk_00037,1,20
Biogen Idec GmbH,blk_00037,1,20
Biogen Idec Hemophilia Inc.,blk_00037,1,20
"Biogen Idec Hemophilia, Inc.",blk_00037,1,20
Biogen Idec Inc,blk_00037,1,20
Biogen Idec Inc. / Biogen Idec Ltd,blk_00037,1,20
Biogen Idec International GmbH,blk_00037,1,20
Biogen Idec Norway,blk_00037,1,20
BiogenIdec A/S,blk_00037,1,20
Biohaven Pharmaceuticals Inc. / Biohaven Pharmaceuticals Inc.,blk_00573,1,4
"Biohaven Pharmaceuticals, Inc",blk_00573,1,4
Biohorm S.L.,blk_01791,1,2
"Biohorm, S.L.",blk_01791,1,2
Bioibrica S.A.,blk_01766,1,3
Bioinvent International AB,blk_00510,1,2
Biolex Therapeutics Inc.,blk_01792,1,2
"Biolex Therapeutics, Inc",blk_01792,1,2
Bioline Rx Ltd.,blk_01785,1,3
"Biologische Heilmittel Heel GmbH,",blk_00511,1,2
BiomX Ltd.,blk_01793,1,2
Biomea Fusion Inc.,blk_01794,1,2
Biomedica Foscama Industria Chimico-Farmaceutica S.p.A.,blk_00214,1,11
Biomet NL,blk_01697,1,2
Biomx Ltd.,blk_01793,1,2
BiondVax Pharmaceuticals Ltd.,blk_01795,1,2
BiondVax Pharmaceuticals ltd,blk_01795,1,2
Biontech US Inc.,blk_00103,1,3
Bioprojet Pharma / Bioprojet Pharma,blk_00194,1,5
Bioresearch Pharma S.A.,blk_01714,1,3
Biota Pharma Europe Limited,blk_01796,1,4
"Biota Pharmaceuticals, Inc.",blk_01796,1,4
Biota Scientific Management Pty Ltd,blk_01796,1,4
Biota Scientific Management Pty Ltd.,blk_01796,1,4
Biotech Tools sa,blk_00793,1,2
Biotechnology Institute I Mas D S.L.,blk_00966,1,3
Biotie Therapies,blk_01797,1,2
Biotie Therapies Inc.,blk_01797,1,2
Biotie Therapies Inc.a wholly owned subsidiary of Acorda Therapeutics Inc.,blk_01502,1,33
Bioverativ Therapeutics Inc. a Sanofi company,blk_00658,1,4
"Bioverativ USA, Inc.",blk_00658,1,4
Bioversys S.A.S.,blk_01788,1,2
Biovitrum AB publ,blk_00554,1,13
Biovitrum AB publ.,blk_00554,1,13
Birmingham Childrens Hospital,blk_00035,1,36
Birmingham Community Healthcare NHS Trust,blk_00035,1,36
Birmingham Heartlands Hospital,blk_00035,1,36
"Birte Nygaard, Dept of Endocrinology, Herelv Hosptial, University og Copenhagen,",blk_01798,1,2
Bispebjerg Hospital / Gentofte Hospital,blk_00122,1,28
"Bispebjerg Hospital, Department of Dermatology and Venereology",blk_00122,1,28
"Bispebjerg Hospital, Respiratory and Allergy Research Unit",blk_00122,1,28
"Bispebjerg and Frederiksberg Hospital, University of Copenhagen",blk_00122,1,28
Bispebjerg hospital,blk_00122,1,28
"Bispebjerg hospital, Dermato-Venerologisk afdeling, Jacob Pontoppidan Thyssen",blk_00122,1,28
Bispebjerg-Frederiksberg Hospital,blk_00122,1,28
Blekinge county council,blk_00432,1,15
"Blodbanken, Rigshospitalet",blk_00014,1,40
Blood Transfusion Centre of Slovenia,blk_00421,1,24
"Blood bank, Rigshospitalet, University Hospital of Copenhagen",blk_00014,1,40
Blue Earth Diagnostics Ireland Limited,blk_01254,1,5
Blue Earth Diagnostics Limited,blk_01254,1,5
Blueberry Therapeutics Ltd,blk_01799,1,2
Blueberry Therapeutics Ltd.,blk_01799,1,2
Blueprint Medicines,blk_00453,1,3
Bo Feldt-Rasmussen,blk_01800,1,2
Boehringer Ingelheim Austia Gm.b.H,blk_00018,1,40
Boehringer Ingelheim Austria GesmbH,blk_00018,1,40
Boehringer Ingelheim B. V.,blk_00018,1,40
Boehringer Ingelheim Coordination Centre Belgium,blk_00018,1,40
Boehringer Ingelheim Danmark A/S,blk_00018,1,40
Boehringer Ingelheim Ellas AE,blk_00018,1,40
"Boehringer Ingelheim Esapaa, S.A.",blk_00018,1,40
Boehringer Ingelheim Espaa S.A,blk_00018,1,40
Boehringer Ingelheim France S.A.S.,blk_00018,1,40
Boehringer Ingelheim GmbH  Co. KG,blk_00018,1,40
Boehringer Ingelheim International GmbH / Boehringer Ingelheim International GmbH,blk_00018,1,40
Boehringer Ingelheim International GmbH / Boehringer Ingelheim International GmbH / Boehringer Ingelheim Espana S.A.,blk_00018,1,40
Boehringer Ingelheim Netherlands B.V.,blk_00018,1,40
Boehringer Ingelheim Pharma Ges.m.b.H.,blk_00018,1,40
Boehringer Ingelheim Pharma GmbH Co KG,blk_01801,1,18
Boehringer Ingelheim Pharma RCV GmbH  Co. KG,blk_01801,1,18
"Boehringer Ingelheim Pharmaceuticals, Inc.",blk_01801,1,18
Boehringer Ingelheim RCV  Co KG,blk_01801,1,18
Boehringer Ingelheim RCV  GmbHCo KG,blk_01801,1,18
Boehringer Ingelheim RCV GesmbH + CoKG,blk_01801,1,18
Boehringer Ingelheim RCV GmBH  Co KG,blk_01801,1,18
Boehringer Ingelheim RCV Gmb  Co KG,blk_01801,1,18
Boehringer Ingelheim RCV GmbHCo KG,blk_01801,1,18
Boehringer Ingelheim b.v.,blk_01801,1,18
Boehringer Ingelheim s.r.o.,blk_01801,1,18
Boehringer ingelheim Pharma GmbH  Co KG,blk_01801,1,18
Boehringer-Ingelheim B.V.,blk_01801,1,18
Boerhinger Ingelheim Pharma GmbH  Co.KG,blk_01801,1,18
Boiron,blk_00961,1,6
Boiron Laboratoires,blk_00961,1,6
Bonaventura Clotet Sala,blk_01802,1,2
Bonaventura Clotet/Ramn Planas/Ricard Sol,blk_01802,1,2
Bone Therapeutics SA,blk_00454,1,6
"Bonkolab, Rigshospitalet",blk_00014,1,40
Boston Medical Group Spain S.L.,blk_00796,1,3
"Boston Pharmaceuticals, Inc.",blk_00796,1,3
Bracco Imaging S.p.A,blk_00247,1,9
Bracco Imaging SPA,blk_00247,1,9
Bracco Imaging SpA,blk_00247,1,9
Bracco Imaging Spa,blk_00247,1,9
"Brain Center Rudolf Magnus, University Medical Center Utrecht, Department of Psychiatry, Utrecht , the Netherlands",blk_00038,1,30
Bridge BioResearch Rights Jersey Ltd,blk_01255,1,2
Brighton and Sussex Universities Hospitals Trust Research and Development Directorate,blk_00967,1,8
Brighton and Sussex University Hospitals NHS Trus,blk_00967,1,8
Bristol Myers Squibb,blk_00004,1,25
Bristol Myers Squibb International Corporation / Bristol Myers Squibb International Corporation,blk_00004,1,25
Bristol-Myers Squibb Company,blk_00004,1,25
Bristol-Myers Squibb International  Corporation,blk_00004,1,25
Bristol-Myers Squibb International Corporation / Bristol-Myers Squibb International Corporation,blk_00004,1,25
Bristol-Myers Squibb S.A.,blk_00004,1,25
Brystkirurgisk afd. F Amtsygehuset i Herlev 18 sal,blk_00271,1,26
Buckinghamshire Healthcare NHS Trust,blk_01803,1,2
Buckinghamshire Hospitals NHS Trust,blk_01803,1,2
C. HOSPITALARIO VIRGEN DEL ROCIO,blk_01804,1,4
C.H.U de Clermont Ferrand,blk_00094,1,12
C.T. Development Switzerland SARL,blk_00492,1,9
C.U.B ERASME HOSPITAL,blk_00320,1,26
CAMBRIDGE UNIVERSITY HOSPITALS FOUNDATION NHS TRUST,blk_00123,1,28
CARDIFF UNIVERSITY,blk_00071,1,9
CARDIOLOGIA UNIVERSITARIA - OSPEDALE CLINICIZZATO SS. ANNUNZIATA - VIA DEI VESTINI - 66013 CHIETI,blk_01805,1,2
CARMEN HIDALGO TENORIO,blk_01806,1,2
CASA SOLLIEVO DELLA SOFFERENZA IRCCS,blk_01807,1,4
CCDRD Cooperative Clinical Drug Research and Development AG / 5med GmbH,blk_00968,1,16
CCDRD Cooperative Clinical Drug Research and Development AG / Biofarm Sp. z o.o.,blk_00968,1,16
CCDRD Cooperative Clinical Drug Research and Development AG / GHF-Golden Heart Flower Ltd.,blk_00968,1,16
CCDRD Cooperative Clinical Drug Research and Development AG / Galmed Research And Development Ltd.,blk_00968,1,16
CCDRD Cooperative Clinical Drug Research and Development AG / Inmunotek S.L. / ClinCompetence Cologne GmbH,blk_00057,1,9
CCDRD Cooperative Clinical Drug Research and Development AG / Invox Belgium,blk_00968,1,16
CCDRD Cooperative Clinical Drug Research and Development AG / Ioulia And Irene Tseti Pharmaceutical Laboratories S.A.,blk_00968,1,16
CCDRD Cooperative Clinical Drug Research and Development AG / Nadezhda Reproductive Science OOD,blk_00968,1,16
CCDRD Cooperative Clinical Drug Research and Development AG / Pharos Pharmaceutical Oriented Services Ltd.,blk_00968,1,16
CCDRD Cooperative Clinical Drug Research and Development AG / PureIMS B.V.,blk_00968,1,16
CCDRD Cooperative Clinical Drug Research and Development AG / Sopharma AD,blk_00968,1,16
CCDRD Cooperative Clinical Drug Research and Development AG / Vaccpower Limited,blk_00968,1,16
"CCIT Center for Cancer ImmunTerapi, Herlev Hospital, Hmatologisk afd 54P4",blk_00271,1,26
CEEGOG reg. ass.,blk_01808,1,2
CEEGOG z.s.,blk_01808,1,2
CELGENE CORPORATION,blk_00030,1,15
CELGENE EUROPE LIMITED,blk_00030,1,15
CELL THERAPEUTICS EUROPE S.r.l.,blk_00831,1,9
CELLDEX THERAPEUTICS,blk_00513,1,5
CELLECTIS SA,blk_01276,1,2
"CELLERIX, S.A.",blk_01256,1,5
"CELLERIX, S.L.",blk_01256,1,5
CELLTRION INC.,blk_00409,1,7
CELLTRION Inc.,blk_00409,1,7
CELSG Central European Leukemia Study Group,blk_00798,1,8
CENTRE DU CANCER - CLINIQUES UNIVERSITAIRES SAINT-LUC,blk_00198,1,26
"CENTRE HOSPITALIER UNIVERSITAIRE DE BORDEAUX, ETABLISSEMENT PUBLIC",blk_00065,1,9
CENTRE HOSPITALIER UNIVERSITAIRE DE LILLE,blk_00231,1,20
CENTRE PAUL PAPIN - IRCAM,blk_01281,1,2
CENTRO NACIONAL DE INVESTIGACIONES CARDIOVASCULARES CARLOS III CNIC,blk_01809,1,12
CENTRO NACIONAL DE INVESTIGACIONES ONCOLOGICAS,blk_01809,1,12
CERENIS THERAPEUTICS,blk_00974,1,3
CESAR Central European Society for,blk_00798,1,8
CESAR Central European Society for Anticancer Drug Research,blk_00798,1,8
CESAR Central European Society for Anticancer Drug Research  EWIV,blk_00798,1,8
CESAR Central European Society for Anticancer Drug Research - EWIV,blk_00798,1,8
CESAR Central European Society for Anticancer Drug Research EWIV,blk_00798,1,8
CH Pau,blk_01391,1,5
CH VERSAILLES,blk_00664,1,7
CH de Versailles,blk_00664,1,7
CHEMO France,blk_00314,1,4
CHI Crteil,blk_00666,1,2
CHIESI ESPAA S.A.U.,blk_00034,1,19
CHIESI FARMACEUTICI SPA,blk_00034,1,19
CHIESI Farmaceutici S.p.A.,blk_00034,1,19
CHR dORLEANS,blk_01286,1,3
CHRU BREST,blk_00230,1,8
CHRU Besanon,blk_00577,1,8
CHRU DE BREST,blk_00230,1,8
CHRU De Lille,blk_00231,1,20
CHRU MONTPELLIER,blk_00197,1,19
CHRU Montpellier - Direction de la Recherche,blk_00197,1,19
"CHRU Montpellier - Direction de la Recherche, Partenariats et Rseaux, Relations avec lUniversit",blk_00197,1,19
"CHRU Montpellier- Direction de la Recherche, Partenariats et Rseaux, Relations avec lUniversit",blk_00197,1,19
CHRU Rennes,blk_00412,1,14
CHRU de LILLE,blk_00231,1,20
CHRU de NANCY,blk_00195,1,17
CHRU-Tours,blk_00124,1,11
CHU  - Hpitaux de Rouen,blk_00167,1,13
CHU  de Clermont-ferrand,blk_00094,1,12
CHU  de Nantes,blk_00062,1,10
CHU AMIENS / CHU AMIENS,blk_00152,1,6
CHU ANGERS,blk_00313,1,5
"CHU Angers, directeur gnral, Yvonnick Morice",blk_00313,1,5
CHU CLERMONT FERRAND - DRCI,blk_00094,1,12
CHU DE CLERMONT FERRAND,blk_00094,1,12
CHU DE NANCY,blk_00195,1,17
CHU DE NANCY -  DIRECTION DE LA RECHERCHE CLINIQUE ET DE LINNOVATION,blk_00195,1,17
CHU DE NICE,blk_00118,1,11
CHU DE TOULOUSE,blk_00104,1,11
CHU De Martinique,blk_01810,1,2
CHU De Rennes,blk_00412,1,14
CHU GRENOBLE ALPES,blk_00232,1,13
CHU Gabriel Montpied,blk_00799,1,2
CHU Lige - Physical Medicine Service,blk_00369,1,8
CHU Mont-Godinne,blk_01811,1,2
CHU Montpellier,blk_00197,1,19
CHU POITIERS,blk_00215,1,4
CHU SAINT-Etienne,blk_00249,1,9
CHU Sart Tilman,blk_00969,1,2
CHU TOURS,blk_00124,1,11
CHU de Besancon,blk_01781,1,2
CHU de CAEN,blk_00345,1,6
CHU de CLERMONT-FERRAND,blk_00094,1,12
CHU de Clermont Ferrand,blk_00094,1,12
CHU de DIJON - Dlgation  la recherche clinique et  linnovation,blk_00174,1,9
CHU de Dijon,blk_00174,1,9
CHU de GRENOBLE,blk_00232,1,13
CHU de Liege,blk_00579,1,15
"CHU de Lige, Domaine Universitaire du Sart Tilman",blk_00369,1,8
CHU de Nancy,blk_00195,1,17
CHU de Nimes,blk_00265,1,7
CHU de RENNES,blk_00412,1,14
CHU de Rennes Rennes University Hospital Centre,blk_00412,1,14
CHU de Saint-tienne,blk_00659,1,3
CHU de bordeaux,blk_00065,1,9
CHU de clermont-Ferrand,blk_00094,1,12
CHU de nantes,blk_00062,1,10
CHU of Liege,blk_00579,1,15
CHU of Lige,blk_00369,1,8
CHU of Rennes,blk_00412,1,14
CHU- Hpitaux de Rouen,blk_00167,1,13
CHU-Hpitaux de ROUEN,blk_00167,1,13
CHU-Ulg,blk_00660,1,3
CHUGAI PHARMA EUROPE LIMITED,blk_00669,1,3
CHUR Of Besançon / Centre Hospitalier Regional Universitaire,blk_00577,1,8
CHu - Hpitaux de Rouen,blk_00167,1,13
CIB/RIVM,blk_00544,1,10
CIBER - Instituto Carlos III / Institut dInvestigaci Biomdica de Bellvitge IDIBELL,blk_00508,1,15
CIBER Centro de Investigacion Biomedica en Red,blk_00515,1,28
CIBERES Centro de Investigacin Biomdica en Red Enfermedades Respiratorias,blk_01812,1,2
CIS bio International,blk_01813,1,3
CIS bio international,blk_01813,1,3
"CIS bio international, member of IBA group",blk_01813,1,3
CITOSPIN S.L.,blk_01814,1,2
CKF at Vstmanlands hospital Vsters,blk_01815,1,2
CLINICA DERMATOLOGICA POLICLINICO UMBERTO I SAPIENZA,blk_00114,1,9
CLINICAL PHARMACOLOGY SPANISH SOCIETY,blk_00812,1,31
CLINUVEL EUROPE LTD,blk_00371,1,7
CLINUVEL PHARMACUETICALS LTD.,blk_00371,1,7
CLINUVEL UK LTD,blk_00371,1,7
CMC AMBROISE PARE,blk_01260,1,3
CMC Contrast AB        c/o resund Health Care Management,blk_00802,1,2
CNIC,blk_01809,1,12
CNIC Centro Nacional de Investigaciones Cardiolgicas,blk_01809,1,12
CNIO - Centro Nacional de Investigaciones Oncolgicas,blk_01809,1,12
CNRS: VAN DER REST Michel,blk_01816,1,2
CO.DON AG,blk_00878,1,7
COMPASS Pathfinder Limited,blk_01262,1,4
"COMPASS Pathfinder, Ltd",blk_01262,1,4
COMPLUTENSE UNIVERSITY OF MADRID,blk_01293,1,4
CONSORCI MAR PARC DE SALUT BARCELONA,blk_00206,1,34
CONSORCI SANITARI DEL MARESME,blk_01263,1,7
CONSORCIO HOSPITAL GENERAL UNIVERSITARIO DE VALENCIA,blk_00515,1,28
CONSORZIO PER LA RICERCA ONCOLOGICA,blk_01817,1,2
COP:TRIN Region Hovedstaden Gentofte hospital,blk_00109,1,5
COSMO Technologies Ltd,blk_00575,1,5
"CRC, Medical Department IV, University Erlangen-Nuremberg",blk_00156,1,25
CRESIB- International Research Center in Health of Barcelona,blk_01818,1,2
CRESIB-Barcelona Centre for International Health Research,blk_01818,1,2
CRG UZ Brussel,blk_00022,1,39
CRINOS S.p.A.,blk_01264,1,2
CRLC VAL DAURELLE,blk_01282,1,5
CRLC Val dAurelle  Paul Lamarque,blk_01282,1,5
CRLCC Alexis Vautrin,blk_01819,1,2
CROMA-PHARMA GmbH,blk_00980,1,2
CSC Pharmaceuticals Handels GmbH,blk_01820,1,2
CSC Pharmaceuticals Handels GmbH.,blk_01820,1,2
CTI Biopharma Corp.,blk_00898,1,5
CUB HOPITAL ERASME,blk_00320,1,26
CUB Hopital Erasme,blk_00320,1,26
CUB Hospital Erasme,blk_00320,1,26
"CUB Hpital Erasme, Department of Anesthesiology",blk_00320,1,26
CUB ULB Hpital Erasme,blk_00320,1,26
CUB- Hopital Erasme,blk_00320,1,26
CV THERAPEUTICS INC,blk_01348,1,3
"CV Therapeutics, Inc.",blk_01348,1,3
CVIE THERAPEUTICS COMPANY LIMITED,blk_01821,1,2
CVie Therapeutics Company Limited,blk_01821,1,2
CYATHUS EXQUIRERE PharmaforschungsGmbH,blk_01822,1,2
CYATHUS Exquirere PharmaforschungsGmbH,blk_01822,1,2
CYTAVIS BioPharma GmbH,blk_01823,1,2
Calcium and Bone Metabolic Unit Copenhange University Hospital Hvidovre,blk_00221,1,34
Calliditas Therapeutics Suisse SA,blk_01267,1,3
Cambridge Hospitals NHS Foundation Trust and Cambridge University,blk_00123,1,28
Cambridge University Hospital Addenbrookes Hospital,blk_00123,1,28
Cambridge University Hospital NHS Foundation Trust and University of Cambridge,blk_00123,1,28
Cambridge University Hospitals Foundation Trust,blk_00123,1,28
Cambridge University Hospitals NHS Foundation Trust  The University of Cambridge,blk_00123,1,28
Cambridge University Hospitals NHS Foundation Trust  University of Cambridge,blk_00123,1,28
Cambridge University Hospitals NHS Foundation Trust / Cambridge University,blk_00123,1,28
Cambridge University Hospitals NHS Foundation Trust / University of Cambridge,blk_00123,1,28
Cambridge University Hospitals NHS Foundation Trust and The University of Cambridge,blk_00123,1,28
Cambridge University Hospitals NHS Foundation Trust and University of Cambridge / Cambridge Clinical Trials Unit,blk_00123,1,28
Cambridge University Hospitals NHS Foundation Trust and the University  of Cambridge,blk_00123,1,28
Cambridge University Hospitals NHS Foundation Trust jointly with University of Cambridge,blk_00123,1,28
"Cambridge University Hospitals NHS Foundation Trust, jointly with University of Cambridge",blk_00123,1,28
Cambridge university Hosptials NHS Foundation Trust and University of Cambridge,blk_00123,1,28
Cambridgeshire and Peterborough NHS Foundation Trust and University of Cambridge,blk_00123,1,28
"Can-Fite BioPharma, Ltd",blk_00661,1,4
"Canadian Cardiovascular Collaboration, Population Health Research Institute, McMaster University",blk_00887,1,4
Cancer International research Group,blk_00093,1,29
"Cancer Prevention Pharmaceuticals, Inc.",blk_00325,1,7
Cancer Registry of Norway,blk_01156,1,7
Cancer Trials Ireland CLG,blk_00196,1,7
Canisius Wilhelmina Hospital,blk_01268,1,3
Cantacuzino National Institute of Research and Development for Microbiology and Immunology,blk_01824,1,3
Cara Therapeutics INC,blk_01269,1,3
Cara Therapeutics Inc.,blk_01269,1,3
Cardiff Univeristy,blk_00071,1,9
"Cardiff University, Research  Development Commercial Department",blk_00071,1,9
Cardiff and Vale University Health Board,blk_00071,1,9
Cardioangiologisches Centrum Bethanien,blk_01825,1,2
Cardiokine Biopharma LLC,blk_00970,1,2
Cardiologia - Azienda Ospedaliero Universitaria di Modena,blk_00312,1,11
"Cardiology, J. W. Goethe University Frankfurt",blk_00218,1,30
"Cardiology, University of Frankfurt",blk_00218,1,30
Cardiome UK Limited,blk_00971,1,3
Cardiorentis Ltd.,blk_01270,1,2
"Cardiothoracic Surgery, Mater Misericordiae University Hospital",blk_01826,1,6
Cardiovascular Centre Aalst / Kings College London,blk_00019,1,40
"Cardiovascular Non-Invasive Imaging Research Laboratory, Department of Cardiology, Herlev and Gentofte Hospital",blk_00234,1,29
"Cardiovascular laboratory 2014, Rigshospitalet",blk_00014,1,40
"Cardiovascular laboratory 2014, The Heart Centre, Rigshospitalet / Cardiovascular laboratory 2014, The Heart Centre, Rigshospitalet",blk_00014,1,40
"Carlos Alonso-Villaverde Lozano, Hospital Universitari Sant Joan de Reus",blk_00379,1,20
Carlos Gmez Martn,blk_01827,1,2
Carmen Hidalgo,blk_01806,1,2
Carrick Therapeutics,blk_01272,1,2
Casa Di Cura Accreditata Istituto Chirurgico Ortopedico Traumatologico Marco Pasquali,blk_01408,1,3
Casa Sollievo Della Sofferenza,blk_01807,1,4
"Casen Fleet, S.L.U",blk_01828,1,4
Cassiopea S.P.A.,blk_00972,1,4
Cassiopea S.p.A. / Cassiopea S.p.A.,blk_00972,1,4
Catabasis Pharmaceuticals Inc.,blk_01829,1,2
"Catabasis Pharmaceuticals, Inc.",blk_01829,1,2
"Catalyst Pharmaceutical Partners, Inc.",blk_00574,1,3
Catapult Therapeutics B.V.,blk_01830,1,2
"Cavion, Inc., a subsidiary of Jazz Pharmaceuticals, Inc.",blk_00428,1,7
"CeleCor Therapeutics, Inc.",blk_01831,1,2
Celecor Therapeutics Inc.,blk_01831,1,2
"Celgene Corporation, Inc.",blk_00030,1,15
Celgene International II Sarl CISII awholly owned subsidiary of Celgene Corporation,blk_00030,1,15
Celgene International SARL,blk_00030,1,15
Celica d.o.o.,blk_01832,1,2
"Celica, Biomedical Center, d.o.o.",blk_01832,1,2
Cell Genesys Inc,blk_01833,1,2
Cell Genesys Inc.,blk_01833,1,2
Cell Medica Inc.,blk_00831,1,9
Cell Medica Ltd.,blk_00831,1,9
Cell Therapeutics Europe S.r.l,blk_00831,1,9
Cell Therapeutics Europe S.r.l.,blk_00831,1,9
Cell Therapy Limited,blk_00576,1,5
Cell and Gene Therapy Catapult,blk_01830,1,2
Cell to Cure ApS,blk_01177,1,3
Cell2cure ApS,blk_01274,1,2
Cellcentric Limited,blk_01275,1,2
Celldex Therapeutics,blk_00513,1,5
"Celldex Therapeutics, Inc",blk_00513,1,5
"Celldex Therapeutics, Inc.",blk_00513,1,5
"Cellerix, S.A",blk_01256,1,5
"Cellerix, S.A.",blk_01256,1,5
Celltech RD Ltd,blk_01834,1,3
Celsion Corporation,blk_01257,1,2
Celtic Pharma Development Services Bermuda Limited,blk_01835,1,2
"Celtic Pharma Development Services Bermuda, Ltd.",blk_01835,1,2
Celyad Onclogy SA,blk_01836,1,2
Celyad SA,blk_01836,1,2
"Cempra Pharmaceuticals, Inc",blk_00973,1,2
"Center for Aktiv Sundhed, Rigshospitalet",blk_00014,1,40
"Center for Cancer Immunotherapy CCIT / Department of Oncology, Herlev Hospital",blk_00271,1,26
"Center for Clinical Metabolic Research, Gentofte Hospital",blk_00234,1,29
"Center for Diabetes Research, Gentofte Hospital",blk_00171,1,14
"Center for Digestive Diseases, Karolinska University Hospital",blk_00026,1,40
"Center for Experimental and Molecular Medicine, G2  AMC",blk_00339,1,19
Center for Muscle and Bone Research of the Charit Universitaetsmedizin Berlin,blk_00068,1,40
Center for Neuropsychiatric Schizophrenia Research,blk_01837,1,3
Center for Research and Development Uppsala University/County Council of Gvleborg,blk_00210,1,34
"Center for Spiseforstyrrelse, Endokrinologisk Afdeling M, Odense Universitetshospital",blk_00028,1,40
Center for Stroke Research Berlin - Charit Universittsmedizin Berlin,blk_00068,1,40
"Center for Surgical Science, Department of Surgery, Zealand University Hospital",blk_00173,1,17
Center for cancer immune therapy,blk_00576,1,5
"Center of Expertise in Palliative Care, Maastricht University Medical Centre",blk_00098,1,18
"Center of Pediatrics and Neonatology, Asklepios Clinic Sankt Augustin",blk_01230,1,6
Centocor B.V. / Janssen-Cilag Internation N.V.,blk_00013,1,40
Centr Georges Francois Leclerc / Centr Georges Francois Leclerc,blk_00514,1,9
Central European Society for Anticancer Drug Research - EWIV,blk_00798,1,8
Central Finland Hospital District,blk_01065,1,12
Central Finland Hospital District Central Finland Hospital Nova,blk_01065,1,12
"Central Institute for Mental Health, Mannheim, Div. of Gerontopsychiatry",blk_00804,1,17
Central Institute of Mental Health Mannheim ZI,blk_00804,1,17
"Central Institute of Mental Health, Department of Psychiatry and Psychotherapy",blk_00804,1,17
"Central Institute of Mental Health, represented by  commercial and administrative Director",blk_00804,1,17
Central Manchester  Manchester Childrens University Hospitals NHS Trust,blk_00264,1,40
Central Manchester Foundation Hospitals Trust,blk_00264,1,40
Central Manchester Manchester Childrens University Hospitals NHS Trust,blk_00264,1,40
Central Manchester University Hospitals Foundation Trust,blk_00264,1,40
Central Manchester and Manchester Childrens Hospital University NHS Trust,blk_00264,1,40
Central Manchester and Manchester Childrens Hospitals NHS Trust,blk_00264,1,40
Central Manchester and Manchester Childrens University Hospitals NHS Trust,blk_00264,1,40
Central Manchester and Manchester University Childrens Hospital NHS Trust.,blk_00264,1,40
Central and North West London NHS Foundation Trust Camden Provider Services,blk_01277,1,8
Centre De Recherches Et D'Etudes Sur La Pathologie Tropicale Et Le Sida / ANRS Maladies Infectieuses Emergentes,blk_00403,1,7
Centre For Human Drug Research,blk_00096,1,20
Centre Hospitalier De Pau,blk_00605,1,27
Centre Hospitalier De Tourcoing,blk_01280,1,2
Centre Hospitalier De Versailles / Centre Hospitalier De Versailles,blk_00664,1,7
Centre Hospitalier Dpartemental Vende de la Roche sur Yon,blk_00665,1,2
Centre Hospitalier Henri Laborit,blk_01838,1,2
Centre Hospitalier Intercommunal Toulon / La Seine-Sur-Mer / Groupe Français de Pneumo-Oncologie,blk_01839,1,4
Centre Hospitalier Intercommunal de Toulon - La Seyne sur Mer,blk_01839,1,4
Centre Hospitalier Intercommunal de Toulon La Seyne-sur-mer,blk_01839,1,4
Centre Hospitalier Regional Et Universitaire De Brest / Ostfold Hospital Trust / Ottawa Hospital Research Institute,blk_00230,1,8
Centre Hospitalier Rgional Metz-Thionville,blk_01279,1,4
Centre Hospitalier Rgional Universitaire Lille,blk_00231,1,20
Centre Hospitalier Rgional Universitaire de Besancon,blk_01279,1,4
Centre Hospitalier Rgional Universitaire de Lille,blk_00231,1,20
Centre Hospitalier Sainte Anne Paris,blk_01840,1,2
Centre Hospitalier Sainte-Anne,blk_01840,1,2
Centre Hospitalier Universiatire de Lille,blk_00231,1,20
Centre Hospitalier Universitaire  DE NANCY,blk_00195,1,17
Centre Hospitalier Universitaire CHU de Dijon,blk_00174,1,9
Centre Hospitalier Universitaire D Angers,blk_00313,1,5
Centre Hospitalier Universitaire De Bordeaux / Centre Hospitalier Universitaire De Bordeaux,blk_00065,1,9
Centre Hospitalier Universitaire De Grenoble,blk_00232,1,13
Centre Hospitalier Universitaire De Lille / InBrain Pharma,blk_00231,1,20
Centre Hospitalier Universitaire De Limoges,blk_00346,1,7
Centre Hospitalier Universitaire De Nimes / Centre Hospitalier Universitaire De Nimes,blk_00265,1,7
Centre Hospitalier Universitaire De Rennes / Centre Hospitalier Universitaire De Rennes,blk_00412,1,14
Centre Hospitalier Universitaire De Saint Etienne / Centre Hospitalier Universitaire De Saint Etienne,blk_00249,1,9
Centre Hospitalier Universitaire Rennes,blk_00412,1,14
Centre Hospitalier Universitaire Rouen / Centre Hospitalier Universitaire Rouen,blk_00167,1,13
"Centre Hospitalier Universitaire Saint Pierre , ULB",blk_00659,1,3
Centre Hospitalier Universitaire Vaudois,blk_01841,1,2
Centre Hospitalier Universitaire Vaudois CHUV,blk_01841,1,2
Centre Hospitalier Universitaire de Bordeaux,blk_00065,1,9
Centre Hospitalier Universitaire de GRENOBLE,blk_00232,1,13
Centre Hospitalier Universitaire de Liege,blk_00579,1,15
Centre Hospitalier Universitaire de Lige,blk_00369,1,8
Centre Hospitalier Universitaire de Martinique,blk_01810,1,2
Centre Hospitalier Universitaire de Montpellier,blk_00197,1,19
"Centre Hospitalier Universitaire de Montpellier                              Direction Recherche, Qu",blk_00197,1,19
Centre Hospitalier Universitaire de Nice,blk_00118,1,11
Centre Hospitalier Universitaire de Saint-Etienne,blk_00249,1,9
Centre Hospitalier Universite De Laval,blk_01842,1,2
Centre Hospitalier de Jolimont-Lobbes-Tubize-Nivelles,blk_01843,1,2
Centre Hospitalier de Nancy,blk_00195,1,17
Centre Hospitalier de Pau,blk_00605,1,27
Centre Hospitalier rgional Universitaire de Besanon,blk_00577,1,8
Centre Lon Berard,blk_00153,1,4
Centre Rgional de lutte contre le Cancer Eugne Marquis,blk_00678,1,7
Centre Val dAurelle Paul Lamarque,blk_01282,1,5
Centre dEtude des Cellules Souches CECS,blk_01278,1,2
Centre de Lutte Contre le Cancer Eugne Marquis,blk_00678,1,7
Centre du Cancer,blk_00093,1,29
"Centre du Cancer, Cliniques universitaires Saint-Luc",blk_00198,1,26
"Centre for Anaesthesiological Research, Department of Anaesthesiology, Zealand University Hospital, Kge, Denmark",blk_00173,1,17
Centre for Human Drug Research CHDR,blk_00096,1,20
"Centre for Ophthalmology, University of Tuebingen",blk_00139,1,26
Centre hospitalier Rgional et Universitaire,blk_01279,1,4
Centre hospitalier universitaire dAmiens,blk_00800,1,2
Centre hospitalier universitaire de nice,blk_00118,1,11
Centre of Thrombosis and Haemostasis,blk_01844,1,2
Centrexion Therapeutics Corp,blk_01845,1,2
Centrexion Therapeutics Corp.,blk_01845,1,2
"Centro Clnico Acadmico - Braga, Associao 2CA-Braga",blk_01846,1,3
"Centro Hospitalar de So Joo, EPE",blk_01847,1,2
Centro Hospitalar do Porto,blk_01847,1,2
Centro Masve -Universit degli Studi di Firenze-AOUC,blk_01848,1,5
Centro Nacional De Investigaciones Cardiovasculares Carlos III / Fundacion Para La Investigacion Biomedica Del Hospital Universitario Puerta De Hierro Majadahonda,blk_00515,1,28
Centro Nacional Investigaciones Oncolgicas CNIO,blk_01809,1,12
Centro Nacional de Investigaciones Oncolgicas CNIO,blk_01809,1,12
Centro Ricerche Cliniche Di Verona S.r.l.,blk_01258,1,3
Centro Ricerche Cliniche di Verona,blk_01258,1,3
Centro de Investigacin Biomdica en Red en el rea de Salud Mental CIBERSAM,blk_00804,1,17
"Centro de Investigacin Biomdica en Red, Enfermedades Neurodegenerativas CIBERNED",blk_01812,1,2
Centro sociale oncologico,blk_00315,1,17
Centrum Gastroenterologie Bethanien,blk_01825,1,2
Centrum Medyczne Ksztalcenia Podyplomowego,blk_01849,1,3
Centrum Medycznego Ksztalcenia Podyplomowego,blk_01849,1,3
Cepha s.r.o. / Aumed a.s.,blk_01756,1,2
"Cephalon Europe, A Division of Cephalon UK Limited",blk_00370,1,6
Cephalon France,blk_00370,1,6
Cephalon Inc,blk_00370,1,6
Cephalon UK Limited,blk_00370,1,6
Cerevance Beta Inc.,blk_00855,1,4
"Cerexa, Inc",blk_00668,1,2
"Cerexa, Inc. subsidary of Forest Laboratories",blk_00461,1,11
"Cerexa, Inc. subsidiary of Forest Laboratories",blk_00461,1,11
Cesra Arzneimittel GmbH  Co.KG,blk_01850,1,2
Cesra Arzneimittel GmbH & Co. KG / Cesra Arzneimittel GmbH & Co. KG,blk_01850,1,2
Champalimaud Clinical Centre,blk_01851,1,2
"Charit  Universittsmedizin Berlin, Campus Benjamin Franklin",blk_00068,1,40
Charit  University Medicine,blk_00068,1,40
Charit - Campus Mitte,blk_01283,1,19
Charit - Universittsmedizin,blk_00068,1,40
Charit - Universittsmedizin Berlin Dpt. of Dermatology and Allergy,blk_00068,1,40
"Charit - Universittsmedizin Berlin, CharitCentrum 3 fr Zahn-, Mund- und Kieferheilkunde",blk_00068,1,40
Charit - University Hospital Berlin,blk_00068,1,40
Charit - Unversittsmedizin Berlin,blk_00068,1,40
Charit Berlin,blk_00068,1,40
"Charit Berlin, CBF",blk_00068,1,40
"Charit Berlin, Department of rheumatology / Charit Berlin, department of rheumatology / Charit Berlin, department of rheumatology",blk_00068,1,40
"Charit CBF, Endokrinologie",blk_01852,1,4
Charit Campus Mitte,blk_01283,1,19
"Charit Campus Mitte, Instituts fr Radiologie",blk_01283,1,19
Charit Research Organisation GmbH,blk_00093,1,29
Charit Univeritaetsmedizin Berlin,blk_00068,1,40
Charit Universittmeditin Berlin,blk_00068,1,40
Charit Universittsmedizin Berlin - CVK,blk_00068,1,40
"Charit Universittsmedizin Berlin, Campus Benjamin Franklin",blk_00068,1,40
"Charit Universittsmedizin Berlin, Department of Dermatology and Allergy",blk_00068,1,40
"Charit Universittsmedizin Berlin, Deutsches Herzzentrum Charite DHZC",blk_00068,1,40
"Charit Universittsmedizin Berlin, Medizinische Klinik m.S. Nephrologie",blk_00068,1,40
"Charit Universittsmedizin, Campus Charit Mitte",blk_01283,1,19
Charit University Hospital Berlin,blk_00068,1,40
Charit University Medicine,blk_00068,1,40
Charit University medicine Berlin,blk_00068,1,40
Charit- Universittsmedizin Berlin,blk_00140,1,17
Charit- University Medicine Berlin,blk_00140,1,17
Charit-Campus Mitte und Campus Virchow-Klinikum,blk_01283,1,19
Charit-Universittsmedizin,blk_01209,1,4
Charit-Universittsmedizin Berlin Department of Rheumatology and Clinical Immunology,blk_01193,1,11
"Charit-Universittsmedizin Berlin, Germany",blk_01853,1,5
Charit-University Berlin,blk_00140,1,17
"Charit/Campus Virchow-Klinikum, Medizinische Klinik m. S. Kardiologie",blk_01283,1,19
Charite,blk_00140,1,17
"Charite CBF, Endokrinologie",blk_01852,1,4
Charite Universitaetsmedizin,blk_00140,1,17
Charite University,blk_00140,1,17
"Charles University in Prague, Faculty of Medicine in Hradec Krlov",blk_01661,1,9
"Charles University in Prague, Medical Faculty",blk_01661,1,9
"Charles University in Prague, Third Faculty of Medicine",blk_01661,1,9
Checkpoint Therapeutics Inc.,blk_01854,1,3
"Checkpoint Therapeutics, Inc.",blk_01854,1,3
Chelsea  Westminster NHS Foundation Trust,blk_00975,1,10
Chelsea And Westminster Hospital NHS Foundation Trust,blk_00975,1,10
"Chelsea Therapeutics, Inc",blk_00975,1,10
"Chelsea Therapeutics, Incorporated",blk_00975,1,10
Chelsea and Westminster Hospital,blk_00975,1,10
Chelsea and Westminster NHS Foundation Trust,blk_00975,1,10
Chemische Fabrik Kreussler  Co.GmbH,blk_00805,1,3
Chemo Research S. L.,blk_00314,1,4
Chemo Research S.L. / Inmunova S.A.,blk_00314,1,4
ChemomAb Ltd,blk_01855,1,2
ChemomAb Ltd.,blk_01855,1,2
Chief Scientitst Office,blk_01856,1,2
Chiesi Farmaceurtici S.p.A,blk_00034,1,19
Chiesi Farmaceutici S p A,blk_00034,1,19
Chiesi Farmaceutici S. p. A.,blk_00034,1,19
Chiesi Farmaceutici S.p.A. / Chiesi Farmaceutici S.p.A.,blk_00034,1,19
Chiesi Farmazeutici SpA,blk_00034,1,19
Chiesi Pharmaceuticals Inc.,blk_00034,1,19
Chiesi farmaceutici S.p.A.,blk_00034,1,19
"Child and adolescent Psychiatry, South Jutland",blk_01032,1,3
Childrens Clinic Randers,blk_01857,1,5
Childrens Hospital Erlangen,blk_00156,1,25
"Childrens Hospital, Helsinki University Hospital",blk_00119,1,34
"Childrens Hospital, University of Helsinki",blk_00119,1,34
Childrens Memorial Health Institute,blk_01474,1,3
Chimerix Inc. / Chimerix Inc.,blk_01284,1,4
Chimerix UK Limited,blk_01284,1,4
"Chimerix, Inc.",blk_01284,1,4
Chiron Behring GmbH  Co. KG,blk_00456,1,5
Chong Kun Dang Pharmaceutical Corporation CKD,blk_01285,1,2
"Chorus, Eli Lilly and Company",blk_00009,1,38
"Chorus, a Division of Eli Lilly and Company",blk_00009,1,38
"Christel B. Lajer, Dep. of Otolaryngology head and neck surgery, Rigshospitalet",blk_00014,1,40
"Christian Geisler, Righospitalet, dept. Haematology 4042",blk_01858,1,2
Chroma Therapeutics Ltd,blk_01859,1,2
Chroma Therapeutics Ltd.,blk_01859,1,2
Chru de Lille,blk_00231,1,20
Chugai Pharmaceutical Co. Ltd,blk_00669,1,3
Cinclus Pharma AG,blk_00806,1,3
Cinclus Pharma Holding AB,blk_00806,1,3
Cipla BioTec Pvt. Ltd.,blk_01860,1,3
Cipla Europe NV,blk_01860,1,3
Cipla Ltd.,blk_01860,1,3
Circassia Ltd,blk_00976,1,3
Circassia Ltd.,blk_00976,1,3
Ciruga General II. Hospital General Universitario Gregorio Maran,blk_00463,1,40
Citospin,blk_01814,1,2
City University,blk_01861,1,3
Clavis Pharma,blk_00580,1,3
Clavis Pharma as,blk_00580,1,3
Clementia Pharmaceuticals Inc,blk_00807,1,2
Clementia Pharmaceuticals Inc. An Ipsen Company,blk_00136,1,37
"Clinic for General Anesthesiology, Intensive Care and Pain Management",blk_01862,1,8
Clinic for Nephrology,blk_00989,1,15
Clinic of University of Wuerzburg,blk_00753,1,9
Clinica Medica 5,blk_00270,1,7
Clinica Palacios Madrid S.L.,blk_01415,1,2
Clinica Universidad de Navarra/Universidad de Navarra,blk_00291,1,5
Clinical Center Ljubljana,blk_01158,1,14
"Clinical Director, Daiichi Sankyo, Inc.",blk_00069,1,23
Clinical Evaluation Research Unit CERU,blk_01610,1,2
Clinical Immunology Division,blk_01824,1,3
Clinical Immunology and Rheumatology,blk_01193,1,11
Clinical Institute of Medical and Chemical Laboratory Diagnostics Graz,blk_00112,1,40
"Clinical Institute of Virology, Medical University of Vienna",blk_00041,1,40
Clinical Pharmacology,blk_00812,1,31
"Clinical Pharmacology, Department of",blk_00812,1,31
"Clinical Reasearch Centre, Hvidovre University Hospital",blk_00221,1,34
"Clinical Research Institute, HUCH Ltd.",blk_01863,1,5
"Clinical Research office, Faculty of Medicine, Imperial College London",blk_00019,1,40
"Clinical Trials Unit, Rigshospitalet",blk_00014,1,40
Clinical Trials and Research Governance CTRG,blk_00808,1,3
"Clinical Trials and Research Governance, University of Oxford",blk_00025,1,35
Cliniques Hopitaux Universitaires NANTES,blk_00062,1,10
Cliniques Universiatires St Luc- Centre du Cancer,blk_00198,1,26
Cliniques Universitaire St Luc,blk_00198,1,26
Cliniques Universitaires SAINT-LUC,blk_00198,1,26
Cliniques Universitaires Saint Luc - UCL,blk_00198,1,26
"Cliniques Universitaires Saint Luc, Universit catholique de Louvain",blk_00198,1,26
Cliniques Universitaires Saint Luc-Centre du Cancer,blk_00198,1,26
Cliniques Universitaires Saint-Luc  Universit catholique de Louvain,blk_00198,1,26
Cliniques Universitaires Saint-Luc CUSL,blk_00198,1,26
"Cliniques Universitaires Saint-Luc, Neurologie",blk_00198,1,26
"Cliniques Universitaires Saint-Luc, Universit catholique de Louvain",blk_00198,1,26
"Cliniques Universitaires Saint-lus, Universit catholique de Louvain",blk_00198,1,26
Cliniques Universitaires St Luc - UCL,blk_00198,1,26
"Cliniques Universitaires St Luc, Centre du Cancer",blk_00198,1,26
Clinuvel Inc.,blk_00371,1,7
Clnica IVI Barcelona,blk_00695,1,15
Clnica Integral del pie-Ana Sans,blk_01671,1,8
Clnica Plat Fundaci Privada,blk_01715,1,5
Clnica Universidad Navarra,blk_00291,1,5
Clovis Oncology Inc,blk_00372,1,5
Clovis Oncology Inc.,blk_00372,1,5
Clovis Oncology Italy s.r.l.,blk_00372,1,5
"Clovis Oncology, Inc",blk_00372,1,5
"Collaborative group for Adrenocortical Carcinoma Therapy COAT / University of Wrzburg, Internat. study-Coordinator",blk_00907,1,4
"Coloplast A/S, Consumer Products",blk_00188,1,24
Columbia University Medical Center of New York / Sandwell  West Birmingham Hospitals NHS Trust,blk_00035,1,36
Combustin Pharmazeutische Prparate GmbH,blk_01536,1,4
Commissariat à l’Energie Atomique et aux Energies Alternatives,blk_01291,1,2
"Committee of Management, Common Services Agency T/A Scottish National Blood Transfusion Service",blk_00421,1,24
Common Services Agency CSA,blk_00978,1,2
Company: Dr. Franz Khler Chemie GmbH,blk_00571,1,11
Compass Pathfinder Limited,blk_01262,1,4
Competence Centre for Transcultural Psychiatry,blk_01864,1,5
Complejo  Asistencial Universitario de Len,blk_01865,1,2
Complejo Hospitalario Universitario de Albacete. Director Gerente Dr Jess Martino Snchez Martnez,blk_01292,1,2
Complexo Hospitalario Universitario De Santiago,blk_01866,1,2
Complexo Hospitalario Universitario de Pontevedra,blk_01866,1,2
"Concert Pharmaceuticals, Inc",blk_01867,1,2
"Concert Pharmaceuticals, Inc.",blk_01867,1,2
Consejera de Sanidad de la Comunidad de Madrid,blk_01868,1,2
Consorci MAr Parc de Salut de Barcelona,blk_00206,1,34
Consorci Mar Parc de Parc de Salut de Barcelona Parc de Salut MAR,blk_00206,1,34
Consorci Mar Parc de Salut,blk_00206,1,34
"Consorci Mar Parc de Salut de Barcelona Parc de Salut Mar / Kern Pharma, S.L.",blk_00206,1,34
Consorci Mar Parc de salut de Barcelona  Parc de Salut Mar,blk_00206,1,34
Consorci Mar Parc de salut de Barcelona Parc de salut MAR,blk_00206,1,34
Consorci Parc de Salut Mar,blk_00206,1,34
Consorci Parc de Salut Mar PSMAR,blk_00206,1,34
Consorci Parc de Salut Mar de Barcelona,blk_00206,1,34
Consorci Sanitari De L'Alt Penedes I Garraf,blk_01263,1,7
Consorci Sanitari del Maresme,blk_01263,1,7
Consorcio Hospital General Universitario de Valencia,blk_00515,1,28
"Consorcio Hospital General Universitario de Valencia . Servicio de Anestesia , Reanimacion y tto del Dolor",blk_01869,1,4
Consorcio de Apoyo a la Investigacin Biomdica en red CAIBER,blk_00515,1,28
Consorcio de Apoyo a la Investigacion Biomedica en Red CAIBER,blk_00515,1,28
Consorcio de apoyo a la Investigacin Biomdica en Red CAIBER,blk_00515,1,28
Consorzio Futuro in Ricerca,blk_01817,1,2
Consorzio Mario Negri Sud,blk_00222,1,18
Consorzio Oncotech / Consorzio Oncotech,blk_00216,1,4
"Constellation Pharmaceuticals, Inc., a Morphosys Company",blk_00612,1,3
"Constellation Pharmaceuticals, Inc.-A Morphosys Company",blk_00612,1,3
Contera Pharma,blk_01870,1,2
Contera Pharma A/S,blk_01870,1,2
Conwy and Denbighshire NHS Trust / North West Wales NHS Trust,blk_01090,1,7
Cook MyoSite Incorporated,blk_01294,1,4
"Cook Myosite, Incorporated",blk_01294,1,4
Coombe Women and Infants University Hospital,blk_00979,1,5
"Copenhagen Affective Disorder research Center CADIC, Psychiatric Centre Copenhagen, Rigshospitalet",blk_00014,1,40
Copenhagen CF-centre,blk_01871,1,2
Copenhagen University Hospital Bispebjerg,blk_00122,1,28
Copenhagen University Hospital Hvidovre,blk_00221,1,34
"Copenhagen University Hospital Rigshospitalet, Department of Cardiology B 2143",blk_00014,1,40
"Copenhagen University Hospital Rigshospitalet, The Heart Center - Department of Thoracic Surgery",blk_00014,1,40
Copenhagen University Hospital of Bispebjerg,blk_00122,1,28
"Copenhagen University Hospital, Amager and Hvidovre, Department of Clinical Research",blk_00221,1,34
"Copenhagen University Hospital, Hvidovre",blk_00221,1,34
"Copenhagen University Hospital, Hvidovre , Capital Region",blk_00221,1,34
"Copenhagen University Hospital, Rigshospitalet, Juliane Marie Centre, Department of Anaesthesiology",blk_00014,1,40
Corbus Pharmaceuticals Inc.,blk_00810,1,3
Corbus pharmaceuticals Inc.,blk_00810,1,3
Cork Cancer Research Centre,blk_00908,1,3
Cornwall College Camborne / Royal National Lifeboat Institution,blk_01571,1,2
Corxel Pharmaceuticals Co. Ltd.,blk_01872,1,2
Corxel Pharmaceuticals Inc.,blk_01872,1,2
County Council of Vsterbotten,blk_00432,1,15
County council of Ostergotland,blk_00432,1,15
Creabilis Srl,blk_01296,1,2
Cristina Avendano-Sola,blk_01873,1,3
Cristina Avendao Sola,blk_01873,1,3
Cristina Daz de Heredia Rubio,blk_01874,1,2
Croatian Cooperative Group For Clinical Trial Research In Oncology,blk_00297,1,18
Crucell Holland B.V,blk_01265,1,3
Cruz Bartolome Moreno,blk_01875,1,2
Cubist Pharmaceuticals,blk_00516,1,5
"Cubist Pharmaceuticals, LLC",blk_00516,1,5
"Cubist Pharmaceuticals, LLC, an idirect wholly owned subsidiary of Merck SharpDohme  Corp.",blk_00516,1,5
"Cubist Pharmaceuticals, a wholly owned subsidiary of Merck  Co., LLC",blk_00516,1,5
Cullinan Mica Corp.,blk_00981,1,3
Cullinan Pearl Corp.,blk_00722,1,3
"Cumbria, Northumberland, Tyne and Wear NHS Foundation Trust",blk_01876,1,2
CuraTeQ Biologics Private Limited,blk_00255,1,33
Curadel Surgical Innovations Inc. / Curadel Surgical Innovations B.V.,blk_00091,1,14
Curateq Biologics Private Limited / Curateq Biologics Private Limited,blk_00255,1,33
CureTech,blk_01877,1,2
CureTech Ltd.,blk_01877,1,2
CureVac SE,blk_00671,1,4
Curevac AG,blk_00671,1,4
Curium Austria GmbH,blk_00547,1,8
Curium PET France,blk_01878,1,3
Curium Pet France,blk_01878,1,3
Curium US LLC,blk_01878,1,3
Cyclacel Ltd,blk_00982,1,2
"Cyclo Therapeutics, Inc.",blk_00983,1,2
CymaBay Therapeutics,blk_00673,1,3
CymaBay Therapeutics Inc.,blk_00673,1,3
Cytavis Biopharma GmbH,blk_01823,1,2
Cytheris S.A.,blk_01266,1,2
Cytonet GmbH  Co. KG,blk_01297,1,2
Cytori Therapeutics Inc,blk_01298,1,2
Cytovation AS,blk_01879,1,2
Cytovation ASA,blk_01879,1,2
Czech Lymphoma Research Organization s.r.o. CLRO,blk_00437,1,22
D.A.S.T. BIOTECH PHARM ...,blk_01299,1,17
D2 Derma Europe Ltd.,blk_00538,1,6
DAIICHI SANKYO ITALIA  S.P.A.,blk_00069,1,23
"DAIICHI SANKYO, INC",blk_00069,1,23
DAIICHI-SANKYO EUROPE GmbH,blk_00069,1,23
DAVID DALMAU,blk_01880,1,3
DBV Technologies S.A,blk_00986,1,5
DBV Technologies S.A.,blk_00986,1,5
DEBIOPHARM S.A.,blk_00517,1,6
"DEPARTMENT OF DERMATOLOGY, UNIVERSITY OF MODENA AND REGGIO EMILIA",blk_00312,1,11
DERBY HOSPITALS NHS FOUNDATION TRUST,blk_00676,1,4
DIAKO Ev. Diakonie-Krankenhaus Bremen gGmbH,blk_01881,1,3
DIATER LABORATORIES S.A.,blk_00995,1,7
DIATER Laboratorio de Diagnostico y Aplicaciones Teraputicas S.A.,blk_00995,1,7
"DIATER, Laboratorio de Diagnstico y Aplicaciones Teraputicas, S.A.",blk_00995,1,7
DIATOS S.A.,blk_01882,1,2
DICE Therapeutics Inc.,blk_01313,1,2
"DIPART. DI NEUROSCIENZE, SCIENZE RIPRODUTTIVE E ODONTOSTOMATOLOGICHE DELLUNIVERSIT DEGLI STUDI DI NAPOLI FEDERICO II",blk_00209,1,40
DIPARTIMENTO BIOMEDICINA E PREVENZIONE UNIVERSIT DEGLI STUDI DI ROMA TOR VERGATA,blk_01623,1,2
DIPARTIMENTO DI MEDICINA CLINICA - UNIVERSITA DEGLI STUDI DELLINSUBRIA,blk_01314,1,16
DIPARTIMENTO DI MEDICINA CLINICA E SPERIMENTALE,blk_01314,1,16
"DIPARTIMENTO DI MEDICINA, UNIVERSIT DI PERUGIA",blk_00770,1,8
DIPARTIMENTO DI ONCOLOGIA MEDICA USL8,blk_01760,1,3
DIPARTIMENTO DI ONCOLOGIA-UNIVERSITA DEGLI STUDI DI TORINO,blk_00209,1,40
DIPARTIMENTO DI SCIENZE CLINICHE E BIOLOGICHE UNITO,blk_01301,1,7
"DIPARTIMENTO SCIENZE CHIRURGICHE, ONCOLOGICHE E GASTROENTEROLOGICHE DISCOG - UNIVERSITA DI PADOVA",blk_00185,1,8
DKMS Group gGmbH,blk_01303,1,2
DOMPE BIOTEC,blk_00374,1,5
DOMPE FARMACEUTICI S.P.A.,blk_00374,1,5
DOT Therapeutics-1 Inc. Day One,blk_01883,1,3
"DOTT.SSA CARMELINDA RUGGIERO,ISTITUTO DI GERIATRIA E GERONTOLOGIA, UNIVERSIT DEGLI STUDI DI PERUGIA",blk_00770,1,8
DR. JOAQUIM BELLMUNT MOLINS,blk_01884,1,2
DR. PAOLO MORA,blk_01885,1,2
DRK-Bluspendedienst Baden-Wrttemberg - Hessen gGmbH,blk_01433,1,5
DRK-Blutspendedienst Baden-Wrttemberg - Hessen gGmbH,blk_01433,1,5
DRUG DELIVERY SOLUTIONS ApS PART OF MC2 BIOTEK GROUP,blk_01454,1,4
DS Biopharma Ltd.,blk_01305,1,2
DUTCH BELGIAN COOPERATIVE GROUP FOR HEMATOLOGY ONCOLOGY - HOVON,blk_00092,1,7
Daehwa Pharmaceutical Co. Ltd.,blk_01886,1,2
"Daehwa Pharmaceutical Co., Ltd.",blk_01886,1,2
Daiichi Asubio Pharmaceuticals Inc.,blk_01749,1,2
Daiichi Medical Research Inc,blk_00069,1,23
"Daiichi Pharmaceutical Co., Ltd",blk_00069,1,23
"Daiichi Sankyo , Inc",blk_00069,1,23
Daiichi Sankyo Co. Ltd. / Daiichi Sankyo Co. Ltd.,blk_00069,1,23
Daiichi Sankyo Italia SpA,blk_00069,1,23
Dainippon Sumitomo Pharma America Ltd,blk_00985,1,8
"Dainippon Sumitomo Pharma America, Inc",blk_00985,1,8
"Dainippon Sumitomo Pharma America, Inc.",blk_00985,1,8
"Dance Biopharm, Inc.",blk_01306,1,3
"Dance Pharmaceuticals, Inc.",blk_01306,1,3
Danderyd Hospital,blk_01887,1,4
"Danderyds Hospital, Department of Clinical Sciences, Division of Orthopaedics",blk_01307,1,6
Danderyds Sjukhus,blk_01307,1,6
Daniel Sanabria,blk_01888,1,2
Daniel Sanabria Lucena,blk_01888,1,2
Daniel Schmidt,blk_01889,1,2
Danish Breast Cancer Cooperative Group DBCG,blk_01300,1,3
Danish Breast Cancer Group BDCG,blk_01890,1,3
Danish Breast Cancer Group DBCG,blk_01300,1,3
Danish Cancer Society Research Center,blk_01890,1,3
Danish Gynaecological Cancer Group,blk_01890,1,3
Danish Head and Neck Cancer Group,blk_01891,1,4
Danish Head and Neck Cancer Group DAHANCA,blk_01891,1,4
Danish Multiple Sclerosis Research Center,blk_01892,1,3
Danish Multiple Sclerosis Research Centre,blk_01892,1,3
Danish Myeloma Study Group,blk_01089,1,4
Danish University of Pharmaceutical Sciences,blk_00581,1,6
"Danishy Headache Center, KAS Glostrup, Dep. N01",blk_00581,1,6
"Dansk Hovedpine Center, Neurologisk Klinik, Rigshospitalet - Glostrup",blk_00014,1,40
Danube Pharmaceuticals,blk_01893,1,2
Danube Pharmaceuticals Inc.,blk_01893,1,2
David Lpez Vaquero,blk_01880,1,3
Day One Biopharmaceuticals Inc.,blk_01883,1,3
Day One Biopharmaceuticals Inc. / Day One Biopharmaceuticals Inc.,blk_01883,1,3
Dean of Medical Faculty of Goethe University Frankfurt,blk_00218,1,30
Dean of the Medical Faculty University of Bonn,blk_00625,1,31
Dean of the Medical Faculty of the Friedrich-Alexander University Erlangen-Nrnberg Prof. Dr. Markus Neurath,blk_00156,1,25
Dean of the Medical Faculty of the Friedrich-Alexander University Erlangen-Nrnberg Prof. Dr. med. Markus F. Neurath,blk_00156,1,25
Debiopharm,blk_00517,1,6
Debreceni Egyetem Klinikai Kzpont,blk_01894,1,3
Debreceni Egyetem Orvos- s Egszsgtudomnyi Centrum Aneszteziolgiai s Intenzv Terpis Tanszk,blk_01894,1,3
Decan of Medical Faculty of Goethe University Frankfurt,blk_00218,1,30
"Dekan der medizinischen Fakultt, Universittsklinikum Frankfurt, Goethe-Universitt",blk_00218,1,30
Dekan des FB Medizin der Johann-Wolfgang Goethe-Universitt,blk_01308,1,3
Dekan des Fachbereichs Humanmedizin,blk_01308,1,3
Dekan des Fachbereichs Medizin der Johann Wolfgang Goethe-Universitt Frankfurt/M.,blk_00218,1,30
Dekan of Faculty of Medicine of Goethe-University Frankfurt,blk_00218,1,30
Dekan of the Medical Faculty of the University Erlangen-Nuremberg Prof. Dr. Dr. h. c. Jrgen Schttler,blk_00156,1,25
Dekan of the Medical Faculty of the University Erlangen-Nuremberg Prof. Dr. med. Markus F. Neurath,blk_00156,1,25
"Delcath Systems, Inc",blk_00987,1,4
"Delcath Systems, Ltd",blk_00987,1,4
Delix Therapeutics Inc.,blk_01895,1,2
Delix Therapeutics Inc. / Delix Therapeutics Inc.,blk_01895,1,2
Democritus Universityof Thrace Medical School / University Utrecht / Fundacion Marques de Valdecilla,blk_00038,1,30
"Dep. Nuclear medicine, Odense university hospital",blk_00028,1,40
"Dep. Ophthalmology, Medical University of Vienna",blk_00041,1,40
Dep. of Medical Cell Biology Uppsala University,blk_00210,1,34
"Dep. of Ophthalmology, Medical University of Vienna",blk_00041,1,40
"Deparment of Intensive Care, Rigshospitalet",blk_00014,1,40
"Deparment of pediatrics, Skejby Hospital, Denmark",blk_01896,1,6
Departamento de Oftalmologa. Hospital Clnico San Carlos,blk_00424,1,14
"Departement of Anesthesiology, Nstved Hospital",blk_00988,1,12
"Departement of orthopaedic surgery, rhus Sygehus",blk_01897,1,4
"Department Integrative Medicine, Kliniken Essen Mitte",blk_00308,1,14
Department Of Paediatric Cardiology,blk_01898,1,4
"Department fr Kinder- und Jugendheilkunde, Pdiatrie I",blk_01899,1,12
"Department fr Pdiatrie, Medizinische Universitt Innsbruck",blk_00282,1,40
"Department fr Virologie, Medizinische Universitt Wien",blk_00113,1,40
"Department of  Gynaecology, Helse Finnmark, Klinikk  Hammerfest",blk_01900,1,2
"Department of Academic Endocrinology, Beaumont Hospital",blk_00963,1,4
Department of Anaesthesia  General Intensive Care Medicine,blk_00675,1,14
Department of Anaesthesia and General Intensive Care Medicine,blk_00675,1,14
"Department of Anaesthesia and Intensive Care Medicine, Aalborg University Hospital",blk_00164,1,27
"Department of Anaesthesia, Rotunda Hospital",blk_01611,1,2
"Department of Anaesthesia, Tampere University Hospital",blk_00305,1,9
"Department of Anaesthesia, University College Hospital Galway",blk_00675,1,14
"Department of AnaesthesiaIntensive Care B, Vienna Medical University",blk_00041,1,40
"Department of Anaesthesie, General Intensive Care and Pain Therapy",blk_01862,1,8
"Department of Anaesthesie, General Intensive Care and Pain Therapy, Medical University of Vienna",blk_00041,1,40
Department of Anaesthesiology,blk_01901,1,7
"Department of Anaesthesiology, Aarhus University Hospital",blk_01901,1,7
"Department of Anaesthesiology, University Hospital of Skejby",blk_01726,1,2
Department of Anesthesia Reanimation of University of Liege,blk_00579,1,15
"Department of Anesthesia, Div. of Cardiothoracic and Vascular Anesthesia, Medical University Vienna",blk_00041,1,40
"Department of Anesthesia, University College Hospital Galway",blk_00675,1,14
Department of Anesthesiology  Intensive Care,blk_00988,1,12
Department of Anesthesiology University Hospital Center,blk_00988,1,12
Department of Anesthesiology and Intensive Care Medicine,blk_00988,1,12
"Department of Anesthesiology and Intensive Care, University Hospital Mnster",blk_00227,1,6
"Department of Anesthesiology and Intensive Care, University Hospital Muenster",blk_00306,1,5
"Department of Anesthesiology and Operative Intensive Care Medicine, Charit CBF",blk_01852,1,4
Department of Anesthesiology and Perioperative Medicine,blk_01902,1,2
"Department of Anesthesiology, Copenhagen University Hospital Hvidovre, Capital Region of Denmark",blk_00221,1,34
"Department of Anesthesiology, University Hospital Erlangen",blk_00156,1,25
"Department of Anesthesiology, University Hospital of Erlangen",blk_00156,1,25
"Department of Asthma, Allergy and Respiratory Science, GKT School of Medicine, Kings College London",blk_00019,1,40
"Department of Biomedical Engineering, Linkping University",blk_00472,1,13
"Department of Breast and Endocrine Surgery, Karolinska University Hospital",blk_00026,1,40
"Department of Cardio-Thoracic and Vascular Surgery, Aarhus University Hospital",blk_01903,1,3
Department of Cardiology,blk_01357,1,7
"Department of Cardiology, Aalborg Hospital",blk_00164,1,27
"Department of Cardiology, Aarhus University Hospital, Denmark",blk_01904,1,2
"Department of Cardiology, Aarhus University Hospital, Skejby",blk_01904,1,2
"Department of Cardiology, Odense University Hospital",blk_00028,1,40
"Department of Cardiology, University Medical Centre Ljubljana",blk_01158,1,14
"Department of Cardiothoracic Anesthesia and Intensive Care Medicine, Medical University of Vienna",blk_00041,1,40
"Department of Cardiothoracic Surgery, Aalborg Universityhospital",blk_00164,1,27
Department of Cardiothoracic and Vascular Surgery,blk_01826,1,6
"Department of Clinical Microbiology, Hvidovre Hospital",blk_00221,1,34
"Department of Clinical Neuroscience, Karolinska Institutet",blk_00026,1,40
"Department of Clinical Oncology, Leiden University Medical Center",blk_00023,1,20
Department of Clinical Pharmacology Q,blk_00812,1,31
"Department of Clinical Pharmacology,  Medical University of Vienna, Vienna Austria",blk_00041,1,40
"Department of Clinical Pharmacology, University of Greifswald",blk_00812,1,31
Department of Clinical Pharmacology/Medical University of Vienna,blk_00041,1,40
"Department of Clinical Physiology and Nuclear Medicine, Herlev and Gentofte Hospital",blk_00234,1,29
"Department of Clinical Physiology, Nuclear Medicin and PET",blk_01905,1,5
"Department of Clinical Science, Intervention and Technology, Karolinska Institute",blk_00026,1,40
"Department of Clinical Sciences, Danderyd Hospital",blk_01887,1,4
"Department of Clinical Sciences, Danderyd Hospital, Karolinska Intitutet",blk_00026,1,40
"Department of Clinical Sciences, Karolinska Institutet Danderyd Hospital",blk_00026,1,40
Department of Dentistry and Oral Health,blk_01906,1,3
Department of Dermatology,blk_01190,1,5
"Department of Dermatology and Allergology, University of Szeged",blk_01907,1,2
"Department of Dermatology and Copenhagen Wound Healing Center, Bispebjerg Hospital",blk_00122,1,28
"Department of Dermatology, Erasmus University Medical Center",blk_01333,1,15
"Department of Dermatology, Hospital of the Medical University Graz",blk_00112,1,40
"Department of Dermatology, University of Kiel",blk_01908,1,3
"Department of Dermatology, medical University of Graz",blk_00112,1,40
Department of Endocrine Oncology,blk_01909,1,2
Department of Endocrinology,blk_00655,1,6
Department of Endocrinology University of Debrecen Medical and Health Science Center,blk_00754,1,6
Department of Endocrinology and Internal Medicine,blk_00655,1,6
"Department of Endocrinology, Hvidovre Hospital",blk_00221,1,34
"Department of Endocrinology, Rigshospitalet",blk_00014,1,40
"Department of Experimental and Clinical Pharmacology and Toxicology, Friedrich-Alexander-University",blk_00700,1,11
"Department of Gastroenterology and Hepatology, Erasmus MC, Rotterdam",blk_00496,1,8
Department of General Psychiatry,blk_01864,1,5
Department of Genito-Urinary Medicine and Infectious Diseases,blk_01050,1,22
"Department of Genitourinary medicine and Infectious Diseases, St Jamess Hospital, Dublin 8",blk_00129,1,10
Department of Gynaecology and Obstetrics Nordsjllands Hospital,blk_01499,1,6
"Department of Gynecological Oncology, University Hospital, rebro",blk_00400,1,9
Department of Haematology,blk_01858,1,2
"Department of Haematology, Herlev Hospital, University of Copenhagen",blk_00271,1,26
Department of Hematology,blk_00466,1,11
"Department of Hematology, Aalborg University Hospital",blk_00164,1,27
"Department of Hematology, Aarhus University Hospital",blk_00466,1,11
"Department of Hematology, Herlev and Gentofte University Hospital",blk_00234,1,29
"Department of Human Nutrition, The Royal Veterinary and Agricultural University",blk_00096,1,20
Department of Infectious Diseases,blk_01050,1,22
Department of Infectious Diseases - Aarhus University Hospital,blk_01050,1,22
"Department of Infectious Diseases, Aarhus University Hospital",blk_01050,1,22
"Department of Infectious Diseases, Aarhus University Hospital, Skejby",blk_01050,1,22
"Department of Infectious Diseases, Aarhus university Hospital, Skejby",blk_01050,1,22
"Department of Infectious Diseases, Copenhagen University Hospital, Hvidovre.",blk_00221,1,34
"Department of Infectious Diseases, Hvidovre Hospital",blk_00221,1,34
Department of Infectious diseases,blk_01050,1,22
"Department of Infetious Diseases, Odense University Hospital",blk_00028,1,40
"Department of Intensive Care, Rigshospitalet",blk_00014,1,40
Department of Internal Medicine of the University of Munich,blk_00602,1,29
"Department of Internal Medicine, University Hospital Gasthuisberg",blk_01629,1,6
Department of Medical Gastroenterology,blk_01376,1,4
"Department of Medical Research, Odense University Hospital, Svendborg Hospital",blk_00028,1,40
"Department of Medical Research, Regional Hospital Holstebro",blk_01004,1,8
"Department of Medical Sciences, Dermatology and venerology, Uppsala University, Uppsala Sweden",blk_00210,1,34
"Department of Medical Sciences, Uppsala Universitet",blk_00210,1,34
"Department of Medical and Clinical Genetics, University of Helsinki",blk_00119,1,34
"Department of Medicine I, Clinical Dep. f. Oncology, University Hospital,",blk_01661,1,9
"Department of Medicine I, Ordensklinikum Linz, Elisabethinen Hospital Linz",blk_01910,1,5
"Department of Medicine I, University Hospital St. Josef-Hospital, Ruhr University Bochum",blk_01287,1,19
"Department of Medicine I, University Hospital St.Josef-Hospital, Ruhr University Bochum",blk_01287,1,19
"Department of Medicine M, Aarhus University Hospital",blk_01690,1,6
Department of Medicine and Endocrinology,blk_00655,1,6
"Department of Medicine, Helsinki University Central Hospital",blk_00119,1,34
"Department of Medicine, Kge University Hospital / Department of Medicine, Kge University Hospital",blk_00858,1,4
"Department of Medicine, Zealand University Hospital",blk_00173,1,17
Department of Molecular and Clinical Medicine Sapienza University of Rome,blk_01126,1,4
Department of Nephrology and Renal Transplantation,blk_00989,1,15
"Department of Nephrology and Renal Transplantation, University Hospitals Leuven",blk_00989,1,15
"Department of Nephrology, OUH, Odense, DK",blk_00028,1,40
"Department of Nephrology, Rigshospitalet, University of Copenhagen",blk_00014,1,40
Department of Neurology,blk_01287,1,19
"Department of Neurology and Clinical Neurophysiology, St Olavs Hospital, Trondheim University hospital",blk_01133,1,8
"Department of Neurology, Academic Medical Center",blk_01287,1,19
"Department of Neurology, Christian Doppler Medical Center, Paracelsus Medical University Salzburg",blk_01911,1,6
"Department of Neurology, Karolinska University Hospital / Dept. of Pediatric hematology and oncology, Astrid Lindgren Childrens Hosp,Karolinska Univ Hospital",blk_00026,1,40
"Department of Neurology, Roskilde Hospital",blk_01720,1,6
"Department of Neurology, Turku University Hospital",blk_00086,1,13
"Department of Neuroscience, Uppsala University",blk_00210,1,34
"Department of Neuroscience, neurology",blk_00686,1,4
"Department of Neurosurgery, Medical University of Vienna",blk_00041,1,40
"Department of Neurosurgery, PMU",blk_01695,1,5
Department of Nuclear Medicine,blk_01905,1,5
"Department of Nuclear Medicine and Endocrinology, Paracelsus Medical University Salzburg",blk_01911,1,6
"Department of Nuclear Medicine, Medical University Innsbruck",blk_00282,1,40
"Department of Obstetrics  Gynecology, Copenhagen University Hospital, Rigshospitalet",blk_00014,1,40
"Department of Obstetrics and Gynaecology, Karolinska Institutet, Stockholm",blk_00026,1,40
"Department of Obstetrics and Gynecolog, Randers Centralsygehusy",blk_01857,1,5
"Department of Obstetrics and Gynecology, Oulu University Hospital",blk_00483,1,17
"Department of Occupational and Environmental Dermatology, Malm University Hospital",blk_01912,1,4
Department of Oncology  Rigshospitalet,blk_01913,1,40
Department of Oncology University Hospital Uppsala,blk_00210,1,34
"Department of Oncology, Haukeland University Hospital",blk_00601,1,10
"Department of Oncology, Karolinska University Hospital",blk_00026,1,40
"Department of Oncology, Linkping University Hospital, Linkping, Sweden",blk_00472,1,13
"Department of Oncology, Lund University Hospital",blk_00536,1,14
"Department of Oncology, Odense Universitetshospital",blk_00028,1,40
"Department of Oncology, Skne University Hospital Lund",blk_00354,1,15
"Department of Oncology, Uppsala University Hospita",blk_00210,1,34
Department of Ophthalmology,blk_01778,1,3
"Department of Ophthalmology, Aarhus University Hospital",blk_01778,1,3
"Department of Ophthalmology, Hietzing Hospital",blk_01914,1,2
"Department of Ophthalmology, MUW",blk_01915,1,9
"Department of Ophthalmology, Medical University of Graz",blk_00112,1,40
"Department of Ophthalmology, SEmmelweis University",blk_00285,1,13
"Department of Ophthalmology, Semmelweis University",blk_00285,1,13
"Department of Oral Surgery Dental School Med. Univ. Graz, Austria",blk_00112,1,40
Department of Orthopaedic Surgery University Hospital Linkping,blk_00472,1,13
Department of Orthopaedics IKE / Department of Orthopaedics IKE,blk_01309,1,2
"Department of Orthopedic Surgery, Aarhus University",blk_01903,1,3
"Department of Otolaryngology, Head and Neck Surgery Johannes Gutenberg-Universitt Mainz",blk_00635,1,25
"Department of Otorhinolaryngology, Head and Neck Surgery",blk_01891,1,4
"Department of Otorhinolaryngology, Head and Neck Surgery and Audiology. Rigshospitalet, University Hospital of Cph, DK",blk_01891,1,4
"Department of Paediatrics, Herlev Hospital",blk_00271,1,26
"Department of Palliative Medicine, RWTH Aachen",blk_00625,1,31
"Department of Pediatric Gastroenterology, Academic Medical Centre",blk_00888,1,8
Department of Pediatrics Aarhus University Hospital Skejby,blk_01896,1,6
"Department of Pediatrics, Medical and Health Science Center, University of Debrecen",blk_00754,1,6
"Department of Pharmaceutical Biosciences, Uppsala University",blk_00210,1,34
Department of Pharmacology-Toxicology,blk_00812,1,31
Department of Pharmacy Universitaetsmedizin Mainz,blk_01916,1,2
Department of Pharmacy Unversittsmedizin Mainz,blk_01916,1,2
"Department of Pharmacy, Uppsala University",blk_00210,1,34
"Department of Physiology and Cardiothoracic Surgery, Faculty of Medicine, University of Porto",blk_01826,1,6
"Department of Plastic Surgery, Breast and Burns Treatment",blk_01917,1,2
Department of Psychiatry,blk_01864,1,5
Department of Psychiatry and Psychotherapy Cologne,blk_00057,1,9
"Department of Psychiatry and Psychotherapy, Charity University Medicine",blk_01918,1,7
"Department of Psychiatry and Psychotherapy, Friedrich-Schiller-University Jena",blk_00462,1,12
"Department of Psychiatry and Psychotherapy, Ludwig-Maximilians-University Munich",blk_00602,1,29
"Department of Psychiatry and Psychotherapy, Medical University of Vienna",blk_00041,1,40
"Department of Psychiatry and Psychotherapy, University of Erlangen-Nuremberg",blk_00156,1,25
"Department of Psychiatry and Psychotherapy, University of Mainz",blk_01918,1,7
"Department of Psychiatry, Helsinki University Central Hospital",blk_00119,1,34
"Department of Psychiatry, LMU Munich",blk_00602,1,29
"Department of Psychiatry, Ludwig-Maximilian University Munich",blk_00602,1,29
"Department of Psychiatry, Ludwig-Maximilians-University Munich",blk_00602,1,29
"Department of Psychiatry, RWTH Aachen",blk_00625,1,31
Department of Pulmonology,blk_01919,1,2
"Department of Pulmonology, Rijnstate Hospital",blk_00491,1,9
"Department of R  D, Central Manchester and Manchester Childrens Hospital NHS Trust",blk_00264,1,40
"Department of Radiology, Oslo University Hospital, Norway",blk_01156,1,7
"Department of Radiology, Rigshospitalet, Denmark",blk_01913,1,40
"Department of Renal Medicine, Aarhus University Hospital",blk_01363,1,4
Department of Rheumatology,blk_01193,1,11
"Department of Rheumatology, Hvidovre Hospital",blk_00221,1,34
"Department of Rheumatology, Internal Medicine III, Medical University of Vienna",blk_00041,1,40
"Department of Rheumatology, Skne University Hospital",blk_00354,1,15
"Department of Rheumatology,University hospital,Lund",blk_00536,1,14
"Department of Sports Medicine, Institute for Sport Sciences, Justu-Liebig-University of Gieen",blk_01431,1,9
Department of Stem Cell Transplantation - University Medical Center Hamburg-Eppendorf,blk_00095,1,13
"Department of Surgery, National University of Ireland",blk_00196,1,7
"Department of Thoracic and Hyperbaric Surgery, University Medical School Graz",blk_00112,1,40
Department of Urology and Pediatric Urology - Justus-Liebig-University Giessen,blk_01431,1,9
"Department of Urology, Herlev Hospital",blk_00271,1,26
Department of Vascular Medicine of the Academic Medical Center,blk_00914,1,3
"Department of Woman and Child health, Karolinska University Hospital",blk_00026,1,40
"Department of anaesthesia and intensive care, Hvidovre Hospital",blk_00221,1,34
"Department of anesthesiology, Bispebjerg Hospital",blk_00122,1,28
"Department of dermatology, Odense University Hospital",blk_00028,1,40
Department of experimental and clincial medicine F. Magrassi,blk_00700,1,11
Department of gastroenterology. University Hospital of Santiago,blk_00493,1,7
"Department of haematology, Zealand university hospital",blk_00173,1,17
"Department of hospital Pharmacy, Medical Centre Haaglanden",blk_01467,1,3
"Department of infectious Diseases, Aarhus University Hospital",blk_01050,1,22
"Department of infectious diseases, Hvidovre Hospital",blk_00221,1,34
"Department of medical Research, Regional Hospital Holstebro",blk_01004,1,8
"Department of medical gastroenterology S, Odense University Hospital",blk_00028,1,40
"Department of medical gastroenterology, Herlev Hospital",blk_00271,1,26
"Department of oncology, Odense University Hospital",blk_00028,1,40
"Department of pediatrics, Aarhus University Hospital",blk_01896,1,6
"Department of pharmacy, Uppsala University",blk_00210,1,34
"Department of surgery, Odense University Hospital",blk_00028,1,40
"Department of vascular surgery, Lillebaelt Hospital",blk_00608,1,2
"Department of womens and Childrens health, Uppsala University.",blk_00210,1,34
"Department off Infectious Diseases, Aarhus University Hospital Skejby, Denmark",blk_01050,1,22
"Department og Gynaecology and Obstetric, Randers Hospital",blk_01857,1,5
Departmnet of nephrology,blk_00989,1,15
Dept Hematology SLB Vejle / Dept Hematology SLB Vejle,blk_00192,1,10
Dept anaesthesiology and intensive care,blk_01901,1,7
Dept of Anaesthesiology 530,blk_01901,1,7
Dept of Dermatology,blk_01190,1,5
"Dept of Endocrinology O106, Herlev Hospital",blk_00271,1,26
"Dept of Endocrinology, Odense University Hospital",blk_00028,1,40
"Dept of Infectious Diseases, Aarhus University Hospital",blk_01050,1,22
"Dept of Internal Medicine IV, Med Uni Vienna",blk_00041,1,40
Dept of Medicine,blk_00675,1,14
Dept of Molecular Medicin and Surgery,blk_01920,1,3
Dept of Neurology,blk_01287,1,19
"Dept of Neurology, Ume University Hospital, Ume, Sweden",blk_00557,1,7
"Dept of Neuroscience, Uppsala University",blk_00210,1,34
Dept of Oncology,blk_00675,1,14
Dept of Oncology. Haukeland University Hospital,blk_00601,1,10
"Dept of Paediatric Anaesthesia, Karolinska University Hospital-Solna",blk_00026,1,40
"Dept of Plastic Surgery, Breast Surgery  Burns",blk_01917,1,2
"Dept of Psychiatry, Ume University Hospital",blk_00557,1,7
Dept of Renal medicine,blk_01363,1,4
"Dept of Rheumatology, Lund University Hospital, Lund, Sweden",blk_00536,1,14
Dept of Surgery / Landstinget i Uppsala,blk_00210,1,34
"Dept of Transplantation Surgery B 56, Karolinska University Hospital, Huddinge",blk_00026,1,40
Dept of Urology Aarhus Universityhospital,blk_01691,1,3
"Dept of medical sciences, Rheumatology",blk_01193,1,11
Dept of oncology,blk_00675,1,14
Dept. Child  Adolescent Psychiatrie,blk_01921,1,2
Dept. Child  Adolescent Psychiatry Univ. Freiburg,blk_00356,1,21
"Dept. Hematology, Hospital Clinic",blk_00466,1,11
"Dept. Ob.Gyn, Univ Oulu",blk_00483,1,17
"Dept. Oncology, Aarhus University Hospital",blk_01776,1,3
Dept. Pharmacology and Toxicology,blk_00812,1,31
"Dept. of Anaesthesia and Intensive Care, Haukeland University Hospital",blk_00601,1,10
"Dept. of Anaesthesia, Center of Head and Orthopaedics, Copenhagen University Hospital Rigshospitalet",blk_00675,1,14
"Dept. of Anaesthesia, Medical University of Vienna",blk_00041,1,40
"Dept. of Anaesthesia, Oslo University Hospital, Ullevl",blk_00675,1,14
"Dept. of Anaesthesiology, Odense University Hospital",blk_00028,1,40
"Dept. of Anesthesiology and Intensive Care, Charit - Campus Benjamin Franklin",blk_01283,1,19
"Dept. of Cardiology, Medical University of Vienna",blk_00041,1,40
"Dept. of Cardiothoracic  Vascular Surgery, Aarhus University Hospital, Skejby",blk_01903,1,3
Dept. of Clinical Immunology,blk_01824,1,3
Dept. of Clinical Pharmacology,blk_00812,1,31
"Dept. of Clinical Pharmacy, Radboud UMC Nijmegen, The Netherlands",blk_00042,1,36
"Dept. of Dermatology, Zealand University Hospital, Roskilde",blk_00173,1,17
"Dept. of Endocrinology, Metabolism and Diabetes, Karolinska University Hospital",blk_00026,1,40
"Dept. of Gastroenterology, Universityhospital Odense",blk_00028,1,40
Dept. of Growth and Reproduction,blk_01922,1,2
Dept. of Infectious diseases / virology University of Gothenburg,blk_01050,1,22
"Dept. of Intensive Care 4131, Copenhagen University Hospital Rigshospitalet",blk_01913,1,40
"Dept. of Intensive Care 4131, Copenhagen University Hospital, Rigshospitalet",blk_01913,1,40
"Dept. of Intensive Care 4131, Rigshospitalet",blk_01913,1,40
"Dept. of Intensive Care Medicine, Copenhagen University Hospital, Rigshospitalet",blk_01913,1,40
"Dept. of Intensive Care, Rigshospitalet",blk_01913,1,40
Dept. of Internal Medicine,blk_01470,1,7
"Dept. of Internal Medicine II, University Hospital Giessen",blk_01923,1,3
Dept. of Nephrology,blk_00989,1,15
"Dept. of Neurological Surgery, Medical University of Vienna",blk_00041,1,40
Dept. of Neurology Vienna,blk_00041,1,40
"Dept. of Neurology, Atrium Medical Centre",blk_01287,1,19
"Dept. of Neurology, Odense University Hospital",blk_00028,1,40
"Dept. of Obstetrics and Gynecology, Sodersjukhuset",blk_01924,1,2
"Dept. of Oncology, Karolinska university hospital",blk_00026,1,40
"Dept. of Ophthalmol, Semmelweis University",blk_00285,1,13
"Dept. of Ophthalmology, Rigshospitalet  Glostrup",blk_00813,1,5
Dept. of Pharmacology,blk_00812,1,31
"Dept. of Pharmacology, Aarhus University",blk_00812,1,31
"Dept. of Plastic Surgery and Burns Treatment, Copenhagen University Hospital Rigshospitalet",blk_01913,1,40
"Dept. of Psychiaty, University of Freiburg",blk_00356,1,21
"Dept. of hematology,  Herlev Hospital",blk_00271,1,26
"Dept. of surg.gastroent., Gentofte University Hospital, Copenhagen",blk_00234,1,29
"Dept.Dermotology , Aarhus University",blk_01776,1,3
"Deptartment of Hematology, Karolinska University Hospital",blk_00026,1,40
"Derartment of Anaesthesiology and Intensive Care, Turku University Hospital",blk_00086,1,13
Derby Hospitals NHS Foundation Trust / Derby Hospitals NHS Foundations Trust,blk_00676,1,4
Derby Hospitals NHS Foundation Trust / The University of Nottingham-Research innovation services,blk_00060,1,19
Dermira Inc. a wholly-owned subsidiary of Eli Lilly and Company,blk_00009,1,38
"Dermira, Inc., a wholly owned subsidiary of Eli Lilly and Company",blk_00009,1,38
DeuterOncology,blk_01925,1,2
Deuteroncology,blk_01925,1,2
"Deutsche Herzzentrum Berlin, Kompetenznetz Angeborene Herzfehler",blk_01310,1,5
Deutsches Herzzentrum,blk_01310,1,5
"Deutsches Herzzentrum Berlin, Kompetenznetz Angeborene Herzfehler",blk_01310,1,5
"Deutsches Herzzentrum Mnchen, Klinik an der Technischen Universitt Mnchen",blk_00327,1,40
Deutsches Herzzentrum Muenchen,blk_01310,1,5
Deutsches Krebsforschungszentrum,blk_00814,1,6
Deutsches Krebsforschungszentrum (DKFZ),blk_00814,1,6
Deutsches Krebsforschungszentrum DKFZ,blk_00814,1,6
"Deutsches Krebsforschungszentrum DKFZ, Stiftung des ffentlichen Rechts",blk_00814,1,6
Deutsches Krebsforschungszentrum Stiftung des ffentlichen Rechts,blk_00814,1,6
Dextech Medical AB,blk_01311,1,2
DiaMedica USA Inc.,blk_01312,1,3
Diagnostic Centre of Pcs,blk_01926,1,3
Diakonhjemmet Sykehus AS / Karolinska University Hospital / University Of Medicine And Pharmacy Carol Davila Bucharest / Medical University Of Vienna,blk_00026,1,40
Diakonhjemmet hospital,blk_00993,1,3
Diamedica Therapeutics Inc.,blk_01312,1,3
"Diater Laboratorio de Diagnsticos y Aplicaciones Teraputicas, S.A.",blk_00995,1,7
"Diater, Laboratorio de Diagnstico y Aplicaciones Teraputicas S.A.",blk_00995,1,7
Diatos S.A.,blk_01882,1,2
Dicot AB,blk_01927,1,2
Dicot AB / Dicot AB,blk_01927,1,2
"Dieter Hoelzer, MD,PhD",blk_01928,1,4
"Digestive Disease Center, Bispebjerg Hospital",blk_00122,1,28
Dip. Pediatria UOC Gastroenterologia ed Epatologia Pediatrica,blk_01929,1,2
Dipartimento Di Neuroscienze E Scienze Riproduttive Ed Odontostomatologiche Universita Degli Studi Di Napoli Federico II,blk_00209,1,40
Dipartimento di Biotecnologie Molecolari e Scienze per la Salute Universit degli Studi di Torino,blk_01848,1,5
Dipartimento di Medicina Interna e Specialit Mediche - Policlinico Umberto I - Sapienza Universit di Roma,blk_00114,1,9
Dipartimento di Medicina Sperimentale e Clinica- Universit di Firenze,blk_01301,1,7
Dipartimento di Medicina e Chirurgia Traslazionale dellUniversit degli Studi di Firenze,blk_00460,1,6
"Dipartimento di Medicina, Universit di Perugia",blk_00770,1,8
Dipartimento di Oncologia-Universit degli studi di Torino,blk_01848,1,5
Dipartimento di Pediatria,blk_01929,1,2
Dipartimento di Pediatria Universit Federico II di Napoli,blk_00209,1,40
Dipartimento di Pediatria Universita di Napoli Federico II,blk_00209,1,40
"Dipartimento di Scienze Cardiologiche, Toraciche e Vascolari-Universit di Padova",blk_00185,1,8
"Dipartimento di Scienze Chirurgiche, Oncologiche e Gastroenterologiche",blk_01301,1,7
Dipartimento di Scienze della Salute dellUniversit degli Studi di Firenze,blk_01301,1,7
Dipartimento di Scienze della Vita e Biotecnologie dellUniversit degli Studi di Ferrara,blk_00774,1,3
Dipartimento di Scienze mediche Oncologia Medica Policlinico Gemelli,blk_00017,1,9
Direccin General de Salud Pblica Conselleria de Sanidad de la Comunidad Valenciana,blk_01868,1,2
Direction Centrale du Service de Sant des Armes DCSSA,blk_01302,1,4
Direction de la Recherche Clinique et de lInnovation  CHU de Rouen,blk_00167,1,13
"Direction de la recherche clinique du centre hospitalier universitaire de Tours, Bretonneau",blk_00124,1,11
Disphar International B.V,blk_01930,1,2
Disphar International B.V.,blk_01930,1,2
Div KIR AMC,blk_00339,1,19
"Div. of Cardiology, Innsbruck Medical University",blk_00282,1,40
"Division of Allergy, Immunology, and Transplantation National Institute of Allergy and Infectious Disease",blk_01601,1,3
"Division of Anaesthesiology - Department of Acute Medicine - Geneva Childrens Hospital, University Hospitals of Geneva",blk_01901,1,7
Division of Angiology Graz,blk_00112,1,40
"Division of Cardiology, Robert-Bosch-Krankenhaus",blk_01931,1,4
"Division of Clinically Immunology and Rheumatology, AMC",blk_00339,1,19
"Division of Paediatrics, Rikshospitalet University Hospital",blk_01524,1,6
Division of Rheumatology,blk_01193,1,11
Division of Special and Environmental Dermatology,blk_01912,1,4
"Division of Thoracic and Hyperbaric Surgery, Medical  University Graz",blk_00112,1,40
"Division pf Paediatric and Adolescent Medicine, Oslo University Hospital",blk_01898,1,4
"Doc. MUDr. Petr Kol, PhD, On klinika FN Brno",blk_01932,1,2
Doctor Pere Domingo,blk_01933,1,2
Dolnoslaskie Centrum Chorob Serca Im. Prof. Zbigniewa Religi Medinet Sp. z o.o.,blk_01934,1,2
Domain Therapeutics,blk_01935,1,2
Domain Therapeutics Australia Pty Limited,blk_01935,1,2
Domp Farmaceutici s.p.a.,blk_00415,1,5
Dompe farmaceutici s.p.a. Dompe,blk_00374,1,5
"Donders Institute for Brain, Cognition and Behaviour, Radboud University",blk_00977,1,3
"Dow Pharmaceutical Sciences, Inc",blk_01315,1,4
"Dow Pharmaceutical Sciences, Inc on behalf of Coria Laboratories",blk_01315,1,4
"Dow Pharmaceutical Sciences, Inc.",blk_01315,1,4
Dpt. of Growth and Reproduction,blk_01922,1,2
"Dpt. of Internal Medicine, Medical University of Innsbruck",blk_00282,1,40
"Dpt. of Ophthalmology, Rigshospitalet-Glostrup",blk_01913,1,40
Dpt. of Urology -K. Aarhus University Hospital,blk_01936,1,2
"Dr Antoni Gual, Hospital Clnic de Barcelona, Unitat dAlcohologia de la Generalitat de Catalunya",blk_01588,1,8
Dr Antonio Gimeno,blk_01731,1,2
Dr August Wolff GmbH  Co KG Arzneimittel,blk_00519,1,3
Dr Calleja Panero,blk_01937,1,2
Dr Daniel Sern. Servicio de Nefrologa. Hospital Universitario Vall dHebron,blk_01938,1,3
"Dr GED DEMPSEY, University Hospital Aintree",blk_01707,1,3
Dr Josep Ordi Ros,blk_01939,1,2
Dr Josep Ordi-Ros. Hospital Universitario Vall dHebron,blk_01938,1,3
Dr Miguel Santn Cerezales,blk_01940,1,2
Dr Reddy's Laboratories Limited,blk_01941,1,2
Dr. Albert Lecube Torello,blk_01942,1,2
"Dr. Albert Lecube, Ph.D., M.D.",blk_01942,1,2
Dr. Andrs Poveda Velasco,blk_01722,1,2
"Dr. Angel Chamorro Snchez. Servicio de Neurologa, Hospital Clinic",blk_01672,1,2
Dr. Antonio Llombart Cussac,blk_01943,1,2
Dr. Antonio Osuna Ortega,blk_01944,1,2
Dr. August Wolff GmbH  Co KG Arzneimittel,blk_00519,1,3
Dr. Benedicto Crespo. Servicio Psiquiatra. Hospital Universitario Marqus de Valdecilla/IDIVAL,blk_01035,1,3
Dr. Bernardino Clavo Varas,blk_01777,1,4
Dr. Carlos Serra,blk_01186,1,2
Dr. Christian Domingo,blk_01933,1,2
Dr. DANIEL PODZAMCZER PALTER,blk_00811,1,5
Dr. Daniel Lpez Aguado. Servicio de Otorrinolaringologa. Hospital Universitario de Canarias,blk_00837,1,9
Dr. Daniel Podzamczer Palter Unidad de VIH. Servicio de Enfermedades Infecciosas. Hospital de Bellvitge.,blk_00811,1,5
Dr. Daniel Podzamczer Palter. Hospital Univesitari de Bellvitge. Unidad de VIH.,blk_00811,1,5
Dr. Enrique,blk_01945,1,9
Dr. Enrique Alday,blk_01945,1,9
Dr. Enrique Martnez Lpez,blk_01945,1,9
Dr. Falk Pharma GmbH / Dr. Falk Pharma GmbH,blk_00055,1,3
Dr. Falk Pharma Portugal,blk_00055,1,3
Dr. Forteza Gil,blk_01946,1,2
Dr. Francisco Marrero Rodrguez. Hospital Universitario de Canarias,blk_00837,1,9
Dr. Gerhard Mann Chem.-Pharm. Fabrik GmbH/Bausch  Lomb,blk_00789,1,4
Dr. Gerhard Mann chem.-pharm Fabrik GmbH,blk_01299,1,17
Dr. Gerhard Mann chem.-pharm. Fabrik GmbH,blk_01299,1,17
Dr. Gerhard Mann chem.-pharm. Fabrik GmbH/ Bausch  Lomb Incorporated,blk_00789,1,4
"Dr. Gerhard Mann, Chem-pharm. Fabrik GmbH",blk_01299,1,17
Dr. Guillem Cuatrecasas - CPEN S.L.,blk_01947,1,2
"Dr. Harald Dobnig, Medizinische Univ. Klinik Graz, Abteilung fr Endokrinologie und Nuklearmedizin",blk_00112,1,40
Dr. J.A. Barber. Servicio de Neumologa. Hospital Clnic de Barcelona,blk_01588,1,8
Dr. JOSE LUIS GONZALEZ LARRIBA,blk_01948,1,3
Dr. Javier Prez Gisbert,blk_01949,1,2
Dr. Jess Mara Villar del Moral and Dr. Jos Luis Muoz de Nova,blk_01950,1,6
Dr. Joan Ramon Masclans. Servicio de Medicina Intensiva. Hospital Universitario Vall dHebron,blk_00379,1,20
Dr. John Lambert Mater Misericordiae University Hospital,blk_01826,1,6
Dr. Jordi Montero Homs- Unidad de Neuromuscular- Servicio de Neurologa- Hospital Universitario de Bellvitge,blk_01295,1,4
Dr. Jos Maria Ruiz Moreno,blk_01951,1,2
"Dr. Juan D. Caete Crespillo, Hospital Clnic de Barcelona",blk_01588,1,8
Dr. Llombart Cussac,blk_01943,1,2
Dr. Luis Fernndez-Dr. Jesus Barrio,blk_01952,1,3
Dr. Manuel Rodrguez Yez,blk_01953,1,2
Dr. Miguel Ferrer. Servicio de Neumologa. Hospital Clnic de Barcelona,blk_01588,1,8
Dr. Miguel Martn,blk_01827,1,2
Dr. Miquel Gmez. Servicio de Cardiologa. Hospital del Mar,blk_00206,1,34
"Dr. Olivier F. Bertrand ,  Laval Hospital",blk_01842,1,2
Dr. Ortega: Hospital General de Valencia,blk_01944,1,2
Dr. Pedro Cuevas Sanchez Investigacion Independiente,blk_01418,1,3
Dr. Reddy's Laboratories Limited,blk_01941,1,2
Dr. Reddys Labaratories Ltd.,blk_01304,1,5
Dr. V. Soriano,blk_01954,1,2
Dr. Vicente Estrada,blk_01955,1,3
Dr. Willmar Schwabe GmbH Co. KG,blk_00125,1,4
"Dr. Xavier Serra Aracil, Corporaci Sanitaria Parc Taul",blk_00250,1,4
Dr. Xavier Solanich Moreno. Servei Medicina Interna. Hospital de Bellvitge,blk_01314,1,16
Dr.Gerardo Aguilar Dr.Francisco Mart Hospital Clnico de Valencia Ser. Anestesiologa y Reanimacin,blk_01587,1,4
Dr.ssa Marina Aiello-Universit degli studi di Parma,blk_00362,1,7
Dra Ana Pueyo Bastida,blk_01671,1,8
"Dra Antnia Dalmau i LLitjs del Servicio de Anestesia, Reanimacin y Teraputica del dolor del HUB -Idibell",blk_01869,1,4
Dra Beatriz Lozano-Hospital Universitario de Canarias,blk_00837,1,9
Dra Cristina Avendao Sola,blk_01873,1,3
Dra Itxarone Bilbao. Servicio de Ciruga Hepatobiliopancreatica y Trasplantes. HUVH.,blk_01956,1,2
Dra Itxarone Bilbao. Servicio de ciruga hepatobiliopancreatica y trasplantes. HUVH,blk_01956,1,2
Dra Maria Luz Couce / Dr. Jos Luis Fernndez Trisac,blk_01952,1,3
"Dra. Antnia Dalmau i Llitjs. Servicio de Anestesia, Reanimacin y Teraputica del Dolor del HUB-Idibell",blk_01869,1,4
Dra. Carlota Gudiol Gonzlez. Servicio de Enfermedades Infecciosas. Hospital Universitari de Bellvitge.,blk_01316,1,11
Dra. Carmen Gmez Vaquero Servicio de Reumatologa del Hospital Universiari de Bellvitge - Idibell,blk_00508,1,15
Dra. Irene Halperin Rabinovich. Servicio de Endocrinologa. Hospital Clnic de Barcelona,blk_01588,1,8
Dra. Martinez Payo-Hospital Universitario Puerta de Hierro,blk_01015,1,7
Dra. Nuria Maes Bonet. Seccin de Ciruga Torcica. Hospital Universitario de Canarias,blk_00837,1,9
Dresden Technical University,blk_00181,1,18
Dresden Universtity of Technology,blk_00181,1,18
Drug Delivery Solutions Aps DDS c/o MC2 Biotek Group,blk_01454,1,4
Drugs for Neglected Diseases initiative DNDi,blk_01957,1,2
DuPont Nutrition and Health Active Nutrition,blk_00937,1,4
Duke Clinical Research Institute,blk_01958,1,3
Duke Street Bio Limited,blk_01958,1,3
Duke University,blk_01958,1,3
Durata Therapeutic International B.V.,blk_00996,1,3
Dutch Cancer Society,blk_01959,1,2
Dutch Childhood Oncology Group DCOG,blk_00997,1,3
Dutch Diabetes Research Foundation,blk_00957,1,3
Dutch Growth Foundation,blk_00569,1,5
Dutch Heart Foundation,blk_00957,1,3
Dutch Kidney Foundation,blk_01758,1,4
Dutch growth research foundation,blk_00569,1,5
Dutch-Belgian Cooperative Trial Group for Hematology Oncology,blk_00297,1,18
Dyax Corp,blk_01960,1,2
Dyax Corp.,blk_01960,1,2
Dystrogen Therapeutics Technology Polska Sp. z o.o.,blk_01706,1,4
E Pharma Trento S.p.A.,blk_00776,1,7
E-Pharma Trento SpA,blk_00776,1,7
E. Merck AB,blk_00005,1,40
E.M.N. - EUROPEAN MYELOMA NETWORK,blk_00315,1,17
EANM Forschungs GmbH / EANM Research Ltd.,blk_00154,1,8
EAU EUROPEAN ASSOCIATION OF UROLOGY,blk_01318,1,3
EAU Foundation for Urological Research,blk_01318,1,3
EB House Austria,blk_00547,1,8
EBMT European Group for Blood and Marrow Transplantation,blk_00421,1,24
ECRI,blk_01961,1,2
ECRI-9,blk_01961,1,2
EGIS Gygyszergyr Nyrt.,blk_01962,1,2
"EIP Pharma, Inc.",blk_01320,1,4
"EIP Pharma, LLC",blk_01320,1,4
EISAI LIMITED,blk_00050,1,9
ELI LILLY and COMPANY,blk_00009,1,38
ELPEN Pharmaceutical Co. Inc,blk_01002,1,2
EM-kliniken,blk_00900,1,2
"EMD Pharmaceuticals, Inc. an affiliate of Merck KGaA, Darmstadt, Germany",blk_01963,1,4
"ENANTA Pharmaceuticals, Inc",blk_00818,1,3
ENCELADUS Pharmaceuticals BV,blk_01328,1,3
"ENT Hospital, Johannes-Gutenberg University, Mainz",blk_00635,1,25
EORTC Headquarters,blk_00186,1,2
EORTC-European Organisation for Research and Treatment of Cancer,blk_00093,1,29
EORTC-European Organisation for the Research and Treatment of Cancer,blk_00093,1,29
EPIFARMA S.R.L.,blk_01003,1,4
EPIFARMA SRL,blk_01003,1,4
"EPIX Pharmaceuticals, Inc.",blk_01332,1,2
"ERASMUS MC, Dept Anesthesiology",blk_01333,1,15
ERASMUS UNIVERSITY MEDICAL CENTER ROTTERDAM,blk_00029,1,40
EREMPHARMA SAS,blk_01964,1,3
"ESBATech, an Alcon Biomedical Research Unit LLC",blk_00158,1,16
ESPECIALIDADES FARMACUTICAS CENTRUM S.A.,blk_01965,1,3
EUTHERAPIE / Les Laboratoires Servier,blk_01321,1,2
East Kent Hospital Trust,blk_01966,1,15
East Kent Hospitals NHS Trust,blk_01966,1,15
East Sussex NHS Trust,blk_00967,1,8
East and North Hertfordhsire NHS Trust,blk_01323,1,6
East and North Hertfordshire NHS Trust / University of Hertfordshire,blk_01323,1,6
Eastern Norway Regional Health Authority / Ullevaal University Hospital,blk_01156,1,7
Eb Haus Austria Gemeinnuetzige Salzburger Landeskliniken Betriebsgesellschaft mbH,blk_00547,1,8
Eberhard-Karls University Tbingen represented by University Hospital Tbingen and its Commercial Director,blk_00287,1,10
"Eden Biologics, Inc., Taiwan",blk_00255,1,33
"Edge Therapeutics, Inc",blk_01967,1,2
"Edge Therapeutics, Inc.",blk_01967,1,2
Edinburgh Molecular Imaging Ltd.,blk_00150,1,27
Eero Pesonen,blk_01724,1,2
Egis Pharmaceuticals PLC,blk_01962,1,2
Eiger BioPharmaceuticals,blk_01324,1,2
Eisai GmbH,blk_00050,1,9
Eisai Inc,blk_00050,1,9
Eisai Limited / Eisai Inc.,blk_00050,1,9
Eisai s.r.l.,blk_00050,1,9
El Hospital Universitario De Gran Canaria Dr. Negrin,blk_01968,1,3
Elan Pharma Ltd.,blk_01001,1,3
Electra Therapeutics Inc.,blk_01969,1,2
"Electra Therapeutics, Inc.",blk_01969,1,2
"Eledon Pharmaceuticals, Inc",blk_01325,1,2
Elena Rubio. Consorcio Hospital General Universitario de Valencia,blk_01869,1,4
Elevar Therapeutics Inc.,blk_01970,1,2
"Elevar Therapeutics, Inc",blk_01970,1,2
"Elevation Pharmaceuticals, Inc.",blk_01326,1,2
Eli Lilly  Company - Indianapolis,blk_00009,1,38
Eli Lilly  Company Limited,blk_00009,1,38
Eli Lilly  and Company,blk_00009,1,38
Eli Lilly & Co. / Eli Lilly & Co.,blk_00009,1,38
Eli Lilly Company,blk_00009,1,38
Eli Lilly Cork Limited / Eli Lilly & Co.,blk_00009,1,38
Eli Lilly Sweden AB,blk_00009,1,38
"Eli Lilly and Company Limited, UK",blk_00009,1,38
"Eli Lilly and Company, Indianapolis",blk_00009,1,38
Elisabet Leiva Badosa. Phamacy Department. Hospital Universitari de Bellvitge,blk_01971,1,5
Emalex Biosciences Inc.,blk_01327,1,3
Emalex Biosciences Inc. / Emalex Biosciences Inc.,blk_01327,1,3
"Emergent Product Development Seattle, LLC",blk_00284,1,5
Emergent Product Development UK Ltd,blk_01972,1,2
Emilio Bouza Santiago,blk_01973,1,2
Emilio Garcia Garcia,blk_01973,1,2
Emma Childrens Hospital-AMC,blk_00339,1,19
Emn Trial Office S.r.l. Impresa Sociale,blk_00315,1,17
Enceladus Pharmaceuticals,blk_01328,1,3
Endo Pharmaceuticals Solutions,blk_01329,1,3
"Endocrine Department, Sahlgrenska University Hospital",blk_00180,1,28
"Endocrine Research Unit, Odense University Hospital",blk_00028,1,40
Endocrine Society of Czech Republic,blk_01909,1,2
Endocrinology and Nutrition Unit. Hospital Universitari Bellvitge.,blk_01971,1,5
"Endocyte, Inc., A Novartis Company",blk_01330,1,2
Engelhard Arzneimittel GmbH & Co. KG,blk_00677,1,3
Enlivex Therapeutics RD Ltd.,blk_01331,1,4
"Enlivex Therapeutics RD, Ltd.",blk_01331,1,4
"Enlivex Therapeutics RDO, Ltd.",blk_01331,1,4
Enric Pedrol Clotet. Unidad Enfermedades Infecciosas.Hospital de Granollers,blk_01974,1,3
Enrique Brez Hernandez,blk_01945,1,9
Enrique De Madaria Pascual,blk_01945,1,9
Enrique Gomez-Barrena,blk_01945,1,9
Enrique Ortega Gonzlez,blk_01945,1,9
Enrique Rey Daz-Rubio,blk_01874,1,2
Enrique de Madaria,blk_01945,1,9
Enrique de Madaria Pascual,blk_01945,1,9
Ente Ospedaliero Ospedali Galliera Genova,blk_00211,1,9
Enterome SA,blk_00819,1,2
Enterprise Therapeutics Limited,blk_01975,1,4
EpiEndo Pharmaceuticals,blk_01976,1,3
EpiEndo Pharmaceuticals ehf.,blk_01976,1,3
Epiendo Pharmaceuticals ehf. / Epiendo Pharmaceuticals ehf.,blk_01976,1,3
Epifarma s.r.l.,blk_01003,1,4
Epsom  St Helier University Hospitals NHS Trust,blk_01977,1,5
Epsom  St Heliers University Hospital NHS Trust,blk_01977,1,5
Epsom and St Helier University Hospitals NHS Trust,blk_01977,1,5
Epsom and St Helier University Hospitals NHS Trust RD Dpt,blk_01977,1,5
Equipo de doctores: Dr. Amado Andrs y Dr. Manuel Praga,blk_01978,1,2
Erasme Hospital - Department of Gastroenterology,blk_00320,1,26
Erasme Hostpital - ULB,blk_00320,1,26
Erasme University Hospital,blk_00320,1,26
Erasmus MC - Department of Neurology,blk_00029,1,40
Erasmus MC - Department of Pediatrics,blk_00029,1,40
Erasmus MC - University Medical Centre,blk_00029,1,40
Erasmus MC / Maasstad Hospital,blk_01067,1,4
Erasmus MC / ZonMw,blk_00638,1,7
Erasmus MC Cancer Center / Erasmus MC Cancer Center,blk_00029,1,40
Erasmus MC Dept. Urology,blk_01333,1,15
Erasmus MC Kanker Instituut,blk_00072,1,24
Erasmus MC Rotterdam,blk_00029,1,40
Erasmus MC Sophia,blk_01333,1,15
Erasmus MC University Medical Center,blk_00029,1,40
"Erasmus MC, Department of Dermatology",blk_00029,1,40
"Erasmus MC, department of dermatology",blk_00029,1,40
"Erasmus MC, more specifically for and on behalf of the department of Neurology/Neuro-Oncology",blk_01333,1,15
Erasmus MC-Danil den Hoed,blk_01333,1,15
Erasmus MC-Sophia Childrens Hospital,blk_01333,1,15
Erasmus Medical Center Department of general practice / Fonds NutsOhra,blk_01979,1,2
"Erasmus Medical Center, Department of Anesthesiology",blk_00988,1,12
"Erasmus Medical Centre, Department of Anesthesiology",blk_00988,1,12
Erasmus Universitair Medisch Centrum Rotterdam (Erasmus MC) / ZonMW,blk_00029,1,40
Erasmus University Medical Center Rotterdam,blk_00029,1,40
Erasmus University Medical Centre Rotterdam,blk_00029,1,40
ErasmusMC - Sophia,blk_01333,1,15
ErasmusMC - Sophia Childrens Hospital,blk_01333,1,15
ErasmusMC-University Medical Center Rotterdam,blk_00029,1,40
"Erasmusm MC, Rotterdam, The Netherlands",blk_00496,1,8
Erempharma SAS,blk_01964,1,3
ErgoNex Pharma GmbH,blk_01980,1,2
Ergonex Pharma GmbH,blk_01980,1,2
Esbjerg Sygehus,blk_01006,1,2
"Escient Pharmaceuticals, Inc.",blk_01334,1,2
Eskelinen Matti/KYS,blk_01464,1,2
Especialidades Farmaceticas Centrum S.A.,blk_01965,1,3
"Especialidades Farmacuticas Centrum, S.A",blk_01965,1,3
Esperion Therapeutics Inc.,blk_01007,1,3
Essa Pharma Inc.,blk_01981,1,2
Essa Pharmaceuticals Corp.,blk_01981,1,2
"Essen University Hospital, University of Essen, Klinik fr Allgemein-,  Viszeral- und Transplantationschirugie",blk_00308,1,14
Esteban Ribera Pascuet,blk_01982,1,2
Estetra,blk_01336,1,4
Estetra S.A.,blk_01336,1,4
Esteve Pharmaceuticals S.A.,blk_01442,1,10
Ethicon Inc.,blk_00820,1,4
"Ethicon, Inc.",blk_00820,1,4
Ethik-Kommission  der Medizinischen Fakultt  der Martin-Luther-Universitt Halle Wittenberg,blk_00329,1,14
Euopean Organisation of Research and Treatment of Cancer,blk_00093,1,29
Eurofins Optimed / Fabentech,blk_01349,1,2
Eurofins Optimed / Perha Pharmaceuticals,blk_01983,1,3
Eurofins Optimed / Synendos Therapeutics AG,blk_01983,1,3
European AIDS Treatment Network Infectious Disease Foundation NEAT ID,blk_00093,1,29
European Commission FP7 Health 2010,blk_01337,1,2
European Foundation For The Study Of Chronic Liver Failure,blk_00825,1,5
European Group for Research in Schizophrenia Stichting,blk_01837,1,3
"European LeukemiaNet, Ruprecht-Karls-Universitt Heidelberg",blk_00338,1,40
European Myeloma Network B.V.,blk_00315,1,17
European Myeloma Network B.V. / Ceska Myelomova Skupina z.s. / Emn Trial Office S.r.l. Impresa Sociale,blk_00315,1,17
European Myeloma Network EMN,blk_00315,1,17
European Orgainzation for the Research and Treatment of Cancer EORTC,blk_00093,1,29
European Organisation For Research and Treatment of Cancer EORTC,blk_00093,1,29
European Organisation for Research and Treatment of,blk_00093,1,29
European Organisation for Research and Treatment on Cancer,blk_00093,1,29
European Organisation for research and Treatment of cancer EORTC,blk_00093,1,29
European Organization for Research and Treatment of Cancer,blk_00093,1,29
European Organization for Research and Treatment of Cancer EORTC,blk_00093,1,29
European Organization for the Research and Treatment of Cancer EORTC,blk_00093,1,29
"European Palliative Care Research Centre PRC, NTNU",blk_00990,1,7
European Society for Blood and Marrow Transplantation,blk_00421,1,24
European Uro-Oncology Group Stichting,blk_00417,1,4
European group for Blood and Marrow Transplantation,blk_00421,1,24
European organisation for research and treatment of Cancer,blk_00093,1,29
Eva Marie Erfurth / Lund University / Lund University,blk_00536,1,14
Evelo Biosciences Inc.,blk_01322,1,3
"Evelo Biosciences, Inc.",blk_01322,1,3
Ever Neuro Pharma GmbH,blk_00999,1,3
Evgen Pharma PLC,blk_01984,1,2
Evgen Pharma plc,blk_01984,1,2
Evotec NeuroSciences GmbH,blk_01340,1,3
Evotec NeurosciencesGmbH,blk_01340,1,3
Ewopharma AG.,blk_01341,1,2
Exalenz BioScience Ltd.,blk_01985,1,3
Exalenz Bioscience Ltd,blk_01985,1,3
Exalenz Bioscience Ltd.,blk_01985,1,3
Exelixis INC.,blk_00347,1,4
Exelixis Inc,blk_00347,1,4
Exeltis France,blk_01986,1,2
Exeltis France S.A.,blk_01986,1,2
Exo Biologics,blk_00255,1,33
Exponential Biotherapies Inc,blk_01987,1,2
Exponential Biotherapies Inc.,blk_01987,1,2
"EyePoint Pharmaceuticals, Inc.",blk_01342,1,3
Eyepoint Pharmaceuticals Inc.,blk_01342,1,3
Eyetech Pharamceuticals Inc,blk_01505,1,7
"Eyetech Pharmaceuticals, Inc",blk_01505,1,7
F Hoffmann-La Roche Limited,blk_00006,1,40
F Hoffmann-La Roche Ltd.,blk_00006,1,40
F. HOFFMANN-LA ROCHE LTD,blk_00006,1,40
F. Hoffmann - La Roche AG,blk_00006,1,40
"F. Hoffmann-La Roche, Ltd.",blk_00006,1,40
F. Hoffmann-La Roche. Ltd.,blk_00006,1,40
F. Hoffmann-la Roche Ltd,blk_00006,1,40
F. Hoffmann-la roche Ltd,blk_00006,1,40
F.A.R.O. FONDAZIONE PER LE ATTIVITA DI RICERCA IN ONCOLOGIA,blk_00694,1,3
F.Hoffman-La Roche Ltd.,blk_00126,1,8
F.Hoffmann - La Roche Ltd,blk_00006,1,40
"F.I. Proctor Foundation, University of California San Francisco",blk_01988,1,4
F2G Biotech GmbH FN 483749 x,blk_01008,1,2
FAES FARMA S.A,blk_00226,1,40
FAES FARMA SA,blk_00226,1,40
FAES Farma S.A.,blk_00226,1,40
"FARMALIDER, S.A.",blk_00376,1,4
FAST Consortium under EU 7. FWP,blk_01350,1,5
FAST-consortium,blk_01350,1,5
FEDERATION FRANCOPHONE DE CANCEROLOGIE DIGESTIVE,blk_00200,1,3
FERRER INTERNACIONAL SA,blk_00459,1,13
"FERRER INTERNACIONAL, S.A",blk_00459,1,13
FERRING ARZNEIMITTEL Ges.m.b.h. CEE AUSTRIA,blk_00058,1,12
FERRING Arzneimittel GmbH,blk_00058,1,12
FIB-HCSC / WHO World Health Organization,blk_01650,1,2
FIBio Hospital Universitario Ramn y Cajal,blk_01014,1,5
FIDEC - Fighting Infectious Diseases in Emerging Countries,blk_01050,1,22
FIDIA,blk_00523,1,5
FIMABIS Fundacin Pblica Andaluza para la Investigacin de Mlaga en Biomedicina Y Salud,blk_00294,1,27
FIMABIS Fundacin Pblica Andaluza para la Investigacin de Mlaga en Biomedicina y Salud / APES Costa del Sol Agencia Pblica Empresarial Sanitaria,blk_00294,1,27
FIMABIS Fundacin Pblica Andaluza para la Investigacin de Mlaga en Biomedicina y Salud / APES Costa del Sol Agencia Pblica Empresarial Sanitaria Costa del Sol,blk_00294,1,27
FISABIO,blk_01744,1,3
FISEVI Fundacin Pblica Andaluza para la Gestin de la Investigacin en Salud de Sevilla,blk_00294,1,27
FLUIDDA nv,blk_01351,1,2
FONDAZIONE ARIANNA ANTICOAGULAZIONE,blk_01989,1,2
FONDAZIONE CASA SOLLIEVO DELLA SOFFERENZA OPERA DI SAN PIO DA PIETRELCINA OSPEDALE IRCCS,blk_01807,1,4
FONDAZIONE DEL PIEMONTE PER LONCOLOGIA - IRCCS,blk_00584,1,4
FONDAZIONE FRANCO E PIERA CUTINO,blk_01990,1,2
"FONDAZIONE G. DANNUNZIO, CHIETI",blk_01372,1,3
FONDAZIONE GISCAD GRUPPO ITALIANO PER LO STUDIO DEI CARCINOMI DELLAPPARATO DIGERENTE,blk_00324,1,3
FONDAZIONE HUMANITAS PER LA RICERCA,blk_00189,1,8
FONDAZIONE IRCCS OSPEDALE MAGGIORE POLICLINICO MANGIAGALLI E REGINA ELENA,blk_00233,1,12
FONDAZIONE ITALIANA LEONARDO GIAMBRONEPER LA GUARIGIONE DALLA TALASSEMIA - ONLUS,blk_00141,1,11
FONDAZIONE LUIGI MARIA MONTI IDI-IRCCS,blk_01991,1,2
FONDAZIONE MICHELANGELO,blk_01353,1,2
FONDAZIONE MICHELANGELO - AVANZAMENTO DELLO STUDIO E DELLA CURA DEI TUMORI,blk_00073,1,32
FONDAZIONE NEOPLASIE SANGUE ONLUS FO.NE.SA. Onlus,blk_00199,1,4
FONDAZIONE NIBIT,blk_01992,1,4
FONDAZIONE NIBIT NETWORK ITALIANO PER LA BIOTERAPIA DEI TUMORI,blk_01992,1,4
FONDAZIONE PROGETTO EMATOLOGIA,blk_01748,1,2
FONDAZIONE RICERCA TRASLAZIONALE,blk_00460,1,6
FONDAZIONE SANDRO PITIGLIANI PER LA LOTTA CONTRO I TUMORI - ONLUS,blk_01344,1,2
FONDAZIONE SENDO,blk_01993,1,2
FONDAZIONE TETTAMANTI M.DE MARCHI ONLUS,blk_01354,1,2
"FORMA THERAPEUTICS, INC.",blk_01355,1,3
"FORMA Therapeutics, Inc.",blk_01355,1,3
FORUM Pharmaceuticals Inc.,blk_00679,1,4
"FOU, Nevroklinikken, Oslo University Hospital -Ullevl",blk_01619,1,3
FOURNIER Laboratories Ireland,blk_00585,1,4
FOVEA,blk_01994,1,2
FOndazione per la Ricerca sulle ANemie ed EMoglobinopatie in ItaliA - For Anemia,blk_01995,1,2
FRED HUTCHINSON CANCER RESEARCH CENTER,blk_01996,1,2
FRED HUTCHINSON CANCER RESEARCH CENTER UNIVERSITY OF WASHINGTON SCHOOL OF MEDICINE SEATTLE CHILDREN,blk_00284,1,5
FUNDACI HOSPITAL UNIVERSITARI VALL DHEBRON  INSTITUT DE RECERCA VHIR,blk_00268,1,40
FUNDACI PRIVADA CLINIC PER A LA RECERCA BIOMDICA,blk_00084,1,32
FUNDACI PRIVADA CLNIC PER A LA RECERCA BIOMDICA,blk_00084,1,32
FUNDACIN ESPAOLA DE REUMATOLOGIA,blk_01576,1,8
FUNDACIN GREGORIO MARAN,blk_00463,1,40
FUNDACIN GRUPO ESPAOL DE INVESTIGACIN EN CNCER DE MAMA,blk_00589,1,19
FUNDACIN INVESTIGACIN BIOMDICA HOSPITAL PUERTA DE HIERRO,blk_01015,1,7
FUNDACIN INVESTIGACIN BIOMEDICA DEL HOSPITAL CLINICO SAN CARLOS,blk_00424,1,14
FUNDACIN PARA LA FORMACIN E INVESTIGACIN SANITARIAS DE LA REGIN DE MURCIA,blk_00588,1,9
FUNDACIN PARA LA INVESTIGACIN BIOMDICA DE CRDOBA,blk_00463,1,40
FUNDACIN PARA LA INVESTIGACIN BIOMDICA DEL HOSPITAL UNIVERSITARIO PRNCIPE DE ASTURIAS,blk_00463,1,40
FUNDACIN PARA LA INVESTIGACION BIOMEDICA HU PUERTA DE HIERRO MAJADAHONDA,blk_00515,1,28
FUNDACIN SANT JOAN DE DEU,blk_00379,1,20
FUNDACION C.V. HOSPITAL PROVINCIAL DE CASTELLON,blk_01997,1,2
FUNDACION DE INVESTIGACION EN RED EN ENFERMEDADES,blk_00515,1,28
FUNDACION INVESTIGACION BIOMEDICA HOSPITAL NINO JESUS,blk_00515,1,28
FUNDACION INVESTIGACION BIOMEDICA HOSPITAL UNIVERSITARIO LA PRINCESA,blk_00515,1,28
FUNDACION PARA LA INVESTIGACIN BIOSANITARIA DE ANDALUCIA ORIENTAL_ FPA,blk_01369,1,2
FUNDACION PARA LA INVESTIGACION BIOMEDICA DEL HOSPITAL UNIVERSITARIO NIO JESUS,blk_00515,1,28
FUNDACION PARA LA INVESTIGACION BIOMEDICA DEL HOSPITAL UNIVERSITARIO PRINCIPE DE ASTURIAS,blk_00515,1,28
FUNDACION PARA LA INVESTIGACION BIOMEDICA HOSPITAL 12 DE OCTUBRE,blk_00515,1,28
FUNDACION PARA LA INVESTIGACION BIOMEDICA HOSPITAL UNIVERSITARIO INFANTIL NIO JESUS,blk_00515,1,28
FUNDACION PARA LA INVESTIGACION BIOMEDICA HOSPITAL UNIVERSITARIO NIO JESUS,blk_00515,1,28
FUNDACION PARA LA INVESTIGACION CV HOSPITAL DR. PESET,blk_00702,1,11
FUNDACION PUBLICA ANDALUZA PARA LA GESTION DE LA INVESTIGACION EN SALUD DE SEVILLA,blk_00294,1,27
FUNDACION SANTIAGO DEXEUS FONT,blk_00493,1,7
FUNDATION OF EXPERIMENTAL AND CLINICAL ONCOLOGY,blk_00700,1,11
Fa. Dr. Franz Khler Chemie GmbH,blk_00571,1,11
Fachbereich Medizin der Johann Wolfgang Goethe-Universitt Frankfurt/M.,blk_00218,1,30
Faculdade de Cincias Mdicas  Universidade Nova de Lisboa,blk_01998,1,2
Faculdade de Cincias Mdicas da Universidade Nova de Lisboa,blk_01998,1,2
Faculdade de Medicina da Universidade do Porto,blk_01314,1,16
Facultad de Odontologa. Universidad Complutense de Madrid,blk_01293,1,4
Facultad de medicina y ciencias de la salud de la Universidad Catlica de Valencia,blk_00606,1,9
"Faculty For Medicine, Otto-von-Guericke University Magdeburg",blk_01071,1,20
"Faculty of Medicine Carl Gustav Carus, University of Technology, Dresden",blk_00181,1,18
"Faculty of Medicine, Otto-von-Guericke-University Magdeburg",blk_01071,1,20
"Faculty of Medicine, Otto-von-Guericke-University, Magdeburg",blk_01071,1,20
"Faculty of Medicine, Technische Universitaet Muenchen",blk_00279,1,12
"Faculty of Medicine, Technische Universitt Mnchen",blk_00327,1,40
"Faculty of Odontology, University of Iceland",blk_01633,1,3
"Faculty of Pharmacy, University of Ljubljana",blk_01158,1,14
"Faculty of Social Sciences, Utrecht University",blk_00038,1,30
"Faculty of pharmacy, University of Ljubljana",blk_01158,1,14
Fakultn Thomayerova nemocnice s poliklinikou,blk_00587,1,16
"Fakultn nemocnice Ostrava,Czech Republic",blk_00587,1,16
"Fakultn nemocnice Ostrava,Czech republic",blk_00587,1,16
Fakultn nemocnice u sv. Anny,blk_00587,1,16
Fakultn nemocnice u svat Anny,blk_00587,1,16
Fakultni Nemocnice Bulovka,blk_01010,1,11
Fakultni Nemocnice U Sv Anny V Brne,blk_01010,1,11
Fakultni nemocnice Hradec Kralove,blk_01010,1,11
Fakultt fr Medizin der Technischen Universitt Mnchen,blk_00327,1,40
Famicordtx S.A. / Polski Bank Komorek Macierzystych Sp. z o.o.,blk_01999,1,2
Faraday Pharmaceuticals Inc.,blk_02000,1,2
"Faraday Pharmaceuticals, Inc.",blk_02000,1,2
Farmak International Holding GmbH,blk_02001,1,2
Farmak JSC,blk_02001,1,2
Faron Pharmaceuticals Limited,blk_00823,1,3
Faron Pharmaceuticals Oy,blk_00823,1,3
Fdration Nationale des Centres de Lutte,blk_00678,1,7
Fernando Snchez,blk_00868,1,3
Ferrer Grupo S.A.,blk_00459,1,13
Ferrer Internacional S.A,blk_00459,1,13
Ferrer Internacional S.A. / Prilenia Therapeutics B.V.,blk_00459,1,13
"Ferrer Internacional, S.A",blk_00459,1,13
"Ferrer Internacional, SA",blk_00459,1,13
"Ferrer International, SA",blk_00459,1,13
Ferring BV,blk_00058,1,12
Ferring Laegemidler A/S,blk_00058,1,12
Ferring Pharmaceuticals Ltd.,blk_00058,1,12
Ferring SAS,blk_00058,1,12
Ferring Ventures GmbH,blk_00058,1,12
"Ferring-Leciva, a.s.",blk_00058,1,12
Fertilitetsklinikken,blk_02002,1,2
"Fertilitetsklinikken 4071, Rigshospitalet",blk_01913,1,40
Fertilitetsklinikken Nordica,blk_02002,1,2
"Fertilitetsklinikken, Afsnit 455, Gynkologisk-Obstetrisk Afdeling, Hvidovre Hospital",blk_00221,1,34
"Fertility Clinic, Copenhagen University Hospital, Rigshospitalet",blk_01913,1,40
"Fertility Clinic, dept. of Obstetrics and gynecology, OUH.",blk_01705,1,2
Fertility clinic Odense University Hospital,blk_00028,1,40
Fertilitycenter Odense,blk_00028,1,40
Fidia Farmaceutici S.p.A,blk_00523,1,5
Fidia Farmaceutici Spa,blk_00523,1,5
Finnish Breast Cancer Group,blk_00309,1,14
Finnish Melanoma Group,blk_01012,1,9
Finnish melanoma group,blk_01012,1,9
"First Department of Medicine, University of Szeged",blk_01907,1,2
Flamel Ireland Limited trading under the business name Avadel Ireland,blk_02003,1,2
Flamel Ireland Ltd trading under the business name Avadel Ireland,blk_02003,1,2
Flemming Bendtsen,blk_02004,1,2
Flemming Pociot,blk_02004,1,2
Flexion Therapeutics,blk_02005,1,2
"Flexion Therapeutics, Inc.",blk_02005,1,2
Flix Gutirrez Rodero / Mar Masi Canuto,blk_00206,1,34
Florentine Cullinan Corp.,blk_00981,1,3
"Fold RX Pharmaceuticals, a Pfizer Company",blk_01011,1,3
"FoldRx Pharmaceuticals, a Pfizer Company",blk_01011,1,3
Folktandvrden,blk_01352,1,4
Folktandvrden Vstra Gtaland,blk_02006,1,3
Folktandvrden stergtland,blk_00393,1,9
Fondation Franc.Cancerologie Digestive / Fondation Franc.Cancerologie Digestive,blk_00200,1,3
Fondation Hopital Saint Joseph,blk_01385,1,6
Fondation Lenval - Hpitaux Pdiatriques de Nice CHU-LENVAL,blk_00118,1,11
Fondation Lenval - Hpitaux Pdiatriques de Nice CHULENVAL,blk_00118,1,11
Fondation Lenval Nice,blk_00118,1,11
Fondazione Arianna Anticoagulazione,blk_01989,1,2
Fondazione Franco e Piera Cutino Onlus,blk_01990,1,2
Fondazione G.I.M.EM.A. Gruppo Italiano Malattie Ematologiche dellAdulto,blk_00187,1,7
Fondazione G.I.M.EM.A. Onlus Gruppo Italiano Malattie Ematologiche dellAdulto,blk_00187,1,7
Fondazione Gimema Franco Mandelli Onlus / Grupo Espanol De Leucemia Mieloide Cronica (GELMC),blk_00266,1,3
Fondazione IRCCS C Granda Ospedale Maggiore Policlinico,blk_00233,1,12
Fondazione IRCCS Ca Granda Ospedale Maggiore Policlinico di Milano,blk_00233,1,12
"Fondazione IRCCS Ca Granda, Ospedale Maggiore Policlinico",blk_00233,1,12
Fondazione IRCCS IStituto Nazionale dei Tumori,blk_00073,1,32
Fondazione IRCCS Istituto Nazionale Dei Tumori / Sarcoma Alliance for Research through Collaboration,blk_00073,1,32
Fondazione IRCCS Istituto Nazionale dei Tumori / Grupo Espaol de Investigacion en Cancer de Ovario GEICO,blk_00073,1,32
Fondazione IRCCS Istituto Nazionale dei Tumori Milano,blk_00073,1,32
Fondazione IRCCS Istituto Nazionale dei Tumori di Milano,blk_00073,1,32
Fondazione IRCCS San Gerardo Dei Tintori,blk_00363,1,10
Fondazione Mediolanum Onlus,blk_02007,1,3
Fondazione NIBIT Onlus,blk_01992,1,4
Fondazione PENTA ONLUS,blk_01343,1,8
Fondazione PENTA Onlus,blk_01343,1,8
Fondazione Penta ONLUS,blk_01343,1,8
Fondazione Ricerca Traslazionale FoRT,blk_00460,1,6
"Fondazione Salvatore Maugeri, IRCCS",blk_00404,1,5
Fondazione Santa Lucia,blk_00522,1,5
Fondazione Telethon,blk_01345,1,3
Fondazione per la Medicina Personalizzata,blk_01314,1,16
"ForSight VISION4, Inc",blk_02008,1,2
Forest Laboratories UK Ltd,blk_00461,1,11
Forest Laboratories UK Ltd.,blk_00461,1,11
"Forest Laboratories, Inc.",blk_00461,1,11
"Forest Research Institute Inc., a wholly owned subsidiary of Forest Laboratories, LLC",blk_00461,1,11
"Forest Research Institute, Inc., a wholly owned subsidiary of Forest Laboratories, Inc.",blk_00461,1,11
Forge Biologics Inc.,blk_00255,1,33
Foro Andaluz para el Estudio de Tumores Torcicos FAETT,blk_02009,1,2
Forschergruppe Diabetes e. V. am Helmholtz Zentrum Mnchen,blk_00327,1,40
Forschungszentrum Jlich GmbH,blk_02010,1,2
"Forsight Vision 4, Inc.",blk_02008,1,2
Fortvita Biologics (USA) Inc.,blk_00255,1,33
"Forum Pharmaceuticals, Inc.",blk_00679,1,4
Forward Therapeutics Inc.,blk_01350,1,5
Foundation Clinic For Biomedical Research,blk_00767,1,9
Foundation Consumer Healthcare FCH,blk_00188,1,24
Foundation of Liver Research SLO,blk_00825,1,5
Fournier Laboratories Ireland,blk_00585,1,4
Fovea Pharmaceuticals SA,blk_01994,1,2
Francisco J. Gonzlez Vlchez,blk_01430,1,2
Francisco Javier Belda Nacher,blk_01346,1,3
Franciscus Gasthuis en Vlietland,blk_00895,1,5
Francophone de Cancrologie Digestive FFCD,blk_00316,1,5
Frankfurter Institut fr Klinische Krebsforschung IKF GmbH at Krankenhaus Nordwest,blk_00142,1,19
Fraunhofer Gesellschaft,blk_02011,1,2
Fraunhofer Gesellschaft for its Institute Fraunhofer Institute for Translational Medicine and Pharmacology ITMP,blk_00812,1,31
Fraunhofer Gesellschaft for its Institute for translationale Medicine and Pharmacology ITMP,blk_00812,1,31
Fraunhofer Gesellschaft fr sein Institut fr Translationale Medizin und Pharmakologie ITMP,blk_01626,1,11
Fraunhofer Institut fr Translationale Medizin und Pharmakologie ITMP,blk_01626,1,11
Fraunhofer Society,blk_02011,1,2
Fraunhofer-Institute for Translational Medicine and Pharmacology ITMP,blk_00812,1,31
Fred Hutchinson Cancer Research Center,blk_01996,1,2
Fred Hutchinson Cancer Research Center / Universittsklinikum Tbingen,blk_00287,1,10
Fredericia hospital,blk_00826,1,2
Frederiksberg University Hospital,blk_01356,1,3
Free State of Bavaria represented by Regensburg University represented by Regensburg University Hospital represented by,blk_00752,1,19
"Free State of Bavaria, represented by the University of Regensburg, represented by Prof. Edward K. Geissler",blk_00752,1,19
"Free state of Bavaria, Universittsklinikum Regensburg",blk_00752,1,19
Freistaat Bayer respresented by University of Regensburg represented by Kaufmnnischer Direktor,blk_00752,1,19
Freistaat Bayern represented by University of Regensburg represented by Kaufmnnischer Direktor,blk_00752,1,19
"Freistaat Bayern, represented by Universitt Regensburg",blk_00625,1,31
"Freistaat Bayern, represented by the University of Regensburg",blk_00625,1,31
"Freistaat Bayern, vertreten durch Klinikum der Universitt Regensburg",blk_00752,1,19
"Freistaat Bayern, vertreten durch die Universitt Regensburg",blk_00752,1,19
"Freistaat Bayern, vertreten durch die Universitt Regensburg, Klinikum",blk_00752,1,19
French Innovative Leukemia Organization FILO,blk_00418,1,2
Fresenius Kabi,blk_00267,1,8
Fresenius Kabi Deutschland GmbH / Fresenius Kabi Deutschland GmbH,blk_00267,1,8
Fresenius Medical Care Deutschland GmbH.,blk_00267,1,8
Fresenius Medical Care Nephrologica Deutschland GmbH,blk_00267,1,8
Friedrich Schiller Universitaet Jena,blk_00462,1,12
Friedrich- Alexander- Universitt Erlangen Nrnberg,blk_00156,1,25
Friedrich-Alexander-Universitaet Erlangen-Nuernberg,blk_00156,1,25
"Friedrich-Alexander-Universtiy Erlangen-Nrnberg, Medical Faculty",blk_00156,1,25
"Friedrich-Schiller University Jena, Clinic for Internal Medicine I",blk_00462,1,12
Friedrich-Schiller-Universitaet Jena / Friedrich-Schiller-Universitaet Jena,blk_00462,1,12
Frimley Park Hospital,blk_02012,1,2
Frimley Park Hospital NHS Foundation Trust,blk_02012,1,2
"Fujisawa Healthcare, Inc",blk_00317,1,3
Fundaci ACE-Institut Catal de Neurocincies Aplicades,blk_01666,1,4
Fundaci Assistencial Mtua Terrassa,blk_01366,1,4
Fundaci Clinic per  a la Recerca Biomdica,blk_00084,1,32
Fundaci Clinic per a la recerca biomdica,blk_00084,1,32
Fundaci Clinic per la Recerca Biomdica,blk_00084,1,32
Fundaci Clnic de Recerca Biomdica,blk_00084,1,32
Fundaci Clnic per  a la Recerca Biomdica,blk_00084,1,32
Fundaci Clnic per a la Recerca Biomdica_FCRB,blk_00084,1,32
Fundaci Clnic per a la Reserca Biomdica,blk_00084,1,32
Fundaci Clnic per a la recerca Biomdica,blk_00084,1,32
Fundaci Clnic per a la recerca biomdica,blk_00084,1,32
Fundaci Clnic per la recerca Biomdica / CNIC,blk_00084,1,32
Fundaci Clnic recerca Biomdica,blk_00084,1,32
"Fundaci FLS de Lluita contra la SIDA, les Malalties Infeccioses i la Promoci de la Salut i La Cincia",blk_00143,1,16
Fundaci Hospital Universitari Vall Hebron-Institut de Recerca VHIR,blk_00268,1,40
Fundaci Hospital Universitari Vall d Hebrn - Institut de Recerca VHIR,blk_00268,1,40
Fundaci Hospital Universitari Vall dHebron - Institut de Recerca  VHIR,blk_00268,1,40
Fundaci Hospital Universitari Vall dHebron - Institut de Recerca VHIR.,blk_00268,1,40
Fundaci Hospital Universitari Vall dHebron - Institut de Recersa VHIR,blk_00268,1,40
Fundaci Hospital Universitari Vall dHebron-Institut de Recerca VHIR,blk_00268,1,40
Fundaci Institut dInvestigaci Biomdica de Girona IdibGi,blk_02013,1,3
Fundaci Institut dInvestigaci en Cincies de la Salut Germans Trias i Pujol,blk_01030,1,9
Fundaci Institut dInvestigaci en Cincies de la Salut Germans Trias i Pujol IGTP,blk_01030,1,9
Fundaci Institut dInvestigaci i Innovaci Parc Taul I3PT,blk_00250,1,4
Fundaci Institut de Recerca de lHospital de la Santa Creu i de Sant Pau,blk_00605,1,27
"Fundaci Institut de Recerca, Hospital Santa Creu i Sant Pau",blk_00605,1,27
Fundaci Instituto de Investigacin Biomdica de Bellvitge Fundaci IDIBELL,blk_00508,1,15
Fundaci Privada EUGIN,blk_01715,1,5
Fundaci Privada EUGIn,blk_01715,1,5
Fundaci Privada Hospital Asil de Granollers,blk_01715,1,5
Fundaci Privada Institut dInvestigaci Biomdica de Girona Dr. Josep Trueta,blk_00690,1,7
Fundaci Privada Institut de Recerca de lHospital de la Santa Creu i Sant Pau,blk_00605,1,27
Fundaci Puigvert,blk_01347,1,2
Fundaci Sant Joan de Deu de Barcelona,blk_00379,1,20
Fundaci Vall Hebron Institut de Recerca,blk_00268,1,40
Fundaci clinic per a la Recerca biomdica,blk_00084,1,32
Fundaci clnic per a la Recerca Biomdica,blk_00084,1,32
Fundaci de LLuita contra la Sida,blk_00143,1,16
Fundaci de Lluita contra la Sida,blk_00143,1,16
Fundaci de Recerca Clnic Barcelona_ Institut dInvestigacions Biomdiques August Pi i Sunyer Barcelona,blk_00084,1,32
Fundaci de lInstitut de Recerca HSCSP,blk_00385,1,4
Fundaci institut dinvestigaci Biomdica de Girona IdibGi,blk_02013,1,3
Fundaci privada de lInstitut de Recerca de lHospital de la Santa Creu i Sant Pau,blk_00605,1,27
Fundacin ACE,blk_01666,1,4
Fundacin Biomdica del CHUVI,blk_00463,1,40
Fundacin CRIS,blk_01358,1,2
Fundacin Canaria de Investigacin Sanitarias,blk_00588,1,9
Fundacin Canaria de Investigacin y Salud,blk_01968,1,3
Fundacin Castellano Leonesa de Hematologa y Hemoterapia FUCALHH,blk_02014,1,3
Fundacin Castellano-Leonesa de Cardiologa FUCALEC,blk_02014,1,3
"Fundacin Centro Nacional de Investigaciones Cardiovasculares, Carlos III CNIC",blk_01809,1,12
Fundacin Centro Nacional de Investigaciones Oncolgicas Carlos III CNIO,blk_01809,1,12
Fundacin Espaola de Hematologa y Hemoterapia.,blk_02014,1,3
Fundacin Fernndez-Cruz,blk_01875,1,2
Fundacin GEL-TAMO,blk_00680,1,10
Fundacin GEL/TAMO,blk_00680,1,10
Fundacin GEL/TAMO Grupo Espaol de Linfomas y Trasplante Autlogo de Mdula sea,blk_00599,1,40
Fundacin General Universidad Autnoma de Madrid,blk_01622,1,3
Fundacin General de la Universidad de Salamanca,blk_01416,1,6
Fundacin Grupo Espaol de Investigacin en Cncer de Mama Fundacin GEICAM,blk_00599,1,40
Fundacin Hospital Alcorcn,blk_01397,1,2
Fundacin Hospital Clinic i Provincial,blk_01997,1,2
Fundacin Hospital Universitari Vall dHebron - Institut de Recerca,blk_00268,1,40
Fundacin Hospital Vall dHebron- Institut de Recerca,blk_00268,1,40
Fundacin INCLIVA,blk_00702,1,11
Fundacin Institut de Recerca Hospital Sant Pau,blk_00605,1,27
Fundacin Institut de Recerca de l Hospital de la Santa Creu i Sant Pau,blk_00605,1,27
Fundacin Institut de Recerca de lHospital de la Sta Creu i Sant Pau,blk_00605,1,27
Fundacin Instituto de Investigacin Sanitaria Fundacin Jimnez Diaz,blk_01043,1,4
Fundacin Instituto de Investigacin Sanitaria de la Fundacin Jimnez Daz,blk_01043,1,4
Fundacin Interhospitalaria Investigacin Cardiovascular,blk_01361,1,6
Fundacin Interhospitalaria de Investigacin Cardiovascular,blk_01361,1,6
Fundacin Investigacin Biomdica Hospital La Paz,blk_00202,1,33
Fundacin Investigacin Biomdica Hospital Universitario Puerta de Hierro Majadahonda,blk_01015,1,7
Fundacin Investigacin Biomdica Puerta de Hierro,blk_01015,1,7
Fundacin Investigacin Biomedica. Hospital Clinico San Carlos,blk_00424,1,14
Fundacin Investigacin Sanitaria en Len,blk_01865,1,2
Fundacin Investigacin y Desarrollo en el Area Cardiovascular,blk_02015,1,3
Fundacin Investigacin y Desarrollo en el rea Cardiovascular,blk_02015,1,3
"Fundacin Investigacin y Desarrollo rea Cardiovascular  Dr. Javier Segovia, Unidad de Trasplante",blk_02015,1,3
Fundacin MD nderson Internacional Espaa,blk_00459,1,13
Fundacin ONCOSUR,blk_01368,1,5
Fundacin Oncosur,blk_01368,1,5
Fundacin PETHEMA para el tratamiento de la leucemia y el linfoma,blk_00160,1,11
Fundacin Para la Investigacin Biomdica de Crdoba,blk_00463,1,40
Fundacin Pblica Andaluza para la Gestin de la Investigacin en Salud de Sevilla. FISEVI,blk_00294,1,27
Fundacin Pblica Andaluza para la Gestion de la Investigacin en Salud de Sevilla,blk_00294,1,27
Fundacin Pblica Andaluza para la Investigacin de Mlaga en Biomedicina y Salud  FIMABIS,blk_00294,1,27
Fundacin Publica Andaluza para la Gestin de Salud en Sevilla FISEVI,blk_00294,1,27
Fundacin Rafael Clavijo,blk_02016,1,3
Fundacin Santiago Dexeus Font Dexeus,blk_00493,1,7
Fundacin Sociedad Espaola de Mdicos de Atencin Primaria SEMERGEN,blk_00896,1,8
Fundacin Universidad de Salamanca,blk_01416,1,6
Fundacin de Investigacin Biomdica Hospital La Paz,blk_00202,1,33
Fundacin de Investigacin Biomdica Hospital Puerta de Hierro,blk_01015,1,7
Fundacin de Investigacin Biomdica Hospital Universitario de la Princesa,blk_02017,1,3
"Fundacin de Investigacin Biomdica del Hospital Universitario La Paz, Madrid",blk_00202,1,33
Fundacin de Investigacin Biomdica del Hospital Universitario Puerta de Hierro-Majadahonda FIBM-HUPHM,blk_00463,1,40
Fundacin de Investigacin Biomdica del Hospital Universitario de La Princesa,blk_00463,1,40
Fundacin de Investigacin Biomdica. Instituto de Investigacin Sanitaria del Hospital Universitario de la Princesa.,blk_00463,1,40
Fundacin de Investigacin Hospital Universitario La Paz,blk_00202,1,33
Fundacin de Investigacin del Hospital Infantil Universitario Nio Jess,blk_02018,1,2
Fundacin de Investigacin del Hospital Universitario La Paz FIBHULP,blk_00202,1,33
Fundacin de la Comunidad Valenciana Hospital Provincial de Castelln,blk_01744,1,3
Fundacin de la Universidad de Salamanca,blk_01416,1,6
Fundacin para Formacin e Investigacin Sanitaria,blk_00588,1,9
Fundacin para Investigacin y Desarrollo en el rea Cardiovascular del Hospital Clnico San Carlos,blk_00424,1,14
Fundacin para La Investigacin Biomedica del Hospital Gregorio Maran,blk_00463,1,40
Fundacin para el Progreso de la Oncologa en Cantabria,blk_00419,1,12
Fundacin para la Formacin e Investigacin Sanitaria de la Regin de Murcia,blk_00588,1,9
Fundacin para la Formacin en Investigacin Sanitarias de la Regin de Murcia,blk_00588,1,9
Fundacin para la Formacin y la Investigacin de los profesionales de la Salud FUNDESALUD,blk_00588,1,9
Fundacin para la Investigacin Biomdica Hospital Universitario La Paz,blk_00202,1,33
Fundacin para la Investigacin Biomdica Hospital Universitario Nio Jess,blk_00463,1,40
Fundacin para la Investigacin Biomdica Hospital Universitario Ramn y Cajal,blk_00463,1,40
Fundacin para la Investigacin Biomdica del Hospital 12 de Octubre,blk_00463,1,40
Fundacin para la Investigacin Biomdica del Hospital Clnico San Carlos,blk_00424,1,14
Fundacin para la Investigacin Biomdica del Hospital Clnico de San Carlos,blk_00424,1,14
Fundacin para la Investigacin Biomdica del Hospital Gregorio Maraon,blk_00463,1,40
Fundacin para la Investigacin Biomdica del Hospital La Paz FIBHULP,blk_00202,1,33
Fundacin para la Investigacin Biomdica del Hospital Universitario 12 de Octubre,blk_00463,1,40
"Fundacin para la Investigacin Biomdica del Hospital Universitario La Paz,",blk_00202,1,33
"Fundacin para la Investigacin Biomdica del Hospital Universitario La Paz, Seccin de Ciruga Colorrectal del Hospital",blk_00202,1,33
Fundacin para la Investigacin Biomdica del Hospital Universitario La Paz-Seccin Ciruga Torcica,blk_00202,1,33
Fundacin para la Investigacin Biomedica del Hospital 12 de Octubre,blk_01031,1,3
Fundacin para la Investigacin biomdica del Hopsital Gregorio Maran,blk_00463,1,40
Fundacin para la Investigacin biomdica del Hospital Universitario Ramn y Cajal. Madrid,blk_00463,1,40
Fundacin para la Investigacin biomedica del Hospital Gregorio Maraon,blk_00463,1,40
Fundacin para la Investigacin e Innovacin Biomdica FIIB del HU Infanta Leonor y HU Sureste,blk_01364,1,5
Fundacin para la Investigacin e Innovacin Biomdica del Hospital Universitario Infanta Leonor y Sureste FIIB,blk_00463,1,40
Fundacin para la Investigacin e Innovacin Biosanitaria de Asturias FINBA,blk_01364,1,5
Fundacin para la Investigacin y Desarrollo en el rea Cardiovascular FIC,blk_01361,1,6
Fundacin para la Investigacin y desarrollo en el rea Cardiovascular,blk_01361,1,6
Fundacin para la investigacin Biomedica Hospital Universitario La Paz,blk_00202,1,33
Fundacin para la investigacin biomdica de Crdoba,blk_00463,1,40
Fundacin para la investigacin biomdica del Hospital Clnico San Carlos,blk_00424,1,14
Fundacin para la investigacin biomdica del Hospital Ramn y Cajal,blk_00463,1,40
Fundacin para la investigacin biomdica del Hospital Universitario La Paz,blk_00202,1,33
Fundacin para la investigacin biomedica del hospital clinico san carlos de madrid,blk_00424,1,14
Fundacin para la investigacion Biomedica,blk_00294,1,27
Fundacin pblica andaluza para la gestin de la investigacin en salud de Sevilla FISEVI,blk_00294,1,27
Fundacin progreso y Salud / fundacion progreso y salud,blk_00419,1,12
Fundacio Clinic per a la Recerca Biomdica,blk_00084,1,32
Fundacio Clinic per a la Recerca Biomedica,blk_00135,1,11
Fundacio Clinic per a la recerca biomedica,blk_00135,1,11
"Fundacio FLS de Lluita contra la Sida, les Malalties Infeccioses i la Promocio de la Salut i La Ciencia",blk_00143,1,16
Fundacio Institut Guttmann,blk_02019,1,3
Fundacio Lluita contra la SIDA,blk_00143,1,16
Fundacio Parc Taul,blk_00250,1,4
Fundacio Privada Mon Clinic Barcelona,blk_00493,1,7
Fundacio Sant Joan de Deu,blk_00379,1,20
Fundacion Canaria Instituto De Investigacion Sanitaria De Canarias,blk_00837,1,9
Fundacion Del Hospital Nacional De Paraplejicos Para La Investigacion Y La Integracion,blk_00702,1,11
Fundacion Fls De Lucha Contra El Sida Las Enfermedades Infecciosas Y La Promocion De La Salud Y La C / Fundacion Fls De Lucha Contra El Sida Las Enfermedades Infecciosas Y La Promocion De La Salud Y La C,blk_00143,1,16
Fundacion General Universidad de Valladolid,blk_01359,1,7
Fundacion Grupo Espanol De Investigacion En Cancer De Mama / Fundacion Grupo Espanol De Investigacion En Cancer De Mama,blk_00589,1,19
Fundacion Hospital Alcorcon,blk_02020,1,2
Fundacion PETHEMA / Fundacion PETHEMA,blk_00160,1,11
Fundacion Para El Progreso De La Oncologia En Cantabria,blk_00419,1,12
Fundacion Para La Investigacion Biomedica Del Hospital Universitario La Paz / Fundacion Para La Investigacion Biomedica Del Hospital Universitario La Paz,blk_00202,1,33
Fundacion Para La Investigacion Biomédica Del Hospital Universitario 12 De Octubre,blk_00463,1,40
Fundacion Progreso y Salud,blk_00419,1,12
Fundacion Publica Andaluza para la Gestion de la Investigacion en Salud de Sevilla,blk_00294,1,27
Fundacion Publica Andaluza para la Gestion de la Investigacion en Salud de Sevilla (FISEVI),blk_00294,1,27
Fundacion Renal Iigo Alvarez Toledo,blk_01363,1,4
Fundacion Ribera Salud,blk_01982,1,2
Fundacion Santiago Dexeus Font,blk_00493,1,7
Fundacion Seimc Gesida / Fundacion Seimc Gesida,blk_00377,1,6
Fundacion de investigacion Biomedica Hospital Universitario la Paz FIBHULP,blk_00202,1,33
Fundacion par la investigacin biomdica del Hospital Universitario La Paz,blk_00202,1,33
Fundacion para La Investigacin Biomdica Hospital Universitario La Paz FIBHULP,blk_00202,1,33
Fundacion para la Investigacin Biomdica del Hospital Gregorio Maran,blk_00463,1,40
Fundacion para la Investigacin Hospital Universitario Doctor Peset,blk_01742,1,2
Fundacion para la Investigacion Biomedica Hospital Universitario La Paz,blk_00202,1,33
Fundacion para la investigacin Biomdica del hospital Gregorio Maran,blk_00463,1,40
Fundacion para la investigacin biomdica del hospital Ramn y Cajal de Madrid,blk_00463,1,40
Fundacion para la investigacion biomedica HUPA,blk_00515,1,28
Fundación Oncosur,blk_01368,1,5
Fundación Para La Investigación Biomédica Del Hospital Universitario La Paz,blk_00202,1,33
Fundación para la Innovación en Biomedicina / Fundacion Para La Investigacion Biomedica Del Hospital Gregorio Maranon,blk_00463,1,40
"Furiex Pharmaceuticals, Inc",blk_01370,1,2
Fusion Pharmaceuticals Inc.,blk_01794,1,2
Futura Medical Developments FMD / SSL International Plc,blk_01371,1,3
"Fysiologiska Kliniken, Linkping US",blk_00472,1,13
G. Pohl-Boskamp GmbH  Co.KG,blk_00591,1,3
G.I.M.EM.A.Gruppo Italiano Malattie Ematologiche dellAdulto,blk_00187,1,7
G.O.I.R.C. Gruppo Oncologico Italiano Di Ricerca Clinica / G.O.I.R.C. Gruppo Oncologico Italiano Di Ricerca Clinica,blk_00270,1,7
G.O.N.O.  Gruppo Oncologico del Nord Ovest,blk_00219,1,8
G.O.N.O. Gruppo Oncologico Nord Ovest,blk_00219,1,8
"G1 Therapeutics, Inc",blk_00829,1,3
GALDERMA Research  Development LLC,blk_00252,1,16
GALENICA S.A.,blk_01375,1,2
GALENpharma,blk_00681,1,2
GALMED Pharmaceuticals LTD.,blk_02021,1,2
GANYMED Pharmaceuticals AG,blk_02022,1,2
"GB005, Inc., a wholly owned subsidiary of Gossamer Bio, Inc.",blk_01502,1,33
"GB006, Inc., a wholly-owned subsidiary of Gossamer Bio, Inc.",blk_01502,1,33
GBG Forschung GmbH,blk_00154,1,8
GBG Forschungsgesellschaft mbH,blk_00154,1,8
GE Healthcare,blk_00378,1,14
GE Healthcare Limited and its Affiliates,blk_00378,1,14
GE Healthcare Limited and its affiliates,blk_00378,1,14
GE Healthcare Ltd and its affiliates,blk_00378,1,14
GE Healthcare Ltd and its affliates,blk_00378,1,14
GECPGrupo Espaol de cancer de Pulmn,blk_02023,1,2
GEICAM GRUPO ESPAOL DE INVESTIGACIN EN CNCER DE MAMA,blk_00599,1,40
GEICO - Grupo Espaol de Investigacin en Cncer de Ovario,blk_00599,1,40
GEICO Grupo Espaol de Investigacin en Cncer de Ovario,blk_00599,1,40
GEINO,blk_02024,1,3
GEIS Grupo Espaol de Investigacin en Sarcomas,blk_00599,1,40
GEL/TAMO Cooperative Spanish Group of Lymphoma/Autologous bone marrow transplant.,blk_00437,1,22
GEL/TAMO Grupo Cooperativo Espaol de Linfoma/Transplante Antlogo de Mdula sea,blk_00680,1,10
GELA-Recherche Clinique,blk_00830,1,4
GELTAMO,blk_00680,1,10
GELTAMO Grupo Espaol de Linfomas y Transplante Autlogo de Mdula sea,blk_00599,1,40
GELTAMO Grupo Espaol de Linfomas y Trasplante autlogo de Mdula sea,blk_00599,1,40
GELTAMO Grupo Espaol de Linfomas y trasplante autlogo de mdula osea,blk_00599,1,40
GENENTECH Inc.,blk_00070,1,9
GENERICS UK Ltd.,blk_01475,1,5
GENFIT SA,blk_00524,1,3
GENOSCIENCE PHARMA,blk_02025,1,2
GERENCIA DE ATENCIN PRIMARIA,blk_02026,1,2
GETAID - Groupe dEtude Thrapeutique des Affections Inflammatoires Digestives,blk_00682,1,3
GETECCU,blk_02027,1,3
GETECCU Grupo Espaol de Trabajo en Enfermedad de Crohn y Colitis Ulcerosa,blk_00599,1,40
GETECCU Grupo Espaol de Trabajo en Enfermedad de Crohn y Colitis ulcerosa,blk_02027,1,3
GETH,blk_02028,1,5
GETH GRUPO ESPAOL DE TRASPLANTES HEMOTOPOYETICOS Y TERAPIA CELULAR,blk_02028,1,5
GGZ Drenthe,blk_02029,1,3
GGZ Nijmegen,blk_00061,1,31
GGZ Oost Brabant,blk_00446,1,7
"GGZ inGeest, parner VUmc",blk_02030,1,6
GGZ-Drenthe,blk_02029,1,3
GGz Nijmegen,blk_00061,1,31
GHU PARIS PSYCHIATRIE ET NEUROSCIENCES,blk_00686,1,4
GIE Groupe hospitalier Paris Saint-Joseph/Vinci,blk_01385,1,6
"GIGA-Consciousness Thematic Unit, Anesthesia and Intensive Care Laboratory, Liege University",blk_00579,1,15
GILEAD SCIENCES INCORPORATED,blk_00016,1,18
GIOGer Gruppo Italiano di Oncologia Geriatrica,blk_02031,1,2
GIOM - Gruppo Italiano Oncologia Nefrologica,blk_02031,1,2
GITMO,blk_02032,1,2
GITMO GRUPPO ITALIANO DI MIDOLLLO OSSEO,blk_02032,1,2
"GITMO GRUPPO ITALIANO PER IL TRAPIANTO DI MIDOLLO OSSEO, CELLULE STAMINALI EMOPOIETICHE E TERAPIA",blk_01009,1,4
GLAXO SMITH KLINE RESEARCH  DEVELOPMENT LTD,blk_00295,1,5
GLAXOSMITHKLINE BIOLOGICALS,blk_00007,1,40
GLAXOSMITHKLINE BIOLOGICALS SA,blk_00007,1,40
GLAXOSMITHKLINE RESEARCH AND DEVELOPMENT,blk_00007,1,40
GLENMARK PHARMACEUTICALS SA,blk_00597,1,3
GLyPharma Therapeutic Inc. a wholly owned subsidiary of VectivBio Holding AG,blk_00915,1,4
"GLyPharma Therapeutic, Inc. a wholly owned subsidiary of VectivBio Holding AG",blk_00915,1,4
GMIHO - Gesellschaft fr medizinische Innovation Hmatologie und Onkologie mbH,blk_00525,1,10
GMIHO Gesellschaft fr Medizinische Innovation-Hmatologie und Onkologie mbH,blk_00525,1,10
GMIHO Gesellschaft fr Medizinische Innovation/Hmatologie und Onkologie mbH,blk_00525,1,10
GMIHO Gesellschaft fr medizinische Innovation/Hmatologie und Onkologie mbH,blk_00525,1,10
GOIRC Gruppo Oncologico Italiano Di Ricerca Clinica,blk_00270,1,7
GOSH/ICH Joint Research  Development Office,blk_01428,1,6
GOTEL Grupo Oncolgico para el Tratamiento de las Enfermedades Linfoides,blk_02033,1,6
GOTEL Grupo Oncolgico para el Tratamiento y Estudio de Los linfomas,blk_02033,1,6
GOTEL Grupo Oncolgico para el tratamiento y estudio de los linfomas,blk_02033,1,6
"GP-PHARM, S.A.",blk_01299,1,17
GP-Pharm s.a.,blk_01299,1,17
GPC BIOTECH,blk_02034,1,2
GPC Biotech AG,blk_02034,1,2
GREAT ORMOND STREET HOSPITAL FOR CHILDREN NHS FOUNDATION TRUST,blk_00598,1,8
GREATER GLASGOW HEALTH BOARD,blk_00301,1,40
GREEN CROSS WellBeing,blk_01383,1,3
GRIFOLS ITALIA,blk_00427,1,14
GRIFOLS S.A.,blk_00427,1,14
GROUPE HOSPITALIER PARIS SAINT-JOSEPH,blk_01385,1,6
GRUPO DE TERAPIA CELULAR Y CARDIOVASCULAR DEL HOSPITAL UNIVERSITARIO CENTRAL DE ASTURIAS,blk_02035,1,4
GRUPO DE TRATAMIENTO DE LOS TUMORES DIGESTIVOS TTD,blk_00201,1,11
GRUPO ESPAOL DE INVESTIGACIN EN CANCER DE OVARIO GEICO,blk_02023,1,2
GRUPO ESPAOL DE INVESTIGACIN EN NEUROONCOLOGGA GEINO,blk_02024,1,3
GRUPO ESPAOL DE INVESTIGACION EN NEUROONCOLOGIA,blk_00599,1,40
GRUPO ESPAOL DE INVESTIGACION EN SARCOMAS,blk_00599,1,40
GRUPO ESPAOL DE INVETIGACION EN CANCER DE MAMA GEICAM,blk_00589,1,19
GRUPO ESPAOL DE LINFOMAS Y TRANSPLANTES AUTOLOGO DE MEDULA OSEA GELTAMO,blk_00680,1,10
GRUPO ESPAOL DE TRASPLANTE HEMATOPOYTICO Y TERAPIA CELULAR GETH,blk_02028,1,5
GRUPO ESPAOL DE TRATAMIENTO DE TUMORES DE CABEZA Y CUELLO TTCC,blk_02036,1,3
GRUPO ESPAOL MULTICISPLINAR DE MELANOMA,blk_01012,1,9
GRUPO GETNE,blk_02037,1,3
GRUPO ONCOPAZ,blk_02038,1,2
GRUPPO ONCOLOGICO DELLITALIA MERIDIONALE,blk_00251,1,3
GSK PLC,blk_01020,1,4
GSK Vaccines S.r.l,blk_01020,1,4
GTx Inc,blk_00684,1,2
"GUIDE Clinic, St Jamess Hospital",blk_02039,1,2
GUNA S.P.A.,blk_02040,1,2
GUNA SPA,blk_02040,1,2
GUVAX Gothenburg University Vaccine Research Institute,blk_00875,1,6
"GW Laboratories, Inc.",blk_00296,1,8
GW RESEARCH LTD.,blk_00296,1,8
GZA vzw,blk_02041,1,2
"GZA vzw, GZA Ziekenhuizen, Sint-Augustinus",blk_02041,1,2
Galapagos N.V.,blk_00127,1,5
Galapagos Nv,blk_00127,1,5
Galapagos SASU,blk_00127,1,5
Galderma Research  Development Inc.,blk_00252,1,16
Galderma Research  Development SNC,blk_00252,1,16
Galderma Research and Development,blk_00252,1,16
Galderma research  Development,blk_00252,1,16
"Galmed Research and Development, Ltd.",blk_02021,1,2
Gambro Lundia AB,blk_02042,1,2
"Gambro Lundia AB, Corporate Research",blk_02042,1,2
Gamida Cell-Teva Joint Venture Ltd.,blk_00831,1,9
Gan  Lee Pharmaceuticals USA Corporation,blk_01021,1,3
Ganymed Pharmaceuticals AG,blk_02022,1,2
Gasthuisberg Leuven,blk_01629,1,6
"Gastroenheden D, Herlev Hospital",blk_00271,1,26
Gastroenterology CHC Liege,blk_00579,1,15
Gateshead Health NHS Trust Research  Development,blk_01377,1,2
GeNeuro S.A.,blk_01378,1,3
Gebro Pharma,blk_00685,1,3
Gedeon Richter Co.,blk_00319,1,9
Gedeon Richter Iberica S.A.,blk_00319,1,9
Gedeon Richter LTD,blk_00319,1,9
Gedeon Richter Ltd,blk_00319,1,9
Gedeon Richter Polska Sp. z o. o.,blk_00319,1,9
Gelderse Vallei Hospital,blk_02043,1,2
Gene PreDiT SA,blk_02044,1,3
Genentech,blk_00070,1,9
Geneora Pharma (Shijiazhuang) Co. Ltd.,blk_02045,1,2
Geneora Pharma (Shijiazhuang) Co. Ltd. / Geneora Pharma (Shijiazhuang) Co. Ltd.,blk_02045,1,2
General Hospital Linz,blk_01192,1,4
"General Hospital Vienna, Dept Cardio-thoracic surgeray",blk_00041,1,40
General Practitioners Research Institute,blk_02046,1,2
General Practitioners Research Institute B.V.,blk_02046,1,2
General Teaching Hospital,blk_00074,1,13
General University Hospital in Prague,blk_01661,1,9
Generex Biotechnology Corp.,blk_02047,1,2
Generex Biotechnology Corporation,blk_02047,1,2
Generics UK Ltd trading as Merck Generics,blk_01475,1,5
Generics UK Ltd.,blk_01475,1,5
Genetic Immunity Kft.,blk_01022,1,3
Genetronics Biomedical Corporation,blk_02048,1,2
"Genetronics, Inc.",blk_02048,1,2
Geneva University Hospitals,blk_00300,1,40
Genexine Inc.,blk_01379,1,3
"Genexine, Inc.",blk_01379,1,3
Genkyotex Innovation SAS,blk_02049,1,2
Genkyotex SA,blk_02049,1,2
Genmab B.V.,blk_00066,1,4
Genmab B.V. / Genmab B.V.,blk_00066,1,4
Genmab Holding B.V.,blk_00066,1,4
Genoscience Pharma,blk_02025,1,2
Gentofte Hospital / Austin Health,blk_00234,1,29
Gentofte Hospital / Gentofte Hospital,blk_00234,1,29
Gentofte Hospital / GlaxoSmithKline Biologicals,blk_00007,1,40
Gentofte Hospital / Moderna Inc.,blk_00234,1,29
Gentofte Hospital / Pfizer Inc.,blk_00234,1,29
Gentofte Hospital / Sanofi Pasteur,blk_00132,1,17
"Gentofte Hospital, Dep. of Medicine",blk_00234,1,29
Gentofte University Hospital,blk_00234,1,29
"Genzyme Corporation, a Sanofi company",blk_00088,1,10
"Genzyme Europe B.V, Netherlands",blk_00088,1,10
Genzyme GmbH,blk_00088,1,10
"Genzyme, a Sanofi Company",blk_00088,1,10
"Georg-August-Universitt Gttingen, Bereich Humanmedizin",blk_01155,1,11
"Georg-August-Universitt Gttingen, Universittsmedizin",blk_01155,1,11
Georg-August-University Gttingen,blk_01155,1,11
George Medicines Pty Ltd,blk_01145,1,6
George Washington University Biostatistics Center,blk_01145,1,6
Gerencia de Atencin Primaria de Mallorca,blk_02026,1,2
"Geriatric Centre, Ume University hospital",blk_00557,1,7
German Breast Group Forschungs GmbH,blk_00154,1,8
German Breast Group GBG Forschungsgesellschaft mbH Sponsor nach GCP,blk_00154,1,8
German Cancer Research Center,blk_01023,1,8
German Competence network Acute and Chronic Leukemias sponsored by Federal Ministry of Education a,blk_01023,1,8
German Foundation for Chronically Ill,blk_01023,1,8
German Heart Centre Munich,blk_00602,1,29
"German Heart Centre Munich, Department of",blk_00602,1,29
"German Heart Centre Munich, Department of Cardiovascular Diseases",blk_00602,1,29
German Society of Pediatric Hematology and Oncology gGmbH GPOH gGmbH,blk_00420,1,3
"German Sport University Cologne, Institute of CArdiology and Sports Medicine",blk_00057,1,9
Gesellschaft fr Medizinische Innovation Hmatologie und Onkologie mbH GMIHO,blk_00525,1,10
Gesellschaft fr Wissens- und Technologietransfer der TU Dresden mbH,blk_00181,1,18
Gesellschaft fr Zelltherapie mbH,blk_00525,1,10
Gesellschaft fuer klinische Forschung e.V. Society for Clinical Research / WELEDA AG,blk_00142,1,19
Gh Research Limited,blk_01019,1,2
Ghent University Hospital / San Raffaele Hospital,blk_00045,1,5
Gilead Science Incorporated,blk_00016,1,18
"Gilead Science, Inc.",blk_00016,1,18
Gilead Sciences Europe Ltd.,blk_00016,1,18
Gilead Sciences GmbH,blk_00016,1,18
Gilead Sciences Inc. / Gilead Sciences Inc.,blk_00016,1,18
Gilead Sciences International Ltd,blk_00016,1,18
Gilead Sciences S.L.,blk_00016,1,18
"Gilead Sciences, Inc. / Gilead Sciences, Inc.",blk_00016,1,18
"Gilead Sciences, S.L.",blk_00016,1,18
Ginefiv,blk_02050,1,2
Ginefiv S.L.,blk_02050,1,2
Giuliani S.p.A.,blk_00683,1,2
Glaukos Corp.,blk_01380,1,2
GlaxSmithKline Research  Development,blk_02051,1,2
GlaxSmithKline Research  Development Limited,blk_02051,1,2
Glaxo Group Ltd,blk_00295,1,5
GlaxoSmithKline  Biologicals,blk_00007,1,40
GlaxoSmithKline Biologicals SA GSK,blk_00007,1,40
"GlaxoSmithKline Biologicals SA,",blk_00007,1,40
GlaxoSmithKline Biologicals s.a.,blk_00007,1,40
"GlaxoSmithKline Consumer Healthcare GmbH  Co KG, 77815 Bhl",blk_00188,1,24
GlaxoSmithKline GmbH  Co KG,blk_00007,1,40
GlaxoSmithKline Pharma A/S,blk_00007,1,40
GlaxoSmithKline Research   Development Ltd,blk_00007,1,40
GlaxoSmithKline Research  Developement  Ltd,blk_02052,1,2
GlaxoSmithKline Research  Developement Ltd,blk_02052,1,2
GlaxoSmithKline Research  Devlopment Ltd,blk_02053,1,2
GlaxoSmithKline Research And Development Ltd,blk_00007,1,40
GlaxoSmithKline Research Development Ltd,blk_00007,1,40
GlaxoSmithKline Research Ltd,blk_00188,1,24
GlaxoSmithKline Research and Devlopment Ltd,blk_02053,1,2
GlaxoSmithKline Research and development,blk_00188,1,24
"GlaxoSmithKline Research, European Medical Governance",blk_00808,1,3
GlaxoSmithKline S.A,blk_00188,1,24
GlaxoSmithKline UK,blk_00188,1,24
"GlaxoSmithKline, LLC",blk_00188,1,24
"GlaxoSmithKline, Research and Development Ltd",blk_00188,1,24
"GlaxoSmithKline, S.A",blk_00188,1,24
GlaxoSmithkline Research and Development Ltd,blk_00188,1,24
GlaxoSmithkline S.A.,blk_00188,1,24
GlaxosmithKline Biologicals,blk_00654,1,2
Glaxosmithkline Research and Development Ltd,blk_00188,1,24
Glenmark Farmaceutica LTDA,blk_00597,1,3
Glostrup Amtssygehuset,blk_01720,1,6
Gloucestershire Hospitals NHS Foundation Trust and,blk_01025,1,2
Goethe Universitt,blk_00218,1,30
Goethe Universitt Frankfurt / Universittsklinikum Frankfurt,blk_00218,1,30
Goethe-Universitt Frankfurt,blk_00218,1,30
"Goethe-Universitt Frankfurt, PD Fabian Finkelmeier",blk_00218,1,30
"Goethe-Universitt Frankfurt, Universittsklinikum, Med. Klinik II",blk_00218,1,30
Goethe-Universitt Frankfurt/Main,blk_00218,1,30
Goethe-University Frankfurt,blk_00218,1,30
"Grachtenhaus-Apotheke, Inh. Klaus Stegemann e. K.",blk_02054,1,2
"Grachtenhaus-Apotheke, Inh. Klaus Stegemann e.K.",blk_02054,1,2
Grand Medical Pty Ltd,blk_01382,1,3
Grand hpital de Charleroi,blk_01382,1,3
Graz Medical University,blk_00112,1,40
Great Ormond Street Hospital For Children NHS Foundation Trust,blk_00598,1,8
Great Ormond Street Hospital For Children NHS Trust,blk_00598,1,8
Great Ormond Street Hospital NHS Trust / University College London - Institute of Child Health,blk_00019,1,40
Great Ormond Street Hospital NHS foundation Trust,blk_00598,1,8
Greater Glasgow  Clyde Health Board,blk_00301,1,40
Greater Glasgow  Clyde NHS,blk_00301,1,40
Greater Glasgow Health Board / Glasgow University,blk_00301,1,40
Greater Glasgow Health Board / University of Glasgow,blk_00301,1,40
Greater Glasgow Health Board North Glasgow University Hospitals Division,blk_00301,1,40
"Greater Glasgow Health Board, North Glasgow University Hospitals Division",blk_00301,1,40
"Greater Glasgow Health Board, Research and Development Department / Senior Contracts Manager,Research and Enterprise,University of Glasgow",blk_00301,1,40
Greater Glasgow Health Board/University of Glasgow,blk_00301,1,40
Greater Glasgow Health Board/University of Glasgow GU,blk_00301,1,40
"Greater Glasgow NHS Board, Yorkhill Division",blk_01572,1,7
Greater Glasgow and Clyde Health Board,blk_00301,1,40
Greater Glasgow and Clyde Health Board / University of Glasgow,blk_00301,1,40
Greater Glasgow and Clyde Health Board GGCHB/University of Glasgow,blk_00301,1,40
Greater Glasgow and Clyde NHS Board / University of Glasgow,blk_00301,1,40
Greater Glasgow and Clyde NHS Board and The University Of Glasgow,blk_00301,1,40
Green Medicine AB,blk_00930,1,2
GreenPark Healthcare Trust / Queens University Belfast,blk_00246,1,18
Greenpark Healthcare Trust,blk_01384,1,2
Grenoble University Hospital,blk_00232,1,13
Grifols Biological Inc,blk_00427,1,14
Grifols S.A.,blk_00427,1,14
"Grifols Therapeutics, Incorporated",blk_00427,1,14
"Grifols, Inc.",blk_00427,1,14
Grindeks AS,blk_01677,1,3
Grnenthal GmbH / Laboratorios Andrmaco S.A. Co-sponsor Spanien,blk_00085,1,4
Grnenthal Pharma S.A.,blk_00085,1,4
Grnolskie Centrum Medyczne im. prof. Leszka Gieca lskiego Uniwersytetu Medycznego w Katowicach,blk_01849,1,3
Group of Clinical Investigation in Radiotherapy Oncology GICOR,blk_01616,1,5
Groupe Est Ouest des Leucmies et Autres Maladies du Sang,blk_00275,1,2
Groupe Franais des mylodysplasies,blk_02055,1,2
Groupe Francophone Des Myelodysplasies / Groupe Francophone Des Myelodysplasies,blk_00422,1,4
Groupe Hospitalier Universitaire Paris Psychiatrie & Neuroscience,blk_00686,1,4
Groupe dEtude des Lymphomes de lAdulte GELA,blk_00830,1,4
Groupe dEtude des Lymphomes de lAdulteGELA / Groupe dEtude des Lymphomes de lAdulteGELA,blk_02056,1,2
Groupe dEtudes des Lymphomes de lAdult,blk_02056,1,2
Groupe doncologie Radiothrapie Tte Et Cou  GORTEC,blk_00594,1,2
Groupe franais des Mylodysplasies,blk_02055,1,2
Groupement De Cooperation Sanitaire Ramsay Generale De Sante Pour L'enseignement Et La Recherche,blk_00832,1,3
Groupement des Hpitaux de lInstitut Catholique de Lille,blk_00231,1,20
Grupo Cataln de Estudio de enfermedades glomerulares. Sociedad Catalana de nefrologa.,blk_01414,1,3
Grupo Cooperativo GEMCAD Grupo Espaol Multidisciplinar en Cncer Digestivo,blk_00599,1,40
Grupo Dermatologico Y Estetico Pedro Jaen S.A.,blk_02057,1,3
Grupo Espanol De Enfermedades Mieloproliferativas Cronicas Ph,blk_00589,1,19
Grupo Espanol De Leucemia Linfocitica Cronica,blk_00589,1,19
Grupo Espanol De Oncologia Genitourinaria-Socug / Grupo Espanol De Oncologia Genitourinaria-Socug / Grupo Espanol De Oncologia Genitourinaria-Socug,blk_00589,1,19
Grupo Espanol De Trabajo En Enfermedad De Crohn y Colitis Ulcerosa,blk_00589,1,19
Grupo Espaol Multidisciplicinar de Melanoma GEM,blk_01012,1,9
Grupo Espaol Multidisciplinar en Cncer Digestivo-GEMCAD,blk_00599,1,40
Grupo Espaol Multidisciplinar en cncer Digestivo-GEMCAD,blk_00599,1,40
Grupo Espaol de Investigacin en Cancer de Ovario,blk_00599,1,40
Grupo Espaol de Investigacin en Cncer de Ovario - GEICO,blk_00599,1,40
Grupo Espaol de Investigacin en Neurooncologa GEINO,blk_02024,1,3
Grupo Espaol de Investigacion en Sarcomas,blk_00599,1,40
Grupo Espaol de Linfomas y transplantes Autlogos de Mdula Osea GELTAMO,blk_00680,1,10
Grupo Espaol de Linfomas/Trasplante Autlogo de Mdula sea GEL/TAMO,blk_00680,1,10
Grupo Espaol de Neurooncologa Mdica GENOM,blk_02058,1,2
Grupo Espaol de Oncologa Genitourinaria SOGUG,blk_01577,1,11
Grupo Espaol de Trabajo en Enfermedad de Crohn y Colitis Ulcerosa GETECCU,blk_02027,1,3
Grupo Espaol de Trasplante Hematopoytico GETH,blk_02028,1,5
Grupo Espaol de Trasplante Hematopoytico y Terapia Celular GETH,blk_02028,1,5
Grupo Espaol de Tratamiento de Tumores Digestivos-TTD,blk_00201,1,11
Grupo Espaol de Tratamiento de Tumores Genitourinarios SOGUG-Spanish Genitourinary Oncologic Group,blk_01577,1,11
Grupo Espaol de Tratamiento de Tumores Urolgicos SOGUG,blk_01577,1,11
Grupo Espaol de Tumores Hurfanos e Infrecuentes,blk_02036,1,3
Grupo Espaol de Tumores Neuroendocrinos y Endocrinos GETNE,blk_02036,1,3
Grupo Espaol de Tumores Neuroendocrinos. SECRETARA TCNICA GETNE GETNE,blk_02037,1,3
Grupo Espaol para el Tratamiento y Estudio de los Linfomas GOTEL,blk_02033,1,6
Grupo Español de Trasplantes Hematopoyéticos y Terapia Celular,blk_00589,1,19
Grupo GENOM,blk_02058,1,2
Grupo Gallego De Investigacion En Tumores Digestivos / Grupo Gallego De Investigacion En Tumores Digestivos,blk_00201,1,11
Grupo Gallego de Cncer de Pulmn,blk_00599,1,40
Grupo Gallego de Cncer de Pulmn GGCP,blk_00599,1,40
Grupo Gallego de Investigacin en Oncologa - GGIO,blk_02059,1,2
Grupo Gallego de Investigacin en Tumores  Digestivos  - GITuD,blk_00201,1,11
Grupo Gallego de Investigaciones Oncolgicas  GGIO,blk_02059,1,2
Grupo Oncolgico Gallego GOG,blk_02033,1,6
Grupo Oncolgico para el Tratamiento y Estudio de los Linfomas GOTEL,blk_02033,1,6
Grupo Oncopaz y Hospitales Asociados,blk_02038,1,2
Grupo de Estudos Oncolgicos,blk_02060,1,2
Grupo de Investigacin en Tumores Uro-oncolgicos,blk_02060,1,2
Grupo de Tratamiento de los Tumores DigestivosTTD,blk_00201,1,11
Grupo para el Tratamiento de Tumores Digestivos,blk_00201,1,11
Gruppo Italiano Multiregionale per lo studio dei Linfomi e delle Leucemie Onlus GIMURELL,blk_00141,1,11
Gruppo Oncologico Italiano Ricerca Cancro GOIRC,blk_00270,1,7
Gteborg University,blk_02061,1,3
"Gteborg University, Institute for Internal Medicine",blk_02061,1,3
"Gteborg University, Sect. Psyhiatry and Neurochemistry / Gteborg University, Sect. Psychiatry and Neurochemistry",blk_02061,1,3
"Gteborgs Universitet, Gteborg Sweden",blk_01026,1,4
"Gteborgs Universitet, Institutionen fr Invrtesmedicin",blk_01026,1,4
Guard Therapeutics International AB,blk_02062,1,2
Guard Therapeutics International AB (publ),blk_02062,1,2
Guerbet / Bracco Imaging S.p.A.,blk_00247,1,9
Guillem Cuatrecasas Cambra,blk_01947,1,2
Guys  St Thomas NHS Foundation  Trust,blk_00220,1,9
Guys  St Thomas NHS Foundation Trust / Kings College London,blk_00019,1,40
Guys  St Thomas NHS Foundation Trust / Kings College London University,blk_00019,1,40
Guys  St Thomas NHS foundation Trust,blk_00220,1,9
Guys  St Thomass NHS Foundation Trust / Kings College London,blk_00019,1,40
Guys and St Thomas Foundation NHS Trust / Kings College London,blk_00019,1,40
Guys and St Thomas Foundation Trust,blk_00220,1,9
Guys and St Thomas NHS Foudation Trust,blk_00220,1,9
Guys and St Thomas NHS Foundation Trust / Kings College London,blk_00019,1,40
"Guys and St Thomas NHS Foundation Trust, Joint Clinical Trials Office",blk_00220,1,9
Gw Research Limited / Jazz Pharmaceuticals Research UK Limited,blk_00296,1,8
"Gyn.Dept, Aabenraa Hospital, Sygehus Snderjylland",blk_01374,1,2
Gynecologic Oncology Group,blk_01498,1,12
Gynmed Clinic Vienna,blk_00041,1,40
Gyroscope Therapeutics,blk_01387,1,2
H Lundbeck A/S,blk_00031,1,10
H. 12 de Octubre / H. La Paz.,blk_00202,1,33
H. Lundbeck A/S Lundbeck,blk_00031,1,10
"H. Lundbeck A/S, Lundbeck Austria GmbH",blk_00031,1,10
H. Lundbeck A/s,blk_00031,1,10
H. Universitari Germans Trias i  Pujol,blk_01030,1,9
H:S Hvidovre hospital,blk_00221,1,34
"HANLIM PHARM CO., LTD",blk_01299,1,17
HANNU KOKKI,blk_00526,1,2
HARRAS Pharma Curarina Arzneimittel GmbH,blk_01388,1,2
HELIXOR Heilmittel GmbH  Co.KG,blk_02063,1,2
HELM AG,blk_02064,1,2
HELP Pharmaceuticals SA,blk_01389,1,2
HELSINN HEALTHCARE SA,blk_00168,1,5
HENNIG ARZNEIMITTEL GmbH  Co. KG,blk_02065,1,2
HERMAL Kurt Herrmann GmbH  Co OHG,blk_00165,1,18
HEXAL AG  a Sandoz company,blk_00272,1,7
HEXAL AG Project Management on behalf of the Sponsor: HEXAL Pharmaforschung GmbH,blk_00272,1,7
HMNC Holding GmbH,blk_02066,1,2
"HOC, Rigshospitalet",blk_01913,1,40
HOLOSTEM TERAPIE AVANZATE S.R.L.,blk_00835,1,3
HOPITAL SAINT JOSEPH,blk_01385,1,6
HOSPICES CIVILS DELYON,blk_00039,1,8
HOSPITAL  UNIVERSITARI MTUA TERRASSA,blk_02067,1,3
HOSPITAL 12 OCTUBRE,blk_01031,1,3
HOSPITAL CLINICO SAN CARLOS,blk_00424,1,14
HOSPITAL CLINICO UNIVERSITARIO,blk_00189,1,8
HOSPITAL CLNIC BARCELONA,blk_00084,1,32
HOSPITAL GENERAL DE VIC,blk_02068,1,2
HOSPITAL SAN PEDRO,blk_02057,1,3
HOSPITAL SON ESPASES,blk_01630,1,3
HOSPITAL UNIVERISTARIO DE MOSTOLES,blk_02069,1,2
HOSPITAL UNIVERSITARI DE BELLVITGE - IDIBELL,blk_00508,1,15
HOSPITAL UNIVERSITARIO FUNDACION ALCORCON,blk_02020,1,2
"HOSPITAL UNIVERSITARIO LA PAZ, SERVICIO DE ANESTESIA",blk_00202,1,33
HOSPITAL UNIVERSITARIO RAMON Y CAJAL,blk_02070,1,3
HOSPITAL UNIVERSITARIO SON DURETA. UNIDAD DE INVESTIGACIN,blk_02071,1,3
HOSPITAL VALL DE HEBRON,blk_00268,1,40
HOVON,blk_00092,1,7
HPITAUX UNIVERSITAIRES DE STRASBOURG,blk_00162,1,6
HRA Pharma,blk_00866,1,5
"HSK, Dr. Horst Schmidt Kliniken GmbH",blk_01889,1,2
HU DE GIRONA DR JOSEP TRUETA,blk_00690,1,7
HUCH Eye Hospital,blk_01863,1,5
"HUCH, ATEK, TLN SAIRAALA, NEUROKIRURGIAN KLINIKKA",blk_01863,1,5
"HUCH, Division of Cardiology",blk_01863,1,5
"HUCH, Hospital for Children and Adolescents",blk_01863,1,5
HUS / Mika Mkel,blk_02072,1,2
"HUS, HYKS, Diabetesklinikka",blk_02073,1,2
"HUS, Hospital for Children and Adolescents",blk_02074,1,2
HUS-The Hospital District of Helsinki and Uusimaa,blk_00119,1,34
HUS-Yhtymae / Neutron Therapeutics Finland Oy,blk_00161,1,4
HUS-Yhtymae / University Of Helsinki,blk_00119,1,34
"HUYABIO International, LLC",blk_02075,1,2
"HY, HUS",blk_02076,1,2
"HY, Kliinisen farmakologian yksikk",blk_02076,1,2
"HYKS, sistautien toimiala, diabetesklinikka",blk_02073,1,2
Haaglanden Medisch Centrum Stichting,blk_00108,1,18
Haga Hospital,blk_01027,1,3
Haga Teaching Hospital Juliana Childrens Hospital,blk_01027,1,3
"HagaZiekenhuis, pulmonary department",blk_00834,1,2
Haleon CH S.a.r.l.,blk_01391,1,5
Hamburg University,blk_00095,1,13
Hamilton Health Sciences Corporation / Hamilton Health Sciences Corporation,blk_00465,1,6
Hamilton Health Sciences Corporation / PHRI Population Health Research Institute International,blk_00465,1,6
Hammersmith Hospital,blk_01392,1,5
Hammersmith Hospitals NHS Trust,blk_01392,1,5
Hammersmith Hospitals NHS trust,blk_01392,1,5
Hammersmith Medicines Research,blk_01392,1,5
Hampshire Hospitals NHS TRust,blk_02077,1,2
"Handkirurgiska kliniken, Universitetssjukhuset rebro",blk_00400,1,9
Hanmi Pharmaceutical Company Limited,blk_00600,1,3
Hanna Pitknen,blk_01477,1,4
Hannover Medical School represented by Hannover Clinical Trial Center GmbH,blk_00625,1,31
Hansa Medical AB / Hansa Medical AB,blk_00687,1,4
Harju Mika,blk_02078,1,2
Harmony Biosciences LLC,blk_01393,1,2
"Haukeland Universitetssykehus, Helse Bergen, Barneklinikken",blk_00601,1,10
"Haukeland University Hospital, Division of Psychiatry",blk_00601,1,10
Health Clinics Limited,blk_01167,1,4
Health Ministry,blk_01033,1,3
Health Research Institute Hospital La Fe,blk_00529,1,10
Healthcare  Pharma Consulting AG Europe,blk_02079,1,2
Healthcare Product Development,blk_01972,1,2
Hear Center of Semmelweis University,blk_00285,1,13
Heart Center Co. Tampere  University Hospital,blk_00305,1,9
Heart Center Freiburg - Bad Krozingen,blk_00356,1,21
Heart Center co.,blk_01485,1,4
"Heart Center, Department of Cardiology, Rigshospitalet",blk_01913,1,40
Heart Initiative,blk_01957,1,2
Heart of England NHS Foundation Trust / Warwick Medical School,blk_00542,1,4
Heart of England NHS Foundation Trust Radiology Department,blk_00542,1,4
Heidelberg ImmunoTherapeutics,blk_00338,1,40
Heidelberg ImmunoTherapeutics GmbH,blk_00338,1,40
Heidelberg Pharma,blk_00338,1,40
Heidelberg University Hospital AöR,blk_00139,1,26
Heikki Koskela,blk_02080,1,2
Heinrich Heine Universitt Dsseldorf,blk_00688,1,9
Heinrich-Heine-Universitt,blk_00688,1,9
Heinrich-Heine-Universitt Duesseldorf,blk_00688,1,9
Heinrich-Heine-University Dsseldorf represented by the Coordinating Investigator,blk_00688,1,9
Helena Isoniemi,blk_02081,1,2
Heli Leppikangas,blk_02082,1,2
Heli Stil,blk_02082,1,2
Helixor Heilmittel GmbH,blk_02063,1,2
Hellenic Genito-Urinary Cancer Group HGUCG,blk_02083,1,3
Hellenic GenitoUrinaty Cancer Group HGUCG,blk_02083,1,3
Hellenic Genitourinary Cancer Group HGUCG,blk_02083,1,3
Hellenic Oncology Cooperative Group,blk_00297,1,18
Hellenic Scientific Society for the Study of AIDS and Sexually Transmitted Diseases,blk_00253,1,7
Hellenic Society Of Hematology / Hellenic Society Of Hematology,blk_00466,1,11
Hellenic Society for the Study of Bone Metabolism,blk_00253,1,7
Hellenic Society of Medical Education,blk_00466,1,11
Hellenic Society of Rhythmology,blk_00466,1,11
Helm AG,blk_02064,1,2
Helperby Therapeutics,blk_01395,1,5
Helperby Therapeutics Ireland Limited,blk_01395,1,5
Helperby Therapeutics Limited,blk_01395,1,5
Helperby Therapeutics Ltd,blk_01395,1,5
"Helse Bergen HF, Haukeland University Hospital",blk_00047,1,36
"Helse Bergen HF, Haukeland Unversity Hospital",blk_00047,1,36
"Helse Bergen HF, Haukeland universitetssjukehus",blk_00047,1,36
"Helse Bergen, Haukeland University Hospital",blk_00601,1,10
Helse Fonna HF,blk_00047,1,36
"Helse Fonna, Haugesund Sykehus",blk_01028,1,2
Helse-Bergen HF,blk_00047,1,36
Helsingin Yliopistollinen keskussairaala,blk_02084,1,3
Helsingin yliopisto,blk_01527,1,3
Helsingin yliopisto / Helsingin yliopisto,blk_01527,1,3
Helsinki Central university Hospital,blk_00119,1,34
Helsinki City Hospital Haartman,blk_00119,1,34
Helsinki Eye Hospital,blk_00119,1,34
Helsinki UNiversity Central Hospital / Helsinki University Central Hospital,blk_00119,1,34
Helsinki Uniersity Central Hospital,blk_00119,1,34
Helsinki University,blk_00119,1,34
"Helsinki University Central Hospital, Pain Clinic",blk_00119,1,34
"Helsinki University Central Hospital, Skin and Allergy Hospital",blk_00119,1,34
Helsinki University Central Hospital/ Womens hospital,blk_00119,1,34
"Helsinki University Hospital, Department of Gastroenterology",blk_00119,1,34
"Helsinki University Hospital, Obstetrics and Gynecology",blk_00119,1,34
Helsinki University and University Hospital,blk_00119,1,34
Helsinki University hospital,blk_00119,1,34
Helsinki Universiy Central Hospital,blk_00119,1,34
Helsinn Healthcare S.A.,blk_00168,1,5
Helsinn Healthcare S.A. / Helsinn Birex Pharmaceuticals Limited,blk_00168,1,5
Hennig Arzneimittel GmbH & Co. KG,blk_02065,1,2
Henogen s.a.,blk_00689,1,2
Henri Laborit Hospital,blk_01838,1,2
Herantis Pharma Oyj,blk_01029,1,2
Herlev  Gentofte Hospital,blk_00234,1,29
"Herlev  Gentofte Hospital, Oncology Dept.",blk_00234,1,29
Herlev Gentofte Hospital - Department of Dermatology and Allergy,blk_00234,1,29
"Herlev Hospital, Department of Anaesthesiology I65N9",blk_00271,1,26
"Herlev Hospital, Dept. of Haematology L121",blk_00271,1,26
"Herlev Hospital, Dept. of haematology L121",blk_00271,1,26
"Herlev Hospital, Onkologisk Afd. R",blk_00271,1,26
"Herlev University Hospital, Oncology Dept.",blk_00271,1,26
"Herlev and Gentofte Hospital, Copenhagen Prospective Studies on Asthma in Childhood (COPSAC)",blk_00234,1,29
"Herlev and Gentofte University Hospital, Department of Obstetrics and Gynecology",blk_00234,1,29
Herlev hospital,blk_00271,1,26
Hermal Kurt Herrmann GmbH  Co OHG,blk_00165,1,18
Hermal Kurt Herrmann GmbH  Co. OHG,blk_00165,1,18
Hertfordshire Partnership University NHS Foundation Trust / University of Hertfordshire,blk_01323,1,6
Herz-  Diabeteszentrum NRW,blk_02085,1,2
Hexal AG a Sandoz company,blk_00272,1,7
Hexal Biotech ForschungsGmbH,blk_00272,1,7
"Hexal, AG",blk_00272,1,7
Highlight Therapeutics,blk_02086,1,3
Highlight Therapeutics S.L.,blk_02086,1,3
"Highlight Therapeutics, S.L",blk_02086,1,3
Hilkka Soininen/Kuopio University Hospital,blk_00430,1,8
Hillbom Matti OYS/neurologian klinikka,blk_01508,1,3
Hillerd Hospital,blk_02087,1,2
Hipra Scientific S.L. / Hipra Scientific S.L.,blk_00833,1,4
"Hjertemedicinsk klinik B, 2142, Rigshospitalet",blk_01913,1,40
"Hjertemedicinsk klinik, Rigshospitalet",blk_01913,1,40
"Hmatologisk Afsnit, Vejle Sygehus",blk_00192,1,10
"Hmatologisk afdeling, Roskilde Sygehus, Region Sjlland",blk_01542,1,3
Hmg Biologics S.r.l.,blk_00255,1,33
Hoffman La Roche Ltd,blk_00126,1,8
"Hoffmann-La Roche Inc / Roche Polska, Sp.z.o",blk_01706,1,4
"Holbk Sygehus, Region Sjlland i Danmark",blk_00478,1,10
Holostem Terapie Avanzate  S.r.l.,blk_00835,1,3
HolsboerMaschmeyer NeuroChemie HMNC GmbH,blk_02066,1,2
Hopital Erasme - Chest service,blk_00320,1,26
Hopitaux Universitaires de Strasbourg,blk_00162,1,6
"Horizon Therapeutics, LLC",blk_00382,1,6
Hospices Civils De Lyon / Hospices Civils De Lyon,blk_00039,1,8
Hospices civils de Lyon,blk_00039,1,8
Hospira UK Ltd,blk_02088,1,3
Hospira UK Ltd.,blk_02088,1,3
"Hospira, Inc.",blk_02088,1,3
Hospital Arnau de Vilanova - Lliria,blk_01232,1,7
Hospital Central De La Defensa Gomez Ulla,blk_02089,1,2
Hospital Central de la Defensa,blk_02089,1,2
"Hospital Clinic, Barcelona",blk_00135,1,11
"Hospital Clinico San Carlos, Unidad de Investigacion Cardiovascular",blk_00424,1,14
Hospital Clinico Universitario De Valencia,blk_00702,1,11
Hospital Clinico Universitario De Valladolid,blk_01359,1,7
Hospital Clnic,blk_00084,1,32
Hospital Clnico Universitario de Valencia,blk_01846,1,3
Hospital Clnico de Barcelona,blk_01846,1,3
Hospital Comarcal de Laredo. Seccin de Digestivo,blk_02090,1,2
Hospital De Sant Pau I Santa Tecla,blk_00605,1,27
Hospital District of Southwest Finland,blk_01065,1,12
"Hospital District of Southwest Finland, Turku University Hospital",blk_00086,1,13
Hospital District of Southwestern Finland,blk_01065,1,12
Hospital General Ciudad Real,blk_02091,1,4
Hospital General Gregorio Maran,blk_00463,1,40
Hospital General Universitari de Granollers,blk_01974,1,3
"Hospital General Universitario Alicante, Dpto Farmacologia Clinica",blk_00836,1,7
Hospital General Universitario Ciudad Real,blk_02091,1,4
Hospital General Universitario Gregorio Maran de Madrid,blk_00463,1,40
Hospital General de Ciudad Real,blk_02091,1,4
Hospital General de Granollers,blk_01974,1,3
Hospital General de Vic,blk_02068,1,2
Hospital Germans Trias I Pujol,blk_01030,1,9
Hospital Ruber Internacional,blk_00459,1,13
Hospital San Pedro,blk_02057,1,3
Hospital Sant Joan de Deu,blk_00379,1,20
Hospital Sant Joan de Reus,blk_00379,1,20
Hospital Son Dureta,blk_02071,1,3
Hospital South West Jutland,blk_01032,1,3
Hospital Universitari Bellvitge,blk_00508,1,15
Hospital Universitari Mutua Terrassa,blk_01366,1,4
Hospital Universitari Son Espases,blk_01630,1,3
Hospital Universitari de Girona Dr.Josep Trueta,blk_00690,1,7
Hospital Universitari de Tarragona Joan XXIII,blk_00379,1,20
Hospital Universitario De Fuenlabrada,blk_02092,1,2
Hospital Universitario De Mostoles,blk_02069,1,2
Hospital Universitario Dr. Negrin,blk_01777,1,4
Hospital Universitario Gregorio Maran,blk_00463,1,40
Hospital Universitario Infanta Cristina,blk_01364,1,5
Hospital Universitario La Paz / Hospital Universitario La Paz,blk_00202,1,33
Hospital Universitario La Princesa,blk_02017,1,3
Hospital Universitario Nio Jesus,blk_02018,1,2
Hospital Universitario Ramon Y Cajal,blk_02070,1,3
Hospital Universitario Sant Joan de Reus,blk_00379,1,20
Hospital Universitario Vall DHebron. Departamento de Medicina Interna,blk_01314,1,16
Hospital Universitario Vall dHebron,blk_00268,1,40
Hospital Universitario Vall dHebron. Barcelona. Spain,blk_00268,1,40
Hospital Universitario Virgen del Roco,blk_01804,1,4
Hospital Universitario de Bellvitge,blk_00508,1,15
Hospital Universitario de Canarias- Dr. Francisco Bosa Ojeda,blk_00837,1,9
Hospital Universitario de Fuenlabrada,blk_02092,1,2
Hospital Universitario de La Princesa,blk_02017,1,3
Hospital Universitario de Rennes,blk_00412,1,14
Hospital Universitario de Valme,blk_02093,1,2
Hospital Vall Hebron,blk_00268,1,40
Hospital Vall dHebron,blk_00268,1,40
Hospital de Cruces,blk_01679,1,2
Hospital de Girona Dr Josep Trueta,blk_00690,1,7
Hospital de Neurorrehabilitacin Institut Guttmann,blk_02019,1,3
Hospital de Valme,blk_02093,1,2
Hospital for Children and Adolescents,blk_02074,1,2
Hospital for Sick Children,blk_01572,1,7
Hospital general Universitario de Alicante,blk_00836,1,7
Hospital of the Ludwig Maximilians University Munich,blk_00602,1,29
Hospital of the Ludwig-Maximilians-University of Munich,blk_00602,1,29
Hospital of the university of munich,blk_00602,1,29
"Hospitales Universitarios Virgen del Roco, Servicio Andaluz de Salud.",blk_01804,1,4
"HovedOrtoCentret, Rigshospitalet",blk_01913,1,40
Hpital Ambroise Par,blk_01261,1,3
Hpital ERASME,blk_00320,1,26
"Hpital Erasme, Cliniques Universitaires de Bruxelles",blk_00198,1,26
"Hpital Erasme, ULB",blk_00320,1,26
Hpital de Jolimont,blk_01843,1,2
Hpitaux Universitaires de strasbourg,blk_00162,1,6
Hull  East Yorkhire NHS Hospitals Trust,blk_00273,1,23
Hull  East Yorkshire Hospitals NHS trust,blk_00273,1,23
Hull  East Yorkshire NHS Trust,blk_00273,1,23
Hull and East Yorkshire Acute Hospitals NHS Trust,blk_00273,1,23
Hull and East Yorkshire Hospitals NHS Trust / University of Hull,blk_00273,1,23
Hull and East Yorkshire Hospitals NHS Trust.,blk_00273,1,23
Hull and East Yorkshire Hospitals NHS trust,blk_00273,1,23
Hull and East Yorkshire Hospitals Trust,blk_00273,1,23
Hull and East Yorkshire NHS Hospital Trust,blk_00273,1,23
Hull and East Yorkshire NHS Hospitals Trust,blk_00273,1,23
Hull and east Yorkshire Hospital NHS Trust,blk_00273,1,23
Hull and east Yorkshire Hospitals Trust,blk_00273,1,23
"Hull and east Yorkshire Hospitals Trust, Research and Deveopment, admin porta cabin",blk_00273,1,23
Hull and east yorkshire Hospitals Trust,blk_00273,1,23
Human Genome Sciences Inc.,blk_00096,1,20
"Human Immunology Biosciences, Inc.",blk_00096,1,20
Humanitas Mirasole SpA,blk_00603,1,2
Hungarian Kidney Foundation,blk_01033,1,3
Hutchison MediPharma Enterprises Limited,blk_01398,1,2
"Huvud- hals- lung- och hudcancer, Tema Cancer Karolinska Universitetssjukhuset",blk_00026,1,40
Huyabio International LLC,blk_02075,1,2
Hvidovre Hospital / Hvidovre Hospital,blk_00221,1,34
"Hvidovre Hospital, Anstesiologisk afdeling 532",blk_00221,1,34
"Hvidovre Hospital, Department of Gynecology",blk_00221,1,34
"Hvidovre Hospital, Dept. Rheumatology",blk_00221,1,34
"Hvidovre Hospital, Region Hovedstaden",blk_00109,1,5
Hvidovre Hospital. Dep of Respiratory Medicine,blk_00221,1,34
Hybrigenics S.A.,blk_01399,1,2
Hyks,blk_01390,1,2
Hywel DdA Health Borad,blk_01400,1,2
I.R.I.S. Institut de Recherches Internationales Servier,blk_00027,1,25
IBD Center LMU Munich,blk_00602,1,29
"IBSA, Institut Biochimique, S.A.",blk_00528,1,9
"IBSA, Institute Biochimique S.A.",blk_00528,1,9
IBSAL Instituto de Investigacin Biomdica de Salamanca-Fundacin Instituto de Estudios de Ciencias de la Salud de,blk_00606,1,9
"ICHTHYOL-GESELLSCHAFT Cordes, Hermanni  Co. GmbH  Co. KG",blk_01409,1,3
ICIN,blk_02094,1,2
"ICIN / UMCG, Van Buchem Stichting",blk_00138,1,3
ICM- VAL DAURELLE,blk_01282,1,5
ICORG -  the All-Ireland Cooperative Oncology Research Group,blk_00297,1,18
ICORG -All Ireland Cooperative Oncology Research Group,blk_00297,1,18
ICORG the all Ireland Co-operative Oncology Research Group,blk_00467,1,6
ICORG the all-Ireland Cooperative Oncology Research Group,blk_00297,1,18
"ICORG, all-Ireland Cooperative Oncology Research Group",blk_00297,1,18
"ICORG, the all-Ireland Co-operative Oncology Research Group",blk_00467,1,6
ICORG-the All Ireland Co-operative Oncology Research Group,blk_00467,1,6
ICORG-the All Ireland co-operative Oncology Research group,blk_00467,1,6
ICT Instituto Cientfico y Tcnolgico de Navarra,blk_00276,1,9
IDI FARMACEUTICI SRL,blk_01991,1,2
IDIBELL,blk_00508,1,15
"IELSG International Extranodale Lymphoma Study Group Instituto Oncologico della Svizzera Italiana,",blk_00437,1,22
IELSG-International Extranodal Lymphoma Study Group,blk_00437,1,22
"IFS gGmbH, Universittsmedizin Gttingen",blk_01155,1,11
"IGM Biosciences, Inc.",blk_01036,1,2
IIS BIODONOSTIA,blk_01231,1,3
IIS FUNDACION JIMENEZ DIAZ,blk_00586,1,4
IIT : University Hospital - Medical Clinic II Director: Prof. Dr. med. J. Floege - Sponsor,blk_02095,1,2
IKF Klinische Krebsforschung GmbH am Krankenhaus Nordwest,blk_00142,1,19
IKF Klinische Krebsforschung GmbH am Krankenhaus Nordwest gGmbH,blk_00142,1,19
IKF-Klinische Krebsforschung GmbH am Krankenhaus Nordwest,blk_00142,1,19
IMEA Fondation Leon Mba,blk_01402,1,4
IMEA Institut de Mdecine et dEpidmiologie AppliqueFondation Lon MBa,blk_01402,1,4
IMEA-Fondation Lon MBa,blk_01402,1,4
IMM - Instituto de Medicina Molecular,blk_01314,1,16
IMMUPHARMA SA,blk_02096,1,3
IMV Inc.,blk_02097,1,2
INCYTE Biosciences International Sarl,blk_00043,1,8
INDUSTRIA FARMACEUTICA SERONO,blk_00214,1,11
INMUNAL SAU,blk_02098,1,4
INMUNO DESIGNED MOLECULES IDM,blk_01041,1,4
INO Therapeutics AB,blk_01037,1,2
"INSEL GRUPPE AG, BERN UNIVERSITY HOSPITAL, DEPARTMENT OF CARDIOLOGY",blk_00698,1,5
INSMED INCORPORATED,blk_00426,1,3
INSTITUT BERGONIE,blk_00323,1,3
INSTITUT CATAL DONCOLOGIA GIRONA - HOSPITAL JOSEP TRUETA,blk_00690,1,7
INSTITUT DE CANCEROLOGIE DE LOUEST RENE GAUDUCHEAU,blk_00604,1,3
INSTITUT DE RECERCA H. SANTA CREU I SANT PAU,blk_00605,1,27
INSTITUT DE RECERCA HSCSP,blk_00385,1,4
INSTITUT DE RECHERCHE PIERRE FABRE,blk_00056,1,33
INSTITUT DE RESERCA.HSCSP,blk_00385,1,4
INSTITUT DINVESTIGACI BIOMDICA DE BELLVITGEIDIBELL,blk_02013,1,3
INSTITUT JULES BORDET,blk_00105,1,8
INSTITUT PAOLI CALMETTES,blk_00384,1,3
"INSTITUT PASTEUR, Biomedical Parasitology Unit",blk_00132,1,17
"INSTITUTO CIENTFICO Y TECNOLGICO ICT DE NAVARRA, S.A.",blk_00276,1,9
INSTITUTO DE INVESTIGACIN SANITARIA LA FE DE VALENCIA,blk_00529,1,10
INSTITUTO DE INVESTIGACION SANITARIA FUNDACION JIMENEZ DIAZ,blk_00586,1,4
INSTITUTO DE INVESTIGACIONES BIOMEDICAS AUGUST PI I SUNYER IDIBAPS,blk_00135,1,11
INSTITUTO VALENCIANO DE INFERTILIDAD IVI,blk_00695,1,15
INTEC PHARMA LTD,blk_01417,1,2
INTENDIS GmbH,blk_01046,1,2
INTERCEPT PHARMACEUTICALS INC.,blk_00531,1,5
INTERNATIONAL EXTRANODAL LYMPHOMA STUDY GROUP  IELSG,blk_00437,1,22
INTERVENTIONAL CARDIOVASC. RESEARCH  CLINICAL TRIALS AT ICAHN SCHOOL OF MEDICINE AT MOUNT SINAI,blk_02099,1,3
IO Biotech ApS,blk_01420,1,3
IO Biotech Aps,blk_01420,1,3
IOBA,blk_02100,1,3
IOBA - Instituto Universitario de Oftalmobiologa Aplicada,blk_02100,1,3
IOBA - University of Valladolid,blk_01359,1,7
"IOBA, Universidad de Valladolid",blk_01359,1,7
IOBA. FACULTAD DE MEDICINA,blk_01314,1,16
IOULIA  IRENE TSETI PHARMACEUTICAL LABORATORIES S.A.-INTERMED S.A.,blk_02101,1,2
IPPMed  Institut fr Pharmakologie und Prventive Medizin GmbH,blk_01405,1,2
IPSEN,blk_00136,1,37
IPSEN FARMACEUTICA BV,blk_00136,1,37
IPSEN INNOVATION,blk_00136,1,37
"IPSEN PHARMA, S.A",blk_00136,1,37
IPSEN Pharma GmbH,blk_00136,1,37
IPSEN S.P.A.,blk_00136,1,37
IPSEN S.p.A,blk_00136,1,37
IRCCS - ISTITUTO DI RICERCHE FARMACOLOGICHE MARIO NEGRI,blk_00222,1,18
IRCCS Azienda Ospedaliera Universitaria San Martino  IST  Istituto Nazionale per la Ricerca sul Cancro,blk_00073,1,32
IRCCS CASA SOLLIEVO DELLA SOFFERENZA,blk_01807,1,4
IRCCS CENTRO SAN GIOVANNI DI DIO,blk_00841,1,5
IRCCS CENTRO SAN GIOVANNI DI DIO FATEBENEFRATELLI,blk_00841,1,5
IRCCS FONDAZIONE G.B. BIETTI PER LO STUDIO E LA RICERCA IN OFTALMOLOGIA ONLUS,blk_00694,1,3
IRCCS FONDAZIONE ISTITUTO NEUROLOGICO C. MONDINO,blk_00222,1,18
IRCCS FONDAZIONE STELLA MARIS,blk_02102,1,2
IRCCS Fondazione Stella Maris,blk_02102,1,2
IRCCS ISTITUTO ORTOPEDICO GALEAZZI S.P.A,blk_00222,1,18
IRCCS ISTITUTO SCIENTIFICO ROMAGNOLO PER LO,blk_00222,1,18
IRCCS Istituto Centro San Giovanni di Dio Fatebenefratelli,blk_02103,1,3
IRCCS Ospedale PedT..trico Bambino Ges,blk_00570,1,2
IRCCS Ospedale Pediatrico Bambino Ges,blk_00438,1,6
IRCCS Ospedale Policlinico San Martino / IRCCS Ospedale Policlinico San Martino,blk_00841,1,5
IRCCS Ospedale San Raffaele U.O. Oculistica,blk_00051,1,19
IRCCS Policlinico San Donato,blk_01034,1,4
IRCCS San Raffaele di Roma,blk_00051,1,19
IRCCS- Mario Negri Institute,blk_00222,1,18
IRICYS- Fundacin para la Investigacin Biomdica del Hospital Universitario Ramn y Cajal,blk_00463,1,40
ISDIN S.A.,blk_01406,1,3
"ISDIN, S.A.",blk_01406,1,3
ISGlobal,blk_01241,1,2
ISOFOL Medical AB,blk_00852,1,3
ISPPCC - CHU Chrarleroi - Hpital Civil Marie Curie - Clinique du Sein,blk_00224,1,8
ISTITUTI FISIOTERAPICI OSPITALIERI - IRE,blk_00111,1,7
ISTITUTI OSPITALIERI DI CREMONA,blk_00111,1,7
ISTITUTO CLINICO HUMANITAS,blk_00189,1,8
ISTITUTO EUROPEO DI ONCOLGIA,blk_00044,1,9
ISTITUTO GIANNINA GASLINI-PRINTO,blk_00101,1,5
ISTITUTO PER L INFANZIA BURLO GAROFOLO,blk_00321,1,5
ITALFARMACO S.A,blk_00254,1,6
ITALFARMACO S.P.A.,blk_00254,1,6
ITALFARMACO S.p.A,blk_00254,1,6
"ITALIAN PULMONARY HYPERTENSION NETWORK, IPHNET",blk_00383,1,6
ITF RESEARCH PHARMA S.L.U.,blk_01423,1,5
ITF Research Pharma S.L.U,blk_01423,1,5
ITF Research Pharma S.L.U.,blk_01423,1,5
ITF Research Pharma SLU,blk_01423,1,5
IVAX Pharmaceuticals s.r.o.,blk_02104,1,2
"IVAX RESEARCH, INC.",blk_02104,1,2
IVERIC bio,blk_02105,1,2
"IVERIC bio, Inc.",blk_02105,1,2
IVI Alicante,blk_00695,1,15
IVI BILBAO,blk_00695,1,15
IVI Foundation,blk_00695,1,15
IVI Sevilla,blk_00695,1,15
Icagen Inc,blk_02106,1,3
Icagen Inc.,blk_02106,1,3
"Icagen, Inc.",blk_02106,1,3
Icahn School Of Medicine At Mount Sinai,blk_02099,1,3
Ichthyol-Gesellschaft Cordes Hermanni & Co. GmbH & Co. KG,blk_01409,1,3
Idea AG,blk_00692,1,2
Idenix Pharmaceuticals Inc.,blk_00696,1,3
"Idenix Pharmaceuticals, Inc",blk_00696,1,3
Idorsia Pharmaceuticals Ltd. / Idorsia Pharmaceuticals Ltd.,blk_00322,1,3
"Iho-ja allergiasairaala, HUS",blk_02107,1,2
"Iho-ja allergiasairaala, HYKS",blk_02107,1,2
Il-Yang Pharm Co. Ltd.,blk_01299,1,17
Ilya Pharma AB,blk_02108,1,2
Ilya Pharma AB (publ),blk_02108,1,2
ImCyse S.A,blk_02109,1,2
"Imago BioSciences, Inc.",blk_01410,1,2
"Imara, Inc",blk_01401,1,2
Imbria Pharmaceuticals Inc.,blk_01411,1,2
Imcyse SA,blk_02109,1,2
Immodulon Therapeutics Limited,blk_01038,1,2
ImmuPharma,blk_02096,1,3
ImmuPharma SA,blk_02096,1,3
Immune Design Ltd,blk_01111,1,3
ImmuneMed Inc.,blk_02110,1,2
Immunemed Inc.,blk_02110,1,2
Immunicum Aktiebolag,blk_02111,1,2
Immuno-Designed Molecules,blk_01041,1,4
"ImmunoGen, Inc",blk_00842,1,3
Immunobrain Checkpoint Ltd.,blk_01854,1,3
Immunogen Inc.,blk_00842,1,3
Immunovaccine Technologies Inc. IMV Inc.,blk_02097,1,2
"Impax Laboratories, Inc.",blk_01403,1,5
"Impax Laboratories, Inc. acting through its Impax Pharmaceuticals Division",blk_01403,1,5
"Impax Laboratories, Inc., acting through its Impax Pharmaceuticals Division Impax",blk_01403,1,5
Imperial Ciollege / St Marys NHS Trust,blk_00144,1,18
Imperial College Academic Healthsciences Centre,blk_00144,1,18
Imperial College Healthcare NHS Trust / Institute of Cancer Research,blk_00144,1,18
Imperial College Healthcare NHS Trust and Imperial College London,blk_00019,1,40
Imperial College Healthcare NHS trust,blk_00144,1,18
Imperial College Heathcare NHS Trust,blk_00144,1,18
Imperial College Joint Research Office,blk_00144,1,18
Imperial College London  Imperial College Healthcare NHS Trust,blk_00019,1,40
Imperial College London  Imperial College NHS Healthcare Trust,blk_00019,1,40
Imperial College London / BOC Ltd.,blk_00019,1,40
Imperial College London South Kensington London,blk_00019,1,40
Imperial College London-Imperial College Healthcare NHS Trust,blk_00019,1,40
Imperial College NHS Trust,blk_00144,1,18
Imperial College NHS trust,blk_00144,1,18
Imperial College of Science Technology and Medicine,blk_00144,1,18
"Imperial College of Science, Technology and Medicine",blk_00144,1,18
"Imperial College, Joint Research Compliance Office",blk_00144,1,18
"Imperial College, Research Governance Manager",blk_00144,1,18
Imperial Joint Research Compliance Office,blk_00144,1,18
InDex Pharmaceuticals,blk_00697,1,2
Incyte Coorporation,blk_00043,1,8
Incyte Corp. / Incyte Corp.,blk_00043,1,8
Independent Pharmaceutica AB,blk_02112,1,2
Infant Bacterial Therapeutics AB,blk_02113,1,2
Infant Bacterial Therapeutics AB IBT,blk_02113,1,2
InfectoPharm - Arzneimittel und Consilium GmbH,blk_00693,1,6
Infectopharm Arzneimittel GmbH,blk_00693,1,6
Infectopharm Arzneimittel und Consilium GmbH,blk_00693,1,6
Infektionskliniken Danderyds sjukhus AB,blk_01307,1,6
Infirst+ HEALTHCARE Ltd,blk_02114,1,2
Inflazome Australia Pty Ltd.,blk_02115,1,2
Inflazome Ireland Ltd.,blk_02115,1,2
Iniciativa Andaluza en Terapias Avanzadas a travs de la Fundacin Progreso y Salud,blk_00419,1,12
Iniciativa Andaluza en Terapias Avanzadas-Fundacin Pblica Andaluza Progreso y Salud,blk_00419,1,12
"Inmunotek, S.L. / INMUNOTEK, S.L.",blk_00203,1,4
InnaVirVax,blk_02116,1,2
InnaVirVax SA,blk_02116,1,2
InnoCare Pharma Inc.,blk_02117,1,2
"InnoCare Pharma, Inc.",blk_02117,1,2
Innocoll Pharmaceuticals Limited,blk_01040,1,2
Innotech international,blk_02118,1,4
Innovacell AG,blk_00844,1,4
Innovacell GmbH,blk_00844,1,4
Innovative Diabetes Treatments Studies LLC,blk_01135,1,5
"Innovent Biologics Suzhou Co., Ltd.",blk_00255,1,33
Innsbruck Medical University,blk_00282,1,40
"Innsbruck Medical University, Department of Radiology, Section of Microinvasive Therapy",blk_00282,1,40
"Inozyme Pharma, Inc.",blk_00846,1,2
Inreda Diabetic,blk_02119,1,2
Inreda Diabetic B.V.,blk_02119,1,2
"Insel Gruppe AG - Bern University Hospital, Department of Cardiology",blk_00698,1,5
Insel Gruppe AG - Inselspital Universittsklinik fr Kardiologie,blk_00698,1,5
"Insel Gruppe AG - Inselspital, Universittsklinik fr Kardiologie",blk_00698,1,5
Inselspital University Hospital Bern,blk_02120,1,5
"Inselspital, Universittspital Bern",blk_02120,1,5
Inserm / Centre Hospitalier Regional Universitaire De Tours,blk_00124,1,11
Inserm- ANRS Agence nationale de recherches sur le sida et les hpatites virales,blk_00204,1,8
Inserm-ISP Pole Recherches cliniques et thrapeutiques,blk_00204,1,8
Insitut Jules Bordet,blk_00105,1,8
Insitute for Clinical and Experimental Medicine,blk_00700,1,11
Insituto Aragons de Ciencias de la Salud,blk_00606,1,9
"Inst of OPhthalmology, Lund University",blk_00536,1,14
Inst of Ophtalmology Lund University hospital,blk_00536,1,14
Instituo de Investigacion Sanitaria La Fe,blk_00529,1,10
Institut  Catal dOncologia ICO,blk_00699,1,4
Institut Bergoni - Centre Rgional de Lutte Contre le Cancer de Bordeaux et du Sud-ouest,blk_00065,1,9
Institut Bergoni - Dpartement dOncologie Mdicale,blk_00348,1,2
Institut Bergonie / Institut Bergonie,blk_00323,1,3
Institut Catal de la Salut,blk_00699,1,4
Institut D Investigacio Sanitaria Pere Virgili,blk_02121,1,2
Institut De Recerca Biomedica De Lleida Fundacio Dr. Pifarre / Institut De Recerca Biomedica De Lleida Fundacio Dr. Pifarre,blk_01042,1,2
Institut De Recherches Internationales Servier IRIS / Institut De Recherches Internationales Servier IRIS,blk_00027,1,25
Institut Für Frauengesundheit GmbH,blk_00847,1,3
Institut Gustav Roussy,blk_02122,1,2
Institut Jules Bordet - Universit Libre de Bruxelles,blk_00105,1,8
Institut Jules Bordet-Universit Libre de Bruxelles,blk_00105,1,8
Institut Klinick a Experimentln Medicny,blk_00848,1,3
Institut Mutualiste Montsouris / Institut Mutualiste Montsouris,blk_02123,1,2
Institut Pasteur de Lille,blk_00132,1,17
Institut Regional du Cancer de Montpellier,blk_00197,1,19
Institut Rgional de Cancerologie de Montpellier - Val dAurelle,blk_00197,1,19
Institut Universitari de Neurorehabiltaci Guttmann,blk_02019,1,3
Institut dAnesthsiologie des Alpes Maritimes,blk_00232,1,13
Institut dInvestigaci Sanitria Pere Virgili IISPV,blk_02121,1,2
Institut dInvestigaci en Atenci Primaria IDIAP Jordi Gol,blk_00839,1,4
Institut dInvestigacions Biomdiques August Pi i Sunyer,blk_00135,1,11
Institut dInvestigacions Biomdiques August Pi i Sunyer IDIBAPS,blk_00135,1,11
Institut de Cancrologie de Lorraine Alexis Vautrin,blk_01819,1,2
Institut de Cancrologie de lOuest,blk_00604,1,3
Institut de Recerca,blk_00084,1,32
Institut de Recerca / Hospital de Sant Pau,blk_00605,1,27
Institut de Recerca / Hospital de la Santa Creu i Sant Pau,blk_00605,1,27
Institut de Recerca Germans Trias i Pujol,blk_01030,1,9
Institut de Recerca H. de la Santa Creu i Sant Pau - IIB Sant Pau,blk_00605,1,27
Institut de Recerca Hospital Sta. Creu i St. Pau,blk_00605,1,27
Institut de Recerca Hospital de Sant Pau,blk_00605,1,27
Institut de Recerca Hospital de la Sant Creu i Sant Pau,blk_00605,1,27
Institut de Recerca de lHospital de la Santa Creu i Sant Paui,blk_00605,1,27
Institut de Recerca de lHospital de la santa Creu i Sant Pau,blk_00605,1,27
Institut de Recerca del Hopsital de la Santa Creu i Sant Pau,blk_00605,1,27
Institut de Recerca e la SIDA - IrsiCaixa-,blk_02124,1,2
Institut de Recherche Internationales Servier,blk_00027,1,25
Institut de Recherche Pierre Fabre - Centre de RD Pierre Fabre,blk_00056,1,33
Institut de Recherches Internationales SERVIER I.R.I.S.,blk_00027,1,25
Institut de Recherches Internationales Servier / Institute for International Health / Institute for International Health,blk_00027,1,25
Institut de Recherches Internationales Servier / Laboratorios Servier S.L. For Spain only / SERVIER Research and Development ICTR For United Kingdom only,blk_00027,1,25
Institut de Recherches Internationales Servier / Servier Research and Development Ltd. S.R.D.L for UK only,blk_00027,1,25
Institut de Recherches Internationales Servier I.R.I.S / Laboratorios Servier S.L.,blk_00027,1,25
Institut de Recherches internationales Servier,blk_00027,1,25
Institut de Terapia Regenerativa Tissular ITRT,blk_01413,1,2
Institut de cancrologie Gustave Roussy,blk_00054,1,5
Institut des Maladies Gntiques - Imagine,blk_02125,1,2
Institut des maladies gntiques - Imagine,blk_02125,1,2
Institut fr Atemwegsforschung GmbH,blk_02126,1,2
Institut fr Klinisch-Onkologische Forschung Krankenhaus Nordwest GmbH,blk_00534,1,4
Institut fr Klinische Krebsforschung  IKF GmbH at Krankenhaus Nordwest,blk_00142,1,19
Institut fr Klinische Krebsforschung IKF GmbH am Krankenhaus Nordwest,blk_00142,1,19
Institut fr Rntgendiagnostik der Technischen Universitt Mnchen,blk_00327,1,40
Institut fr Spezifische Prophylaxe,blk_02127,1,2
Institut fr anwendungsorientierte Forschung und klinische Studien gGmbH der UMG Gttingen,blk_00075,1,6
Institut fr klinische Forschung und Entwicklung Berlin GmbH am St. Hedwig Krankenhaus,blk_00563,1,11
Institut jules Bordet,blk_00105,1,8
Institut klinick a experimentln medicny IKEM,blk_00848,1,3
Institut rgional du Cancer - Montpellier - Val dAurelle,blk_00197,1,19
Institut rgional du Cancer de Montpellier,blk_00197,1,19
Institute For Clinical And Experimental Medicine / University Hospital Kralovske Vinohrady,blk_00700,1,11
Institute Jules Bordet,blk_00105,1,8
Institute Of Molecular Medicine And Biomedical Research,blk_00767,1,9
Institute Of Tropical Medicine / Institute Of Tropical Medicine,blk_00470,1,9
"Institute for Diagnostic Radiology and Neuroradiology, Ernst-Moritz-Arndt University Greifswald",blk_02128,1,4
Institute for Pharmacology and Toxicology,blk_00812,1,31
"Institute for Public Health and Caring Sciences, Uppsala University",blk_00210,1,34
"Institute for Social Medicine, Epidemiology, and Health Economics, Charit Berlin",blk_01853,1,5
Institute for clinical and experimental Medicine,blk_00700,1,11
Institute od Rheumatology Prague,blk_01193,1,11
"Institute of Anaesthesiology, German Heart Centre",blk_01023,1,8
Institute of Cancer Research / The Royal Marsden Hospital NHS Foundation Trust,blk_00191,1,27
Institute of Cancer Research / The Royal Marsden NHS Foundation Trust,blk_00191,1,27
Institute of Cancer research and molecular medicine.,blk_00783,1,5
"Institute of Clinical Medicine, Family Medicine, University of Turku",blk_00086,1,13
Institute of Health and Biomedical Research of Alicante,blk_00836,1,7
Institute of Hematology and Blood Transfusion,blk_00421,1,24
Institute of Medicinal Molecular Design Inc,blk_02129,1,2
"Institute of Medicinal Molecular Design, Inc.",blk_02129,1,2
Institute of Molecular Medicine and Biomedical Research- I.M.B.E.,blk_00767,1,9
"Institute of Neuroscience IoNS, Universit catholique de Louvain",blk_01153,1,3
Institute of Obstetrics and Gynaecology Trust,blk_01900,1,2
"Institute of Oncology, Vilnius University",blk_01167,1,4
Institute of Psychiatry,blk_01864,1,5
"Institute of Psychiatry, Kings College London  South London and Maudsley NHS Trust",blk_00019,1,40
Institute of hematology and blood transfusion,blk_00421,1,24
Institute of oncology,blk_00176,1,11
Institute of oncology Ljubljana,blk_01158,1,14
"Institute of pharmacology, Aarhus university",blk_00812,1,31
"Institution of Paediatric Anaesthesia and intensiv care, Astrid Lindgren Childrens Hospital, Karolin",blk_01898,1,4
Instituto Cientfico Tecnolgico de Navarra ICTN,blk_00276,1,9
Instituto Cientfico y Tecnolgico de Navarra S.A.,blk_00276,1,9
"Instituto Cientfico y Tecnolgico de Navarra, SA. ICT.",blk_00276,1,9
Instituto Clinico Humanitas,blk_00189,1,8
Instituto De Investigacion En Oncología Radioterapica FEOR,blk_02130,1,2
Instituto Gallego de Medicina Vascular IGAMEVAS S.L.,blk_01314,1,16
Instituto Investigacin Sanitario Biocruces Bizkaia,blk_01743,1,2
Instituto Oftalmolgico de Alicante VISSUM,blk_00836,1,7
Instituto Portugues De Oncologia Do Porto Francisco Gentil E.P.E.,blk_02131,1,5
Instituto Portugus de Oncologia de Lisboa Francisco Gentil,blk_02131,1,5
"Instituto Portugus de Oncologia de Lisboa Francisco Gentil, E.P.E.",blk_02131,1,5
"Instituto Portugus de Oncologia do Porto Francisco Gentil, EPE",blk_02131,1,5
Instituto Valenciano de Infertilidad IVI de Valencia,blk_00695,1,15
Instituto de Inmunologa y Alergia INMUNAL S.A..U.,blk_02098,1,4
Instituto de Inmunologa y Alergia INMUNAL SAU,blk_02098,1,4
Instituto de Investigacin Biomdica de Salamanca  IBSAL - IECSCYL,blk_01416,1,6
Instituto de Investigacin La Fe,blk_00529,1,10
Instituto de Investigacin en Ciencias de la Salud Germans Trias i Pujol IGTP,blk_00606,1,9
Instituto de Investigacion Sanitaria Fundacion para la Investigacion del Hospital Clinico de Valencia-INCLIVA,blk_00702,1,11
Instituto de Investigacion Sanitaria La e,blk_00294,1,27
Instituto de Medicina Molecular,blk_00783,1,5
Instituto de Oftalmobiologa Aplicada IOBA,blk_02100,1,3
Instituto de Salud Carlos III. ISCIII,blk_01809,1,12
Instituto de investigacin del sueo,blk_00850,1,2
Instituto de investigación en Oncología  radioterápica FEOR (Fundación Española de Oncología  RT),blk_02130,1,2
"Institutt for nevromedisin, NTNU",blk_00990,1,7
"Instytut ,,Pomnik-Centrum Zdrowia Dziecka",blk_00471,1,3
Intas Pharmaceuticals Ltd,blk_01044,1,3
Intas Pharmaceuticals Ltd.,blk_01044,1,3
"Integrated Therapeutics Group, Inc./Schering-Plough Oy",blk_00170,1,31
"Integrated Therapeutics Group, Incorporated - a subsidiary of Schering-Plough",blk_00170,1,31
Integrative Research Laboratories AB,blk_01045,1,4
Integrative Research Laboratories AB IRLAB,blk_01045,1,4
"Intensive Care Unit, The Adelaide and Meath Hospital Incorporating the National Childrens Hospital",blk_01703,1,4
InterMune Inc.,blk_01047,1,4
InterMune International AG.,blk_01047,1,4
"Intercell USA, Inc",blk_00277,1,3
"Intercell USA, Inc. Intercell",blk_00277,1,3
Intercept Pharmaceuticals Inc,blk_00531,1,5
Intercytex Limited,blk_00851,1,3
Intercytex Ltd,blk_00851,1,3
Interessenverband zur Qualittsicherung der Arbeit niedergelassener Uro-Onkologen in Deutschland IQUO e.V.,blk_01780,1,2
Intergroupe Francophone du Myelome IFM,blk_00298,1,6
"Internal Medicine IV, Mecdical University of Vienna",blk_00041,1,40
International AIDS Vaccine Initiative Inc.,blk_00875,1,6
International Breast Cancer Study Group,blk_00309,1,14
International Committee for Contraception Research of the Population Council,blk_00432,1,15
International Extranodal Lymphoma Study Group - IELSG,blk_00437,1,22
International Vaccine Institute,blk_00875,1,6
Interuniversity Cardiology Institute of the Netherlands ICIN,blk_02094,1,2
Intituto Aragons de Ciencias de la Salud,blk_00606,1,9
"Intra-Cellular Therapies, Inc",blk_00532,1,4
Intrabio Limited / IntraBio Inc,blk_01048,1,3
Inventiva SA,blk_01049,1,3
Investigation Institute Bioaraba,blk_01607,1,2
Ionis Pharmaceuticals,blk_00163,1,4
"Ionis Pharmaceuticals, Inc",blk_00163,1,4
"Ioulia and Irene Tseti Pharmaceutical Laboratories S.A., d.t. Intermed S.A.",blk_02101,1,2
"Iovance Biotherapeutics, Inc.",blk_00703,1,2
Iperboreal Pharma S.r.l. / Iperboreal Pharma S.r.l.,blk_00840,1,3
"Ipsen Biopharmaceuticals, Inc",blk_00136,1,37
Ipsen Bioscience Inc,blk_00136,1,37
"Ipsen Bioscience, Inc",blk_00136,1,37
Ipsen Farmaceutica b.v.,blk_00136,1,37
Ipsen Group,blk_00136,1,37
"Ipsen Group, SCRAS Institut Henri Beaufour",blk_00136,1,37
Ipsen Innovation SAS,blk_00136,1,37
Ipsen Pharma GmBH,blk_00136,1,37
Ipsen Pharma S.A.S,blk_00136,1,37
Ipsen Pharma S.A.S.,blk_00136,1,37
"Ipsen Pharma, S.A.",blk_00136,1,37
Iron Therapeutics UK Ltd.,blk_01421,1,2
IrsiCaixa AIDS Research Institute,blk_02124,1,2
Isabel Maria Ruiz,blk_01951,1,2
Isala Klinieken Department Cardiology,blk_00704,1,13
Isala Klinieken Stichting,blk_00704,1,13
Isala Klinieken Zwolle,blk_00704,1,13
"Isala Klinieken, location Sophia",blk_00704,1,13
Isala klinieken,blk_00704,1,13
Isala klinieken Zwolle,blk_00704,1,13
Isala klinieken department Cardiology,blk_00704,1,13
Ismail Ggenur / Ismail Ggenur,blk_01422,1,2
Isofol Medical AB (publ),blk_00852,1,3
Istituto Auxologico Italiano,blk_00425,1,4
"Istituto Auxologico Italiano, IRCCS",blk_00425,1,4
Istituto Biochimico Italiano Giovanni Lorenzini S.p.A.,blk_00425,1,4
Istituto Clinico Humanitas - Humanitas Cancer Center,blk_00189,1,8
Istituto Europeo Di Oncologia S.r.l. / Istituto Europeo Di Oncologia S.r.l.,blk_00044,1,9
Istituto Europeo Oncologia,blk_00044,1,9
Istituto Europeo di Oncologia,blk_00044,1,9
Istituto Nazionale Tumori G. Pascale,blk_00073,1,32
Istituto Nazionale Tumori di Napoli - Fondazione G. Pascale,blk_00073,1,32
Istituto Nazionale per le Malattie Infettive Lazzaro Spallanzani,blk_00073,1,32
Istituto Oncologico Veneto  IOVIRCCS,blk_00468,1,4
Istituto Oncologico del Veneto IRCCS  UOC Oncologia Medica 2,blk_00044,1,9
Istituto di Farmacologia Traslazionale - CNR,blk_00460,1,6
Istituto di Ricerche Farmacologiche Mario Negri IRCCS,blk_00222,1,18
Istituto di ricerche farmacologiche Mario Negri,blk_00222,1,18
Ivi Alicante S.L.,blk_00695,1,15
Ivi Madrid S.L. / Ivi Madrid S.L.,blk_00695,1,15
J. URIACH  COMPAIA,blk_01424,1,2
J. Uriach  Compaa SA,blk_00705,1,4
"J. Uriach y Compaa, S.A",blk_00705,1,4
"J. W. Goethe University, represented by dean of the medical faculty",blk_00625,1,31
"J.Uriach y Compania S.A.,",blk_02132,1,2
J.W. Goethe University Hospital,blk_00218,1,30
J.W. Goethe-University,blk_00218,1,30
JELFA SA,blk_02133,1,2
JEROEN BOSCH HOSPITAL,blk_02134,1,3
JESSA Hospital,blk_00853,1,4
"JJ PRD, a division of Janssen-Cilag NV",blk_00013,1,40
JORGE ORDUA VALLS,blk_02135,1,2
JOS ANTONIO SERRANO TRENAS,blk_01429,1,3
JOSE LUIS MONTERO ALVAREZ,blk_01948,1,3
JOSEP ORDI-ROS,blk_01939,1,2
JSC Grindeks,blk_01425,1,2
Jacobio Pharmaceuticals Co. Ltd.,blk_02136,1,2
"Jacobio Pharmaceuticals Co., Ltd.",blk_02136,1,2
James Cook University Hospital,blk_01294,1,4
"James Martin Shannon, MB Bch NUI",blk_01453,1,2
Jan van Breemen Research Institute Reade and VU University Medical Centre,blk_00053,1,33
Jansen-Cilag International N.V.,blk_02137,1,5
Jansen-Cilag International NV,blk_02137,1,5
Janssen - Cilag International / Janssen - Cilag International,blk_00013,1,40
Janssen - Cilag International / Janssen Biologics B.V.,blk_00013,1,40
Janssen Biologics BV,blk_00255,1,33
Janssen Cilag,blk_00013,1,40
"Janssen Cilag International N.V.,",blk_00013,1,40
"Janssen Cilag International, N.V. Sponsor in European Union",blk_00013,1,40
Janssen Cilag Ltd,blk_00013,1,40
Janssen Cilag international NV,blk_00013,1,40
Janssen Cliag Ltd. C/O Johnson  Johnson PRD,blk_00854,1,10
Janssen L.P.,blk_00013,1,40
Janssen Pharmaceutica NV,blk_00013,1,40
"Janssen Research  Development, L.L.C.",blk_00013,1,40
"Janssen Research  Development, LLC / Yuhan Corporation",blk_01657,1,2
Janssen Vaccines  Prevention BV,blk_00325,1,7
Janssen infectious diseases BVBA,blk_01050,1,22
Janssen-Cilag AB,blk_00013,1,40
Janssen-Cilag EMEA,blk_00013,1,40
Janssen-Cilag GmbH,blk_00013,1,40
Janssen-Cilag International BV,blk_00013,1,40
"Janssen-Cilag International N.V, Turnhoutseweg 30, 2340 Beerse, Belgium",blk_00013,1,40
"Janssen-Cilag International N.V., Turnhoutseweg 30, 2340 Beerse, Belgium",blk_00013,1,40
Janssen-Cilag International NV JCI,blk_00013,1,40
"Janssen-Cilag International NV,",blk_00013,1,40
Janssen-Cilag Limited,blk_00013,1,40
Janssen-Cilag Medical Affaires EMEA,blk_00013,1,40
Janssen-Cilag N.V./S.A.,blk_00013,1,40
Janssen-Cilag NV/SA,blk_02137,1,5
Janssen-Cilag S.A.,blk_02137,1,5
"Janssen-Cilag, Johnson  Johnson spol. s.r.o.",blk_00854,1,10
"Janssen-Cilag, div.Johnson and Johnson s.r.o.",blk_00854,1,10
Javier P. Gisbert,blk_01949,1,2
Jazz Pharmaceuticals PLC,blk_00428,1,7
Jazz Pharmaceuticals Research UK Limited / Jazz Pharmaceuticals Research UK Limited / Jazz Pharmaceuticals Research UK Limited,blk_00428,1,7
Jelfa SA,blk_02133,1,2
"Jens Benn Sorensen, Dept. oncology, Finsen Centre/National University Hospital",blk_02138,1,2
Jens Rolighed Larsen,blk_02139,1,2
Jerini US Inc,blk_01426,1,2
Jeroen Bosch - Groot Ziekengasthuis,blk_02134,1,3
Jeroen Bosch Hospital,blk_02134,1,3
Jess Rodrguez Requena / Jos Luis Prez Albiac,blk_01950,1,6
Jess Villar Hernndez,blk_01950,1,6
Jessa Ziekenhuis,blk_00853,1,4
Jessa ziekenhuis vzw,blk_00853,1,4
"Jiangsu Hengrui Medicine Co., Ltd.",blk_01051,1,3
"Jiangsu Hengrui Pharmaceuticals Co., Ltd.",blk_01051,1,3
Jjp Biologics Sp. z o.o.,blk_00255,1,33
Joan Xavier Fontdevila Font,blk_00379,1,20
Joaquim Bellmunt Molins,blk_01884,1,2
"Johan Wolfgang Goethe Universitt - Department of Internal medicine I, Division Endocrinology",blk_00655,1,6
Johann Wolfgang Goethe-Universitt Frankfurt,blk_00218,1,30
Johann Wolfgang Goethe-Universitt Frankfurt/M.,blk_00218,1,30
Johann Wolfgang Goethe-University,blk_01427,1,3
Johann Wolfgang Goethe-University Frankfurt am Main,blk_00218,1,30
Johann-Wolfgang Goethe-Universitt,blk_01427,1,3
Johannes Gutenberg-Universitt,blk_00635,1,25
"Johannes Gutenberg-Universitt Mainz, II. Med. Klinik ausfhrende Stelle, Prof. Dr. T. Mnzel",blk_00635,1,25
"Johannes Gutenberg-Universitt Mainz, II. Med. Klinik ausfhrende Stelle, Prof. Dr. med. T. Mnzel",blk_00635,1,25
"Johannes Gutenberg-Universitt Mainz, Urologische Klinik ausfhrende Stelle, Prof. Dr. med. Throf",blk_00635,1,25
Johannes Kepler University Linz,blk_02140,1,3
"Johannes-Gutenberg-Universitt Mainz, I. Medizinische Klinik und Poliklinik",blk_00635,1,25
"Johns Hopkins University, Department of Neurology",blk_01052,1,6
"Johnson  Johnson Consumer  Personal Products Worldwide, Division of Johnson  Johnson Consumer Companies, Inc",blk_00188,1,24
Johnson  Johnson Consumer Inc,blk_00188,1,24
Johnson  Johnson Consumer and Personal Products Worldwide,blk_00188,1,24
"Johnson  Johnson Pharamceutical Resarch  Development, L.L.C",blk_00854,1,10
"JohnsonJohnson Pharmaceutical ResearchDevelopment, L.L.C.",blk_00854,1,10
Joint Research  Development Office Barts and The London School of Medicine  Dentistry,blk_00245,1,12
Joint Research Compliance Office,blk_01428,1,6
"Joint Research Compliance Office, Imperial College",blk_00144,1,18
"Joint Research Compliance Office, Imperial College London and Imperial College Healthcare NHS Trust",blk_00019,1,40
"Joint Research Office, Barts and The London NHS Trust",blk_00245,1,12
Joint Research Office- UCL,blk_00904,1,19
Joint Sponsor: University of Glasgow with NHS greater Glasgow and Clyde / Joint Sponsor: University of Glasgow with NHS Greater Glasgow and Clyde,blk_00301,1,40
Joint Sponsorship: University College London UCL  University College London Hospitals UCLH,blk_00019,1,40
Joint Stock Company Grindeks,blk_01677,1,3
Joint UCLH  UCL Biomedical Research Unit,blk_00904,1,19
Joint UCLH/UCL/Royal Free Biomedical Research Unit,blk_00904,1,19
Jordi Carratal,blk_01316,1,11
Jorge Orduna Valls,blk_02135,1,2
"Jos Luis Morales Rull, Institut de Recerca Biomdica Lleida IRB Hospital Arnau de Vilanova Servicio de Medicina Interna",blk_00084,1,32
Jos Luis Morales Rull. Institut de Recerca Biomdica de Lleida IRBLleida,blk_00084,1,32
Jos Luis Vzquez Martnez,blk_01950,1,6
Jos Manuel Porcel Prez Hospital Arnau de Vilanova de Lleida Servicio Medicina Interna,blk_01314,1,16
Jose Luis Calleja Panero,blk_01937,1,2
Jose Luis Ponce Daz-Reixa,blk_01948,1,3
Jrgen B. Dahl,blk_00622,1,4
"Julius Center for Health Sciences and Primary Care, UMC Utrecht",blk_00038,1,30
"Julius Center for Health Sciences and Primary Care, University Medical Center Utrecht",blk_00038,1,30
Julius Maximilians Universitt Wrzburg,blk_00907,1,4
Julius-Maximilian University of Wrzburg,blk_00907,1,4
Justus Liebig Universitt Giessen,blk_01431,1,9
Justus-Liebig University,blk_01431,1,9
Justus-Liebig-University,blk_01431,1,9
Justus-Liebig-University Giessen,blk_01431,1,9
"K-Group Alpha, Inc",blk_01714,1,3
K-Group Beta,blk_00855,1,4
KAI Pharmaceuticals Incorporated,blk_02141,1,2
"KAI Pharmaceuticals, Inc",blk_02141,1,2
KAROLINSKA INSTITUTET,blk_00026,1,40
"KBP BioSciences Co., Ltd.",blk_02142,1,2
KBP BioSciences PTE. Ltd.,blk_02142,1,2
"KH Hietzing, Department of Ophthalmology",blk_01914,1,2
"KH der Elisabethinen Linz GmbH, I. Interne Abteilung",blk_01910,1,5
KRANKENHAUS SALEM DER EVANG. STADTMISSION HEIDELBERG GGMBH,blk_00338,1,40
"KRKA R, s. r. o.",blk_00860,1,9
"KRKA R, s.r.o.",blk_00860,1,9
"KRKA, d. d., Novo mesto",blk_00860,1,9
KRKA-FARMA d.o.o.,blk_00226,1,40
KRKA-POLSKA Sp. z o.o.,blk_01706,1,4
KU LEUVEN,blk_00205,1,24
KU Leuven - Centre for Pharmacotherapy,blk_00205,1,24
KU Leuven - TARGID,blk_00205,1,24
KU Leuven - UZ Leuven,blk_00022,1,39
KU Leuven Departement Ontwikkeling en Regeneratie,blk_00205,1,24
KU Leuven Drug Delivery and Disposition,blk_00205,1,24
KU Leuven LRD,blk_00205,1,24
KU Leuven-Drug Delivery and Disposition,blk_00205,1,24
KU Leuven/UZ Leuven,blk_00022,1,39
KULeuven - TARGID,blk_00205,1,24
KULeuven and University Hospitals Leuven,blk_00205,1,24
KURA ONCOLOGY Inc.,blk_00861,1,4
KUROS BIOSURGERY AG,blk_00707,1,2
KUleuven,blk_00205,1,24
"KYTHERA Biopharmaceuticals, Inc.",blk_00863,1,2
KalVista Pharmaceuticals Ltd,blk_01432,1,4
KalVista Pharmaceuticals Ltd.,blk_01432,1,4
Kalmar County Council,blk_00432,1,15
Kalvista Pharmaceuticals Ltd,blk_01432,1,4
Kamada Limited,blk_02143,1,2
Kamada Ltd.,blk_02143,1,2
Kantonsspital St. Gallen,blk_01433,1,5
Karl Andersen,blk_02144,1,6
Karl Emil Kristensen,blk_02144,1,6
Karl Landsteiner Institut fr klinische Neurologie und Neuropsycholigie,blk_02144,1,6
Karolinska Institute Danderyd Hospital,blk_00026,1,40
"Karolinska Institute, CLINTEC, div of orthopedics",blk_00026,1,40
"Karolinska Institute, Danderyds hospital",blk_00026,1,40
"Karolinska Institute, Sdersjukhuset AB",blk_00026,1,40
Karolinska Institute/Hospital,blk_00026,1,40
Karolinska Institutet / Karolinska Institutet,blk_00026,1,40
Karolinska Institutet Danderyds Sjukhus,blk_00026,1,40
Karolinska Institutet Sdersjukhuset,blk_00026,1,40
"Karolinska Institutet Stockholm, Sweden",blk_00026,1,40
Karolinska Institutet and University Hospital,blk_02145,1,13
Karolinska Institutet at Danderyd University Hospital,blk_01887,1,4
"Karolinska Institutet, Center for Molecular medicine, L8:03 L8:03",blk_02145,1,13
"Karolinska Institutet, Department of Clinical Sciences, Danderyd Hospital. Division of internal medi",blk_01887,1,4
"Karolinska Institutet, Department of Laboratory Medicine, Clinical Physiology C1:82,Karolinska Univ. Hosp., Huddinge",blk_02145,1,13
"Karolinska Institutet, Dept of Medicine, Clinical Pharmacology Unit",blk_00812,1,31
"Karolinska Institutet, Inst fr kliniska vetenskaper, Danderyds sjukhus",blk_01307,1,6
"Karolinska Institutet, Institution CLINTEC, enheten fr anestesi",blk_02145,1,13
"Karolinska Institutet, Institutionen fr klinisik neurovetenskap, sektion fr psykiatri",blk_02145,1,13
"Karolinska Institutet, Stockholm, Sweden / Karolinska Institutet / Karolinska Institutet",blk_02145,1,13
Karolinska Institutet/ Hospital,blk_02145,1,13
Karolinska Institutet/Sdersjukhuset,blk_02145,1,13
Karolinska Universitetssjukhuset Huddinge,blk_02146,1,4
Karolinska Universitetssjukhuset Solna,blk_02147,1,4
"Karolinska Universitetssjukhuset i Solna, Thoraxanestesi  intensivvrd",blk_02147,1,4
Karolinska University Hospital / Karolinska Institutet,blk_02145,1,13
Karolinska University Hospital / Karolinska University Hospital,blk_02145,1,13
Karolinska University Hospital / Medical University Of Silesia Katowice Poland,blk_01469,1,2
Karolinska University Hospital / Swedish Lung Cancer Group,blk_01338,1,4
"Karolinska University Hospital Huddinge, Department of Anaesthesiology and Intensive Care",blk_01901,1,7
"Karolinska University Hospital, Huddinge, Sweden",blk_02146,1,4
"Karolinska University Hospital, Stockholm CF center",blk_01871,1,2
"Karolinska University Hospital, Stockholms Lns Landsting",blk_01598,1,11
Karolinska University Hospital/Huddinge,blk_02146,1,4
Karolinska University hospital,blk_02145,1,13
Karolinska University hospital Huddinge,blk_02146,1,4
"Karuna Therapeutics, Inc.",blk_00856,1,2
"Karyopharm Therapeutic, Inc.",blk_00326,1,3
Kedrion S.P.A,blk_00429,1,5
Kedrion SpA,blk_00429,1,5
Keele University / University Hospital of North Staffordshire NHS Trust,blk_01053,1,5
Kennedy Krieger Inst. Johns Hopkins Medicine,blk_01052,1,6
Kepler Universittsklinikum Linz Neuromed Campus,blk_02140,1,3
"Kepler Universittsklinikum, Medcampus III, Klinik fr Interne 2",blk_02148,1,2
"Kepler University Hospital, Institute of Ophthalmology",blk_02140,1,3
Keros Therapeutics Inc. / Keros Therapeutics Inc.,blk_02149,1,2
"Keros Therapeutics, Inc.",blk_02149,1,2
KeyBioscience AG,blk_02150,1,2
KeyBioscience S.A.,blk_02150,1,2
KeyNeurotek Pharma GmbH,blk_02151,1,2
KeyNeurotek Pharmaceuticals AG,blk_02151,1,2
Kezar Life Sciences Inc.,blk_01434,1,2
Khondrion BV,blk_00859,1,2
Kinder- und Jugendkrankenhaus AUF DER BULT,blk_02152,1,3
Kinderkrankenhaus AUF DER BULT,blk_02152,1,3
King Christian 10th Hospital for Rheumatology,blk_01193,1,11
King's College London / King's College Hospital NHS Foundation Trust,blk_00019,1,40
Kings College Hospital / Kings College London,blk_00019,1,40
Kings College Hospital Foundtion NHS Trust,blk_00145,1,20
Kings College Hospital Trust RD,blk_00145,1,20
Kings College London  Kings College Hospital,blk_00019,1,40
Kings College London / Guys  St Thomas NHS Foundation Trust,blk_00145,1,20
Kings College London / Guys  St Thomas NHS Foundation trust,blk_00145,1,20
Kings College London / Guys  St Thomas NHS Trust,blk_00145,1,20
Kings College London / Guys  St ThomasNHS Foundation Trust,blk_00145,1,20
Kings College London / Guys and St Thomas Foundation NHS Trust,blk_00145,1,20
Kings College London / Guys and St ThomasNHS Foundation Trust,blk_00145,1,20
Kings College London / Guys and St. Thomas NHS Foundation Trust / Leiden University Medical Center,blk_00023,1,20
Kings College London / Kings  College Hospital NHS Foundation Trust,blk_00145,1,20
Kings College London / Kings College Hospital,blk_00145,1,20
Kings College London / Kings College Hospital NHS Fundation Trust,blk_00145,1,20
Kings College London / North Essex Partnership NHS Foundation Trust,blk_00145,1,20
Kings College London / South London  Maudsley NHS Foundation Trust,blk_00145,1,20
Kings College London IOP / South London and Maudsley NHS Trust Co-sponsorship,blk_00145,1,20
Kings College London Institute of Pyschiatry,blk_00145,1,20
Kings College London/South London and Maudsley NHS Foundation Trust,blk_00145,1,20
Kingss College London / South London and Maudsley NHS Foundation Trust,blk_02153,1,2
"Kingston General Hospital, Queens University of Kingston",blk_02154,1,2
"Kiniksa Pharmaceuticals, Ltd",blk_01435,1,3
"Kiniksa Pharmaceuticals, Ltd. Hamilton, Bermuda c/o Kiniksa Pharmaceuticals Corp.",blk_00465,1,6
"Kirby Institute, University of New South Wa",blk_02155,1,2
Kirsten Mller,blk_02156,1,2
Kirsten Rasmussen,blk_02156,1,2
"Kirurgisk Afdeling, Nordsjllands Hospital",blk_01499,1,6
"Kirurgisk afdeling, Nordsjllands Hospital",blk_01499,1,6
"Kkkliniken, Universitetssjukhuset i Linkping",blk_00472,1,13
Klaus Olkkola/University of Helsinki,blk_00119,1,34
Klaus Tapio Olkkola,blk_00706,1,2
Klin. Abtlg. fr Thorax-  Hyperbare Chirurgi,blk_02157,1,3
"Klinik f. Innere Med., Fachabteilung Hmatologie",blk_02158,1,7
"Klinik for Klinisk Fysiologi, Nuklearmedicin og PET, Rigshospitalet",blk_01913,1,40
"Klinik for hndkirurgi, Gentofte hospital",blk_00234,1,29
"Klinik fr Allgemein-, Viszeral- und Transplantationschirurgie, Medizinische Hochschule Hannover",blk_00169,1,11
Klinik fr Ansthesiologie Johannes Gutenberg Universitt,blk_00635,1,25
Klinik fr Ansthesiologie Universittsklinikum Aachen,blk_01054,1,7
"Klinik fr Ansthesiologie und operative Intensivmedizin, Charit  Universittsmedizin Berlin",blk_01054,1,7
"Klinik fr Chirurgie, Charit Campus Virchow-Klinikum",blk_01283,1,19
"Klinik fr Dermatologie und Allergologie der RUB, St. Josef Hospital",blk_01287,1,19
"Klinik fr Dermatologie und Venerologie, Universittsklinikum Hamburg-Eppendorf",blk_00095,1,13
"Klinik fr Dermatologie, Venerologie und Allergologie Charit - Universittsmedizin Berlin",blk_01853,1,5
Klinik fr Innere Medizin II der Klinikum Chemnitz gGmbH,blk_02159,1,4
"Klinik fr Kardiologie, Herz- und Diabeteszentrum NRW",blk_02085,1,2
"Klinik fr Neurologie, Inselspital, Universittsspital Bern",blk_02120,1,5
"Klinik fr Physikalische Medizin und Rehabilitation, Medizinische Universitt Wien",blk_00113,1,40
Klinik fr Psychiatrie und Psychotherapie der Ludwig Maximilian Universitt Mnchen,blk_00327,1,40
"Klinik fr Psychiatrie und Psychotherapie, Universittsklinikum Aachen",blk_01283,1,19
Klinik und Poliklinik fr Augenheilkunde der Universitt Regensburg,blk_00752,1,19
Klinik und Poliklinik fr Neurologie der Universitt Regensburg am Bezirksklinikum,blk_00563,1,11
"Klinik und Poliklinik fuer Strahlentherapie, Universitt Erlangen-Nrnberg",blk_00156,1,25
Kliniken Essen Mitte,blk_00308,1,14
Kliniken Essen-Mitte,blk_00308,1,14
"Kliniken fr Ansthesiologie und op. Intensivmedizin, Charit  Universittsmedizin Berlin, CVK/CCM",blk_01853,1,5
"Kliniken fr onkologi, Karolinska Universitetssjukhuset, Solna",blk_02147,1,4
Klinikum Bremen-Mitte gGmbH,blk_01881,1,3
Klinikum Der Landeshauptstadt Stuttgart gKAöR,blk_02160,1,2
"Klinikum Grohadern, University of Munich / Medical Director: Prof. Dr. med. Burkhard Gtze",blk_00602,1,29
Klinikum Grosshadern,blk_02161,1,2
"Klinikum Grosshadern Medical Center, University of Munich",blk_00602,1,29
Klinikum der J. W. Goethe-Universitt Frankfurt - Medizinische Klinik I,blk_00218,1,30
Klinikum der LMU,blk_01660,1,3
Klinikum der Ludwig-Maximilian-Universitt Mnchen,blk_00327,1,40
"Klinikum der Ludwig-Maximilians Universitt Mnchen, Klinikum Grohadern",blk_00327,1,40
"Klinikum der Ludwig-Maximilians-Univ. Mnch , Klinikum Grohadern vertreten durch die kaufmnnische Direktion",blk_02162,1,2
Klinikum der Ludwig-Maximilians-Universitt Mnchen - Klinikum Grohadern vertreten durch den kaufmnnischen Direktor,blk_00327,1,40
"Klinikum der Ludwig-Maximilians-Universitt Mnchen, Klinikum Grohadern",blk_00327,1,40
Klinikum der Ludwigs-Maximilians-Universitt Mnchen,blk_00327,1,40
Klinikum der Otto-von-Guericke Universitt Magdeburg,blk_01071,1,20
Klinikum der Universitt Mnchen - AR  vertreten durch den Vorstand des Bereiches umanmedizinH,blk_00327,1,40
Klinikum der Universitt Mnchen - AR verteten durch den Vorstand des Bereiches Humanmedizin,blk_00327,1,40
"Klinikum der Universitt Mnchen Innenstadt, I. Frauenklinik",blk_00327,1,40
"Klinikum der Universitt Mnchen, Anstalt des ffentlichen Rechts",blk_00327,1,40
"Klinikum der Universitt Mnchen, Anstalt des ffentlichen Rechts vertreten durch den Vorstand",blk_00327,1,40
"Klinikum der Universitt Mnchen, Campus Grohadern",blk_00327,1,40
"Klinikum der Universitt Mnchen, Kinderklinik und Poliklinik im Dr. von Haunerschen Kinderspital",blk_00327,1,40
"Klinikum der Universitt Mnchen, Kinderklinik und Poliklinik im Dr. von Haunersches Kinderspital",blk_00327,1,40
"Klinikum der Universitt Mnchen, Klinikum Grohadern",blk_00327,1,40
"Klinikum der Universitt Mnchen, Ludwig-Maximilians-Universitt Mnchen, represented by the managing medical director",blk_00327,1,40
"Klinikum der Universitt Mnchen, Medizinische Klinik und Poliklinik III",blk_00327,1,40
"Klinikum der Universitt Mnchen, Standort Grohadern",blk_00327,1,40
Klinikum der Universitt Regensburg,blk_00752,1,19
Klinikum rechts der Isar der Technischen Universitaet Muenchen,blk_00279,1,12
"Klinikum rechts der Isar, Technical University of Munich",blk_00602,1,29
"Klinikum rechts der Isar, Technische Universitt Mnchen",blk_00327,1,40
"Klinische Abteilung fr Gastroenterologie und Hepatologie, Medizinische Universittsklinik, MUG",blk_02163,1,9
"Klinische Abteilung fr Thorax -u. Hyperbare Chirurgie, Medizinische Universitt Graz",blk_00112,1,40
Klinisk Farmakologisk Afdeling,blk_02164,1,2
"Klinisk Farmakologisk Afdeling, Bispebjerg",blk_00122,1,28
"Klinisk Farmakologisk Center og Med. Afd. M, rhus Sygehus, NBG",blk_02164,1,2
"Klinisk Forskningsenhed, Medicinsk Afdeling, Hmatologisk Afsnit, Sygehus Lilleblt, Vejle Sygehus",blk_00192,1,10
Knappschaftskrankenhaus Bochum,blk_02165,1,2
Kobenhavns Universitet,blk_02166,1,2
Kobenhavns Universitet / Koebenhavns Universitet,blk_02166,1,2
"Kognitive Neurologie, Institut fr Medizin, Forschungszentrum Jlich",blk_02010,1,2
Kompetenznetz Vorhofflimmern e.V.,blk_02167,1,3
Kompetenznetz Vorhofflimmern e.V. AFNET,blk_02167,1,3
Kompetenznetz Vorhofflimmern e.V. AFNET Atrial Fibrillation NETwork,blk_02167,1,3
"Kooperativn lymfomov skupina, o.s.",blk_02168,1,2
"Kooperativn lymfomov skupina, z.s.",blk_02168,1,2
Koskela Heikki,blk_02080,1,2
Kowa Co. Ltd.,blk_00386,1,7
Kowa Research Europe,blk_00386,1,7
Kowa Research Europe Ltd,blk_00386,1,7
Krakowski Szpital Specjalistyczny Im. Sw. Jana Pawla II,blk_01055,1,5
Krakowski Szpital Specjalistyczny im. Jana Pawla II,blk_01055,1,5
Krankenhaus Nordwest,blk_00534,1,4
Krka R s.r.o.,blk_00860,1,9
"Krka, d.d. Novo mesto",blk_00860,1,9
Kronos Bio Inc.,blk_01436,1,2
"Kuopio University Hospital, Anesthesiology Clinic",blk_00430,1,8
"Kuopio University Hospital, Clinic of Internal Medicine/Center of Medicine",blk_00430,1,8
Kuopio University hospital,blk_00430,1,8
Kuopion Yliopistollinen Sairaala,blk_01394,1,6
Kuopion yliopistollinen sairaala/Ensihoitokeskus,blk_01394,1,6
Kuopion yliopistollinen sairaala/silmtautien poliklinikka,blk_01394,1,6
"Kura Oncology Inc.,",blk_00861,1,4
"Kura Oncology, Inc.",blk_00861,1,4
Kvinnokliniken i stergtland,blk_00393,1,9
"Kvinnokliniken, Universitetessjukhuset i Linkping, landstinget i stergtland",blk_00393,1,9
"Kvinnokliniken, Universitetssjukhuset i Linkping, Landstinget i stergtland",blk_00393,1,9
Kymab Limited,blk_02169,1,3
Kymab Ltd,blk_02169,1,3
"Kymab Ltd, a Sanofi Company",blk_02169,1,3
"Kyowa Kirin Co., Ltd.",blk_00862,1,6
Kyowa Kirin Pharmaceutical Development Ltd,blk_00862,1,6
L. Molteni  C dei F.lli Alitti Societ di Esercizio S.p.A.,blk_01457,1,2
LABCATAL,blk_02170,1,3
LABCATAL / LABCATAL,blk_02170,1,3
LABOLIFE Belgium sprl,blk_00865,1,10
LABORATOIRE AVENTIS,blk_00866,1,5
LABORATOIRE INNOTECH INTERNATIONAL,blk_02118,1,4
LABORATOIRE TOP PHARM,blk_01299,1,17
LABORATOIRES BOIRON,blk_00961,1,6
LABORATOIRES EXPANSCIENCE,blk_01440,1,3
LABORATOIRES GRIMBERG,blk_02171,1,2
LABORATOIRES MAYOLY SPINDLER,blk_02172,1,4
LABORATORIOS CASEN FLEET S.L.U,blk_01828,1,4
"LABORATORIOS CASEN-FLEET,S.L.",blk_01828,1,4
"LABORATORIOS FARMACEUTICOS ROVI, S.A.",blk_01441,1,3
"LABORATORIOS FARMACUTICOS ROVI, S.A.",blk_01441,1,3
LABORATORIOS FARMALIDER S.A.,blk_00376,1,4
"LABORATORIOS GRIFOLS, S.A.",blk_00427,1,14
"LABORATORIOS HIPRA, S.A.",blk_00833,1,4
"LABORATORIOS LETI, S.L. UNIPERSONAL",blk_00225,1,15
"LABORATORIOS LETI, S.L.Unipersonal",blk_00225,1,15
LABORATORIOS NORMON S.A.,blk_00146,1,2
LALLEMAND PHARMA INTERNATIONAL,blk_02173,1,3
LAVA Therapeutics B.V.,blk_01437,1,2
LEGA ITALIANA PER LA LOTTA CONTRO I TUMORI,blk_01175,1,3
LEO Pharma A/S also referred to as LEO Pharma,blk_00049,1,6
LEO Pharmaceuticals Products Ltd. A/S LEO Pharma A/S,blk_00049,1,6
LFB Biomdicaments,blk_00280,1,6
"LFB USA, Inc.",blk_00280,1,6
LFB-Biotechnologies,blk_00280,1,6
LG Chem Ltd.,blk_01787,1,4
LG Life Science Ltd. / BioPartners,blk_01787,1,4
LG Life Sciences Ltd. / BioPartners GmbH,blk_01787,1,4
LIEGE University Hospital,blk_00579,1,15
LIGHT SCIENCES ONCOLOGY,blk_00767,1,9
LILLY FRANCE,blk_00764,1,18
LILLY S.A.,blk_00009,1,38
LInstitut Mutualiste Montsouris,blk_02123,1,2
LKH Graz II,blk_00112,1,40
"LKH-Universittsklinikum Graz,Universitre Palliativmedizinische Einrichtung",blk_00112,1,40
"LMU Mnchen, Campus Grohadern",blk_00327,1,40
LOREAL,blk_01438,1,3
LOREAL SA,blk_01438,1,3
LUIS FERNNDEZ- LLEBREZ DEL REY,blk_01952,1,3
LUSOFARMACO / GUIDOTTI,blk_00709,1,2
LWL Universittsklinik fr Psychiatrie Bochum,blk_01439,1,3
La Fundacion Para La Gestion De La Investigacion Biomedica De Cadiz,blk_00294,1,27
"La Jolla Pharmaceutical Company, Inc.",blk_00864,1,5
LaboLife,blk_00865,1,10
Laboratoire Aventis,blk_00866,1,5
Laboratoire BOIRON,blk_00961,1,6
Laboratoire Erempharma,blk_01964,1,3
Laboratoire Expanscience,blk_01440,1,3
Laboratoire Innotech International,blk_02118,1,4
Laboratoire Innotech Internationnal,blk_02118,1,4
Laboratoire Kreussler Pharma,blk_00805,1,3
Laboratoire LABCATAL,blk_02170,1,3
Laboratoire de la Mer,blk_01839,1,4
Laboratoires 3M Sant,blk_01662,1,3
Laboratoires Auris SAS,blk_00507,1,4
Laboratoires Bouchara-Recordati,blk_00730,1,11
Laboratoires Fournier S.A. A Solvay Pharmaceuticals company,blk_00441,1,13
Laboratoires GENEVRIER,blk_02174,1,2
Laboratoires Genevrier,blk_02174,1,2
Laboratoires Grimberg,blk_02171,1,2
Laboratoires Grnenthal,blk_00085,1,4
Laboratoires IPRAD,blk_02175,1,2
Laboratoires IPRAD PHARMA,blk_02175,1,2
Laboratoires Leurquin Mediolanum S.A.S.,blk_02007,1,3
Laboratoires Mayoly Spindler,blk_02172,1,4
Laboratoires Mayoly Spindler SA,blk_02172,1,4
Laboratoires Menarini France,blk_00609,1,15
Laboratoires Merck Sharp  Dhome-Chibret,blk_02176,1,10
Laboratoires Merck Sharp  Dohme - Chibret,blk_00005,1,40
Laboratoires SMB S.A,blk_00349,1,4
Laboratoires THA,blk_00387,1,4
Laboratoires THA Research and Development Department,blk_00387,1,4
Laboratoires Tha S.A.S,blk_00387,1,4
Laboratoires WELEDA,blk_01169,1,3
Laboratories Len Farma S.A,blk_00226,1,40
Laboratories Len Farma S.A.,blk_00226,1,40
Laboratorio Farmaceutico C.T. S.r.l.,blk_02177,1,4
Laboratorio Farmaceutico S.I.T. - Specialita' Igienico Terapeutiche S.r.l.,blk_02177,1,4
Laboratorio Italiano Biochimico Farmaceutico Lisapharma S.p.A.,blk_02177,1,4
Laboratorio Reig Jofr S.A,blk_01056,1,3
"Laboratorio Reig Jofre, SA",blk_01056,1,3
Laboratorio de Aplicaciones Farmacodinmicas S.A.,blk_00995,1,7
Laboratorios Almirall SA,blk_00165,1,18
"Laboratorios Almirall, S.A",blk_00165,1,18
Laboratorios Casen-Fleet S.L.U.,blk_01828,1,4
Laboratorios Dr. Esteve S.A.,blk_01442,1,10
Laboratorios Dr. Esteve S.A. ESTEVE,blk_01442,1,10
"Laboratorios Dr. Esteve, S.A.",blk_01442,1,10
"Laboratorios Dr. Esteve, S.A. / Pharming Tecnologies B.V.",blk_00331,1,3
"Laboratorios Dr. Esteve, SA",blk_01442,1,10
Laboratorios Farmalider S.A.,blk_00376,1,4
Laboratorios Galderma S.A.,blk_00252,1,16
Laboratorios Gebro Pharma S.A.,blk_00685,1,3
Laboratorios LETI S.L.U,blk_00225,1,15
"Laboratorios LETI, S.L.U.",blk_00225,1,15
"Laboratorios Leti, S.L.unipersonal",blk_00225,1,15
Laboratorios Litaphar S.A.,blk_02178,1,4
"Laboratorios MENARINI, S. A.",blk_00609,1,15
Laboratorios Menarini S.A. Menarini Group,blk_00609,1,15
"Laboratorios Menarini, S.A",blk_00609,1,15
"Laboratorios Menarini, S.A.",blk_00609,1,15
Laboratorios Novag S.A.,blk_02179,1,2
"Laboratorios SOPHIA, S.A. de C.V.",blk_01333,1,15
Laboratorios Salvat S.A.,blk_00710,1,3
Laboratorios Servier S.L,blk_00027,1,25
Laboratorios Servier S.L. For Spain only,blk_02180,1,2
"Laboratorios Stiefel Espaa, S.A.",blk_01585,1,8
Laboratorios Thea S.A.,blk_00535,1,4
Laboratorios del Dr Esteve S.A,blk_01442,1,10
"Laboratorios del Dr. Esteve, S.A",blk_01442,1,10
"Laboratorios del Dr. Esteve, S.A.",blk_01442,1,10
Laboratorios del Dr. Esteve. S.A.,blk_01442,1,10
"Laguna Pharmaceuticals, Inc.",blk_02181,1,2
Lallemand Pharma Europe filial af Lallemand Pharma AG Schweiz,blk_02173,1,3
Lallemand Pharma International AG,blk_02173,1,3
"Landeshauptstadt Stuttgart, represented by the Executive Medical Director Klinikum Stuttgart",blk_02160,1,2
Landeskrankenhaus Fedkirch,blk_01057,1,3
Landspitali University hospital,blk_01444,1,5
Landspitali-University Hospital,blk_01444,1,5
Landstinget Dalarna,blk_01352,1,4
"Landstinget Vstmanland, Division Kirurgi, Operationskliniken",blk_01445,1,2
Lapland Central Hospital,blk_02182,1,2
Lapland Hospital District/ Lapland Central Hospital,blk_02182,1,2
Lars H. Rasmussen,blk_01800,1,2
Lead Chemical Company Ltd.,blk_01447,1,3
Leeds Dental Institute,blk_00048,1,17
Leeds Teaching Hospitals,blk_00048,1,17
Leeds Teaching Hospitals R and D department,blk_00048,1,17
Leeds Teaching Hospitals and University of Leeds,blk_00048,1,17
Leeds teaching Hospitals,blk_00048,1,17
"Lehrstuhl fr Klinisch-Experimentelle Medizin, Universitaet des Saarlandes",blk_00906,1,4
Leiden Universitair Medisch Centrum,blk_00023,1,20
Leiden University Medical Center LUMC,blk_00023,1,20
"Leiden University Medical Center, Department of Rheumatology",blk_00023,1,20
"Leiden University Medical Center, department of rheumatology",blk_00023,1,20
Leiden University medical Centre,blk_00023,1,20
Leiden Universtity Medical Center,blk_00023,1,20
Leiden univerisity medical centre,blk_00023,1,20
Leiden university medical centre,blk_00023,1,20
Leids Universitair Medisch Centrum LUMC,blk_00108,1,18
Lek-Am Sp. z o.o.,blk_00563,1,11
Lekrska fakulta Univerzity Komenskho v Bratislave,blk_02183,1,2
Lennart Svensson Linkping University Medical Faculty,blk_00472,1,13
Lexicon Pharmaceuticals Inc.,blk_00281,1,4
Lexicon Pharmaceuticals Incorporated,blk_00281,1,4
"Lexicon Pharmaceuticals, Inc",blk_00281,1,4
LiGalli B.V.,blk_02184,1,2
Lib Therapeutics LLC,blk_00708,1,2
Life Molecular Imaging GmbH,blk_02185,1,3
Life Molecular Imaging SA,blk_02185,1,3
Ligalli BV,blk_02184,1,2
Light Science Oncology Inc.,blk_00767,1,9
"Lil Valentin, Region Skne, Malm University Hospital, Dpt Obstetrics and Gynecology",blk_00354,1,15
Lilly SA,blk_00009,1,38
Lilly.S.A.,blk_00009,1,38
Limoges Hospital,blk_00346,1,7
Linkping University Hospital,blk_00472,1,13
"Linkping University, Department of clical and Experimental Medicine",blk_00472,1,13
Lipid Pharmaceuticals,blk_02186,1,2
Lipid Pharmaceuticals ehf / Lsi hf,blk_00047,1,36
Lipid Therapeutics GmbH,blk_02186,1,2
"Lipidklinikken, Aalborg Sygehus",blk_00164,1,27
Liquidia Technologies Inc.,blk_02187,1,2
"Liquidia Technologies, Inc.",blk_02187,1,2
Litaphar Laboratorios,blk_02178,1,4
Litaphar Laboratorios S.L.,blk_02178,1,4
Litaphar S.L.,blk_02178,1,4
Litevax B.V.,blk_01448,1,2
"Liver Unit, ICMD, Hospital Clinic Barcelona",blk_00825,1,5
Liverpool Heart  Chest Hospital,blk_00244,1,40
Liverpool Heart and Chest Hospital NHS Foundation Trust,blk_00244,1,40
Liverpool Heart and Chest Hospital NHS Trust,blk_00244,1,40
Liverpool Womens NHS Foundation Trust / Liverpoool Womens NHS Foundation Trust,blk_00244,1,40
Liverpool Womens NHS Foundation Trust Hospital,blk_00244,1,40
Liverpool Womens NHSFT / University of Liverpool,blk_00244,1,40
Lkask fakulta Univerzity Karlovy v Hradci Krlov,blk_02183,1,2
Lluita contra la SIDA Foundation,blk_00143,1,16
Lluita contra la Sida Foundation,blk_00143,1,16
London School of Hygiene and Tropical Medicine / World Health Organisation,blk_00470,1,9
Lothian Health - University Hospitals Division,blk_00150,1,27
Lothian Health Board / University of Edinburgh,blk_00150,1,27
Lothian NHS trust,blk_00150,1,27
Lucia Galan Hospital Clinico San Carlos,blk_00424,1,14
"Ludwig Boltzmann Cluster fr Rheumatologie, Balneologie und Rehabilitation",blk_01449,1,11
Ludwig Boltzmann Gesellschaft,blk_01449,1,11
"Ludwig Boltzmann Institute for Retinology and Biomicroscopic Laser Surgery, Rudolf Foundation Clinic",blk_01449,1,11
Ludwig Boltzmann Institute forRetinology and Biomicroscopic Laser Surgery,blk_01449,1,11
Ludwig Boltzmann institute for COPD and Respiratory Epidemiology,blk_01449,1,11
Ludwig Institute For Cancer Research,blk_01449,1,11
Ludwig Institute for Cancer Research Ltd.,blk_01449,1,11
"Ludwig Institute for Cancer Research, Ltd",blk_01449,1,11
"Ludwig-Maximilian-University of Munich, Department of Psychiatry",blk_00602,1,29
Ludwig-Maximilians Universitt Mnchen,blk_00327,1,40
Ludwig-Maximilians-Universitaet Muenchen,blk_00279,1,12
Luis Lpez Cortes - FISEVI,blk_00822,1,3
Lukaskrankenhaus GmbH,blk_02188,1,2
Lumos Pharma Inc.,blk_01450,1,3
Lumos Pharma LLC,blk_01450,1,3
Lund University / Region Skne,blk_00354,1,15
"Lund University, Malm University Hospital",blk_00536,1,14
Lundbeck SA,blk_00031,1,10
Lung Rx,blk_02189,1,2
Lung Rx Inc,blk_02189,1,2
"Lungemedicinsk Forskningsenhed, Bispebjerg Hospital",blk_00122,1,28
Lupin Atlantis Holdings S.A.,blk_01059,1,5
Lupin Limited Biotechnology Division,blk_01059,1,5
Lyra Therapeutics Inc.,blk_01452,1,2
Lysogene,blk_02190,1,2
Lysogene SA,blk_02190,1,2
M Carmen Farias lvarez. Hospital Universitario Marques de Valdecilla,blk_00849,1,2
M Victoria Gil Navarro,blk_01554,1,7
MAASTRO clinic,blk_01061,1,4
MAR ESPINO HERNANDEZ,blk_00206,1,34
MAYOLY-SPINDLER,blk_02172,1,4
MC Slotervaart,blk_01591,1,2
MCM Klosterfrau GmbH,blk_02191,1,4
MCM Klosterfrau GmbH  Co. KG,blk_02191,1,4
MCM Klosterfrau Vertriebs GmbH,blk_02191,1,4
MCM Klosterfrau Vertriebsgesellschaft mbH,blk_02191,1,4
MCM Vaccine B.V.,blk_00875,1,6
"MD, PhD Salome Kristensen",blk_01928,1,4
MDS Pharma Services,blk_02192,1,2
MEDA,blk_01062,1,8
MEDA AB,blk_01062,1,8
MEDA Pharma GmbH  Co. KG / MEDA Pharma GmbH  Co. KG / MEDA Pharma GmbH  Co. KG / MEDA Pharma GmbH  Co. KG,blk_01062,1,8
MEDDAY PHARMACEUTICALS SA,blk_01063,1,3
MEDICE Arzneimittel GmbH  Co. KG,blk_00869,1,10
MEDICE Arzneimittel Ptter GmbH  CO.KG,blk_00869,1,10
MEDICE Arzneimittel Ptter GmbH  Co.KG,blk_00869,1,10
MEDICE Arzneimittel Puetter GmbH & Co. KG,blk_00869,1,10
MEDIOLANUM FARMACEUTICI S.P.A.,blk_02007,1,3
MEDITOP Gygyszeripari Kft,blk_02193,1,5
MEDITOP Gygyszeripari Kft.,blk_02193,1,5
MEDITOP Gyogyszeripari Kft.,blk_02193,1,5
MENARINI RICERCHE S.P.A.,blk_00115,1,7
MENARINI RICERCHE S.p.A.,blk_00115,1,7
MERCK ROMANIA SRL,blk_01120,1,2
MERCK SERONO SA,blk_00300,1,40
MERCK SERONO s.a.s,blk_00300,1,40
MERCK SHARP  DOHME B.V.,blk_00005,1,40
MERCK SHARP  DOHME CORP.,blk_00005,1,40
"MERCK, S.L.",blk_00300,1,40
"MILLENNIUM PHARMACEUTICALS, INC.",blk_00147,1,10
MONASH UNIVERSITY,blk_01484,1,4
MONTREAL HEART INSTITUTE,blk_01485,1,4
MRC CTU at UCL,blk_00904,1,19
MRC Clinical Trials Unit at UCL,blk_00904,1,19
"MRI Research Unit, Radiology Department. Hospital del Mar.",blk_00206,1,34
"MS Centrum, Department of Neurology, Sshlgrenska University Hospital",blk_01486,1,3
MSD Italia s.r.l,blk_01065,1,12
MSD Italia s.r.l.,blk_01065,1,12
"MSP Singapore Co., LLC c/o Merck  Co., Inc.",blk_02194,1,2
MUCOS Pharma CZ s.r.o.,blk_02195,1,4
MUCOS Pharma GmbH  Co. KG,blk_02195,1,4
MUCOS Pharma GmbH Co. KG,blk_02195,1,4
MUMC AZm,blk_00473,1,3
MUNDIPHARMA,blk_00238,1,19
MUNDIPHARMA PHARMACEUTICALS SRL,blk_00238,1,19
"MUW, Department of Clinical Pharmacology",blk_00812,1,31
"MUW, Division of nephrology",blk_00989,1,15
"MUW, Innere Med III, Abt.fr Endokrinologie  Stoffwechsel",blk_01915,1,9
"MUW, Klinik f. Mund-, Kiefer, und Gesichtschirurgie",blk_01915,1,9
"MUW, Klinik fr Innere Med. I, Onkologie",blk_01915,1,9
"MUW, Klinik fr Innere Medizin I, Onkologie",blk_01915,1,9
"MUW, Klinik fr Mund-, Kiefer-und Gesichtschirurgie",blk_01915,1,9
"MUW, Univ.Klinik f. Innere Medizin II, Abteilung f. Angiologie",blk_01915,1,9
"MUW, Universittsklinik fr Innere Medizin I,  Abteilung fr Infektionskrankheiten und Tropenmedizin",blk_01915,1,9
"MUW, Universittsklinik fr Innere Medizin III, Abteilung fr Nephrologie und Dialyse",blk_01915,1,9
"MUW-Medical University of Vienna,Medizinische Universitt Wien",blk_00041,1,40
MaaT Pharma,blk_01458,1,3
Maarit Valkealahti / University hospital of Oulu,blk_00483,1,17
Maasstad Hospital,blk_01067,1,4
Maasstad Ziekenhuis Stichting,blk_01067,1,4
Maastricht UMC,blk_00042,1,36
Maastricht Universitair Medisch Centrum,blk_00029,1,40
Maastricht Universitary Medical Centre,blk_00098,1,18
Maastricht University - CAPHRI School for Public Health and Primary Care,blk_00098,1,18
Maastricht University Medical Centre +,blk_00098,1,18
Maastricht University Medical Centre+,blk_00098,1,18
Maastro clinic,blk_01061,1,4
Maat Pharma,blk_01458,1,3
Maatschap Cardiologie Isala klinieken,blk_00704,1,13
Maatschap cardiologie Isala klinieken Zwolle,blk_00704,1,13
Mabion SA,blk_01459,1,2
"Madrigal Pharmaceuticals, Inc.",blk_01460,1,2
Mage Biologics Inc.,blk_00255,1,33
Mainz University Hospital,blk_00635,1,25
Mallinckrodt ARD Inc.,blk_02196,1,2
Mallinckrodt Inc.,blk_02196,1,2
Malm University,blk_01912,1,4
Malm University Hospital,blk_01912,1,4
Malmoe Universitet,blk_02197,1,2
Malmoe University Hospital,blk_02197,1,2
Manchester Mental Health Social Care Trust,blk_00264,1,40
Mannkind Corporation,blk_00388,1,2
Manuel Praga Terente,blk_01978,1,2
Manuel Rodrguez Garca,blk_01953,1,2
Mara Carmen Bravo Laguna,blk_02181,1,2
Mara Isabel Lpez Glvez-Instituto Universitario de Oftalmobiologa Aplicada-Universidad Valladolid,blk_01359,1,7
Mara de los ngeles Tena Pajuelo Investigador independiente,blk_01418,1,3
Maria Victoria Ruiz Arzalluz,blk_01554,1,7
Marinomed  Biotech AG,blk_02198,1,2
Marinomed Biotech AG,blk_02198,1,2
Marinus Pharmaceuticals Inc.,blk_00712,1,5
Marinus Pharmaceuticals Inc. / Marinus Pharmaceuticals Inc.,blk_00712,1,5
"Marinus Pharmaceuticals, Inc",blk_00712,1,5
"Marinus Pharmceuticals, Inc.",blk_00712,1,5
Mario Negri Gynecologic Oncology Group,blk_00222,1,18
Mario Negri Institute,blk_00222,1,18
Mario Negri Institute For Pharmacological Research,blk_00222,1,18
Mario Negri Institute For Pharmacological Research IRCCS,blk_00222,1,18
Marta Maia Bosc Watts,blk_01462,1,2
Martha-Maria Krankenhaus Halle-Dlau gGmbH,blk_02199,1,2
Martin Luther Universitt Halle-Wittenberg,blk_00329,1,14
"Martin Luther Universitt Halle-Wittenberg, Klinikum der Medizinischen Fakultt",blk_00329,1,14
Martin Luther University of Halle/Wittenberg,blk_00329,1,14
Martin-Luther University Halle-Wittenberg,blk_00329,1,14
Martin-Luther-Universitt Halle Wittenberg,blk_00329,1,14
Martin-Luther-Universitt Halle- Wittenberg,blk_00329,1,14
"Martin-Luther-Universitt Halle-Wittenberg, Medizinische Fakultt, endvertreten durch den Dekan",blk_00329,1,14
Martin-Luther-University,blk_00329,1,14
Martina Hansens Hospital AS,blk_01463,1,2
Martini Hospital Groningen,blk_00021,1,22
Martini Ziekenhuis Groningen,blk_00021,1,22
"Maruho Co, Ltd.  Kyoto RD Center",blk_02200,1,5
"Maruho Co., Ltd",blk_02200,1,5
"Maruho Co., Ltd.",blk_02200,1,5
"Maruho Co.,Ltd.",blk_02200,1,5
Maruho Europe Limited,blk_02200,1,5
Masaryk Memorial Cancer Institute,blk_00713,1,2
Mater Misericordiae University Hospital,blk_01826,1,6
Mater Research Institute University of Queensland,blk_01758,1,4
Mater University Hospital,blk_00642,1,2
Maternite Regionale Universitaire de Nancy,blk_00195,1,17
Maternt Rgionale Universitaire de Nancy,blk_00195,1,17
Matti Ristikankare,blk_01725,1,2
Matti Vlimki,blk_01643,1,2
Max-Planck-Institute of Experimental Medicine,blk_00700,1,11
Maxima Medical center,blk_00240,1,3
"McNeil AB Johnson  Johnson Consumer and Personal Products Worldwide, JJ CPPW",blk_00188,1,24
McNeil Consumer and Specialty Pharmaceuticals,blk_00188,1,24
McNeil Ltd,blk_00475,1,5
Meander MC,blk_00714,1,3
Meander Medisch Centrum,blk_00108,1,18
"Mech-Sense, Department og Gastroenterology, Aalborg Sygehus",blk_00164,1,27
"Mech-Sense, Dept. Gastroenterology  Hepatology, Aalborg University Hospital",blk_00164,1,27
"Med Uni Graz, Abt. fr NEURO- u. GESICHTSCHIRURGISCHE ANSTHESIE u. INTENSIVMEDIZIN",blk_00112,1,40
"Med Uni Graz, Univ. Klinik Dermatologie,Abteilung fr Allgemeine Dermatologie",blk_00112,1,40
"Med Uni Graz, Univ. Klinik Innere Medizin,Abt. Rheumatologie und Immunologie",blk_00112,1,40
"Med Uni Graz, Univ. Klinik fr Ansthesiologie und Intensivmedizin",blk_00112,1,40
Med. Fakultaet der Friedrich-Alexander Universitaet Erlangen-Nuernberg,blk_00156,1,25
Med. Klinik / Kardiologie der Med. Fakultt Carl Gustav Carus an der Technischen Unversitt Dresden,blk_00181,1,18
"Med. Klinik II, Klinikum der Universitt Mnchen Grosshadern",blk_00327,1,40
"Med. Uni. Wien, Klinik f. Innere Med. I",blk_00113,1,40
"Med. Uni. Wien, Klinik fr Innere I",blk_00113,1,40
"Med. Uni. Wien, UK fr Neurologie",blk_00113,1,40
"Med. Uni. Wien, Universittsklinik fr Ansthesie, Allgemeine Intensivmedizin und Schmerztherapie",blk_00113,1,40
"Med. Univ. Wien, Innere Med. I",blk_00113,1,40
"Med. Univ. Wien, Innere Med. I, Abt. f. Palliativmedizin",blk_00113,1,40
"Med. Univ. Wien, Klinik Innere Medizin I, Intensivstation",blk_02201,1,35
"Med. Univ. Wien, Klinik f. Innere Mdizin I, Onkologie",blk_02201,1,35
"Med. Univ. Wien, Klinik fr Ansthesie, Allgemeine Intensivmedizin und Schmerztherapie",blk_02201,1,35
"Med. Univ. Wien, Klinik fr Dermatologie",blk_02201,1,35
"Med. Univ. Wien, UK fr Kinder und Jugendheilkunde",blk_01899,1,12
"Med. Univ. Wien, Uk fr Innere Medizin I",blk_02201,1,35
"Med. Univ. Wien, Univ. Klinik f. Kinder- u. Jugendheilkunde, Klin. Abt.f. Pdiatrische Kardiologie",blk_01899,1,12
"Med. Univ. Wien, Univ. Klinik fr Dermatologie",blk_02201,1,35
"Med. Univ. Wien, Univ. Klinik fr Innere Med. III",blk_02158,1,7
"Med. Univ. Wien, Univ. Klinik fr Innere Medizin III, Abt. Gastroenterologie und Hepatologie",blk_02163,1,9
"Med. Univ. Wien, Univ. Klinik fr Psychiatrie und Psychotherapie",blk_01283,1,19
"Med. Univ. Wien, Univ. Klinik fr Radiodiagnostik",blk_02201,1,35
"Med. Univ. Wien, Univ. Klinikum fr Interne Medizin III",blk_02201,1,35
"Med. Univ. Wien, Universittsklinik f. Innere Medizin III, Abt. f. Nephrologie und Dialyse",blk_02201,1,35
"Med. Univ. Wien, Universittsklinik fr Ansthesie, allgemeine Intensivmedizin und Schmerzmedizin",blk_02201,1,35
"Med. Univ. Wien, Universittsklinik fr Kinder- und Jugendheilkunde",blk_01899,1,12
"Med. Universitaetsklinik Graz, ao Univ. Professor Dr. med. Thomas C. Wascher",blk_00112,1,40
"Med. Universitt Wien, Universittsklinik fr Innere Medizin II",blk_02095,1,2
MedImmune LLC a wholly owned subsidiary of AstraZeneca PLC,blk_00002,1,40
"MedImmune LLC, a wholly owned subsidiary of AstraZeneca PLC",blk_00002,1,40
"MedImmune Vaccines, Inc.",blk_00236,1,10
"MedImmune, LLC,",blk_00236,1,10
"MedImmune, LLC, a wholly owned subsidiary of AstraZeneca",blk_00002,1,40
"MedImmune, LLC, a wholly-owned subsidiary of AstraZeneca PLC",blk_00236,1,10
"MedImmune, Ltd, a wholly owned subsidiary of AstraZeneca UK",blk_00236,1,10
MedUni Innsbruck Klinik fr Strahlentherapie,blk_00282,1,40
"MedUni Vienna, Dept of Anesthesia, Critical Care, Div. of Cardiothoracic and Vascular Anesthesia",blk_00041,1,40
Meda Pharma GmbH  Co. KG,blk_01062,1,8
Meda Pharma GmbH  Co. KG A Mylan company,blk_01062,1,8
Meda Pharmaceuticals,blk_01062,1,8
Medac Gesellschaft fuer klinische Spezialpraeparate mbH,blk_00142,1,19
"MediQuest Therapeutics, Inc.",blk_02202,1,2
MediWound Ltd,blk_01070,1,5
Medibiofarma S.L. / Medibiofarma S.L.,blk_01466,1,2
Medica Scientia Innovation Research S. L. MedSIR,blk_00175,1,11
Medica Scientia Innovation Research S.L MEDSIR,blk_00175,1,11
Medica Scientia Innovation Research S.L. / Medica Scientia Innovation Research S.L.,blk_00175,1,11
Medica Scientia Innovation Research S.L. / Medica Scientia Innovation Research S.L. / Stemline Therapeutics Inc.,blk_00175,1,11
Medica Scientia Innovation Research S.L. / Medical University Of Vienna,blk_00041,1,40
Medical Center - University of Freiburg / Medical Center - University of Freiburg,blk_00356,1,21
Medical Center Leeuwarden,blk_01468,1,2
"Medical Center- Universtty of Freiburg  Department of Child and Adolescent Psychiatry, Psychotherapy and Psychosomatics",blk_00356,1,21
Medical Centre Haaglanden MCH / Medical Centre Haaglanden MCH,blk_01467,1,3
Medical Department M Endocrinology  Diabetes,blk_00171,1,14
"Medical Department M, Aarhus Sygehus",blk_01690,1,6
Medical Faculty Magdeburg,blk_01071,1,20
"Medical Faculty, University of Bonn",blk_00440,1,14
Medical Institutions of the District Oberpfalz/Bayern MedBO GmbH,blk_00827,1,2
"Medical Oncology, VUmc",blk_02030,1,6
Medical Research Council / Kings College London,blk_00145,1,20
Medical Research Council Clinical Trial Unit,blk_00432,1,15
Medical Research Council Clinical Trials Unit,blk_00432,1,15
Medical Research Council Clinical Trials Unit at UCL,blk_00432,1,15
Medical Research Institute of New Zealand,blk_00173,1,17
"Medical Research Laboratory, Clinical institute of Medicine, Aarhus University Hospital",blk_00791,1,4
Medical School Hannover,blk_00169,1,11
Medical School Hannover / Medical School Hannover,blk_00169,1,11
"Medical School Hannover, Department of Psychiatry, Socialpsychiatry and Psychotherapy",blk_01918,1,7
"Medical School Hannover. Department of Psychiatry, Social Psychiatry and Psychotherapy",blk_01918,1,7
Medical School of Hannover,blk_00169,1,11
"Medical School, Dept. of Cardiology and Angiology",blk_02203,1,2
Medical Univerity Vienna,blk_00041,1,40
Medical Univerity of Vienna,blk_00041,1,40
Medical University Graz Department of Rheumatology and Immunology,blk_00112,1,40
"Medical University Graz, Department for Plastic Surgery",blk_00112,1,40
"Medical University Graz, Department of Internal Medicine, Div. Endocrinology and Metabolism",blk_00112,1,40
"Medical University Graz, Department of Ophtalmology",blk_00112,1,40
"Medical University Graz,Department of Internal Medicine, Division of Gastroenterology and Hepatology",blk_00112,1,40
Medical University Greifswald,blk_02128,1,4
Medical University Innsbruck - Department fr Kinder- und Jugendheilkunde Pdiatrie III,blk_00282,1,40
"Medical University Innsbruck, Department of Visceral, Transplant und Thoracic Surgery",blk_00282,1,40
"Medical University Innsbruck, Dpt. Internal Medicine, Div. Internal Medicine",blk_00282,1,40
"Medical University Innsbruck, Internal Medicine V",blk_00282,1,40
Medical University Medical Center Groningen,blk_00021,1,22
Medical University Vienna Division of Anesthesie and Pain Management,blk_01862,1,8
"Medical University Vienna, Department of Anesthesia, Intensive Care Medicine and Pain Management",blk_01862,1,8
"Medical University Vienna, Department of Medicine III",blk_01809,1,12
"Medical University Vienna, Dept. f. Transfusion Medicine",blk_02204,1,7
"Medical University Vienna, Dept. of Clinical Pharmacology",blk_00812,1,31
"Medical University Vienna, Dept. of Medicine I, Clinical Division of Oncology",blk_02204,1,7
"Medical University Vienna, Dept. of surgery",blk_01920,1,3
Medical University Vienna- Dept. of Pediatric Hemostaselology,blk_02204,1,7
Medical University of Graz - Division of Endocrinology and Metabolism,blk_00112,1,40
"Medical University of Graz, Department of Internal Medicine, Div. Endocrinology and Nuclear Medicine",blk_00112,1,40
"Medical University of Graz, Division of Cardiology",blk_00112,1,40
Medical University of Graz/Department of Internal Medicine/Division of Endocrinology and Diabetology,blk_00112,1,40
"Medical University of Innsbruck, University Clinic for Pediatrics III",blk_00282,1,40
Medical University of Vienna - Department of Neurology,blk_01287,1,19
Medical University of Vienna / Diakonhjemmet Sykehus AS / Academisch Ziekenhuis Leiden / Karolinska University Hospital,blk_00023,1,20
Medical University of Vienna / Medizinische Universitt Wien,blk_02204,1,7
Medical University of Vienna Clinical Pharmacology,blk_00812,1,31
"Medical University of Vienna, Dep. of Internal Medicine I, division of Hematology  Hemostaseology",blk_02205,1,3
"Medical University of Vienna, Department of Anaesthesia, General Critical Care and Pain Management",blk_01862,1,8
"Medical University of Vienna, Department of Anaesthesia, General Intensive Care and Pain Management",blk_01862,1,8
"Medical University of Vienna, Department of Anesthesia, Intensive Care Medicine and Pain Medicine",blk_01862,1,8
"Medical University of Vienna, Department of Anesthesiology",blk_00988,1,12
"Medical University of Vienna, Department of Internal Med. I, Division of Infectious Diseases",blk_01050,1,22
"Medical University of Vienna, Department of Internal Medicine II",blk_01923,1,3
"Medical University of Vienna, Department of Internal Medicine IV",blk_02205,1,3
"Medical University of Vienna, Department of Medicine III, Division of Nephrology und Dialysis",blk_00989,1,15
"Medical University of Vienna, Department of Obstetrics and Gynecology",blk_01924,1,2
"Medical University of Vienna, Department of Pediatrics",blk_01896,1,6
"Medical University of Vienna, Department of Psychiatry and Psychotherapy",blk_01918,1,7
"Medical University of Vienna, Department of Surgery",blk_00953,1,3
"Medical University of Vienna, Dept. of Clinical Pharmacology",blk_00812,1,31
"Medical University of Vienna, Internal Medicine III, Clinical Div. of Nephrology and Dialysis",blk_00989,1,15
"Medical University of Vienna, University Department of Psychiatry and Psychotherapy",blk_01918,1,7
"Medical University, Dpt. Internal Medicin, Division of General Internal Medicine",blk_01470,1,7
Medical Unviersity of Warsaw,blk_00330,1,3
"Medical and Health Science Center, University of Debrecen Dept. of Otolaryngology",blk_00754,1,6
"Medical clinic, University Hospital of North Norway",blk_01156,1,7
"Medical department, Haukeland University Hospital",blk_00601,1,10
"Medical university Graz, Department of Plastic Surgery",blk_00112,1,40
Medice Arnzneimittel Ptter GmbH  Co. KG,blk_00869,1,10
Medice Arzneimittel Ptter GmbH   Co. KG,blk_00869,1,10
Medice Arzneimittel Ptter GmbH  Co KG,blk_00869,1,10
Medice Arzneimittel Puetter GmbH & Co. KG,blk_00869,1,10
Medicines Development for Global Health Limited,blk_00117,1,6
Medicines for Malaria Venture,blk_01516,1,2
"Medicinsk Afd. M, rhus Sygehus, Nrrebrogade",blk_02206,1,2
"Medicinsk Forskning, Regionshospitalet Holstebro",blk_01004,1,8
"Medicinsk Forskningsafsnit, Holstebro",blk_01004,1,8
Medicinsk afdeling,blk_01004,1,8
"Medicinsk gastroenterologisk afdeling, Aalborg Sygehus S",blk_00164,1,27
"Medicinsk gastroenterologisk afdeling, Aalborg sygehus S.",blk_00164,1,27
Mediquest Therapeutics Inc,blk_02202,1,2
Medisch Centrum Alkmaar,blk_00108,1,18
Medisch Centrum Leeuwaarden,blk_00108,1,18
Medisch Centrum Leeuwarden BV,blk_00108,1,18
Meditop Gygyszeripari Kft,blk_02193,1,5
Meditop Pharmaceuticals Co. Ltd.,blk_02193,1,5
Medivation Inc.,blk_00434,1,5
"Medivation, Inc., a wholly owned subsidiary of Pfizer",blk_00434,1,5
"Medivation, Inc., a wholly-owned subsidiary of Pfizer",blk_00434,1,5
Mediwound Ltd,blk_01070,1,5
Mediwound Ltd.,blk_01070,1,5
Medizin Universitt Wien,blk_02201,1,35
Medizinische Einrichtungen des Bezirks Oberpfalz KU AöR,blk_00205,1,24
"Medizinische Fakultt Mannheim, Ruprecht-Karls-Universitt Heidelberg",blk_00338,1,40
Medizinische Fakultt der Otto von Guericke Universitt Magdeburg,blk_01071,1,20
Medizinische Fakultt der Otto-von-Guericke Universitt Magdeburg Universittsklinikum Magdeburg A..R.,blk_01071,1,20
"Medizinische Fakultt der Technischen Universitt Mnchen, vertreten durch den Dekan",blk_01471,1,3
Medizinische Fakultt der Universitt Rostock,blk_02207,1,3
Medizinische Fakultt. Otto von Guericke Universitt,blk_01071,1,20
Medizinische Hochschule Hannover / Medizinische Hochschule Hannover,blk_00169,1,11
"Medizinische Hochschule Hannover, Klinik fr Pneumologie",blk_00169,1,11
"Medizinische Klinik B, Herzzentrum Ludwigshafen",blk_01054,1,7
"Medizinische Klinik I, St. Josef-Hospital, Ruhr-Universitt Bochum",blk_01287,1,19
"Medizinische Klinik III, Kardiologie",blk_02208,1,3
"Medizinische Klinik III, Kardiologie, Universitt Frankfurt",blk_00218,1,30
"Medizinische Universitaet Wien, AKH Wien, Innere Medizin III, klin.Abteilung fuer Nephrologie und Dialyse",blk_02201,1,35
"Medizinische Universitaet Wien, Univ.Klinik f.Innere Medizin III, Abteilung fuer Gastroenterologie und Hepatologie",blk_02163,1,9
"Medizinische Universitsklinik Graz, Abteilung fr Endokrinologie und Nuklearmedizin",blk_00112,1,40
Medizinische Universitt Graz - Abteilung fr Thorax- und Hyperbare Chirurgie,blk_00112,1,40
Medizinische Universitt Graz Universittsklinik frInnere Medizin Abteilung fr Endokrinologie und Stoffwechsel,blk_02209,1,13
"Medizinische Universitt Graz, Innere Medizin",blk_02209,1,13
"Medizinische Universitt Graz, Kl. Abt. f. Endokrinoloie u. Stoffwechsel  Kl. Abt. f. Gastroenterologie u. Hepatologie",blk_02163,1,9
"Medizinische Universitt Graz, Kl. Abteilung fr Endokrinologie und Stoffwechsel",blk_02209,1,13
"Medizinische Universitt Graz, Klin. Abteilung fr Gastroenterologie und Hepatologie",blk_02163,1,9
"Medizinische Universitt Graz, Klin. Abteilung fr Orale Chirurgie und Kieferorthopdie",blk_02210,1,3
"Medizinische Universitt Graz, Klinische Abteilung fr Endokrinologie und Nuklearmedizin",blk_02211,1,4
"Medizinische Universitt Graz, Klinische Abteilung fr Geburtshilfe, Univ. Klinik fr Frauenheilkunde und Geburtshilfe",blk_02211,1,4
"Medizinische Universitt Graz, Klinische Abteilung fr Thorax -u. Hyperbare Chirurgie",blk_02157,1,3
"Medizinische Universitt Graz, Klinische Abteilung fr allgemeine Pdiatrie",blk_02211,1,4
"Medizinische Universitt Graz, Univ. Frauenklinik, Abteilung fr Gynkologie",blk_02212,1,4
"Medizinische Universitt Graz, Univ. Klinik Dermatologie, Forschungseinheit fr Photodermatologie",blk_02212,1,4
"Medizinische Universitt Graz, Univ. Klinik fr Ansthesiologie und Intensivmedizin, Abt. Ansthesie und Intensivmedizin",blk_01396,1,9
"Medizinische Universitt Graz, Univ. Klinik fr Dermatologie",blk_02212,1,4
"Medizinische Universitt Graz, Univ.-Augenklinik",blk_02212,1,4
"Medizinische Universitt Graz, Univers. Augenklinik",blk_02213,1,2
"Medizinische Universitt Graz, Universitts-Augenklinik",blk_02213,1,2
"Medizinische Universitt Graz, Universittsklinik fr Dermatologie",blk_02214,1,6
"Medizinische Universitt Graz, Universittsklinik fr Dermatologie und Venerologie",blk_02214,1,6
"Medizinische Universitt Graz, Universittsklinik fr Innere Medizin",blk_02209,1,13
"Medizinische Universitt Graz, Universittsklinik fr Innere Medizin, Abteilung fr Endokrinologie",blk_02209,1,13
"Medizinische Universitt Graz, Universittsklinik fr Innere Medizin, Abteilung fr Endokrinologie / Medizinische Universitt Graz, Universittsklinik fr Innere Medizin, Abteilung fr Endokrinologie",blk_02209,1,13
"Medizinische Universitt Graz, Universittsklinik fr Innere Medizin, Abteilung fr Endokrinologie und Stoffwechsel",blk_02209,1,13
"Medizinische Universitt Graz, Universittsklinik fr Innere Medizin, Abteilung fr Gastroenterologie und Hepatologie",blk_02163,1,9
"Medizinische Universitt Graz, Universittsklinik fr Innere Medizin, Klin. Abt. f. Endokrinologie und Stoffwechsel",blk_02209,1,13
"Medizinische Universitt Graz, Universittsklinik fr Innere Medizin, Klin.Abt. fr Endokrinologie und Stoffwechsel",blk_02209,1,13
"Medizinische Universitt Graz, Universittsklinik fr Innere Medizin, Klinische Abteilung fr Lungenkrankheiten",blk_02215,1,3
"Medizinische Universitt Graz, Universittsklinik fr Innere Medizin, Klinische Abteilung fr Nephrologie",blk_02215,1,3
"Medizinische Universitt Graz, Universittsklinik fr Zahn-, Mund- und Kieferheilkunde",blk_02216,1,3
Medizinische Universitt Graz/Endokrinologie und Stoffwechsel,blk_02209,1,13
Medizinische Universitt Graz_Universittsklinik fr Innere Medizin_Diabetes und Stoffwechsel,blk_02209,1,13
Medizinische Universitt Innsbruck - Institut fr gerichtliche Medizin,blk_00282,1,40
Medizinische Universitt Innsbruck - Univ.-Klinik fr Ansthesie und Allgemeine Intensivmedizin,blk_00282,1,40
Medizinische Universitt Innsbruck - Universittsklinik fr Innere Medizin III,blk_00282,1,40
Medizinische Universitt Innsbruck - Universittsklinik fr Neurologie,blk_00282,1,40
Medizinische Universitt Innsbruck - Universittsklinik fr Radiodiagnostik Radiologie I,blk_00282,1,40
Medizinische Universitt Innsbruck / Allg. u. chirug. Intensivmedizin,blk_00282,1,40
Medizinische Universitt Innsbruck / UK fr Ansthesie und Intensivmedizin  UK fr Allgem. u. Chirurg. Intensivmedizin,blk_00282,1,40
Medizinische Universitt Innsbruck / Univ.-Klinik fr Allg. und Chirurg. Intensivmedizin,blk_00282,1,40
Medizinische Universitt Innsbruck / Univ.-Klinik fr Allgem. u. Chirurg. Intensivmedizin,blk_00282,1,40
Medizinische Universitt Innsbruck Innere Medizin V,blk_00282,1,40
"Medizinische Universitt Innsbruck, AGO Studienzentrale",blk_00282,1,40
"Medizinische Universitt Innsbruck, Abteilung fr Hygiene und Medizinische Mikrobiologie",blk_00282,1,40
"Medizinische Universitt Innsbruck, Abteilung fr Nuklearmedizin",blk_00282,1,40
"Medizinische Universitt Innsbruck, Innere Medizin I",blk_00282,1,40
"Medizinische Universitt Innsbruck, Innere Medizin VI",blk_00282,1,40
"Medizinische Universitt Innsbruck, Univ.-Klinik fr Neurologie",blk_00282,1,40
"Medizinische Universitt Innsbruck, Universittsklinik fr Ansthesie und Allgemeine Intensivmedizin",blk_00282,1,40
"Medizinische Universitt Innsbruck, vertreten durch Univ. Prof. Dr. Martin Krismer",blk_02162,1,2
Medizinische Universitt Wien - Universittsklinik fr Frauenheilkunde,blk_02217,1,2
Medizinische Universitt Wien - Universittsklinik fr klinische Pharmakologie,blk_01626,1,11
Medizinische Universitt Wien / Medizinische Universitt Wien / Medizinische Universitt Wien,blk_02201,1,35
"Medizinische Universitt Wien Univ. Klinik f. Innere Med. III, Abt. f. Gastroenterologie/Hepatologie",blk_02158,1,7
Medizinische Universitt Wien Univ.Klin.f. Chirurgie Klin. Abtlg. f. Transplantation,blk_02157,1,3
"Medizinische Universitt Wien Univ.Klin.f.Innere Med. III, Abt.f.Gastroenterologie u. Hepatologie",blk_02158,1,7
Medizinische Universitt Wien Univ.Klinik f.Innere Medizin I/Hmatologie,blk_02158,1,7
Medizinische Universitt Wien Universittsklinik fr Innere Medizin III,blk_02201,1,35
"Medizinische Universitt Wien, Abteilung fr Allgemeine Ansthesie und Intensivmedizin",blk_01396,1,9
"Medizinische Universitt Wien, Abteilung fr Ansthesie und Intensivmedizin",blk_01396,1,9
"Medizinische Universitt Wien, Abteilung fr Ansthesie und allgemeine Intensivmedizin",blk_01396,1,9
"Medizinische Universitt Wien, Abteilung fr Interne Medizin I",blk_02148,1,2
"Medizinische Universitt Wien, Abteilung fr Nephrologie und Dialyse",blk_02218,1,4
"Medizinische Universitt Wien, Institut fr Spezifische Prophylaxe und Tropenmedizin",blk_02127,1,2
"Medizinische Universitt Wien, KIMIII, Abteilung fr Endokrinologie und Stoffwechsel",blk_02209,1,13
"Medizinische Universitt Wien, Klin. Abt. fr Endokrinologie  Stoffwechsel, Universittsklinik fr Innere Medizin III",blk_02209,1,13
"Medizinische Universitt Wien, Klinik fr Innere Medizin I, Abt. Onkologie",blk_02201,1,35
"Medizinische Universitt Wien, Klinik fr Innere Medizin II, Abteilung fr Kardiologie",blk_02159,1,4
"Medizinische Universitt Wien, Klinik fr Innere Medizin III, Klin. Abteilung fr Nephrologie und Dialyse",blk_02201,1,35
"Medizinische Universitt Wien, Klinische Abteilung fr Nephrologie und Dialyse, Universittsklinik fr Innere Medizin 3",blk_02218,1,4
"Medizinische Universitt Wien, Uni. Klinik fr Neurologie",blk_02219,1,2
"Medizinische Universitt Wien, UniKlinik fr Klinische Pharmakologie",blk_01626,1,11
"Medizinische Universitt Wien, Univ. Kinderklinik",blk_02201,1,35
"Medizinische Universitt Wien, Univ. KlM III, Klinische Abt. f. Gastroenterologie/Hepatologie",blk_02163,1,9
"Medizinische Universitt Wien, Univ. Klinik f. Klinische Pharmakologie",blk_01626,1,11
"Medizinische Universitt Wien, Univ. Klinik fr Dermatologie",blk_02201,1,35
"Medizinische Universitt Wien, Univ. Klinik fr Innere Medizin III, Abteilung fr Gastroenterologie",blk_02201,1,35
"Medizinische Universitt Wien, Univ.-Klinik fr Innere Medizin I, Klinische Abteilung fr Infetionen und Tropenmedizin",blk_02215,1,3
"Medizinische Universitt Wien, Univ.-Klinik fr Notfallmedizin",blk_02201,1,35
"Medizinische Universitt Wien, Univ.-Klinik fr Spezielle Ansthesie und Schmerztherapie",blk_02220,1,6
"Medizinische Universitt Wien, Univ.Klinik KIM II, Abteilung fr Kardiologie",blk_02208,1,3
"Medizinische Universitt Wien, Univ.Klinik f.Dermatologie",blk_02201,1,35
"Medizinische Universitt Wien, Univ.Klinik f.Frauenheilkunde,Abt. f.Geburtshilfe und Feto-maternale Medizin",blk_02217,1,2
"Medizinische Universitt Wien, Univ.Klinik f.Innere Medizin I, Abt.f.Hmatologie u.Hmostaseologie",blk_02221,1,2
"Medizinische Universitt Wien, Univ.Klinik f.Innere Medizin II, Abt.f.Angiologie",blk_02159,1,4
"Medizinische Universitt Wien, Univ.Klinik f.Neurologie",blk_02201,1,35
"Medizinische Universitt Wien, Univ.Klinik f.Radiodiagnostik",blk_02201,1,35
"Medizinische Universitt Wien, Univ.Klinik f.klinische Pharmakologie",blk_01626,1,11
"Medizinische Universitt Wien, Univ.Klinik fr Chirurgie, Abt.fr Allgemeinchirurgie",blk_02221,1,2
"Medizinische Universitt Wien, Univ.Klinik fr Dermatologie, Abteilung fr Immundermatologie",blk_02214,1,6
"Medizinische Universitt Wien, Univ.Klinik fr Kinder-und Jugendheilkunde",blk_01899,1,12
"Medizinische Universitt Wien, Univ.Klinik fr Notfallmedizin",blk_02201,1,35
"Medizinische Universitt Wien, Univ.Klinik fr Zahn-,Mund-u.Kieferheilkunde,Klin.Abt.f.orale Chirurg",blk_02216,1,3
"Medizinische Universitt Wien, Univ.Klinik fuer Dermatologie",blk_02214,1,6
"Medizinische Universitt Wien, Univ.Klinik.f.Dermatologie",blk_02201,1,35
"Medizinische Universitt Wien, Univ.Klink f. Innere Medizin I",blk_02201,1,35
"Medizinische Universitt Wien, Universittsklinik Innere Medizin I",blk_02158,1,7
"Medizinische Universitt Wien, Universittsklinik f. Innere Med. III, Abt. f. Nephrologie u. Dialyse",blk_02158,1,7
"Medizinische Universitt Wien, Universittsklinik fr",blk_02201,1,35
"Medizinische Universitt Wien, Universittsklinik fr Ansthesie, Allgemeine Intensivmedizin",blk_01396,1,9
"Medizinische Universitt Wien, Universittsklinik fr Ansthesie, Allgemeine Intesnivmedizin und Schmerztherapie",blk_02220,1,6
"Medizinische Universitt Wien, Universittsklinik fr Chirurgie",blk_02210,1,3
"Medizinische Universitt Wien, Universittsklinik fr Innere Medizin I, Klinische abteilung fr Infektionen und Tropenme",blk_02201,1,35
"Medizinische Universitt Wien, Universittsklinik fr Innere Medizin III, Klinische Abteilung fr Rheumatologie",blk_02201,1,35
"Medizinische Universitt Wien, Universittsklinik fr Psychiatrie u. Psychotherapie, Abteil. fr biologische Psychiatrie",blk_01283,1,19
"Medizinische Universitt Wien, Universittsklinik fr Psychiatrie und Psychotherapie",blk_01283,1,19
"Medizinische Universitt Wien, Universittsklinik fr dermatologie",blk_02214,1,6
"Medizinische Universitt Wien, Universittsklinik fr innere Medizin III",blk_02201,1,35
"Medizinische Universitt Wien, Universittsklinik fr klinische Pharmakologie",blk_01626,1,11
"Medizinische Universitt Wien, klinische Abteilung fr Nephrologie und Dialyse",blk_02218,1,4
"Medizinische Universitt Wien,Univ.Klinik f.Ansthesie, Intensivmedizin und Schmerztherapie",blk_01396,1,9
"Medizinische Universitt Wien,Univ.Klinik f.Ansthesie,Allgemeine Intensivmedizin u.Schmerztherapie",blk_02220,1,6
"Medizinische Universitt Wien,Univ.Klinik f.Kinder-u.Jugendheilkunde",blk_01899,1,12
"Medizinische Universitt Wien,Univ.Klinik f.Psychiatrie und Psychotherapie",blk_01283,1,19
Medizinische Universitt Wien/ Universittsklinik fr Innere Medizin II/ Angiologie und Kardiologie,blk_02159,1,4
Medizinische Universitt Wien/Univ.klinik fr Innere Medizin III/Abteilung fr Nephrologie und Dialyse/Prof Josef Smolen,blk_02218,1,4
"Medizinische Universittsklinik II , Abteilung Hmatologie, Onkologie, Immunologie und Rheumatologie",blk_00525,1,10
"Medizinische Universtittsklinik, Kantonsspital Baselland",blk_01433,1,5
"Medizinische Universtt Wien, Universittsklinik fr Innere Medizin I",blk_02201,1,35
"Medizinische Unversitt Wien, Abteilung fr Kinder- und Jugendheilkunde",blk_01899,1,12
Medizinischen Klinik mit Schwerpunkt Nephrologie und Internistische Intensivmedizin/Charit - Universittsmedizin Berlin,blk_01853,1,5
"Medizinsche Universitt Wien, Univ.Klinik f. Ansthesie u. Allgem. Intensivmedizin",blk_02220,1,6
"Medizinsche Universitt Wien, Universittsklinik fr Ansthesie, Allgemeine Intensivmedizin und Schmerztherapie",blk_02220,1,6
Medizinsiche Fakultt der Technischen Universitt Mnchen,blk_01471,1,3
Medtronic Inc.,blk_02222,1,2
Medtronic International Trading Sarl,blk_02222,1,2
"Meical University, Dpt. Internal Medicine, Div. of General Internal Medicine",blk_01470,1,7
"Meiji Seika Kaisha, Ltd.",blk_01472,1,2
Meilahti Vaccine Research Center - Helsinki University Hospital,blk_00119,1,34
MeiraGTX UK II Ltd,blk_01073,1,4
MeiraGTx UK Ltd,blk_01073,1,4
Mekos Laboratories AS,blk_01473,1,2
Melanoma Institute Australia,blk_01012,1,9
"Melbourne Health, Royal Melbourne Hospital",blk_02223,1,2
Meletios Athanasios Dimopoulos,blk_02224,1,3
Meletios-Athanasios Dimopoulos,blk_02224,1,3
Melinta Therapeutics LLC,blk_02225,1,3
"Melinta Therapeutics, Inc",blk_02225,1,3
"Melinta Therapeutics, Inc.",blk_02225,1,3
Memorial Sloan Kettering Cancer center,blk_01474,1,3
Menarini Benelux SA/NV,blk_01456,1,2
Menarini International Operation Luxembourg -SA,blk_00609,1,15
"Menarini International Operations Luxembourg S.A.,  Avenue de la Gare, 1611 Luxembourg, Luxembourg",blk_00609,1,15
"Menarini Ricerche, S.p.A",blk_00115,1,7
Mendus bv former Immunicum,blk_02111,1,2
"Menlo Therapeutics, Inc.",blk_01074,1,2
Mental Health Center Copenhagen,blk_00804,1,17
"Mental Health Service, Esbjerg",blk_00804,1,17
Mental Health Services North Holland North,blk_00804,1,17
Merck  Co,blk_00300,1,40
Merck  Co Inc.,blk_00300,1,40
"Merck  Co,  Inc",blk_00300,1,40
"Merck  Co., Inc / Suomen MSD Oy",blk_02226,1,2
"Merck  Co., Inc./Suomen MSD Oy",blk_02226,1,2
Merck  co. Inc.,blk_00300,1,40
"Merck Co., Inc.",blk_00300,1,40
Merck Co.Inc.,blk_00300,1,40
Merck Farma y Qumica S.L,blk_00226,1,40
"Merck Farma y Qumica, S.A.",blk_00226,1,40
Merck Generics UK Ltd.,blk_01475,1,5
"Merck Healthcare KGaA, an affiliate of Merck KGaA, Darmstadt, Germany",blk_01963,1,4
"Merck KGaA and EMD Serono, Inc.",blk_01963,1,4
Merck Lipha Sant,blk_02227,1,2
Merck Lipha Sant SAS,blk_02227,1,2
Merck SHARP  DOHME DE ESPAA,blk_01585,1,8
Merck Sant s.a.s.,blk_00300,1,40
"Merck Serono Int, a branch of Laboratoires Serono SA an affiliate of Merck KGaA, Darmstadt, Germany",blk_00300,1,40
"Merck Serono International SA. An Affiliate of Merck KGaA, Darmstadt, Germany",blk_00300,1,40
"Merck Serono International, A branch of Laboratoires Serono S.A.",blk_00300,1,40
"Merck Serono International, An affiliate of Merck KGaA, Darmstadt, Germany",blk_00300,1,40
Merck Serono Ltd,blk_00300,1,40
Merck Serono Norway,blk_01156,1,7
"Merck Serono S.A. - Geneva, an affiliate of Merck KGaA, Darmstadt, Germany",blk_00300,1,40
"Merck Serono S.A.-Geneva, an affiliate of Merck KGaA Darmstadt, Germany",blk_00300,1,40
Merck Serono S.p.A.,blk_00300,1,40
Merck Serono SA,blk_00300,1,40
Merck Serono SA  Geneva,blk_00300,1,40
"Merck Serono SA - Geneva, An affiliate of Merck KGaA, Darmstadt, Germany",blk_00300,1,40
"Merck Serono SA - Geneva, an affiliate of Merck KGaA, Darmstadt, Germany",blk_00300,1,40
"Merck Serono SA-Geneva an affiliate of Merck KgaA, Darmstadt",blk_00300,1,40
"Merck Serono, an affiliate of E. Merck AB",blk_01963,1,4
Merck Sharp  Dohm Corp.,blk_02176,1,10
Merck Sharp  Dohme,blk_02176,1,10
"Merck Sharp  Dohme Corp, a subsidiary of Merck  Co, Inc.",blk_01502,1,33
"Merck Sharp  Dohme Corp. a subsidiary of Merck  Co., Inc.",blk_01502,1,33
"Merck Sharp  Dohme Corp., a Subsidiary of Merck  Co., Inc.",blk_01502,1,33
"Merck Sharp  Dohme Corp., a subsidary of Merck  Co.",blk_02176,1,10
"Merck Sharp  Dohme Corp., a subsidiary of Merck   Co., Inc.",blk_01502,1,33
"Merck Sharp  Dohme Corp., a subsidiary of Merck  Co, Inc.",blk_01502,1,33
"Merck Sharp  Dohme Corp., a subsidiary of Merck  Co, Inc. / Merck Sharp  Dohme Corp., a subsidiary of Merck  Co, Inc.",blk_01502,1,33
"Merck Sharp  Dohme Corp., a subsidiary of Merck  Co.",blk_01502,1,33
"Merck Sharp  Dohme Corp., a subsidiary of Merck  Co. Inc",blk_01502,1,33
"Merck Sharp  Dohme Corp., a subsidiary of Merck  Co., Inc. USA",blk_01502,1,33
"Merck Sharp  Dohme Corp., a subsidiary of Merck  Co., Inc., Merck",blk_01502,1,33
"Merck Sharp  Dohme Corp., a subsidiary of Merck  Co., Inc., N.J., USA",blk_01502,1,33
"Merck Sharp  Dohme Corp., a subsidiary of Merck  Co., Inc., USA",blk_01502,1,33
"Merck Sharp  Dohme Corp., a subsidiary of Merck  Co.,Inc.,",blk_01502,1,33
"Merck Sharp  Dohme Corp., a subsidiary of Merck Co., Inc",blk_01502,1,33
"Merck Sharp  Dohme Corp., a subsidiary of Merck and Co., Inc.",blk_01502,1,33
"Merck Sharp  Dohme Corp.,a subsidiary of MerckCo.,Inc.",blk_02176,1,10
Merck Sharp  Dohme Gesellschaft m.b.H.,blk_02176,1,10
Merck Sharp  Dohme LCC,blk_02176,1,10
"Merck Sharp  Dohme LCC, a subsidiary of Merck  Co., Inc.",blk_01502,1,33
"Merck Sharp  Dohme LLC, a Subsidiary of Merck  Co. Inc.",blk_01502,1,33
"Merck Sharp  Dohme LLC,a subsidiary of Merck  Co.,Inc.",blk_01502,1,33
"Merck Sharp  Dohme LLC., a subsidiary of Merck  Co., Inc.",blk_01502,1,33
Merck Sharp  Dohme O,blk_02176,1,10
Merck Sharp  Dohme Sweden AB,blk_02176,1,10
Merck Sharp  Dohme de Espaa S.A,blk_01585,1,8
"Merck Sharp  Dohme de Espaa, S.A.",blk_01585,1,8
"Merck Sharp  dohme Corp. a Subsidiary of Merck  Co., Inc.",blk_01502,1,33
Merck Sharp and Dohme Ltd,blk_02176,1,10
Merck Sharp and Dohme de Espaa,blk_01585,1,8
"Merck and Co., Inc.",blk_00300,1,40
"Merck, S.L",blk_00300,1,40
"Merck, Sharp  Dohme-Clinical Pharmacology,Europe",blk_00812,1,31
"Merckle GmbH, a member of the ratiopharm group, a subsidiary of Teva Pharmaceutical Industries Ltd. Germany",blk_01075,1,2
Merckle Recordati GmbH,blk_00730,1,11
Mereo BioPharma 1 Ltd,blk_02228,1,4
Mereo BioPharma 2 Limited,blk_02228,1,4
Mereo BioPharma 3 Ltd.,blk_02228,1,4
Mereo BioPharma 4 Ltd,blk_02228,1,4
Merete Haedersdal Bispebjerg Hospital,blk_00122,1,28
Merja Soilu Hninen,blk_00537,1,2
Merz Aesthetics GmbH,blk_00087,1,4
Merz Therapeutics GmbH / Merz Therapeutics GmbH,blk_00087,1,4
"Mesoblast, Inc",blk_02229,1,2
"Mesoblast, Inc.",blk_02229,1,2
Michael Larsen,blk_02139,1,2
Michael Patrick Achiam,blk_01476,1,2
"MicroDose Therapeutx, Inc., a wholly owned subsidiary of Teva Pharmaceuticals Industries, Ltd.",blk_01502,1,33
"Miguel Cervero Jimnez, servicio de Medicina Interna, Hospital Universitario Severo Ochoa",blk_01043,1,4
Miguel Santin Cerezales,blk_01940,1,2
Mika Harju,blk_02078,1,2
Mika J. Mkel,blk_02072,1,2
Mikkel stergaard,blk_01446,1,2
Mikko Hippelinen / Mikko Hippelinen,blk_01477,1,4
"Mikko Pitknen, MD, PhD",blk_01477,1,4
"Military Medical Academy Hospital for Active Treatment, Sofia",blk_00937,1,4
Millendo Therapeutics SAS,blk_01478,1,3
"Millendo Therapeutics US, Inc.",blk_01478,1,3
"Millenium Pharmaceuticals, a wholly owned subsidiary of Takeda pharmaceutical Company Limited",blk_01502,1,33
"Millennium Pharmaceuticals Inc,",blk_00147,1,10
"Millennium Pharmaceuticals, Inc, a wholly owned subsidiary of Takeda Pharmaceutical Company Limit",blk_00147,1,10
"Millennium Pharmaceuticals, Inc, a wholly owned subsidiary of Takeda Pharmaceutical Company, Ltd",blk_00147,1,10
"Millennium Pharmaceuticals, Inc. Takeda",blk_00147,1,10
"Millennium Pharmaceuticals, a wholly owned subsidiary of Takeda",blk_00147,1,10
"Minerva Neurosciences, Inc",blk_01479,1,3
"Minerva Neurosciences, Inc.,",blk_01479,1,3
MinervaX Aps,blk_01480,1,2
"Ministery of Defense, Military Mental Health - Research Centre",blk_00804,1,17
Ministry of Infrastructure and the Environment,blk_01083,1,3
Minna Honkila / OYS,blk_01508,1,3
"Minoryx Therapeutics BE, SA",blk_00716,1,2
Mipharm SpA,blk_00870,1,2
Miquel Pujol Rojo Infectious Diseases Service-Hospital Universitari de Bellvitge-IDIBELL,blk_00508,1,15
Miquel Pujol i Rojo  Servicio de Enfermedades Infecciosas del Hospital Universitari de Bellvitge,blk_01316,1,11
Mirum Pharmaceuticals Inc,blk_00436,1,3
"Mirum Pharmaceuticals, Inc.",blk_00436,1,3
Mitochon Pharmaceuticals Inc.,blk_02230,1,2
Mitochon Technologies Kft.,blk_02230,1,2
"Mitsubishi Tanabe Pharma America, Inc. MTPA",blk_00350,1,10
"Mitsubishi Tanabe Pharma Development America, Inc. MTDA",blk_00350,1,10
Mitsubishi Tanabe Pharma GmbH,blk_00350,1,10
Mlarsjukhuset,blk_02231,1,2
Mlarsjukhuset Eskilstuna,blk_02231,1,2
Moberg Derma,blk_00538,1,6
Moberg Pharma AB (publ),blk_00538,1,6
Moberg Pharma AB publ,blk_00538,1,6
Modern Biosciences Limited / Modern Biosciences Limited,blk_02232,1,3
Modern Biosciences Ltd.,blk_02232,1,3
Modern Biosciences plc,blk_02232,1,3
"ModernaTX, Inc",blk_01076,1,2
Modra Pharmaceuticals BV,blk_01481,1,2
MolMed,blk_00328,1,4
MolMed S.pA.,blk_00328,1,4
"Moleculin Biotech, Inc.",blk_01482,1,2
Mologen AG,blk_01064,1,2
Mona R Gtke,blk_01483,1,2
Monash University - Eastern Health Clinical School,blk_01484,1,4
Monash University / NHS Lothian,blk_01484,1,4
Montse Palacio Riera - Hospital Clnic de Barcelona - Maternitat,blk_01588,1,8
Moorfields Eye Hospital Foundation Trust,blk_00237,1,8
Moorfields Eye Hospital RD Department,blk_00237,1,8
Morphotek,blk_01078,1,5
"Morphotek, Inc",blk_01078,1,5
Morten Rasmussen,blk_02233,1,2
Morten Schou,blk_02233,1,2
Morten Tange Kristensen/Hvidovre Hospital,blk_00221,1,34
Motif BioSciences,blk_02234,1,2
Motif BioSciences Inc.,blk_02234,1,2
Mucos Pharma GmbH  Co. KG,blk_02195,1,4
Mukoviszidose Institut gGmbH i. G.,blk_02235,1,2
Mukoviszidose Institute gGmbH,blk_02235,1,2
Mundipharma,blk_00238,1,19
"Mundipharma Medical Company, Basel",blk_00238,1,19
Mundipharma OY,blk_00238,1,19
Mundipharma Oy,blk_00238,1,19
Mundipharma Pharmaceuticals BV / Mundipharma Comm VA,blk_00238,1,19
Mundipharma Pharmaceuticals S.L.,blk_00238,1,19
"Mundipharma Pharmaceuticals, S.L.",blk_00238,1,19
Mundipharma Research GmbH  Co.KG,blk_00238,1,19
Mundipharma Research Limited / Mundipharma Research Limited,blk_00238,1,19
Municipal Institute Of Medical Investigation / Hospital Del Mar,blk_00206,1,34
Mxima Medisch Centrum,blk_00108,1,18
Mximo Bernabeu Wittel,blk_00701,1,4
Mylan GmbH Mylan,blk_01066,1,8
Mylan Inc,blk_01066,1,8
"Mylan Pharmaceuticals Inc., a Viatris Company",blk_00756,1,3
"Mylan Pharmaceuticals, Inc",blk_01066,1,8
MyoKardia Inc.,blk_00873,1,4
"MyoKardia, Inc.",blk_00873,1,4
Myogen Inc.,blk_01487,1,2
Myokardia Inc. / Myokardia Inc.,blk_00873,1,4
Myovant Sciences GmbH c/o Vischer AG,blk_00477,1,2
N V Organon,blk_00064,1,4
"N-GENE Research Laboratories, Inc.",blk_02044,1,3
N-Gene Research  Development Ltd.,blk_02044,1,3
NBMI Science AB,blk_02236,1,2
NBMI Science Ltd.,blk_02236,1,2
NEAT ID,blk_01080,1,2
NEPHROLOGY DEPARTMENT HOSPITAL UNIVERSITARY OF BELLVITGE,blk_00989,1,15
NERVIANO MEDICAL SCIENCE,blk_00389,1,5
NFL BIOSCIENCES SA,blk_02237,1,2
NFL BIOSCIENCES SAS,blk_02237,1,2
NHS Blood  Transplant,blk_00421,1,24
NHS Blood and Transplant,blk_00421,1,24
NHS Blood and Transplant. / NHS Blood and Transplant,blk_00421,1,24
NHS GRAMPIAN,blk_00499,1,9
NHS Glasgow and Clyde / University of Glasgow,blk_00301,1,40
NHS Grampian Research and Development,blk_00499,1,9
NHS Greater Glasgow,blk_00301,1,40
NHS Greater Glasgow  Clyde / The University of Glasgow,blk_00301,1,40
NHS Greater Glasgow  Clyde Hospitals  University of Glasgow,blk_00301,1,40
NHS Greater Glasgow  Clyde RD Office / The University of Glasgow,blk_00301,1,40
NHS Greater Glasgow  Clyde and University of Glasgow,blk_00301,1,40
NHS Greater Glasgow - Yorkhill Division,blk_01572,1,7
NHS Greater Glasgow Health Board / Glasgow University,blk_00301,1,40
NHS Greater Glasgow Health Board / University of Glasgow,blk_00301,1,40
NHS Greater Glasgow and Clyde / University Of Glasgow,blk_00301,1,40
NHS Greater Glasgow and Clyde Board / University of Glasgow,blk_00301,1,40
NHS Greater Glasgow and Clyde Health Board,blk_00301,1,40
NHS Greater Glasgow and Clyde Health Board / University of Glasgow,blk_00301,1,40
NHS Greater Glasgow/Glasgow University,blk_00301,1,40
"NHS Lanarkshire, Primary Care Operating Division",blk_02238,1,2
NHS Lothian,blk_00150,1,27
NHS Lothian - University Hospitals Division,blk_00150,1,27
NHS Lothian / The University of Edinburgh,blk_00150,1,27
NHS Lothian Health Board / Edinburgh Research and Innovation,blk_00150,1,27
"NHS Lothian University, Research  Development",blk_00150,1,27
NHS Lothian- University Hospitals Division,blk_00150,1,27
NHS TAYSIDE,blk_00717,1,4
NHS Tayside / University Of Dundee,blk_00067,1,21
NHS greater Glasgow and Clyde / Glasgow University,blk_00301,1,40
NIBIT NETWORK ITALIANO PER LA BIO-IMMUNOTERAPIA DEI TUMORI,blk_01992,1,4
NILG,blk_02239,1,2
NILG Northern Italy Leukemia Group,blk_02239,1,2
NIMES UNIVERSITY HOSPITAL,blk_00265,1,7
NKI/Antoni van Leeuwenhoek Ziekenhuis,blk_00072,1,24
NMDSG,blk_02240,1,2
NMDSG Nordics Myeloplastics Syndrom Study Group,blk_02240,1,2
NO-COMERCIAL,blk_02241,1,3
NOGGO e. V.,blk_01490,1,2
NOPHO NHL-group,blk_02242,1,2
NOPHO-NHL GRUPP,blk_02242,1,2
"NOVAG S.A., FERRER GRUPO",blk_02179,1,2
NOVAGALI Pharma S.A.,blk_02243,1,5
NOVAGALI Pharma S.A.S,blk_02243,1,5
NOVARTIS FARMACEUTICA S.A,blk_00214,1,11
NOVARTIS FARMACUTICA S.A,blk_00790,1,11
"NOVARTIS FARMACUTICA, S.A",blk_00790,1,11
NOVARTIS PHARMA AG,blk_01503,1,28
NOVARTIS PHARMA S.A.S,blk_01503,1,28
NOVARTIS PHARMA SERVICES AG,blk_01503,1,28
NOVOSIS AG,blk_00877,1,2
"NPO Petrovax Pharm, LLC",blk_01299,1,17
NTC SRL,blk_01082,1,3
"NTNU, Dept of Clinical and Molecular Medicine, Gastrosenteret",blk_00990,1,7
"NTNU, Norwegian University of Science and Technology",blk_00990,1,7
"NV Organon, part of Schering-Plough Corporation",blk_00064,1,4
NV ROCHE SA,blk_00126,1,8
NVALT-studies Stichting / Intergroupe Francophone De Cancerologie Thoracique / Fundacion GECP / Queen's University / Clinipace Global Limited,blk_00293,1,5
NYCOMED PHARMA S.A.,blk_00478,1,10
"Nanjing Luye Pharmaceutical Co., Ltd.",blk_01451,1,2
"NanoCarrier Co, Ltd.",blk_01491,1,3
"NanoCarrier Co., Ltd.",blk_01491,1,3
Nantes CHU,blk_00062,1,10
Nantes University Hospital,blk_00062,1,10
Napo Pharmaceuticals Inc.,blk_02244,1,2
Napo Therapeutics S.p.A.,blk_02244,1,2
Napp Pharmaceuticals Limited,blk_02245,1,3
Napp Pharmaceuticals Ltd,blk_02245,1,3
Napp Pharmaceuticals Research Limited,blk_02245,1,3
Narodny Onkologicky Ustav,blk_01645,1,3
Narodny onkologicky ustav,blk_01645,1,3
Narodowy Instytut Onkologii Im. Marii Sklodowskiej-Curie-Panstwowy Instytut Badawczy / Narodowy Instytut Onkologii Im. Marii Sklodowskiej-Curie-Panstwowy Instytut Badawczy,blk_00224,1,8
"Narodowy Instytut Onkologii im. M. Skodowskiej-Curie  Pastwowy Instytut Badawczy, Oddzia w Gliwicach",blk_00224,1,8
National And Kapodistrian University Of Athens,blk_01084,1,6
National Cancer Institute / AIO-Studien gGmbH,blk_00075,1,6
National Center for Cancer Immune Therapy,blk_00576,1,5
National Center for Cancer Immune Therapy CCIT-DK,blk_00576,1,5
National Centre in HIV Epidemiology and Clinical Research,blk_02246,1,2
National Childrens Hospital  Trinity College Dublin,blk_00129,1,10
National Eye Institute,blk_00237,1,8
National Headache Institute,blk_00581,1,6
"National Heart, Lung, and Blood Institute / National Institutes of Health",blk_00421,1,24
"National Heart, Lung, and Blood Institute NHLBI",blk_00421,1,24
National Institute Of Cardiology,blk_01357,1,7
National Institute for Infectious Diseases Lazzaro Spallanzani IRCCS,blk_01050,1,22
National Institute for Public Health and the Environment RIVM,blk_00544,1,10
National Institute of Allergy and Infectious Diseases NIAID,blk_01050,1,22
"National Institute of Allergy and Infectious Diseases NIAID, NIH",blk_01050,1,22
"National Institute of Allergy and Infectious Diseases, National Institutes of Health",blk_01050,1,22
National Institute of Child Health,blk_01921,1,2
National Institute of Health and the Environment Dutch acronym: RIVM,blk_00544,1,10
National Institute of Health and the Environment RIVM,blk_00544,1,10
"National Institute of Health, National Eye Institute",blk_00237,1,8
National Institute of Mental Health,blk_00804,1,17
"National Institute of Oncology, Budapest, Hungary",blk_00734,1,5
National Institutes of Health - Eunice Kennedy Shriver National Institute of Child Health and Human Development NICHD,blk_00096,1,20
"National Institutes of Health, National Eye Institute",blk_02247,1,3
"National Institutes of Health/National Heart, Lung and Bood Institute",blk_02247,1,3
National Institutes of Neurological Disorders: Stroke,blk_02247,1,3
National Instute of Health and Welfare,blk_00874,1,3
National Kapodistrian University of Athens,blk_01084,1,6
National Kornyi Institute of Pulmonology,blk_01919,1,2
"National Poisons Information Center, University Medical Center Utrecht",blk_00038,1,30
"National Research, Development and Innovation Office",blk_00315,1,17
National University Of Singapore,blk_02194,1,2
"NeRRe Therapeutics Ltd,",blk_01492,1,3
NeRRe Therapeutics Ltd.,blk_01492,1,3
Nec Oncoimmunity AS,blk_01488,1,2
Nederlands Kanker Instutuut-Antonie van Leeuwenhoek Ziekenhuis,blk_00072,1,24
Nederlands Vaccin Instituut,blk_00072,1,24
Nederlandse Vereniging van Artsen voor Longziekten en Tuberculose NVALT,blk_01135,1,5
Nemocnice Agel Ostrava-Vtkovice a.s.,blk_00587,1,16
Neolab td,blk_01085,1,3
"Neonatal intensive care unit, VU medical center Amsterdam",blk_00053,1,33
Neovacs S.A.,blk_00718,1,2
Nerviano Medical Sciences S.r.l. / Nerviano Medical Sciences S.r.l.,blk_00389,1,5
Netherlands Cancer Institute - Antoni van Leeuwenhoek Hospital,blk_00072,1,24
Netherlands Cancer Institute - Antoni van Leeuwenhoek Hospital NKI-ALV,blk_00072,1,24
Netherlands Cancer Institute- Antoni van Leeuwenhoek,blk_00072,1,24
Netherlands Cancer Institute- Antoni van Leeuwenhoek Hospital,blk_00072,1,24
Netherlands Cancer Institute- Antoni van Leeuwenhoek Hospital NKI-AVL,blk_00072,1,24
Netherlands Cancer Institute- Antoni van Leeuwenhoek hospital NKI-AVL,blk_00072,1,24
Netherlands Cancer Institute-Antoni van Leeuwenhoek Hospital / Takeda Nederland B.V.,blk_00072,1,24
Netherlands cancer institute NKI Antioni van Leeuwenhoek AvL,blk_00137,1,3
Neurim Pharmaceuticals (1991) Ltd.,blk_01493,1,4
Neurim Pharmaceuticals Ltd,blk_01493,1,4
NeuroSearch Sweden AB,blk_01494,1,2
Neurobiological Technologies Inc,blk_02248,1,2
Neurobiological Technologies Inc.,blk_02248,1,2
Neurochem Inc,blk_02249,1,2
Neurochem Inc.,blk_02249,1,2
Neurocrine Biosciences,blk_00239,1,6
Neurocrine Biosciences Inc. / Neurocrine Biosciences Inc.,blk_00239,1,6
"Neurocrine Biosciences, INC",blk_00239,1,6
Neurocrine UK Limited,blk_00239,1,6
Neurologische Uniklinik Regensburg,blk_00752,1,19
Neurologisk Afdeling,blk_02250,1,4
Neurologisk Afdeling rhus Universitetshospital,blk_02250,1,4
Neurologisk afdeling F,blk_02250,1,4
"Neurologisk afdeling F, rhus Sygehus, NBG",blk_02250,1,4
Neurology Unit,blk_01287,1,19
"Neuromuscular Research Unit, Copenhagen University Hospital Rigshopspitalet",blk_01295,1,4
"Neuromuscular Research Unit, Rigshospitalet",blk_01295,1,4
Neuropsychiatric clinic,blk_01837,1,3
Neurotech Pharmaceuticals,blk_02251,1,2
Neurotech Pharmaceuticals Inc.,blk_02251,1,2
Newcastle Hospital Trust,blk_00179,1,21
Newcastle Hospitals Trust,blk_00179,1,21
Newcastle Primary Care Trust,blk_02238,1,2
Newcastle Upon Tyne NHS Foundation Trust,blk_00179,1,21
Newcastle Upon tyne Hospitals NHS Foundation Trust,blk_00179,1,21
Newcastle u Tyne Hospitals NHS Trust,blk_00179,1,21
Newcastle upon Tyne Hospitals NHS Trust / Johns Hopkins University,blk_00179,1,21
Newcastle upon Tyne NHS Foundation Trust,blk_00179,1,21
Newcastle-upon-Tyne Hospitals NHS Foundation Trust,blk_00179,1,21
Newron Pharmaceuticals,blk_00613,1,6
Newron Pharmaceuticals S.P.A,blk_00613,1,6
NextCell Pharma AB,blk_01495,1,2
Nicanor Vega Diaz. Hospital Universitario de Gran Canaria Dr Negrin,blk_01968,1,3
Nice University Hospital,blk_00118,1,11
"Nicholas Stephen Macklon, Professor, MD, PhD",blk_01928,1,4
NightstaRx Limited,blk_02252,1,3
NightstaRx Ltd,blk_02252,1,3
NightstaRx Ltd A Biogen Company,blk_02252,1,3
Nina Olofsson / Nina Olofsson,blk_01496,1,2
Ninewells Hospital,blk_02253,1,2
Ninewells Hospital and Medical School,blk_02253,1,2
No Sponsor,blk_02241,1,3
No sponsor,blk_02241,1,3
Nocion Therapeutics Inc.,blk_02254,1,2
"Nocion Therapeutics, Inc.",blk_02254,1,2
Noema Pharma Australia Pty Ltd,blk_01088,1,2
Nord Ostdeutsche Gesellschaft Fuer Gynaekologische Onkologie e.V.,blk_02255,1,2
Nord-Ostdeutsche Gesellschaft Fuer Gynaekologische Onkologie e.V.,blk_02255,1,2
Nordfjord Psychiatric Centre,blk_02256,1,5
Nordic Bioscience,blk_00437,1,22
Nordic Bioscience Clinical Development A/S,blk_00437,1,22
Nordic Bone Marrow Transplant Group NBMT,blk_00454,1,6
Nordic Bone and Marrow Transplantation Group,blk_00454,1,6
Nordic MDS study group,blk_01089,1,4
Nordic Pharma France,blk_00437,1,22
Nordic Society Of Gynaecological Oncology Clinical Trial Unit,blk_01498,1,12
Nordic Society for Gynecological Cancer,blk_01498,1,12
Nordic Society of Gynaecological Oncology - Clinical Trial Unit,blk_01498,1,12
Nordic Society of Gynaecological Oncology - Clinical Trial Unit NSGO-CTU,blk_01498,1,12
Nordic Society of Gynaecological Oncology NSGO,blk_01498,1,12
Nordic Society of Gynaecological Oncology NSGO-CTU,blk_01498,1,12
Nordic Society of Gynaecological Oncology-Clinical Trial Unit,blk_01498,1,12
Nordic Society of Gynecological Oncology NSGO,blk_01498,1,12
Nordmark Arzneimittel GmbH,blk_02257,1,2
Nordmark Arzneimittel GmbH  Co. KG,blk_02257,1,2
Nordsjllands Hospital. Dept. of Anaesthesiology and Intensive Care.,blk_01499,1,6
Norfolk  Norwich University Hospital,blk_00876,1,7
Norfolk  Norwich University Hospitals NHS Foundation Trust,blk_00876,1,7
Norfolk and Norwich University Hospital,blk_00876,1,7
Norfolk and Norwich University Hospital NHS Foundation Trust,blk_00876,1,7
Norfolk and Norwich University Hospital NHS Trust,blk_00876,1,7
Norfolk and Norwich University Hospitals NHS Trust,blk_00876,1,7
Norgine International Limited,blk_00614,1,6
Norgine Pharma,blk_00614,1,6
Norgine Pharmaceuticals Ltd,blk_00614,1,6
Norrbottens lns landsting,blk_01598,1,11
Norrlands University Hospital,blk_02258,1,4
Norrlands universitetssjukhus,blk_02258,1,4
Norrlands university hospital,blk_02258,1,4
North Bristol NHS Trust Research  Innovation,blk_01500,1,3
North Bristol NHS Trust Research and Development Office,blk_01500,1,3
"North Bristol NHS Trust, Research and Development",blk_00004,1,25
North Bristol Trust,blk_00004,1,25
North Glasgow NHS Trust,blk_00911,1,4
North Glasgow Trust,blk_00911,1,4
North Hampshire Hospital NHS Trust,blk_02077,1,2
North Staffordshire Combined Healthcare Trust,blk_02259,1,3
"North West London Hospitals NHS Trust, RD Office",blk_01277,1,8
North West London NHS Trust,blk_01277,1,8
North west London Hospital Trust,blk_01277,1,8
Northern Health and Social Care Trust,blk_02260,1,2
"Northumberland, Tyne and Wear NHS Foundation Trust",blk_01876,1,2
"Northwest Biotherapeutics, Inc",blk_01277,1,8
Noscira S.A,blk_01501,1,2
Nottingham City Hospital NHS Trust,blk_00060,1,19
Nottingham Univeristy Hospitals NHS Trust,blk_00060,1,19
Nottingham University Hospital,blk_00060,1,19
Nottingham University Hospital NHS Trust,blk_00060,1,19
Nottingham University Hospital NHS Trust Research  Development,blk_00060,1,19
Nottingham University NHS Trust,blk_00060,1,19
Nova BioPharma Limited,blk_01950,1,6
Nova Laboratories Limited,blk_01950,1,6
NovaCardia Inc,blk_01502,1,33
"NovaCardia, Inc.  A wholly owned subsidiary of Merck  Co., Inc.",blk_01502,1,33
Novagali Pharma S.A.,blk_02243,1,5
Novagali Pharma S.A.S.,blk_02243,1,5
Novagali Pharma SA,blk_02243,1,5
Novalon S. A.,blk_01091,1,3
Novalon S.A,blk_01091,1,3
Novartis Farmaceutica S. A.,blk_00214,1,11
Novartis Farmaceutica SA,blk_00214,1,11
"Novartis Farmaceutica,  S.A.",blk_00214,1,11
"Novartis Farmaceutica, S.A.",blk_00214,1,11
Novartis Farmacuitica S.A,blk_01503,1,28
Novartis Farmacutica,blk_00790,1,11
"Novartis Farmacutica , S.A.",blk_00790,1,11
Novartis Farmacutica S. A,blk_00790,1,11
Novartis Farmacutica S. A.,blk_00790,1,11
Novartis Farmacutica SA,blk_00790,1,11
"Novartis Farmacutica, S.A,",blk_00790,1,11
Novartis Finland OY,blk_01065,1,12
Novartis Hellas S.A.C.I,blk_01503,1,28
Novartis Hungary Ltd,blk_00734,1,5
Novartis Hungria Kft.,blk_01503,1,28
Novartis Hungria Ltd.,blk_01503,1,28
Novartis Norge AS,blk_01503,1,28
Novartis Phama GmbH,blk_01503,1,28
Novartis Pharma  Services AG,blk_01503,1,28
Novartis Pharma B.V.,blk_01503,1,28
Novartis Pharma CH,blk_01391,1,5
Novartis Pharma GmBH,blk_01503,1,28
Novartis Pharma N.V.,blk_01503,1,28
Novartis Pharma NV,blk_01503,1,28
Novartis Pharma S.A,blk_01503,1,28
Novartis Pharma Services  AG,blk_01503,1,28
Novartis Pharma Services AG / Novartis Pharma Belgium,blk_00865,1,10
Novartis Pharma Sevices AG,blk_01503,1,28
Novartis Pharma Vertriebs GmbH,blk_01503,1,28
Novartis Pharrna Services AG,blk_01503,1,28
Novartis Vaccines and Diagnostics,blk_01503,1,28
Novexel S. A.,blk_02261,1,2
"Novexel, S.A.",blk_02261,1,2
Novimmune SA,blk_00540,1,3
Novo Nordisk,blk_00003,1,20
Novo Nordisk A/S / ECRI-trials B.V.,blk_00003,1,20
Novo Nordisk A/S / Novo Nordisk A/S,blk_00003,1,20
Novo Nordisk A/S / Steno Diabetes Center Copenhagen,blk_00003,1,20
Novo Nordisk Limited,blk_00003,1,20
Novo Nordisk Ltd,blk_00003,1,20
Novo Nordisk Pharma GmbH,blk_00003,1,20
Novo Nordisk Pharmaceuticals Ltd,blk_00003,1,20
Novo Nordisk Pharmaceutique S.A.S.,blk_00003,1,20
Novo Nordisk a/s,blk_00003,1,20
Nstved Sygehus,blk_00988,1,12
Nstved hospital,blk_00988,1,12
Nuclear Medicine UZ Gasthuisberg / Gastroenterology UZ Gasthuisberg / Hepatology UZ Gasthuisberg / General Medical Oncology UZ Gasthuisberg / Radiopharmacy / Radiotherapy UZ Gasthuisberg,blk_00022,1,39
Nutricin Medica S.L.,blk_02262,1,2
Nuvelo,blk_01092,1,3
"Nuvelo, Inc",blk_01092,1,3
Nuvo Pharmaceuticals Inc.,blk_01093,1,3
Nuvo research Inc,blk_01093,1,3
Nycomed,blk_00478,1,10
Nycomed  Danmark ApS,blk_00478,1,10
Nycomed Austria GmbH,blk_00478,1,10
Nycomed Canada Inc.,blk_01734,1,3
"Nycomed Danmark ApS, International Medical Affairs",blk_00478,1,10
Nykode Therapeutics AS,blk_01094,1,2
"Nyremedicinsk afdeling, Aalborg Sygehus",blk_00164,1,27
OA Doz. Dr. Thomas Mller c/o BS Zentrallabor Konventhospital Barmherzige Brder Linz,blk_02263,1,2
"OA Dr. Philipp Becker c/o Abteilung fr Wirbelsulenchirurgie, Orthopdisches Spital Speising GmbH",blk_01521,1,2
OM Pharma S.A.,blk_00616,1,4
OMEQUI coordinator,blk_01504,1,2
OMNIVISION,blk_00541,1,4
ONO PHARMA UK LTD,blk_00879,1,5
"ONO Pharmaceutical Co.,Ltd",blk_00879,1,5
ORION CORPORATION ORION PHARMA,blk_00256,1,8
ORION PHARMA,blk_00256,1,8
ORPHAN,blk_00360,1,6
"ORTHO MCNEIL JANSSEN SCIENTIFIC AFFAIRS, LLC",blk_00475,1,5
ORVACS,blk_02264,1,2
"ORVACS, Objectif Recherche Vaccin SIDA",blk_02264,1,2
"OSI Eyetech Pharmaceuticals, Inc.",blk_01505,1,7
"OSI Pharmaceuticals, LLC",blk_01505,1,7
OSI-prosidion Ltd.,blk_02265,1,3
OSIVAX,blk_00881,1,3
OSIVAX Belgique,blk_00881,1,3
OSLO UNIVERSITETSSYKEHUS HF,blk_00047,1,36
OSLO UNIVERSITY HOSPITAL HF,blk_00047,1,36
"OSPEDALE CIVILE SAN SALVATORE, ASL 04, LAQUILA",blk_00404,1,5
OSPEDALE G.PASQUINUCCI-FONDAZIONE  TOSCANA GABRIELE MONASTERIO/CNR,blk_00458,1,5
OSPEDALE G.PASQUINUCCI-FONDAZIONE TOSCANA GABRIELE MONASTERIO,blk_00458,1,5
OSPEDALE MAGGIORE DI MILANO  IRCCS,blk_00233,1,12
OTH - Chief Medical Officers Office,blk_01856,1,2
"Obstetrisk afd., Hvidovre Hospital",blk_00221,1,34
Ocera Therapeutics Inc,blk_01509,1,2
Octapharma Pharmazeutika Prod.Ges.m.b.H,blk_00128,1,7
"Octapharma Pharmazeutika Produktionsges.m.b.H, Oberlaaer Strasse 235, A-1100 Vienna, Austria",blk_00128,1,7
Odense Research Center for Anaphylaxis ORCA,blk_00028,1,40
Odense Research Centre for Anaphylaxis ORCA,blk_00028,1,40
Odense Universitets Hospital,blk_00028,1,40
"Odense Universitetshospital, Nyremedicinsk Afd. Y",blk_00028,1,40
Odense Universitetshospital/Syddansk Universitet,blk_00028,1,40
Odense University Hosipital,blk_00028,1,40
Odense University Hospital - Department of Cardiology,blk_00028,1,40
Odense University Hospital / European Foundation For The Study Of Chronic Liver Failure,blk_00028,1,40
"Odense University Hospital, Department of Neurology",blk_00028,1,40
"Odense University Hospital, afd.M",blk_00028,1,40
"Odense University Hospital, anaeshtesiologic intensive ward V",blk_00028,1,40
"Odense University Hospital, department M / Odense University Hospital",blk_00028,1,40
Odense University Hostital,blk_02266,1,2
Odense University hospital,blk_02266,1,2
Odense universitets Hospital,blk_02267,1,2
"Odonate Therapeutics, Inc",blk_01511,1,2
Ohb Neonatology Limited,blk_02268,1,2
"Olomouc University Hospital and Palack University School of Medicine, Internal Medicine Dept. I",blk_02269,1,2
Omeros Ireland Limited / Omeros Corp.,blk_00617,1,3
Omrix Biopharmaceuticals Ltd.,blk_01096,1,3
Omthera Pharmaceutical Inc.,blk_02270,1,2
"Omthera Pharmaceuticals, Inc.",blk_02270,1,2
"On Target Laboratories , LLC",blk_01512,1,2
"Oncoethix GmbH, a wholly owned subsidiary of Merck Sharp  Dohme Corp.",blk_01502,1,33
"Oncologisch Centrum, Academisch Ziekenhuis Vrije Universiteit Brussel",blk_00243,1,8
Oncology Institute of Southern Switzerland,blk_00912,1,7
Oncology Institute of Vilnius University,blk_01167,1,4
Oncoverity Inc.,blk_01514,1,2
Onkologisk afdeling R and the Unit for Experimental Chemotherapy,blk_00700,1,11
Onkoloki intitut Ljubljana,blk_01158,1,14
Only For Children Pharmaceuticals,blk_02180,1,2
Only for Children Pharmaceuticals / Great Ormond Street Hospital for Children NHS Trust,blk_00598,1,8
"Onyx Pharmaceuticals, Inc.",blk_00618,1,3
Onyx Therapeutics,blk_00618,1,3
"Onyx Therapeutics, Inc. an Amgen Inc. subsidiary",blk_00011,1,15
"Onyx Therapeutics, Inc., an Amgen Inc. subsidiary",blk_00011,1,15
Oogziekenhuis Rotterdam,blk_00496,1,8
OptiNose AS,blk_01520,1,5
OptiNose UK Ltd,blk_01520,1,5
OptiNose UK Ltd.,blk_01520,1,5
OraPharma Inc.,blk_02271,1,2
"OraPharma, Inc.",blk_02271,1,2
Oral and Maxillofacial Surgery Department of Vall dHebron Hospital,blk_01906,1,3
Orbus International BV,blk_02272,1,2
"Orbus Therapeutics, Inc.",blk_02272,1,2
Orchard Therapeutics Europe Ltd,blk_00721,1,2
Ordensklinikum Linz GmbH,blk_01910,1,5
"Ordensklinikum Linz GmbH, ELISABETHINEN, Interne 3",blk_01910,1,5
"Ordensklinikum Linz, Krankenhaus der Elisabethinen Linz GmbH, III. Interne",blk_01910,1,5
"Organisation name was not entered / Anstesiklinikken, Frederiksberg Hospital",blk_00190,1,3
Organisation name was not entered / Respiratory research UNit,blk_00190,1,3
Organon LLC,blk_00064,1,4
"Oriel Therapeutics, a Sandoz Company",blk_00627,1,3
"Orion Corporation, Orion Pharma, Orionintie,",blk_00256,1,8
Orion Pharma GmbH,blk_00256,1,8
Orphan Europe Recordati,blk_00730,1,11
Orphazyme ApS,blk_00880,1,2
"Orthopaedic Research Laboratory, rhus University Hospital",blk_01897,1,4
Orthopaedic Syrgery Unit Northern Jytland,blk_02260,1,2
"Orthopaedic department, Karolinska Institutet, Danderyds Hospital",blk_01307,1,6
"Ortopdkirurgisk Afd. E, rhus Universitetshospital",blk_02206,1,2
Ortopdkirurgisk Afdeling rhus Universitetshospital,blk_02273,1,3
"Ortopdkirurgisk Center, Aarhus Universitets Hospital",blk_02267,1,2
Ortopdkirurgisk Forskning - Aarhus Universitetshospita,blk_01072,1,3
Ortopdkirurgisk afdeling,blk_02273,1,3
Ortopdkirurgisk afdeling Odense Universitetshospital,blk_02273,1,3
Oryx GmbH  Co KG,blk_01522,1,3
Oryx GmbH und Co. KG,blk_01522,1,3
Oryzon Genomics S. A,blk_00482,1,3
Osakidetza,blk_01290,1,2
Oslo Universitetssykehus - Rikshospitalet,blk_01523,1,5
Oslo Universitetssykehus HF,blk_00047,1,36
Oslo University Hospital  Rikshospitalet,blk_01524,1,6
Oslo University Hospital - Ullevl,blk_01619,1,3
Oslo University Hospital / Oslo University Hospital,blk_00047,1,36
"Oslo University Hospital HF, Ullevl Hospital, FORMI-Formidlingsenheten for muskel- og skjelettlidelser",blk_00047,1,36
Oslo University Hospital healt Trust / Oslo universitetssykehus health trust / Oslo University Hospital Health Trust,blk_01523,1,5
"Oslo University Hospital, Dept of Urology",blk_02274,1,2
Oslo University hospital,blk_00047,1,36
Oslo university hospital,blk_00047,1,36
Ospedale L. Sacco - Azienda Ospedaliera-Polo Universitario,blk_00178,1,11
Ospedale San Raffaele S.r.l. / University Of Manchester,blk_00051,1,19
Ospedale San Raffaele di Milano,blk_00051,1,19
Ospedale San Raffaele s.r.l.,blk_00051,1,19
"Ospedale San Raffaele, UO Chirurgia Vascolare",blk_00051,1,19
Othair Prothena Limited,blk_01112,1,3
"Otonomy, Inc.",blk_01098,1,2
Otsuka Pharmaceutical,blk_00063,1,13
Otsuka Pharmaceutical Co. Ltd.,blk_00063,1,13
Otsuka Pharmaceutical Development  Commercialization,blk_00063,1,13
"Otsuka Pharmaceutical Development  Commercialization,Inc",blk_00063,1,13
Otsuka Pharmaceutical Development  Commercialization. Inc.,blk_00063,1,13
Otsuka Pharmaceutical Development & Commercialization Inc. / Otsuka Pharmaceutical Development & Commercialization Inc.,blk_00063,1,13
"Otsuka Pharmaceutical Development Commercialization, Inc.",blk_00063,1,13
Ottawa Hospital Research Institute,blk_02275,1,3
Otto Von Guericke Universitaet Magdeburg,blk_01071,1,20
Otto-von-Guericke Universitt Magdeburg,blk_01071,1,20
"Otto-von-Guericke University, Medical Faculty, Dpt. of Neurology",blk_01071,1,20
Otto-von-Guericke-Universitt Magdeburg,blk_01071,1,20
"Otto-von-Guericke-Universitt Magdeburg, Medizinische Fakultt",blk_01071,1,20
"Oulu Functional NeuroImaging, MRC/MIPT, Oulu University Hospital",blk_00483,1,17
Oulu University Hopsital,blk_00483,1,17
Oulu University Hospital Department of Internal Medicine,blk_00483,1,17
"Oulu University Hospital, Department of Anaesthesia",blk_00483,1,17
"Oulu University Hospital, Internal Medicine Research Unit",blk_00483,1,17
"Oulu University Hospital, Oulu, Finland / University of Oulu",blk_00483,1,17
Oulu university hospital,blk_00483,1,17
Our Ladys Hospital for Sick Children,blk_01572,1,7
Ovation Pharmaceuticals,blk_01507,1,3
Ovation Pharmaceuticals Inc.,blk_01507,1,3
"Ove Bck, Dept Dermatology, University Hospital, Lund, Sweden",blk_00536,1,14
Overlge dr.med. Frederik Grnhj,blk_02276,1,2
"Overlge, dr.med. Claus Zachariae",blk_02276,1,2
OxThera AB,blk_01099,1,4
OxThera Inc.,blk_01099,1,4
"OxThera, Inc.",blk_01099,1,4
Oxagen Ltd,blk_01100,1,2
Oxcia AB / Thomas Helledays Stiftelse Foer Medicinsk Forskning / Oxcia AB,blk_01072,1,3
Oxford BioMedica UK Limited,blk_00025,1,35
Oxford BioMedica UK Ltd.,blk_00025,1,35
Oxford Biotherapeutics Limited,blk_00025,1,35
Oxford Brookes University,blk_00025,1,35
Oxford MioMedica UK Ltd.,blk_00025,1,35
Oxford Racliffe NHS Trust,blk_00025,1,35
Oxford Radcliffe Hospital NHS Trust,blk_00025,1,35
"Oxford Radcliffe Hospitals NHS Trust Cancer Research UK Medical Oncology Unit, Churchill Hospital",blk_00025,1,35
Oxford Radcliffe Hospitals Trust,blk_00025,1,35
Oxford University Hospitals NHS Foundation Trust,blk_00025,1,35
Oxion Biologics AB,blk_00255,1,33
Oxular IE Limited,blk_02277,1,2
Oxular Ltd.,blk_02277,1,2
Oy Lundbeck,blk_00031,1,10
PAION UK Ltd / Acacia Pharma Ltd.,blk_00502,1,4
PALAU PHARMA SA,blk_02278,1,5
"PALAU PHARMA, S.A.",blk_02278,1,5
PARI GmbH,blk_00619,1,2
PASCOE Pharmazeutische Prparate GmbH,blk_01536,1,4
PASCOE pharmazeutische Prparate GmbH,blk_01536,1,4
"PDL BioPharm, Inc.",blk_01102,1,4
PDL BioPharma Inc,blk_01102,1,4
PENTA,blk_01343,1,8
PENTA FOUNDATION,blk_01343,1,8
PEPTIMMUNE Inc,blk_02279,1,2
PEPTONIC medical AB,blk_01538,1,2
PETHEMA,blk_00160,1,11
PETHEMA Foundation,blk_00160,1,11
PFIZER S.A.,blk_01540,1,40
PFIZER s.a.,blk_01540,1,40
"PFIZER, SLU",blk_01540,1,40
"PFIZER,S.A.",blk_01540,1,40
PH Research,blk_02280,1,3
PHARMA MAR,blk_00206,1,34
PHARMATHEN S.A.,blk_01528,1,4
PHARMATHEN SA,blk_01528,1,4
PHARNEXT SA,blk_02281,1,4
PHT SpA,blk_01529,1,2
PIERRE FABRE DERMATOLOGIE REPRESENTED BY INSTITUT DE RECHERCHE PIERRE FABRE,blk_00056,1,33
PIERRE FABRE MDICAMENT,blk_00056,1,33
PIERRE FABRE MEDICAMENT - IRPF,blk_00056,1,33
PIERRE FABRE MEDICAMENT -IRPF- PIERRE FABRE INNOVATION,blk_00056,1,33
PIERRE FABRE MEDICAMENT represented by Institut de Recherche Pierre Fabre,blk_00056,1,33
PILA PHARMA,blk_02282,1,2
PILA PHARMA AB,blk_02282,1,2
PLIVA HRVATSKA d.o.o.,blk_01530,1,3
PLIVA Research and Development Ltd.,blk_01530,1,3
PLymouth Hospitals NHS Trust,blk_00352,1,6
POLICHEM,blk_00885,1,3
POXEL,blk_01531,1,4
PPM SERVICES SA,blk_00882,1,3
PRESURGY S.L.,blk_02283,1,2
"PRIMENT Clinical Trials Unit, UCL",blk_00904,1,19
PROBELTE PHARMA S.A.,blk_01110,1,2
PROF. ANTONELLA GIANNANTONI - CLINICA UROLOGICA - UNIVERSIT DI PERUGIA,blk_00770,1,8
"PROF.EFISIO PUXEDDU, SEZIONE MEDICINA INTERNA SCIENZE ENDOCRINE E METABOLICHE, UNIVERSIT DI PERUGIA",blk_00770,1,8
PRZEDSIEBIORSTWO FARMACEUTYCZNE LEK-AM SPKA Z OGRANICZONA ODPOWIEDZIALNOSCIA,blk_00563,1,11
PTC Therapeutics Inc,blk_00283,1,6
Pacira Pharmaceuticals Inc.,blk_01103,1,2
"Paediatric Pulmonary Service, Department of Paediatrics and Adolescent Medicine, Rigshospitalet, Copenhagen, Denmark",blk_01898,1,4
Paediatrisches Forschungsnetzwerk gGmbH / PROFIL Institut fuer Stoffwechselforschung GmbH,blk_00486,1,5
Paediatrisches Sekretariat fuer Klinische Studien,blk_00142,1,19
Paion Pharma GmbH,blk_01101,1,3
Palau Pharma S.A.,blk_02278,1,5
Palau Pharma S.L.,blk_02278,1,5
Palau Pharma SA,blk_02278,1,5
"Palliativ medicinsk afdeling, Bispebjerg Hospital",blk_00122,1,28
Palo Biofarma S.L.,blk_02284,1,5
PaloBiofarma S.L.,blk_02284,1,5
Palobiofarma S.L,blk_02284,1,5
Palobiofarma S.L.,blk_02284,1,5
"Palobiofarma, S.L",blk_02284,1,5
Panntherapi / Eurofins Optimed,blk_01983,1,3
Pantarhei Bioscience BV / S.A. Odyssea Pharma,blk_01104,1,3
Pantec Biosolution AG,blk_01533,1,2
Papworth Hospital,blk_00620,1,5
Papworth Hospital NHS Foundation Trust - Research and Development Department,blk_00620,1,5
Papworth Hospital NHS Trust,blk_00620,1,5
Paracelsus Medical University,blk_01911,1,6
Paracelsus Medizinische Universitt - Universittsklinik fr Ansthesie,blk_01911,1,6
"Paracelsus Mediznische Privatuniversitt, Universittsklinik fr Ansthesiologie, perioperative Medizin und Intensiv",blk_01902,1,2
Paradigm Biopharmaceuticals,blk_02285,1,2
Paradigm Biopharmaceuticals (USA) Inc.,blk_02285,1,2
"Paratek Pharma, LLC, a wholly-owned subsidiary of Paratek Pharmaceuticals, Inc.",blk_01502,1,33
"Paratek Pharmaceuticals, Inc.",blk_01534,1,2
Parc Tauli Hospital Universitari,blk_01367,1,2
Park-Klinikum,blk_01678,1,2
Parnassia-BAVO groep / St. Elisabeth Ziekenhuis / University Medical Center Utrecht,blk_00038,1,30
Parque Cientfico de la Universidad de Valladolid,blk_01359,1,7
Passage Bio Inc.,blk_02286,1,2
"Passage Bio, Inc.",blk_02286,1,2
Patara Pharma,blk_01537,1,2
"Pdiatrische Endokrinologie, Universittsmedizin Berlin, Charit",blk_01852,1,4
"Pearl Therapeutics, Inc. Pearl",blk_00722,1,3
Pediatric Cardiology,blk_00888,1,8
Pediatric Research International GmbH,blk_00888,1,8
"Pediatric Unit, Hillerd Hospital",blk_02087,1,2
Pediatrics,blk_01896,1,6
Pedro Villarejo CamposHospital Universitario Ciudad Real,blk_02091,1,4
Peer Tfelt-Hansen,blk_01286,1,3
"Penine Acute NHS Trust, North Manchester General Hospital",blk_00264,1,40
"Peninsula Pharmaceuticals, Inc",blk_02287,1,2
"Peninsula Pharmaceuticals, Inc.",blk_02287,1,2
PentixaPharm GmbH,blk_01539,1,2
PepTcell Limited trade name SEEK,blk_01675,1,2
Peptimmune Inc.,blk_02279,1,2
Per F. Jensen,blk_01549,1,2
Per H. Rosenberg,blk_02288,1,2
Per Rosenberg,blk_02288,1,2
Peregrine Pharmaceuticals Inc.,blk_02289,1,2
"Peregrine Pharmaceuticals, Inc.",blk_02289,1,2
Pertti Suominen,blk_02290,1,2
Pertti Suominen / Pertti Suominen,blk_02290,1,2
Pfizer ApS,blk_01540,1,40
Pfizer Consumer Healthcare Comm. VA/SCA,blk_00188,1,24
Pfizer Consumer Healthcare cva/sca,blk_00188,1,24
"Pfizer Consumer Healthcare, Pfizer Health AB",blk_00188,1,24
"Pfizer Corporation Austria Ges.m.b.H., Clinical Research",blk_00547,1,8
Pfizer Corporation Austria GmbH,blk_00547,1,8
Pfizer Denmark,blk_00912,1,7
Pfizer Espaa,blk_01540,1,40
Pfizer Global Pharmaceutical Group,blk_01540,1,40
"Pfizer Global Research  Development Ltd, Clinical R  D, IPC 137",blk_01540,1,40
"Pfizer Global Research  Development, La Jolla Laboratories",blk_00864,1,5
Pfizer Hellas A.E.,blk_01540,1,40
"Pfizer Inc 235 East 42nd Street, New York, NY 10017",blk_01540,1,40
"Pfizer Inc 235 East 42nd Street, New York, NY 10017 US",blk_01540,1,40
"Pfizer Inc,",blk_01540,1,40
"Pfizer Inc, 235 East 42nd Street, New York City, NY 10017",blk_01540,1,40
"Pfizer Inc, 235 East 42nd Street, New York, NY  10017",blk_01540,1,40
"Pfizer Inc, 235 East 42nd Street, New York, NY 10017 US",blk_01540,1,40
"Pfizer Inc, 235 East 42nd Street, New York, NY 10017, US",blk_01540,1,40
"Pfizer Inc, 235 East 42nd Street, New York, NY 10017, United States",blk_00337,1,11
"Pfizer Inc, 235 East 42nd Street, New York, NY 1007",blk_01540,1,40
"Pfizer Inc, 235 East 42nd Street, New York, NY10017",blk_01540,1,40
"Pfizer Inc, 235 East 42nd Street, New York,NY 10017",blk_01540,1,40
"Pfizer Inc, 253 East 42nd Street, New York, NY 10017",blk_01540,1,40
"Pfizer Inc,235 East 42nd Street,New York,NY 10017",blk_01540,1,40
"Pfizer Inc.   235 East 42nd Street, New York, NY 10017, USA",blk_01540,1,40
"Pfizer Inc.  235 East 42nd Street, New York, NY 10017",blk_01540,1,40
Pfizer Inc. - La Jolla laboratories,blk_00864,1,5
Pfizer Inc. - Research  Development,blk_02291,1,17
Pfizer Inc. / Pfizer Inc.,blk_02291,1,17
Pfizer Inc. 235 East 42nd Street NY10017,blk_02291,1,17
"Pfizer Inc. 235 East 42nd Street, New York NY10017",blk_01635,1,23
"Pfizer Inc. 235 East 42nd Street, New York, 10017 USA",blk_01635,1,23
"Pfizer Inc. 235 East 42nd Street, New York, NY 10017, USA",blk_01635,1,23
"Pfizer Inc. 235 East 42nd Street, New York,NY 10017",blk_01635,1,23
"Pfizer Inc. NYO-685-21-14,685 3rd Avenue,  NEW YORK, NY 10017. US",blk_01635,1,23
"Pfizer Inc., 235 42nd Street, New York, NY 10017, USA",blk_01635,1,23
"Pfizer Inc., 235 East 42nd Road, New York, NY 10017",blk_01635,1,23
"Pfizer Inc., 235 East 42nd Streeet, New York, NY 10017",blk_01635,1,23
"Pfizer Inc., 235 East 42nd Street, New York,  NY 10017",blk_01635,1,23
"Pfizer Inc., 235 East 42nd Street, New York, NY 10017, US",blk_01635,1,23
"Pfizer Inc., 235 East 42nd Street, New York, NY 10017, United states",blk_00337,1,11
"Pfizer Inc., 235 East 42nd Street, New York, NY 110017",blk_01635,1,23
"Pfizer Inc., 235 East 42nd Street, New York, NY10017",blk_01635,1,23
"Pfizer Inc., 235 East 42nd Street,New York,NY 10017",blk_01635,1,23
"Pfizer Inc., 66 Hudson Boulevard East New York, NY 10001",blk_01635,1,23
"Pfizer Inc., East 42nd Street, New York, NY 10017",blk_01635,1,23
"Pfizer Inc.,235 East 42nd Street,New York,NY 10017",blk_01635,1,23
"Pfizer Limited, Ramsgate Road, Sandwich, CT13 9NJ Kent, UK",blk_01966,1,15
"Pfizer Limited, Ramsgate Road, Sandwich, Kent",blk_01966,1,15
"Pfizer Limited, Ramsgate Road, Sandwich, Kent CT13 9NJ",blk_01966,1,15
"Pfizer Limited, Ramsgate Road, Sandwich, Kent UK",blk_01966,1,15
"Pfizer Limited, Ramsgate Road, Sandwich, Kent,CT13 9NJ,UK",blk_01966,1,15
Pfizer Limited. Pfizer Global Research and Development,blk_02291,1,17
"Pfizer Ltd, Ramsgate Rd, Sandwich, Kent, United Kingdom",blk_00337,1,11
"Pfizer Ltd, Ramsgate Road, Sandwich CT139NJ, UK",blk_02291,1,17
"Pfizer Ltd, Ramsgate Road, Sandwich, Kent",blk_01966,1,15
"Pfizer Ltd, Ramsgate Road, Sandwich, Kent UK",blk_01966,1,15
"Pfizer Ltd, Ramsgate Road, Sandwich, Kent, CT13 9NJ UK",blk_01966,1,15
"Pfizer Ltd, Ramsgate Road, Sandwich, Kent, UK",blk_01966,1,15
"Pfizer Ltd, Sandwich, UK",blk_02291,1,17
"Pfizer Ltd,Ramsgate Road,Sandwich CT13 9NJ",blk_02291,1,17
"Pfizer Ltd,Ramsgate Road,Sandwich,Kent CT13 9NJ",blk_01966,1,15
"Pfizer Ltd. Ramsgate Road, Sandwich, Kent, CT13 9NJ, UK",blk_01966,1,15
"Pfizer Ltd. Ramsgate Road, Sandwich, Kent, UK",blk_01966,1,15
"Pfizer Ltd., Ramsgate Road, Sandwich, Kent. CT13 9NJ UNITED KINGDOM",blk_00337,1,11
"Pfizer Ltd., Ramsgate Road,Sandwich,Kent,CT13 9NJ,United Kingdom",blk_00337,1,11
Pfizer Luxembourg SARL Latvia Branch,blk_02291,1,17
Pfizer NV/SA,blk_02291,1,17
Pfizer SA/NV,blk_02291,1,17
Pfizer Worldwide Research and Development,blk_02291,1,17
Pfizer bv,blk_02291,1,17
"Pfizer limited, Ramsgate Road, Sandwich, Kent, CT13 9NJ, UK",blk_01966,1,15
"Pfizer, Inc",blk_02291,1,17
"Pfizer, S. A.",blk_02291,1,17
"Pfizer, S.L.U.",blk_02291,1,17
Pfizer. S.A,blk_02291,1,17
PharOS Pharmaceutical Oriented Services Single Member Ltd.,blk_00917,1,4
PharOS Pharmaceutical Oriented Servises Ltd. / CCDRD Cooperative Clinical Drug Research and Development AG,blk_00968,1,16
Pharma Mar SA Unipersonal,blk_00206,1,34
"Pharma Mar SA, Sociedad Unipersonal",blk_00206,1,34
"Pharma Mar SA, sociedad unipersonal",blk_00206,1,34
"Pharma Mar, S.A",blk_00206,1,34
"Pharma Mar, S.A., Sociedad Unipersonal",blk_00206,1,34
Pharma Nord ApS,blk_00219,1,8
Pharma Patent Kft.,blk_01105,1,2
PharmaMar S.A.,blk_02292,1,3
"PharmaMar S.A., Sociedad Unipersonal",blk_02292,1,3
PharmaMar SA unipersonal,blk_02292,1,3
PharmaMar SAU,blk_02098,1,4
PharmaNeuroBoost N.V. PNB,blk_02293,1,2
"Pharmaceutical Research Network, LLC",blk_00315,1,17
"Pharmaceutical Technology and Biopharmacy, University of Groningen",blk_00021,1,22
Pharmaceutical Works Polpharma S.A. Polpharma S. A.,blk_02294,1,3
Pharmacyclics,blk_00351,1,5
Pharmacyclics Switzerland GmbH,blk_00351,1,5
Pharmacyclics. LLC,blk_00351,1,5
Pharmaneuroboost N.V.,blk_02293,1,2
Pharmathen  S.A.,blk_01528,1,4
Pharmaxis Limited,blk_01106,1,5
Pharmazeutische Fabrik Evers  Co. GmbH,blk_00817,1,3
Pharmazeutische Fabrik Montavit Ges.m.b.H.,blk_00817,1,3
Pharming Group NV,blk_00331,1,3
Pharnext,blk_02281,1,4
Pharnext SA,blk_02281,1,4
Pharnext SCA,blk_02281,1,4
Pharvaris Netherlands BV,blk_00390,1,5
Phaxiam therapeutics,blk_01108,1,2
Philipps  Universitt Marburg,blk_00484,1,8
Philipps-University,blk_00484,1,8
Philipps-University of Marburg,blk_00484,1,8
Philogen S.pA.,blk_00131,1,4
Photopharmica,blk_01541,1,2
Pia sterlund and Helena Isoniemi,blk_02081,1,2
"Pieris Pharmaceuticals, GmbH",blk_02295,1,2
"Pieris Pharmaceuticals, Inc.",blk_02295,1,2
Pierre Fabre Dermatologie represented by IRPF,blk_00056,1,33
Pierre Fabre Dermatologie represented by the Institut de Recherche Pierre Fabre IRPF,blk_00056,1,33
"Pierre Fabre Dermatologie, Represented by Institut de Recherche Pierre Fabre",blk_00056,1,33
Pierre Fabre Dermo-cosmtique,blk_00056,1,33
Pierre Fabre Ibrica S.A. as legal representative of Pierr Fabre Mdicament,blk_00056,1,33
"Pierre Fabre Ibrica, S.A. en representacin de Pierre Fabre Mdicament",blk_00056,1,33
Pierre Fabre Mdicament Represented by Institut de Recherche Pierre Fabre,blk_00056,1,33
Pierre Fabre Mdicament represented by IRPF,blk_00056,1,33
Pierre Fabre Mdicament represented by the Institut de Recherche Pierre Fabre IRPF,blk_00056,1,33
Pierre Fabre Mdicament/Institut de Recherche Pierre Fabre,blk_00056,1,33
Pierre Fabre Medicament / Fondation EspeRare,blk_00056,1,33
Pierre Fabre Medicament represented by IRPF,blk_00056,1,33
Pierre Fabre dermatologie,blk_00056,1,33
Piramal Imaging Ltd,blk_02296,1,3
Piramal Imaging SA,blk_02296,1,3
Piramal Life Sciences Limited,blk_02296,1,3
"Pliant Therapeutics, Inc",blk_01543,1,2
"Plymouth Hospital NHS Trust, RD dept",blk_00352,1,6
Pohjois-Pohjanmaan hyvinvointialue,blk_00884,1,2
Pohl-Boskamp GmbH  Co. KG,blk_00591,1,3
Point Biopharma Inc.,blk_01149,1,2
Polaris Group,blk_01544,1,2
Policlinico A. Gemelli,blk_00017,1,9
Policlinico Gemelli-CIC- UCSC,blk_00017,1,9
Policlinico San Donato S.p.A.,blk_01034,1,4
Policlinico Universitario Agustino Gemelli,blk_00017,1,9
Policlinico di Bari-UO Gastroenterologia,blk_00479,1,5
Polish Adult Leukaemia Group PALG,blk_02297,1,2
Polish Adult Leukemia Group,blk_02297,1,2
Polish Lymphoma Research Group - PLRG,blk_00437,1,22
Polish Lymphoma Research Group PLRG,blk_00437,1,22
Polpharma S.A.,blk_02294,1,3
Polski Bank Komrek Macierzystych JSC PBKM,blk_01999,1,2
Polyphor Ltd,blk_00886,1,3
Polypid Ltd.,blk_01545,1,2
Population Council - Center for Biomedical Research,blk_00432,1,15
"Population Health Research Institute, McMaster University/Hamilton Health Sciences",blk_00465,1,6
Population health Research Institute,blk_00887,1,4
Portola Pharma UK Ltd,blk_01109,1,3
Portsmouth Hospitals NHS trust,blk_00621,1,4
Portsmouth Hospitals Trust,blk_00621,1,4
"Portsmouth Institution Medicine, Health  Social Care, Portsmouth University / Research  Development Unit, Queen Alexandra Hospital",blk_00621,1,4
Portuguese Lung Cancer Study Group,blk_00309,1,14
"Pr Giampiero CAMPANELLI Universit di Milano, Dipartimento di Scienze Chirurgiche, Ospedale Maggior",blk_02298,1,2
Pr I Johansson,blk_02298,1,2
Prague Psychiatric Center,blk_01661,1,9
Prague Psychiatric Centre,blk_01661,1,9
Praxis Pharmaceutical S.A.,blk_00485,1,3
Precision Biosciences Inc.,blk_00485,1,3
"Premacure AB, A Member of the Shire Group of Companies",blk_00286,1,30
"Premacure AB, A member of the Shire Group of Companies",blk_00286,1,30
Prestige BioPharma Pte Ltd,blk_01546,1,3
Prestige Biopharma Limited,blk_01546,1,3
Presurgy S.L.,blk_02283,1,2
Prima BioMed,blk_02299,1,2
Prima BioMed Ltd,blk_02299,1,2
Princess Alexandra Hospital,blk_02300,1,2
Princess Maxima Center for pediatric oncology,blk_00888,1,8
Princess Mxima Center of Pediatric Oncology,blk_00888,1,8
Principia Biopharma,blk_01547,1,4
Principia Biopharma Australia Pty Ltd,blk_01547,1,4
Principia Biopharma Inc,blk_01547,1,4
Private Universitt Witten/Herdecke gGmbH,blk_01631,1,5
"Privatrztliche urologische Partnerschaft GbR, EuromedClinic",blk_02301,1,2
Prncipe de Asturias University Hospital,blk_01362,1,3
"ProFibrix, A wholly owned subsidary of the Medicines Company",blk_01502,1,33
ProMetic BioSciences Inc.,blk_01550,1,4
ProMetic BioTherapeutics Inc.,blk_01550,1,4
ProQR Therapeutics VIII B.V.,blk_00725,1,3
Procter  Gamble  Technical Centres Limited,blk_00391,1,8
Procter  Gamble Ltd,blk_00391,1,8
Procter  Gamble Pharmaceuticals Inc,blk_00391,1,8
"Procter  Gamble Technical Centres Ltd., UK",blk_00391,1,8
Procter and Gamble,blk_00391,1,8
Procter and Gamble Pharmaceuticals,blk_00391,1,8
"Prof  Allan Glanville, St Vincents Hospital",blk_01597,1,3
Prof David Cunningham,blk_01880,1,3
Prof V Lund,blk_00536,1,14
Prof Vassilis Georgoulias,blk_01638,1,3
Prof. Asbjrn Mohr Drewes,blk_01741,1,2
"Prof. B. Wiedenmann, Klinik fr Gastroenterologie, Charit, Campus Virchow",blk_01283,1,19
Prof. Dr. Karl-Heinz Emmerich,blk_02144,1,6
Prof. Dr. R. Kreutz Leiter der Abteilung Klinische Pharmakologie der Charite Berlin,blk_01626,1,11
"Prof. Dr. med. Milos Opravil, Universittsspital Zrich",blk_02302,1,4
Prof. Dr.Christian Werner,blk_01461,1,2
"Prof. Gustav Dobos, Kliniken Essen Mitte",blk_00308,1,14
"Prof. Heinz Ludwig, MD, Wilhelminenspital, First Department of Medicine and Medical Oncology",blk_02303,1,2
Prof. M.A. Dimopoulos,blk_02224,1,3
"Prof. Ola Wins, Anesthesia and Intensive Care Medicine, Norrlands University Hospiatal",blk_02258,1,4
Prof. Salvatore Grisanti,blk_00404,1,5
"Prof. Sechtem, Department of Cardiology, Robert Bosch Hospital",blk_01931,1,4
Prof. Stefano Gandolfi-Universita degli studi di Parma,blk_00362,1,7
"Prof. dr L.H. van den Berg, UMC-Utrecht",blk_00038,1,30
Professor Anita Leys - Dienst Oftalmologie UZ St. Rafal,blk_00022,1,39
"Professor Hans Erik Johnsen, MD, DMSc, Department of Haematology, Aalborg Hospital",blk_00164,1,27
Professor Joergen Berg Dahl,blk_00622,1,4
"Professor Peter Humaidan, The Fertility Clinic Skive",blk_01609,1,5
Professor Reich,blk_01548,1,2
"Professor, DMSc Tina Vilsbll",blk_01317,1,2
"Professor, Ph.d. MD. Filip Krag Knop",blk_02280,1,3
Profil Institut fuer Stoffwechselforschung GmbH,blk_00486,1,5
"Programa de Medicina Molecular y Gentica, Hospital Vall dHebron",blk_01314,1,16
Prokrea BCN S.L.,blk_02304,1,2
Prokrea Bcn S.L.,blk_02304,1,2
Promedior Inc,blk_02305,1,3
"Promedior, Inc",blk_02305,1,3
"Promedior, Inc.",blk_02305,1,3
Prometic Biosciences Inc.,blk_01550,1,4
Prosensa Therapeutics B.V,blk_02306,1,3
Prosensa Therapeutics B.V.,blk_02306,1,3
Prosensa Therapeutics BV,blk_02306,1,3
Prosidion Ltd,blk_02265,1,3
Prosidion Ltd.,blk_02265,1,3
Protagonist Therapeutics Inc.,blk_01551,1,3
Protalix Biotherapeutics Ltd.,blk_00623,1,3
"Protein Design Labs, Inc",blk_01111,1,3
Proteo Biotech AG,blk_02307,1,2
Proteostasis Therapeutics,blk_02308,1,2
"Proteostasis Therapeutics, Inc.",blk_02308,1,2
Prothena Biosciences Limited,blk_01112,1,3
"Protherics Medicines Development Ltd, a BTG plc company",blk_00962,1,2
"Protherics Salt Lake City, Inc",blk_01861,1,3
Prothya Biosolutions BV,blk_02309,1,2
Prothya Biosolutions Netherlands B.V.,blk_02309,1,2
Proveca Ltd.,blk_02310,1,2
Proveca Pharma LTD,blk_02310,1,2
Provention Bio Inc.,blk_01113,1,2
"Provident Clinical Research  Consulting, Inc.",blk_02079,1,2
Provincia Lombardo Veneta Dell’Ordine Ospedaliero Di San Giovanni Di Dio Fatebenefratelli,blk_02103,1,3
Provincia Religiosa di S.Pietro Ordine Ospedaliero San Giovanni di Dio Fatebenefratelli,blk_02103,1,3
Przedsibiorstwo Produkcji Farmaceutycznej P.P.F.HASCO-LEK S.A.,blk_00867,1,2
Psioxus Therapeutics Limited,blk_01552,1,3
Psioxus Therapeutics Ltd.,blk_01552,1,3
Psychiatric Centre Copenhagen,blk_02256,1,5
Psychiatric Centre Prague,blk_01661,1,9
Psychiatric Hospital,blk_02256,1,5
Psychiatric Research Unit,blk_02256,1,5
"Psykiatri Nordvst, Karolinska Universitetssjukhuset Solna",blk_02147,1,4
Psykiatrisk Center Rigshospitalet,blk_01114,1,4
Public Health Service Amsterdam,blk_01018,1,3
Pulmocide Limited,blk_00726,1,2
"Pulmonary Department, Gentofte Hospital",blk_00234,1,29
Pulmonary dept. Gentofte Hospital,blk_00234,1,29
"PureTech LYT 100, Inc.",blk_02311,1,2
Puretech Lyt 100 Inc.,blk_02311,1,2
Q-MED AB,blk_00662,1,6
Q-Med AB,blk_00662,1,6
QED Therapeutics Inc. / Qed Therapeutics Inc.,blk_00889,1,3
QMUL and Barts Health NHS trust,blk_00245,1,12
QUALISSIMA,blk_02312,1,2
QUEEN MARY UNIVERSITY OF LONDON,blk_00148,1,25
"QUEEN MARY, UNIVERSITY OF LONDON",blk_00148,1,25
"QUIMICA FARMACEUTICA BAYER, S.A.",blk_01772,1,9
"Qilu Pharmaceutical Co., Ltd.",blk_01553,1,2
Qualissima,blk_02312,1,2
Quark Pharmaceuticals Inc.,blk_00728,1,2
Queen Charlottes and Chelsea Hospital,blk_00975,1,10
"Queen Mary Innovation Centre, Queen Mary University of London",blk_00148,1,25
Queen Mary Medical University of London,blk_00148,1,25
Queen Mary University of London / Medical Research Council,blk_00148,1,25
"Queen Mary University of London, Joint Research Management Office",blk_00148,1,25
"Queen Mary and Westfield College, University of London",blk_00148,1,25
Queen Mary university of London,blk_00148,1,25
"Queen Mary, University of London QMUL",blk_00148,1,25
"Queen Marys School of Medicine  Dentistry, University of London",blk_00148,1,25
Queen Marys University of London,blk_00148,1,25
"Queen Marys, University of London",blk_00148,1,25
Queen Silvias Childrens and Adolescents Hospital,blk_02313,1,2
Queen Silvias Childrens hospital,blk_02313,1,2
Queen Victoria Hospital,blk_01554,1,7
Queen's University,blk_00148,1,25
"Queens Medical Centre, Nottingham, University Hospital NHS Trust,",blk_00060,1,19
Queens Medical centre,blk_02154,1,2
"R  D Directorate,Central Manchester and Manchester Childrens University Hospitals NHS Trust",blk_00264,1,40
"R  D, Cambridge University Hospitals",blk_00123,1,28
"R+ D department, Hull and East Yorkshire NHS Hospital Trust",blk_00273,1,23
R-Pharm,blk_01299,1,17
"R-Pharm International, LLC.",blk_01299,1,17
RACD Cardiff University,blk_00071,1,9
RADBOUD UNIVERSITY MEDICAL CENTER,blk_00061,1,31
"RADIUS HEALTH, INC",blk_01557,1,5
RD Addenbrookes Hospital,blk_01701,1,9
"RD Department, / Cambridge Clinical Trials Unit",blk_00123,1,28
"RD Department, Box 146, Addenbrookes Hospital",blk_01701,1,9
"RD department, Hull and East Yorkshire Hospitals NHS Trust",blk_00273,1,23
"RD, Barts and The London NHS Trust",blk_00245,1,12
REA DE ATENCIN  INTEGRADA DE ALBACETE,blk_02314,1,2
REA DE ATENCIN INTEGRADA DE ALBACETE,blk_02314,1,2
READE,blk_00890,1,4
RECKITT BENCKISER HEALTHCARE,blk_00353,1,17
RECORDATI,blk_00730,1,11
RECORDATI S.P.A.,blk_00730,1,11
RECORDATI S.p.A,blk_00730,1,11
REPHA GmbH,blk_00489,1,3
REPRODUCCION BILBAO GINEGORAMA SL,blk_02315,1,2
REVOTAR Biopharmaceuticals AG,blk_01564,1,2
RIEMSER Pharma GmbH,blk_00729,1,3
RIVM / Clinical Trials and Research Governance / Turun Yliopisto,blk_00544,1,10
"ROCHE FARMA, S.A.",blk_00226,1,40
ROCHE HELLAS S.A.,blk_02316,1,4
ROCHE S.p.A.,blk_00126,1,8
RONTIS HELLAS S.A.,blk_02316,1,4
ROTTAPHARM BIOTECH S.R.L.,blk_01121,1,8
ROXALL Medicina Espaa S.A.,blk_00207,1,4
ROXALL Medizin GmbH / ROXALL Medizin GmbH,blk_00207,1,4
RWTH Aachen,blk_00625,1,31
RWTH Aachen Clinical Trials Center Aachen CTC-A,blk_00625,1,31
"RWTH Aachen University for the Medical Faculty, represented by Center for Transitional  Clinical Research Aachen CTC-A",blk_00625,1,31
"RWTH Aachen University for the Medical Faculty, represented by Clinical Trial Center Aachen CTC-A",blk_00625,1,31
"RWTH Aachen University for the Medical Falculty, represented by Clinical Trial Center Aachen CTC-A",blk_00625,1,31
"RWTH Aachen University represented by the Rector, himself, represented by the Dean of the Medical Faculty",blk_00625,1,31
"RWTH Aachen University represented by the Rector, represented by the Dean of the Medical Faculty",blk_00625,1,31
"RWTH Aachen University, represented by the Clinical Trial Center CTC-A",blk_00625,1,31
"RWTH Aachen University, represented by the Rector, himself represented by Clinical Trial Center CTC-A / RWTH Aachen University, represented by the Rector, himself represented by Clinical Trial Center CTC-A / RWTH Aachen University, represented by the Rector, himself represented by Clinical Trial Center CTC-A",blk_00625,1,31
"RWTH Aachen University, represented by the Rector, himself, represented by the Dean of the Medical Faculty",blk_00625,1,31
"RWTH Aachen University, represented by the rector, himself represented by Clinical Trial Center Aachen CTC-A",blk_00625,1,31
RWTH Aachen University/CTC-A,blk_00625,1,31
RWTH Aachen vertreten durch das CTC-A,blk_00625,1,31
"RWTH Aachen, Medizinische Fakultt",blk_00625,1,31
"RWTH Aachen, represented by the Rector, himself represented by the Dean of the Medical Faculty",blk_00625,1,31
"RWTH Aachen, represented by the rector, himself represented by the dean of the Medical Faculty",blk_00625,1,31
Radboud Universitair Medisch Centrum,blk_00029,1,40
Radboud Universiteit Nijmegen,blk_00061,1,31
Radboud University  Medical Centre,blk_00061,1,31
"Radboud University Medical Centre, department of Psychiatry",blk_01864,1,5
"Radboud University Nijmegen Medical Center, Department of Anaesthesiology, Pain and Palliative Medic",blk_00061,1,31
Radboud University Nijmegen Medical Centre - Department of Dermatology,blk_00061,1,31
Radboud University Nijmegen Medical Centre / Rotterdam Eye Hospital,blk_00061,1,31
"Radboud University Nijmegen Medical Centre, Department of Endocrinology",blk_00061,1,31
"Radboud University Nijmegen Medical Centre, Donders Institute for Brain, Cognition and Behaviour",blk_00061,1,31
"Radboud University Nijmegen Medical Centre, department of Rheumatic Diseases",blk_00061,1,31
Radboud University medical centre,blk_00061,1,31
Radboud umc,blk_00042,1,36
Radboud university nijmegen medical centre,blk_00061,1,31
Radboudumc / Sint Maartenskliniek,blk_00082,1,6
"Radboudumc, Amalia Childrens Hospital, Department of Pediatrics",blk_00082,1,6
Radiological dept. Aalborg Hospital,blk_00164,1,27
"Radiumhemmet, Karolinska University Hospital",blk_02317,1,2
"Radiumhemmet, Karolinska University Hospital, Stockholm, Sweden",blk_02317,1,2
"Radius Health, Inc",blk_01557,1,5
"Radius Pharmaceuticals, Inc.",blk_01557,1,5
Rafael Lpez Lpez,blk_00868,1,3
Rafael Martinez Sanz. Servicio de Ciruga Cardiovascular. Hospital Universitario de Canarias,blk_00837,1,9
"Rafael Pharmaceuticals, Inc",blk_02016,1,3
"Rafael Pharmaceuticals, Inc.",blk_02016,1,3
"Rainer Rupprecht, Klinik und Poliklinik fr Psychiatrie und Psychotherapie der Universitt Regensburg am Bezirksklinikum",blk_00563,1,11
Rakuten Medical Inc.,blk_02318,1,2
"Rakuten Medical, Inc.",blk_02318,1,2
Rallybio Ipa LLC,blk_02319,1,2
"Rallybio, IPA, LLC",blk_02319,1,2
Ramn Caete Estrada,blk_01955,1,3
Ramsay Generale De Sante / Groupement de Coopération Sanitaire Ramsay Santé pour l’Enseignement et la Recherche,blk_00832,1,3
Randers Regional Hospital,blk_01857,1,5
Rare Partners s.r.l. Impresa Sociale,blk_00315,1,17
Ratiopharm GmbH,blk_02320,1,3
Ratiopharm GmbH Teva EU Medical Affairs,blk_02320,1,3
Razor Genomics Inc. / Intergroupe Francophone De Cancerologie Thoracique,blk_00298,1,6
ReViral Ltd,blk_01558,1,2
Reade Jan van Breemen Instituut,blk_00890,1,4
Reata Pharmaceuticals Inc. / Reata Pharmaceuticals Inc.,blk_00545,1,4
"Reata Pharmaceuticals, Inc",blk_00545,1,4
Reata UK Limited,blk_00545,1,4
Reckitt Benckiser,blk_00353,1,17
Reckitt Benckiser Healthcare (UK) Limited,blk_00353,1,17
Reckitt Benckiser Healthcare International,blk_00353,1,17
Reckitt Benckiser Healthcare International Limited,blk_00353,1,17
Reckitt Benckiser Healthcare International Ltd,blk_00353,1,17
Reckitt Benckiser Healthcare UK LTD,blk_00353,1,17
Reckitt Benckiser Healthcare UK Limited / Reckitt Benckiser Healthcare UK Limited,blk_00353,1,17
Reckitt Benckiser Healthcare UK Ltd.,blk_00353,1,17
Reckitt Benckiser Pharmaceuticals,blk_00353,1,17
Reckitt Benckiser Pharmaceuticals Inc.,blk_00353,1,17
Reckitt Benckiser UK Limited,blk_00353,1,17
Reckitt Benkiser Healthcare UK Ltd,blk_00353,1,17
Recordati Industria Chimica e Farmaceutica S.p.A,blk_00214,1,11
Recordati S.p.A,blk_00730,1,11
Recordati S.p.A.,blk_00730,1,11
"Recordati S.p.A.,",blk_00730,1,11
Red Andaluza De Diseno Y Traslacion De Terapias Avanzadas Fundacion Publica Andaluza Progreso Y Salud / Red Andaluza De Diseno Y Traslacion De Terapias Avanzadas Fundacion Publica Andaluza Progreso Y Salud,blk_00294,1,27
Red Andaluza de Diseo y Traslacin de Terapias Avanzadas-Fundacin Progreso y Salud,blk_00419,1,12
Red De Apoyo A La Investigacion Clinica En Hematologia Y Hemoterapia S.L. / Vall D Hebron Institute Of Oncology,blk_00268,1,40
RedHill Biopharma Limited,blk_01115,1,2
Redx Pharma plc,blk_01559,1,2
"Regado Biosciences, Inc",blk_02321,1,2
"Regado Biosciences, Inc.",blk_02321,1,2
Regeneron Pharmaceuticals. Inc.,blk_00040,1,4
Regensburg University Medical Center,blk_00752,1,19
"Regensburg University Medical Center, Department of Surgery",blk_00752,1,19
Regents of the University of Michigan,blk_00891,1,3
Region Dalarna,blk_01352,1,4
Region Hospital Silkeborg,blk_02322,1,3
Region Hovedstaden / Frederiksberg Hospital,blk_00109,1,5
Region Hovedstaden / Region Hovedstaden,blk_00109,1,5
Region Hovedstadens Psykiatriske / Psykiatrisk Center Kobenhavn,blk_01114,1,4
Region Hovedstadens psykiatriske hospital,blk_01116,1,2
"Region Jnkping, Sweden / Region stergtland, Sweden",blk_00393,1,9
Region Joenkoepings Laen,blk_00487,1,3
Region Oerebro Laen / Gottsegen National Cardiovascular Center / Národny ustav srdcovych a cievnych chorob a.s. / University Of Pecs,blk_00487,1,3
"Region Sjlland, Slagelse Hospital",blk_01542,1,3
Region Skane / Region Skane,blk_00120,1,5
Region Skane / University Hospitals Plymouth NHS Trust,blk_00120,1,5
Region Skane Skanes Universitetssjukhus / Region Skane Skanes Universitetssjukhus,blk_00120,1,5
"Region Skne - Kliniska Studier Sverige, Forum Sder",blk_00354,1,15
"Region Skne, Universitetssjukhuset i Lund, Urologiska kliniken",blk_00354,1,15
Region Skåne,blk_00120,1,5
Region Stockholm Folktandvarden,blk_00731,1,6
Region Vaesternorrland / Umea University,blk_02323,1,4
Region Vasterbotten / Umea University,blk_02323,1,4
Region Västerbotten / Umea University,blk_02323,1,4
Region rebro,blk_00400,1,9
Region rebro Ln,blk_00400,1,9
Region skne- Hssleholms sjukvrdsorganisation,blk_00354,1,15
"Regional Dementia Research Centre, Dept of Neurology",blk_01287,1,19
Regional Hospital of Randers,blk_01857,1,5
Regionalhospital Silkeborg,blk_02322,1,3
Regionshospital Nordjylland,blk_01727,1,2
Regionshospital skive,blk_01609,1,5
Regulon ..,blk_02324,1,2
Regulon AE,blk_02324,1,2
Rehabilitation Department. Hospital mtua de Terrassa,blk_02067,1,3
Reinier Haga Groep Orthopedisch Centrum B.V.,blk_00488,1,3
Reinier de Graaf Hospital,blk_00488,1,3
Relypsa Inc,blk_01117,1,3
"Relypsa, Inc",blk_01117,1,3
Remegen Co. Ltd.,blk_02325,1,2
Remegen Co. Ltd. / Remegen Co. Ltd.,blk_02325,1,2
Rempex Pharmaceuticals Inc.,blk_01560,1,2
Remynd,blk_02326,1,2
Renal Clinic Heidelberg,blk_00338,1,40
Reneo Pharmaceuticals Inc.,blk_01118,1,2
Repare Therapeutics,blk_01561,1,2
Reproduccin Bilbao. Ginegorama S.L.,blk_02315,1,2
"Research  Development Department, Addenbrookes Hospital",blk_01701,1,9
"Research  Development Department, Hull  East Yorkshire Hospitals NHS Trust",blk_00273,1,23
"Research  Innovation Services, University of Dundee",blk_00067,1,21
Research Center for Emergency Medicine  Department of Clinical Medicine Aarhus University,blk_02327,1,2
Research Center for Emergency Medicine Department of Clinical Medicine Aarhus University,blk_02327,1,2
"Research Governance and Integrity, University of Manchester",blk_00264,1,40
"Research Governance, University of Leicester",blk_00133,1,21
Research Institute for the prevention of allergy and airway diseases in childhood,blk_01709,1,3
Research Maatschap Cardiologen Rotterdam Zuid,blk_00496,1,8
"Research Programs Unit, Diabetes  Obesity, University of Helsinki",blk_00119,1,34
"Research and Development Department, Addenbrookes NHS Foundation Trust",blk_01701,1,9
"Research and Development Department, University Hospital of South Manchester NHS Foundation Trust",blk_00264,1,40
Research and Development Office Cardiff and Vale NHS Trust / Research and Development Office Cardiff and Vale NHS Trust,blk_00071,1,9
"Research and Development Office, Royal Infirmary of Edinburgh",blk_00150,1,27
Research and Development University Hospital of North Staffordshire / Keele University,blk_01053,1,5
"Research and Development, Barts and The London NHS Trust",blk_00245,1,12
Research and Enterprise Department,blk_01975,1,4
"Research and Enterprise, University of Birmingham",blk_00035,1,36
Research and Innovation Department,blk_00175,1,11
"Research and Innovation, Nottingham University Hospital",blk_00060,1,19
"Research, Development  Innovation Department, UHCW NHS Trust",blk_02328,1,2
"Research, Enterprise  Development RED, University of Bristol",blk_01975,1,4
"Research, Enterprise  Development UOB",blk_01975,1,4
"Respiratory Research Unit 237, Hvidovre Hospital",blk_00221,1,34
"Respiratory Research Unit Hvidovre, Department of Respiratory Medicine, Copenhagen University Hospital Hvidovre",blk_00221,1,34
"Respiratory Research Unit, Bispebjerg Hospital",blk_00122,1,28
"Respiratory Research Unit, Bispebjerg University Hospital",blk_00122,1,28
Respiratory and Allergy research unit,blk_01562,1,3
Respirent Pharmaceuticals Co. Ltd,blk_01556,1,3
Respitatory and Allergy Research Unit,blk_01562,1,3
Rest Therapeutics,blk_01816,1,2
"Retrophin, Inc",blk_02329,1,2
"Retrophin, Inc.",blk_02329,1,2
"Retrotope, Inc",blk_02330,1,2
"Retrotope, Inc.",blk_02330,1,2
RevImmune SAS France,blk_01563,1,2
"Revolution Medicines, Inc.",blk_00439,1,2
"Rezolute, Inc.",blk_01565,1,2
Rheinisch-Westflisch Technische Hochschule Aachen,blk_00169,1,11
Rheinische Friedrich Wilhelms Universität Bonn,blk_00440,1,14
Rheinische Friedrich-Wilhelms-University of Bonn,blk_00440,1,14
"Rheinische Friedrich-Wilhelms-University of Bonn, University Hospital",blk_00440,1,14
Rheinische Friedrichs-Wilhelms-Universitt Bonn,blk_00440,1,14
Rheumazentrum Ruhrgebiet,blk_02331,1,2
Rheumazentrum Ruhrgebiet.,blk_02331,1,2
Rhythm Pharmaceuticals Limited,blk_00546,1,3
Richter Gedeon Rt,blk_00319,1,9
Richter Gedeon Vegyszeti Gyr Rt,blk_00319,1,9
Riemser Pharma GmbH,blk_00729,1,3
Rigel Pharmaceuticals Inc,blk_00490,1,3
Rigel Pharmaceuticals Inc.,blk_00490,1,3
Rigshospital,blk_02332,1,2
"Rigshospital, Finsencenter, Afsnit 3994",blk_02332,1,2
Rigshospitalet - University Hospital of Copenhagen,blk_00171,1,14
Rigshospitalet / Frederiksberg Hospital,blk_01356,1,3
Rigshospitalet 2121,blk_01913,1,40
Rigshospitalet Blegdamsvej,blk_01913,1,40
Rigshospitalet Department of Anaesthesia,blk_00675,1,14
"Rigshospitalet, 2032",blk_01913,1,40
"Rigshospitalet, 2121",blk_01913,1,40
"Rigshospitalet, Center for Aktiv Sundhed, section 7641",blk_01913,1,40
"Rigshospitalet, Centre of Head and Orthopaedics",blk_01913,1,40
"Rigshospitalet, Copenhagen",blk_00171,1,14
"Rigshospitalet, Copenhagen University Hospital",blk_00171,1,14
"Rigshospitalet, Dapartment of of Clinical Physiology, Nuclear Medicine and PET",blk_01905,1,5
"Rigshospitalet, Department of Anaesthesia, Centre of Head and Orthopaedics",blk_01913,1,40
"Rigshospitalet, Department of Clinical Pharmacology",blk_00812,1,31
"Rigshospitalet, Department of Clinical Physiology, Nucelar Medicine and PET",blk_01905,1,5
"Rigshospitalet, Department of Oncology",blk_01913,1,40
"Rigshospitalet, Department of Physiology, Nuclear Medicine and PET",blk_01905,1,5
"Rigshospitalet, Finsen Center",blk_01913,1,40
"Rigshospitalet, Hjertemedicinsk afd. B",blk_01913,1,40
"Rigshospitalet, ITA 4131, Department of Intensive care",blk_01913,1,40
"Rigshospitalet, Kardiologisk afd",blk_01913,1,40
"Rigshospitalet, Klinisk Farmakologisk Afd. Q7642",blk_01913,1,40
"Rigshospitalet, Onkologisk Klinik",blk_01913,1,40
"Rigshospitalet, Psykiatrisk Klinik",blk_01114,1,4
"Rigshospitalet, Ultrasound Clinic 4023",blk_01913,1,40
"Rigshospitalet, University of Copenhagen",blk_00171,1,14
"Rigshospitalet, afd. 2034",blk_01913,1,40
"Rigshospitalet, department of Neurology",blk_01287,1,19
"Rigshospitalet, department of surgical Gastroenterology, C-Tx",blk_01913,1,40
"Rigshospitalet,Cardiology Laboratory 2013",blk_01913,1,40
Rigshospitalet-Glostrup,blk_00813,1,5
Rijksinstituut voor Volksgezondheid en Milieu RIVM,blk_00544,1,10
"Rijnstate Hospital, Arnhem",blk_00491,1,9
Rijnstate hospital,blk_00491,1,9
"Rikshospitalet University Hospital, University of Oslo",blk_01524,1,6
Rikshospitalet-Radiumhospitalet HF,blk_00047,1,36
Rita Fior / Champalimaud Clinical Centre / Rita Fior,blk_01851,1,2
River Vision Development Corporation,blk_01566,1,3
Robert Bosch Gesellschaft fr medizinische Forschung mbH,blk_01931,1,4
Robert Bosch Gesellschaft fuer medizinische Forschung mbH,blk_01931,1,4
Roche Diagnostics GmbH,blk_01254,1,5
Roche Farma S. A. U. que realiza el ensayo en Espaa y que actua como representante F.Hoffmann-La Roche Ltd,blk_00226,1,40
Roche Farma S. A. que realiza el ensayo en Espaa y que acta como representante F. Hoffmann-La Roche Ltd,blk_00226,1,40
Roche Farma S.A.  Soc.Unipersonal que realiza el ensayo en Espaa y que actua como representante de Hoffmann-La Roche.,blk_00226,1,40
Roche Farma S.A. Soc. Unipersonal,blk_00226,1,40
"Roche Farma S.A., en nombre de F. Hoffmann-La Roche Ltd.",blk_00226,1,40
Roche Farma S.A.Soc Uni que realiza el ensayo en Espaa y que acta como representante de F. Hoffmann-La Roche Ltd.,blk_00226,1,40
Roche Farma S.A.U. que realiza el ensayo en Espaa y que acta como representante de F.Hoffmann-La Roche Ltd.,blk_00226,1,40
Roche Farma S.ASoc unipersonalque realiza el ensayo en Espaa y que actua como representante F.Hoffmann-La Roche LTD.,blk_00226,1,40
Roche Farma S.ASoc. Unipersonal que realiza el ensayo en Espaa y acta como representante de F. Hoffmann-La Roche LTD,blk_00226,1,40
Roche Farma SA que realiza un el ensayo en Espaa y que acta como representante de  F. Hoffmann-La Roche Ltd,blk_00226,1,40
"Roche Farma, S.A por delegacin de Genentech, Inc.",blk_00070,1,9
"Roche Farma, S.A. que representa en Espaa a F. Hoffmann-La Roche Ltd",blk_00226,1,40
"Roche Farma, S.A., que representa en Espaa a F. Hoffmann-La Roche Ltd.",blk_00226,1,40
Roche Farma. S.A,blk_00226,1,40
"Roche Farmacutica Qumica, Lda",blk_02333,1,2
"Roche Farmacutica Qumica, Lda.",blk_02333,1,2
Roche HELLAS SA,blk_02316,1,4
Roche Hellas S.A.,blk_02316,1,4
Roche Hungary Ltd,blk_00734,1,5
Roche Magyarorszg Kft,blk_01567,1,2
Roche Products Ltd,blk_00083,1,14
Roche S.p.A.,blk_00126,1,8
Roche SAS,blk_00126,1,8
Roche spol. s r.o.,blk_02334,1,2
Roessingh Centrum Voor Revalidatie,blk_01569,1,3
Roessingh ResearchDevelopment,blk_01569,1,3
Roskilde Hospital,blk_01720,1,6
Roskilde University Hospital,blk_01720,1,6
Roskilde sygehus,blk_01720,1,6
Rottapharm,blk_01121,1,8
"Rottapharm Madaus, Madaus GmbH",blk_00711,1,3
Rottapharm S.p.A,blk_01121,1,8
Rottapharm S.p.A.,blk_01121,1,8
Roxall Medicina Espaa S.A.,blk_00207,1,4
Royal Bournemouth  Christchurch Hospitals NHS Foundation Trust,blk_01570,1,3
Royal Bournemouth and Christchurch Hospitals NHS Foundation Trust,blk_01570,1,3
Royal Brompton,blk_00548,1,8
Royal Brompton and Harefield NHS Foundation Trust RBHFT,blk_00548,1,8
Royal Brompton and Harefield NHS Trsut,blk_00548,1,8
"Royal Brompton and Harefiled NHS Foundation Trust, Royal Brompton Hospital",blk_00548,1,8
Royal College Of Surgeons Ireland,blk_00549,1,7
Royal College of Surgeons,blk_00549,1,7
Royal College of Surgeons in Irlenad,blk_00549,1,7
Royal Devon  Exeter Foundation Trust,blk_00735,1,8
Royal Devon  Exeter NHS Foundation Trust / University of Exeter,blk_00735,1,8
Royal Devon  exeter Foundation trust,blk_00735,1,8
Royal Group Hospitals Trust,blk_00191,1,27
"Royal Hospital for Sick Children, Glasgow",blk_01572,1,7
Royal Liverpool  Broadgreen University Hospitals Trust / University of Liverpool,blk_00244,1,40
Royal Liverpool  Broadgreen University hospital,blk_00244,1,40
Royal Liverpool And Broadgreen University Hospitals NHS Trust,blk_00244,1,40
Royal Liverpool Childrens NHS Trust,blk_00244,1,40
Royal Liverpool University Hospital Clinical Trials 4th floor Linda McCartney Centre,blk_00244,1,40
Royal Liverpool University hospital,blk_00244,1,40
Royal Liverpool and Broadgreen University Hospital / University of Liverpool,blk_00244,1,40
Royal Liverpool and Broadgreen University Hospitals NHS Trust / University of Liverpool,blk_00244,1,40
Royal Liverpool and Broadgreen University Hospitals Trust,blk_00244,1,40
Royal Marsden,blk_00191,1,27
Royal Marsden Foundation Hospital,blk_00191,1,27
Royal Marsden Hospital NHS Foundation Trust,blk_00191,1,27
Royal Marsden Hospital NHS Trust,blk_00191,1,27
Royal Marsden Hosptial Foundation Trust / The Institute of Cancer Research,blk_00191,1,27
Royal Marsden NHS FOundation Trust,blk_00191,1,27
Royal Marsden Nhs Foundation Trust,blk_00191,1,27
Royal Papworth Hospital NHS Foundation Trust,blk_00620,1,5
Royal Surrey County Hospital,blk_00558,1,5
Royal Surrey County Hospital NHS Trust,blk_00558,1,5
Royal United Hospital Bath NHS Trust,blk_00337,1,11
Royal Victoria Hospital Belfast,blk_00246,1,18
Royal Victoria Infirmary,blk_01554,1,7
Royal Wolverhampton NHS trust,blk_01573,1,4
Ruhr Universitt Bochum,blk_01287,1,19
Ruhr-Universitt Bochum,blk_01287,1,19
"Ruprecht-Karls University Heidelberg Medical Faculty, University Hospital",blk_00338,1,40
"Ruprecht-Karls University Heidelberg Medical Faculty, University Hospital represented in law by its commercial director",blk_00338,1,40
"Ruprecht-Karls University Heidelberg, Medical Faculty",blk_00338,1,40
"Ruprecht-Karls-Universitt Heidelberg, Medical Faculty",blk_00338,1,40
"Ruprecht-Karls-Universitt Heidelberg, Medical Faculty, University Hospital Heidelberg -",blk_00338,1,40
"Ruprecht-Karls-Universitt Heidelberg, Medizinische Fakultt, vertreten durch das Universittsklinikum Heidelberg",blk_00338,1,40
Ruprecht-Karls-University Heidelberg,blk_00338,1,40
Ruprecht-Karls-University Heidelberg  Medical Faculty represented by Universittsklinikum Heidelberg and its acting Comm,blk_00338,1,40
"Ruprecht-Karls-University Heidelberg Medical Faculty, University Hospital",blk_00338,1,40
"Ruprecht-Karls-University Heidelberg,  Medical Faculty represented by Universittsklinikum Heidelberg and its Commercial",blk_00338,1,40
"Ruprecht-Karls-University Heidelberg, Med Faculty represented by University Clinic HD and its Comm. Director",blk_00338,1,40
"Ruprecht-Karls-University Heidelberg, Medical Faculty Mannheim represented by the chancellor",blk_00338,1,40
"Ruprecht-Karls-University Heidelberg, Medical Faculty rep. by University hospital and Commercial Managing Director",blk_00338,1,40
Ruprecht-Karls-University of Heidelberg  Medical Faculty represented in law by Heidelberg University Hospital,blk_00338,1,40
Ruprecht-Karls-University of Heidelberg Medical Faculty represented in law by Heidelberg University Hospital,blk_00338,1,40
S.A. Alcon-Couvreur N.V,blk_00158,1,16
S.C.D.U. MEDICINA INTERNA 1 Ospedale San Luigi Orbassano,blk_01314,1,16
"S.G.O. Johansson, MD PhD Professor",blk_01928,1,4
S.L.A. PHARMA UK LTD,blk_00172,1,9
SAKK Schweizerische Arbeitsgemeinschaft fr klinische Krebsforschung,blk_00142,1,19
"SAKK, Swiss Group for Clinical Cancer Research",blk_00744,1,6
"SANOFI AVENTIS, S.A.U.",blk_00024,1,40
SANOFI PASTEUR MSD S.N.C,blk_00132,1,17
SANOFI-AVENTIS,blk_00024,1,40
SANOFI-AVENTIS RECHERCHE  DEVELOPPEMENT,blk_00024,1,40
"SANOFI-AVENTIS, S.A.",blk_00024,1,40
SANOFI-SYNTHELABO,blk_00333,1,10
SANT JOAN DE DEU - SSM,blk_00379,1,20
SCHWARZ BIOSCIENCES,blk_00334,1,7
SCHWARZ BIOSCIENCES GmbH A member of the UCB group,blk_00106,1,40
SCICLONE PHARMACEUTICALS ITALY S.R.L.,blk_02335,1,3
SCS  Boehringer Ingelheim Comm. V,blk_01801,1,18
SCS Boehringer Ingelheim Comm.v,blk_01801,1,18
SCS Boehringer Ingelheim Ingelheim Comm.V,blk_01801,1,18
SE Dept. of Psychiatry and Psychotherapy,blk_01918,1,7
SEAGEN INC.,blk_00116,1,2
"SEATTLE GENETICS, INC.",blk_00284,1,5
SECONDA UNIVERSITA DEGLI STUDI DI NAPOLI,blk_00209,1,40
SENDO TECH,blk_01993,1,2
SENSORION SA,blk_01127,1,2
SERMAS Hospital la Paz,blk_00202,1,33
SERMAS-FIBHULP,blk_00821,1,2
"SERONO ESPAA, S.A.",blk_01585,1,8
SERVICIO DE ANESTESIOLOGA Y REANIMACIN HOSPITAL UNIVERSITARIO LA PAZ,blk_00202,1,33
SERVICIO DE NEFROLOGIA,blk_02336,1,4
SERVICIO DE PSIQUIATRIA. HOSPITAL UNIVERSITARI VALL DE HEBRON,blk_00268,1,40
SERVICIO DE PSIQUIATRIA. HOSPITAL UNIVERSITARI VALL DHEBRON,blk_00268,1,40
SERVICIO DIGESTIVO,blk_01365,1,2
SERVICIO NEFROLOGIA HOSPITAL BELLVITGE,blk_02336,1,4
SERVICIO NEFROLOGIA HOSPITAL UNIVERSITARIO DE BELLVITGE,blk_02336,1,4
SERVIER s.r.o.,blk_00027,1,25
SEVAPHARMA a.s.,blk_02337,1,2
"SFJ LungCancer, Ltd.",blk_02338,1,3
SFJ Pharma Ltd. II,blk_02338,1,3
"SFJ Pharmaceuticals, Inc.",blk_02338,1,3
SHIRE DEVELOPMENT LLC AND INTERNATIONAL AFFILIATES,blk_00286,1,30
SIFI SpA,blk_01574,1,2
"SIGMA-TAU, Industrie Farmaceutiche Riunite S.p.A.",blk_00394,1,6
SIMIT sezione Regione Lombardia,blk_01555,1,2
SINTETICA SA,blk_00552,1,3
SIRTEX Medical Europe,blk_02339,1,2
SK Life Science Inc,blk_00740,1,5
"SK Life Science, Inc",blk_00740,1,5
"SK Life Science, Inc.",blk_00740,1,5
SK Pharma Schumann und Kohl GmbH,blk_00740,1,5
SLA Pharma UK Ltd / KD Swiss GmbH,blk_01122,1,2
SLSO,blk_00731,1,6
SMARTPRACTICE,blk_01128,1,2
SOCIETA  ITALO BRITANNICA L. MANETTI - H.ROBERTS  C. PER AZIONI,blk_01575,1,2
SOCIETA  PRODOTTI ANTIBIOTICI,blk_02340,1,3
SOCIETA ITALIANA DI ANDROLOGIA,blk_01576,1,8
SOCIETA ITALIANA DI ENDOSCOPIA DIGESTIVA - SIED,blk_01576,1,8
SOCIETA ITALIANA DI NEFROLOGIA,blk_01576,1,8
SOCIETA ITALIANA MALATTIE INFETTIVE E TROPICALI,blk_01576,1,8
SOCIETA LABORATORIO FARMACEUTICO S.I.T. SRL,blk_02177,1,4
SOCIETA PRODOTTI ANTIBIOTICI,blk_02340,1,3
"SOD Anestesia e Terapia Intensiva, DAI Oncologia, AOU Careggi, Firenze",blk_00289,1,5
"SOD Medicina e Cardiologia Geriatrica, Centro per lo Studio della Sincope - Universit degli Studi di Firenze-AOUCareggi",blk_01314,1,16
"SOGUG, Grupo espaol para el estudio del cancer genitourinario",blk_01577,1,11
"SOLTI Grupo Espaol de Estudio, Tratamiento y Otras Estrategias Experimentales en Tumores Slidos",blk_00304,1,3
SOLVAY PHARMACEUTICALS GMBH,blk_00441,1,13
SOM Biotech,blk_02341,1,3
SOM Innovation Biotech SA SOM Biotech,blk_02341,1,3
SOM Innovation Biotech SL SOM Biotech,blk_02341,1,3
SONUS Pharmaceuticals Inc.,blk_02342,1,2
"SONUS Pharmaceuticals, Inc",blk_02342,1,2
SORIA NATURAL S.A.,blk_01594,1,2
SOTIO Biotech Inc,blk_00355,1,5
SOTIO Biotech a.s.,blk_00355,1,5
SOUTH EASTERN EUROPEAN RESEARCH ONCOLOGY GROUP,blk_02343,1,2
SOUTHERN ITALY COOPERATIVE ONCOLOGY GROUP,blk_00297,1,18
SPANISH SOCIETY OF CARDIOLOGY,blk_01357,1,7
SPCG,blk_02344,1,2
SPECTRUM PHARMACEUTICALS,blk_00433,1,8
SPHERIUM BIOMED S.L.,blk_01131,1,2
"SSE, Nevroklinikken, Oslo Universitetssykehus",blk_01523,1,5
STALLERGENES,blk_00494,1,8
STALLERGENES IBRICA S.A.,blk_00494,1,8
STALLERGENES S.A.,blk_00494,1,8
STALLERGENES SA,blk_00494,1,8
STEBA BIOTECH NV,blk_01578,1,5
STEBA FRANCE,blk_01578,1,5
STREKIN AG,blk_02345,1,2
STZ 1172 Gesundheitsfrderung und Stoffwechselforschung,blk_00486,1,5
SU/Mlndal Sjukhus,blk_02346,1,2
SUBSTIPHARM DEVELOPPEMENT,blk_01599,1,3
SUBSTIPHARM Dveloppement,blk_01599,1,3
SUNOVION PHARMACEUTICALS,blk_00241,1,6
SWBH NHS Trust / Keele University,blk_01053,1,5
SWEDISH ORPHAN BIOVITRUM AB PUBL,blk_00554,1,13
SYLENTIS S.A.U,blk_01602,1,5
"SYSTEMS MEDICINE, LLC",blk_00987,1,4
Sacro Cuore - Don Calabria Hospital,blk_00878,1,7
Sage Therapeutics,blk_01124,1,3
"Sahlgrenska Acadademy, GU",blk_00180,1,28
"Sahlgrenska Academy, University of Gothenburg",blk_00180,1,28
Sahlgrenska Akademien Wallenberglaboratoriet,blk_00180,1,28
Sahlgrenska Akademin vid Gteborgs Universitet,blk_00180,1,28
Sahlgrenska Univerisity Hospital Gothenburg,blk_00180,1,28
Sahlgrenska Universitetssjukhuset/Sahlgrenska,blk_00180,1,28
Sahlgrenska University Hospital / The Queen Silvia Childrens Hospital,blk_00180,1,28
Sahlgrenska University Hospital Vstra Gtalandsregionen,blk_00180,1,28
"Sahlgrenska University Hospital, Department of Internal Medicine/Respiratory Medicine and Allergology / University of Gothenburg",blk_00180,1,28
"Sahlgrenska University Hospital, Gothenburg",blk_00180,1,28
Sahlgrenska University Hospital/VGR,blk_00180,1,28
Sahlgrenska University hospital of gothenburg Department of dermatology,blk_00180,1,28
Sahlgrenska Universtitetssjukhuset/SUS,blk_00180,1,28
"Saint Lukes Hospital of Kansas City, Kansas City, Missouri, USA",blk_01861,1,3
Saint-Luc Universitary Hospital,blk_00198,1,26
Salford Royal Foundation NHS Trust,blk_00736,1,4
Salford Royal Foundation Trust,blk_00736,1,4
Salford Royal Hospital,blk_00736,1,4
Salford Royal Hospitals NHS Trust / University of Manchester,blk_00264,1,40
Salford Royal Hospitals Trust / UNIVERSITY OF MANCHESTER,blk_00264,1,40
"Salix Pharmaceuticals, Inc subsidiary of Valeant Pharmaceuticals International Inc",blk_01579,1,5
"Salix Pharmaceuticals, Inc. subsidiary of Valeant Pharmaceuticals International In",blk_01579,1,5
SamChunDang Pharm. Co. Ltd.,blk_01299,1,17
Samodzielny Publiczny Szpital Kliniczny Nr 1 w Lublinie Samodzielny Publiczny Zakad Opieki Zdrowotnej,blk_01663,1,4
Samodzielny Publiczny Szpital Kliniczny Nr 4 w Lublinie,blk_01663,1,4
San Joan de Du. Serveis de Salut Mental,blk_00379,1,20
Sandoz Private Limited,blk_00627,1,3
Sandwell and West Birmingham Hospitals NHS Trust,blk_00035,1,36
Sandwell and West Birmingham Hospitals NHS Trust / University of Birmingham,blk_00035,1,36
Sandwell and West Birmingham NHS Trust,blk_00035,1,36
Sangamo Therapeutics France,blk_01125,1,3
Sangart Inc,blk_00737,1,2
Sanifit Therapeutics S.A.,blk_01443,1,2
"Saniona, A/S",blk_00738,1,2
Sankt Eriks Eye Hospital,blk_01595,1,6
Sankyo Pharma Development SPhD,blk_00069,1,23
Sanofi -Aventis Recherche  Dveloppement,blk_00033,1,40
Sanofi Aventis Deutschland GmbH,blk_00764,1,18
Sanofi Aventis Recherche  Dveloppement,blk_00033,1,40
Sanofi Aventis S.A.,blk_00024,1,40
Sanofi Pasteur  MSD S.N.C.,blk_00132,1,17
Sanofi S.p.A.,blk_00024,1,40
Sanofi Synthelabo Recherche,blk_00333,1,10
Sanofi aventis Groupe,blk_00024,1,40
Sanofi aventis RechercheDveloppement,blk_00764,1,18
Sanofi aventis US Inc.,blk_00033,1,40
Sanofi aventis recherche et dveloppement,blk_00033,1,40
Sanofi- aventis RD,blk_00033,1,40
Sanofi-Aventis,blk_00024,1,40
Sanofi-Aventis AG,blk_00033,1,40
Sanofi-Aventis Group,blk_00033,1,40
Sanofi-Aventis Recherche & Developpement / Sanofi-Aventis Recherche & Developpement,blk_00764,1,18
Sanofi-Aventis RechercheDveloppement,blk_00764,1,18
Sanofi-Aventis Research and Development,blk_00033,1,40
Sanofi-Aventis U.S.  Inc.,blk_00033,1,40
"Sanofi-Aventis US, Inc.",blk_00033,1,40
Sanofi-Synthelabo Co. Ltd.,blk_00333,1,10
"Sanofi-Synthelabo Produtos Farmaceuticos, S.A.",blk_00333,1,10
"Sanofi-Synthelabo Recherche, a subsidiary of sanofi-aventis group",blk_00333,1,10
Sanofi-aventis,blk_00033,1,40
Sanofi-aventis Groupe,blk_00033,1,40
Sanofi-aventis Recherche et Dveloppement,blk_00033,1,40
Sanofi-aventis Research  Development,blk_00033,1,40
Sanofi-aventis US Inc.,blk_00033,1,40
Sanofi-aventis groupe,blk_00033,1,40
Sanquin Blood Supply Foundation,blk_00421,1,24
Sanquin Plasma Products BV,blk_01581,1,2
Santaris Pharma,blk_01582,1,2
Santen,blk_00396,1,7
Santen Inc.,blk_00396,1,7
Santen Incorporated,blk_00396,1,7
Santen SAS,blk_00396,1,7
Santhera Pharmaceuticals (Schweiz) AG / Santhera Pharmaceuticals (Schweiz) AG,blk_00492,1,9
Santhera Pharmaceuticals LLC,blk_00492,1,9
SantoSolve AS,blk_01583,1,3
"Sapienza University of Rome, Department of Human Neurosciences",blk_00096,1,20
"Sapienza, University of Rome",blk_01126,1,4
Sarcoma Alliance for Research Through Collaboration SARC,blk_01210,1,5
Scandinavian Biopharma AB,blk_02347,1,4
Scandinavian Biopharma Holding AB,blk_02347,1,4
Scandinavian Prostate Cancer Group SPCG,blk_02344,1,2
Scandinavian Prostate Cancer Group/ P.O. Hedlund,blk_02347,1,4
Scandinavian prostate cancer group,blk_02347,1,4
"Schering Corporation, a Subsidiary of Merck  Co., Inc.",blk_01502,1,33
Schering Plough Reserach Institute,blk_00170,1,31
Schering Plough S.p.A.,blk_00170,1,31
"Schering Plough, S.A",blk_00170,1,31
Schering-Plough,blk_00170,1,31
Schering-Plough AB Sweden,blk_00170,1,31
Schering-Plough CE AG Hungarian Commercial Representative Office,blk_00170,1,31
"Schering-Plough Farma, Lda.",blk_00170,1,31
Schering-Plough France,blk_00170,1,31
"Schering-Plough HealthCare Products, Inc",blk_00170,1,31
"Schering-Plough Research Insititute, a division of Schering Corporation",blk_00170,1,31
Schering-Plough Research Insitute,blk_00170,1,31
Schering-Plough Research Institute - A division of Schering-Plough Corp.,blk_00170,1,31
"Schering-Plough Research Institute, a Division of Schering Corporation - for Global trials",blk_00170,1,31
"Schering-Plough Research Institute, a division of Schering Corp.",blk_00170,1,31
"Schering-Plough Research Institution, A Division of Schering Corporation",blk_00170,1,31
Schmerzambulanz Innenstadt der LMU,blk_01660,1,3
School of Human Development,blk_00096,1,20
"School of Nutrition and Translational research in Metabolism NUTRIM, Maastricht University",blk_00098,1,18
Schwarz BioSciences Inc.,blk_00334,1,7
Schwarz Pharma Deutschland GmbH,blk_00334,1,7
"Schwarz Pharma Deutschland GmbH, UCB Group",blk_00106,1,40
Schweizerische Arbeitsgemeinschaft fr Klinische Krebsforschung SAKK,blk_00142,1,19
"SciClone Pharmaceuticals, Inc.",blk_02335,1,3
Sciclone Pharmaceuticals International (SG) Pte. Ltd.,blk_02335,1,3
SciencePharma spka z ograniczon odpowiedzialnoci sp. j.,blk_02348,1,3
SciencePharma spka z ograniczon odpowiedzialnoci sp. k.,blk_02348,1,3
Sciencepharma Sp. z o.o.,blk_02348,1,3
"Scioderm INC, An Amicus Therapeutics Company",blk_00213,1,6
"Scleroseklinikken, Rigshospitalet",blk_01913,1,40
Scottish National Blood Transfusion Service / NHS Lothian,blk_00421,1,24
Scynexis Inc.,blk_00894,1,2
Sdersjukhuset,blk_02349,1,2
Sdersjukhuset AB,blk_02349,1,2
Seattle Genetics Inc.,blk_00284,1,5
Seccin de Digestivo. Hospital Comarcal de Laredo,blk_02090,1,2
"Section For Surgical Pathophysiology, Rigshospitalet",blk_01913,1,40
"Section for Transfusion Medicine, Capital Region Blood Bank, Copenhagen University Hospital",blk_00421,1,24
"Section for Transfusion Medicine, Capital Region Blood bank, Copenhagen University Hospital",blk_00421,1,24
"Section for Transfusion Medicine, Capitol Region Blood  Bank",blk_00421,1,24
"Section for transfusion Medicines, Capital Region Blood Bank, Copenhagen University Hospital",blk_00421,1,24
"Section of dental pharmacology and pharmacotherapy, ICO, University of Oslo",blk_00812,1,31
Secura Bio Limited,blk_02350,1,2
"Secura Bio, Inc",blk_02350,1,2
Seimc-Gesida Foundation,blk_00377,1,6
Sektion Chirurgische Forschung,blk_01710,1,2
Semmelweis Egyetem Transzplantcis s Sebszeti Klinika,blk_00285,1,13
Semmelweis University / University Of Pecs,blk_00285,1,13
Semmelweis University Department of Oralbiology,blk_00285,1,13
"Semmelweis University, 2nd Department of Pediatrics",blk_00285,1,13
"Semmelweis University, Department of Internal Medicine and Oncology",blk_00285,1,13
"Semmelweis University, Heart and Vascular Center",blk_00285,1,13
"Semmelweis University, STIA-POC-2020",blk_00285,1,13
Sepracor Inc.,blk_02351,1,3
Sepracor NV in care of Sepracor Inc.,blk_02351,1,3
"Sepracor, Inc.",blk_02351,1,3
Seqirus UK Limited / Seqirus UK Limited / Seqirus UK Limited,blk_00551,1,2
Sequel Pharmaceuticals Inc.,blk_02352,1,2
"Sequel Pharmaceuticals, Inc.",blk_02352,1,2
Sermonix Pharmaceuticals,blk_02353,1,2
Sermonix Pharmaceuticals Inc.,blk_02353,1,2
"Serono International, S.A.",blk_00300,1,40
SerumWerk Bernburg AG,blk_01586,1,3
Serumwerk Bernburg,blk_01586,1,3
Servei Pneumologia. Hospital Universitari Son Dureta,blk_02071,1,3
Service of Neurology CHU Liege,blk_00579,1,15
Servicio Andaluz de Salud,blk_02009,1,2
Servicio Anestesia Hopsital del Mar,blk_00206,1,34
Servicio Enfermedades Infecciosas,blk_01316,1,11
Servicio Hepatologa. Hospital Vall dHebron,blk_00268,1,40
Servicio Madrileo de Salud SERMAS Fundacin para la Investigacin Biomdica Hospital Universitario La Paz FIBHULP,blk_00202,1,33
Servicio Nefrologa Hospital Universitario de Bellvitge,blk_01938,1,3
Servicio de Anestesia Infantil. Hospital Universitario La Paz,blk_00202,1,33
Servicio de Anestesia-Reanimacin,blk_01587,1,4
Servicio de Anestesiologa y Reanimacin del Hospital Universitario La Paz,blk_00202,1,33
Servicio de Anestesiologa. Hospital Universitario Germans Trias i Pujol. Badalona,blk_01030,1,9
Servicio de Angiologa y ciruga vascular. Hospital Universitario La Paz,blk_00202,1,33
Servicio de Cardiologa. Hospital Universitario Vall dHebron,blk_00268,1,40
Servicio de Digetivo del Hospital Valle Hebrn del Instituto Cataln de Salud. NIF Q5855029D,blk_01414,1,3
Servicio de Endocrinologia y Nutricion. Hospital Universitari Bellvitge,blk_01971,1,5
Servicio de Enfermedades Infecciosas. Unidad VIH. Hospital Universitari de Bellvitge,blk_01316,1,11
Servicio de Farmacia. Hospital Universitari de Bellvitge,blk_01971,1,5
Servicio de Gastroenterologa del Hospital Universitario Mtua de Terrassa,blk_02067,1,3
Servicio de Infecciones. Hospital Clinic de Barcelona,blk_01588,1,8
Servicio de Nefrologia-Hospital Universitario Vall dHebron,blk_00268,1,40
Servicio de Neumologia. Hospital Universitario Vall dHebron,blk_00268,1,40
"Servicio de Neurologa, HU. Germans Trias i Pujol",blk_01030,1,9
Servicio de Neurologa. Hospital Universitari de Bellvitge.,blk_01971,1,5
Servicio de Oncologa. Hospital Vall dHebron,blk_00268,1,40
Servicio de Psiquiatra. Hospital  Universitari  Vall  dHebron,blk_00268,1,40
Servicio de psiquiatria. Hospital Universitario La Paz,blk_00202,1,33
Servier Deutschland GmbH,blk_00012,1,18
Servier International / Les Laboratoires Servier,blk_00027,1,25
"Servier Slovensko, spol. s.r.o.",blk_01568,1,3
Servier s.r.o,blk_00027,1,25
Servier s.r.o.,blk_00027,1,25
"Sevapharma,a.s.",blk_02337,1,2
"Sexological Clinic, Rigshospitalet",blk_01913,1,40
Shanghai Henlius Biotech. Inc.,blk_00739,1,3
Shaperon Inc,blk_02354,1,2
"Shaperon, Inc.",blk_02354,1,2
Sheffield Childrens NHS Foundation Hospital,blk_00074,1,13
Sheffield Childrens NHS Trust,blk_00074,1,13
Sheffield Health and Social Research Consortium,blk_00074,1,13
Sheffield teaching Hospitals NHS Foundation Trust,blk_00074,1,13
Sherwood Forest Hospitals Foundation Trust,blk_00461,1,11
"Shionogi  Co., Ltd",blk_00397,1,7
Shionogi Ltd,blk_00397,1,7
Shire,blk_00286,1,30
Shire Development Inc.,blk_00286,1,30
Shire Development LLC and International Affiliates,blk_00286,1,30
"Shire Development, LLC",blk_00286,1,30
"Shire HGT, Inc",blk_00286,1,30
"Shire Human Genetic Therapies HGT, Inc.",blk_00096,1,20
Shire Human Genetic Therapies INC.,blk_00096,1,20
"Shire Human Genetic Therapies, Inc. Shire, a wholly owned subsidiary of Takeda Pharmaceutical Company Limited",blk_00096,1,20
Shire Human Genetics Therapies Inc,blk_00096,1,20
"Shire Orphan Therapies, Inc.",blk_00286,1,30
"Shire Orphan Therapies, LLC",blk_00286,1,30
Shire Pharmaceutical Contracts Ltd,blk_00286,1,30
Shire Pharmaceutical Development,blk_00286,1,30
Shire Pharmaceutical Development Inc,blk_00286,1,30
Shire Pharmaceutical Development Inc.,blk_00286,1,30
Shire Pharmaceutical Ireland Limited,blk_00286,1,30
Shire Pharmaceuticals Group plc,blk_00286,1,30
"Shire Regenerative Medicine, Inc.",blk_00286,1,30
Shire Shire is now part of Takeda,blk_00286,1,30
"Shire ViroPharma, Inc.",blk_00286,1,30
"Shire Viropharma, Inc.",blk_00286,1,30
Sidney Kimmel Comprehensive Cancer Center at Johns Hopkins,blk_01052,1,6
Sidney kimmel Comprehensive Cancer Center at Johns Hopkins,blk_01052,1,6
"Siegfried KASPER, O.Univ.Prof.Dr.Dr.h.c., Medizinische Universitt Wien",blk_02201,1,35
Siemens Molecular Imaging,blk_02185,1,3
Sigma Tau industrie Farmaceutiche Riunite Spa,blk_00394,1,6
Silence Therapeutics GmbH,blk_02355,1,3
Silence Therapeutics PLC,blk_02355,1,3
Silence Therapeutics plc,blk_02355,1,3
Silkeborg Hospital,blk_02322,1,3
Sint Franciscus Gasthuis,blk_00895,1,5
Sint Franciscus Gasthuis Rotterdam,blk_00496,1,8
Sint Lucas Andreas,blk_02356,1,3
Sint Lucas Andreas Hospital,blk_02356,1,3
Sint Maartenskliniek Nijmegen,blk_00061,1,31
Sintetica SA,blk_00552,1,3
Sirtex Technology Pty Ltd,blk_02339,1,2
"Sirtris Pharmaceuticals, Inc.",blk_01589,1,2
Sitnikova Victoria,blk_01554,1,7
"Sjllands University Hospital, Kge",blk_00858,1,4
"Skne University Hospital, Dept of Oncology",blk_00354,1,15
"Skne University Hospital, Malm",blk_00354,1,15
"Skne University Hospital, Region Skne",blk_00354,1,15
"Skne University Hospital, department of rheumatology in Lud and Malm",blk_00354,1,15
"Sknes Onkologiska Klinik, Skne University Hospital, Lund",blk_00354,1,15
Sknes Universitetssjukhus,blk_02357,1,3
Sknes Universitetssjukhus Lund,blk_00536,1,14
Sknes University Hospital,blk_02357,1,3
Sknes universitetssjukhus,blk_02357,1,3
Skyepharma AG,blk_01590,1,3
Slagelse Hospital / Slagelse Hospital,blk_02358,1,2
Slagelse Sygehus,blk_02358,1,2
Slaskie Centrum Chorob Serca W Zabrzu,blk_01934,1,2
Slovensko Zdruenje za gastroenterologijo in hepatologijo,blk_01568,1,3
SmithKline Beecham plc,blk_00295,1,5
"Sobi, Inc.",blk_01593,1,2
Sociedad Andaluza de Enfermedades Infecciosas SAEI,blk_01316,1,11
Sociedad Andaluza de Trasplante de rganos y Tejidos,blk_02359,1,2
Sociedad Andaluza de Trasplante de rganos y Tejidos SATOT,blk_02359,1,2
Sociedad Espaola de Ciruga Peditrica,blk_00896,1,8
"Sociedad Espaola de Medicina Intensiva, Crtica y Unidades Coronarias SEMICYUC",blk_00896,1,8
Sociedad Espaola de Medicina Interna,blk_00896,1,8
Sociedad Espaola de Ozonoterapia - SEOT / Ctedra de Ozonoterapia y Dolor Crnico de la Universidad Catlica San Antonio de Murcia - UCAM,blk_00896,1,8
Sociedad Espaola de retina y Vtreo,blk_00896,1,8
Societ Italian di Cardiologia Invasiva GISE,blk_00383,1,6
Societa Italiana Di Malattie Infettive E Tropicali SIMIT,blk_01576,1,8
Societa Italiana di Diabetologia,blk_01576,1,8
Society Institute for clinical research,blk_00466,1,11
Society institute for clinical research,blk_00466,1,11
Softox Defense Solutions AS,blk_02360,1,2
Softox Solutions AS,blk_02360,1,2
Soligenix UK Limited,blk_02361,1,2
"Soligenix, Inc.",blk_02361,1,2
"Solstice Neurosciences, LLC, a subsidiary of MDD US Operations, LLC",blk_02362,1,3
"Solstice Neurosciences,LLC, USA, a subsidiary of MDD US Operations LLC, USA",blk_02362,1,3
Solstice Pharmaceuticals B.V.,blk_02362,1,3
Solvay Pharmaceutical GmbH,blk_00441,1,13
Solvay Pharmaceuticals Inc,blk_00441,1,13
"Solvay Pharmaceuticals, Inc",blk_00441,1,13
"Solvay Pharmaceuticals, Inc.",blk_00441,1,13
Solvay Pharmaceuticals. Inc.,blk_00441,1,13
Solvay Pharmaceuticqals B.V.,blk_00441,1,13
Solvay pharmaceuticals,blk_00441,1,13
"Sophiris Bio Corp. 1258 Prospect Street La Jolla, CA 92037 USA",blk_00864,1,5
Sotio a.s.,blk_00355,1,5
South Devon Health Care NHS Foundation Trust,blk_00735,1,8
South Eastern Health and Social Care Trust,blk_02343,1,2
South Manchester University Healthcare Trust,blk_00264,1,40
South Manchester University Hospital NHS Trust,blk_00264,1,40
South Manchester University Hospitals NHS Trust / University of Manchester,blk_00264,1,40
South Manchester University NHS Trust,blk_00264,1,40
South Manchester University NHS Trust / Medicines Evaluation Unit / University of Manchester,blk_00264,1,40
South Tees Hospitals NHS Trust,blk_00897,1,7
South Tees NHS Foundation Trust,blk_00897,1,7
South Tees NHS Trust,blk_00897,1,7
South Warwickshire NHS Foundation Trust,blk_01157,1,3
South-Eastern Norway Regional Health Authority / Oslo University Hospital Rikshospitalet,blk_01156,1,7
Southampton Universities Hospital Trust,blk_00183,1,20
Southampton University,blk_00183,1,20
Southampton University Hopsitals NHS Trust,blk_00183,1,20
Southampton University Hospital Trust,blk_00183,1,20
Southampton University Hospitals,blk_00183,1,20
Southampton University Hospitals NHS Trust / University of Southampton,blk_00183,1,20
Southampton University Hospitals NHS Trust RD department,blk_00183,1,20
Southampton University Hospitals Trust RD,blk_00183,1,20
Southern Europe New Drug Organization SENDO,blk_00912,1,7
Southern Health NHS Foundation Trust,blk_00912,1,7
Spa Societa Prodotti Antibiotici S.p.A.,blk_02340,1,3
Spaarne Gasthuis,blk_02363,1,3
Spaarne Gasthuis Stichting,blk_02363,1,3
Spaarne Hospital,blk_02363,1,3
Spanish Group of Neuroendocrine Tumors GETNE,blk_02037,1,3
Spanish Long Cancer Group SLCG/GECP,blk_00293,1,5
Spanish Lung Cancer Group,blk_01338,1,4
Spanish Lung Cancer Group Grupo Espaol de Cncer de Pulmn,blk_00599,1,40
Spanish Oncology Genito-Urinary Group SOGUG,blk_01577,1,11
Spanish Oncology Genitourinary Group  SOGUG,blk_01577,1,11
Spanish Society Of Cardiology / Spanish Society Of Cardiology / Spanish Society Of Cardiology,blk_01357,1,7
Sparrow Pharmaceuticals Inc. / Sparrow Pharmaceuticals Inc.,blk_01129,1,2
Special Account For Research Funds- National and Capodistrian University of Athens,blk_02364,1,2
Special Account for Research Funds-University of Patras,blk_02364,1,2
Specialisttandvrdskliniken Vstmanlands sjukhus Vsters,blk_01815,1,2
Specjalistyczny Szpital Im. Dra Alfreda Sokolowskiego,blk_01055,1,5
Spectrum Pharmaceuticals,blk_00433,1,8
Spectrum Pharmaceuticals Inc.,blk_00433,1,8
"Spectrum Pharmaceuticals, Inc",blk_00433,1,8
Speedel Pharma Ltd,blk_01130,1,2
Spero Therapeutics Inc.,blk_02365,1,2
"Spero Therapeutics, Inc.",blk_02365,1,2
"SpringWorks Subsidiary 2, PBC",blk_01132,1,3
"SpringWorks Therapeutics, Inc.",blk_01132,1,3
"Sren Sindrup, Dept. of Neurology, University Hospital of Odense",blk_01287,1,19
Srlandet Sykehus HF,blk_00047,1,36
Srmlands lns landsting,blk_01598,1,11
St Anna Kinderkrebsforschung,blk_00646,1,13
St Augustinus,blk_01685,1,2
St Bartholomews and The London NHS Trust,blk_00553,1,6
St Elisabeth Hospital,blk_01596,1,4
St Erik Eye Hospital,blk_01595,1,6
St Erik Eye Hospital / St Erik Eye Hospital,blk_01595,1,6
St George Street Capital Ltd,blk_01145,1,6
St Georges Healthcare NHS Trust,blk_00514,1,9
St Georges Healthcare NHS Trust / SLA Pharma,blk_00553,1,6
St Georges Healthcare NHS trust,blk_00514,1,9
St Georges Hospital,blk_00514,1,9
St Georges University Hospital NHS Foundation Trust,blk_00514,1,9
St Georges University Hospitals NHS Foundation Trust,blk_00514,1,9
"St Georges, University of London SGUL / Queen Mary and Westfield College, University of London QMUL",blk_00148,1,25
St Helens  Knowsley Hospitals NHS Trust / Universtiy of Liverpool,blk_00244,1,40
St Helier Hospital NHS Trust,blk_01977,1,5
St James Hospital,blk_02366,1,3
St Maartenskliniek,blk_00208,1,4
St Olavs Hospital,blk_01133,1,8
"St Olavs Hospital, University Hospital of Trondheim / Haukeland University Hospital",blk_00601,1,10
St Olavs University Hospital,blk_01133,1,8
St Olavs University Hospital / The University of Edinburgh,blk_00150,1,27
St Radboud UMC,blk_00042,1,36
"St Raphaels Hospice, Surrey",blk_00558,1,5
St Vincents University Hospital,blk_01597,1,3
"St.  Josephs  Healthcare,  McMaster  University",blk_01465,1,2
St. Anna Kinderkrebsforschung e.V.,blk_00646,1,13
St. Anna Kinderkrebsforschung/CCRI,blk_00646,1,13
St. Anna Kinderspital,blk_00646,1,13
"St. Antonius Hospital Nieuwegein, The Netherlands",blk_00257,1,8
St. Antonius hospital Nieuwegein,blk_00257,1,8
St. Elisabeth Hospital,blk_01596,1,4
St. Elisabeth Ziekenhuis,blk_01596,1,4
St. Eriks Eye Hospital,blk_01595,1,6
St. Eriks Eye Hospital / St. Eriks Eye Hospital,blk_01595,1,6
St. Georges University of London SGUL,blk_00553,1,6
St. James Hospital,blk_02366,1,3
"St. James Hospital, Ireland",blk_02366,1,3
St. Jamess Hospital,blk_02039,1,2
"St. Josef-Hospital, Ruhr University, Bochum",blk_01287,1,19
St. Joseph-Hospital g GmbH,blk_01385,1,6
St. Lucas Andreas Hospital,blk_02356,1,3
St. Olavs Hospital HF / St. Olavs Hospital HF,blk_00047,1,36
"St. Olavs Hospital, trondheim University Hospital",blk_01133,1,8
St. Olavs hospital,blk_01133,1,8
"St. Vincents University Hospital, Department of Rheumatology.",blk_01193,1,11
Stallergenes GmbH  Co.KG,blk_00494,1,8
Starpharma Pty Ltd.,blk_00741,1,2
Stavanger Helseforskning AS,blk_01134,1,2
Stayble Therapeutics,blk_02367,1,2
Stayble Therapeutics AB,blk_02367,1,2
Stdt. Krankenhaus Martha Maria Halle,blk_02199,1,2
"Stdtische Kliniken Neuss, Lukaskrankenhaus GmbH",blk_02188,1,2
Stealth Bio Therapeutics Inc,blk_00742,1,4
Stealth Biotherapeutics Inc.,blk_00742,1,4
Stealth Peptides Inc.,blk_00742,1,4
"Steen W. Henneberg, Brnesmerteenheden, Anstesi afd. 4013, Juliane Marie Centeret, Rigshospitalet",blk_01913,1,40
"Stemline Therapeutics, Inc.",blk_00628,1,2
Steno Diabetes  Center Copenhagen,blk_00171,1,14
Steno Diabetes Center Odense,blk_00171,1,14
StiL Forschungs-GmbH,blk_00154,1,8
Stichting Amsterdam UMC / Spaarne Gasthuis Stichting,blk_00042,1,36
Stichting Antoni van Leeuwenhoek Ziekenhuis,blk_00072,1,24
Stichting Catharina Hospital,blk_00512,1,4
Stichting Epilepsie Instellingen Nederland,blk_00893,1,5
Stichting GGZ Drenthe,blk_02029,1,3
Stichting Hemato-Oncologie voor Volwassenen Nederland (Hovon) / Stichting Hemato-Oncologie voor Volwassenen Nederland (Hovon),blk_00092,1,7
Stichting Longgeneeskunde Fryslan,blk_02368,1,2
Stichting Radboud University Medical Center / Stichting Radboud University Medical Center,blk_00061,1,31
Stichting Rijnstate Ziekenhuis,blk_00491,1,9
Stichting VUmc,blk_02030,1,6
Stichting Zuyderland Medisch Centrum,blk_00108,1,18
Stichting longgeneeskunde Fryslan,blk_02368,1,2
Stiefel Laboratories Inc.,blk_01136,1,8
Stiefel Laboratories Maidenhead Limited trading as Stiefel International Research and Development,blk_01136,1,8
Stiefel Laboratories Maidenhead Ltd commonly known as Stiefel Laboratories International Division,blk_01136,1,8
Stiefel Laboratories Maidenhead Ltd.,blk_01136,1,8
"Stiftung Hannoversche Kinderheilanstalt, Kinder - und Jugendkrankenhaus AUF DER BULT, Diabeteszentrum fr Kinder - und J",blk_02152,1,3
"Stockholm Centre for Dependency Disorders, Department of Clinical Neuroscience, Karolinska Institutet",blk_02145,1,13
Stockholm County Council Danderyd Hospital,blk_00432,1,15
"Stockholm County Council, Karolinska University Hospital Huddinge, Department of Anesthesiology and Intensive Care",blk_00432,1,15
"Stockholm County Council, Karolinska University Hospital Huddinge, Dept of Anesthesiology and Intensive Care",blk_00432,1,15
Stockholm Health Care Services,blk_00731,1,6
"Stockholm Lns Landsting, Karolinska University Hospital",blk_01598,1,11
Stockholm South General Hospital,blk_00731,1,6
"Stockholms Lns Landsting, Karolinska Universitetssjukhuset Huddinge, Anestesikliniken",blk_01598,1,11
Stockholms Lns Sjukvrdsomrde SLSO,blk_01598,1,11
Stockholms lns landsting,blk_01598,1,11
"Stomatoloka klinika UKC, Ljubljana",blk_01158,1,14
"Strahlenklinik, Universittsklinikum Erlangen, insoweit handelnd fr den Freistaat Bayern",blk_00156,1,25
Strekin AG,blk_02345,1,2
Sucampo AG,blk_02369,1,2
Sucampo Pharma Europe Ltd.,blk_02369,1,2
Suffolk Mental Health Partnerships Trust,blk_00804,1,17
"Sumitomo Dainippon Pharma Oncology, Inc.",blk_00985,1,8
Summit Cambridge Ltd.,blk_00123,1,28
Summit Corporation plc,blk_01138,1,2
Summit Therapeutics Sub Inc.,blk_00901,1,3
Sun Pharma Advanced Research Company,blk_00089,1,23
Sun Pharma Advanced Research Company Ltd.,blk_00089,1,23
Sun Pharma Advanced Research Company Ltd. SPARC,blk_00089,1,23
"Sun Pharma Advanced Research Company, Ltd. SPARC",blk_00089,1,23
Sun Pharmaceutical Industries Inc.,blk_00089,1,23
Sun Pharmaceutical Industries Limited / Iqvia Biotech Limited / Labcorp Central Laboratory Services SARL,blk_00089,1,23
"Sun Pharmaceutical Industries, Inc.",blk_00089,1,23
Sunovion Respiratory Development Inc.,blk_00241,1,6
Supernus Pharmaceuticals Inc.,blk_01600,1,2
Surface Logix,blk_01139,1,2
"Sven O. Skouby, Professor, MD, DMSc. Unit of reproductive Medicine, Herlev/Gentofte Hospital",blk_00234,1,29
"Sven Olaf Skouby, Professor, MD, DMSc. Unit of Reproductive Medicine, Herlev/Gentofte Hospital",blk_00234,1,29
Swansea University,blk_00743,1,3
Swedish Institute for Infectious Disease Control SMI,blk_01601,1,3
Swedish Orphan Biovitrum AB Publ,blk_00554,1,13
Swedish Orphan Biovitrum Sobi AB publ,blk_00554,1,13
Swedish Orphan International AB,blk_00554,1,13
Swindon  Marlborough NHS Trust,blk_02370,1,2
Swindon and Marlborough NHS Foundation Trust,blk_02370,1,2
Swiss Cancer Institute,blk_00408,1,3
Swiss Group  For Clinical Cancer Research SAKK,blk_00744,1,6
Swiss Group for Clinical Cancer Reaserch SAKK,blk_00744,1,6
"Sydvestjysk Sygehus, Esbjerg / Odense Universitetshospital",blk_01140,1,2
Sygehus Lillebaelt Vejle Sygehus,blk_00192,1,10
"Sygehus Snderjylland, Orthopedic department",blk_01592,1,2
Sykehuset Innlandet HF,blk_00047,1,36
Sykehuset Telemark HF,blk_00047,1,36
Sykehuset i Vestfold HF,blk_00047,1,36
Sykehuset stfold HF,blk_00047,1,36
Sylentis SAU,blk_01602,1,5
Sylentis SAU - PharmaMar Group,blk_01602,1,5
Symbio Pharmaceuticals Ltd.,blk_02371,1,2
SynOx Therapeutics Ltd,blk_02372,1,2
Synageva BioPharma Corp.,blk_00898,1,5
Synairgen Research Ltd,blk_00745,1,2
Syndax Pharmaceuticals,blk_00746,1,3
Syndax Pharmaceuticals Inc,blk_00746,1,3
"Synermore Biologics Co., Ltd",blk_00255,1,33
Syneurx International (Taiwan) Corp.,blk_01603,1,2
Synlogic,blk_02373,1,2
Synlogic Inc.,blk_02373,1,2
Synox Therapeutics Limited,blk_02372,1,2
Synta Pharmaceutical Corp.,blk_01604,1,5
Synta Pharmaceutical Corporation,blk_01604,1,5
Synta Pharmaceuticals Corp,blk_01604,1,5
Synta Pharmaceuticals Corporation,blk_01604,1,5
"Synthetic Biologics, Inc.",blk_00255,1,33
Synthon Chile LTDA.,blk_01605,1,2
Szegedi Tudomnyegyetem Szent-Gyrgyi Albert Klinikai Kzpont Onkotrpis Klinika,blk_01894,1,3
Szpital im. Jana Pawla II,blk_01055,1,5
T.O.A.D. Oncology S.A.,blk_00176,1,11
TAKEDA DEVELOPMENT CENTRE EUROPE LTD,blk_00046,1,38
"TAKEDA Development Center Americas, Inc.",blk_00046,1,38
TARGID,blk_02374,1,2
TARIAN PHARMA,blk_01143,1,2
TAYS,blk_01606,1,5
TECNIMEDE  SOCIEDADE TCNICO MEDICINAL S.A.,blk_00629,1,6
"TECNIMEDE, Sociedade Tcnico-Medicinal, S.A.",blk_00629,1,6
"TEDEC MEIJI FARMA, S.A.",blk_00226,1,40
"TEDEC-MEIJI FARMA, S.A.",blk_00226,1,40
TETEC  Tissue Engineering Technologies  AG,blk_02375,1,3
TETEC AG,blk_02375,1,3
TETEC Tissue Engineering Technologies - AG,blk_02375,1,3
TEVA,blk_00083,1,14
TEVA ITALIA srl,blk_01995,1,2
TEVA Pharma Belgium,blk_00865,1,10
TEVA Pharmaceutical Industries Ltd,blk_00089,1,23
"TEVA Pharmaceutical Industries, Ltd.",blk_00089,1,23
TEVA Pharmaceutical Industries. Ltd.,blk_00089,1,23
TEVA Pharmaceuticals Europe,blk_00083,1,14
TEVA Pharmaceuticals Industries Ltd,blk_00089,1,23
TEVA UK Ltd,blk_00083,1,14
THE CHRISTIE NHS FOUNDATION TRUST,blk_00336,1,7
THE IMMUNE RESPONSE CORPORATION,blk_02376,1,2
THE ROYAL MARSDEN NHS FOUNDATION,blk_00191,1,27
THE TECHNICAL UNIVERSITY OF DRESDEN,blk_00181,1,18
THEA,blk_00535,1,4
THERABEL PHARMACEUTICAL Ltd,blk_02377,1,2
THERAKOS,blk_01612,1,4
"THERAKOS, Inc.",blk_01612,1,4
"TIGENIX, S.A.U.",blk_02378,1,3
TNO Netherlands Organisation for applied scientific research,blk_00899,1,3
TNO.Netherlands Organization for Applied Scientific Research,blk_00899,1,3
TOGA Thoracic Oncology Group Antwerp,blk_00130,1,14
TOLREMO therapeutics AG,blk_02379,1,2
TRANSGENE,blk_00632,1,5
TRANSGENE SA,blk_00632,1,5
TRBChemedica,blk_01608,1,2
TRIALNET COORDINATING CENTER AT THE UNIVERSITY OF SOUTH FLORIDA,blk_00903,1,2
TRIO Medicines Ltd,blk_01618,1,2
"Taiho Oncology, Inc",blk_00176,1,11
"Taiho Pharma USA, Inc",blk_00176,1,11
Takeda,blk_00046,1,38
Takeda Belgium,blk_00865,1,10
Takeda Development Center Americas Inc. / Baxalta Innovations GmbH,blk_00046,1,38
Takeda Development Center Americas TDCA,blk_00046,1,38
"Takeda Development Center Americas, Inc",blk_00046,1,38
"Takeda Development Center Americas, Inc. TDC Americas",blk_00046,1,38
"Takeda Development Center Americas, Inc. TDCA",blk_00046,1,38
"Takeda Development Center Americas, Inc. Takeda",blk_00046,1,38
"Takeda Development Center TDC Americas, Inc.",blk_00046,1,38
Takeda Europe R D Centre Ltd,blk_00046,1,38
Takeda Europe RD Center Ltd,blk_00046,1,38
Takeda Europe RD Centre Limited,blk_00046,1,38
"Takeda Europe Research  Development Centre Ltd.,",blk_00046,1,38
Takeda Global RD Centre Europe,blk_00046,1,38
Takeda Global RD Europe Ltd,blk_00046,1,38
"Takeda Global Research  Development Centre Europe, Ltd. / Takeda Global Research  Development Centre Europe, Ltd.",blk_00046,1,38
"Takeda Global Research  Development Centre, Inc.,",blk_00046,1,38
Talecris Biotherapeutics,blk_02380,1,2
"Talecris Biotherapeutics, Inc",blk_02380,1,2
"Tallaght Hospital, Dublin 24, Ireland",blk_00129,1,10
Tampere Heart Hospital,blk_00305,1,9
"Tampere University, Faculty of Medicine, Department of Ophthalmology",blk_00305,1,9
Tampere university hospital,blk_00305,1,9
"Tanabe Seiyaku Co., Ltd",blk_00748,1,5
Tandvrden SU/Mlndal,blk_02346,1,2
"Taneli Raivio, Helsingin yliopistollinen keskussairaala",blk_02084,1,3
Tango Therapeutics Inc.,blk_02381,1,2
Tango Therapeutics Inc. / Tango Therapeutics Inc.,blk_02381,1,2
Targacept Inc,blk_02382,1,3
Targacept Inc.,blk_02382,1,3
"Targacept, Inc.",blk_02382,1,3
Targid University Leuven,blk_02374,1,2
Targovax AS,blk_02383,1,2
Targovax Oy,blk_02383,1,2
Tartu University Department of Sports Medicine and Rehabilitation,blk_00398,1,9
Tartu University Hospital Psychiatry Clinic,blk_00398,1,9
Tartu likooli kardioloogiakliinik,blk_00398,1,9
Tatiana Cobo Ibez / Gemma Mara Mora Ortega / Gonzalo Serralta San Martn,blk_01885,1,2
TauRx Therapeutics PTE Ltd,blk_00556,1,3
Tauernkliniken GmbH A.ö. Tauernklinikum - Standort Zell am See,blk_00563,1,11
Taurx Therapeutics Limited,blk_00556,1,3
Tays / Tays,blk_01606,1,5
Tays Sydnkeskus Oy,blk_01606,1,5
Tayside Academic Sciences Centre,blk_00717,1,4
Tayside Medical Science Centre,blk_00717,1,4
Tayside Medical Sciences Centre on behalf of University of Dundee,blk_00067,1,21
Technical University Carl-Gustav-Carus,blk_02122,1,2
"Technical University Dresden, Department of Dermatology",blk_00181,1,18
Technical University Munich,blk_00602,1,29
"Technical University Munich, Klinikum rechts der Isar",blk_00602,1,29
Technical University of Dresden,blk_00181,1,18
"Technical University of Dresden, faculty of medicine",blk_00181,1,18
Technical University of Munich / Verein fr Tumorforschung,blk_00602,1,29
Technical Unversity of Munich,blk_00602,1,29
Technical university Dresden,blk_00181,1,18
"Technische Universitaet Muenchen, Medizinische Fakultaet",blk_00279,1,12
"Technische Universitaet Muenchen, vertreten durch das Klinikum rechts der Isar",blk_00279,1,12
Technische Universitt Mnchen Fakultaet fuer Medizin,blk_02384,1,4
"Technische Universitt Mnchen, Fakultt fr Medizin vertreten durch den Dekan",blk_02384,1,4
"Technische Universitt Mnchen, Fakultt fr Medizin, Klinikum rechts der Isar",blk_02384,1,4
"Technische Universitt Mnchen, Fakultt fr Medizin, represented by Dean",blk_00625,1,31
"Technische Universitt Mnchen, Represented by the school of medicine",blk_00625,1,31
"Technische Universitt Mnchen, School of Medicine, represented by Dean",blk_00625,1,31
"Technische Universitt Mnchen, vertreten durch das Klinikum rechts der Isar",blk_02384,1,4
Technological University Dublin,blk_00129,1,10
Tecnical University of Munich,blk_00602,1,29
"Tecnimede - Sociedade Tcnico-Medicinal, S.A.",blk_00629,1,6
"Tecnimede, Sociedade Tcnico-Medicinal S.A.",blk_00629,1,6
"Tedec-Meiji Farma, S.A.",blk_00226,1,40
Teikoku Seiyaku Co Ltd.,blk_00748,1,5
Teikoku Seiyaku Co. Ltd. / Teikoku Seiyaku Co. Ltd.,blk_00748,1,5
Telios Pharma Inc.,blk_01144,1,3
Telios Pharma Inc. / Telios Pharma Inc.,blk_01144,1,3
"Tergooi Hospital, dep of internal medicine",blk_02205,1,3
Tetra Pharm Technologies ApS,blk_01299,1,17
Teva Pharmaceutical Industries,blk_00089,1,23
Teva Pharmaceutical Works Private Limited Company,blk_02294,1,3
Teva Pharmaceuticals Industries LtD,blk_00089,1,23
Teva Pharmaceuticals Industries Ltd.,blk_00089,1,23
"Teva Pharmaceuticals, Inc.",blk_00083,1,14
Teva Womens Health Research,blk_00979,1,5
"Teva Womens Health ResearchDevelopment, a division of Teva Branded Pharmaceutical Products RD, Inc.",blk_00083,1,14
"The Alimentary Pharmabiotic Centre, University College Cork",blk_00908,1,3
The All Ireland Cooperative Oncology Research Group ICORG,blk_00297,1,18
The Cardiothoracic Centre Liverpool NHS Trust,blk_00244,1,40
"The Cardiovascular MR Group, Dept. 2011, Rigshospitalet",blk_01690,1,6
The Cardiovascular Research Foundation,blk_01361,1,6
"The Centre for Child and Adolescent Mental Health, Eastern and Southern",blk_00804,1,17
"The Centre for Child and Adolescent Mental Health, Eastern and Southern Norway R-BUP",blk_00804,1,17
The Christie Hospital NHS Foundation Trust,blk_00336,1,7
"The Christie NHS Foundation Trust, RD",blk_00336,1,7
The Clatterbridge Cancer Centre NHS Foundation,blk_00495,1,2
The Danish National University Hospital Rigshospitalet,blk_00581,1,6
The Department of Calcium- and Bone-metabolic Diseases,blk_00454,1,6
"The Department of Cardiothoracic and Vascular Surgery, Aarhus University Hospital",blk_01826,1,6
"The Department of Hepatology and Gastroenterology, Aarhus University Hospital",blk_01696,1,2
"The Department of Molecular Medicin and Surgery, P9:03, Karolinska Institutet",blk_01920,1,3
The Department of Urology,blk_01936,1,2
The Dutch Working Group on Immunotherapy of Oncology WIN-O,blk_00997,1,3
The Eye Hospital Rotterdam,blk_00496,1,8
"The Fertility Clinic, Skive regional Hospital",blk_01609,1,5
"The Fertility Clinic, Sygehus Viborg Skive",blk_01609,1,5
The Finnish Lymphoma group,blk_00437,1,22
"The Finsen Center, Rigshospitalet",blk_01913,1,40
The George Institute for Global Health Australia,blk_01145,1,6
"The George Institute for Global Health, University of New South Wales",blk_01090,1,7
"The Heart Center, Rigshospitalet",blk_01485,1,4
The Hospital District of Southwest Finland,blk_01065,1,12
The Hospital for Sick Children,blk_01572,1,7
The Immune Response Corporation,blk_02376,1,2
The Institute of Cancer Research / Kings College London,blk_00145,1,20
The Institute of Cancer Research / Royal Marsden NHS Foundation Trust,blk_00191,1,27
The Institute of Cancer Research / The Royal Marsden NHS Foundation Trust,blk_00191,1,27
The Institute of Cancer Research / University Hospital Birmingham NHS Foundation Trust,blk_00035,1,36
The Institute of Cancer Research / University Hospitals Bristol NHS Foundation Trust,blk_00004,1,25
The John Hopkins University,blk_01052,1,6
"The Karolinska Institutet, ClinTRID",blk_02145,1,13
The Kirby Institute,blk_02155,1,2
"The Kirby Institute formerly National Centre in HIV Epidemiology and Clinical Research NCHECR, University of New Sou",blk_02246,1,2
The Kompetenznetz Vorhofflimmern e.V. German Atrial Fibrillation Competence Network association AFNET e.V.,blk_01023,1,8
The Leeds teaching Hospitals NHS trust,blk_00048,1,17
The Liverpool Heart  Chest Hospital NHS Trust,blk_00244,1,40
The London Clinic,blk_00148,1,25
The Ludwig Boltzmann Institute for Retinology and Biomicroscopic Lasersurgery,blk_01449,1,11
The Medicines Company Switzerland,blk_00492,1,9
The Medicines Company UK Ltd,blk_00117,1,6
The Medicines Company UK Ltd.,blk_00117,1,6
The Motol University Hospital,blk_00909,1,2
"The Multiple Sclerosis Research Group, Department of Clinical Neuroscience",blk_01892,1,3
The Netherlands Cancer Institute/ Antoni van Leeuwenhoek hospital / Radboud University Nijmegen Medical Center,blk_00061,1,31
"The Newcastle Upon Tyne Hospital NHS Foundation Trust, Freeman Hospital",blk_00179,1,21
The Newcastle upon Tyne Hospitals NHS Foundation Trust / The Newcastle upon Tyne Hospitals NHS Foundation Trust,blk_00179,1,21
The Newcastle upon Tyne Hospitals NHS Trust,blk_00179,1,21
The Newcastle upon Tyne NHS Hospitals Foundation Trust,blk_00179,1,21
The Newcastle upon tyne Hospitals NHS Trust,blk_00179,1,21
The Nordic CML Study Group,blk_01089,1,4
The Nordic Colorectal Cancer Biomodulation Group,blk_00309,1,14
The Nordic MDS group,blk_02192,1,2
"The North West London Hospitals NHS Trust, Northwick Park Hospital",blk_01277,1,8
The Norwegian Radium Hospital,blk_02385,1,2
"The Norwegian Radium Hospital, Oslo University Hospital",blk_02385,1,2
The Norwegian University of Science and Technology,blk_00615,1,4
The Office of Interventional Cardiovascular Research and Clinical Trials at Icahn School of Medicine at Mount Sinai,blk_02099,1,3
"The Parker Institute, Bispebjerg and Frederiksberg Hospital",blk_00122,1,28
The Pharmaceutical Company LEK-AM Sp. Zo.o.,blk_00563,1,11
The Pharmaceutical Company LEK-AM Sp. Zoo. / Przedsiebiorstwo Farmaceutyczne Lek-Am Sp. z o.o.,blk_00563,1,11
The Princess Alexandra Hospital NHS Trust,blk_02300,1,2
The Public Health Agency Of Sweden,blk_00380,1,3
"The Royal Group of Hospitals, Belfast Health and Social Care Trust / Queens University Belfast",blk_00246,1,18
"The Royal Group of Hospitals, Belfast Trust",blk_00246,1,18
The Royal Liverpool University Hospital NHS Trust,blk_00244,1,40
The Royal Marsden Foundation Trust and The Institute of Cancer Research,blk_00191,1,27
The Royal Marsden Hospital NHS Foundation Trust,blk_00191,1,27
The Royal Marsden Hospital NHS Trust,blk_00191,1,27
The Royal Marsden NHS Foundation Trust / The Insitute of Cancer Research,blk_00191,1,27
The Royal Marsden NHS Foundation Trust / The Institute of Cancer Reseacrh,blk_00191,1,27
The Royal Wolverhampton Hospitals NHS Trust,blk_01573,1,4
"The Sahlgrenska Academy, University of Gothenburg",blk_00180,1,28
The Sahlgrenska Center for Pediatric Ophtalmology Research,blk_00180,1,28
The Symbio Herborn Group GmbH,blk_02371,1,2
The Univeristy of Nottingham,blk_00060,1,19
The University Hospitals  of Leicester NHS Trust,blk_00133,1,21
The University Of Edinburgh / NHS Lothian,blk_00150,1,27
The University Of Queensland,blk_01758,1,4
The University of Adelaide,blk_01703,1,4
The University of Birmingham / Central Manchester University Hospitals NHS Foundation Trust,blk_00035,1,36
The University of Birmingham / Heart of England NHS Foundation Trust,blk_00035,1,36
The University of Birmingham / Manchester University NHS Foundation Trust,blk_00035,1,36
The University of Dundee / NHS TAYSIDE,blk_00067,1,21
The University of Edinburgh  Lothian Health Board,blk_00150,1,27
The University of Edinburgh / NHS Lothian,blk_00150,1,27
The University of Leeds / The University of Sheffield,blk_00048,1,17
The University of Leicester,blk_00133,1,21
The University of Liverpool / Aintree University Hospital NHS Trust,blk_00244,1,40
The University of Liverpool / The Royal Liverpool and Broadgreen University Hospitals NHS Trust,blk_00244,1,40
The University of Manchester / Belfast Health and Social Care Trust,blk_00246,1,18
The University of Manchester / Central Manchester and Manchester Childrens University Hospital NHS Trust,blk_00264,1,40
The University of Manchester / Central Manchester and Manchester Childrens University NHS trust,blk_00264,1,40
The University of New South Wales Australia,blk_01090,1,7
The University of Nottingham / Derby Hospitals NHS Foundation Trust,blk_00060,1,19
The University of Southampton,blk_00183,1,20
The Walton Centre NHS Foundation Trust,blk_02386,1,5
The Walton Centre for Neurology and Neurosurgery,blk_01695,1,5
The Walton Centre for Neurology and Neurosurgery NHS Trust,blk_01695,1,5
The Whittington Hospital NHS Trust,blk_02387,1,3
The lymphoma Study Association LYSA,blk_00437,1,22
Therabel Pharmaceuticals Ltd,blk_02377,1,2
"Theracos, Inc.",blk_00901,1,3
Theragnostics Ltd,blk_01339,1,2
Therakos,blk_01612,1,4
Theranexus S.A.,blk_02388,1,2
Theranexus SA,blk_02388,1,2
Therapeutic Research Unit,blk_01077,1,2
"Theravance Biopharma RD, Inc.",blk_00399,1,4
Theriva Biologics S.L.,blk_00255,1,33
Thomas Fichnter Bendtsen,blk_00497,1,2
Thomas Mller Jensen,blk_02263,1,2
Thoracale Oncologie Groep Antwerpen,blk_00751,1,6
Thoracale Oncologie Groep Antwerpen TOGA,blk_00751,1,6
"Thorax Center, Univeristy Medical Center Groningen, Groningen, The Netherlands",blk_00021,1,22
Thoraxcentrum Erasmus MC,blk_01333,1,15
Thoraxclinic at the University of Heidelberg,blk_00338,1,40
Thoraxklinik Heidelberg,blk_00338,1,40
Threshold Pharmaceuticals,blk_01613,1,3
"Threshold Pharmaceuticals, Inc",blk_01613,1,3
ThromboGenics N.V.,blk_00498,1,4
Thrombosis Research Institute,blk_01844,1,2
"TiGenix, S.A. Unipersonal",blk_02378,1,3
"TiGenix, S.A.U.",blk_02378,1,3
Tibotec Pharmaceuticals Limited Ireland,blk_00242,1,7
Tirol Kliniken GmbH,blk_02389,1,2
"TiumBio Co., Ltd.",blk_02390,1,2
Tiumbio Co. Ltd.,blk_02390,1,2
"Tobira Therapeutics Inc., a subsidiary of Allergan plc",blk_00080,1,13
Tokai Pharmaceuticals Inc,blk_02391,1,2
"Tokai Pharmaceuticals, Inc.",blk_02391,1,2
"TolerX, Inc.",blk_01614,1,2
Tolremo Therapeutics AG,blk_02379,1,2
Top Institute Food and Nutrition,blk_02392,1,2
Top institute of Pharmaceutical Research,blk_02392,1,2
TopoTarget Germany AG,blk_00442,1,3
Toray Industries Inc,blk_01615,1,3
Toray Industries Inc.,blk_01615,1,3
Toulouse Hospital,blk_00104,1,11
"Transave, Inc",blk_01147,1,2
Translational Oncology Research International,blk_01616,1,5
Translational Research in Oncology,blk_01616,1,5
Translational Research in Oncology TRIO,blk_01616,1,5
"Transplantationscntrum, Sahlgrenska Universitetssjukhuset",blk_00180,1,28
Transposon Therapeutics Inc.,blk_02393,1,2
"Transposon Therapeutics, Inc",blk_02393,1,2
"Tranzyme, Inc",blk_00902,1,3
Trevena Inc,blk_01148,1,3
"Trevena, Inc.",blk_01148,1,3
Trevi Therapeutics Inc.,blk_00633,1,2
Tricida Inc.,blk_01617,1,2
Turku Univeristy Hospital,blk_00086,1,13
Turku University Hospitla,blk_00086,1,13
Turku University hospital,blk_00086,1,13
TurnSole Biologics  Llc,blk_00255,1,33
Turun yliopistollinen keskussairaala,blk_02084,1,3
TweeSteden Hospital,blk_02394,1,2
TweeSteden hospital,blk_02394,1,2
U.O. Terapia Intensiva,blk_02395,1,2
U.O. Terapia intensiva,blk_02395,1,2
U.Z. Gasthuisberg,blk_01629,1,6
UAB Eli Lilly Lietuva,blk_00009,1,38
UCB AE,blk_00106,1,40
UCB BIOPHARMA SPRL,blk_00106,1,40
UCB BIOSCIENCES Inc,blk_00106,1,40
UCB BIOSCIENCES Inc.,blk_00106,1,40
"UCB BIOSCIENCES, INC.",blk_00106,1,40
UCB BioSciences Inc. A Member of the UCB Group of Companies,blk_00106,1,40
"UCB BioSciences, Inc",blk_00106,1,40
UCB Biopharma SPRL.,blk_00106,1,40
UCB Biopharma Sprl,blk_00106,1,40
"UCB Biosciences, Inc. A Member of the UCB Group of Companies",blk_00596,1,2
"UCB Celltech, UK",blk_01834,1,3
"UCB Celltech, UK - Registered Branch of UCB Pharma SA",blk_01834,1,3
UCB PHARMA S.A.,blk_00106,1,40
UCB Pharma,blk_00106,1,40
UCB Pharma Belgium,blk_00865,1,10
UCB Pharma Inc.,blk_00106,1,40
UCB Pharma Ltd,blk_00106,1,40
"UCB Pharma, Inc",blk_00106,1,40
UCB S.A,blk_00106,1,40
UCB S.A.  Pharma Sector / UCB Pharma Inc.,blk_02396,1,2
UCB S.A. / UCB  Inc.,blk_00106,1,40
UCB S.A. Global Medical Affairs,blk_02397,1,3
UCB S.A. Pharma Sector / UCB Pharma Inc.,blk_02396,1,2
UCL - The Joint UCLH/UCL Comprehensive Biomedical Research Unit,blk_00904,1,19
UCL / UCL,blk_00904,1,19
UCL Biomedicine RD Unit,blk_00904,1,19
UCL CCTU,blk_00904,1,19
UCL Cliniques Universitaires Saint Luc,blk_00198,1,26
UCL Comprehensive Clinical Trials Unit,blk_00904,1,19
UCL Mont Godinne,blk_00904,1,19
UCL University College London,blk_00904,1,19
UCL-INSTITUTE OF CHILD HEALTH,blk_00904,1,19
UHCW NHS Trust,blk_02328,1,2
UHL NHL Trust,blk_01151,1,2
UK Childrens Cancer Study Group,blk_00309,1,14
ULB - Unit de Recherche en Lymphologie,blk_02398,1,2
ULB - Unit de Recherche en Lymphologie - Facult des Sciences de la motricit,blk_02398,1,2
ULB ERASME,blk_00320,1,26
ULB ERASME HOSPITAL,blk_00320,1,26
ULB Erasme Hospital,blk_00320,1,26
UMC Amsterdam location AMC,blk_00042,1,36
UMC ST Radboud,blk_00042,1,36
UMC St Radboud University Hospital Center,blk_00042,1,36
"UMC Utrecht, Julius Center for Health Sciences and Primary Care",blk_00038,1,30
UMCN,blk_02399,1,3
UMCN St Radboud,blk_02399,1,3
UMCN department Pharm-Tox,blk_01299,1,17
UMCN farm-tox,blk_02399,1,3
UMCU Utrecht / UMCU Utrecht,blk_00038,1,30
UNIDAD HEPATICA. CIBERehd. HOSPITAL GENERAL UNIVERSITARIO DE ALICANTE,blk_00836,1,7
UNIMED PHARMA spol. s r. o.,blk_02334,1,2
UNITHER PHARMACEUTICALS,blk_01152,1,3
UNIVERSIDAD REY JUAN CARLOS,blk_02400,1,2
UNIVERSITA  DEGLI STUDI DI PAVIA,blk_00209,1,40
UNIVERSITA DEGLI STUDI DI FERRARA,blk_00209,1,40
UNIVERSITA DEGLI STUDI DI FIRENZE,blk_00209,1,40
UNIVERSITA DEGLI STUDI DI FIRENZE - DIPARTIMENTO DI PSICOLOGIA,blk_01848,1,5
UNIVERSITA DEGLI STUDI DI MESSINA,blk_00209,1,40
UNIVERSITA DEGLI STUDI DI MILANO-BICOCCA,blk_00209,1,40
UNIVERSITA DI GENOVA,blk_01760,1,3
UNIVERSITA DI TORINO,blk_00076,1,5
UNIVERSITTSKLINIKUM DER MEDIZINISCHEN FAKULTT FREIBURG,blk_00356,1,21
"UNIVERSITTSMEDIZIN GTTINGEN, GEORG-AUGUST-UNIVERSITT,Klinik fr Kinder- und Jugendpsychiatrie/Psychotherapie",blk_01155,1,11
UNIVERSITY HEALTH NETWORK,blk_00315,1,17
UNIVERSITY HOSPITALS ST LUC,blk_00198,1,26
UNIVERSITY MEDICAL  CENTRE LJUBLJANA,blk_01158,1,14
UNIVERSITY OF FLORENCE,blk_02401,1,2
UNIVERSITY OF OXFORD,blk_00025,1,35
"UO Divisione Nefrologia, Dialisi e Trapianto renale",blk_02336,1,4
URIACH J. URIACH Y COMPANIA S.A.,blk_02132,1,2
URSAPHARM Arzneimittel GmbH  Co. KG,blk_00749,1,6
"USS Centro di Fisiopatologia della Riproduzione, A.O. Papa Giovanni XXIII",blk_00931,1,4
UZ Brussel / UZ Brussel,blk_00022,1,39
UZ Brussel VUB,blk_00022,1,39
UZ Brussels,blk_00022,1,39
UZ Gasthuisberg Leuven,blk_00022,1,39
"UZ KULeuven, service of Rheumatology",blk_00022,1,39
UZ LEUVEN,blk_00022,1,39
UZ Leuven - Bloedings- en Vaatziekten,blk_00022,1,39
UZ Leuven / Belgian Gynaecological Oncology Group,blk_00022,1,39
UZ Leuven / UZ Leuven,blk_00022,1,39
UZ Leuven Orthopedic research,blk_00022,1,39
UZ Leuven-Department of Urology,blk_00022,1,39
"UZ leuven, Marc Van de Velde",blk_00022,1,39
UZ/KU Leuven,blk_00022,1,39
UZBrussel Department of Anesthesiology and Perioperative Medicine Acute and Chronic Pain Therapy,blk_01862,1,8
UZLEUVEN,blk_00022,1,39
UZLeuven / UZLeuven,blk_00022,1,39
UZLeuven Afdeling Oogziekten,blk_00022,1,39
UZleuven,blk_00022,1,39
Ultragenyx Pharmaceutial Inc.,blk_00149,1,6
Ultragenyx Pharmaceuticals Inc,blk_00149,1,6
Ultragenyx Pharmaceuticals Inc.,blk_00149,1,6
Ume Universitet,blk_00557,1,7
Ume university,blk_00557,1,7
Umea University,blk_02323,1,4
Unicancer / Institut Gustave Roussy,blk_00052,1,4
Unidad Integral de Investigacin en Oncologa S.L.,blk_01620,1,3
Unidad de Gestin Clnica de Endocrinologa y Nutricin,blk_02262,1,2
Unidad de Investigacin Hospital Universitario de Canarias,blk_00837,1,9
Unidad de Investigacin en Tuberculosis de Barcelona UITB,blk_02402,1,2
Unidad de Trasplantes y Terapia Celular  del Hospital Universitario Central de Asturias,blk_02035,1,4
Unidad de Trasplantes y Terapia Celular del Hospital General Universitario Central de Asturias,blk_02035,1,4
Unidad de VIH - Servicio de Enfermedades Infecciosas. Hospital de Bellvitge,blk_01316,1,11
Unidad de VIH. Servicio de Enfermedades Infecciosas. Hospital de Bellvitge,blk_01316,1,11
Unidad de investigacin en Tuberculosis de Barcelona,blk_02402,1,2
Unidad integral de investigacin en oncologia,blk_01620,1,3
Unidade Local De Saude De Coimbra E.P.E.,blk_01621,1,3
Unidade Local De Saude De Santa Maria E.P.E. / Instituto De Medicina Molecular Joao Lobo Antunes,blk_01314,1,16
Unidade Local De Saude De Tras-Os-Montes E Alto Douro E.P.E.,blk_01621,1,3
Unidade de Investigao em Sade Mental e Psiquiatria do Centro Hospitalar Conde de Ferreira,blk_00804,1,17
"Unit Malattie Neurodegenerative, Ospedale Cardinale Giovanni Panico, Tricase",blk_01688,1,3
Unit for Psychiatric Research,blk_02256,1,5
Unit of Esophageal and Gastric Research Dep. of Molecular Medicine and Surgery Karolinska Institutet,blk_00953,1,3
"Unit of Infectious Diseases, Department of Medical Scieces, University of Torino c/o ASLTO2, Amedeo di Savoia Hospital",blk_01050,1,22
United Bristol Healthcare NHS Trust,blk_00337,1,11
United Lincolnshire Hospitals NHS Trust,blk_00337,1,11
Unither Pharmaceuticals,blk_01152,1,3
"Unity Health Toronto, at its St. Michaels site",blk_01628,1,3
"Univ of Lund, Dept of Pediatrics",blk_00536,1,14
"Univ. Klinik f. Ansthesie, Intensivmedizin und Schmerztherapie",blk_01396,1,9
Univ. Klinik fr Ansthesiologie,blk_01054,1,7
"Univ. of Iceland, Dept. Pharmacol.",blk_01633,1,3
Univ.-Doz. Dr. Karl-Heinz Smolle,blk_02144,1,6
Univ.-Kl. f.Augenheilkunde und Optometrie Wien,blk_01625,1,6
"Univ.-Klinik fr Augenheilkunde und Optometrie, Medizinische Universitt Wien",blk_01625,1,6
Univ.-Klinik fr Kinder- und Jugendheilkunde,blk_01899,1,12
"Univ.-Prof. DDr. Norbert Jakse, Universittszahnklinik Graz, Dep. f. Orale Chirurgie u. Rntgenologi",blk_02210,1,3
"Univ.-Prof. Dr. Hans F. Merk, Dept. of Dermatology, University Hospital, RWTH Aachen University",blk_02403,1,2
Univ.-Prof. Dr. Oliver Findl Med. Univ. Wien,blk_02201,1,35
Univ.Clinic of Dermatology,blk_01190,1,5
"Univ.Clinic of Internal Medicine II, Department of Cardiology, Medical University of Vienna, Austria",blk_00547,1,8
Univar B.V.,blk_02404,1,3
Univar BV,blk_02404,1,3
Univar Solutions B.V.,blk_02404,1,3
Univeristy Hospital Schleswig-Holstein,blk_00634,1,17
Univeristy Hospital Tuebingen,blk_00139,1,26
Univeristy Medical Center Groningen,blk_00021,1,22
Univeristy Medical Center Utrecht,blk_00038,1,30
Univeristy of Cologne,blk_00057,1,9
Univeristy of Leeds,blk_00048,1,17
Univeristy of Milano-Bicocca,blk_02405,1,2
Univeritetssjukhuset rebro / Universitetssjukhuset rebro,blk_00400,1,9
Univerity Hospital Leuven,blk_02406,1,3
Univerity Hospitals Leuven,blk_02406,1,3
Univerity of Bonn,blk_02406,1,3
Universidad Autnoma de Madrid U.A.M.,blk_01622,1,3
Universidad Complutense de Madrid,blk_01293,1,4
Universidad Rey Juan Carlos,blk_02400,1,2
Universidad de Salamanca,blk_01416,1,6
Universit  degli  Studi di Torino e Azienda Ospedaliera Citt della Salute e della Scienza di Torino,blk_00927,1,3
Universit Campus Bio-Medico di Roma,blk_00155,1,5
Universit Cattolica del Sacro Cuore,blk_00878,1,7
Universit Libre de Bruxelles,blk_01154,1,2
Universit catholique de Louvain UCL,blk_00904,1,19
Universit degli Studi Aldo Moro,blk_01848,1,5
Universit degli Studi di Trieste,blk_00209,1,40
Universit del Piemonte Orientale,blk_00584,1,4
Universit di Modena e ReggioEmilia,blk_00312,1,11
Universit di Napoli Federico II,blk_00209,1,40
Universita  di Firenze,blk_01301,1,7
Universita Cattolica Del Sacro Cuore,blk_00878,1,7
Universita Degli Studi Di Genova,blk_00209,1,40
Universita Degli Studi Di Milano,blk_00209,1,40
Universita Degli Studi Di Roma La Sapienza,blk_00209,1,40
Universita Degli Studi Di Torino / Mario Negri Institute For Pharmacological Research IRCCS,blk_00222,1,18
Universita Degli Studi Di Verona,blk_00209,1,40
Universita' Degli Studi Di Camerino,blk_00209,1,40
Universita' Degli Studi Di Genova,blk_00209,1,40
Universita' Degli Studi Di Modena E Reggio Emilia,blk_00312,1,11
Universita' Degli Studi Di Roma La Sapienza,blk_00209,1,40
Universita' Degli Studi Di Verona,blk_00209,1,40
Universitaetsklinikum Erlangen,blk_00139,1,26
Universitaetsklinikum Erlangen-Nuernberg,blk_00156,1,25
Universitaetsklinikum Essen,blk_00308,1,14
Universitaetsklinikum Hamburg,blk_00095,1,13
Universitaetsklinikum Heidelberg AöR / Universitaetsklinikum Heidelberg AöR,blk_00139,1,26
Universitaetsklinikum Schleswig-Holstein AöR / Universitaetsklinikum Schleswig-Holstein AöR,blk_00139,1,26
Universitaetsklinikum Tuebingen AöR / Universität Zürich - Klinik für Neonatologie,blk_00139,1,26
Universitaetsmedizin Der Johannes Gutenberg-Universitaet Mainz Koerperschaft Des Offentlichen Rechts,blk_00635,1,25
Universitaetsmedizin Greifswald KöR,blk_00140,1,17
Universitaetsmedizin der Johannes Gutenberg-Universitaet Mainz KöR / Rabin Medical Center,blk_00140,1,17
Universitair Medisch Cemtrum Utrecht,blk_00038,1,30
Universitair Medisch Centrum Groningen / Universitair Medisch Centrum Groningen,blk_00021,1,22
Universitair Psychiatrisch Centrum KU Leuven,blk_00205,1,24
Universitair Ziekenhuis Antwerpen / Hospital Germans Trias I Pujol,blk_00751,1,6
Universitair Ziekenhuis Antwerpen UZA - Multidisciplinair Pijncentrum,blk_00751,1,6
Universitair Ziekenhuis Brussel Vrije Universiteit Brussel,blk_00243,1,8
"Universitair Ziekenhuis Brussel, Belgium",blk_00243,1,8
Universitair Ziekenhuis Gent / Az St-Jan Brugge-Oostende A.V.,blk_00182,1,5
Universitair Ziekenhuis Leuven UZ Leuven,blk_00022,1,39
Universitaire ziekenhuis Leuven,blk_00022,1,39
Universitatsmedizin der Johannes Gutenberg-Universitat Mainz KöR,blk_00635,1,25
Universite Catholique de Louvain,blk_01153,1,3
Universite De Liege / Centre Hospitalier Universitaire De Liege,blk_00579,1,15
Universiteit Antwerpen,blk_00751,1,6
Universiteit Leiden,blk_00023,1,20
Universiteit Twente,blk_00433,1,8
Universiteit Utrecht,blk_00038,1,30
Universitetet i Bergen,blk_01159,1,5
"Universitetsklinikken for Nyresygdomme og Blodtryksforhjelse, Regionshospitalet Holstebro, Hospitalsenheden Vest",blk_01624,1,2
Universitetssjukhuset Linkping,blk_00472,1,13
Universitetssjukhuset i Linkping,blk_00472,1,13
"Universitres Herzzentrum, Klinik fr Kardiologie und Angiologie",blk_02208,1,3
Universitt Bremen,blk_01881,1,3
Universitt Heidelberg vertreten durch die kaufmnnische Direktorin,blk_00338,1,40
"Universitt Heidelberg, Medizinische Fakultt Mannheim",blk_01627,1,4
Universitt Kln,blk_00307,1,2
"Universitt Leipzig, HNO",blk_00184,1,8
"Universitt Magdeburg, Medizinische Fakultt",blk_01071,1,20
"Universitt Mainz, I. Medizinische Klinik und Poliklinik",blk_01663,1,4
"Universitt Mainz, III. Medizinische Klinik",blk_00635,1,25
"Universitt Mainz, Klinik und Poliklinik fr Kinder- und Jugendpsychiatrie und -psychotherapie",blk_02407,1,2
"Universitt Mainz, Klinik und Poliklinik fr Neurologie",blk_02407,1,2
Universitt Marburg,blk_00484,1,8
Universitt Regensburg,blk_00752,1,19
"Universitt Rostock, fr diese handelnd Universittsklinikum",blk_02207,1,3
Universitt Witten/Herdecke,blk_01631,1,5
Universitt Wuerzburg,blk_00753,1,9
Universitts-Herzzentrum Freiburg  Bad Krozingen,blk_00356,1,21
UniversittsSpital Zrich,blk_02302,1,4
Universittsfrauenklinik Innsbruck,blk_02408,1,2
Universittshautklinik Kiel,blk_01908,1,3
Universittskinderklinik Heidelberg,blk_02409,1,5
Universittsklinik Freiburg,blk_00356,1,21
"Universittsklinik f. Innere Medizin III, Medizinische Universitt Wien",blk_02201,1,35
Universittsklinik fr Ansthesie - Paracelsus Medizinische Universitt Salzburg,blk_01911,1,6
"Universittsklinik fr Ansthesie,Intesivmedizin und Schmerztherapie,Mediniz.Universitt Wien",blk_02220,1,6
"Universittsklinik fr Augenheilkunde und Optometrie, AKH Wien",blk_01192,1,4
"Universittsklinik fr Augenheilkunde und Optometrie, MUW",blk_01625,1,6
"Universittsklinik fr Augenheilkunde und Optometrie, Medizinische Universitt Innsbruck",blk_01625,1,6
"Universittsklinik fr Augenheilkunden und Optometrie, Medizinische Universitt Wien",blk_01625,1,6
"Universittsklinik fr Dermatologie, Paracelsus medizinische Privatuniversitt Salzburg",blk_02214,1,6
"Universittsklinik fr Innere Medizin III, Klinische Abteilung fr Gastroenterologie und Hepatologie",blk_02163,1,9
"Universittsklinik fr Innere Medizin III, Medizinische Universitt Wien",blk_02201,1,35
"Universittsklinik fr Innere Medizin IV, Klinische Abteilung Gastroenterologie und Hepatologie",blk_02163,1,9
"Universittsklinik fr Innere Medizin, Klinische Abteilung fr Endokrinologie und Nuklearmedizin",blk_02211,1,4
Universittsklinik fr Kinder- und Jugendheilkunde,blk_01899,1,12
"Universittsklinik fr Kinder- und Jugendheilkunde, Medizinische Universitt Wien",blk_01899,1,12
"Universittsklinik fr Kinder- und Jugendheilkunde, Medizinsiche Universitt Wien",blk_01899,1,12
Universittsklinik fr Kinder-und Jugendheilkunde,blk_01899,1,12
"Universittsklinik fr Klinische Pharmakologie, Medizinische Universitt Wien",blk_01626,1,11
Universittsklinik fr Neurologie Innsbruck,blk_02219,1,2
Universittsklinik fr Psychiatrie und Psychotherapie I,blk_01283,1,19
"Universittsklinik fr Psychiatrie und Psychotherapie, Klin. Abteilung f. Biologische Psychiatrie",blk_01283,1,19
Universittsklinik fr Radiodiagnostik,blk_02410,1,2
"Universittsklinik fr Radiodiagnostik, Abteilung fr Neuroradiologie, Medizinische Universitt Wien",blk_02410,1,2
"Universittsklinik fr Zahn-, Mund- und Kieferheilkunde, Med Uni Graz, Department fr zahnrztliche Chirurgie",blk_02216,1,3
"Universittsklinik fr klinische Pharmakologie, Medizinische Universitt Wien",blk_01626,1,11
Universittsklinikum  Heidelberg,blk_02409,1,5
Universittsklinikum Aachen,blk_00625,1,31
"Universittsklinikum Aachen, Klinik f. Psychiatrie und Psychotherapie",blk_01283,1,19
"Universittsklinikum Erlangen, Strahlenklinik insoweit handelnd fr den Freistaat Bayern",blk_00156,1,25
"Universittsklinikum Essen, Westdeutsches Tumorzentrum",blk_00308,1,14
Universittsklinikum Frankfurt,blk_00218,1,30
"Universittsklinikum Freiburg, Abteilung klinische Chemie",blk_00356,1,21
"Universittsklinikum Freiburg, Leitender rztlicher Direktor / Universittsklinikum Freiburg, Kaufmnnische Direktorin",blk_00356,1,21
"Universittsklinikum Freiburg, vertreten durch den Leitenden rztlichen Direktor",blk_00356,1,21
Universittsklinikum Greifswald der Ernst-Moritz-Arndt Universitt Greifswald AR,blk_02128,1,4
"Universittsklinikum Jena, Friedrich-Schiller-Universitt Jena",blk_00462,1,12
Universittsklinikum Knappschaftskrankenhaus Bochum GmbH,blk_02165,1,2
"Universittsklinikum Mannheim, Universittsklinik fr Ansthesiologie und Operative Intensivmedizin",blk_01054,1,7
Universittsklinikum Schleswig-Holstein UKSH,blk_00634,1,17
"Universittsklinikum Schleswig-Holstein, Campus Lbeck: Klinik fr Strahlentherapie",blk_00634,1,17
"Universittsklinikum Tbingen, Medizinische Klinik I",blk_00287,1,10
"Universittsklinikum Tbingen, STZ eyetrial am Department fr Augenheilkunde",blk_00287,1,10
Universittsklinikum Tuebingen,blk_00139,1,26
Universittsklinikum der RWTH Aachen - rztlicher Direktor Univ.-Prof. Dr. H. Sass,blk_02403,1,2
Universittsklinikum des Saarlandes,blk_00906,1,4
Universittsklinkum Erlangen,blk_00156,1,25
Universittskrankenhaus Schleswig-Holstein,blk_00634,1,17
Universittslehrkrankenhaus Hall in Tirol,blk_02389,1,2
Universittsmedizin Charite,blk_00140,1,17
Universittsmedizin Goettingen,blk_00444,1,4
Universittsmedizin Greifswald,blk_02128,1,4
"Universittsmedizin Greifswald, KR",blk_00140,1,17
Universittsmedizin der Johannes Gutenberg-University Mainz,blk_00635,1,25
Universittsmedizin der Johannes-Gutenberg Universitt Mainz,blk_00635,1,25
"Universittsspital Zrich, Klinik fr Angiologie",blk_02302,1,4
University Antwerp / University Hospital Leuven gasthuisberg,blk_00130,1,14
University Bonn,blk_00440,1,14
University Childrens Hospital,blk_00567,1,6
"University Childrens Hospital Tbingen,",blk_00287,1,10
"University Childrens Hospital, Department of Neonatology",blk_02268,1,2
"University Clinic Erlangen, Medical Clinic II",blk_00156,1,25
University Clinic Essen,blk_00308,1,14
University Clinic Internal Medicine I,blk_01470,1,7
"University Clinic in Nephrology and Hypertension, Department of Medical Research",blk_00989,1,15
University Clinic od Munich-Grohadern represented by the medical management,blk_00602,1,29
University Clinic of Heidelberg,blk_02409,1,5
University Clinic of Nephrology and Hypertension,blk_00989,1,15
University Clinical Center of Tuebingen,blk_00139,1,26
University Clinics Tbingen,blk_00287,1,10
University College Dublin / University College Dublin,blk_00129,1,10
University College Dublin CRC,blk_00129,1,10
University College Hospital,blk_00129,1,10
University College Hospital Galway,blk_00675,1,14
University College Hospitals NHS Foundation Trust/ University College London,blk_00148,1,25
University College London / CR UK and UCL Cancer Trials Centre,blk_00196,1,7
University College London / University College London Hospitals NHS Foundation Trust,blk_00148,1,25
University College London Joint Research Office,blk_01428,1,6
University College London UCL hereby represented by UCL Comprehensive Clinical Trials UnitCCTU,blk_00904,1,19
"University College London,",blk_00148,1,25
"University College London, Joint Research Office",blk_01428,1,6
"University College London, UK",blk_02153,1,2
University College London-Joint UCLH/UCL Biomedical RD Unit,blk_00904,1,19
University College london,blk_00148,1,25
University College of London,blk_00148,1,25
University Cologne,blk_00057,1,9
University Erlangen-Nuremberg,blk_00156,1,25
University Eye Clinic Maastricht UMC,blk_00042,1,36
University Eye Hospital,blk_00237,1,8
University Federico II,blk_00209,1,40
University Health Network,blk_00315,1,17
University Health Network / Het Nederlands Kanker Instituut-Antoni van Leeuwenhoek Ziekenhuis Stichting,blk_00072,1,24
"University Health Network, Toronto General Hospital",blk_01628,1,3
University Heart Center Freiburg - Bad Krozingen,blk_00356,1,21
University Heidelberg,blk_02409,1,5
"University Heidelberg, Department of General Surgery",blk_02409,1,5
"University Heidelberg, University Hospital Mannheim",blk_01627,1,4
University Hospital Aintree NHS Trust,blk_01707,1,3
University Hospital Antwerp : Department Respiratory Medicine,blk_00130,1,14
University Hospital Azienda Ospedaliero S.Luigi Gonzaga Orbassano,blk_00260,1,5
University Hospital Basel Neurology,blk_00750,1,4
"University Hospital Basel, Cardiology",blk_00750,1,4
"University Hospital Basel, Dept. of Angiology",blk_02203,1,2
University Hospital Bern,blk_02120,1,5
University Hospital Birmingham NHS Foundation,blk_00035,1,36
University Hospital Brno,blk_01932,1,2
University Hospital Consorziale Policlinico / University Of Bari Aldo Moro,blk_00479,1,5
University Hospital Coventry  Warwickshire,blk_01157,1,3
University Hospital Department of Cardiology,blk_01357,1,7
University Hospital Dsseldorf,blk_00688,1,9
University Hospital Essen Anstalt des ffentlichen Rechts,blk_00308,1,14
"University Hospital Frankfurt for its Dermatology Department, Clinical Research",blk_00218,1,30
"University Hospital Frankfurt, Goethe University",blk_00218,1,30
"University Hospital Freiburg, represented by the Executive Medical Director LD",blk_00356,1,21
University Hospital Germans Trias i Pujol,blk_01030,1,9
University Hospital Hamburg-Eppendorf,blk_00095,1,13
"University Hospital Hamburg-Eppendorf, Psychiatry",blk_00095,1,13
"University Hospital Heidelberg, Ruprechts-Karl-University Heidelberg / University Hospital Heidelberg, Ruprecht-Karls-University Heidelberg",blk_02144,1,6
University Hospital Hradec Kralove,blk_01010,1,11
University Hospital Hvidovre,blk_00221,1,34
University Hospital Innsbruck,blk_02408,1,2
University Hospital Leicester RD,blk_00133,1,21
University Hospital Linkping,blk_00472,1,13
"University Hospital Lund, Thoracic Oncology Unit, Dept of Respiratory Medicine",blk_00417,1,4
University Hospital Magdeburg,blk_01071,1,20
University Hospital Mnster,blk_00227,1,6
"University Hospital Munich, Germany",blk_00602,1,29
University Hospital Mutua de Terrassa,blk_01366,1,4
University Hospital Of Ferrara,blk_00774,1,3
University Hospital Of Montpellier,blk_00197,1,19
University Hospital Of North Norway HF,blk_00047,1,36
University Hospital Of North Staffordshire,blk_02259,1,3
University Hospital Olomouc,blk_02269,1,2
University Hospital Policlinico Umberto I,blk_00114,1,9
University Hospital Prncipe de Asturias,blk_01362,1,3
"University Hospital Puerta de Hierro Majadahonda, Madrid, Spain",blk_01015,1,7
University Hospital Regensburg represented by Kaufmnnischer Direktor,blk_00752,1,19
"University Hospital Schleswig Holstein Kiel, Clinic of Neurology",blk_00634,1,17
"University Hospital Schleswig Holstein, Represented by the Board of Directors which is represented by the chairman",blk_00634,1,17
University Hospital Schleswig-Holstein,blk_00634,1,17
University Hospital Schleswig-Holstein UKSH,blk_00634,1,17
"University Hospital Schleswig-Holstein, Campus Luebeck",blk_00634,1,17
"University Hospital Schleswig-Holstein, UKSH Campus Kiel",blk_00634,1,17
University Hospital Sint Radboud,blk_00208,1,4
"University Hospital Sjaelland, Roskilde,Palliative Unit",blk_00392,1,3
University Hospital South Manchester NHS Foundation Trust,blk_00264,1,40
University Hospital Southampton Foundation Trust,blk_00183,1,20
University Hospital Southampton NHS Foundation Trust UK,blk_00183,1,20
"University Hospital Tubeingen, Department for Anaesthesiology and Intensive Care Medicine",blk_01901,1,7
University Hospital Vienna,blk_02204,1,7
"University Hospital Virgen del Roco, Andalousian Health Service",blk_01804,1,4
"University Hospital Wuerzburg, Institution under public law, represented by the Medical Director",blk_00753,1,9
University Hospital Zrich,blk_02302,1,4
University Hospital of Aarhus,blk_01690,1,6
University Hospital of Antwerp,blk_00130,1,14
"University Hospital of Antwerp, Department of Respiratory Medicine",blk_00130,1,14
University Hospital of Birmingham Foundation Trust,blk_00035,1,36
University Hospital of Clermont-Ferrand,blk_00094,1,12
"University Hospital of Dermatology, Paracelsus Medical University",blk_01911,1,6
University Hospital of Erlangen,blk_00156,1,25
"University Hospital of Frankfurt, Department of Cardiology",blk_00218,1,30
"University Hospital of Geneva / University Hospital Geneva, Switzerland",blk_00492,1,9
University Hospital of Leicester NHS Trust,blk_00133,1,21
University Hospital of North Midlands NHS Trust,blk_00911,1,4
University Hospital of North Staffordshire,blk_02259,1,3
University Hospital of North Staffordshire / Keele University,blk_01053,1,5
"University Hospital of Schleswig-Holstein UKSH, Campus Lbeck",blk_00634,1,17
University Hospital of South Manchester NHS Foundation Trust / University of Manchester,blk_00264,1,40
University Hospital of South Manchester Nhs Foundation Trust,blk_00264,1,40
University Hospital of Tuebingen,blk_00139,1,26
"University Hospital of Wuerzburg, Medical Director",blk_00753,1,9
University Hospital of Zurich and City Hospital Waid,blk_00910,1,3
"University Hospital, Catholic University of Leuven",blk_01273,1,2
"University Hospital, Dept of Oncology, clinical trial unit",blk_02138,1,2
"University Hospital, Grenoble",blk_00232,1,13
"University Hospital, KU Leuven",blk_00205,1,24
"University Hospital, LMU Munich Germany",blk_00602,1,29
"University Hospital/Inselspital Berne, Department for Medical Oncology",blk_02120,1,5
University Hospitals Birmingham,blk_00035,1,36
University Hospitals Birmingham NHS Trust,blk_00035,1,36
University Hospitals Bristol,blk_00004,1,25
University Hospitals Bristol NHS Foundation Trust / University of Liverpool,blk_00004,1,25
University Hospitals Bristol NHS Foundation Trust Research and Innovation Department,blk_00004,1,25
University Hospitals Bristol NHS Foundation trust,blk_00004,1,25
University Hospitals Bristol NHS Trust,blk_00004,1,25
"University Hospitals Coventry and Warwickshire NHS Trust / University of Warwick, Research Support Services",blk_00636,1,3
University Hospitals KU Leuven,blk_00205,1,24
University Hospitals Leicester NHS Trust,blk_00133,1,21
University Hospitals Leuven Gasthuisberg,blk_01629,1,6
University Hospitals Leuven Gasthuisberg / agentschap innoveren en ondernemen,blk_01629,1,6
"University Hospitals Leuven, Belgium",blk_00865,1,10
"University Hospitals Leuven, Clinical Trial Centre",blk_00315,1,17
"University Hospitals Leuven, department of pediatrics",blk_01896,1,6
University Hospitals Of Leicester NHS Trust,blk_00133,1,21
"University Hospitals Of Leicester NHS Trust, Gwendolen Road",blk_00133,1,21
University Hospitals Southampton NHS Foundation Trust,blk_00183,1,20
University Hospitals Southampton NHS Trust,blk_00183,1,20
University Hospitals of Birmingham NHS Foundation Trust,blk_00035,1,36
University Hospitals of Derby  Burton NHS Foundation Trust,blk_00676,1,4
University Hospitals of Leicester - Research  Development,blk_00133,1,21
University Hospitals of Leicester NHS Trust / Childrens Cancer and Leukaemia Group,blk_00133,1,21
University Hospitals of Leicester NHS Trust Research  Development Department,blk_00133,1,21
University Hospitals of Leicester NHS trust,blk_00133,1,21
University Hospitals of South Manchester NHS Foundation Trust,blk_00264,1,40
University Hospitals of leicester NHS Trust,blk_00133,1,21
University Hosptial Bristol NHS Foundation trust,blk_01798,1,2
University Medial Center Groningen,blk_00021,1,22
University Medical Center Eppendorf,blk_00095,1,13
"University Medical Center Freiburg Dept. Klinikum Stuttgart, Stuttgart Cancer Center",blk_00356,1,21
University Medical Center Groningen / VUMC,blk_00021,1,22
"University Medical Center Groningen, Department of Genetics",blk_00021,1,22
"University Medical Center Groningen, Department of Rheumatology and Clinical Immunology",blk_00021,1,22
"University Medical Center Groningen, UMCG-Department of Gynaecologic Oncology",blk_00021,1,22
"University Medical Center Groningen, dept. of Cardiology / University Medical Center Nijmegen, dept. of Pharmacology-Toxicology",blk_00021,1,22
University Medical Center Hamburg - Eppendorf,blk_00095,1,13
"University Medical Center Hamburg-Eppendorf, Germany",blk_00095,1,13
University Medical Center Ljubljana,blk_01158,1,14
University Medical Center Nijmegen,blk_00061,1,31
"University Medical Center St Radboud, department of neurology",blk_01287,1,19
University Medical Center Utrecht / University Medical Center Utrecht,blk_00038,1,30
University Medical Center of Groningen,blk_00021,1,22
University Medical Center of Johannes -Gutenberg University Mainz,blk_00635,1,25
University Medical Center of the Johannes Gutenberg,blk_00635,1,25
University Medical Center of the University Ulm,blk_00258,1,11
"University Medical Center, Johannes Gutenberg-University Mainz",blk_00635,1,25
University Medical Centre Freiburg,blk_00356,1,21
University Medical Centre Groningen UMCG,blk_00021,1,22
"University Medical Centre Ljubljana, Department of Gynaecology",blk_01158,1,14
"University Medical Centre Ljubljana, Department of gastroenterology",blk_01158,1,14
University Medical Centre RadboudUMC,blk_00082,1,6
University Medical Centre Schleswig-Holstein,blk_00634,1,17
University Medical Centre St Radboud,blk_00061,1,31
"University Medical Centre St Radboud, Department of Dermatology",blk_02411,1,2
"University Medical Centre St. Radboud, Department of Dermatology",blk_02411,1,2
University Medical Centre Utrecht Department of Vascular Surgery,blk_00038,1,30
University Medical center Utrecht,blk_00038,1,30
University Medicine Gttingen Dept. Hematology and Oncology,blk_01155,1,11
University Medicine Rostock,blk_02207,1,3
University Of Bari Aldo Moro,blk_00479,1,5
University Of Calgary,blk_01632,1,2
University Of Cincinnati College Of Medicine,blk_02412,1,2
University Of Cyprus,blk_01762,1,4
University Of Edinburgh,blk_00150,1,27
University Of Edinburgh / NHS Lothian,blk_00150,1,27
University Of Florence,blk_02401,1,2
University Of Gothenburg / NU Hospital Group-Vaestra Goetalandsregionen,blk_00110,1,5
University Of Leeds,blk_00048,1,17
University Of Leipzig,blk_00184,1,8
University Of Liverpool,blk_00244,1,40
University Of Michigan,blk_02413,1,2
University Of Milano Bicocca,blk_02405,1,2
University Of Nottingham,blk_00060,1,19
University Of Ottawa Heart Institute,blk_02275,1,3
University Of Porto / University Of Porto,blk_02131,1,5
University Of Saarland,blk_01123,1,4
University Of The Basque Country,blk_01242,1,4
University Of Tuebingen,blk_00139,1,26
University Tuebingen,blk_00139,1,26
"University clinic of Nephrology and Hypertension, Regional Hospital Holstebro",blk_00989,1,15
"University hospital Bispebjerg and Frederiksberg, Department of Clinical Pharmacology",blk_00122,1,28
University hospital Brussel,blk_00243,1,8
"University hospital Mainz, I. Medizinische Klinik und Poliklinik, Johannes Gutenberg-Universitt",blk_00635,1,25
University hospital of Bonn,blk_00440,1,14
University hospital of Hvidovre,blk_00221,1,34
University hospital of the University of Ulm,blk_00258,1,11
University hospitals of Leicester NHS Trust,blk_00133,1,21
University hospitals of Leuven,blk_00022,1,39
University medical Center Utrecht,blk_00038,1,30
University medical center Utrecht,blk_00038,1,30
University medical center of Johannes Gutenberg University Mainz,blk_00635,1,25
University medical centre Maribor,blk_02414,1,2
University medical centre groningen,blk_00021,1,22
University of  Lige- Dpt de Mdecine Gnrale,blk_00369,1,8
University of Aberdeen  NHS Grampian,blk_00499,1,9
University of Aberdeen / NHS Grampian Health Board,blk_00499,1,9
University of Aberdeen / University of Aberdeen,blk_00499,1,9
University of Alabama at Birmingham,blk_00035,1,36
"University of Athens, Medical school",blk_01084,1,6
"University of Bergen, Department of Global Public Health and Primary Care",blk_01159,1,5
"University of Bergen, Faculty of Medicin, Department of Clinical Dentistry",blk_01159,1,5
"University of Bergen, Faculty of medicin and dentistry, Dep. of Clinical Dentistry",blk_01159,1,5
University of Birmingham / Royal Wolverhampton Hospitals NHS Trust,blk_00035,1,36
University of Birmingham / Sandwell and West Birmingham Hospitals NHS Trust,blk_00035,1,36
University of Birmingham / University Hospital Birmingham Foundation NHS Trust,blk_00035,1,36
University of Birmingham / University Hospital Birmingham NHS Foundation Trust,blk_00035,1,36
University of Birmingham / University of Warwick,blk_00035,1,36
"University of Birmingham, Research  Enterprise Services / Heart of England NHS Foundation Trust Birmingham Heartlands Hospital",blk_00035,1,36
University of Brighton,blk_00967,1,8
University of British Columbia,blk_01289,1,2
University of California San Francisco,blk_01988,1,4
"University of California, San Francisco",blk_01988,1,4
"University of California, San Francisco, Immune Tolerance Network",blk_01988,1,4
University of Cambridge,blk_00123,1,28
University of Cincinnati - Academic Medical Center -Department of Neurology,blk_02412,1,2
"University of Cologne, Sponsor-Quality Management",blk_00057,1,9
"University of Copenhagen, The Novo Nordisk Foundation Center For Basic Metabolic Research, Section of Metabolic Genetic",blk_00003,1,20
"University of Copenhagen, The Novo Nordisk Foundation Center For Basic Metabolic Research, section of Metabolic Genetic",blk_00003,1,20
University of Crete,blk_01638,1,3
University of Cyprus,blk_01762,1,4
University of DUndee,blk_00067,1,21
"University of Debrecen Faculty of Medicine, Department of",blk_00754,1,6
University of Dsseldorf,blk_00688,1,9
University of Dundee  Research  Innovation Services,blk_00067,1,21
University of Dundee Research  Innovation,blk_00067,1,21
University of Dundee and NHS Tayside,blk_00067,1,21
"University of Dundee, Research  Innovation Services",blk_00067,1,21
"University of Dundee, Tayside Clinical Trials Unit",blk_00067,1,21
University of Edinburgh / Academic and Clinical Central Office for Research and Development,blk_00150,1,27
University of Edinburgh / Research and Development NHS Lothian,blk_00150,1,27
University of Edinburgh and NHS Lothian / NHS Lothian,blk_00150,1,27
University of Edinburgh and NHS Lothian Health Board,blk_00150,1,27
University of Erlangen-Nuremberg,blk_00156,1,25
University of Exeter / Royal Devon and Exeter NHS Foundation Trust,blk_00735,1,8
University of Florida,blk_02415,1,3
University of Florida Board of Trustees,blk_02415,1,3
"University of Frankfurt, Institute of Clinical Pharmacology",blk_00218,1,30
University of Geneva,blk_00300,1,40
University of Giessen,blk_01923,1,3
University of Glasgow  Greater Glasgow Health Board,blk_00301,1,40
University of Glasgow / NHS Greater Glasgow and Clyde,blk_00301,1,40
University of Gttingen Dep. of Clinical Pharmacology,blk_00812,1,31
"University of Heidelberg, Klinikum Mannheim, Dep Surgery/Thoracical Oncology",blk_01627,1,4
University of Helsinki - Erkki Isomets,blk_00119,1,34
University of Helsinki / CLUE Working Group,blk_00119,1,34
University of Helsinki/CLUE working Group,blk_00119,1,34
University of Hertfordshire,blk_01323,1,6
"University of Iceland, Dept. Pharmacology",blk_00812,1,31
"University of Kiel, Department of Dermatology",blk_01908,1,3
University of Kuopio,blk_00430,1,8
University of LIverpool,blk_00244,1,40
"University of Leeds, Division of Musculoskeletal Disease, Leeds Institute of Molecular Medicine",blk_00048,1,17
University of Leeds/Leeds Teaching Hospitals NHS Trust,blk_00048,1,17
"University of Leuven Hospitals, Division of Gastroenterology",blk_01634,1,2
University of Liege,blk_00579,1,15
University of Lige,blk_00369,1,8
University of Liverpool / Aintree University Hospitals NHS Foundation Trust,blk_00244,1,40
University of Liverpool / Alder Hey Childrens NHS Foundation Trust,blk_00244,1,40
University of Liverpool / Royal Liverpool  Broadgreen University Hospitals Trust,blk_00244,1,40
"University of Liverpool / Royal Liverpool Hospital, Liverpool University Hospitals NHS Foundation Trus",blk_00244,1,40
University of Liverpool / Royal Liverpool and Broadgreen Hospitals NHS Trust,blk_00244,1,40
University of Liverpool / Royal Liverpool and Broadgreen University Hospital NHS Trust,blk_00244,1,40
University of Liverpool / Royal Liverpool and Broadgreen University Hospitals Trust,blk_00244,1,40
University of Liverpool / Royal Liverpool and Broagreen University Hospitals NHS Trust,blk_02416,1,4
University of Liverpool / The Royal Liverpool and Broadgreen University Hospitals NHS Trust,blk_02416,1,4
University of Liverpool / The Walton Centre NHS Foundation Trust,blk_02386,1,5
University of Liverpool / Walton Centre NHS Foundation Trust,blk_02386,1,5
University of Liverpool and Royal Liverpool University Hospital,blk_02416,1,4
"University of Liverpool lead sponsor, the trial is cosponsored / Royal Liverpool and Broadgreen University Hospital NHS Trust",blk_01447,1,3
University of Liverpool/Liverpool Womens Hospital,blk_00979,1,5
University of Magdeburg,blk_01071,1,20
University of Mainz,blk_00635,1,25
University of Manchester / Central Manchester and Manchester Childrens University Hospitals NHS Trust,blk_00264,1,40
University of Manchester / Dudley Group of Hospitals NHS Trust,blk_00264,1,40
University of Manchester / Institute of Cancer Research / University of South Manchester NHS Foundation Trust,blk_00264,1,40
University of Manchester / University Hospital of South Manchester,blk_00264,1,40
University of Melbourne,blk_02223,1,2
University of Michigan,blk_02413,1,2
University of Mnster,blk_00227,1,6
University of Modena and Reggio Emilia,blk_00312,1,11
University of New South Wales Sydney,blk_01090,1,7
University of Newcastle,blk_00179,1,21
"University of Nottingham, Research Innovation Services",blk_00060,1,19
"University of Oslo, Institute of Clinical Dentistry",blk_01906,1,3
"University of Oslo, institute for basic medical sciences, department of nutrition.",blk_01770,1,2
University of Ottawa Heart Institute,blk_02275,1,3
"University of Oulu, Department of Pediatrics, PEDEGO-Research unit",blk_00483,1,17
"University of Oulu, Department of Physical and Rehabilitation Medicine",blk_00483,1,17
University of Oxford / Royal Wolverhampton Hospitals NHS Trust,blk_00025,1,35
University of Oxford / The Medicines Company,blk_00025,1,35
University of Oxford Clinical Trials  Research Governance,blk_00025,1,35
University of Oxford Clinical Trials and Research Governance,blk_00025,1,35
"University of Oxford,  Clinical Trials and Research Governance",blk_00025,1,35
"University of Oxford, Clinical Trials and Research Governance Office",blk_00025,1,35
"University of Oxford, NDM",blk_00025,1,35
"University of Oxford, Nuffield Department of Medicine",blk_00025,1,35
"University of Oxford, Research Governance  Clinical Trials Office",blk_00025,1,35
University of Oxford- Research Services,blk_00025,1,35
University of Padova,blk_00185,1,8
University of Pcs,blk_01926,1,3
"University of Pcs, Medical School, Department of Ophthalmology",blk_01926,1,3
University of Plymouth,blk_00352,1,6
University of Regensburg,blk_00752,1,19
University of Rome Foro Italico,blk_01126,1,4
University of Saarland,blk_01123,1,4
University of South Florida,blk_02415,1,3
"University of Southern Denmark, Bandim Health Project",blk_00912,1,7
"University of Southern Denmark, Clinical Pharmacology",blk_00812,1,31
University of Surrey Clinical Research Centre,blk_00558,1,5
University of Sydney / University of Sydney,blk_01757,1,3
"University of Szeged, Medical and Pharmaceutical Center, Department of Ophthalmology / Semmelweis University Department of Ophthalmology / Cholnoky F. County Hospital Veszprm Department of Ophthalmology",blk_00285,1,13
University of Tampere,blk_00305,1,9
"University of Tartu, Clinic of Anaesthesiology and Intensive Care",blk_00398,1,9
"University of Tartu, Faculty of Medicine",blk_00398,1,9
University of Tbingen,blk_00287,1,10
University of Torino,blk_00076,1,5
University of Troms,blk_02417,1,2
"University of Trondheim, NTNU, Norway",blk_00990,1,7
University of Tuebingen,blk_00139,1,26
University of Turku / Turku University Hospital,blk_00086,1,13
University of Twente,blk_00433,1,8
"University of Ulm, University Hospital Ulm",blk_00258,1,11
University of Vienna,blk_02204,1,7
University of Wales College of Medicine,blk_01090,1,7
University of Wales Swansea,blk_00743,1,3
University of Warwick / University Hospitals Birmingham NHS Foundation Trust,blk_00035,1,36
University of Warwick / University Hospitals Coventry  Warwickshire NHS Trust,blk_00636,1,3
University of Washington,blk_01168,1,3
University of Witten/Herdecke,blk_01631,1,5
University of cologne,blk_00057,1,9
University of gothenburg,blk_01381,1,4
University of the Saarland,blk_01123,1,4
University of the University of Munich,blk_00602,1,29
University or Troms,blk_02417,1,2
Universityhospital Ulm,blk_00258,1,11
Universityhospital of Heidelberg,blk_01691,1,3
Universtittsklinikum St.Plten,blk_02418,1,2
Universtiy Medical Center Utrecht,blk_00038,1,30
"Univerzita Karlova v Praze, 2. lkask fakulta",blk_02419,1,2
"Univerzita Karlova v Praze, Lkask fakulta v Hradci Krlov",blk_02419,1,2
Uniwersytecki Szpital Kliniczny W Poznaniu,blk_01636,1,2
Uniwersytet Jagiellonski Collegium Medicum / Uniwersytet Jagiellonski Collegium Medicum,blk_00559,1,2
Uniwersytet Medyczny Im. Karola Marcinkowskiego W Poznaniu,blk_01160,1,4
Uniwersytet Medyczny w Biaymstoku,blk_01160,1,4
Uppsala Clinical Research Center,blk_00210,1,34
Uppsala University Childrens Hospital,blk_00210,1,34
Uppsala University Hospital / Universitaetsklinikum Wuerzburg AöR / Azienda Socio Sanitaria Territoriale Degli Spedali Civili Di Brescia / Rigshospitalet / Narodowy Instytut Onkologii Im. Marii Sklodowskiej-Curie Panstwowy Instytut Badawczy / National Institute Of Endocrinology C.I. Parhon / Vall D Hebron Institute Of Oncology / Assistance Publique Hopitaux De Paris / University Hospital Centre Zagreb / Sao Joao University Hospital Center / Amsterdam UMC Stichting,blk_00008,1,40
"Uppsala University Hospital, Dept of Medical Scienses",blk_00210,1,34
"Uppsala University Hospital, Dept. of Medical Sciences",blk_00210,1,34
"Uppsala University Hospital, MHT, Department of Nephrology",blk_00210,1,34
"Uppsala University, Department of Medical Sciences",blk_00210,1,34
Uppsala University. Department of Womens and childrens health,blk_00210,1,34
Uppsala University/Uppsala County Council,blk_00210,1,34
Uriach Pharma,blk_00705,1,4
UroGen Pharma Ltd.,blk_00913,1,2
Urologische Partnerschaft,blk_02301,1,2
Ursapharm Arzneimittel GmbH,blk_00749,1,6
Ursapharm Arzneimittel GmbH  Co KG,blk_00749,1,6
Ursapharm Arzneimittel GmbH  Co. KG,blk_00749,1,6
Ursapharm Arzneimittel GmbHCo. KG,blk_00749,1,6
Ustredni Vojenska Nemocnice Vojenska Fakultni Nemocnice Praha,blk_01010,1,11
Uzsoki Hospital,blk_01637,1,2
VALLE HEBRON HOSPITAL,blk_01189,1,2
VAS VASCULAR INDEPENDENT RESEACH AND EDUCATION EUROPEAN ORGANIZATION. C/O UNIV MILANO. OSP. L. SACCO,blk_02112,1,2
VBI Vaccines INC.,blk_02420,1,2
VBI Vaccines Inc.,blk_02420,1,2
VERISFIELD UK LTD,blk_00917,1,4
VERNALIS DEVELOPMENT LIMITED,blk_01640,1,4
"VG Region, Sahlgrenska sjukhuset, Hudkliniken, Gteborg",blk_00180,1,28
"VIA PHARMACEUTICALS, INC.",blk_01805,1,2
VIFOR FRANCE,blk_00259,1,11
"VIKING THERAPEUTICS, INC.",blk_02421,1,2
VIROPHARMA INCORPORATED,blk_00758,1,3
VIROPHARMA Incorporated,blk_00758,1,3
VITAL THERAPIES INCORPORATED,blk_02422,1,4
"VITAL THERAPIES, INC.",blk_02422,1,4
VU  University Medical Center,blk_00053,1,33
"VU Cancer Centre, Afdeling Geneeskundige Oncologie",blk_00053,1,33
VU Medical Center Amsterdam,blk_00053,1,33
"VU Medical Center, Amsterdam",blk_00053,1,33
"VU Medical Center, department of Rheumatology",blk_00053,1,33
VU Medisch Centrum,blk_00029,1,40
VU University Medical,blk_00053,1,33
VU University Medical Center / Center Human Drug Research,blk_00053,1,33
VU University Medical Center Amsterdam,blk_00053,1,33
"VU University Medical Center, Department of Medical",blk_00053,1,33
"VU University Medical Center, department of reproductive Medicine",blk_00053,1,33
VU University Medical center,blk_00053,1,33
VU Univesity Medical Center VUmc,blk_00053,1,33
VU medical Center,blk_00053,1,33
"VU medical center, Amsterdam",blk_00053,1,33
VU university medical centre,blk_00053,1,33
VUMC,blk_02030,1,6
VUmc,blk_02030,1,6
VUmc Dept Urology,blk_02274,1,2
VUmc Neurology Department,blk_02030,1,6
"Vaccine Research Center, University of Tampere",blk_00305,1,9
Vaccitech Limited,blk_02423,1,4
Vaccitech Ltd,blk_02423,1,4
Vaccitech PLC,blk_02423,1,4
Vaccitech UK Ltd.,blk_02423,1,4
Vaestra Goetalandsregionen / Region Oestergoetland,blk_00110,1,5
Vakgroep Huisartsgeneeskunde VUB,blk_01687,1,2
Vakgroep Huisartsgeneeskunde Vrije Universiteit Brussel,blk_00243,1,8
Valeas SpA,blk_01161,1,2
Vall DHebron Institut de Recerca VHIR,blk_00268,1,40
Vall dHebron Institut de Recerca,blk_00268,1,40
Vall dHebron Institute of Research,blk_00268,1,40
Vall dHebron Research Institute,blk_00268,1,40
Vall dHebron University Hospital,blk_00268,1,40
Vall de Hebron Hospital,blk_00268,1,40
Vanda Pharmaceuitcals Inc.,blk_00401,1,5
Vanda Pharmaceuticals Netherlands B.V.,blk_00401,1,5
Vanda Pharmaceuticals Netherlands B.V. / Vanda Pharmaceuticals Inc.,blk_00401,1,5
Vascular Biogenics Ltd,blk_00914,1,3
Vasculitis Clinical Trial Office,blk_00315,1,17
Vastra Gotalandsregionen / University Of Gothenburg,blk_01164,1,2
VectivBio AG / VectivBio AG,blk_00915,1,4
Vectura GmbH,blk_00755,1,4
"Vejle Hospital, Department of Oncology",blk_00192,1,10
"Vejle Hospital, Dept. of Oncology",blk_00192,1,10
"Vejle Sygehus, Ortopdkirurgisk afdeling, Forskningsenheden COFU",blk_00192,1,10
"Ventyx Biosciences, Inc",blk_01639,1,2
"Vera Therapeutics, Inc.",blk_00916,1,2
Verastem Inc,blk_01165,1,5
"Verastem, INC",blk_01165,1,5
Verein Zur Praevention Und Therapie Boesartiger Erkrankungen Austrian Breast And Colorectal Cancer Study Group / Institut Catala D'oncologia / ANZ Breast Cancer Trials Group Limited / University Of Manchester / Alliance Foundation Trials LLC / Shaare Zedek Medical Center,blk_00196,1,7
Verein fr Krebsforschung,blk_01166,1,6
Verein fuer Krebsfoschung Society for Cancer Research,blk_01959,1,2
Verein zur Frderung der Pneumologie am Krankenhaus Grohansdorf e.V.,blk_00563,1,11
Verein zur Frderung der Wissenschaft und Forschung an der 1. Med. Abteilung der Klinik Landstrae,blk_01166,1,6
Verein zur Frderung der Wissenschaft und Forschung an der 1.Med. Abteilung der Krankenanstalt Rudolfstiftung,blk_01166,1,6
Verein zur Frderung von Wissenschaft und Forschung an der 1. Med. Abteilung der Krankenanstalt Rudolfstiftung,blk_01166,1,6
Verisfield UK Ltd,blk_00917,1,4
"Verisfield UK Ltd., Greek branch",blk_01162,1,2
"Verksamhetsomrde Geriatrik, Lungmedicin och Allergologi vid Sahlgrenska Universitetssjukhuset",blk_00180,1,28
Vernalis Development Limited,blk_01640,1,4
Vernalis RD Limited,blk_01640,1,4
Verona Pharma Plc,blk_00261,1,7
Versartis Inc.,blk_01641,1,2
"Vertex Pharamceuticals, Inc.",blk_00032,1,5
Vertex Pharmaceuticals Incoporated,blk_00032,1,5
Vestfold Hospital,blk_01642,1,2
Vicente Barrio Lucia,blk_00522,1,5
Vicente Estrada Prez,blk_01955,1,3
Vicente Soriano-Hospital Carlos III. Madrid,blk_01809,1,12
VieCuri,blk_02424,1,2
VieCuri Medical Center,blk_02424,1,2
VieCuri Medisch Centrum voor Noord-Limburg,blk_00108,1,18
"Vienna Medical University, Dept. of Ophthalmology",blk_02204,1,7
Vienna University Medical School,blk_01168,1,3
Vifor Fresenius Medical Care Renal Pharma France,blk_00259,1,11
Vifor Int.,blk_00259,1,11
Vifor International AG,blk_00259,1,11
Vifor International Inc,blk_00259,1,11
Vifor Pharma - Vifor International AG,blk_00259,1,11
Viiv Healthcare UK Limited / Viiv Healthcare UK Limited,blk_00172,1,9
"Viking Therapeutics, Inc.",blk_02421,1,2
"Vion Pharmaceuticals, Inc",blk_02425,1,2
"Vion Pharmaceuticals, Inc.",blk_02425,1,2
Virttu Biologics Limited,blk_00255,1,33
Vital Therapies Inc.,blk_02422,1,4
"Vital Therapies, Inc.",blk_02422,1,4
Vorstand des Klinikums der Universitt Mnchen - Grosshadern,blk_02161,1,2
Voyager Pharmaceutical Corporation,blk_02426,1,2
"Voyager Therapeutics, Inc.",blk_02426,1,2
Vsterbottens  lns landsting,blk_01598,1,11
Vsterbottens Lns Landsting,blk_01598,1,11
Vstmanland County Council,blk_00432,1,15
Vstra Gtaland,blk_02006,1,3
Vstra Gtalandsregionen VGR,blk_00357,1,4
Vstra Gtalandsregionen VGR / Sahlgrenska Academy-Gothenburg University Institute,blk_00180,1,28
"Vstra Gtalandsregionen, Sahlgrenska University Hospital",blk_00180,1,28
"Vstra Gtalandsregionen, Sahlgrenska University Hospital /Queen Silvia childrens hospital",blk_00180,1,28
"Vstra Gtalandsregionen, Shalgrenska University Hospital stra",blk_00357,1,4
VstraGtaland,blk_02006,1,3
Vu Medical center,blk_00053,1,33
Vu University Medical Center,blk_00053,1,33
WELEDA AG DEUTSCHLAND,blk_01169,1,3
WILEX AG,blk_01170,1,2
WKZ / UMC Utrecht,blk_00038,1,30
WRWAG Pharma GmbH  Co. KG,blk_01651,1,3
WSG GmbH,blk_00637,1,4
Wake Forest University Health Sciences,blk_00461,1,11
Wala-Heilmittel GmbH,blk_01646,1,2
Walton Centre Foundation Trust,blk_02386,1,5
Walton Centre NHS Foundation Trust,blk_02386,1,5
Walton Centre for Neurology and Neurosurgery,blk_01695,1,5
Watson Laboratories Inc.,blk_02427,1,2
"Watson Laboratories, Inc.",blk_02427,1,2
"Watson Laboratories, Inc. - A subsidiary of Actavis, Inc.",blk_01699,1,3
Weber  Weber GmbH  Co. KG,blk_02428,1,2
Weber  Weber GmbH  Co.KG,blk_02428,1,2
Weill Medical College Of Cornell University,blk_02429,1,2
Weill Medical College of Cornell University,blk_02429,1,2
Werkgroep Cardiologische centra Nederland,blk_00893,1,5
Werkgroep Immunotherapie Nederland voor Oncologie,blk_00893,1,5
Westdeutsche Studiengruppe GmbH WSG,blk_00637,1,4
Westflische Wilhelms-Universitt Mnster,blk_00227,1,6
"Westflische Wilhelms-Universitt Mnster c/o Universittsklinikum Mnster, Geschftsbereich Recht u. Drittmittel",blk_00227,1,6
Whittington Hospital NHS Trust,blk_02387,1,3
Whittington NHS Trust,blk_02387,1,3
Wilhelmina Childrens Hospital,blk_01268,1,3
Wilhelmina Childrens Hospital/UMC Utrecht,blk_00038,1,30
Wilhelminenspital,blk_02303,1,2
Win Medica Pharmaceutical A.E.,blk_01648,1,3
WinMedica SA,blk_01648,1,3
Windtree Therapeutics Inc.,blk_01649,1,4
"Windtree Therapeutics, Inc.  formerly known as Discovery Laboratories, Inc.",blk_01649,1,4
"Windtree Therapeutics, Inc. formerly Discovery Laboratories, Inc.",blk_01649,1,4
Winthrop Arzneimittel GmbH,blk_01580,1,2
Witten-Herdecke University,blk_01631,1,5
Womens and Childrens Hospital,blk_00979,1,5
Worldwide Innovative Network,blk_02430,1,2
Worldwide Innovative Network Association,blk_02430,1,2
Wrwag Pharma GmbH  co. KG,blk_01651,1,3
Wuerzburg University Hospital,blk_00753,1,9
Wyeth  Research Division of Wyeth Pharmaceuticals Inc.Clinical Research  Development Department,blk_00107,1,40
Wyeth Farma S.A.,blk_00107,1,40
"Wyeth Farma, S.A.",blk_00107,1,40
Wyeth LLC,blk_00107,1,40
Wyeth Lederle Nordiska AB,blk_00107,1,40
"Wyeth Pharmaceutical Inc. acting through its division Wyeth Research, a Pfizer Company",blk_00107,1,40
Wyeth Pharmaceuticals B.V.,blk_00107,1,40
"Wyeth Pharmaceuticals Inc acting through its division Wyeth Research , a Pfizer company",blk_00107,1,40
"Wyeth Pharmaceuticals Inc,  a Pfizer Company 500 Arcola Road, Collegeville, PA 19426 USA",blk_00107,1,40
"Wyeth Pharmaceuticals Inc, a wholled owned subsidiary of Pfizer Inc, 500 Arcola Road, Collegeville, PA 19426 USA",blk_00107,1,40
Wyeth Pharmaceuticals Inc. - Global Medical Affairs,blk_00107,1,40
"Wyeth Pharmaceuticals, Global Medical Affairs",blk_00107,1,40
"Wyeth Pharmaceuticals, Global Medical Affairs Department",blk_02397,1,3
"Wyeth Pharmaceuticals, Inc.",blk_00107,1,40
"Wyeth Pharmaceuticals, Inc. Acting through its division Wyeth Research, a Pfizer Company",blk_00107,1,40
"Wyeth Pharmaceuticals, Inc., Global Medical Affairs",blk_02397,1,3
"Wyeth Pharmaceuticals, Inc., acting through Wyeth Research, a Pfizer Company",blk_02291,1,17
Wyeth Research Division,blk_00107,1,40
Wyeth Research Division of Wyeth Pharmaceutical Inc.,blk_00107,1,40
Wyeth Research Division of Wyeth Pharmaceuticals Inc a Pfizer Company,blk_00107,1,40
"Wyeth Research Division of Wyeth Pharmaceuticals Inc. Clinical research and Development / Wyeth Pharmaceuticals France, Wyeth Research Division",blk_00107,1,40
"Wyeth Research Division of Wyeth Pharmaceuticals Inc., A Pfizer Company",blk_00107,1,40
"Wyeth Research Division of Wyeth Pharmaceuticals Inc., a Pfizer Company",blk_00107,1,40
"Wyeth Research Division of Wyeth Pharmaceuticals, Inc.",blk_00107,1,40
"Wyeth Research Division of Wyeth Pharmaceuticals, Inc. Clinical Research and Development",blk_00107,1,40
Wyeth Research Division of Wyeth Pharmaeuticals Inc. A Pfizer Company,blk_00107,1,40
"Wyeth Research, Clinical Research and Development, Division of Wyeth Pharmaceuticals Inc.",blk_00107,1,40
"Wyeth Research, Division of Wyeth Pharmaceuticals, Inc.",blk_00107,1,40
"Wyeth Research, Division of Wyeth Pharmaceuticals, Inc. Clinical Research and Development",blk_00107,1,40
Wyeth Vaccines Research,blk_00325,1,7
"Wyeth, a Pfizer Company",blk_00107,1,40
"XBiotech USA, Inc.",blk_01652,1,2
XCELL Medical Solutions,blk_02431,1,2
XCell-Center GmbH,blk_02431,1,2
XENOTHERA,blk_01654,1,2
XTL Biopharmaceuticals,blk_01653,1,2
Xanthus Pharmaceuticals Inc,blk_02432,1,2
"Xanthus Pharmaceuticals, Inc",blk_02432,1,2
Xenikos B.V.,blk_02433,1,2
Xenikos BV,blk_02433,1,2
"XyloCor Therapeutics, Inc.",blk_01655,1,2
Y-mAbs Therapeutics Inc.,blk_01656,1,2
YL Biologics Ltd,blk_00255,1,33
YORK Pharma GmbH,blk_01635,1,23
Yamanouchi Europe B.V. to be renamed Astellas Pharma Europe B.V. by August 2005,blk_00081,1,28
"Yamanouchi Europe B.V. to be renamed Astellas Pharma Europe B.V., as of August 2005",blk_00081,1,28
York Hospitals NHS Foundation Trust,blk_01635,1,23
York Hospitals NHS Foundation Trust / University of York,blk_01635,1,23
York Hospitals NHS Trust,blk_01635,1,23
York Teaching Hospital,blk_00074,1,13
York Teaching Hospital NHS Foundation Trust,blk_00074,1,13
York Teaching Hospitals NHS Foundation Trust,blk_00074,1,13
ZAMBON France,blk_00760,1,13
ZAMBON SpA,blk_00760,1,13
"ZAMBON, S.A.",blk_00760,1,13
ZARI - Univeristtsmedizin Gttingen,blk_01155,1,11
"ZERIA Pharmaceutical Co., Ltd.",blk_01658,1,2
"ZIOPHARM ONCOLOGY, INC",blk_02434,1,3
ZIOPHARM Oncology Inc,blk_02434,1,3
"ZIOPHARM Oncology, Inc.",blk_02434,1,3
ZISOP Zentrum fr interdisziplinre Schmerztherapie Landeskrankenhaus Klagenfurt,blk_01057,1,3
ZLB Behring AG,blk_02435,1,3
ZLB Behring GmbH,blk_02435,1,3
ZLB Behring LLC,blk_02435,1,3
ZNA Middelheim,blk_01659,1,2
Zai Lab (Shanghai) Co. Ltd.,blk_02436,1,2
Zai Lab (US) LLC,blk_02436,1,2
Zakady Farmaceutyczne Polpharma S.A.,blk_02437,1,2
Zakady Farmaceutyczne UNIA Spdzielnia Pracy,blk_02437,1,2
Zambon Biotech S.A.,blk_00760,1,13
Zambon Group S.p.A,blk_00760,1,13
Zambon S.P.A.,blk_00760,1,13
Zambon SA,blk_00760,1,13
Zambon Spa,blk_00760,1,13
Zdravstveni dom dr. Adolfa Drolca Maribor,blk_02414,1,2
Zealand Pharma,blk_00173,1,17
Zealand University Hospital Kge,blk_00173,1,17
Zealand University Hospital Roskilde,blk_00173,1,17
Zealand University Hospital Universitetshospital Sjlland,blk_00173,1,17
"Zealand University Hospital, Department of Surgery",blk_00173,1,17
"Zealand University Hospital, Gynecological department",blk_00173,1,17
Zealand university hospital Roskilde,blk_00173,1,17
"Zealand university hospital, Roskilde",blk_00173,1,17
Zentaris GmbH,blk_00406,1,3
Zentiva k.s.,blk_00918,1,4
Zentiva k.s. Prague,blk_00918,1,4
"Zentiva, a.s.",blk_00918,1,4
Zentralklinikum St. Plten,blk_02418,1,2
Zentrum fr Neuro-Onkologie,blk_00999,1,3
Ziekenhuis Gelderse Vallei Stichting,blk_02043,1,2
"Ziekenhuis Oost Limburg ZOL, Genk",blk_00446,1,7
Ziekenhuis Oost-Limburg A.V.,blk_00446,1,7
Ziekenhuis Oost-Limburg Autonome Verzorgingsinstelling,blk_00446,1,7
"Ziekenhuis Oost-Limburg, Departement of Anesthesia",blk_00446,1,7
Ziekenhuisgroep Twente,blk_01497,1,2
"Zogenix International Limited, a wholly owned subsidiary of Zogenix Inc.",blk_00761,1,2
ZonMW GGG,blk_00638,1,7
ZonMw / nabi biopharmaceuticals,blk_00638,1,7
ZonMw zorg voor jeugd-effecten en kosten,blk_00638,1,7
Zymeworks Bc Inc.,blk_01173,1,2
aTYR Pharma Inc.,blk_00762,1,3
air liquide  sante international,blk_00565,1,8
alberto forteza,blk_01946,1,2
almirall,blk_00165,1,18
anofi-aventis recherche et dveloppement,blk_00033,1,40
ardana  LTD,blk_00653,1,2
az turnhout,blk_01686,1,2
bioeq GmbH,blk_01250,1,2
centre hospitalier et universitaire de Lille,blk_00231,1,20
centre hospitalier universitaire de Lille,blk_00231,1,20
chu de NANTES,blk_00062,1,10
cliniques Universitaires st luc-ucl,blk_00198,1,26
cliniques universitaire de mont godinne,blk_01811,1,2
co.don AG,blk_00878,1,7
"department of OBstetrics, Sahlgrenska university hospital",blk_00180,1,28
department of Pharmacology-Toxicology RUNMC,blk_00624,1,2
department of clinical pharmacology,blk_00812,1,31
department of experimental and clinical medicine F. Magrassi,blk_00700,1,11
"dept of endocrinology J 106, herlev Hosptial",blk_00271,1,26
erasmus mc,blk_00029,1,40
essex pharma GmbH,blk_01335,1,2
fUNDACIN iNVESTIGACIN HOSPITAL RAMN Y CAJAL,blk_01014,1,5
fdration francophone de cancrologie digestive,blk_00316,1,5
"fertility clinic, Herlev university hospital",blk_00271,1,26
fonds NutsOhra,blk_01979,1,2
"gonkliniken, Akademiska sjukhuset i Uppsala",blk_00210,1,34
helsinki University central Hospital,blk_00119,1,34
hospices civils de Lyon,blk_00039,1,8
i-GETAID,blk_00682,1,3
iN Therapeutics Co. Ltd.,blk_00549,1,7
iOMEDICO,blk_00639,1,2
iTeos Belgium SA,blk_00919,1,2
ikfe  Institute for Clinical Research and Development,blk_00640,1,3
imperial college,blk_00144,1,18
incyte Corporation,blk_00043,1,8
infirst HEALTHCARE,blk_02114,1,2
"insaf, Institut fr Atemwegsforschung GmbH",blk_02126,1,2
institute de Recherches Internacionales Servier promotor internacional,blk_00027,1,25
"investigator-driven research: Erasmus MC, Neurovascular Section",blk_01333,1,15
invoX Belgium / CCDRD Cooperative Clinical Drug Research and Development AG,blk_00968,1,16
invoX Pharma Limited,blk_01419,1,2
janssen-Cilag International NV,blk_02137,1,5
liverpool university,blk_02416,1,4
lski Uniwersytet Medyczny w Katowicach,blk_01160,1,4
mAbxience Research SL,blk_00871,1,3
manchester mental health and social care trust,blk_00264,1,40
maternite rgionale de nancy,blk_00195,1,17
medac Gesellschaft fuer klinische Spezialprparate mbH,blk_00142,1,19
n.v. Boehringer Ingelheim s.a.,blk_01801,1,18
neuraxpharm Arzneimittel GmbH,blk_01086,1,2
ngel Lanas Arbeloa-Instituto de Investigacin Sanitaria Aragn,blk_01360,1,2
no sponsor for this trial,blk_02438,1,2
oslo university hospital,blk_00047,1,36
ous,blk_01525,1,2
pH Pharma Inc.,blk_02280,1,3
palleos healthcare GmbH,blk_01532,1,2
pharmed holding GmbH,blk_01740,1,2
"rEVO Biologics, Inc.",blk_00255,1,33
ratiopharm GmbH,blk_02320,1,3
reMYND,blk_02326,1,2
rea de Trasplante y Terapia Celular - Hospital Central de Asturias,blk_02035,1,4
rhus Sygehus,blk_01897,1,4
"rhus University Hospital, Department of Dermatology",blk_01897,1,4
"rijnstate hospital, the netherlands",blk_00491,1,9
sa Novo Nordisk Pharma nv,blk_00003,1,20
sanofi Belgium,blk_00865,1,10
sanofi aventis,blk_00033,1,40
sanofi aventis  S.p.A,blk_00033,1,40
sanofi aventis recherche et developpement,blk_00764,1,18
sanofi aventis recherche et dveloppement,blk_00033,1,40
sanofi-aventis Belgium,blk_00764,1,18
sanofi-aventis Netherlands,blk_00033,1,40
sanofi-aventis Netherlands B.V.,blk_00033,1,40
sanofi-aventis Private Co. Ltd.,blk_00764,1,18
sanofi-aventis US,blk_00033,1,40
sanofi-aventis Zrt.,blk_00764,1,18
sanofi-aventis group,blk_00033,1,40
sanofi-aventis recherche  development,blk_00033,1,40
sanofi-aventis recherche et developpment,blk_00764,1,18
sanofi-aventis recherchedeveloppement,blk_00764,1,18
sanofi-aventis recherchedveloppement,blk_00764,1,18
"sanofi-aventis, S.A.",blk_00033,1,40
"sanofi-aventis, s.r.o.",blk_00033,1,40
sanofi-synthelabo groupe,blk_00333,1,10
service de sant des armes,blk_01302,1,4
silvia sanchez ramon,blk_02070,1,3
south manchester university hospital nhs trust,blk_00897,1,7
the All-Ireland cooperative oncology research group ICORG,blk_00297,1,18
the Dutch Colorectal Cancer Group,blk_00309,1,14
the Netherlands Cancer Institute - Antoni van Leeuwenhoek Hospital NKI-AvL,blk_00072,1,24
there is no sponsor.,blk_02438,1,2
tiakis Biotech AG formerly Proteo Biotech AG,blk_02307,1,2
tichting Het Nederlands Kanker Instituut_Antoni van Leeuwenhoek,blk_00072,1,24
to-BBB technologies B.V.,blk_01177,1,3
universiteit Maastricht,blk_00098,1,18
university Hospitals of Leicester NHS Trust,blk_00133,1,21
university medical center utrecht,blk_00038,1,30
university medical centre groningen,blk_00021,1,22
university medical centre utrecht,blk_00038,1,30
vectura group plc,blk_00755,1,4
vejle Sygehus,blk_00192,1,10
vicente soriano,blk_01954,1,2
vzw az groeninge,blk_00768,1,2
Academic Medical Center,blk_02439,63,1
AB Science,blk_02440,26,1
Dermapharm AG,blk_02441,26,1
Centre Oscar Lambret,blk_02442,22,1
IFCT,blk_02443,21,1
CHU de Nmes,blk_02444,20,1
Pharmacosmos A/S,blk_02445,19,1
Nektar Therapeutics,blk_02446,18,1
Immunovant Sciences GmbH,blk_02447,16,1
Medical University Of Gdansk,blk_02448,15,1
Centre Lon Brard,blk_02449,14,1
Laboratorios Cinfa S.A.,blk_02450,14,1
Centre Hospitalier Regional Universitaire,blk_02451,13,1
Academic Medical Centre,blk_02452,12,1
Groupe Oncologie Radiotherapie Tete Cou,blk_02453,12,1
InflaRx GmbH,blk_02454,11,1
Innate Pharma,blk_02455,11,1
MoonLake Immunotherapeutics AG,blk_02456,11,1
Region Oestergoetland,blk_02457,11,1
Xenon Pharmaceuticals Inc.,blk_02458,11,1
4SC AG,blk_02459,10,1
Camurus AB,blk_02460,10,1
Immunic AG,blk_02461,10,1
Institut National De La Sante Et De La Recherche Medicale,blk_02462,10,1
AZIENDA OSPEDALIERO UNIVERSITARIA DI CAGLIARI,blk_02463,9,1
Biofrontera Bioscience GmbH,blk_02464,9,1
Cytos Biotechnology AG,blk_02465,9,1
Medical University Of Lodz,blk_02466,9,1
Oncopeptides AB,blk_02467,9,1
Varsinais-Suomen hyvinvointialue,blk_02468,9,1
AZIENDA USL 6 LIVORNO ZONA LIVORNESE,blk_02469,8,1
Arcus Biosciences Inc.,blk_02470,8,1
G.I.S.L.  - GRUPPO ITALIANO STUDIO LINFOMI,blk_02471,8,1
Loxo Oncology Inc.,blk_02472,8,1
OPHTHOTECH CORPORATION,blk_02473,8,1
PregLem S.A.,blk_02474,8,1
Velindre NHS Trust,blk_02475,8,1
Vicore Pharma AB,blk_02476,8,1
Ascentage Pharma Group Inc.,blk_02477,7,1
"FibroGen, Inc.",blk_02478,7,1
"Idera Pharmaceuticals, Inc.",blk_02479,7,1
Intellia Therapeutics Inc.,blk_02480,7,1
NOXXON Pharma AG,blk_02481,7,1
Novadip Biosciences,blk_02482,7,1
Purdue Pharma L.P.,blk_02483,7,1
Spirig Pharma AG,blk_02484,7,1
Statens Serum Institut,blk_02485,7,1
Symphogen A/S,blk_02486,7,1
A. Carlsson Research AB,blk_02487,6,1
AZIENDA OSPEDALIERA OSPEDALI GALLIERA,blk_02488,6,1
Ab Science,blk_02489,6,1
"Afferent Pharmaceuticals, Inc.",blk_02490,6,1
"Akebia Therapeutics, Inc.",blk_02491,6,1
Akros Pharma Inc.,blk_02492,6,1
Auxilium UK Limited,blk_02493,6,1
Avontec GmbH,blk_02494,6,1
CatalYm GmbH,blk_02495,6,1
Centre Hospitalier Universitaire de Reims,blk_02496,6,1
Denali Therapeutics Inc.,blk_02497,6,1
Department of Medical Research,blk_02498,6,1
DermaTools Biotech GmbH,blk_02499,6,1
H e x a l AG,blk_02500,6,1
ISTITUTI ORTOPEDICI RIZZOLI,blk_02501,6,1
ISTITUTO SUPERIORE DI SANITA,blk_02502,6,1
Kodiak Sciences Inc.,blk_02503,6,1
Linkopings Universitet,blk_02504,6,1
Orexo AB,blk_02505,6,1
PledPharma AB,blk_02506,6,1
Quralis Corp.,blk_02507,6,1
Raimo Tuuminen,blk_02508,6,1
Ryvu Therapeutics S.A.,blk_02509,6,1
"Upsher-Smith Laboratories, Inc.",blk_02510,6,1
Wroclaw Medical University,blk_02511,6,1
"bluebird bio, Inc.",blk_02512,6,1
ASST Grande Ospedale Metropolitano Niguarda,blk_02513,5,1
AZIENDA OSPEDALIERA CARDARELLI,blk_02514,5,1
AZIENDA USL DI FORLI,blk_02515,5,1
"Aeglea Biotherapeutics, Inc.",blk_02516,5,1
Affibody AB,blk_02517,5,1
Alentis Therapeutics AG,blk_02518,5,1
Alumis Inc.,blk_02519,5,1
Astion Pharma A/S,blk_02520,5,1
Azienda Ospedaliero-Universitaria Di Bologna IRCCS Istituto Di Ricerca E Di Cura A Carattere Scientifico,blk_02521,5,1
Bicycletx Limited,blk_02522,5,1
Biotec Pharmacon ASA,blk_02523,5,1
Bluejay Therapeutics Inc.,blk_02524,5,1
Centre Hospitalier Intercommunal Creteil,blk_02525,5,1
"Chiasma, Inc.",blk_02526,5,1
"Civitas Therapeutics, Inc.",blk_02527,5,1
Convergence Pharmaceuticals Ltd,blk_02528,5,1
Curalogic A/S,blk_02529,5,1
Desitin Arzneimittel GmbH,blk_02530,5,1
Dilafor AB,blk_02531,5,1
Dynavax Technologies Corporation,blk_02532,5,1
ERYTECH Pharma,blk_02533,5,1
Empros Pharma AB,blk_02534,5,1
FARMACEUTICI DAMOR,blk_02535,5,1
Galecto Biotech AB,blk_02536,5,1
Haemato Oncology Foundation For Adults Netherlands,blk_02537,5,1
IDIBAPS,blk_02538,5,1
IMAS,blk_02539,5,1
ISTITUTO C. MONDINO,blk_02540,5,1
"Immunomedics, Inc.",blk_02541,5,1
Kiadis Pharma Netherlands B.V.,blk_02542,5,1
"Luitpold Pharmaceuticals, Inc.",blk_02543,5,1
Medical University Of Bialystok,blk_02544,5,1
Medivir AB,blk_02545,5,1
Milestone Pharmaceuticals Inc.,blk_02546,5,1
Narodowy Instytut Geriatrii Reumatologii I Rehabilitacji Im Prof. Dr Hab. Med. Eleonory Reicher,blk_02547,5,1
Nordsjaellands Hospital,blk_02548,5,1
OSE Immunotherapeutics,blk_02549,5,1
PIQUR Therapeutics AG,blk_02550,5,1
Pharmaplot P.C.,blk_02551,5,1
Pluristem Ltd.,blk_02552,5,1
Promethera Biosciences,blk_02553,5,1
Quantum Genomics,blk_02554,5,1
"Ra Pharmaceuticals, Inc.",blk_02555,5,1
Savara ApS,blk_02556,5,1
Schlke  Mayr GmbH,blk_02557,5,1
"Sierra Oncology, Inc.",blk_02558,5,1
TAP Pharmaceutical Products Inc.,blk_02559,5,1
"Tetraphase Pharmaceuticals, Inc.",blk_02560,5,1
USWM Ct LLC,blk_02561,5,1
University Hospital,blk_02562,5,1
XOMA US LLC,blk_02563,5,1
Xention Limited,blk_02564,5,1
Xentria Inc.,blk_02565,5,1
Zymenex A/S,blk_02566,5,1
deCODE genetics ehf.,blk_02567,5,1
iOnctura SA,blk_02568,5,1
A.U.S.L. RIMINI,blk_02569,4,1
AB SCIENCE,blk_02570,4,1
ADIENNE SA,blk_02571,4,1
AMW GmbH,blk_02572,4,1
"AlloVir, Inc.",blk_02573,4,1
Aradigm Corporation,blk_02574,4,1
Archemix Corp.,blk_02575,4,1
Ardeypharm GmbH,blk_02576,4,1
Areteia Therapeutics Inc.,blk_02577,4,1
Astria Therapeutics Inc.,blk_02578,4,1
Avalyn Pharma Inc.,blk_02579,4,1
Avidity Biosciences Inc.,blk_02580,4,1
Azienda Sanitaria Universitaria Friuli Centrale,blk_02581,4,1
Bellus Health Inc.,blk_02582,4,1
Bradford Teaching Hospitals NHS Foundation Trust,blk_02583,4,1
CECOG,blk_02584,4,1
Cardurion Pharmaceuticals Inc.,blk_02585,4,1
Cessatech A/S,blk_02586,4,1
Clinirx Tangent Research,blk_02587,4,1
Cutiss AG,blk_02588,4,1
CytRx Corporation,blk_02589,4,1
Dept of ped hem/onc,blk_02590,4,1
Dermatologikum Hamburg,blk_02591,4,1
Diabeteszentrum Bad Lauterberg,blk_02592,4,1
Drossapharm AG,blk_02593,4,1
Ellipses Pharma Limited,blk_02594,4,1
Eske Kvanner Aasvang,blk_02595,4,1
FILO,blk_02596,4,1
FIMABIS,blk_02597,4,1
Genera Research Ltd,blk_02598,4,1
Gloucester Pharmaceuticals Inc.,blk_02599,4,1
Glycotope GmbH,blk_02600,4,1
Groupe D'etude Therapeutique Des Affections Inflammatoires Du Tube Digestif,blk_02601,4,1
Hospital General Universitario Dr. Balmis,blk_02602,4,1
ISTITUTO DERMOPATICO IMMACOLATA,blk_02603,4,1
Ideaya Biosciences Inc.,blk_02604,4,1
Itb-Med AB,blk_02605,4,1
Jasper Therapeutics Inc.,blk_02606,4,1
Karo Bio AB,blk_02607,4,1
Kyverna Therapeutics Inc.,blk_02608,4,1
Laboratorios Farmalder S.A.,blk_02609,4,1
Laboratorios Ojer Pharma S.L.,blk_02610,4,1
Lytix Biopharma AS,blk_02611,4,1
MerLion Pharmaceuticals GmbH,blk_02612,4,1
"Momenta Pharmaceuticals, Inc.",blk_02613,4,1
Olatec Therapeutics LLC,blk_02614,4,1
PROMEFARM,blk_02615,4,1
Pharma Stulln GmbH,blk_02616,4,1
Pharmexa A/S,blk_02617,4,1
Polish Myeloma Consortium,blk_02618,4,1
Prelude Therapeutics Inc.,blk_02619,4,1
Prevail Therapeutics Inc.,blk_02620,4,1
Region Ostergotland,blk_02621,4,1
Regulus Therapeutics Inc.,blk_02622,4,1
Ribocure Pharmaceuticals AB,blk_02623,4,1
Steigerwald Arzneimittelwerk GmbH,blk_02624,4,1
Travere Therapeutics Inc.,blk_02625,4,1
UCLouvain,blk_02626,4,1
University Medical Center,blk_02627,4,1
Upstream Bio Inc.,blk_02628,4,1
Urovant Sciences GmbH,blk_02629,4,1
Venter Pharma S.L.,blk_02630,4,1
Verus Pharmaceuticals Inc,blk_02631,4,1
Vianex S.A.,blk_02632,4,1
"Viela Bio, Inc.",blk_02633,4,1
"Visterra, Inc.",blk_02634,4,1
Vividion Therapeutics Inc.,blk_02635,4,1
Zenas Biopharma (USA) LLC,blk_02636,4,1
A.O. OSPEDALE DI CIRCOLO E FONDAZIONE MACCHI,blk_02637,3,1
AISSM ONLUS,blk_02638,3,1
ARCO,blk_02639,3,1
ASIT biotech S.A.,blk_02640,3,1
ASST FATEBENEFRATELLI SACCO,blk_02641,3,1
AZAD Pharma AG,blk_02642,3,1
AZIENDA OSPEDALIERA  VINCENZO MONALDI DI NAPOLI,blk_02643,3,1
AZIENDA OSPEDALIERA BIANCHI-MELACRINO-MORELLI,blk_02644,3,1
AZIENDA OSPEDALIERA SANTANDREA,blk_02645,3,1
AZIENDA UNIT SANITARIA LOCALE DELLA ROMAGNA,blk_02646,3,1
Acesion Pharma ApS,blk_02647,3,1
Acino Supply AG,blk_02648,3,1
Adaptimmune LLC,blk_02649,3,1
Adarx Pharmaceuticals Inc.,blk_02650,3,1
Adeptio Pharmaceuticals Limited,blk_02651,3,1
Aegera Therapeutics Inc.,blk_02652,3,1
Alimentary Health Ltd,blk_02653,3,1
"Allena Pharmaceuticals, Inc.",blk_02654,3,1
Allievex Corporation,blk_02655,3,1
"Alvine Pharmaceuticals, Inc.",blk_02656,3,1
Anaveon AG,blk_02657,3,1
Apeptico Forschung und Entwicklung GmbH,blk_02658,3,1
"Aridis Pharmaceuticals, Inc.",blk_02659,3,1
Arpida AG,blk_02660,3,1
Arrivent Biopharma Inc.,blk_02661,3,1
Artios Pharma Limited,blk_02662,3,1
Aurealis Oy,blk_02663,3,1
"Auspex Pharmaceuticals, Inc.",blk_02664,3,1
Avexxin AS,blk_02665,3,1
Azafaros B.V.,blk_02666,3,1
BIOVOMED,blk_02667,3,1
Barcelonabeta Brain Research Center,blk_02668,3,1
Belite Bio Inc.,blk_02669,3,1
"Bellicum Pharmaceuticals, Inc.",blk_02670,3,1
Beroendecentrum Stockholm,blk_02671,3,1
Betagenon AB,blk_02672,3,1
BioCis Pharma Oy,blk_02673,3,1
Biomay AG,blk_02674,3,1
Biopure Corporation,blk_02675,3,1
Bond Avillion 2 Development LP,blk_02676,3,1
CAIBER,blk_02677,3,1
CCAB Centro Clinico Academico Braga Associacao,blk_02678,3,1
CRISPR Therapeutics AG,blk_02679,3,1
Cantargia AB,blk_02680,3,1
Cardiol Therapeutics Inc.,blk_02681,3,1
Cardoz AB,blk_02682,3,1
"Castle Creek Pharmaceuticals, LLC",blk_02683,3,1
Cebiotex S.L.,blk_02684,3,1
Centessa Pharmaceuticals UK Limited,blk_02685,3,1
Centre Henri Becquerel,blk_02686,3,1
Centre Hospitalier Annecy Genevois,blk_02687,3,1
Centre Hospitalier Departemental Vendee,blk_02688,3,1
Chronic Obstructive Pulmonary Disease Trial Network COP:TRIN,blk_02689,3,1
Citryll B.V.,blk_02690,3,1
"CoLucid Pharmaceuticals, Inc.",blk_02691,3,1
Cogent Biosciences Inc.,blk_02692,3,1
Colorado Prevention Center,blk_02693,3,1
Conatus Pharmaceuticals Inc.,blk_02694,3,1
Cortendo AB,blk_02695,3,1
Corteria Pharmaceuticals,blk_02696,3,1
"Cougar Biotechnology, Inc",blk_02697,3,1
Cybin IRL Limited,blk_02698,3,1
"DSC Services, s.r.o.",blk_02699,3,1
Department of Health,blk_02700,3,1
Dermax,blk_02701,3,1
"Dermira, Inc.",blk_02702,3,1
Dianthus Therapeutics Inc.,blk_02703,3,1
Dicofarm S.p.A.,blk_02704,3,1
Dizal (Jiangsu) Pharmaceutical Co. Ltd.,blk_02705,3,1
Dragonfly Therapeutics Inc.,blk_02706,3,1
Dyne Therapeutics Inc.,blk_02707,3,1
Edgewise Therapeutics Inc.,blk_02708,3,1
Eikon Therapeutics Inc.,blk_02709,3,1
Enliven Therapeutics Inc.,blk_02710,3,1
Eradivir Inc.,blk_02711,3,1
Ethicare GmbH,blk_02712,3,1
Evestra GmbH,blk_02713,3,1
Exscientia AI Limited,blk_02714,3,1
FIBICO,blk_02715,3,1
FluoGuide A/S,blk_02716,3,1
Fondazione Radioterapia Oncologica Onlus,blk_02717,3,1
Fulcrum Therapeutics Inc.,blk_02718,3,1
Fundacin Teknon,blk_02719,3,1
Fundacion Epic,blk_02720,3,1
Genenta Science S.p.A.,blk_02721,3,1
Genetix Biotherapeutics Inc.,blk_02722,3,1
Gillberg Neuropsychiatry Centre,blk_02723,3,1
Glycomine Inc.,blk_02724,3,1
Gruenenthal GmbH,blk_02725,3,1
Gwent Healthcare NHS Trust,blk_02726,3,1
Hanns-Ulrich Marschall,blk_02727,3,1
Hifibio Inc.,blk_02728,3,1
Hormos Medical Ltd,blk_02729,3,1
Hospital General Universitario Gregorio Maranon,blk_02730,3,1
"Humacyte, Inc.",blk_02731,3,1
INOTREM S.A.,blk_02732,3,1
ISA Therapeutics B.V.,blk_02733,3,1
ITM Solucin GmbH,blk_02734,3,1
Inhibrx Biosciences Inc.,blk_02735,3,1
"Institut for Sundhedstjenesteforskning, Klinisk Farmakologi, Syddansk Universitet",blk_02736,3,1
Instituto Oncologico Dr. Rosell S.L.,blk_02737,3,1
"Intarcia Therapeutics, Inc.",blk_02738,3,1
"Ironwood Pharmaceuticals, Inc.",blk_02739,3,1
Jcr Pharmaceuticals Co. Ltd.,blk_02740,3,1
Jesper Ekelund,blk_02741,3,1
Julie Gehl,blk_02742,3,1
Kancera AB,blk_02743,3,1
Kinarus AG,blk_02744,3,1
LIDDS AB,blk_02745,3,1
Laboratoires S.M.B.,blk_02746,3,1
Laboratorios Lesvi S.L.,blk_02747,3,1
Laboratorios Liconsa S.A.,blk_02748,3,1
Landos Biopharma Inc.,blk_02749,3,1
Lilly ICOS LLC,blk_02750,3,1
Lone Nikolajsen,blk_02751,3,1
Longboard Pharmaceuticals Inc.,blk_02752,3,1
Lybar a.s.,blk_02753,3,1
Medicago RD Inc.,blk_02754,3,1
Medinova AG,blk_02755,3,1
Merck Selbstmedikation GmbH,blk_02756,3,1
Merete Hdersdal,blk_02757,3,1
MetrioPharm AG,blk_02758,3,1
Mikrobiomik Healthcare Company S.L.,blk_02759,3,1
Molecure S.A.,blk_02760,3,1
Movetis NV,blk_02761,3,1
NMD Pharma A/S,blk_02762,3,1
Neosil Inc.,blk_02763,3,1
Noorik Biopharmaceuticals AG,blk_02764,3,1
Noucor Health S.A.,blk_02765,3,1
NovartisPharma Services AG,blk_02766,3,1
NuCana plc,blk_02767,3,1
Nuvalent Inc.,blk_02768,3,1
Oasmia Pharmaceutical AB,blk_02769,3,1
Olema Pharmaceuticals Inc.,blk_02770,3,1
Oncoscience AG,blk_02771,3,1
Opsona Therapeutics Ltd,blk_02772,3,1
Orexa B.V.,blk_02773,3,1
Ostfold Hospital Trust,blk_02774,3,1
"Otsuka Maryland Research Institute, Inc.",blk_02775,3,1
PCI Biotech AS,blk_02776,3,1
"PellePharm, Inc.",blk_02777,3,1
Pharmanest AB,blk_02778,3,1
Phenomix Corporation,blk_02779,3,1
Prometheus Biosciences Inc.,blk_02780,3,1
Præhospitalet,blk_02781,3,1
Pyxis Oncology Inc.,blk_02782,3,1
Raptor Therapeutics Inc.,blk_02783,3,1
Reistone Biopharma Company Limited,blk_02784,3,1
Relay Therapeutics Inc.,blk_02785,3,1
Riitta Veijola,blk_02786,3,1
Robugen GmbH / Robugen GmbH,blk_02787,3,1
Royal Free Hampstead NHS Trust,blk_02788,3,1
Sciensano,blk_02789,3,1
Sichuan Kelun-Biotech Biopharmaceutical Co. Ltd.,blk_02790,3,1
Sosei RD Ltd,blk_02791,3,1
Sten Madsbad,blk_02792,3,1
Step Pharma,blk_02793,3,1
Sutro Biopharma Inc.,blk_02794,3,1
Swiss Cardio Technologies AG,blk_02795,3,1
Syros Pharmaceuticals Inc.,blk_02796,3,1
TILT Biotherapeutics Oy,blk_02797,3,1
TargED Biopharmaceuticals B.V.,blk_02798,3,1
Themis Bioscience GmbH,blk_02799,3,1
Thirty Respiratory Limited,blk_02800,3,1
TikoMed AB,blk_02801,3,1
Tubulis GmbH,blk_02802,3,1
UMCU,blk_02803,3,1
University of East Anglia,blk_02804,3,1
Valderm ApS,blk_02805,3,1
Ventus Therapeutics U.S. Inc.,blk_02806,3,1
Vertanical GmbH,blk_02807,3,1
Vilnius University Hospital Santaros klinikos,blk_02808,3,1
Westfriesgasthuis,blk_02809,3,1
Ziarco Pharma Ltd,blk_02810,3,1
apceth GmbH  Co. KG,blk_02811,3,1
hVIVO Services Limited,blk_02812,3,1
sterna biologicals GmbH  Co. KG,blk_02813,3,1
uniQure biopharma B.V.,blk_02814,3,1
1globe Health Institute LLC,blk_02815,2,1
35Pharma Inc.,blk_02816,2,1
4TEEN4 Pharmaceuticals GmbH,blk_02817,2,1
4moving Biotech,blk_02818,2,1
A.C.O.M. Advanced Center Oncology Macerata S.r.l.,blk_02819,2,1
A.C.R.A.F. S.p.A.,blk_02820,2,1
A.S.L. 2,blk_02821,2,1
ABScience,blk_02822,2,1
ACRAF S.p.A.,blk_02823,2,1
ACTICOR BIOTECH,blk_02824,2,1
AFFiRiS AG,blk_02825,2,1
"AGENCIA ESTATAL CONSEJO SUPERIOR DE INVESTIGACIONES CIENTIFICAS, M.P. CSIC",blk_02826,2,1
ALK-SCHERAX Arzneimittel GmbH,blk_02827,2,1
ALTUS PHARMACEUTICALS INC,blk_02828,2,1
"ARAFARMA GROUP, S.A.",blk_02829,2,1
ARTIC,blk_02830,2,1
ASL 1 AVEZZANO-SULMONA-LAQUILA,blk_02831,2,1
ASSOCIAZIONE LA NOSTRA FAMIGLIA - SEZIONE SCIENTIFICA I.R.C.C.S. E.MEDEA,blk_02832,2,1
ASSOCIAZIONE MALATTIE SANGUE,blk_02833,2,1
AZIENDA OSPEDALIERA G. BROTZU,blk_02834,2,1
AZIENDA USL 4  PRATO,blk_02835,2,1
Aavantgarde Bio S.r.l.,blk_02836,2,1
Abcuro Inc.,blk_02837,2,1
Academic medical centre,blk_02838,2,1
Accare,blk_02839,2,1
"Achaogen, Inc.",blk_02840,2,1
Achilles Therapeutics UK Limited,blk_02841,2,1
Action Pharma A/S,blk_02842,2,1
Activaero GmbH,blk_02843,2,1
Acucela Inc.,blk_02844,2,1
Advanced BioHealing Inc,blk_02845,2,1
"Advancell Advanced In Vitro Cell Technologies, S.A",blk_02846,2,1
Aerovate Therapeutics Inc.,blk_02847,2,1
Agennix Incorporated,blk_02848,2,1
Akamis Bio Limited,blk_02849,2,1
Akero Therapeutics Inc.,blk_02850,2,1
Akouos Inc.,blk_02851,2,1
Alcedis GmbH,blk_02852,2,1
"Aldagen, Inc",blk_02853,2,1
"AlgoRx Pharmaceuticals, Inc.",blk_02854,2,1
Alizyme Therapeutics Limited,blk_02855,2,1
Alkaloid AD Skopje,blk_02856,2,1
Allerderm,blk_02857,2,1
Allogene Therapeutics Inc.,blk_02858,2,1
Ambrilia Biopharma Inc.,blk_02859,2,1
Amyndas Pharmaceuticals S.A.,blk_02860,2,1
An-Institut fr Qualittssicherung in der operativen Medizin gGmbH,blk_02861,2,1
AnGes Inc.,blk_02862,2,1
Andres Iiguez Romo,blk_02863,2,1
Angion Biomedica Corp.,blk_02864,2,1
"Anika Therapeutics, Inc.",blk_02865,2,1
Ann Merete Mller,blk_02866,2,1
Antaros Medical AB,blk_02867,2,1
Apcintex Limited,blk_02868,2,1
"Apexigen, Inc.",blk_02869,2,1
Aplagon Oy,blk_02870,2,1
Apogee Therapeutics Inc.,blk_02871,2,1
Aquilon Pharmaceuticals,blk_02872,2,1
Arana Therapeutics Ltd,blk_02873,2,1
Archigen Biotech Limited,blk_02874,2,1
Aristea Therapeutics Inc.,blk_02875,2,1
"Arog Pharmaceuticals, Inc.",blk_02876,2,1
Arrow Therapeutics Ltd,blk_02877,2,1
Ascelia Pharma AB,blk_02878,2,1
Asociacion Instituto Biogipuzkoa,blk_02879,2,1
Aspen Global Incorporated,blk_02880,2,1
Associacio Per A La Recerca Oncologica,blk_02881,2,1
Associazione Chirurghi Ospedalieri Italiani,blk_02882,2,1
Aston University,blk_02883,2,1
AstraZenenca AB,blk_02884,2,1
AstriVax,blk_02885,2,1
Atamyo Therapeutics,blk_02886,2,1
Athera Biotechnologies AB,blk_02887,2,1
Atox Bio,blk_02888,2,1
Attgeno AB,blk_02889,2,1
Autifony Therapeutics Limited,blk_02890,2,1
"AveXis, Inc.",blk_02891,2,1
Avexa Limited,blk_02892,2,1
Avraham Pharmaceuticals Ltd.,blk_02893,2,1
"Axcella Health, Inc.",blk_02894,2,1
"Ayala Pharmaceuticals, Inc.",blk_02895,2,1
Azienda Unita' Sanitaria Locale Toscana Sud Est,blk_02896,2,1
"BHR Pharma, LLC",blk_02897,2,1
BIODRUG s.r.o.,blk_02898,2,1
BOEHRINGER ING.,blk_02899,2,1
Bambusa Therapeutics Inc.,blk_02900,2,1
Bangor University,blk_02901,2,1
Barnsley Hospital NHS Foundation Trust,blk_02902,2,1
Bezirkskliniken Schwaben,blk_02903,2,1
Bial R&D Investments S.A.,blk_02904,2,1
BioArctic AB,blk_02905,2,1
"BioNumerik Pharmaceuticals, Inc.",blk_02906,2,1
"Biovail Laboratories International SRL, c/o Biovail Technologies Ltd",blk_02907,2,1
Bioven Europe Ltd.,blk_02908,2,1
Blau Farmaceutica S.A.,blk_02909,2,1
Bluefin Biomedicine Inc.,blk_02910,2,1
Bluesky Immunotherapies GmbH,blk_02911,2,1
Bolt Biotherapeutics Inc.,blk_02912,2,1
Boots Healthcare International Limited,blk_02913,2,1
Breye Therapeutics ApS,blk_02914,2,1
Britannia Pharmaceuticals Limited,blk_02915,2,1
C4Pain ApS,blk_02916,2,1
CASA DI CURA ABANO TERME POLISPECIALISTICA E TERMALE,blk_02917,2,1
CENTRO PER LA PREVENZIONE E CURA DEL TABAGISMO,blk_02918,2,1
CHEMI S.P.A.,blk_02919,2,1
COPSAC,blk_02920,2,1
Cabaletta Bio Inc.,blk_02921,2,1
Calico Life Sciences LLC,blk_02922,2,1
CeQur Corp.,blk_02923,2,1
Celimmune LLC,blk_02924,2,1
Cellaïon SA,blk_02925,2,1
Centre Eugne Marquis,blk_02926,2,1
Centre Hospitalier Universitaire,blk_02927,2,1
Centre Hospitalier Universitaire De La Reunion,blk_02928,2,1
Centre Ren Gauducheau,blk_02929,2,1
Centro Comunitario de Sangre y Tejidos de Asturias,blk_02930,2,1
Century Therapeutics Inc.,blk_02931,2,1
Cepha s.r.o. / PRO.MED.CS Praha a.s.,blk_02932,2,1
Cereno Scientific AB,blk_02933,2,1
"Cerimon Pharmaceuticals, Inc.",blk_02934,2,1
Cerus Corporation,blk_02935,2,1
"Chengdu Kanghong Biotechnology Co., Ltd.",blk_02936,2,1
Cidara Therapeutics Inc.,blk_02937,2,1
"Clearside Biomedical, Inc.",blk_02938,2,1
Climb Bio Inc.,blk_02939,2,1
Clinique Mutualiste Chirurgicale,blk_02940,2,1
Connecta Therapeutics S.L.,blk_02941,2,1
Consorzio per Valutazioni Biologiche e Farmacologiche,blk_02942,2,1
Cr2o B.V.,blk_02943,2,1
Craigavon Area Hospital Group Trust,blk_02944,2,1
"CuraSen Therapeutics, Inc.",blk_02945,2,1
Curasight A/S,blk_02946,2,1
Cynata Therapeutics Limited,blk_02947,2,1
CytoVac A/S,blk_02948,2,1
Cyxone AB,blk_02949,2,1
"DIPARTIMENTO AD ATTIVIT INTEGRATA CHIRURGICO, MEDICO, ODONTOIATRICO E DI SCIENZE MORFOLOGICHE",blk_02950,2,1
DURECT Corporation,blk_02951,2,1
Dansk Multipel Sclerose Center,blk_02952,2,1
Daval International Limited,blk_02953,2,1
Delenex Therapeutics AG,blk_02954,2,1
Deutsche Diabetes Forschungsgesellschaft e.V.,blk_02955,2,1
Diabetology Ltd,blk_02956,2,1
Diagram B.V.,blk_02957,2,1
Dignity Sciences Limited,blk_02958,2,1
"Dimension Therapeutics, Inc.",blk_02959,2,1
Disc Medicine Inc.,blk_02960,2,1
Dr. Theiss Naturwaren GmbH,blk_02961,2,1
Dstl,blk_02962,2,1
DuoCort Pharma AB,blk_02963,2,1
Dynacure,blk_02964,2,1
EBI Anti Sepsis B.V.,blk_02965,2,1
EKOS Corporation,blk_02966,2,1
Echo Pharmaceuticals B.V.,blk_02967,2,1
EctoPharma Limited,blk_02968,2,1
"Edimer Pharmaceuticals, Inc.",blk_02969,2,1
Egalet a/s,blk_02970,2,1
Egle Therapeutics,blk_02971,2,1
Elgan Pharma Ltd.,blk_02972,2,1
Engrail Therapeutics Inc.,blk_02973,2,1
Entasis Therapeutics,blk_02974,2,1
Entrada Therapeutics Inc.,blk_02975,2,1
Epygenix Therapeutics Inc.,blk_02976,2,1
Ergomed Clinical Research Limited,blk_02977,2,1
Ernesto Prez Persona,blk_02978,2,1
Eupraxia Pharmaceuticals Inc.,blk_02979,2,1
Eurobloodnet Association,blk_02980,2,1
European Uro- Oncology Group EUOG,blk_02981,2,1
Euroscreen S.A,blk_02982,2,1
Eva Pharma For Pharmaceuticals And Medical Appliances SAE,blk_02983,2,1
Eyebiotech Limited,blk_02984,2,1
FAZ - Floridsdorf Allergy Center,blk_02985,2,1
FERROKIN BIOSCIENCES INC.,blk_02986,2,1
FFIS,blk_02987,2,1
FONDAZIONE CHARTA,blk_02988,2,1
FONDAZIONE NADIR ONLUS,blk_02989,2,1
Fachingen Heil- und Mineralbrunnen GmbH,blk_02990,2,1
Finnish Defence Forces,blk_02991,2,1
"Five Prime Therapeutics, Inc.",blk_02992,2,1
Follicum AB,blk_02993,2,1
Fondazione Italiana Sclerosi Multipla Ente Del Terzo Settore/et S,blk_02994,2,1
"Foresee Pharmaceuticals Co., Ltd.",blk_02995,2,1
Formycon AG,blk_02996,2,1
Foundation For The Study Of Nanoneuroscience And Neuroregeneration,blk_02997,2,1
Freya Biosciences ApS,blk_02998,2,1
Fundacin Hospital Nacional de Parapljicos,blk_02999,2,1
Fundacin Oftalmolgica del Mediterrneo,blk_03000,2,1
"GB001, Inc.",blk_03001,2,1
GEMCAD,blk_03002,2,1
GIMURELL,blk_03003,2,1
GUIDOTTI,blk_03004,2,1
Gemeinnutzige Salzburger Landes kliniken Betriebsgesellschaft mbH,blk_03005,2,1
Genaera Corporation,blk_03006,2,1
Generon Shanghai Corporation Ltd.,blk_03007,2,1
Genta Incorporated,blk_03008,2,1
Gerolsteiner Brunnen GmbH  Co. KG,blk_03009,2,1
Gesynta Pharma AB,blk_03010,2,1
GlaxoSmithKiline Research and Development,blk_03011,2,1
GlaxoSmithKline Centre of Excellence,blk_03012,2,1
"GlobeImmune, Inc.",blk_03013,2,1
"GlycoMimetics, Inc.",blk_03014,2,1
Golden Jubilee National Hospital,blk_03015,2,1
Granite Bio AG,blk_03016,2,1
Grey Wolf Therapeutics Limited,blk_03017,2,1
Grin Therapeutics Inc.,blk_03018,2,1
Groupe Belge D'Oncologie Digestive,blk_03019,2,1
HOSPITAL CLINIC,blk_03020,2,1
HUS - Naistentautien ja synnytysten tulosyksikk,blk_03021,2,1
"Halozyme, Inc.",blk_03022,2,1
Harry Scheinin,blk_03023,2,1
Helena Elding Larsson,blk_03024,2,1
Helsingin Diakonissalaitos,blk_03025,2,1
Henrik Kehlet,blk_03026,2,1
Hevert-Arzneimittel GmbH  Co. KG,blk_03027,2,1
Hookipa Biotech GmbH,blk_03028,2,1
Hyloris Developments,blk_03029,2,1
IATEC B.V.,blk_03030,2,1
IKEM,blk_03031,2,1
INNOVIVE Pharmaceuticals,blk_03032,2,1
INSIGHTEC,blk_03033,2,1
Idp Discovery Pharma S.L.,blk_03034,2,1
Imcheck Therapeutics,blk_03035,2,1
Immungenetics AG,blk_03036,2,1
Immunome Inc.,blk_03037,2,1
"ImunomedicA, a.s.",blk_03038,2,1
"InCarda Therapeutics, Inc.",blk_03039,2,1
Industrial Farmaceutica Cantabria S.A.,blk_03040,2,1
InfaCare Pharmaceutical Corporation,blk_03041,2,1
Inmagene LLC,blk_03042,2,1
Inn-Salzach-Klinikum gGmbH,blk_03043,2,1
Institut de Cancrologie de la Loire,blk_03044,2,1
Institute for Biomedical Aging Research,blk_03045,2,1
Institute of Psychophysiology and Rehabilitation IRP of the Kaunas University of Medicine,blk_03046,2,1
Instituto Cientifico y Tecnologico de Navarra,blk_03047,2,1
Instytut Hematologii I Transfuzjologii,blk_03048,2,1
Instytut Psychiatrii I Neurologii,blk_03049,2,1
"Istituto Fisiologia Clinica, CNR",blk_03050,2,1
Iterum Therapeutics International Limited,blk_03051,2,1
Jan Engvall,blk_03052,2,1
Janne Rsnen,blk_03053,2,1
Janssen Alzheimer Immunotherapy,blk_03054,2,1
"Jennerex, Inc",blk_03055,2,1
Johan Styrke,blk_03056,2,1
Juha Hartikainen,blk_03057,2,1
"KaloBios Pharmaceuticals, Inc.",blk_03058,2,1
Katholisches Klinikum Bochum gGmbH,blk_03059,2,1
Kern Pharma S.L.,blk_03060,2,1
"Keryx Biopharmaceuticals, Inc.",blk_03061,2,1
Ketabon GmbH,blk_03062,2,1
"Kissei Pharmaceutical Co., Ltd.",blk_03063,2,1
Kitov Pharmaceuticals Ltd,blk_03064,2,1
Klinik Lwenstein gGmbH,blk_03065,2,1
"Kliniken der Stadt Koeln gGmbH, Klinikum Merheim",blk_03066,2,1
Klinikum Der Universitat Munchen AöR,blk_03067,2,1
Kon ordinace,blk_03068,2,1
Kumquat Biosciences Inc.,blk_03069,2,1
Kvinnokliniken,blk_03070,2,1
Kymera Therapeutics Inc.,blk_03071,2,1
Kyowa Hakko U.K. Limited,blk_03072,2,1
Laboratoires NEGMA,blk_03073,2,1
"Lantheus Medical Imaging, Inc.",blk_03074,2,1
Leap Therapeutics Inc.,blk_03075,2,1
Les Laboratoires CTRS,blk_03076,2,1
"Lilly Deutschland GmbH, Teichweg 3, 35396 Gieen",blk_03077,2,1
Lokon Pharma AB,blk_03078,2,1
Lukcs s Trsa Gygyszerkereskedelmi Betti Trsasg,blk_03079,2,1
Lument AB,blk_03080,2,1
Lycera Corp.,blk_03081,2,1
MAPS Europe B.V.,blk_03082,2,1
MASTELLI SRL,blk_03083,2,1
"MEI Pharma, Inc.",blk_03084,2,1
MIGUEL CASARES FERNNDEZ-ALVS,blk_03085,2,1
MRM Health NV,blk_03086,2,1
"MUST Coordinating Centre, John Hopkins Bloomberg School of Public Health",blk_03087,2,1
Magle AB,blk_03088,2,1
Marc Van de Velde,blk_03089,2,1
Mari Grnroos,blk_03090,2,1
Martina Bachmann,blk_03091,2,1
"Mast Therapeutics, Inc.",blk_03092,2,1
Max Zeller Shne AG,blk_03093,2,1
Mayne Pharma LLC,blk_03094,2,1
Medicenna Therapeutics Inc.,blk_03095,2,1
Medicure International Inc.,blk_03096,2,1
Medilink Therapeutics (Suzhou) Co. Ltd.,blk_03097,2,1
Medizinische Universittsklinik,blk_03098,2,1
"Mersana Therapeutics, Inc.",blk_03099,2,1
Mestex,blk_03100,2,1
Metsera Inc.,blk_03101,2,1
Microbiotica Limited,blk_03102,2,1
Middelfart Rygsektor,blk_03103,2,1
Miguel Giovanni Uriol Rivera,blk_03104,2,1
Mimetech S.r.l.,blk_03105,2,1
Mineralys Therapeutics Inc.,blk_03106,2,1
Modus Therapeutics AB,blk_03107,2,1
"Molecular Insight Pharmaceuticals, Inc",blk_03108,2,1
Montavit Ges.m.b.H.,blk_03109,2,1
"Mpex Pharmaceuticals, Inc.",blk_03110,2,1
Mural Oncology Inc.,blk_03111,2,1
"Mycovia Pharmaceuticals, Inc",blk_03112,2,1
"Myriad Pharmaceuticals, Inc",blk_03113,2,1
NAMED SRL,blk_03114,2,1
Nabriva Therapeutics AG,blk_03115,2,1
Narodni Ustav Dusevniho Zdravi,blk_03116,2,1
Narodowe Centrum Badan Jadrowych,blk_03117,2,1
Netherlands Asthma Foundation NAF / Stichting astma bestrijding,blk_03118,2,1
Neumora Therapeutics Inc.,blk_03119,2,1
Neuro-Consil GmbH,blk_03120,2,1
Neuro3d,blk_03121,2,1
NeuroBiotec GmbH,blk_03122,2,1
Neurotherapia Inc.,blk_03123,2,1
NewLink Genetics Corporation,blk_03124,2,1
Newleos Therapeutics Inc.,blk_03125,2,1
Nicolaus Copernicus University,blk_03126,2,1
Niconovum AB,blk_03127,2,1
Nitec Pharma AG,blk_03128,2,1
Nitto Denko Corporation,blk_03129,2,1
NoNO Inc.,blk_03130,2,1
Nodthera Limited,blk_03131,2,1
None,blk_03132,2,1
Nordic Nanovector ASA,blk_03133,2,1
"Novavax, Inc.",blk_03134,2,1
Novocure GmbH,blk_03135,2,1
Nurix Therapeutics Inc.,blk_03136,2,1
Nutrinia Ltd.,blk_03137,2,1
Nuvig Therapeutics Inc.,blk_03138,2,1
OLVG,blk_03139,2,1
OMEICOS Therapeutics GmbH,blk_03140,2,1
ORIC Pharmaceuticals Inc.,blk_03141,2,1
Olainfarm AS,blk_03142,2,1
Olympus Biotech Europe SAS,blk_03143,2,1
"OncXerna Therapeutics, Inc.",blk_03144,2,1
"OncoMed Pharmaceuticals, Inc.",blk_03145,2,1
Onechain Immunotherapeutics S.L.,blk_03146,2,1
Onxeo,blk_03147,2,1
Opiant Pharmaceuticals Inc,blk_03148,2,1
Oramed Ltd.,blk_03149,2,1
Ordination Dr. Hommer,blk_03150,2,1
Oriel Therapeutics Inc,blk_03151,2,1
"Origin Biosciences, Inc.",blk_03152,2,1
Orszagos Onkologiai Intezet,blk_03153,2,1
Oscotec Inc.,blk_03154,2,1
Ospedale Galeazzi S.p.A.,blk_03155,2,1
Ovid Therapeutics Inc.,blk_03156,2,1
Oxurion NV,blk_03157,2,1
Oxygen Biotech s.r.o.,blk_03158,2,1
Pathalys Pharma Inc.,blk_03159,2,1
Paula Diguez Garca,blk_03160,2,1
Peptomyc S.L.,blk_03161,2,1
Pergamum AB,blk_03162,2,1
Pharma Holdings AS,blk_03163,2,1
"Pharmasset, Inc.",blk_03164,2,1
Pharmatrophix Inc,blk_03165,2,1
"Phathom Pharmaceuticals, Inc.",blk_03166,2,1
Pia Jger,blk_03167,2,1
Plexxikon Inc.,blk_03168,2,1
Priovant Therapeutics Inc.,blk_03169,2,1
ProFibrix BV,blk_03170,2,1
Probiodrug AG,blk_03171,2,1
Prof. Dr. med. Margitta Worm,blk_03172,2,1
Profem GmbH,blk_03173,2,1
"Prolong Pharmaceuticals, LLC",blk_03174,2,1
Protara Therapeutics Inc.,blk_03175,2,1
Proximagen Limited,blk_03176,2,1
Psykiatrien i Region Syddanmark,blk_03177,2,1
Pulmagen Therapeutics LLP,blk_03178,2,1
"Pulmatrix, Inc.",blk_03179,2,1
QLT Inc.,blk_03180,2,1
Quell Therapeutics Limited,blk_03181,2,1
Quince Therapeutics S.p.A.,blk_03182,2,1
RECOVAC consortium,blk_03183,2,1
"RED VFB, s.r.o.",blk_03184,2,1
REGENXBIO Inc.,blk_03185,2,1
RSPR Pharma AB,blk_03186,2,1
Rare Thyroid Therapeutics International AB,blk_03187,2,1
ReNeuron Ltd,blk_03188,2,1
Recode Therapeutics Inc.,blk_03189,2,1
Regentree LLC,blk_03190,2,1
Regents of the University of Minesota,blk_03191,2,1
Region Vaestmanland,blk_03192,2,1
Remix Therapeutics Inc.,blk_03193,2,1
Renapharma AB,blk_03194,2,1
"Replidyne, Inc.",blk_03195,2,1
RespiVert Ltd,blk_03196,2,1
Resverlogix Corp.,blk_03197,2,1
Revance Therapeutics Inc,blk_03198,2,1
Rexgenero Limited,blk_03199,2,1
Rhizen Pharmaceuticals SA,blk_03200,2,1
RhoVac ApS,blk_03201,2,1
Riika Merivirta,blk_03202,2,1
Rode Kruis Ziekenhuis,blk_03203,2,1
SIAK,blk_03204,2,1
SOCIET CAMPANA DI IMMUNOTERAPIA ONCOLOGICA,blk_03205,2,1
SRH Wald-Klinikum Gera GmbH,blk_03206,2,1
SSL International plc,blk_03207,2,1
STADA RD GmbH,blk_03208,2,1
Sairopa B.V.,blk_03209,2,1
Salsarulo Pharma,blk_03210,2,1
Salubris Biotherapeutics Inc.,blk_03211,2,1
Sanna Vilo,blk_03212,2,1
Sanofi AATD Inc.,blk_03213,2,1
Schrodinger Inc.,blk_03214,2,1
Schur Pharmazeutika GmbH  Co. KG,blk_03215,2,1
SciRhom GmbH,blk_03216,2,1
Scil Technology GmbH,blk_03217,2,1
Seahorse Scientific Services Ltd.,blk_03218,2,1
Seaport Therapeutics Inc.,blk_03219,2,1
Sedana Medical AB,blk_03220,2,1
Serodus ASA,blk_03221,2,1
Servicio de Ciruga General y Digestiva Hospital Universitario de Bellvitge,blk_03222,2,1
Servier Affaires Medicales,blk_03223,2,1
Shanghai Junshi Biosciences Co. Ltd.,blk_03224,2,1
Sinikka Oksa,blk_03225,2,1
Sitryx Therapeutics Limited,blk_03226,2,1
Sling Therapeutics Inc.,blk_03227,2,1
Smith  Nephew Inc.,blk_03228,2,1
SocraTec R&D Concepts in Drug Research and Development GmbH,blk_03229,2,1
Soleno Therapeutics UK Ltd.,blk_03230,2,1
Solid Biosciences Inc.,blk_03231,2,1
Spanish Cooperative Group for Gastrointestinal Tomour therapy,blk_03232,2,1
Sparingvision,blk_03233,2,1
SpectraCure AB (publ),blk_03234,2,1
Spinifex Pharmaceuticals Pty Ltd,blk_03235,2,1
Spruce Biosciences Inc.,blk_03236,2,1
Spyre Therapeutics Inc.,blk_03237,2,1
Sren Rittig,blk_03238,2,1
Stefan Lundeberg,blk_03239,2,1
Stichting Pediatrisch Onderzoek Enschede,blk_03240,2,1
Stichting TRICALS Foundation,blk_03241,2,1
Stiftung Institut fr Herzinfarktforschung,blk_03242,2,1
Stoke Therapeutics Inc.,blk_03243,2,1
Sttn zdravotn stav,blk_03244,2,1
"Sunesis Pharmaceuticals, Inc.",blk_03245,2,1
SuppreMol GmbH,blk_03246,2,1
Suzhou Connect Biopharmaceuticals Ltd.,blk_03247,2,1
Swedish CLL-group,blk_03248,2,1
Swedish Herbal Institute,blk_03249,2,1
SymbioPharm GmbH,blk_03250,2,1
SynAgile Corporation,blk_03251,2,1
Synphora AB,blk_03252,2,1
TAYS Sydnsairaala,blk_03253,2,1
TELIX International Pty Ltd,blk_03254,2,1
"TRACON Pharmaceuticals, Inc.",blk_03255,2,1
TYKS,blk_03256,2,1
Tectonic Therapeutic Inc.,blk_03257,2,1
"Telik, Inc.",blk_03258,2,1
Tetherex Pharmaceuticals Corporation,blk_03259,2,1
The Stanley Medical Research Institute,blk_03260,2,1
TheraOp gGmbH,blk_03261,2,1
Theras Inc.,blk_03262,2,1
Theratechnologies Inc.,blk_03263,2,1
Therini Bio Inc.,blk_03264,2,1
Thomayerova nemocnice,blk_03265,2,1
Thrombotargets Europe,blk_03266,2,1
Tiohundra AB,blk_03267,2,1
Tisento Therapeutics Inc.,blk_03268,2,1
Topas Therapeutics GmbH,blk_03269,2,1
Transcend Therapeutics Inc.,blk_03270,2,1
Treeway TW001AD B.V.,blk_03271,2,1
"Trius Therapeutics, Inc.",blk_03272,2,1
Triveni Bio Inc.,blk_03273,2,1
Tyra Biosciences Inc.,blk_03274,2,1
UCD,blk_03275,2,1
UHB NHS Foundation Trust,blk_03276,2,1
Unicyte AG,blk_03277,2,1
University Hospital Of Canary Islands,blk_03278,2,1
University Hospitals Bristol and Weston NHS Foundation Trust,blk_03279,2,1
University Of Pecs,blk_03280,2,1
University of Rochester,blk_03281,2,1
University of Utah,blk_03282,2,1
University of Zagreb School of Medicine,blk_03283,2,1
"VIROSTATICS, SRL",blk_03284,2,1
VUAB Pharma a.s.,blk_03285,2,1
Vantia Ltd,blk_03286,2,1
VarmX B.V.,blk_03287,2,1
Vaxon Biotech,blk_03288,2,1
Vedanta Biosciences Inc.,blk_03289,2,1
VeriGraft AB,blk_03290,2,1
Versantis AG,blk_03291,2,1
Veru Inc.,blk_03292,2,1
Vesa Kontinen,blk_03293,2,1
Vestre Viken Trust,blk_03294,2,1
Vical Incorporated,blk_03295,2,1
Viracta Therapeutics Inc. / Viracta Therapeutics Inc.,blk_03296,2,1
Vita Green Europa S.A.,blk_03297,2,1
Vivet Therapeutics,blk_03298,2,1
WPD Pharmaceuticals Sp. z o.o.,blk_03299,2,1
"Wrightington, Wigan and Leigh NHS Trust",blk_03300,2,1
X4 Pharmaceuticals Inc.,blk_03301,2,1
Xinnate AB,blk_03302,2,1
"Xynomic Pharmaceuticals, Inc.",blk_03303,2,1
"Zalicus, Inc.",blk_03304,2,1
Ziekenhuis Aan De Stroom,blk_03305,2,1
Zura Bio Inc.,blk_03306,2,1
Zydus Therapeutics Inc.,blk_03307,2,1
actrevo GmbH,blk_03308,2,1
bioCSL Pty Ltd,blk_03309,2,1
elbion AG,blk_03310,2,1
gepepharm GmbH,blk_03311,2,1
iOmx Therapeutics AG,blk_03312,2,1
"miRagen Therapeutics, Inc.",blk_03313,2,1
mibe GmbH Arzneimittel,blk_03314,2,1
"neopharma Japan Co., Ltd",blk_03315,2,1
pharmaand GmbH,blk_03316,2,1
stav hematologie a krevn transfuze,blk_03317,2,1
vTv THERAPEUTICS LLC,blk_03318,2,1
vasopharm GmbH,blk_03319,2,1
"3.Med. Department, Academic Hospital Bogenhausen",blk_03320,1,1
"480 Biomedical, Inc.",blk_03321,1,1
4Living Biotech SAS,blk_03322,1,1
7TM Pharma A/S,blk_03323,1,1
858 Therapeutics Inc.,blk_03324,1,1
A. Menarini Farmaceutica Internazionale s.r.l.,blk_03325,1,1
A.I.E.O.P.,blk_03326,1,1
"A.P. Pharma, Inc.",blk_03327,1,1
A.S.L. 2 SAVONA,blk_03328,1,1
A.Vogel AG,blk_03329,1,1
AB ANALITICA SRL,blk_03330,1,1
AB science,blk_03331,1,1
ACADEMIC MEDICAL CENTER,blk_03332,1,1
"ACCESS Pharmaceuticals, Inc",blk_03333,1,1
ACCURE TX FRANCE SASU,blk_03334,1,1
ACHG-K.U.Leuven,blk_03335,1,1
"ACORN Research, LLC",blk_03336,1,1
ACOSOG,blk_03337,1,1
ACS Biomarker,blk_03338,1,1
"ACT BIOTECH, Inc",blk_03339,1,1
ACTA,blk_03340,1,1
ADCendo ApS,blk_03341,1,1
ADELAIDA LAMAS FERREIRO,blk_03342,1,1
ADENOBIO N.V.,blk_03343,1,1
ADRFARCP,blk_03344,1,1
ADVENTRX Pharmaceuticals Inc,blk_03345,1,1
AELIX Therapeutics,blk_03346,1,1
AESCULAPIUS FARMACEUTICI S.R.L.,blk_03347,1,1
AFAR,blk_03348,1,1
AIBILI EVICR.net,blk_03349,1,1
AININCAR,blk_03350,1,1
AL-S Pharma AG,blk_03351,1,1
ALBIMMUNE S.L.,blk_03352,1,1
ALEJANDRA GARCIA BOTELLA,blk_03353,1,1
ALFREDO TAGARRO GARCIA,blk_03354,1,1
ALIANZA ESPAOLA DE FAMILIAS DE VON HIPPEL-LINDAU,blk_03355,1,1
ALIO MEDICA Sp. z o.o.,blk_03356,1,1
ALLEGRIA onlus,blk_03357,1,1
ANGELA PUENTE,blk_03358,1,1
ANTONIO JEREZ CALERO,blk_03359,1,1
ANTONIO PEREZ MARTINEZ,blk_03360,1,1
ANZIC RESEARCH CENTRE,blk_03361,1,1
AOU MATERDOMINI,blk_03362,1,1
APREC,blk_03363,1,1
"ARCA biopharma, Inc.",blk_03364,1,1
ARMR Sciences Inc.,blk_03365,1,1
ARTBC,blk_03366,1,1
AS Kevelt,blk_03367,1,1
AS.T.R.O.,blk_03368,1,1
ASATE,blk_03369,1,1
"ASKA Pharmaceutical.Co., Ltd",blk_03370,1,1
ASL 2 SAVONESE,blk_03371,1,1
ASL 5 SPEZZINO,blk_03372,1,1
ASL 5 di PISA-ZONA VALDERA,blk_03373,1,1
ASL SALERNO 1,blk_03374,1,1
ASLTO2-Maria Vittoria Hospital Cardiology,blk_03375,1,1
ASOCIACIN GALLEGA DE ENFERMEDAD  INFLAMATORIA INTESTITAL E.I.G.A.,blk_03376,1,1
ASOCIACION ANDALUZA DE HEMATOLOGIA Y HEMOTERAPIA,blk_03377,1,1
ASOCIACION GITuD,blk_03378,1,1
ASSOCIAZIONE PIEMONTESE DI ONCOLOGIA TORACICA APOT,blk_03379,1,1
ASSOCIAZIONE S.N.O.- SCIENZE NEUROLOGICHE OSPEDALIERE,blk_03380,1,1
ASST SANTI PAOLO E CARLO,blk_03381,1,1
ASUR Azienda Sanitaria Unica Regionale Marche,blk_03382,1,1
AVAPO RICERCHE - VENEZIA,blk_03383,1,1
AVAX Technologies Inc.,blk_03384,1,1
"AVIZOREX PHARMA, S.L.",blk_03385,1,1
AXON NEUROSCIENCE SE,blk_03386,1,1
AZ Delta vzw,blk_03387,1,1
AZ Maria Middelares,blk_03388,1,1
"AZ. DI RILIEVO NAZ. E DI ALTA SPECIALIZZAZIONE OSP. CIVICO E BENFRATELLI, G.DI CRISTINA E M.ASCOLI",blk_03389,1,1
AZ. USL DI CESENA,blk_03390,1,1
AZIENDA OSPEDALIERA DI CASERTA,blk_03391,1,1
AZIENDA OSPEDALIERA PER LEMERGENZA CANNIZZARO,blk_03392,1,1
AZIENDA OSPEDALIERA S. FILIPPO NERI,blk_03393,1,1
AZIENDA SANITARIA  N. 3 GENOVESE,blk_03394,1,1
AZIENDA SANITARIA DELLALTO ADIGE - COMPRENSORIO SANITARIO DI BOLZANO,blk_03395,1,1
AZIENDA SANITARIA LOCALE 9 DI GROSSETO,blk_03396,1,1
AZIENDA SANITARIA LOCALE BI DI BIELLA,blk_03397,1,1
AZIENDA SANITARIA LOCALE N 15 DI CUNEO,blk_03398,1,1
AZIENDA U.L.S.S. N.8 DI ASOLO,blk_03399,1,1
AZIENDA USL 2 DI LUCCA,blk_03400,1,1
"AZTherapies, Inc.",blk_03401,1,1
Aalto-yliopiston Kylmlaboratorion Aivotutkimusyksikk,blk_03402,1,1
Aarhus Unversity Hospital,blk_03403,1,1
"Aastrom Biosciences, Inc",blk_03404,1,1
Abalos Therapeutics GmbH,blk_03405,1,1
Abbisko Therapeutics Co. Ltd.,blk_03406,1,1
Abcentra LLC,blk_03407,1,1
Abel Garca Garca,blk_03408,1,1
Abelardo Garcia De Lorenzo / Teresa Nuez-Villaveiran,blk_03409,1,1
"Abide Therapeutics, Inc.",blk_03410,1,1
Abliva AB,blk_03411,1,1
Abnoba GmbH / Abnoba GmbH,blk_03412,1,1
Aboleris Holdco,blk_03413,1,1
Abscint,blk_03414,1,1
Abteilung fr Anaesthesiologie und Intensivmedizin,blk_03415,1,1
"Abteilung fr Pulmologie, Landesklinikum Thermenregion Hochegg",blk_03416,1,1
Academic Medical center,blk_03417,1,1
Academic medical center,blk_03418,1,1
Accenture,blk_03419,1,1
Accession Therapeutics Limited,blk_03420,1,1
Acerus Biopharma Inc.,blk_03421,1,1
"Acetylon Pharmaceuticals, Inc.",blk_03422,1,1
Acousia Therapeutics GmbH,blk_03423,1,1
Acrivon Therapeutics Inc.,blk_03424,1,1
Acrotech Biopharma Inc.,blk_03425,1,1
Acrux Pharma Pty Ltd,blk_03426,1,1
ActiTrexx GmbH,blk_03427,1,1
Actinogen Medical,blk_03428,1,1
"ActivX Biosciences, Inc.",blk_03429,1,1
Activartis Biotech GmbH,blk_03430,1,1
"Activus Pharma Co., Ltd",blk_03431,1,1
ActoGeniX N.V,blk_03432,1,1
Actuate Therapeutics Limited,blk_03433,1,1
AcuCort AB,blk_03434,1,1
"Acuity Pharmaceuticals, LLC",blk_03435,1,1
Acumen Pharmaceuticals Inc.,blk_03436,1,1
"Acusphere, Inc.",blk_03437,1,1
Adagio Therapeutics Inc,blk_03438,1,1
Adcytherix,blk_03439,1,1
Addiction Center Stockholm,blk_03440,1,1
Adenovir Pharma AB,blk_03441,1,1
Adial Pharmaceuticals Inc.,blk_03442,1,1
Adimmune Corporation,blk_03443,1,1
Adiposs S.A.,blk_03444,1,1
"Adj,Professor, Torsten Gordh",blk_03445,1,1
Adjutec Pharma AS,blk_03446,1,1
Adrenomed AG,blk_03447,1,1
Advanced Biodesign,blk_03448,1,1
Advantage Therapeutics GmbH,blk_03449,1,1
"Advaxis, Inc",blk_03450,1,1
"Adverum Biotechnologies, Inc.",blk_03451,1,1
"Adyton, s.r.o.",blk_03452,1,1
Aer Therapeutics Inc.,blk_03453,1,1
Aerie Pharmaceuticals Ireland Ltd.,blk_03454,1,1
"Aerogen, Inc.",blk_03455,1,1
AesRx,blk_03456,1,1
Aesculap AG,blk_03457,1,1
Afdeling for Traumatisk Hjerneskade,blk_03458,1,1
Affectis Pharmaceuticals AG,blk_03459,1,1
"Afsnit 360, Gastroenheden",blk_03460,1,1
Afyx Therapeutics A/S,blk_03461,1,1
Agalimmune Ltd.,blk_03462,1,1
Agence nationale de recherches sur le sida et les hpatites virales,blk_03463,1,1
Agensys Inc,blk_03464,1,1
Ageo,blk_03465,1,1
Agiana Pharmaceuticals AS,blk_03466,1,1
"Agile Therapeutics, Inc",blk_03467,1,1
Agis Industries 1983 ltd.,blk_03468,1,1
Agneta Blanck Olerup,blk_03469,1,1
Agustn Albillos Martinez,blk_03470,1,1
"Aileron Therapeutics, Inc.",blk_03471,1,1
Aim Immunotech Inc.,blk_03472,1,1
Ainara Aguirre Caballero,blk_03473,1,1
Aino Ruohola,blk_03474,1,1
Airna Corp.,blk_03475,1,1
Ajax Therapeutics Inc.,blk_03476,1,1
Akaza Bioscience Limited,blk_03477,1,1
Akinion Pharmaceuticals AB,blk_03478,1,1
Akston Biosciences Corporation,blk_03479,1,1
Alba Therapeutics,blk_03480,1,1
Alberto Capelastegui Sainz,blk_03481,1,1
Alchemia Oncology Pty Ltd,blk_03482,1,1
Aleksander Krag,blk_03483,1,1
Alesta Therapeutics B.V.,blk_03484,1,1
Alexander Egeberg,blk_03485,1,1
Alexander IV sp. Partnership Ortopedika Surgery Specialistic Center,blk_03486,1,1
Alfacell Corporation,blk_03487,1,1
Alfact Innovation,blk_03488,1,1
Algernon Pharmaceuticals Inc.,blk_03489,1,1
Algiax Pharmaceuticals GmbH,blk_03490,1,1
AlgoTherapeutix,blk_03491,1,1
Alicia Pareja Ros,blk_03492,1,1
Aligos Therapeutics Inc.,blk_03493,1,1
"Alita Pharmaceuticals, Inc.",blk_03494,1,1
Alize Pharma,blk_03495,1,1
Alkem Laboratories Limited,blk_03496,1,1
All Ireland co-operative Oncology Research Group,blk_03497,1,1
Allan Flyvbjerg,blk_03498,1,1
Allarity Therapeutics Europe Aps,blk_03499,1,1
Allergiklinikken,blk_03500,1,1
Alligator Bioscience AB,blk_03501,1,1
Allon Therapeutics Inc,blk_03502,1,1
Allrock Bio Inc.,blk_03503,1,1
Allysta Pharmaceuticals Inc.,blk_03504,1,1
Almac Discovery,blk_03505,1,1
Altavant Sciences GmbH,blk_03506,1,1
"Alteon, Inc.",blk_03507,1,1
Alterity Therapeutics Limited,blk_03508,1,1
Alterome Therapeutics Inc.,blk_03509,1,1
Altheia Science S.r.l.,blk_03510,1,1
"Altimmune, Inc.",blk_03511,1,1
Alysis Zorggroep,blk_03512,1,1
Alzeca Biosciences Inc.,blk_03513,1,1
Amar Agha,blk_03514,1,1
"Amarantus BioScience Holdings, Inc.",blk_03515,1,1
Ambria Dermatology,blk_03516,1,1
Ammerland-Klinik Westerstede,blk_03517,1,1
Amolyt Pharma / Amolyt Pharma,blk_03518,1,1
Amphera B.V.,blk_03519,1,1
Amplio Pharma B.V.,blk_03520,1,1
"Amplyx Pharmaceuticals, Inc.",blk_03521,1,1
Amsterdam University Medical Center AUMC,blk_03522,1,1
Amsterdam University Medical Centers,blk_03523,1,1
Amvac Kft,blk_03524,1,1
"Amylin Pharmaceuticals, LLC",blk_03525,1,1
AnaMar AB,blk_03526,1,1
Anacardio AB,blk_03527,1,1
"Anadys Development, LTD",blk_03528,1,1
Analgesic Solutions,blk_03529,1,1
Ananda Pharma GmbH,blk_03530,1,1
Anders Troelsen,blk_03531,1,1
Andreas Kjaer,blk_03532,1,1
Andreas Kjr,blk_03533,1,1
Andrs Ignacio Bodegas Caas,blk_03534,1,1
Andrs iguez Romo,blk_03535,1,1
"Anebulo pharmaceuticals, Inc.",blk_03536,1,1
Anestesi och Operationskliniken,blk_03537,1,1
"Anestesicentrum, Sundsvalls Sjukhus, Landstinget Vsternorrland",blk_03538,1,1
Anestesikliniken,blk_03539,1,1
"Anesthesiological dep., Hospital of Frederikssund",blk_03540,1,1
Aneurin Bevan University Health Board,blk_03541,1,1
Angitia Inc. Ltd.,blk_03542,1,1
Anheart Therapeutics Inc. / Nuvation Bio Inc.,blk_03543,1,1
Anja Bisgaard Pinborg,blk_03544,1,1
Anji Pharma US LLC,blk_03545,1,1
Ankh Life Sciences Limited,blk_03546,1,1
Ann Hellstrm,blk_03547,1,1
Annadalstichting,blk_03548,1,1
Anne Vakkuri,blk_03549,1,1
Annexin Pharmaceuticals AB (publ),blk_03550,1,1
Anni Ravnbek Jensen,blk_03551,1,1
"Annovis Bio, Inc.",blk_03552,1,1
Anocca AB,blk_03553,1,1
AnorMED Corp.,blk_03554,1,1
"Anstesiologisk afdeling, Sjllands Universitetshospital, Roskilde",blk_03555,1,1
"Ansun Biopharma, Inc.",blk_03556,1,1
Antabio,blk_03557,1,1
Antares Pharma AG,blk_03558,1,1
Antev Limited / Antev Nordic AB,blk_03559,1,1
AntibioTx ApS,blk_03560,1,1
Anticancer Informing Me Gnosi Nika,blk_03561,1,1
Antipodean Pharmaceuticals,blk_03562,1,1
Antnio Robalo Nunes,blk_03563,1,1
Antonio Moreno Gald,blk_03564,1,1
Antonio Noda Cabrera,blk_03565,1,1
Antonis Valachis,blk_03566,1,1
Antti Aho,blk_03567,1,1
Antti Vnnen,blk_03568,1,1
Anxiofit Ltd.,blk_03569,1,1
ApaTech Limited,blk_03570,1,1
"Apex Bioscience, Inc.",blk_03571,1,1
Apmonia Therapeutics,blk_03572,1,1
Apocare Pharma GmbH,blk_03573,1,1
Apollomics Inc.,blk_03574,1,1
Aposcience AG,blk_03575,1,1
Apoxis SA,blk_03576,1,1
Applied Research Using Omic Sciences S.L.,blk_03577,1,1
Aprogen Inc.,blk_03578,1,1
"Aptabio Therapeutics, Inc",blk_03579,1,1
Aptarion Biotech AG,blk_03580,1,1
Aptevo Europe Limited,blk_03581,1,1
Aptose Biosciences Inc.,blk_03582,1,1
Aquitaine Sante,blk_03583,1,1
"Araclon Biotech, S.L.",blk_03584,1,1
Araim Pharmaceuticals,blk_03585,1,1
"Aravive, Inc.",blk_03586,1,1
"Ardelyx, Inc.",blk_03587,1,1
Aresus Pharma GmbH,blk_03588,1,1
Argenta Discovery Ltd.,blk_03589,1,1
"Arginox Pharmaceuticals, Inc.",blk_03590,1,1
"Argos Therapeutics, Inc.",blk_03591,1,1
Aribio Co. Ltd.,blk_03592,1,1
Ariceum Therapeutics GmbH,blk_03593,1,1
"Ariston Pharmaceuticals, Inc",blk_03594,1,1
Armgo Pharma Inc.,blk_03595,1,1
Arno Therapeutics Inc,blk_03596,1,1
Arnzazu Vzquez Doce,blk_03597,1,1
Arq National Psychotrauma Centre,blk_03598,1,1
Ars Pharmaceuticals IRL Limited,blk_03599,1,1
"Arsanis, Inc.",blk_03600,1,1
Artelo Biosciences Limited,blk_03601,1,1
Arthex Biotech S.L.,blk_03602,1,1
"Artisan Pharma, Inc.",blk_03603,1,1
Artiva Biotherapeutics Inc.,blk_03604,1,1
Arvi Yli-Hankala,blk_03605,1,1
Asceneuron S.A.,blk_03606,1,1
Asherman Therapy S.L.U.,blk_03607,1,1
"Asieris MediTech Co., Ltd.",blk_03608,1,1
"Asklepion Pharmaceuticals, LLC",blk_03609,1,1
Asociacin Cientfica para la investigacin Nefrolgica ACINEF,blk_03610,1,1
Asociacin Colaboracin Cochrane Iberoamericana,blk_03611,1,1
Asociacion Gallega De Anestesiologia Reanimacion Y Dolor,blk_03612,1,1
Aspiair GmbH,blk_03613,1,1
Aspire Pharma Limited,blk_03614,1,1
Ass.Prof. Petros Sfikakis,blk_03615,1,1
Associao para Desenvolvimento da Dermatologia do Hospital de Santa Maria,blk_03616,1,1
Association AERCOT,blk_03617,1,1
Association Bigorre Douleurs,blk_03618,1,1
"Astelleas Pharma US, Inc.",blk_03619,1,1
Astra ZenecaGmbH,blk_03620,1,1
Atavistik Bio Inc.,blk_03621,1,1
Athenstaedt GmbH & Co. KG,blk_03622,1,1
"AtheroGenics, Inc.",blk_03623,1,1
Atlantic Pharmaceuticals Limited,blk_03624,1,1
Atriva Therapeutics GmbH,blk_03625,1,1
Atrogi AB,blk_03626,1,1
AudioCure Pharma GmbH,blk_03627,1,1
Audion Therapeutics BV,blk_03628,1,1
Augenklinik Universitaetsallee,blk_03629,1,1
Aura Biosciences Inc.,blk_03630,1,1
Auricula Biosciences Inc.,blk_03631,1,1
Aurobac Therapeutics S.A.S.,blk_03632,1,1
Auron Therapeutics Inc.,blk_03633,1,1
Australian Sarcoma Group ASSG,blk_03634,1,1
Austrian Prostate Study Group AUPSG,blk_03635,1,1
"Autoimmune Technologies, LLC",blk_03636,1,1
Auxilius Pharma Sp. z o.o.,blk_03637,1,1
Av7 Limited,blk_03638,1,1
Avalo Therapeutics Inc.,blk_03639,1,1
"Avanir Pharmaceuticals, Inc.",blk_03640,1,1
"Avdeling for Anestesi, Intensiv og Operasjon Brum Sykehus",blk_03641,1,1
"Avemedica, s.r.o.",blk_03642,1,1
Avenzo Therapeutics Inc.,blk_03643,1,1
Averitas Pharma Inc.,blk_03644,1,1
Aviadobio Limited,blk_03645,1,1
Avigen Inc,blk_03646,1,1
Axalbion SA,blk_03647,1,1
Axcentua Pharmaceuticals AB,blk_03648,1,1
Axelar AB,blk_03649,1,1
Axoltis Pharma,blk_03650,1,1
"Axsome Therapeutics, Inc.",blk_03651,1,1
"Aytu BioPharma, Inc.",blk_03652,1,1
Azellon Ltd,blk_03653,1,1
Azienda Ospedaliera Universitaria Gaetano Martino Messina / Azienda Ospedaliera Universitaria Gaetano Martino Messina,blk_03654,1,1
Azienda Ospedaliero Universitaria Delle Marche,blk_03655,1,1
"Azur Pharma, Ltd.",blk_03656,1,1
AzurRx,blk_03657,1,1
BASICS Study Group,blk_03658,1,1
BAUSCHLOMB - IOM S.P.A.,blk_03659,1,1
BAZ Megyei s Egyetemi Oktat Krhz,blk_03660,1,1
BELUPO lijekovi i kozmetika d.d.,blk_03661,1,1
"BERG, LLC",blk_03662,1,1
BERTA CASTELLANO PAULIS,blk_03663,1,1
BGDO,blk_03664,1,1
BGP Products Operations GmbH,blk_03665,1,1
BIO-KER S.R.L,blk_03666,1,1
BIOIBERICA S.A.,blk_03667,1,1
BIOKOSMOS S.A.,blk_03668,1,1
"BIOMIN, a. s.",blk_03669,1,1
BIONCaRT GmbH,blk_03670,1,1
BIONOMICS LIMITED,blk_03671,1,1
BIOSE,blk_03672,1,1
BIOSENSORS EUROPE SA,blk_03673,1,1
BIOTRONIK France,blk_03674,1,1
"BIOrest, Ltd.",blk_03675,1,1
BIPROJET PHARMA,blk_03676,1,1
BIT Pharma GmbH,blk_03677,1,1
BKH Schwaz,blk_03678,1,1
BOC Ltd.,blk_03679,1,1
BOIRONSIH,blk_03680,1,1
BOWS Pharmaceuticals AG,blk_03681,1,1
BRAINSGATE LTD,blk_03682,1,1
BRUSCHETTINI SRL,blk_03683,1,1
BSMO,blk_03684,1,1
BUDAI HEPATOLGIAI CENTRUM,blk_03685,1,1
"BURL Concepts, Inc.",blk_03686,1,1
Bacoba AG,blk_03687,1,1
Bama-Geve S.L.,blk_03688,1,1
Bank of Cyprus Oncology Centre,blk_03689,1,1
"Barncancerforskningsenheten, Astrid Lindgrens Barnsjukhus",blk_03690,1,1
Bart Morlion,blk_03691,1,1
BauschLomb Dr Gerhard Mann chem.-Fabrik GmbH,blk_03692,1,1
Bay Pharma GmbH,blk_03693,1,1
Bayhill Therapeutics,blk_03694,1,1
Beam Therapeutics Inc.,blk_03695,1,1
Beckley Canopy Therapeutics Ltd.,blk_03696,1,1
Beckley Psytech Limited,blk_03697,1,1
Bedrocan International B.V.,blk_03698,1,1
Begoa Quintana,blk_03699,1,1
Belgian Group of Digestive Oncology,blk_03700,1,1
Belgian Gynaecological Oncolgy Group,blk_03701,1,1
Belgian Study Group for Pediatric Endocrinology,blk_03702,1,1
Belpharma SA/NV,blk_03703,1,1
Bent Gymoese Jrgensen,blk_03704,1,1
Bernhoven,blk_03705,1,1
Beroendcentrum Stockholm,blk_03706,1,1
Bertek Pharmaceuticals International Limited,blk_03707,1,1
Besins Healthcare Ireland Ltd.,blk_03708,1,1
Betsi Cadwaladr University Health Board,blk_03709,1,1
Bexel Pharmaceuticals Inc.,blk_03710,1,1
Bicara Therapeutics Inc.,blk_03711,1,1
Bill  Melinda Gates Medical Research Institute,blk_03712,1,1
Bio Minerals n.v.,blk_03713,1,1
Bio-Gels Pharmaceuticals,blk_03714,1,1
Bio-Medisinsk Innovasjon AS,blk_03715,1,1
"BioClin Therapeutics, Inc.",blk_03716,1,1
BioMimetic Therapeutic Inc,blk_03717,1,1
BioTissue Technologies GmbH,blk_03718,1,1
Biodexa Limited / Rapamycin Holdings Inc.,blk_03719,1,1
Biodol Therapeutics,blk_03720,1,1
Biofarm S.A.,blk_03721,1,1
Biogen MA,blk_03722,1,1
Biogen Portugal,blk_03723,1,1
Biogencell Ltd.,blk_03724,1,1
Bioheart,blk_03725,1,1
Biolipox AB,blk_03726,1,1
Biologiske Stasjon Drbak,blk_03727,1,1
Biomedizinische Forschung und Bio-Produkte AG,blk_03728,1,1
"Biosense Webster, Inc.",blk_03729,1,1
Biosynexus Incorporated,blk_03730,1,1
Biotherapy Services Ltd.,blk_03731,1,1
Biothervax SpA,blk_03732,1,1
Bioventus LLC,blk_03733,1,1
Bioxodes,blk_03734,1,1
Bipebjerg University Hospital,blk_03735,1,1
BirrBeheerBV,blk_03736,1,1
Birthe Pedersen,blk_03737,1,1
Bispeberg Hospital,blk_03738,1,1
Bjrn Holmberg,blk_03739,1,1
"Black Diamond Therapeutics, Inc.",blk_03740,1,1
Blackpool Fylde  Wyre Healthcare NHS Trust,blk_03741,1,1
"Blade Therapeutics, Inc.",blk_03742,1,1
Blockeel Christophe,blk_03743,1,1
"Blueclinical, Ltd.",blk_03744,1,1
Bo Lennerns,blk_03745,1,1
Bo Sderpalm,blk_03746,1,1
Boehringer-Inglheim RCV GmbH  Co KG,blk_03747,1,1
Bold Therapeutics Inc.,blk_03748,1,1
Bombastus-Werke AG,blk_03749,1,1
Boneca Corporation,blk_03750,1,1
Boris Modrau,blk_03751,1,1
Braeburn Pharmaceuticals,blk_03752,1,1
"Breastcentre, Capio St Gorans Hospital",blk_03753,1,1
Breno Moreno de Gusmao,blk_03754,1,1
Brenus Pharma,blk_03755,1,1
BrepCo Biopharma Limited,blk_03756,1,1
Brneafdelingen Kolding,blk_03757,1,1
BrneklinikkenRanders,blk_03758,1,1
Bruno Farmaceutici S.p.a.,blk_03759,1,1
Bundeswehr,blk_03760,1,1
C4 Therapeutics Inc.,blk_03761,1,1
CARLOS SANTOS VILLAR,blk_03762,1,1
CAROLINA IBAEZ LOPEZ,blk_03763,1,1
CASC8,blk_03764,1,1
"CBLAYAHUGET, S.L.",blk_03765,1,1
CBmed GmbH,blk_03766,1,1
CCH Pharmaceuticals,blk_03767,1,1
CDR-Life AG,blk_03768,1,1
CEA,blk_03769,1,1
CEL-SCI Corporation,blk_03770,1,1
CELLPROTHERA S.A.S,blk_03771,1,1
"CENTER LABORATORIES, INC",blk_03772,1,1
CENTRO GINECOLOGICO GINFER,blk_03773,1,1
CESAR AUGUSTO VALERO MARTINEZ,blk_03774,1,1
CESAR MARGARIT FERRI,blk_03775,1,1
CETPARP,blk_03776,1,1
CGBS GbR,blk_03777,1,1
CHC-Clinique Esprance,blk_03778,1,1
CHDI Foundation Inc.,blk_03779,1,1
CHDR,blk_03780,1,1
CHU Tivoli,blk_03781,1,1
CHU de Fort-de-France,blk_03782,1,1
CHU of Pointe-A-Pitre,blk_03783,1,1
CHX Technologies Inc.,blk_03784,1,1
CIMT group,blk_03785,1,1
"CIRO, center of expertise in chronic organ failure",blk_03786,1,1
"CLARUS THERAPEUTICS, INC.",blk_03787,1,1
CMIV,blk_03788,1,1
COALICIN IBEROAMERICANA DE INVESTIGACIN EN ONCOLOGA MAMARIA CIBOMA,blk_03789,1,1
COG,blk_03790,1,1
COMBAT MEDICAL LTD,blk_03791,1,1
CONCEPCION MORO SERRANO,blk_03792,1,1
"CONRAD, Eastern Virgina Medical School",blk_03793,1,1
CONSORZIO UNIVERSITARIO UNIFARM,blk_03794,1,1
CORAT Therapeutics GmbH,blk_03795,1,1
COSMETIC SURGERY BCN SLP,blk_03796,1,1
"CPDS BERMUDA, LTD.",blk_03797,1,1
CPS Research,blk_03798,1,1
CREPATS,blk_03799,1,1
CROLLL GmbH,blk_03800,1,1
"CTMM, the Center for Translational Molecular Medicine",blk_03801,1,1
CTRG,blk_03802,1,1
CUSL,blk_03803,1,1
CYRENAIC,blk_03804,1,1
CYTOCHEMIA AG,blk_03805,1,1
"Cadence Pharmaceuticals, Inc.",blk_03806,1,1
Calabar AB,blk_03807,1,1
Calcilytix Therapeutics Inc.,blk_03808,1,1
"Calibra Medical, Inc.",blk_03809,1,1
Calithera Biosciences Inc,blk_03810,1,1
Calixa Therapeutics Inc,blk_03811,1,1
Calluna Pharma AS,blk_03812,1,1
Calthorpe Clinic,blk_03813,1,1
Camden Provider Services,blk_03814,1,1
Camp4 Therapeutics Corp.,blk_03815,1,1
CanCell Therapeutics,blk_03816,1,1
Canariabio Inc.,blk_03817,1,1
Canbex Therapeutics Ltd,blk_03818,1,1
Candid Therapeutics Inc.,blk_03819,1,1
Cangene Europe Limited,blk_03820,1,1
Cannabibs Sp. z o.o.,blk_03821,1,1
Cantex Pharmaceuticals Inc.,blk_03822,1,1
"Canyon Pharmaceuticals, Inc.",blk_03823,1,1
Capio S:t Grans Sjukhus,blk_03824,1,1
"Capnia, Inc.",blk_03825,1,1
Caprion Pharmaceuticals Inc.,blk_03826,1,1
Captor Therapeutics S.A.,blk_03827,1,1
"Carbylan BioSurgery, Inc.",blk_03828,1,1
Cardeas Pharma,blk_03829,1,1
Cardiac Reserch Unit,blk_03830,1,1
Cardif and Vale University Local Health Board,blk_03831,1,1
Cardio3 BioSciences,blk_03832,1,1
Cardior Pharmaceuticals GmbH,blk_03833,1,1
"Cardioxyl Pharmaceuticals, Inc.",blk_03834,1,1
Carl Dahlf,blk_03835,1,1
Carl Von Ossietzky Universitaet Oldenburg,blk_03836,1,1
Carlos Fernandez Galvan,blk_03837,1,1
Carmen Olmos Blanco,blk_03838,1,1
Cartesian Therapeutics Inc.,blk_03839,1,1
Carthera / Carthera,blk_03840,1,1
"Catalan Society of Family Medicine, represented by Dr Mariano de la Figuera Von Wichman and Gabriel",blk_03841,1,1
Cavion Inc.,blk_03842,1,1
CeNeS Ltd,blk_03843,1,1
CeRePP,blk_03844,1,1
Cebix Incorporated,blk_03845,1,1
Cedars Sinai Medical Center,blk_03846,1,1
Cefak KG,blk_03847,1,1
"Celator Pharmaceuticals, Inc",blk_03848,1,1
Celcuity Inc.,blk_03849,1,1
Celerion,blk_03850,1,1
Cell Therapy Ltd trading as Celixir,blk_03851,1,1
Cell4Cure AB,blk_03852,1,1
CellAct Pharma GmbH,blk_03853,1,1
Celladon Corporation,blk_03854,1,1
Cellcolabs AB,blk_03855,1,1
Cellectar Biosciences Inc.,blk_03856,1,1
Celleron Therapeutics Ltd,blk_03857,1,1
Cellerys AG,blk_03858,1,1
Cellestia Biotech AG,blk_03859,1,1
Cellseed France S.A.R.L.,blk_03860,1,1
Celso Arango,blk_03861,1,1
Celtaxsys Inc.,blk_03862,1,1
Centauri Therapeutics Limited,blk_03863,1,1
Center For Outcomes Research And Clinical Epidemiology S.r.l.,blk_03864,1,1
Center for Biomedical Research of La Rioja CIBIR,blk_03865,1,1
"Center for Cancer ImmunTerapi CCIT, Hmatologisk Afd. 54P4",blk_03866,1,1
Center for Man in Aviation,blk_03867,1,1
Center for Translational  Clinical Research Aachen CTC-A,blk_03868,1,1
Center for neuropsykiatrisk Schrizofreniforskning,blk_03869,1,1
Center of Mech-Sense,blk_03870,1,1
Central Military Hospital,blk_03871,1,1
Centre Hospital Region Metz Thionville,blk_03872,1,1
Centre Hospitalier Bethune Beuvry,blk_03873,1,1
Centre Hospitalier Le Vinatier,blk_03874,1,1
Centre Hospitalier National D'Ophtalmologie Quinze-Vingts,blk_03875,1,1
Centre Hospitalier Sud Francilien,blk_03876,1,1
Centre Hospitalier Universitaire D Orleans,blk_03877,1,1
Centre Hospitalier Universitaire de la Runion,blk_03878,1,1
Centre Ren Huguenin,blk_03879,1,1
Centre chirurgical Marie Lannelongue,blk_03880,1,1
Centre de Recherche en Sant de la Femme,blk_03881,1,1
"Centre de Recherches et d’Etudes sur les Pathologies Infectieuses, Tropicales et le VIH/Sida",blk_03882,1,1
"Centro Hospitalar e Universitrio de Coimbra, E.P.E.",blk_03883,1,1
Centrum Neurologii Krzysztof Selmaj,blk_03884,1,1
Centus Biotherapeutics Limited,blk_03885,1,1
Cepha s.r.o. / Pozlab Sp. z o.o.,blk_03886,1,1
Ceregene Inc.,blk_03887,1,1
Ceres Brain Therapeutics,blk_03888,1,1
Cerevance Inc.,blk_03889,1,1
Certa Therapeutics Pty Ltd,blk_03890,1,1
Certmedica International GmbH,blk_03891,1,1
Ceska Myelomova Skupina z.s.,blk_03892,1,1
Cessation Therapeutics Inc.,blk_03893,1,1
Charalampos Vlachopoulos,blk_03894,1,1
Charite Universittsmedizin Berlin- Campus Virchow-Klinikum,blk_03895,1,1
"Charles University, 3rd Faculty of Medicine",blk_03896,1,1
Charlotte Uggerhj Andersen,blk_03897,1,1
Chesi Farmaceutici SpA,blk_03898,1,1
Childrens Hospital of Eastern Ontario,blk_03899,1,1
Childrenss Research Institute,blk_03900,1,1
"Chinook Therapeutics U.S., Inc.",blk_03901,1,1
Chirurgische Gemeinschaftspraxis Sdstadt,blk_03902,1,1
Christelijke Vereniging voor de Verpleging van Lijders aan Epilepsie,blk_03903,1,1
Christian Westergaard,blk_03904,1,1
Christine Bengtsson / Solveig Wllberg-Jonsson,blk_03905,1,1
Christine Fromer Stiftung,blk_03906,1,1
Christoffer Hedetoft,blk_03907,1,1
Christos N. Papandreou,blk_03908,1,1
ChronTech Pharma AB,blk_03909,1,1
CimCure B.V.,blk_03910,1,1
Cinto Segals,blk_03911,1,1
Civica Inc.,blk_03912,1,1
Clairvoyant  Therapeutics  Inc.,blk_03913,1,1
Claus Anders Bertelsen,blk_03914,1,1
Clexio Biosciences Ltd.,blk_03915,1,1
ClinTrio Ltd.,blk_03916,1,1
"Clinic for Medicine and rehabilitation, Nord-Trondelag Trust HNT",blk_03917,1,1
"Clinic for Thoracic and Cardiovascular Surgery, Heart Centre North Rhine-Westfalia",blk_03918,1,1
Clinica Dental AndreuDental,blk_03919,1,1
Clinica Rotger,blk_03920,1,1
Clinical Data Care Spain S.L.,blk_03921,1,1
Clinical Research Center for Hair and Skin Science,blk_03922,1,1
Clinical Research Facilities,blk_03923,1,1
Clinical Research International Ltd.,blk_03924,1,1
Clinique Juge,blk_03925,1,1
Clnica del Dr. Lobatn,blk_03926,1,1
Clover Biopharmaceuticals AUS Pty Ltd,blk_03927,1,1
Cndid Villanueva,blk_03928,1,1
Cns Pharmaceuticals Inc.,blk_03929,1,1
"CoMentis, Inc., USA",blk_03930,1,1
Codadose Inc.,blk_03931,1,1
Coegin Pharma AB,blk_03932,1,1
"Cogentus Pharmaceuticals, Inc.",blk_03933,1,1
Colonis Pharma Limited,blk_03934,1,1
Colotech A/S,blk_03935,1,1
Comenius University Bratislava,blk_03936,1,1
Comit Dpartemental dHygine Social,blk_03937,1,1
Companion Diagnostics BV,blk_03938,1,1
Complexa Inc.,blk_03939,1,1
Compugen Ltd. / Compugen Ltd.,blk_03940,1,1
Concept Foundation,blk_03941,1,1
"ConjuChem, Inc.",blk_03942,1,1
ContraFect Corporation,blk_03943,1,1
"Copenhagen Affective Disorder research Center CADIC,",blk_03944,1,1
Coral Snchez Prez,blk_03945,1,1
Coretherapix S.L.U.,blk_03946,1,1
Corflow Therapeutics AG,blk_03947,1,1
Corimmun GmbH,blk_03948,1,1
Corline Biomedical AB,blk_03949,1,1
Corporativo de Servicios Mdicos Especializados S.A de C.V  V Centro Mdico del Noroeste,blk_03950,1,1
"Cortexyme, Inc.",blk_03951,1,1
"Corthera, Inc.",blk_03952,1,1
"Corvus Pharmaceuticals, Inc.",blk_03953,1,1
Cranley Clinic,blk_03954,1,1
Criceto IKM B.V.,blk_03955,1,1
Cristal Therapeutics,blk_03956,1,1
Cristcot HCA LLC,blk_03957,1,1
Cristina Fernandez Prez,blk_03958,1,1
Cristina Gmez Oliva,blk_03959,1,1
Cristina Peris Martnez,blk_03960,1,1
"CrystalGenomics, Inc.",blk_03961,1,1
Crystalys Therapeutics Inc.,blk_03962,1,1
Cstone Pharmaceuticals (Suzhou) Co. Ltd.,blk_03963,1,1
Cumberland Pharmaceuticals Inc.,blk_03964,1,1
CuraCell Holding AB,blk_03965,1,1
CuraVac Europe SA,blk_03966,1,1
Curatis Pharma GmbH,blk_03967,1,1
CyTuVax BV,blk_03968,1,1
"Cyclerion Therapeutics, Inc.",blk_03969,1,1
"CytoDyn, Inc.",blk_03970,1,1
Cytoki Pharma ApS,blk_03971,1,1
D3 Bio (Wuxi) Co. Ltd.,blk_03972,1,1
DA PHARMA / DA PHARMA,blk_03973,1,1
DAMIAN Pharma AG,blk_03974,1,1
DARYD,blk_03975,1,1
"DEFIANTE FARMACEUTICA,LDA",blk_03976,1,1
DIMETHAID AG,blk_03977,1,1
DIPAK Consortium,blk_03978,1,1
"DOBECURE, S.L",blk_03979,1,1
DR DIMENSIONE RICERCA,blk_03980,1,1
DR. ALEJANDRO SOUSA ESCANDN,blk_03981,1,1
DR. ENRICO MONTANARI,blk_03982,1,1
DR. JAVIER ANIDO RUBIO,blk_03983,1,1
DRCI APHP,blk_03984,1,1
DRK-Blutspendedienst NSTOB,blk_03985,1,1
Daiichi SankyoGmbH,blk_03986,1,1
"DalCor Pharma UK Ltd,Stockport, Swiss Branch Zug",blk_03987,1,1
Dana Farber Cancer Institute,blk_03988,1,1
Dandrit Biotech A/S,blk_03989,1,1
Daniel Hgi-Pedersen,blk_03990,1,1
Danish University Antidepressant Group DUAG,blk_03991,1,1
Danmarks Farmaceutiske Universitet,blk_03992,1,1
Dansk Hovedpinecenter,blk_03993,1,1
Das Kinderwunsch Institut Schenk GmbH,blk_03994,1,1
Definium Therapeutics US Inc.,blk_03995,1,1
Delta Crystallon B.V.,blk_03996,1,1
Dendreon Corporation,blk_03997,1,1
Dendrogenix,blk_03998,1,1
Dentlabe s.r.o.,blk_03999,1,1
"Deoartment of Dermatology D92, Bispbjerg Hospital",blk_04000,1,1
"Dep. Anaesthesia and Intensive Care, Aarhus University Hospital",blk_04001,1,1
Department Of Biomedical Metabolic And Neural Sciences,blk_04002,1,1
Department of Anaesethesia,blk_04003,1,1
"Department of Biomedical Sciences, Faculty of Health Sciences, University of Copenhagen",blk_04004,1,1
"Department of Cardiology, UK Aachen",blk_04005,1,1
"Department of Clinical Biochemestry, Aarhus University Hospital",blk_04006,1,1
"Department of Infecitous Diseases, Aarhus University Hospital",blk_04007,1,1
"Department of Medicine, Haugesund Hospital",blk_04008,1,1
"Department of Neurology, Division of Clinical Neuroscience, Oslo University Hospital",blk_04009,1,1
Department of OncologyHerlev University Hospital,blk_04010,1,1
Department of Ophthalmology at St. Franziskus Hospital,blk_04011,1,1
Department of Pediatrics Holbaek Hospital,blk_04012,1,1
Department of Psychiatry Section of Sleep Research and Pharmacopsychiatry,blk_04013,1,1
"Department of Psychology, Stockholm University",blk_04014,1,1
"Department of research  development, TheLeeds teaching hospitals NHS trust",blk_04015,1,1
Departments of Medical Research and Medicine,blk_04016,1,1
"Dept. of Pediatrics, The Childrens Hospital, Denver",blk_04017,1,1
Dept. of Rhematology UMAS,blk_04018,1,1
Derbyshire NHS Trust,blk_04019,1,1
DermaGen AB,blk_04020,1,1
Dermaliq Therapeutics Inc.,blk_04021,1,1
Dermatology Specialities Limited Partnership DSLP,blk_04022,1,1
"Dermecular Therapeutics, Inc.",blk_04023,1,1
Deutsche Krebsgesellschaft Sponsor GmbH,blk_04024,1,1
Dexcel Pharma Technologies Ltd.,blk_04025,1,1
Dextra fertility clinic / Annika Tulenheimo-Silfvast,blk_04026,1,1
Di-AcetylM B.V.,blk_04027,1,1
Diabetes-Centre Quakenbrueck,blk_04028,1,1
Diakonessenhuis,blk_04029,1,1
Diana Molina Villaverde,blk_04030,1,1
Diasolve Ltd,blk_04031,1,1
Diego Caicedo Valds,blk_04032,1,1
Diffusion Pharmaceuticals Inc.,blk_04033,1,1
Digna Biotech S.L.,blk_04034,1,1
Dimerix Bioscience Pty Limited,blk_04035,1,1
"Dipartimento Integrato di Oncologia, Ematologia e Patologie dellApparato Respiratorio",blk_04036,1,1
Dipartimento di Neuroscienze Oftalmologia e Genetica  DINOG  - Universita  di Genova,blk_04037,1,1
Directorate of Defence Rehabilitation,blk_04038,1,1
"Discovery Laboratoryies, INC",blk_04039,1,1
Disruptive Pharma AB,blk_04040,1,1
Division K Krnsjukhuset,blk_04041,1,1
Dolorgiet GmbH  Co. KG,blk_04042,1,1
Donau-universitt Krems,blk_04043,1,1
Donesta Bioscience BV,blk_04044,1,1
Dong-A ST Co. Ltd.,blk_04045,1,1
Dorset County Hospital NHS foundation trust,blk_04046,1,1
Double Bond Pharmaceutical AB,blk_04047,1,1
Dova Pharmaceuticals,blk_04048,1,1
Dr,blk_04049,1,1
Dr Alberto Domnguez-Rodrguez,blk_04050,1,1
Dr Eloy Espin,blk_04051,1,1
Dr G I Hackett,blk_04052,1,1
Dr John Berth-Jones,blk_04053,1,1
Dr Ken OByrne,blk_04054,1,1
Dr Manuel Prez Maraver.Servicio de Endocrinologia. Hospital de Bellvitge,blk_04055,1,1
Dr Moya Mur,blk_04056,1,1
Dr catenacci fabrice/ quartier operatoire,blk_04057,1,1
Dr. Abelardo Aguilera Peralta,blk_04058,1,1
Dr. Adolfo Fontenla Cerezuela,blk_04059,1,1
Dr. Amalia Velasco,blk_04060,1,1
Dr. Antonio Arroyo Sebastin,blk_04061,1,1
Dr. Antonio Javier Trujillo Santos,blk_04062,1,1
Dr. Antonio Mari Roig,blk_04063,1,1
Dr. Antonio Romn Broto,blk_04064,1,1
Dr. Borja Maroto Rodrguez,blk_04065,1,1
Dr. Chris Thompson,blk_04066,1,1
Dr. Csar Snchez Snchez,blk_04067,1,1
Dr. Douglas D. Fraser,blk_04068,1,1
Dr. Evaristo Varo Prez,blk_04069,1,1
Dr. Felipe Villacampa,blk_04070,1,1
Dr. Flix Armad,blk_04071,1,1
Dr. Francisco Bosa Ojeda,blk_04072,1,1
Dr. Gerhard Franz Kieselbach,blk_04073,1,1
Dr. Guillermo Reyes Copa,blk_04074,1,1
Dr. Hctor Escobar Morreale,blk_04075,1,1
Dr. Jaime Sagrista Sauleda,blk_04076,1,1
Dr. Javier Domnguez Ortega,blk_04077,1,1
Dr. Jess San Miguel Izquierdo,blk_04078,1,1
Dr. Jordi Gascn / Dra. Lola Ledesma,blk_04079,1,1
Dr. Jordi Mons,blk_04080,1,1
Dr. Jos Garca-Arum,blk_04081,1,1
Dr. Jos Gonzlez Costello.Unidad de Insuficiencia cardaca avanzada y Trasplante cardaco. Hospital Univ. Bellvitge,blk_04082,1,1
Dr. Jos Ignacio Chacn Lpez-Muiz,blk_04083,1,1
Dr. Jos Manuel Porcel Prez,blk_04084,1,1
Dr. Jos Ramn Mel Lorenzo,blk_04085,1,1
Dr. Jose Vicente Torregrosa Prats fundacio clinic,blk_04086,1,1
Dr. Josep Brugada Terradellas- Hospital Clnic,blk_04087,1,1
Dr. Juan Jess Gmez-Reino Carnota,blk_04088,1,1
Dr. Juan Macas Snchez,blk_04089,1,1
Dr. Lluis Arias,blk_04090,1,1
Dr. Lluis Mont-Girbau,blk_04091,1,1
Dr. Luis Escribano,blk_04092,1,1
Dr. Luis Serra Majem,blk_04093,1,1
Dr. Martin Pinsger  Univ.-Prof. Dr. Rupert Prokesch / Dr. Martin Pinsger  Univ.-Prof. Dr. Rupert Prokesch,blk_04094,1,1
Dr. Miguel Blanca Gmez,blk_04095,1,1
Dr. Miguel Cervero,blk_04096,1,1
Dr. Miguel Yebra Bango,blk_04097,1,1
Dr. Narcs Cardoner,blk_04098,1,1
Dr. Olaf Stanger,blk_04099,1,1
Dr. Peter Sydow,blk_04100,1,1
Dr. Ramn Lleonart Bellfill / Dr. Xavier Corbella Virs,blk_04101,1,1
Dr. Ritsert Pharma,blk_04102,1,1
"Dr. Sven Behrendt, Knie und Schulterchirurgie",blk_04103,1,1
Dr. Sylvia Boesch,blk_04104,1,1
Dr. Valrie gangji,blk_04105,1,1
"Dr. Virgilio P. Carnielli,",blk_04106,1,1
Dr. Winzer Pharma,blk_04107,1,1
Dr. Wolfgang Jaksch,blk_04108,1,1
"Dr. med. Bernd Salzer, Private Praxis",blk_04109,1,1
Dr.Antonio Calles Blanco,blk_04110,1,1
Dra Maria Jos Colomina Soler,blk_04111,1,1
Dra. A. Teresa Caldern Duque,blk_04112,1,1
Dra. Almudena Zapatero Laborda,blk_04113,1,1
Dra. Beatriz Sanchez Sobrino,blk_04114,1,1
Dra. Carmen Ispa Calln,blk_04115,1,1
Dra. Cristina Avendao Sol,blk_04116,1,1
Dra. Julia Origen Sabater,blk_04117,1,1
Dra. M Dolores Arenas,blk_04118,1,1
Dra. Nuria Gutierrez Dubón,blk_04119,1,1
Dra. Rosario Blasco,blk_04120,1,1
Dra. Virginia Raquel Cspedes Nava,blk_04121,1,1
Dra.Margarita RamirezDra.Ifara Snchez,blk_04122,1,1
"Dracen Pharmaceuticals, Inc.",blk_04123,1,1
Draig Therapeutics Limited,blk_04124,1,1
Dren Bio 01 Inc.,blk_04125,1,1
Drug Delivery Solutions ApS,blk_04126,1,1
Druggability Technologies Holdings Ltd,blk_04127,1,1
Dryox Health S.L. / Dryox Health S.L.,blk_04128,1,1
Dualitybio Inc.,blk_04129,1,1
"EA Pharma Co., Ltd.",blk_04130,1,1
EBEWE Pharma Ges.m.b.H Nfg.KG,blk_04131,1,1
EBMT - CLWP,blk_04132,1,1
EBMT / Gentium S.p.A.,blk_04133,1,1
ECUPHARMA  S.R.L.,blk_04134,1,1
EDMOND PHARMA S.r.l.,blk_04135,1,1
ELKE University of Athens,blk_04136,1,1
EMET Pharmaceuticals LLC,blk_04137,1,1
EPOPLUS GmbH  Co.KG,blk_04138,1,1
"EQRx, Inc.",blk_04139,1,1
ERREKAPPA EUROTERAPICI,blk_04140,1,1
ESTHER URIARTE ITZAZELAIA,blk_04141,1,1
EURAND SPA,blk_04142,1,1
EUSA pharma SAS,blk_04143,1,1
EXONHIT,blk_04144,1,1
Eagle Pharmaceuticals Inc.,blk_04145,1,1
East Tallinn Central Hospital,blk_04146,1,1
Ectin Research AB,blk_04147,1,1
Edesa Biotech Research Inc.,blk_04148,1,1
"Editas Medicine, Inc.",blk_04149,1,1
Eduardo Garca Daz,blk_04150,1,1
Edvince AB,blk_04151,1,1
Eero Kaasinen,blk_04152,1,1
Egyestett Szent Istvn s Szent Lszl Krhz - Rendelintzet,blk_04153,1,1
Eija Kalso,blk_04154,1,1
Eir Biotherapies S.r.l.,blk_04155,1,1
Eksote,blk_04156,1,1
EleosInc Limited,blk_04157,1,1
Eleva GmbH,blk_04158,1,1
Elion Therapeutics Inc.,blk_04159,1,1
Elli Lilly and Company,blk_04160,1,1
Elliniko Institouto Meletis Tis Sipsis,blk_04161,1,1
Eloxx Pharmaceuticals Inc,blk_04162,1,1
Elro Pharma,blk_04163,1,1
Emerald Health Pharmaceuticals Inc.,blk_04164,1,1
Emercell SAS,blk_04165,1,1
Emiliano Hernndez Galilea,blk_04166,1,1
"EnBiotix, Inc.",blk_04167,1,1
Encysive Pharmaceuticals Inc,blk_04168,1,1
Endeavor Biomedicines Inc.,blk_04169,1,1
Endokrinologisk afd. M,blk_04170,1,1
Engene Inc.,blk_04171,1,1
Enlitisa (Shanghai) Pharmaceutical Co. Ltd.,blk_04172,1,1
Enobia Canada Limited Partnership,blk_04173,1,1
Ensinger Mineral-Heilquellen GmbH,blk_04174,1,1
Ente Ecclesiastico Ospedale Generale Regionale F. Miulli,blk_04175,1,1
Ente Ospedaliero Cantonale (EOC) / Ente Ospedaliero Cantonale (EOC),blk_04176,1,1
EnteroTarget ApS,blk_04177,1,1
Enthera S.r.l.,blk_04178,1,1
"Enturia, Inc.",blk_04179,1,1
"Enzon Pharmaceuticals, Inc.",blk_04180,1,1
EpiTan Limited,blk_04181,1,1
Epics Therapeutics,blk_04182,1,1
Equilibre Biopharmaceuticals B.V.,blk_04183,1,1
Equillium Inc.,blk_04184,1,1
Erasca Inc.,blk_04185,1,1
ErasmusMedical Center-Sophia,blk_04186,1,1
ErasmusmMC/ Sophia Children Hospital,blk_04187,1,1
Ersi Voskaridou-Dimoula,blk_04188,1,1
Esko Kemppainen,blk_04189,1,1
EsoCap AG,blk_04190,1,1
EspeRare,blk_04191,1,1
Esperante Development B.V.,blk_04192,1,1
Esperas Pharma Inc. / Esperas Pharma Inc.,blk_04193,1,1
Ester Neuroscience Ltd,blk_04194,1,1
Esther Aleo Lujan,blk_04195,1,1
Estonian Science Foundation,blk_04196,1,1
Euro Nippon Kayaku GmbH,blk_04197,1,1
Eurocine Vaccines AB,blk_04198,1,1
European Institute for Cystic Fibrosis Research IERFC,blk_04199,1,1
Eustralis Pharmaceuticals Ltd.,blk_04200,1,1
Evangelisches Krankenhaus Lutherhaus gGmbH,blk_04201,1,1
Evaxion A/S,blk_04202,1,1
Everimmune,blk_04203,1,1
Evolus Inc.,blk_04204,1,1
Evolva SA,blk_04205,1,1
Evommune Inc.,blk_04206,1,1
Evopoint Biosciences USA Inc.,blk_04207,1,1
Excellthera Inc.,blk_04208,1,1
Exciva GmbH,blk_04209,1,1
ExeVir Bio BV,blk_04210,1,1
Exeliom Biosciences,blk_04211,1,1
Expres2ion Biotechnologies ApS,blk_04212,1,1
"Exxentia Grupo Fitoteraputico, S.A",blk_04213,1,1
"EyeGene, Inc",blk_04214,1,1
Eyed Pharma,blk_04215,1,1
F. HoffmannLa Roche Ltd,blk_04216,1,1
F.Schreuder,blk_04217,1,1
F4-Pharma Ges.m.b.H.,blk_04218,1,1
"FARMACUSI, S.A.",blk_04219,1,1
FARMAKA Srl,blk_04220,1,1
FARMEX SA,blk_04221,1,1
FARMIGEA,blk_04222,1,1
FERNADO PEREZ RUIZ,blk_04223,1,1
FISM ONLUS,blk_04224,1,1
FIT Biotech Oyj Plc,blk_04225,1,1
FO.NE.SA.Onlus,blk_04226,1,1
FONDAZIONE CENTRO EMOFILIA E TROMBOSI ANGELO BIANCHI BONOMI,blk_04227,1,1
FONDAZIONE DELLISTITUTO TOSCANO TUMORI,blk_04228,1,1
FONDAZIONE DON CARLO GNOCCHI ONLUS,blk_04229,1,1
FONDAZIONE ITALIANA SINDROMI MIELODISPLASTICHE ETS,blk_04230,1,1
FONDAZIONE MALATTIE RARE MAURO BASCHIROTTO B.I.R.D. ONLUS,blk_04231,1,1
FONDAZIONE PAOLO PROCACCI ONLUS,blk_04232,1,1
FONDAZIONE PER LA RICERCA OSPEDALE MAGGIORE DI BERGAMO - FROM,blk_04233,1,1
FONDAZIONE SERENA ONLUS,blk_04234,1,1
FORIM GmbH,blk_04235,1,1
FORMAC Pharmaceuticals NV,blk_04236,1,1
FRANCISCO BORJA BARRACHINA LARRAZA,blk_04237,1,1
FRANCISCO J. BLANCO GARCA,blk_04238,1,1
FRANCISCO JOSE MORALES PONCE,blk_04239,1,1
FREE UNIVERSITY OF BRUSSELS,blk_04240,1,1
"FUJIFILM Toyama Chemical Co., Ltd.",blk_04241,1,1
FUNDACIN CANARIA DE INVESTIGACIN Y SALUD FUNCIS,blk_04242,1,1
FUNDACIN ESPAOLA DE REUMATOLOGA FER,blk_04243,1,1
FUNDACIN IBEROAMERICANA ITACA,blk_04244,1,1
FUNDACIN TEFILO HERNANDO,blk_04245,1,1
FUNDACION HOSPITAL  NACIONAL DE PARAPLEJICOS PARA LA INVESTIGACIN Y LA INTEGRACIN,blk_04246,1,1
FUNDACION IMABIS,blk_04247,1,1
Fa.Elexxion,blk_04248,1,1
Fachhochschule Salzburg GmbH,blk_04249,1,1
Faculty Hospital Hradec Krlov,blk_04250,1,1
Falck clinic,blk_04251,1,1
Famewave Ltd.,blk_04252,1,1
Fastox Pharma S.A.,blk_04253,1,1
Fate Therapeutics Inc.,blk_04254,1,1
"Faustus Forschung Compagnie, Translational Cancer Research GmbH",blk_04255,1,1
Febena Pharma GmbH,blk_04256,1,1
Federal Highway Research Institute / Bundesanstalt fr Straenwesen BASt,blk_04257,1,1
Federico Diaz Gonzlez,blk_04258,1,1
Federico Martinon Torres,blk_04259,1,1
Felix Gutierrez Rodero,blk_04260,1,1
Female Healthcare Purna,blk_04261,1,1
Fernando Lago Deibe,blk_04262,1,1
Ferraz Lynce Especialidades Farmaceuticas S.A.,blk_04263,1,1
Ferrosan A/S,blk_04264,1,1
Fertin Pharma A/S,blk_04265,1,1
Fibrex Medical Research  Development GmbH,blk_04266,1,1
Finn Gustafsson,blk_04267,1,1
Finn Sellebjerg,blk_04268,1,1
FinnBladder,blk_04269,1,1
Finox AG,blk_04270,1,1
"First Wave BioPharma, Inc.",blk_04271,1,1
"FirstString Research, Inc.",blk_04272,1,1
Flame Biosciences,blk_04273,1,1
Flevoziekenhuis,blk_04274,1,1
"FluGen, Inc",blk_04275,1,1
FluoroPharma Medical,blk_04276,1,1
Foghorn Therapeutics Inc.,blk_04277,1,1
Follica Inc.,blk_04278,1,1
Fondation Charcot Stichting,blk_04279,1,1
Fondation Mditerrane Infection FMI - IHU Mditerrane Infection,blk_04280,1,1
Fondation Ophtalomologique A. de Rothschild,blk_04281,1,1
Fondazione Centro Nazionale Di Adroterapia Oncologica,blk_04282,1,1
Fondazione EMN Italy Onlus,blk_04283,1,1
Fondazione Evidence,blk_04284,1,1
Fondazione Neureca Onlus,blk_04285,1,1
Fondazione P E N T A,blk_04286,1,1
Fondazione Ricerca e Innovazione Cardiovascolare,blk_04287,1,1
Fondazione Santobono Pausilipon Onlus,blk_04288,1,1
Fondazione Schena Centro Europeo Della Ricerca Sulle Malattie Renali,blk_04289,1,1
Fondazione per il Tuo cuore onlus-ANMCO,blk_04290,1,1
Food Standards Agency,blk_04291,1,1
Foot and Ankle Surgical center,blk_04292,1,1
Fore Biotherapeutics Inc.,blk_04293,1,1
Foreest Medical School,blk_04294,1,1
Forschergruppe Diabetes e. V.,blk_04295,1,1
Forschungsinstitut der Diabetes-Akademie Bad Mergentheim e.V.,blk_04296,1,1
Foundation for Liverdisease,blk_04297,1,1
Fractyl Health Inc.,blk_04298,1,1
Frame Pharmaceuticals B.V.,blk_04299,1,1
Francesc Bosch Albareda,blk_04300,1,1
Francisco Muoz Negrete,blk_04301,1,1
Francisco de la Gala/ Ignacio Garutti,blk_04302,1,1
Franciscus Gasthui,blk_04303,1,1
"Franz Volhard Clinic, Charite Campus Buch",blk_04304,1,1
Fresenius Biotech North America,blk_04305,1,1
Fuics Development Limited,blk_04306,1,1
Fujimoto Pharmaceutical Corporation,blk_04307,1,1
Fundaci Eurecat,blk_04308,1,1
Fundaci Institut Catal de Farmacologia,blk_04309,1,1
Fundaci de Recerca de LInstitut de Microcirurgia Ocular,blk_04310,1,1
Fundacija CTNNB1 Ustanova Za Raziskave Na Podrocju Genske Terapije,blk_04311,1,1
Fundacin Academia Espaola de Dermatologa y Venereologa,blk_04312,1,1
Fundacin CRIS contra el cancer,blk_04313,1,1
Fundacin Cerebro y Mente,blk_04314,1,1
Fundacin Espaola de Esclerosis Mltiple FEDEM,blk_04315,1,1
Fundacin Hipercolesterolemia Familiar,blk_04316,1,1
Fundacin Hospital Provincial de Castelln,blk_04317,1,1
Fundacin Husped,blk_04318,1,1
Fundacin Instituto Hispalense de Pediatra,blk_04319,1,1
Fundacin Neumosur,blk_04320,1,1
Fundacin Renal Jaume Arn,blk_04321,1,1
Fundacin Retinaplus +,blk_04322,1,1
Fundacin SENEFRO,blk_04323,1,1
Fundacin de Investigacin Biomdica Hospital de Getafe,blk_04324,1,1
Fundacin para la Gestin de la Investigacin Biomdica de Cdiz,blk_04325,1,1
Fundacin para la Investigacin en Urologa,blk_04326,1,1
Fundacion Biomedica Galicia Sur,blk_04327,1,1
Fundacion Casa Del Corazon,blk_04328,1,1
Fundacion Leucemia y Linfoma,blk_04329,1,1
Fundacja Centrum Rozwoju Medycyny,blk_04330,1,1
Funxional Therapeutics Ltd,blk_04331,1,1
"Future Medicine Co., Ltd.",blk_04332,1,1
G. L. Pharma GmbH,blk_04333,1,1
G.I.M.E.M.A.,blk_04334,1,1
G.O.N.O.,blk_04335,1,1
G.ST Antivirals GmbH / G.ST Antivirals GmbH,blk_04336,1,1
GALSOR S.R.L.,blk_04337,1,1
GAMA Healthcare,blk_04338,1,1
GAMAMABS Pharma,blk_04339,1,1
GAP MALLORCA,blk_04340,1,1
GARDP FOUNDATION,blk_04341,1,1
GB Bietti Eye Foundation - IRCCS,blk_04342,1,1
"GB004, Inc.",blk_04343,1,1
GCS Ramsay Sante Enseignement Et Recherche,blk_04344,1,1
GEDII - Grupo de Estudo da Doena inflamatria Intestinal,blk_04345,1,1
GEIS,blk_04346,1,1
GELARC,blk_04347,1,1
GET SRL,blk_04348,1,1
GIDO Grup dinvestigaci i divulgaci en oncologia,blk_04349,1,1
GIENNE PHARMA S.P.A.,blk_04350,1,1
GIPIT,blk_04351,1,1
GLG Pharma S.A.,blk_04352,1,1
GON-North Oncology Group,blk_04353,1,1
GRUNENTHAL PHARMA S.A.,blk_04354,1,1
GRUPO ESPAOL MULTIDISCIPLINARIO DEL CANCER DIGESTIVOGEMCAD,blk_04355,1,1
GSO Global Clinical Research B.V.,blk_04356,1,1
GTC Biotherapeutics Inc.,blk_04357,1,1
"Gabinete Berthier y Martnez, S.L.",blk_04358,1,1
Gador S.A.,blk_04359,1,1
Galectin Therapeutics Inc.,blk_04360,1,1
"Galena Biopharma, Inc",blk_04361,1,1
"Galera Therapeutics, Inc.",blk_04362,1,1
Galileo Research Srl,blk_04363,1,1
Galimedix Therapeutics Inc.,blk_04364,1,1
Galpagos NV,blk_04365,1,1
Gastrocentrum kirurgi,blk_04366,1,1
Gastrotech Pharma A/S,blk_04367,1,1
Gat Therapeutics S.L.,blk_04368,1,1
Gedske Daugaard,blk_04369,1,1
"Geir ystein Andersen, Department of Cardiology, Ulleval University Hospital",blk_04370,1,1
Geiser Pharma S.L.,blk_04371,1,1
GeiserPHARMA SL,blk_04372,1,1
Geistlich Pharma AG,blk_04373,1,1
"Gemin X Pharmaceuticals US, Inc.",blk_04374,1,1
Gemma Rialp,blk_04375,1,1
Gemphire Therapeutics Inc.,blk_04376,1,1
Gemvax & Kael Co. Ltd.,blk_04377,1,1
Gen Ilac Ve Saglik Urunleri Sanayi Ve Ticaret A.S.,blk_04378,1,1
"GenSpera, Inc.",blk_04379,1,1
"GenVec, Inc.",blk_04380,1,1
"GeneCare Research Institute Co., Ltd.",blk_04381,1,1
GeneMedix plc,blk_04382,1,1
GeneOne Life Science Inc.,blk_04383,1,1
Geneeskundige En Gezondheidsdienst Amsterdam,blk_04384,1,1
Generate Biomedicines Inc.,blk_04385,1,1
Generos Biopharma Ltd.,blk_04386,1,1
Genesis Pharma S.A.,blk_04387,1,1
"Genocea Biosciences, Inc.",blk_04388,1,1
Genticel,blk_04389,1,1
Georg Hagmller Institute for Vascular Research,blk_04390,1,1
"Gerlinde Egerer MD Internal Medicine, Department V",blk_04391,1,1
GermanBreastGroup,blk_04392,1,1
Gesellschaft fr Epilepsieforschung e.V.,blk_04393,1,1
Gesellschaft fr Wissens- und Technologietransfer,blk_04394,1,1
Gesundheit Nord gGmbH,blk_04395,1,1
Gileas Science,blk_04396,1,1
GlaxoSmithKine Research  Development Limited,blk_04397,1,1
GlaxoSmithKlin Research and Development Ltd,blk_04398,1,1
GlaxoSmithKline RD UK Ltd,blk_04399,1,1
GlaxoSmithKline Reaseach  Development,blk_04400,1,1
GlaxoSmithKline Reasearch  Development,blk_04401,1,1
GlaxoSmithKline Reseacrh and Development Limited,blk_04402,1,1
"GlaxoSmithKline Research  Development, LtdD",blk_04403,1,1
GlaxoSmithKline Research  Devleopment Ltd,blk_04404,1,1
GlaxoSmithKlineResearch  Developemnt Ltd,blk_04405,1,1
Gliknik Inc,blk_04406,1,1
Global Coalition For Adaptive Research Inc.,blk_04407,1,1
GlobiFer International bvba,blk_04408,1,1
"Glostrup Hospital, Dep. of Neurology",blk_04409,1,1
Glycostem Therapeutics BV,blk_04410,1,1
Goodwill Pharma Kft.,blk_04411,1,1
Gottfries Clinic,blk_04412,1,1
Graegis Pharmaceuticals Limited,blk_04413,1,1
Granular Therapeutics Limited,blk_04414,1,1
"Great Western Hospital, Swindon",blk_04415,1,1
Greek Corporation of Invasive Cardiology,blk_04416,1,1
"Green Valley Shanghai Pharmaceuticals Co., Ltd.",blk_04417,1,1
Greenwich LifeSciences Inc.,blk_04418,1,1
Gregers Gautier Hermann,blk_04419,1,1
Grenoble Alps University Hospital,blk_04420,1,1
Grete Andersen,blk_04421,1,1
Grethe Andersen,blk_04422,1,1
"Group for the Study of Resistant Depression GSRD, Head: Prof. Julien Mendlewicz",blk_04423,1,1
Groupe De Recherche Sur Les Maladies Inflammatoires Digestives,blk_04424,1,1
Groupe Hospitalier Diaconesses Croix Saint Simon,blk_04425,1,1
Groupe dtude sur le risque dexposition des soignants aux agents infectieux GERES,blk_04426,1,1
Grupo Cooperativo De Estudio Y Tratamiento De Las Leucemias Agudas Y Mielodisplasias,blk_04427,1,1
Grupo Espaol de Enfermedades Mieloproliferativas GEMFIN,blk_04428,1,1
Grupo Espaol de Linfoma y Trasplante Autlogo de Mdula sea,blk_04429,1,1
Grupo Espaol de Sindromes Mielodisplsicos GESMD,blk_04430,1,1
Grupo GICOR,blk_04431,1,1
Grupo de Investigacin ICP,blk_04432,1,1
Grupo de Investigao do Cancro Digestivo,blk_04433,1,1
Grupo de Reproduccin Asistida HSP/FP,blk_04434,1,1
Gruppo Italiano Mesotelioma G.I.Me.,blk_04435,1,1
Gunnar Hillerdal,blk_04436,1,1
Gyala Therapeutics S.L.,blk_04437,1,1
"Gynecology Department,Herning Hospital / Medical Department, Kolding Hospital",blk_04438,1,1
Gynial GmbH,blk_04439,1,1
"Gynkologisk-obstetrisk afd. G, Glostrup Hospital",blk_04440,1,1
"H-PHAR,sa",blk_04441,1,1
H. Lunbeck  A/S,blk_04442,1,1
H.-Hartziekenhuis Roeselare-Menen vzw,blk_04443,1,1
H.A.C. Pharma,blk_04444,1,1
HANNA THORN,blk_04445,1,1
HCRI,blk_04446,1,1
"HEALTH  Institute for Biomedicine and Health Sciences, JOANNEUM RESEARCH Forschungsgesellschaft mbH",blk_04447,1,1
HEALTH RICERCAE  SVILUPPO SRL,blk_04448,1,1
HOMVIORA Arzneimittel - Dr. Hagedorn GmbH  Co.,blk_04449,1,1
HOSPITAL DE GALDAKAO-USANSOLO,blk_04450,1,1
HOSPITAL DE PALAMOS,blk_04451,1,1
HOSPITAL DE PALAMS,blk_04452,1,1
HOSPITAL GENERAL DE CATALUNYA,blk_04453,1,1
HOSPITAL GENERAL UNIVERSITARIO GREGORIO MARAON,blk_04454,1,1
HOV GmbH,blk_04455,1,1
HPITAUX UNIVERSITAIRES DE GENVE,blk_04456,1,1
HSK Research GmbH,blk_04457,1,1
HUS Sypkeskus,blk_04458,1,1
"HUS, ATEK, Tln sairaala, Neurokirurgian klinikka",blk_04459,1,1
"HUS, Korvaklinikka",blk_04460,1,1
"HUS, Leikkaus- ja anestesiaosasto",blk_04461,1,1
HUS/ Neuropsykiatrian poliklinikka,blk_04462,1,1
HUVEPHARMA EOOD,blk_04463,1,1
HYD Pharma Zrt.,blk_04464,1,1
HYKS Marian sairaala,blk_04465,1,1
HYKS Vatsakeskus,blk_04466,1,1
HYKS-instituutti,blk_04467,1,1
HZRM Haemophilie-Zentrum Rhein Main GmbH / Emory University,blk_04468,1,1
Haemostatix Ltd,blk_04469,1,1
Haisco-USA Pharmaceuticals Inc.,blk_04470,1,1
Hamlet BioPharma AB,blk_04471,1,1
Hammel neurocenter,blk_04472,1,1
Hanna Illman,blk_04473,1,1
Hannover Medical School Competence Network Viral Hepatitis Hep-Net,blk_04474,1,1
Hans Christian Wulf,blk_04475,1,1
Hans-Gustaf Ljunggren,blk_04476,1,1
Hans-Henrik Parving,blk_04477,1,1
Harpoon Therapeutics Inc.,blk_04478,1,1
Haupt Pharma Wolfratshausen GmbH,blk_04479,1,1
Havenziekenhuis/ErasmusMC,blk_04480,1,1
Hctor Guiral Torner,blk_04481,1,1
Heads Study Group,blk_04482,1,1
Heart- and Diabetescenter NRW,blk_04483,1,1
Heidi Mkinen,blk_04484,1,1
Heikki Swan,blk_04485,1,1
Hela Pharma AB,blk_04486,1,1
Helena Barrasa,blk_04487,1,1
Helena Kallio,blk_04488,1,1
Helix BioPharma Cooperation,blk_04489,1,1
Helix Product Development Ireland Limited,blk_04490,1,1
Helle Holst,blk_04491,1,1
Hellmuth Ulrici Kliniken,blk_04492,1,1
Helse More og Romsdal Hospital Trust,blk_04493,1,1
"Helsingin Yliopisto, Kemian laitos",blk_04494,1,1
Helsingin ja uudenmaan sairaanhoitopiiri,blk_04495,1,1
Helsingin reumakeskus,blk_04496,1,1
Hemab ApS,blk_04497,1,1
Hemerion Therapeutics,blk_04498,1,1
Henning Beck-Nielsen,blk_04499,1,1
Henning Glerup,blk_04500,1,1
Henrik Birn,blk_04501,1,1
Henry Dunant Hospital Center,blk_04502,1,1
HepaRegeniX GmbH,blk_04503,1,1
Hepatera LLC,blk_04504,1,1
Hephata-Klinik,blk_04505,1,1
"Hepion Pharmaceuticals, Inc.",blk_04506,1,1
Hermo Pharma Ltd,blk_04507,1,1
"Heron Therapeutics, Inc.",blk_04508,1,1
Hersenstichting,blk_04509,1,1
"Hi-Tech Pharmacal Co., Inc.",blk_04510,1,1
"Hinova Pharmaceuticals USA, Inc.",blk_04511,1,1
Histocell S.L.,blk_04512,1,1
Hkan Ledin investigator initiated trial,blk_04513,1,1
"Hmatologisk Afdeling, Sjlland Sygehus, Roskilde",blk_04514,1,1
Hoffmann-La Roche AG,blk_04515,1,1
"Holy Stone Healthcare Co., Ltd.",blk_04516,1,1
Homerton University Hospital NHS Trust,blk_04517,1,1
Hoosier Oncology Group,blk_04518,1,1
Hope Pharmaceuticals Ltd,blk_04519,1,1
Hospics Civils de Lyon,blk_04520,1,1
Hospital Center ren Dubos,blk_04521,1,1
Hospital Clinic,blk_04522,1,1
"Hospital Clinic, Barcelon",blk_04523,1,1
Hospital Clnic-Maternitat,blk_04524,1,1
Hospital Errikos Dunant- Department of Hematology,blk_04525,1,1
Hospital General De Tomelloso,blk_04526,1,1
Hospital General de LHospitalet,blk_04527,1,1
Hospital Infantil Universitario Nino Jesus,blk_04528,1,1
Hospital Plat,blk_04529,1,1
Hospital Regional Universitario. IBIMA,blk_04530,1,1
Hospital Son Llatzer,blk_04531,1,1
Hospital Trebic,blk_04532,1,1
Hospital Universitari Sagrat cor,blk_04533,1,1
Hospital Universitari dIgualada,blk_04534,1,1
Hospital Universitario Araba Sede Santiago,blk_04535,1,1
Hospital Universitario De Torrevieja,blk_04536,1,1
Hospital Universitario Dr Peset Aleixandre,blk_04537,1,1
Hospital Universitario Lucus Augusti,blk_04538,1,1
Hospital Universitario Rio Hortega,blk_04539,1,1
Hospital Universitario Son Lltzer,blk_04540,1,1
Hospital Universitario Tajo,blk_04541,1,1
Hospital Universitario Virgen de las Nieves,blk_04542,1,1
Hospital Universitario de Burgos,blk_04543,1,1
Hospital Vall dHebrn,blk_04544,1,1
"Hospital Virgen de la Salud, Toledo Spain.",blk_04545,1,1
Hospital of Goethe-Universitiy,blk_04546,1,1
Hospitalsenheden Horsens / Hospitalsenheden Horsens,blk_04547,1,1
Hoth Therapeutics Inc.,blk_04548,1,1
Hotspot Therapeutics Inc.,blk_04549,1,1
Humedics GmbH,blk_04550,1,1
Hunter-Fleming Ltd,blk_04551,1,1
Hvidore Hospital,blk_04552,1,1
Hyks Silmtautien klinikka,blk_04553,1,1
Hyperion Therapeutics Limited,blk_04554,1,1
Hytnen Maija,blk_04555,1,1
I.N.M. NEUROMED I.R.C.C.S. S.R.L. GIA SANATRIX,blk_04556,1,1
I.R.I.S.,blk_04557,1,1
IBI,blk_04558,1,1
IBSAL Instituto de Investigacin Biomdica de,blk_04559,1,1
IC Targets AS,blk_04560,1,1
ICNAS Produo Lda.,blk_04561,1,1
ICT de Navarra S.A.,blk_04562,1,1
IDIPAZ,blk_04563,1,1
"IFSgGmbH, Institute for clinical research",blk_04564,1,1
IGENEON,blk_04565,1,1
IGI Therapeutics S.A.,blk_04566,1,1
IKP,blk_04567,1,1
ILTOO PHARMA,blk_04568,1,1
IMETISA,blk_04569,1,1
"IMPACT Therapeutics, Inc.",blk_04570,1,1
IN3BIO,blk_04571,1,1
INDENA S.P.A.,blk_04572,1,1
INSTITUTO DE ESTUDIOS DEL SISTEMA NERVIOSO,blk_04573,1,1
INSTITUTO DE INVESTIGACIN SANITARIA BIOARABA,blk_04574,1,1
INSTITUTO DE INVESTIGACION SANITARIA FJD,blk_04575,1,1
"INSTITUTO VALENCIANO DE INFERTILIDADE - CLNICA DE REPRODUO ASSISTIDA, LDA",blk_04576,1,1
IPOLFG,blk_04577,1,1
IQVIA Commercial GmbH  Co. OHG,blk_04578,1,1
IRCC INRCA,blk_04579,1,1
IRCCS-IRST of Meldola,blk_04580,1,1
"IRX Therapeutics, Inc.",blk_04581,1,1
ISABEL ANDIA ORTIZ,blk_04582,1,1
ITEL TELECOMUNICAZIONI S.R.L.,blk_04583,1,1
ITM Oncologics GmbH,blk_04584,1,1
IUCPQ,blk_04585,1,1
IVIRMA MADRID,blk_04586,1,1
IXALTIS,blk_04587,1,1
Iama Therapeutics S.r.l.,blk_04588,1,1
Iambic Therapeutics Inc.,blk_04589,1,1
Ibermutuamur Mutua Colaboradora con la Seguridad Social n 274,blk_04590,1,1
Ichnos Sciences SA,blk_04591,1,1
Iciar Arteagoitia Calvo,blk_04592,1,1
Icr Medical S.L.,blk_04593,1,1
Idrx Inc.,blk_04594,1,1
Iecure Inc.,blk_04595,1,1
Ignyta Inc.,blk_04596,1,1
Igyxos,blk_04597,1,1
"Ikaria, Inc.",blk_04598,1,1
Ikena Oncology Inc.,blk_04599,1,1
Iksuda Therapeutics Limited,blk_04600,1,1
Ilab Co. Ltd.,blk_04601,1,1
Ilkka Helenius,blk_04602,1,1
Ilkka Prsti ja tutkimusryhm,blk_04603,1,1
Ilkogen Ilac San. ve Tic. A.S.,blk_04604,1,1
Ilkos Thrapeutique Inc.,blk_04605,1,1
"ImaRx Therapeutics, Inc",blk_04606,1,1
"ImaginAb, Inc.",blk_04607,1,1
Imam Abdulrahman Bin Faisal University,blk_04608,1,1
Imbrium Therapeutics LP,blk_04609,1,1
Immanuel Krankenhaus Berlin,blk_04610,1,1
Immedica Pharma AB,blk_04611,1,1
Immunabs Inc.,blk_04612,1,1
Immune Design Corp.,blk_04613,1,1
Immune System Regulation AB ISR,blk_04614,1,1
Immune Targeting Systems Ltd,blk_04615,1,1
Immunitybio Inc.,blk_04616,1,1
"ImmunoCellular Therapeutics, Ltd.",blk_04617,1,1
Immunophotonics Inc.,blk_04618,1,1
Immunorx Pharma Inc.,blk_04619,1,1
InFlectis BioScience,blk_04620,1,1
InMed Pharmaceuticals Inc.,blk_04621,1,1
InSpira Medical AB,blk_04622,1,1
Inamed Research GmbH  Co. KG,blk_04623,1,1
Indivior Inc.,blk_04624,1,1
Industial Farmacutica Cantabria S. A.,blk_04625,1,1
Infociencia Clinical Research,blk_04626,1,1
Ingrid Ehrn,blk_04627,1,1
Inhatarget Therapeutics,blk_04628,1,1
Inhibikase Therapeutics Inc.,blk_04629,1,1
Initiator Pharma,blk_04630,1,1
Inmune Bio Inc.,blk_04631,1,1
"Innocrin Pharmaceuticals, Inc.",blk_04632,1,1
Innovaderm Research Inc.,blk_04633,1,1
Innovatiefonds Zorgverzekeraars,blk_04634,1,1
Inotek Pharmaceuticals Corporation,blk_04635,1,1
Inpharm,blk_04636,1,1
Insitute of Endocrinology,blk_04637,1,1
Inspiration Biopharmaceuticals,blk_04638,1,1
Inspirna Inc. / Inspirna Inc.,blk_04639,1,1
Inst Medecine Epidemiologie Appliquee,blk_04640,1,1
Institut Diagnostic per la Imatge,blk_04641,1,1
Institut Hospitalier Franco-Britanique,blk_04642,1,1
Institut Jerome Lejeune,blk_04643,1,1
Institut Klinicke A Experimentalni Mediciny,blk_04644,1,1
Institut National de la Sant et de la Research Mdicale,blk_04645,1,1
Institut Paoli Calmette,blk_04646,1,1
Institut Sainte Catherine,blk_04647,1,1
Institut de Cardiologie de Montral,blk_04648,1,1
Institut fuer Gesundheits- und Praxismanagement GmbH,blk_04649,1,1
Institut of Public Health,blk_04650,1,1
Institute For Study Research Education And Therapy Of Vascular Heart Brain And Kidney Nosologies,blk_04651,1,1
"Institute for the Study, Research and Education in Diabetes Mellitus and Metabolic Disorders",blk_04652,1,1
Institute of Diabetes Gerhardt Katsch,blk_04653,1,1
Institutionen fr kirurgiska vetenskaper,blk_04654,1,1
Instituto Andaluz de Sexologa,blk_04655,1,1
"Instituto Tecnolgico PET, S.A.U. ITP",blk_04656,1,1
Instituto Valenciano de Infertilidad,blk_04657,1,1
Instituto de Sade Pblica Universidade Porto,blk_04658,1,1
Instytut Immunologii I Terapii Doswiadczalnej Im Ludwika Hirszfelda Pan We Wroclawiu,blk_04659,1,1
Insusense ApS / Insusense ApS,blk_04660,1,1
"Integrated Therapeutics Group, Inc",blk_04661,1,1
Intensity Therapeutics Inc. / Intensity Therapeutics Inc.,blk_04662,1,1
Interdos Pharma bv,blk_04663,1,1
Interius Biotherapeutics Inc.,blk_04664,1,1
"Intern grantov agentura, Ministerstvo zdravotnictv R",blk_04665,1,1
International CTEPH Association ICA,blk_04666,1,1
Intexo Societa Benefit S.r.l.,blk_04667,1,1
"Intrexon T1D Partners, LLC IT1D",blk_04668,1,1
Inversago Pharma Inc.,blk_04669,1,1
Investigador del estudio: Dr. Agustn Alomar Muntaola,blk_04670,1,1
Investigator Trondheim Hudlegesenter AS,blk_04671,1,1
Invex Therapeutics Ltd.,blk_04672,1,1
Invios GmbH,blk_04673,1,1
Invivyd Inc.,blk_04674,1,1
Iqvia Rds France,blk_04675,1,1
Irene Barrientos Ruiz,blk_04676,1,1
Irina Elovaara,blk_04677,1,1
Isabel Pinilla Lozano,blk_04678,1,1
Isala Clinics Zwolle,blk_04679,1,1
Isarna Therapeutics GmbH,blk_04680,1,1
Isidre Vilacosta,blk_04681,1,1
Isifer AB,blk_04682,1,1
Isotechnika Inc,blk_04683,1,1
Italchimici S.p.A.,blk_04684,1,1
Itziar Astigarraga Aguirre,blk_04685,1,1
Ivascular S.L.,blk_04686,1,1
Ixodes AG.,blk_04687,1,1
Izana Bioscience Limited,blk_04688,1,1
JADO Technologies GmbH,blk_04689,1,1
JAVIER MARTN BROTO,blk_04690,1,1
JDRF Danielle Alberti Memorial Centre For Diabetes Complications Baker Heart Research Institute,blk_04691,1,1
JESUS GONZALEZ BARBOTEO,blk_04692,1,1
JHL Biotech Inc.,blk_04693,1,1
JOAQUIN PORTILLA,blk_04694,1,1
JOS MARA PALAZN AZORN,blk_04695,1,1
JOSE MANUEL GARCIA DOMINGUEZ,blk_04696,1,1
JOSEP MARIA BOTARGUES BOT,blk_04697,1,1
JSW Lifesciences GmbH,blk_04698,1,1
JUAN IGNACIO ARENAS RUIZ-TAPIADOR,blk_04699,1,1
JUAN MACIAS SANCHEZ,blk_04700,1,1
JUAN MIGUEL RUIZ NODAR,blk_04701,1,1
Jacob Pontoppidan Thyssen,blk_04702,1,1
Jacobo Formigo Couceiro,blk_04703,1,1
Jadran - galenski laboratorij d.d. JGL,blk_04704,1,1
Jagiellonian University,blk_04705,1,1
Jakob Benedict Seidelin,blk_04706,1,1
Jan Stener Joergensen,blk_04707,1,1
Jansenn Cilag International N.V.,blk_04708,1,1
Jari Halonen,blk_04709,1,1
Jari Tiihonen,blk_04710,1,1
Jarmo Hietala,blk_04711,1,1
Jaro Karppinen,blk_04712,1,1
Javier E. Morales Sarabia,blk_04713,1,1
Javier Garca Campayo,blk_04714,1,1
Javier Olascoaga Urtaza,blk_04715,1,1
Javier Pascual Ramrez,blk_04716,1,1
Jens Faber,blk_04717,1,1
Jens Hilligs,blk_04718,1,1
Jens Snksen,blk_04719,1,1
Jeppe Hagstrup Christensen,blk_04720,1,1
Jesper Hastrup Svendsen,blk_04721,1,1
Jessaziekenhuis Hasselt,blk_04722,1,1
Jiangsu Hansoh Pharmaceutical Group Co. Ltd.,blk_04723,1,1
Joergen B Dahl,blk_04724,1,1
Johan Hellgren,blk_04725,1,1
Johanna Hstbacka,blk_04726,1,1
Johanna Laukkarinen,blk_04727,1,1
"Johannes Frster, anest.lkri",blk_04728,1,1
John F. Kennedy Institute,blk_04729,1,1
John L. Berk,blk_04730,1,1
John Pernow,blk_04731,1,1
John Vissing,blk_04732,1,1
Joint UCLH/UCH Biomedical Research Unit,blk_04733,1,1
Jon Perez Barcena,blk_04734,1,1
Jorge Alonso Zafra,blk_04735,1,1
Jorge Matias-Guiu Guia,blk_04736,1,1
Jos Alberto San Romn Calvar,blk_04737,1,1
Jos Castillo Sanchez,blk_04738,1,1
Jos Esteban Castelao Fernndez,blk_04739,1,1
Jos Hernndez-Quero. Hospital Clnico San Cecilio,blk_04740,1,1
Jos Luo Fernandez,blk_04741,1,1
Jos Lus Dez Martn,blk_04742,1,1
Jos Miguel Cisneros Herreros,blk_04743,1,1
Jos Such Ronda,blk_04744,1,1
Jose Alberola-Rubio,blk_04745,1,1
Jose Carlos Flores Gonzlez,blk_04746,1,1
Jose Ignacio Martin Gomez,blk_04747,1,1
Jose M Gatell - Hospital Clinic de Barcelona,blk_04748,1,1
Joseba Andoni Santamara Zuazua,blk_04749,1,1
Josep Llop Talaveron,blk_04750,1,1
Josep M Cruzado,blk_04751,1,1
Joslin Diabetes Center,blk_04752,1,1
"Jounce Therapeutics, Inc.",blk_04753,1,1
Jrgen Agnholt,blk_04754,1,1
Jrgen Jeppesen,blk_04755,1,1
Juan Blanco Carrion,blk_04756,1,1
Juan Cordoba,blk_04757,1,1
Juan Crdoba,blk_04758,1,1
Juan Gonzalez Garca,blk_04759,1,1
Juan Luis Bonilla Palomas,blk_04760,1,1
Juan Pasquau Liao,blk_04761,1,1
Juan Pedro Barret Nern,blk_04762,1,1
Juha Holopainen,blk_04763,1,1
Juha Rinne / PET Centre,blk_04764,1,1
Juhani Ruutiainen,blk_04765,1,1
Jukka Sairanen,blk_04766,1,1
Jules Borde Institute,blk_04767,1,1
Julian Pans,blk_04768,1,1
Julian Taylor,blk_04769,1,1
Julio A Virseda Rodriguez,blk_04770,1,1
Julio Bobes,blk_04771,1,1
Julius Clinical Research B.V.,blk_04772,1,1
Juvantia Pharma Ltd,blk_04773,1,1
K36 Therapeutics Inc.,blk_04774,1,1
KA Rudolfstiftung - 2. Medizinische Abteilung,blk_04775,1,1
KANEKA coorporation,blk_04776,1,1
KARAKTER universitair centrum voor kinder- en jeudpsychiatrie,blk_04777,1,1
KAS Glostrup,blk_04778,1,1
KKRN Katholisches Klinikum Ruhrgebiet Nord GmbH,blk_04779,1,1
"KOMINOX USA, Inc.",blk_04780,1,1
"KONSTANTINAS POVILAS VALUCKAS, INSTITUTE OF ONCOLOGY OF VILNIUS UNIVERSITY",blk_04781,1,1
KORPO S.R.L.,blk_04782,1,1
"KOSAN BIOSCIENCES, INC",blk_04783,1,1
KV Pharmaceutical Co.,blk_04784,1,1
KWF Kankerbestrijding,blk_04785,1,1
KYS,blk_04786,1,1
Kadmon Corporation LLC,blk_04787,1,1
Kaerus Bioscience Limited,blk_04788,1,1
Kaija Puhakka,blk_04789,1,1
Kailera Therapeutics Inc.,blk_04790,1,1
Kaleido Biosciences,blk_04791,1,1
Kalevi Pihlajamki,blk_04792,1,1
Kamari Pharma Ltd.,blk_04793,1,1
Kansanterveyslaitos,blk_04794,1,1
Kanyos Bio Inc.,blk_04795,1,1
Kardigan Inc.,blk_04796,1,1
Karen Schow Jensen,blk_04797,1,1
Karen Toftdahl Bjrnholdt,blk_04798,1,1
Kari Leino,blk_04799,1,1
Kari T. Kivist,blk_04800,1,1
Karin Blomgren,blk_04801,1,1
"Karolinska University Hospital, Division of Pediatrics/Astrid Lindgren Childrens Hospital",blk_04802,1,1
Karolinska Univsjukhuset,blk_04803,1,1
Karus Therapeutics Limited,blk_04804,1,1
Katairo GmbH,blk_04805,1,1
Kell Osterlind,blk_04806,1,1
"Kennemer Gasthuis, afdeling maag-, darm-, leverziekten",blk_04807,1,1
Kenta Biotech,blk_04808,1,1
Kinevant Sciences GmbH,blk_04809,1,1
Kinnov Therapeutics,blk_04810,1,1
Kirsi Pietilinen,blk_04811,1,1
"Kirurginen sairaala, suu- ja leukakirurgian klinikka Satu Yli-Petys",blk_04812,1,1
Kirurgisen sairaalan munuaisensiirtoihin liittyvn kivun hoidon tutkimusryhm,blk_04813,1,1
"Kirurgisk Forskningsafsnit, Herning Sygehus",blk_04814,1,1
Kitasato institute clinical trial coordinating center,blk_04815,1,1
Kjeld Schmiegelow,blk_04816,1,1
Klaipeda hospital,blk_04817,1,1
Klaus Krogh,blk_04818,1,1
Klear Bio Inc.,blk_04819,1,1
Klinik Loewenstein gGmbH,blk_04820,1,1
Klinik Neuropdiatrie und Muskelkrankheiten,blk_04821,1,1
Kliniken Krnan Urology Centre,blk_04822,1,1
Klinikum Augsburg,blk_04823,1,1
Klinikum Fulda gAG,blk_04824,1,1
"Klinikum Grohadern, ENT-Department",blk_04825,1,1
Klinikum Leverkusen gGmbH,blk_04826,1,1
Klinikum St. Georg gGmbH,blk_04827,1,1
Klinikum der Universitt,blk_04828,1,1
"Klinisk Biokemisk Afdeling, Aarhus Universitetshospital, Skejby",blk_04829,1,1
"Kmia, Inc.",blk_04830,1,1
Kneipp-Werke,blk_04831,1,1
"Knud Kragballe, Dermatological Department, rhus Sygehus Hospital",blk_04832,1,1
Koagulationscentrum UMAS,blk_04833,1,1
Koebenhavns Universitet,blk_04834,1,1
Koege Hospital,blk_04835,1,1
Kompetenznetz Parkinson e.V.,blk_04836,1,1
Kompetenznetz TDM-KJP e.V.,blk_04837,1,1
Koningin Wilhelmina Fonds,blk_04838,1,1
Konvent Der Barmherzigen Brueder,blk_04839,1,1
Kooperativni Lymfomova Skupina z.s.,blk_04840,1,1
"Krajsk nemocnice Liberec, a.s.",blk_04841,1,1
Krewel Meuselbach GmbH,blk_04842,1,1
Kringle Pharma Europe AB,blk_04843,1,1
Kris-och Traumacentrum,blk_04844,1,1
Kristina Jakobsson,blk_04845,1,1
Kunglv Hospital,blk_04846,1,1
Kupando GmbH,blk_04847,1,1
Kurort Forschungsverein Bad Steben e.V.,blk_04848,1,1
Kwizda Pharma,blk_04849,1,1
LABORATOIRE ALLERBIO,blk_04850,1,1
LABORATORI BALDACCI SPA,blk_04851,1,1
LABOpoint GmbH,blk_04852,1,1
LAINCO S.A,blk_04853,1,1
LAURA TARRATS VELASCO,blk_04854,1,1
LM Diagnsticos S.L.,blk_04855,1,1
"LOTUS PHARMA CO., LTD.",blk_04856,1,1
LTB4 Sweden AB,blk_04857,1,1
LTS LOHMANN Therapie-Systeme AG,blk_04858,1,1
"LUMC, Department Infection Disease",blk_04859,1,1
"LUMC, VRSP",blk_04860,1,1
LYOCENTRE,blk_04861,1,1
Lab for pharmaceutical biology / Department of Urology,blk_04862,1,1
Laboratoire BAILLY-CREAT,blk_04863,1,1
Laboratoire BIODERMA,blk_04864,1,1
Laboratoire IASON,blk_04865,1,1
Laboratoires BIORGA,blk_04866,1,1
Laboratoires ELERTE,blk_04867,1,1
Laboratoires Ethypharm,blk_04868,1,1
Laboratorios Andrmaco S.A.,blk_04869,1,1
Laboratorios Biomendi S.A.U.,blk_04870,1,1
"Laboratorios Effik, S.A.",blk_04871,1,1
Laboratorios Ern S.A.,blk_04872,1,1
Laboratorios Inibsa S.A.,blk_04873,1,1
Laboratorios Liomont S.A. de C.V.,blk_04874,1,1
Laboratorios Ordesa,blk_04875,1,1
"Laboratorios Rubi, S.A.",blk_04876,1,1
Lactest S.L.,blk_04877,1,1
LactoResearch sprl,blk_04878,1,1
Lady Cilento Childrens Hospital,blk_04879,1,1
Lamina Therapeutics,blk_04880,1,1
Laminar Pharmaceuticals S.A.,blk_04881,1,1
Landsptali Hsklasjkrahs,blk_04882,1,1
Landstinget Gvleborg,blk_04883,1,1
"Landstinget Srmland Landstingskansliet, Hlso-och Sjukvrdsledningen",blk_04884,1,1
Landstinget i Vrmland,blk_04885,1,1
Lantmnnen Medical AB,blk_04886,1,1
Larimar Therapeutics Inc.,blk_04887,1,1
Larime company of the Mediscis group,blk_04888,1,1
Lars Arendt-Nielsen,blk_04889,1,1
Lars Bo Svendsen,blk_04890,1,1
Lars Sndergaard,blk_04891,1,1
Lars mller Pedersen,blk_04892,1,1
Lassen Therapeutics 1 Inc.,blk_04893,1,1
Lassila Riitta,blk_04894,1,1
Lateral Pharma Pty Ltd,blk_04895,1,1
Latigo Biotherapeutics Inc.,blk_04896,1,1
Laura Perell Moreno,blk_04897,1,1
Laura Sararols Ramsay,blk_04898,1,1
Laves-Arzneimittel GmbH,blk_04899,1,1
Leal Therapeutics Inc.,blk_04900,1,1
Legacy Healthcare France SAS,blk_04901,1,1
Leila Niemi-Murola,blk_04902,1,1
Lene Bksgaard Jensen,blk_04903,1,1
Lene Drasbek Huusom,blk_04904,1,1
Lene Ringholm,blk_04905,1,1
Lennart Andren,blk_04906,1,1
Leonor Cuadra Llopart,blk_04907,1,1
Leukos Biotech S.L.,blk_04908,1,1
"Leuven Research  Development LRD at University of Leuven, Belgium",blk_04909,1,1
Levicept Ltd.,blk_04910,1,1
Leyden Laboratories B.V.,blk_04911,1,1
Leyh Pharma GmbH,blk_04912,1,1
Life Recovery Systems,blk_04913,1,1
LifeCycle Pharma A/S,blk_04914,1,1
Lifordi Immunotherapeutics Inc.,blk_04915,1,1
Ligartis GmbH,blk_04916,1,1
Lightlake Sinclair Oy,blk_04917,1,1
Lightpoint Medical Ltd,blk_04918,1,1
Liisa Elomaa,blk_04919,1,1
Lijf en Leven,blk_04920,1,1
Limoxifen BV,blk_04921,1,1
Linac-Pet Scan Opco Limited,blk_04922,1,1
Linde Gas Therapeutics,blk_04923,1,1
Linkoping University,blk_04924,1,1
Linkpings Universitet,blk_04925,1,1
Linnuniversitetet,blk_04926,1,1
Lipigon Pharmaceuticals AB,blk_04927,1,1
Lipopeptide AB,blk_04928,1,1
Lisata Therapeutics Inc.,blk_04929,1,1
"Lithuanian University of Health Sciences, Endocrinology Department",blk_04930,1,1
Liveome Inc.,blk_04931,1,1
Livio Falun,blk_04932,1,1
Llus Cabero Roura,blk_04933,1,1
Lmito Therapeutics Inc.,blk_04934,1,1
Logical Therapeutics Inc.,blk_04935,1,1
Lone Baandrup,blk_04936,1,1
Lone Elisabeth Forner,blk_04937,1,1
Lone Skov,blk_04938,1,1
Lophora ApS,blk_04939,1,1
"Lorenzo Victor, PhD",blk_04940,1,1
Lothian Health Board- University Hospitals Division / Lothian Health Board University Hospitals Division,blk_04941,1,1
Lourdes Grande Santamaria,blk_04942,1,1
Lourdes Lozano-Bailen,blk_04943,1,1
Lovisenberg Diaconal Hospital,blk_04944,1,1
Ludwigs Maximilians University,blk_04945,1,1
Luis Bujanda Fernndez de Pirola,blk_04946,1,1
Luis Carlos Imaz Navarro,blk_04947,1,1
Luis F. Lopez-Cortes,blk_04948,1,1
Luis Miguel Ruilope Urioste,blk_04949,1,1
Luis Nombela Franco,blk_04950,1,1
Lumavita AG,blk_04951,1,1
Lumosa Therapeutics Co. Ltd.,blk_04952,1,1
Lunamed Operations AG,blk_04953,1,1
Lungemedicinsk Forskningsenhed,blk_04954,1,1
Lungmedicinska kliniken,blk_04955,1,1
Luton  Dunstable Hospital NHS Foundation Trust,blk_04956,1,1
"Luzitin, S.A.",blk_04957,1,1
Lycia Therapeutics Inc.,blk_04958,1,1
"Lyric Pharmaceuticals, Inc.",blk_04959,1,1
M ANGELES CALDERON,blk_04960,1,1
M Angeles Aguirre Zamorano,blk_04961,1,1
M Antnia Perell Juan,blk_04962,1,1
M Consuelo del Caizo Fernndez-Roldn,blk_04963,1,1
M Isabel Fernndez Garca,blk_04964,1,1
M Luz Couce,blk_04965,1,1
M.S. Arbous,blk_04966,1,1
M2rlab S.L.,blk_04967,1,1
"MAGGOT 2006 Egszsggyi, Kereskedelmi s Szolgltat Ltd.",blk_04968,1,1
MANUEL NGEL GMEZ ROS,blk_04969,1,1
"MAP Pharmaceuticals, Inc.",blk_04970,1,1
MAPREG,blk_04971,1,1
MARIA TERESA PARRAS MALDONADO,blk_04972,1,1
MARIANO ARTES CASELLES,blk_04973,1,1
MAROS Arzneimittel GmbH,blk_04974,1,1
"MDVI, LLC",blk_04975,1,1
MEDESIS PHARMA SA,blk_04976,1,1
MEDESTEA RESEARCH  PRODUCTION,blk_04977,1,1
MEGAINPHARM GmbH,blk_04978,1,1
MELORA PORTUGUESA. LDA.,blk_04979,1,1
"MERIT MEDICAL SYSTEMS, INC.",blk_04980,1,1
MICHAEL J. FOX FOUNDATION FOR PARKINSONS RESEARCH,blk_04981,1,1
MIKEL URRETAVIZCAYA SARACHAGA,blk_04982,1,1
ML Bio Solutions Inc.,blk_04983,1,1
MRC Health Services Research Collaboration,blk_04984,1,1
MSD Belgium BVBA/SPRL,blk_04985,1,1
MSD SHARP  DOHME GMBH,blk_04986,1,1
MSE Pharmazeutika GmbH,blk_04987,1,1
MUC Research GmbH,blk_04988,1,1
MULTIMEDICA S.P.A.,blk_04989,1,1
MUTUAL PHARMACEUTICAL COMPANY,blk_04990,1,1
Maarit Mentula,blk_04991,1,1
Maastriccht University,blk_04992,1,1
Maatschap Cardiologie Zwolle,blk_04993,1,1
MabQuest Therapeutics S.A.,blk_04994,1,1
Macarthys Laboratories Limited trading as Martindale Pharma,blk_04995,1,1
Maidstone and Tunbridge Wells NHS Trust,blk_04996,1,1
Maija Kaukonen,blk_04997,1,1
"Malm Hgskola, Odontologiska fakulteten",blk_04998,1,1
"Malm University Hospital, Dep of Radiology",blk_04999,1,1
"Malm University, Faculty of Odontology",blk_05000,1,1
Malmö Universitet,blk_05001,1,1
Manuel Garca Medina,blk_05002,1,1
Manuel Maca Cortias,blk_05003,1,1
Mapi Pharma Ltd.,blk_05004,1,1
Maplight Therapeutics Inc.,blk_05005,1,1
Mara Carmen Cabellos Mnguez,blk_05006,1,1
Mara Dolores Sousa Regueiro,blk_05007,1,1
Mara Jos Linares Gil,blk_05008,1,1
Mara de los ngeles lvarez Lpez,blk_05009,1,1
Mara del Pino Alberiche Ruano,blk_05010,1,1
Marc Miratvilles,blk_05011,1,1
Marcelo L. Berthier Torres,blk_05012,1,1
Marengo Therapeutics Inc.,blk_05013,1,1
Mari Salmivuori,blk_05014,1,1
Maria Antonia Saornil Alvarez,blk_05015,1,1
Maria Fernanda Pedrero Escalas,blk_05016,1,1
Maria Nabal Vicua Paliative Care Supportive Team-Hospital Universitari Arnau de Vilanova de Lleida,blk_05017,1,1
Maria Siponen / Maria Siponen,blk_05018,1,1
Marianne Kiszka-Kanowitz,blk_05019,1,1
Marie Kristine Jessen,blk_05020,1,1
Mariefreds Vrdcentral,blk_05021,1,1
Marienkrankenhaus Soest,blk_05022,1,1
Marius Henriksen,blk_05023,1,1
Marja-Liisa Korhonen,blk_05024,1,1
Marjo Renko,blk_05025,1,1
Markku Kupari,blk_05026,1,1
Marshall Edwards Pty Limited,blk_05027,1,1
Marta Cobo Marcos,blk_05028,1,1
Martin Maaroos,blk_05029,1,1
Martini Hospital,blk_05030,1,1
Marvel Life Sciences Limited,blk_05031,1,1
María Luisa Martínez Ginés,blk_05032,1,1
Massachussetts General Hospital,blk_05033,1,1
"Mateon Therapeutics, Inc.",blk_05034,1,1
Mater Misercordiae Hospital - Department of Anaesthesia,blk_05035,1,1
Mateusz Gola,blk_05036,1,1
Matilde Zaballos,blk_05037,1,1
Matisse Pharmaceuticals B.V.,blk_05038,1,1
Matrixx Initiatives Inc,blk_05039,1,1
Matrizyme Pharma Corporation,blk_05040,1,1
Matter Misericoridiae University Hospital. Dubln,blk_05041,1,1
Matti Ristola,blk_05042,1,1
Mayo Clinic,blk_05043,1,1
Maze Therapeutics Inc.,blk_05044,1,1
Mdiple Hpital Mutualiste,blk_05045,1,1
MedPharm Ltd.,blk_05046,1,1
MedQuality Forschung GmbH,blk_05047,1,1
MedTrace Pharma A/S,blk_05048,1,1
MedaPharma,blk_05049,1,1
"Medarex, Inc.",blk_05050,1,1
"Medco Health Solutions, Inc.",blk_05051,1,1
Medeca Pharma AB,blk_05052,1,1
Medi-Flex,blk_05053,1,1
MediPsych SA,blk_05054,1,1
Mediar Therapeutics Inc.,blk_05055,1,1
Medical Center Alkmaar,blk_05056,1,1
"Medical Centre of Postgraduate Education, Poland",blk_05057,1,1
Medical Department I,blk_05058,1,1
Medical Enterprises Europe B.V,blk_05059,1,1
Medical Ethics UK Ltd,blk_05060,1,1
"Medical Sciences, Akademiska sjukhuset",blk_05061,1,1
"Medical University Vienna, Gender Medicine Unit, Div. of Endocrinology, Dep of Medicine III",blk_05062,1,1
Medical University of Lublin,blk_05063,1,1
Medical University of Vienna - Abteilung fr Thoraxchirurgie,blk_05064,1,1
Medical University of Vienna / sterreichische Nationalbank - Jubilumsfonds / Servier,blk_05065,1,1
Medical University of Vienna Department of Surgery Division of Transplantation,blk_05066,1,1
"Medical University of Vienna, Department of Anaesthesia, Critical Care and Pain Medicine",blk_05067,1,1
"Medical University of Vienna, Department of Biomedical Imaging and Image-guided Therapy",blk_05068,1,1
"Medical University of Vienna, Department of Pedatrics",blk_05069,1,1
"Medical University of Vienna, Dpt. of Pediatrics",blk_05070,1,1
"MediciNova, Inc.",blk_05071,1,1
"Medicinkliniken, Sjukhuset Lidkping",blk_05072,1,1
MedinCell S.A.,blk_05073,1,1
"Medis, d.o.o.",blk_05074,1,1
Medivis S.r.l.,blk_05075,1,1
Medizinische Einrichtungen des Bezirks Oberpfalz GmbH,blk_05076,1,1
"Medizinische Universitaet Wien, Universitaetsklinik fr Radiologie und Nuklearmedizin",blk_05077,1,1
"Medizinische Universitt Wien, Bernhard Gottlieb Universittszahnklinik",blk_05078,1,1
"Medizinische Universitt Wien, HNO Klinik",blk_05079,1,1
"Medizinische Universitt Wien,KIM I,Klinische Abteilung fr Infektionen u.Tropenmedizin",blk_05080,1,1
"Medizinische Universitt Wien,Univ.Klinik f.Hals-, Nasen- und Ohrenkrankheiten",blk_05081,1,1
Medsenic,blk_05082,1,1
Medway NHS Trust,blk_05083,1,1
Medytox Inc,blk_05084,1,1
Meerkanten GGz,blk_05085,1,1
Meissa Vaccines Inc.,blk_05086,1,1
Melchor Riera Jaume,blk_05087,1,1
Memory Pharmaceuticals Corp,blk_05088,1,1
Menarini IFR  International Division,blk_05089,1,1
Mendus B.V.,blk_05090,1,1
Mensia Technologies SA,blk_05091,1,1
Mentis Cura ehf.,blk_05092,1,1
Menzies Research Institute Tasmania,blk_05093,1,1
Mepha Ltd.,blk_05094,1,1
"Mercator MedSystems, Inc.",blk_05095,1,1
Mercedes Loscertales Abril,blk_05096,1,1
Mercedes Zumarraga Ortiz,blk_05097,1,1
Merck Sante France,blk_05098,1,1
"Merck Serona S.A., Geneva, Switzerland",blk_05099,1,1
"MerckCo.,Inc",blk_05100,1,1
Merrion Pharmaceuticals plc,blk_05101,1,1
Mesentech Inc.,blk_05102,1,1
Mesoestetic Pharma group S.L.,blk_05103,1,1
Mestag Therapeutics Limited,blk_05104,1,1
Metabolism and Nutrition Group of the SEMICYUC,blk_05105,1,1
Metacure Ltd.,blk_05106,1,1
Metcon Medicin AB,blk_05107,1,1
Mette Astrup Madsen,blk_05108,1,1
Mggm LLC,blk_05109,1,1
MiNA Alpha Limited,blk_05110,1,1
Michael Bau Mortensen,blk_05111,1,1
MicroCHIPS,blk_05112,1,1
Micromet AG,blk_05113,1,1
Micurx Pharmaceuticals Inc.,blk_05114,1,1
Mid Cheshire Hospitals NHS Trust,blk_05115,1,1
Miguel Caballero Campo,blk_05116,1,1
Miguel ngel Zapata. Oftalmologa. Hospital vall dHebron,blk_05117,1,1
Miikka Tervonen,blk_05118,1,1
Mika Lehto,blk_05119,1,1
Mikkel Brabrand,blk_05120,1,1
Mikkel Holm Vendelbo,blk_05121,1,1
Mimer Medical AB,blk_05122,1,1
"Mind Medicine, Inc.",blk_05123,1,1
Mindstate Design Labs Inc. / Mindstate Design Labs Inc.,blk_05124,1,1
Minna Honkila,blk_05125,1,1
Minna Laine / Prof. Ritva Tikkanen,blk_05126,1,1
Minna Tallgren,blk_05127,1,1
Minster Pharmaceuticals Ltd,blk_05128,1,1
Mirador Therapeutics Inc.,blk_05129,1,1
"Miravant Pharmaceuticals, Inc.",blk_05130,1,1
Mironid Limited,blk_05131,1,1
Mithra Pharmaceuticals SA,blk_05132,1,1
Mjbetegekrt Alaptvny,blk_05133,1,1
Mnica Saldaa Valderas,blk_05134,1,1
ModigeneTech Ltd.,blk_05135,1,1
"Molecular Templates, Inc.",blk_05136,1,1
Molefy Pharma S.L.,blk_05137,1,1
Moma Therapeutics Inc.,blk_05138,1,1
MonTa Biosciences ApS,blk_05139,1,1
MondoGEN AG,blk_05140,1,1
Mondobiotech Laboratories Anstalt,blk_05141,1,1
Monopar Therapeutics Inc.,blk_05142,1,1
Monteresearch S.r.l.,blk_05143,1,1
Muehlenkreiskliniken AoeR,blk_05144,1,1
MukoCell GmbH,blk_05145,1,1
Multiplex Pharma Holdings LLC,blk_05146,1,1
Muna Therapeutics ApS,blk_05147,1,1
Murdoch Childrens Research Institute MCRI,blk_05148,1,1
Mutua Universal MUGENAT,blk_05149,1,1
Mximo Vento Torres,blk_05150,1,1
Myelo Therapeutics GmbH,blk_05151,1,1
Myeloproliferative Disease Research Consortium MPD-RC,blk_05152,1,1
Myron D. Ginsberg,blk_05153,1,1
Myrtelle Inc.,blk_05154,1,1
Mythic Therapeutics Inc.,blk_05155,1,1
N/A,blk_05156,1,1
NAICONS Srl.,blk_05157,1,1
NANT Operations Centre,blk_05158,1,1
NATHURA SRL,blk_05159,1,1
NBCD A/S,blk_05160,1,1
NCIC Clinical Trials Group,blk_05161,1,1
NEOGAP Therapeutics AB,blk_05162,1,1
NEURALIS s.a.,blk_05163,1,1
"NEUROTEC PHARMA, S.L",blk_05164,1,1
NH-kliniken Sunderby Sjukhus,blk_05165,1,1
"NHS Greater Glasgow, Yorkhill",blk_05166,1,1
NHS Highland,blk_05167,1,1
NI One Inc.,blk_05168,1,1
NINDS,blk_05169,1,1
NOVINTETHICAL PHARMA SAGL,blk_05170,1,1
NSABP Foundation Inc.,blk_05171,1,1
NSGO,blk_05172,1,1
"NU-sjukvrden, Norra lvsborgs Lnssjukhus",blk_05173,1,1
NUI As,blk_05174,1,1
NUIG,blk_05175,1,1
NUMICO RESEARCH BV,blk_05176,1,1
NUTRIALYS,blk_05177,1,1
NV AstraZeneca SA,blk_05178,1,1
NX Development Corp.,blk_05179,1,1
Nadan fond Donatio intensivistam,blk_05180,1,1
Naestved Hospital,blk_05181,1,1
Nanexa AB,blk_05182,1,1
NanoEcho AB (publ),blk_05183,1,1
Nanobiotix,blk_05184,1,1
NatImmune A/S,blk_05185,1,1
"National Cancer Institute Naples, Italy",blk_05186,1,1
"National Centre for Diabetes Care, 1st Dept. Medicine, Diabetes Unit",blk_05187,1,1
National Institute of Diabetes and Digestive and Kidney Diseases,blk_05188,1,1
National Institute on Drug Abuse NIDA,blk_05189,1,1
National Medical Center Orszgos Gygyintzeti Kzpont,blk_05190,1,1
National Stroke Research Institute,blk_05191,1,1
National and Kapodistrial University of Athens,blk_05192,1,1
National and Kapodostrian University of Athens,blk_05193,1,1
Nationwide Childrens Hospital,blk_05194,1,1
Natural Pharma International Npi AB,blk_05195,1,1
Navad Life Sciences Pte Ltd,blk_05196,1,1
Navamedic AB,blk_05197,1,1
Navidea Biopharmaceuticals Ltd,blk_05198,1,1
Navigator Medicines Inc.,blk_05199,1,1
Navire Pharma Inc.,blk_05200,1,1
Navitas Life Sciences GmbH,blk_05201,1,1
Nayana Joshi Jubert,blk_05202,1,1
Nchroma Bio Inc.,blk_05203,1,1
Ncleo de Estudos de Hipertenso da Beira Interior,blk_05204,1,1
NeRReTherapeuticsLtd,blk_05205,1,1
Nectin Therapeutics Ltd.,blk_05206,1,1
Nederlandse Obesitas Kliniek,blk_05207,1,1
Nederlandse Vereniging van Artsen voor longziekten en Tuberculose,blk_05208,1,1
Nekkar Lab srl,blk_05209,1,1
Nektr Technologies,blk_05210,1,1
Nelum Corp.,blk_05211,1,1
Nemocnice Na Homolce,blk_05212,1,1
Neo Vista Inc.,blk_05213,1,1
"NeoImmuneTech, Inc.",blk_05214,1,1
"NeoPharm, Inc.",blk_05215,1,1
Neocutis,blk_05216,1,1
Neogene Therapeutics B.V.,blk_05217,1,1
"Neose Technologies, Inc.",blk_05218,1,1
NephroGenex,blk_05219,1,1
Netherlands Cancer Institute NKI,blk_05220,1,1
Netris Pharma,blk_05221,1,1
"Neuraly, Inc.",blk_05222,1,1
Neurimmune AG,blk_05223,1,1
NeuroCode AG,blk_05224,1,1
NeuroNova AB,blk_05225,1,1
NeuroPharm,blk_05226,1,1
NeuroSense Therapeutics Ltd,blk_05227,1,1
"NeuroVia, Inc.",blk_05228,1,1
NeuroVive Pharmaceutical AB,blk_05229,1,1
"Neuroanstesiologisk Klinik, RH/Glostrup",blk_05230,1,1
Neurochlore,blk_05231,1,1
Neurocure Ltd,blk_05232,1,1
Neurofix S.L.,blk_05233,1,1
NeurogesX Incorporated,blk_05234,1,1
Neurolixis SAS,blk_05235,1,1
"Neurologia Aplicada, SLP",blk_05236,1,1
"Neurological Department, Aarhus University Hospital",blk_05237,1,1
Neurologische Klinik Bad Neustadt,blk_05238,1,1
Neuron23 Inc.,blk_05239,1,1
Neurophyxia B.V.,blk_05240,1,1
Neuroplast BV,blk_05241,1,1
"NeuroproteXeon, Inc.",blk_05242,1,1
Neurothera Labs Inc.,blk_05243,1,1
Neurotrauma Sciences LLC,blk_05244,1,1
Neurovascular Research Group-IRVH,blk_05245,1,1
Neus Fabregas Julia - Hospital Clinic de Barcelona,blk_05246,1,1
Neutrolis Inc.,blk_05247,1,1
Nevakar Inc.,blk_05248,1,1
New Medical Enzymes AG,blk_05249,1,1
Nexbiome Therapeutics,blk_05250,1,1
NicOx S.A,blk_05251,1,1
Nicasio Prez Castellano,blk_05252,1,1
"Nichi-Iko Pharmaceutical Co., Ltd.",blk_05253,1,1
Nido Biosciences Inc.,blk_05254,1,1
Niels Bang,blk_05255,1,1
Niels Jrgen Secher,blk_05256,1,1
Nikolai Sleep Monitoring Clinic,blk_05257,1,1
"Nile Therapeutics, Inc.",blk_05258,1,1
"Nimbus Lakshmi, Inc.",blk_05259,1,1
Nimbus Wadjet Inc.,blk_05260,1,1
Ningbo Newbay Technology Development Co. Ltd.,blk_05261,1,1
"Nippon Suisan Kaisha, Ltd",blk_05262,1,1
"Nitric BioTherapeutics, Inc",blk_05263,1,1
Niuvanniemen sairaala,blk_05264,1,1
Niuvannniemi Hospital,blk_05265,1,1
Noe LGA Gesundheit Region Mitte GmbH,blk_05266,1,1
Noora Kaartinen / Noora Kaartinen,blk_05267,1,1
"Nora Therapeutics, Inc.",blk_05268,1,1
Nordland Hospital. Bod. Dep of Surgery,blk_05269,1,1
Norges Idrettshoegskole,blk_05270,1,1
Norlands University Hospital,blk_05271,1,1
Norpharma A/S,blk_05272,1,1
North Estonia Medical Centre Foundation,blk_05273,1,1
North Lincolnshire and Goole NHS Foundation Trust,blk_05274,1,1
NorthSea Therapeutics B.V.,blk_05275,1,1
Northumbria Healthcare NHS Foundation Trust,blk_05276,1,1
Northwestern University,blk_05277,1,1
Nosokomeio Paidon I Agia Sofia,blk_05278,1,1
Nouscom S.r.l.,blk_05279,1,1
"NovaBiotics, Ltd",blk_05280,1,1
NovaGo Therapeutics AG,blk_05281,1,1
NovaRx Corporation,blk_05282,1,1
"Novacea, Inc.",blk_05283,1,1
NovalGen Ltd,blk_05284,1,1
Novatreat Ltd,blk_05285,1,1
"Novelos Therapeutics, Inc.",blk_05286,1,1
"Noven Pharmaceuticals, Inc.",blk_05287,1,1
Novespace,blk_05288,1,1
Noxopharm Limited,blk_05289,1,1
Nrg Therapeutics Limited,blk_05290,1,1
Nsc Therapeutics GmbH,blk_05291,1,1
Nucleus Medical GmbH,blk_05292,1,1
Numab Therapeutics AG,blk_05293,1,1
"Nuon Therapeutics, Inc.",blk_05294,1,1
"Nuron Biotech, Inc.",blk_05295,1,1
Nutrim,blk_05296,1,1
Nuvectis Pharma Inc.,blk_05297,1,1
Nycomed Sweden Holding 2 AB,blk_05298,1,1
OBCTCD-24 Ltd,blk_05299,1,1
OBEcure,blk_05300,1,1
OCTIMET Oncology NV,blk_05301,1,1
OLV-ziekenhuis,blk_05302,1,1
ONCO3R Therapeutics,blk_05303,1,1
ONCOSTELLAE S.L.,blk_05304,1,1
ONL Therapeutics Inc.,blk_05305,1,1
OPERA SRL,blk_05306,1,1
OPOCRIN S.P.A.,blk_05307,1,1
OPTERION Health AG,blk_05308,1,1
OPi,blk_05309,1,1
ORASIS Pharmaceuticals Ltd,blk_05310,1,1
ORPHANETICS Pharma Entwicklungs- GmbH,blk_05311,1,1
ORPHELIA Pharma,blk_05312,1,1
"ORTHO BIOTECH, Geschftsbereich der JANSSEN-CILAG GmbH",blk_05313,1,1
OSPEDALE  ISRAELITICO DI ROMA,blk_05314,1,1
OSPEDALE G.PASQUINUCCI-FONDAZIONE G.MONASTERIO,blk_05315,1,1
OSPEDALI CIVILI DI LIONE,blk_05316,1,1
OSSERVATORIO EPIDEMIOLOGICO GISEA,blk_05317,1,1
"OXiGENE, Inc.",blk_05318,1,1
Obi Pharma Inc.,blk_05319,1,1
Ocumension (Hong Kong) Ltd.,blk_05320,1,1
Ocus Innovation Ireland Limited,blk_05321,1,1
"Odontologisk Institut, Aarhus Universitet",blk_05322,1,1
Odyssey Therapeutics Inc.,blk_05323,1,1
Ogeda S.A,blk_05324,1,1
Oils4cure S.L.,blk_05325,1,1
Ole Hamberg,blk_05326,1,1
Ole Mathiesen,blk_05327,1,1
Ole Thorlacius-Ussing,blk_05328,1,1
"Oliver Ploder MD, DDS, PhD",blk_05329,1,1
Olpha AS,blk_05330,1,1
Omega Pharma N.V.,blk_05331,1,1
Omikron Italia S.r.l.,blk_05332,1,1
Ona Therapeutics S.L.,blk_05333,1,1
"OncoResponse, Inc.",blk_05334,1,1
OncoSec Medical Incorporated,blk_05335,1,1
OncoZenge AB,blk_05336,1,1
Oncobiologics Limited,blk_05337,1,1
Oncoc4 Inc.,blk_05338,1,1
Oncorena AB,blk_05339,1,1
Oncosyne AS,blk_05340,1,1
Oncozyme Pharma Inc,blk_05341,1,1
"Oncternal Therapeutics, Inc",blk_05342,1,1
Oncusp Therapeutics Inc.,blk_05343,1,1
One-carbon Therapeutics AB,blk_05344,1,1
Onkure Inc.,blk_05345,1,1
Onward Therapeutics France,blk_05346,1,1
Onyvax Limited,blk_05347,1,1
Onze-Lieve-Vrouw Ziekenhuis,blk_05348,1,1
Opella Healthcare Group S.A.S.,blk_05349,1,1
"Opko Health, Incorporated",blk_05350,1,1
Oppilan Pharma Limited,blk_05351,1,1
Optimer Pharmaceuticals Inc.,blk_05352,1,1
Oractive Swiss AG,blk_05353,1,1
"Oragenics, Inc.",blk_05354,1,1
OrbusNeich Medical BV,blk_05355,1,1
Orphalan,blk_05356,1,1
Orszgos Onkolgiai Intzet,blk_05357,1,1
OrthoCell Pty Ltd,blk_05358,1,1
Orthopaedic research unit. Odense University Hospital,blk_05359,1,1
Orthopedic Research Group,blk_05360,1,1
Orygen Research Centre,blk_05361,1,1
Oscient Pharmaceuticals,blk_05362,1,1
"Osiris Therapeutics, Inc.",blk_05363,1,1
Oslo Metropolitan University,blk_05364,1,1
"Oslo University Hospital / Oslo University Hospital, Cancer Research Un it",blk_05365,1,1
"Oslo University Hospital, Department of Endocrinologi, Morbid Obesity and Preventive Medicine",blk_05366,1,1
"Oslo University Hospital, Division of Emergencies and Critical Care",blk_05367,1,1
Ospedale Regionale di Lugano,blk_05368,1,1
Ospedale Valduce,blk_05369,1,1
Osteologix A/S,blk_05370,1,1
Otsuka Novel Products GmbH,blk_05371,1,1
Otsuka Pharmaceutical OPDC,blk_05372,1,1
Ottimo Pharma Limited,blk_05373,1,1
Otto M. Lesch,blk_05374,1,1
Ouro Medicines Limited,blk_05375,1,1
Ove B. Schaffalitzky de Muckadell,blk_05376,1,1
Owlstone Medical Limited,blk_05377,1,1
OxThera IP AB,blk_05378,1,1
Oxolife S.L.,blk_05379,1,1
OxyPharma AB,blk_05380,1,1
Oxytone Bioscience B.V.,blk_05381,1,1
P Pierre Dellamonica,blk_05382,1,1
PALUPA Medical Ltd,blk_05383,1,1
PARENT PROJECT ONLUS,blk_05384,1,1
PARIPharma GmbH,blk_05385,1,1
PD  Dr. med. K-H. Konz,blk_05386,1,1
PD Dr. Gerhard Treiber,blk_05387,1,1
PD Dr. Maria De Santis,blk_05388,1,1
PDC line pharma,blk_05389,1,1
PEDRO ACIEN ALVAREZ,blk_05390,1,1
PET Diagnosztikai Kft.,blk_05391,1,1
PHF SA,blk_05392,1,1
PIAM FARMACEUTICI S.P.A.,blk_05393,1,1
PIBDNet,blk_05394,1,1
PKH-Pharmazeutische Kontroll- und Herstellungslabor GmbH,blk_05395,1,1
PLIVA - ISTRAIVANJE I RAZVOJ d.o.o.,blk_05396,1,1
PRCL Research Inc.,blk_05397,1,1
PRO APARTS SRL,blk_05398,1,1
PRO-IMPLANT Foundation,blk_05399,1,1
PROF. ALFREDO CHETTA,blk_05400,1,1
PROF. TIZIANO GHERLI,blk_05401,1,1
PROGE FARM SRL,blk_05402,1,1
PROMIX Trial Group,blk_05403,1,1
PROMO INTERNATIONAL SRL,blk_05404,1,1
"PROVECTUS BIOPHARMACEUTICALS, INC.",blk_05405,1,1
PSKS,blk_05406,1,1
"PULEVA BIOTECH, S.A.",blk_05407,1,1
PULSION Medical Systems SE,blk_05408,1,1
Pablo Rama Maceiras,blk_05409,1,1
"Palatin Technologies, Inc.",blk_05410,1,1
"Palladio Biosciences Inc.,",blk_05411,1,1
Palle Toft,blk_05412,1,1
"PanOptica, Inc.",blk_05413,1,1
Panacea Biotec Ltd,blk_05414,1,1
Panbela Therapeutics Inc.,blk_05415,1,1
Panin S.r.l.,blk_05416,1,1
Pannon Reprodukcis Intzet B.1.2,blk_05417,1,1
PannonPharma Ltd.,blk_05418,1,1
ParaTech A/S,blk_05419,1,1
"ParinGenix, Inc",blk_05420,1,1
"Parion Sciences, Incorporated",blk_05421,1,1
Paris Descartes - Laboratoire Psychologie Clinique et Psychopathologie,blk_05422,1,1
Paris Lodron Universitaet Salzburg,blk_05423,1,1
Parker Instituttet,blk_05424,1,1
ParnassiaBavoGroup,blk_05425,1,1
Partner Therapeutics Inc.,blk_05426,1,1
Pasithea Therapeutics Corp.,blk_05427,1,1
Patheon Softgels B.V.,blk_05428,1,1
Pathios Therapeutics Limited,blk_05429,1,1
Pawel Florkiewicz,blk_05430,1,1
PeP-Tronic Medical AB,blk_05431,1,1
Peaches Biotech S.L.,blk_05432,1,1
Pega-One S.A.S.,blk_05433,1,1
Peloton Therapeutics Inc.,blk_05434,1,1
Penwest Pharmaceuticals Co.,blk_05435,1,1
PepTcell Limited trading as SEEK,blk_05436,1,1
Peptinov,blk_05437,1,1
Per Honore,blk_05438,1,1
Per Klausen Fink,blk_05439,1,1
Per Lgstrup Poulsen,blk_05440,1,1
Per Lindner,blk_05441,1,1
"Per Whiss, Faculty of Health Sciences",blk_05442,1,1
"Perception Neuroscience, Inc",blk_05443,1,1
PerioC Ltd,blk_05444,1,1
PerioTrap Pharmaceuticals GmbH,blk_05445,1,1
Perle Bioscience Inc.,blk_05446,1,1
Pernille Ravn,blk_05447,1,1
Perrigo Israel Pharmaceuticals Ltd.,blk_05448,1,1
Peter Lommer Kristensen,blk_05449,1,1
Peterborough and Stamford Hospitals NHS Foundation Trust,blk_05450,1,1
Phafag AG,blk_05451,1,1
Pharma 2100 ApS,blk_05452,1,1
Pharma Start LLC,blk_05453,1,1
Pharma Two B Ltd,blk_05454,1,1
PharmaEngine Inc.,blk_05455,1,1
Pharmachemie B.V.,blk_05456,1,1
Pharmahungary Group,blk_05457,1,1
Pharmaleads SA,blk_05458,1,1
Pharmalink AB,blk_05459,1,1
Pharmamel S.L.,blk_05460,1,1
"Pharmanord, UK, LTD",blk_05461,1,1
Pharmanutra S.p.A.,blk_05462,1,1
Pharmapnea AB,blk_05463,1,1
Pharmarama International Limited,blk_05464,1,1
Pharmascience Inc.,blk_05465,1,1
Pharmavax AS,blk_05466,1,1
"Pharmazam, S.A.",blk_05467,1,1
Pharmazz EU Limited,blk_05468,1,1
Pharmecosse,blk_05469,1,1
Pharmnovo AB,blk_05470,1,1
Pharmos Corp.,blk_05471,1,1
"PhaseBio Pharmaceuticals, Inc.",blk_05472,1,1
Phenex Pharmaceuticals AG,blk_05473,1,1
Phenonet Inc.,blk_05474,1,1
Pheon Therapeutics Limited,blk_05475,1,1
Pherecydes Pharma SA,blk_05476,1,1
Philikos B.V.,blk_05477,1,1
Philips,blk_05478,1,1
Phnix Laboratorium GmbH,blk_05479,1,1
Phoenux AG,blk_05480,1,1
Phosprint P.C.,blk_05481,1,1
Phost'In Therapeutics,blk_05482,1,1
Phytopharm plc,blk_05483,1,1
Pierre Schydlowsky,blk_05484,1,1
Pierrel Research Europe GmbH,blk_05485,1,1
Pifzer Limited,blk_05486,1,1
Pijt-Hme Central Hospital,blk_05487,1,1
Pikralida Sp. z o.o.,blk_05488,1,1
Pilar Samper Ots,blk_05489,1,1
Pileje,blk_05490,1,1
Plan Nacional  Sobre SIDA,blk_05491,1,1
Plazmaferezis lloms Kzhaszn Nonprofit Kft,blk_05492,1,1
Pmv Pharmaceuticals Inc.,blk_05493,1,1
Pneumologia c/o Villa Pineta,blk_05494,1,1
"Podipsk nemocnice s poliklinikou, Roudnice n.L., s.r.o",blk_05495,1,1
Pohjois-Karjalan keskussairaala,blk_05496,1,1
Poissy Hospital,blk_05497,1,1
Polclinica Nuestra Seora del Rosario,blk_05498,1,1
Poltreg S.A.,blk_05499,1,1
PolyMedix Inc.,blk_05500,1,1
Polyclinique De L'europe,blk_05501,1,1
Polyneuron Pharmaceuticals AG,blk_05502,1,1
Pomeranian Medical University,blk_05503,1,1
"Poniard Pharmaceuticals, Inc.",blk_05504,1,1
Pontificia Universidad Catolica de Chile,blk_05505,1,1
Poole Hospital NHS Trust,blk_05506,1,1
Porin kaupunki,blk_05507,1,1
PrEP Biopharm Ltd.,blk_05508,1,1
Prana Biotechnology,blk_05509,1,1
Praxis Prof. Koenig,blk_05510,1,1
Premacure AB,blk_05511,1,1
Prescient Therapeutics Limited,blk_05512,1,1
Prexton Therapeutics B.V.,blk_05513,1,1
Prilenia Neurotherapeutics Ltd.,blk_05514,1,1
Prim. Univ.-Prof. Dr. Gnter Janetschek c/o Universittsklinik fr Urologie und Andrologie,blk_05515,1,1
"Prim. Univ.Prof. Dr. Christian Pirich Department of Nuclear Medicine and Endocrinology, PMU Salzburg",blk_05516,1,1
PrimeCell Advanced Therapy a.s.,blk_05517,1,1
Princess Margaret Cancer Centre,blk_05518,1,1
Princess Mxima Center,blk_05519,1,1
Prinnovation GmbH,blk_05520,1,1
Priothera S.A.S.,blk_05521,1,1
ProKidney,blk_05522,1,1
"ProNAi Therapeutics, Inc.",blk_05523,1,1
ProStrakan Ltd,blk_05524,1,1
Proctor and Gamble Technical Centres Ltd,blk_05525,1,1
Prof Alice Stanton,blk_05526,1,1
Prof Bart Neyns,blk_05527,1,1
Prof Jes Olesen,blk_05528,1,1
"Prof John Yarnold, Institute of Cancer Research",blk_05529,1,1
Prof Mathias Abegg,blk_05530,1,1
Prof. Dr. H. Lode,blk_05531,1,1
Prof. Dr. Istvan Racz,blk_05532,1,1
"Prof. Dr. Martina Kerscher, University of Hamburg",blk_05533,1,1
Prof. Dr. Peter Eickholz,blk_05534,1,1
Prof. Harry Siristatidis,blk_05535,1,1
"Prof. Herta Flor, Head of the Institute of Clinical and Cognitive Neuroscience",blk_05536,1,1
Prof. Ivana Zavaroni,blk_05537,1,1
Prof. Per Soelberg Srensen,blk_05538,1,1
Prof. Peter Licht,blk_05539,1,1
Prof.Dr.Hartmut ZWICK,blk_05540,1,1
"Professor Christina Eintrei,Institution of Medical  Health, Section of Anesthesiology",blk_05541,1,1
Professor Krzysztof Tadeusz Drzewiecki,blk_05542,1,1
Professor Thomas John Kiernan,blk_05543,1,1
Profile Pharma Ltd,blk_05544,1,1
Progen Pharmaceuticals Limited,blk_05545,1,1
"Progenics Pharmaceuticals, Inc.",blk_05546,1,1
Projenx Inc.,blk_05547,1,1
Promius Pharma LLC,blk_05548,1,1
Promontory Therapeutics Inc.,blk_05549,1,1
Promore Pharma AB,blk_05550,1,1
Proreo Pharma Innovation AG,blk_05551,1,1
Prosonix Limited,blk_05552,1,1
"Prospect Therapeutics, Inc",blk_05553,1,1
ProstaLundOperations AB,blk_05554,1,1
Protagenic Therapeutics Inc.,blk_05555,1,1
Protherics Development Medicines Ltd,blk_05556,1,1
Provepharm SAS,blk_05557,1,1
Provexis Plc,blk_05558,1,1
"Psicofundacin. Fundacin Espaola para Promocin, Desarrollo Cientfico y Profesional de la Psicologa",blk_05559,1,1
Psyadon Pharmaceuticals Inc.,blk_05560,1,1
"Psychiatric Research Unit, Frederiksborg General Hospital",blk_05561,1,1
PsychoGenics Inc,blk_05562,1,1
"Psychosis Early Detection and Intervention Centre, Department for Psychiatry, UKE Hamburg",blk_05563,1,1
Psykiatrisk Center Ballerup,blk_05564,1,1
Psyon s.r.o.,blk_05565,1,1
Pulmonary Research Institute GmbH an der Asklepiosklinik Barmbek. Niederlassung Hamburg.,blk_05566,1,1
"Pulmotect, Inc.",blk_05567,1,1
Pulmovant Inc.,blk_05568,1,1
PulseSight Therapeutics,blk_05569,1,1
"Puolustusvoimat, Sotilaslketieteen keskus",blk_05570,1,1
PurGenesis Techonologies Inc.,blk_05571,1,1
"Pyramid Biosciences, Inc.",blk_05572,1,1
Q-Develop AB/co Freddie Norberg,blk_05573,1,1
"Q-Med AB, part of the Galderma Group",blk_05574,1,1
Q32 Bio Inc.,blk_05575,1,1
QUALIPHAR NV,blk_05576,1,1
QUEST PHARMATECH INC.,blk_05577,1,1
Qualix Pharma S.L.,blk_05578,1,1
Queen Elizabeth Hospital,blk_05579,1,1
Qurient Co. Ltd.,blk_05580,1,1
RAFAEL GARCIA LOPEZ,blk_05581,1,1
RB Pharmaceuticals Inc.,blk_05582,1,1
"RD Dept Raigmore Hospital, Inverness",blk_05583,1,1
RDD Pharma Ltd.,blk_05584,1,1
RDR Pharma GmbH,blk_05585,1,1
RECARDIO Inc.,blk_05586,1,1
REITHERA SRL,blk_05587,1,1
RER Saint Denis,blk_05588,1,1
RICARDO MORENO OTERO/MARIA CHAPARRO SANCHEZ,blk_05589,1,1
RICARDO MOUZO MIRCO,blk_05590,1,1
RJAH Orthopaedic Hospital,blk_05591,1,1
"ROXRO PHARMA, Inc.",blk_05592,1,1
RUH Bath NHS Trust,blk_05593,1,1
Radboud University Medical Center Njmegen,blk_05594,1,1
Radiation Therapy Oncology Group,blk_05595,1,1
RadioMedic s.r.o.,blk_05596,1,1
Rafael Bielza Galindo,blk_05597,1,1
Rafael Esteban Mur,blk_05598,1,1
Rafael Selgas,blk_05599,1,1
Rafael Ua,blk_05600,1,1
Raija Ristamki,blk_05601,1,1
"Rain Therapeutics, Inc.",blk_05602,1,1
Raincy Montfermeil intercommunal hospital group,blk_05603,1,1
"Rainier Therapeutics, Inc.",blk_05604,1,1
Raitakari Olli,blk_05605,1,1
Ramn Tormo Carnic,blk_05606,1,1
Ranbaxy Laboratories Limited,blk_05607,1,1
Rapidscan Pharma Solutions EU Ltd RPS EU Ltd,blk_05608,1,1
Rapport Therapeutics Inc.,blk_05609,1,1
Rapt Therapeutics Inc.,blk_05610,1,1
Raul de la Fuente-Fernandez,blk_05611,1,1
Rayzebio Inc.,blk_05612,1,1
Realta Life Sciences Inc.,blk_05613,1,1
Reanal Pte. Ltd.,blk_05614,1,1
ReceptoPharm Inc.,blk_05615,1,1
"Recherche et enseignement en douleur, anesthesie reanimation",blk_05616,1,1
Rechon Life Science AB,blk_05617,1,1
Recip AB,blk_05618,1,1
Recognify Life Sciences Inc.,blk_05619,1,1
Redwood Pharma AB,blk_05620,1,1
Regen Therapeutics PLC,blk_05621,1,1
"RegenMedTX, LLC",blk_05622,1,1
Region Halland,blk_05623,1,1
Region Jamtland Harjedalen,blk_05624,1,1
Region Jmtland/Hrjedalen,blk_05625,1,1
Region Jnkpings ln,blk_05626,1,1
Region Vsterbotten,blk_05627,1,1
Regionshospitalet Godstrup,blk_05628,1,1
Rein Therapeutics Inc.,blk_05629,1,1
Reinier van Arkel,blk_05630,1,1
Reino Pyhi,blk_05631,1,1
Relap-C study Steering Commitee,blk_05632,1,1
"Relevare Pharmaceuticals, Ltd.",blk_05633,1,1
Remab Therapeutics S.L.,blk_05634,1,1
Renishaw Neuro Solutions Ltd.,blk_05635,1,1
"RenovoRx, Inc.",blk_05636,1,1
Repertoire Immune Medicines Inc.,blk_05637,1,1
Reponex Pharmaceuticals A/S,blk_05638,1,1
ReposPharma,blk_05639,1,1
ReproNovo ApS,blk_05640,1,1
Resalis Therapeutics S.r.l.,blk_05641,1,1
Research  Development Department,blk_05642,1,1
Research Institute of Biological Psychiatry Sct. Hans,blk_05643,1,1
Research Maatschap Cardiologen Rijnmond Zuid,blk_05644,1,1
Research and Development Department,blk_05645,1,1
"Research and Development Department, John Radcliffe Hospital",blk_05646,1,1
Research and Development department,blk_05647,1,1
Research in Real-Life Ltd,blk_05648,1,1
Resistentia Pharmaceuticals AB,blk_05649,1,1
ResoTher Pharma A/S,blk_05650,1,1
Resolution Therapeutics Limited,blk_05651,1,1
"Resolve Therapeutics, LLC",blk_05652,1,1
Respicopea Limited,blk_05653,1,1
Respira. Fundacin Espaola del Pulmn SEPAR,blk_05654,1,1
Respivant Sciences GmbH,blk_05655,1,1
Retinaklinikken Aleris,blk_05656,1,1
Retinaklinikken Omnia,blk_05657,1,1
Revalesio Corporation,blk_05658,1,1
"Revelation Biosciences, Inc.",blk_05659,1,1
Reviva Pharmaceuticals Holdings Inc.,blk_05660,1,1
Revmatologicky ustav Praha,blk_05661,1,1
Revolo Biotherapeutics Ltd,blk_05662,1,1
Rgshospitalet,blk_05663,1,1
Rheoscience A/S,blk_05664,1,1
Rhoshan Pharmaceuticals Inc.,blk_05665,1,1
"Rib-X Pharmaceuticals, Inc",blk_05666,1,1
"Ribapharm, Inc.",blk_05667,1,1
"Ribon Therapeutics, Inc",blk_05668,1,1
Riga Stradi University,blk_05669,1,1
Rigontec GmbH,blk_05670,1,1
Ritva Jokela,blk_05671,1,1
Ritva Nissi,blk_05672,1,1
Rnatics GmbH,blk_05673,1,1
Robarts Clinical Trials,blk_05674,1,1
Roche Bulgaria EOOD,blk_05675,1,1
Roche Latvia,blk_05676,1,1
"Rockwell Medical, Inc.",blk_05677,1,1
Rodrigo Aguilera,blk_05678,1,1
Romark Laboratories L.C.,blk_05679,1,1
Rophibio Inc.,blk_05680,1,1
Rosa Herrera Castro,blk_05681,1,1
Rosario Garca de Vicua,blk_05682,1,1
Rose Pharma Inc.,blk_05683,1,1
Roskamp Institute,blk_05684,1,1
Roskilde Amts Sygehus,blk_05685,1,1
RostaQuo S.p.A.,blk_05686,1,1
Royal Berkshire and Battle Hospitals NHS Trust,blk_05687,1,1
Royal National Hospital for Rheumatic Disease,blk_05688,1,1
Royal Sussex County Hospital,blk_05689,1,1
Rubedo Life Sciences Italy S.R.L.,blk_05690,1,1
Rune Rasmussen,blk_05691,1,1
Rycarma Therapeutics Inc.,blk_05692,1,1
S.E. Carburos Metlicos S.A. grupo Air Products,blk_05693,1,1
S.P.A. ITALIANA LABORATORI BOUTY,blk_05694,1,1
SALUS Haus GmbH  Co. KG,blk_05695,1,1
SANFILIPPO Therapeutics SAS,blk_05696,1,1
"SBI Pharmaceuticals Co., Ltd.",blk_05697,1,1
SBL Vaccin AB,blk_05698,1,1
SCIOTEC DIAGNOSTIC TECHNOLOGIES GMBH,blk_05699,1,1
SCIPHARM SRL,blk_05700,1,1
SESP,blk_05701,1,1
"SGHL  SOCIEDADE GESTORA DO HOSPITAL DE LOURES, S.A - Hospital Beatriz ngelo",blk_05702,1,1
"SGX Pharmaceuticals, Inc.",blk_05703,1,1
SILVIA GONZALEZ SANTOS,blk_05704,1,1
SIOP,blk_05705,1,1
SLL,blk_05706,1,1
"SOLEDAD CARREGUI, NATIVIDAD BANEGAS, SARA CRUZ",blk_05707,1,1
SOPHARMA PLC,blk_05708,1,1
SORIN CRM SAS (Microport CRM),blk_05709,1,1
SPARKLE SRL,blk_05710,1,1
STELIC INSTITUTE  CO.,blk_05711,1,1
STOP SIDA,blk_05712,1,1
STRUTTURA SEMPLICE GESTIONE-ORG.-FUNZ. HUB EMOFILIA,blk_05713,1,1
STX Pharma,blk_05714,1,1
SYGNIS Bioscience GmbH  Co. KG,blk_05715,1,1
Sab Biotherapeutics Inc.,blk_05716,1,1
SagaMedica ehf.,blk_05717,1,1
Sager Pharma Ltd.,blk_05718,1,1
Sagimet Biosciences Inc.,blk_05719,1,1
Sakari Simula,blk_05720,1,1
Samsung Electronics Co. Ltd.,blk_05721,1,1
Sana Klinikum Lichtenberg,blk_05722,1,1
Sanaria Inc.,blk_05723,1,1
Sandwell Medical Research Unit,blk_05724,1,1
Sankt Lukas Hospice,blk_05725,1,1
Sanochemia Pharmazeutika AG,blk_05726,1,1
Sanofi-Synthlabo Recherche,blk_05727,1,1
Sanos Bioscience A/S,blk_05728,1,1
"Santarus, Inc.",blk_05729,1,1
Sante Atlantique,blk_05730,1,1
Santeon,blk_05731,1,1
Santiago Grau Cerrato,blk_05732,1,1
"Sapience Therapeutics, Inc.",blk_05733,1,1
Sara Rafael Fernndez,blk_05734,1,1
Satellos Bioscience Inc.,blk_05735,1,1
Saving Patients Lives Medical B.V.,blk_05736,1,1
Scancell Ltd,blk_05737,1,1
Scandion Oncology A/S,blk_05738,1,1
Schaper & Bruemmer GmbH & Co. KG,blk_05739,1,1
Scheper Ziekenhuis,blk_05740,1,1
Schering Nordiska AB,blk_05741,1,1
Schriners Hospitals for Children,blk_05742,1,1
"Scioderm, INC",blk_05743,1,1
Scleroderma Research Foundation,blk_05744,1,1
Scorpion Therapeutics Inc.,blk_05745,1,1
Sdertlje sjukhus AB,blk_05746,1,1
Sea4us Biotecnologia E Recursos Marinhos S.A.,blk_05747,1,1
Sealantium Medical Ltd.,blk_05748,1,1
Sebastiano Biondo Aglio,blk_05749,1,1
"Section of Clinical Pain Research, Department of Molecular Medicine and Surgery Karolinska Institute",blk_05750,1,1
"Section of Orofacial Pain and Jaw Function, Aarhus University",blk_05751,1,1
Seelos Therapeutics Inc.,blk_05752,1,1
Seikagaku Corporation,blk_05753,1,1
"Seinjoen keskussairaala, Fysiatrian ja kuntoutuksen tulosyksikk",blk_05754,1,1
Seksjon for odontologisk farmakologi og farmakoterapi. UiO,blk_05755,1,1
"Sektion Chirurgische Forschung, Univ.Klinik f.Chirurgie",blk_05756,1,1
SelectImmune Pharma AB,blk_05757,1,1
Sellas Life Sciences Group Inc.,blk_05758,1,1
SentoClone AB,blk_05759,1,1
SentryX B.V.,blk_05760,1,1
Sepsicure LLC,blk_05761,1,1
Serentis Limited,blk_05762,1,1
Sergio Aleman,blk_05763,1,1
Sergio Hernndez Expsito,blk_05764,1,1
Servicio de Alergia. Hospital Civil. Mlaga Spain,blk_05765,1,1
Servicio de Farmacia. Hospital Universitario de Bellvitge.,blk_05766,1,1
Servicio de Neumologa del Hospital Valle Hebrn,blk_05767,1,1
Servicio de Neurologa,blk_05768,1,1
Seven Seas Limited,blk_05769,1,1
Shandong Boan Biotechnology Co. Ltd. / Shandong Boan Biotechnology Co. Ltd.,blk_05770,1,1
Shanghai Argo Biopharmaceutical Co. Ltd.,blk_05771,1,1
"Shanghai Fosun Pharmaceutical Industrial Development Co.,Ltd.",blk_05772,1,1
Shanghai Yingli Pharmaceutical Co. Ltd. / Shanghai Yingli Pharmaceutical Co. Ltd.,blk_05773,1,1
Shield TX UK Limited,blk_05774,1,1
Shrewsbury  Telford Hospital NHS Trust,blk_05775,1,1
"Siegfried Kasper, O.Univ.Prof.Dr.Dr.h.c.",blk_05776,1,1
Siena Biotech SpA,blk_05777,1,1
"Sigilon Therapeutics, Inc.",blk_05778,1,1
SigmaDrugs Research Ltd.,blk_05779,1,1
Sigmoid Pharma Ltd,blk_05780,1,1
"Signe H. stoft, Diabetes Research Division",blk_05781,1,1
Sigrun Kjtrd,blk_05782,1,1
SillaJen Inc.,blk_05783,1,1
Silvia Delgado Aros,blk_05784,1,1
Silvia Gil Trujillo,blk_05785,1,1
Sinfatin S.L.,blk_05786,1,1
Sinoxa Pharma GmbH,blk_05787,1,1
Sinusventure LLC.,blk_05788,1,1
Sirius Therapeutics Inc.,blk_05789,1,1
Sixera Pharma AB,blk_05790,1,1
Skanes University Hospital,blk_05791,1,1
Skaraborg Hospital,blk_05792,1,1
Slidgigtinstituttet A/S,blk_05793,1,1
Sligo General Hospital,blk_05794,1,1
Smart Immune / Smart Immune,blk_05795,1,1
SmartDyeLivery GmbH,blk_05796,1,1
Smarthealth Inc.,blk_05797,1,1
Smartwise Sweden AB,blk_05798,1,1
Smerteklinikken,blk_05799,1,1
"Smittskyddsinstitutet, STRAMA",blk_05800,1,1
Sociedad Madrilea de Nefrologa SOMANE,blk_05801,1,1
Sociedade Portuguesa de Cardiologia,blk_05802,1,1
Societe Francaise de Cardiologie,blk_05803,1,1
Socit Franaise de Cardiologie,blk_05804,1,1
Sofamor - Danek,blk_05805,1,1
Sogaisida,blk_05806,1,1
"Sojournix, Inc",blk_05807,1,1
Sol-Gel Technologies Ltd.,blk_05808,1,1
Solace Pharmaceuticals Inc.,blk_05809,1,1
SolasCure Ltd,blk_05810,1,1
Solenne BV,blk_05811,1,1
Solfarcos Solucoes Farmaceuticas E Cosmeticas Lda.,blk_05812,1,1
Sonderforschungsbereich 656 SFB 656,blk_05813,1,1
Sonia Luque Pardos,blk_05814,1,1
"Sopherion Therapeutics, Inc.",blk_05815,1,1
Sophiahemmet,blk_05816,1,1
Sophiris Bio Corp,blk_05817,1,1
Sorlandsklinikken,blk_05818,1,1
Sorriso Pharmaceuticals Inc.,blk_05819,1,1
Southend Hospital,blk_05820,1,1
Southport and Ormskirk Hospital NHS Trust,blk_05821,1,1
Southwest Oncology Group SWOG,blk_05822,1,1
Spago Nanomedical AB,blk_05823,1,1
Spanish HIV/AIDS Research Network,blk_05824,1,1
Spanish Oncology Genitourinary Group,blk_05825,1,1
"Spark Therapeutics, Inc",blk_05826,1,1
"Specialisttandvrden/Bettfysiologi, Folktandvrden Sdra Bohsln",blk_05827,1,1
Speising Orthopaedic Hospital Vienna,blk_05828,1,1
Spikimm,blk_05829,1,1
Spinal Cord Injury Centre of Western Denmark,blk_05830,1,1
Splicebio S.L.,blk_05831,1,1
Splisense Ltd.,blk_05832,1,1
Splona bolninica Celje,blk_05833,1,1
Sportmedisch expertisecentrum,blk_05834,1,1
"Spring Bank Pharmaceuticals, Inc.",blk_05835,1,1
Spur Therapeutics Limited,blk_05836,1,1
"Spyryx Biosciences, Inc.",blk_05837,1,1
Sqy Therapeutics,blk_05838,1,1
Srlandet Hospital,blk_05839,1,1
St Marys NHS Trust,blk_05840,1,1
St. Jude Childrens Research Hospital,blk_05841,1,1
"St. Vincent Hospital, Medical Department II",blk_05842,1,1
Staf Longziekten,blk_05843,1,1
Stage Pharmaceuticals GmbH,blk_05844,1,1
"Staidson Beijing Biopharmaceutical Co., Ltd. and Beijing Defengrui Biological Technology Co., Ltd.",blk_05845,1,1
Stanford University School of Medicine,blk_05846,1,1
Stanmore Clinical Research Facility Ltd,blk_05847,1,1
State University Hospital,blk_05848,1,1
Stdtisches Klinikum Mnchen GmbH,blk_05849,1,1
Steen Bendix Haugaard,blk_05850,1,1
Steen Stender,blk_05851,1,1
Steiermrkische Gebietskrankenkasse,blk_05852,1,1
Steiner  Co. Deutsche Arzneimittelgesellschaft mbH  Co. KG,blk_05853,1,1
Stelexis Biosciences Inc.,blk_05854,1,1
Stellaris Pharmaceuticals ApS,blk_05855,1,1
Sten Walther,blk_05856,1,1
Stepani Bendel,blk_05857,1,1
Sterotherapeutics LLC,blk_05858,1,1
Stichting Alrijne Zorggroep,blk_05859,1,1
Stichting Apotheek der Haarlemse Ziekenhuizen,blk_05860,1,1
Stichting Lever Onderzoek,blk_05861,1,1
Stichting Rotterdams Onderzoeksconsortium Kindergeneeskunde,blk_05862,1,1
Stichting Toegepast Caridologisch Onderzoek,blk_05863,1,1
Stockholm Centre for Dependency Disorders,blk_05864,1,1
Stockholm Spine Center,blk_05865,1,1
Strakan Pharmaceuticals Ltd,blk_05866,1,1
Strathmann GmbH  Co. KG,blk_05867,1,1
Streeklaboratorium voor de volksgezondheid Kennemerland,blk_05868,1,1
Structure Therapeutics Inc.,blk_05869,1,1
"Stryker Biotech, LLC",blk_05870,1,1
Sublimity Therapeutics Hold Co Ltd.,blk_05871,1,1
Suchthilfe Wien gGmbH,blk_05872,1,1
Sudo Biosciences Limited,blk_05873,1,1
"Sumitomo Pharma America, Inc. SMPA",blk_05874,1,1
Sunuvion Pharmaceuticals Inc,blk_05875,1,1
Surgimab,blk_05876,1,1
"Sussex NHS Research Consortium, Research Department, Worthing Hospital",blk_05877,1,1
Suven Life Sciences Limited,blk_05878,1,1
Suzhou Ribo Life Science Co. Ltd.,blk_05879,1,1
Sven-ke Lundin,blk_05880,1,1
"Svettmottagningen Hidroskliniken, Stockholm",blk_05881,1,1
Swanbio Therapeutics Limited,blk_05882,1,1
Swedish Match North Europe AB,blk_05883,1,1
Swedish Pituitary Study group,blk_05884,1,1
Swiss GO Trial Group,blk_05885,1,1
"Sydn- ja keuhkokeskus, HUS",blk_05886,1,1
Sydnexis Inc.,blk_05887,1,1
Sygehus Soenderjylland Soenderborg,blk_05888,1,1
"SynCore Biotechnology Co., Ltd.",blk_05889,1,1
Synartro AB,blk_05890,1,1
"Synergia Pharma, Inc.",blk_05891,1,1
Synnovation Therapeutics Inc.,blk_05892,1,1
Synosia Therapeutics AG,blk_05893,1,1
"Synspira Therapeutics, Inc.",blk_05894,1,1
Synthekine Inc.,blk_05895,1,1
Synthorx Inc.,blk_05896,1,1
Syntopix Group plc,blk_05897,1,1
Syqe Medical Ltd.,blk_05898,1,1
Systimmune Inc.,blk_05899,1,1
T Kardioloogiakliinik,blk_05900,1,1
T-Balance Therapeutics GmbH,blk_05901,1,1
T-Knife GmbH,blk_05902,1,1
T3 Pharmaceuticals AG,blk_05903,1,1
T7 Therapeutics Inc.,blk_05904,1,1
TACL,blk_05905,1,1
TAKO,blk_05906,1,1
TARGEON,blk_05907,1,1
TARSIER PHARMA LTD.,blk_05908,1,1
TAYS Sydaenkeskus Oy,blk_05909,1,1
"TAYS, Hematologian yksikk",blk_05910,1,1
TAYS/teho-osasto,blk_05911,1,1
TBF,blk_05912,1,1
TC BioPharm Ltd,blk_05913,1,1
TECHNI-PHARMA,blk_05914,1,1
"TFF Pharmaceuticals, Inc.",blk_05915,1,1
"THERACLONE SCIENCES, INC.",blk_05916,1,1
THERANOR sprl,blk_05917,1,1
THERAVECTYS,blk_05918,1,1
THT Research sprl,blk_05919,1,1
TIPharma,blk_05920,1,1
TKT Inc,blk_05921,1,1
TLT Medical Ltd.,blk_05922,1,1
TME Pharma AG,blk_05923,1,1
TOPIVERT Pharma Limited,blk_05924,1,1
TOXILYON,blk_05925,1,1
TRASTEC,blk_05926,1,1
TREND,blk_05927,1,1
"TRF Pharma, Inc.",blk_05928,1,1
TRICHOLOG GmbH,blk_05929,1,1
TRIGEN,blk_05930,1,1
Tacurion Pharma Inc,blk_05931,1,1
Taina Sipponen,blk_05932,1,1
Takeda Europe RD Centre Ltd. TEuRD,blk_05933,1,1
Takeda Global Research  Development Centre Europe Ltd TGRD,blk_05934,1,1
"Takeda Vaccines Montana, Inc.",blk_05935,1,1
Takis S.r.l.,blk_05936,1,1
"Talon Therapeutics , Inc.",blk_05937,1,1
Tameside Hospital NHS Foundation Trust,blk_05938,1,1
Tan Tock Seng Hospital Pte. Ltd.,blk_05939,1,1
Tapestry Pharmaceuticals Ltd,blk_05940,1,1
Targanta Therapeutics Corporation,blk_05941,1,1
Tari Haahtela,blk_05942,1,1
Tarja Heiskanen,blk_05943,1,1
"Tarsa Therapeutics, Inc.",blk_05944,1,1
"Tarveda Therapeutics, Inc.",blk_05945,1,1
Tasly Pharmaceuticals Inc.,blk_05946,1,1
Taunton  Somerset NHS Trust,blk_05947,1,1
"Tavanta Therapeutics, Inc.",blk_05948,1,1
"Taxolog, Inc.",blk_05949,1,1
Tays/ anestesiayksikk,blk_05950,1,1
Techfields Inc.,blk_05951,1,1
Technische Universitt Dreden,blk_05952,1,1
Technische Universitt Dresen,blk_05953,1,1
Teemu Luostarinen,blk_05954,1,1
Teijo Saari,blk_05955,1,1
Teikyo University,blk_05956,1,1
Teitur Trophics ApS,blk_05957,1,1
Tekonivelsairaala Coxa,blk_05958,1,1
"TenX Biopharma, Inc.,",blk_05959,1,1
Tenax Therapeutics Inc.,blk_05960,1,1
Tenboron Oy,blk_05961,1,1
Tengion Inc.,blk_05962,1,1
Tenvie Therapeutics Inc.,blk_05963,1,1
Terese Katzenstein,blk_05964,1,1
Terho Heikkinen,blk_05965,1,1
Tern Therapeutics LLC,blk_05966,1,1
Terns Inc.,blk_05967,1,1
Tesla Medical s.r.o.,blk_05968,1,1
TetraLogic Pharmaceuticals,blk_05969,1,1
The Aurum Institute / Quality Regulatory Clinical Ireland Limited / Quality Regulatory Clinical Ireland Limited,blk_05970,1,1
The Austrian Society of Surgical Oncology ACO-ASSO,blk_05971,1,1
The BONiFIN study group,blk_05972,1,1
The Back Research center,blk_05973,1,1
The Brigham And Women’s Hospital Inc.,blk_05974,1,1
The Cardinal Stefan Wyszyski Institute of Cardiology,blk_05975,1,1
The Central Remedial Clinic and The Childrens University Hospital,blk_05976,1,1
"The Clinical Research Centre, RCSI Education and Research Centre",blk_05977,1,1
The Functional Gut Clinic,blk_05978,1,1
The Heartbeat Trust,blk_05979,1,1
"The Karolinska Institute, ClinTRID",blk_05980,1,1
The Kirby Institute - UNSW Australia,blk_05981,1,1
The Mater Foundation/HRB Grant,blk_05982,1,1
The Mentholatum Company Ltd,blk_05983,1,1
The Nordic Myeloproliferative Neoplasm Group,blk_05984,1,1
"The Pediatric Clinics, The Juliane Marie Center, The Danish National Hospital Rigshospitalet",blk_05985,1,1
The Pennine Acute Hospitals NHS Trust,blk_05986,1,1
"The Police Rehabilitation Centre, Flint House",blk_05987,1,1
The Rockefeller University,blk_05988,1,1
The SAVE trial group,blk_05989,1,1
The Scripps Research Institute,blk_05990,1,1
The Swedish AML Group,blk_05991,1,1
Thena Biotech S.r.l.,blk_05992,1,1
Theolytics Limited,blk_05993,1,1
Therabron Therapeutics Inc.,blk_05994,1,1
Theradex Europe Ltd.,blk_05995,1,1
Therakind Limited,blk_05996,1,1
Therapix Biosciences Ltd.,blk_05997,1,1
Theravia,blk_05998,1,1
Thermosome GmbH,blk_05999,1,1
Theseus Pharmaceuticals Inc.,blk_06000,1,1
Thessalonikis Aristoteleio University,blk_06001,1,1
Thiogenesis Therapeutics,blk_06002,1,1
Thomas Benfield,blk_06003,1,1
Thomas Bergholt,blk_06004,1,1
Thor Petersen,blk_06005,1,1
Thoraxkirurgisk afd. Rigshospitalet,blk_06006,1,1
Thrombotech Ltd.,blk_06007,1,1
"Tiburio Therapeutics, Inc.",blk_06008,1,1
"Tigercat Pharma, Inc.",blk_06009,1,1
Tilburg University,blk_06010,1,1
Tillotts Pharma AG,blk_06011,1,1
"Timber Pharmaceuticals, LLC",blk_06012,1,1
Timo Jahnukainen,blk_06013,1,1
Timo Laitio,blk_06014,1,1
"Tioma Therapeutics, Inc.",blk_06015,1,1
Tiziana Life Sciences Plc,blk_06016,1,1
"TolerRx, Inc.",blk_06017,1,1
Toleranzia AB,blk_06018,1,1
"Tolero Pharmaceuticals, Inc.",blk_06019,1,1
TolerogenixX GmbH,blk_06020,1,1
Tomi Niemi,blk_06021,1,1
Tommi Vimpeli,blk_06022,1,1
Tools4Patient,blk_06023,1,1
Topadur Pharma Deutschland GmbH / Topadur Pharma AG,blk_06024,1,1
Topigen Pharmaceuticals Inc.,blk_06025,1,1
Torl Biotherapeutics LLC,blk_06026,1,1
Torrent Pharmaceuticals Ltd.,blk_06027,1,1
Toscana Life Sciences Sviluppo,blk_06028,1,1
Totus Medicines Inc.,blk_06029,1,1
Tourmaline Bio Inc.,blk_06030,1,1
Trafford NHS Trust,blk_06031,1,1
Tranquis Therapeutics Inc.,blk_06032,1,1
TransPharma Medical,blk_06033,1,1
TransTech Pharma,blk_06034,1,1
Transparency in Healthcare,blk_06035,1,1
Transthera Sciences (Nanjing) Inc.,blk_06036,1,1
Treeline Biosciences Inc.,blk_06037,1,1
"Tremeau Pharmaceuticals, Inc.",blk_06038,1,1
Trichocare Diagnostics Ltd,blk_06039,1,1
Trimed Biotech GmbH,blk_06040,1,1
Trimel Biopharma SRL,blk_06041,1,1
Tripep AB,blk_06042,1,1
Trishula Therapeutics Inc.,blk_06043,1,1
Trizell Ltd,blk_06044,1,1
Trustees Of The University Of Pennsylvania,blk_06045,1,1
Tuomo Nieminen,blk_06046,1,1
Tuula Manner,blk_06047,1,1
Twi Biotechnology Inc.,blk_06048,1,1
TxCell,blk_06049,1,1
U.L.S.S. 16,blk_06050,1,1
U.O. Ginecologia e Ostetricia,blk_06051,1,1
U.O. Tossicologia,blk_06052,1,1
U.O.C. EMATOLOGIA - OSP. S. EUGENIO - ASL RM C,blk_06053,1,1
U.O.PNEUMOLOGIA- AZ. USL1 DI MASSA E CARRARA,blk_06054,1,1
UAB Froceth,blk_06055,1,1
UAB Roche Lietuva,blk_06056,1,1
UAB venioni vaistaols,blk_06057,1,1
UBHT,blk_06058,1,1
UF de mthodologie en recherche clinique,blk_06059,1,1
UHToulouse,blk_06060,1,1
UHangers,blk_06061,1,1
"UK fr Ansthesieologie, Gemeinn. Sbg. Landeskliniken BetriebsgesmbH",blk_06062,1,1
"UK fr Ansthesiologie und allgemeine Intensivmedizin, LKH Salzburg",blk_06063,1,1
UNIVERSITY CLINIC GOLNIK,blk_06064,1,1
UNIVERSITY OF SASSARI,blk_06065,1,1
UROLOGY ASSOCIATES S.L.,blk_06066,1,1
USV Private Limited,blk_06067,1,1
UZBrussel,blk_06068,1,1
Ubix Therapeutics Inc.,blk_06069,1,1
Ulrich Tacke,blk_06070,1,1
Ulrik Grevstad,blk_06071,1,1
Ulster Community  Hospitals Trust,blk_06072,1,1
Ultimovacs ASA,blk_06073,1,1
Umecrine Mood AB,blk_06074,1,1
Unai Ortega Mera,blk_06075,1,1
Unfallkrankenhaus Salzburg,blk_06076,1,1
Uni-Zentrum naturheilkunde,blk_06077,1,1
Unidad de Cirugia Artroscpica,blk_06078,1,1
Unidad de Neuroinmunologa,blk_06079,1,1
"Unigene Laboratories, Inc.",blk_06080,1,1
Uniklinikum Tuebingen,blk_06081,1,1
Unit de Recherches Thrapeutiques,blk_06082,1,1
Unita Operativa di Endocrinologia e Malattie del Metabolismo,blk_06083,1,1
Unitat de Recerca en Pediatria Nutrici i Desenvolupament Hum,blk_06084,1,1
Univ. Prof. Dr. Christoph Zielinski,blk_06085,1,1
Univ. Prof. Dr. Manuela Schmidinger,blk_06086,1,1
Univ. Prof. Dr. Markus Peck-Radosavljevic,blk_06087,1,1
"Univ. hospital, Dpt. of anaesthesia",blk_06088,1,1
Univ.-Kl.f.Nuklearmedizin Wien,blk_06089,1,1
Univ.-Prof. Dr. Doris Balogh,blk_06090,1,1
Univ.-Prof. Dr. Helmut Mittermayer,blk_06091,1,1
Univ.-Prof. Dr. Karlheinz Tscheliessnigg,blk_06092,1,1
Univ.-Prof. Dr. Volker Wenzel,blk_06093,1,1
Univeristy Hospital Na Bulovce,blk_06094,1,1
Universidad Catlica de Murcia UCAM,blk_06095,1,1
Universidad Miguel Hernandez,blk_06096,1,1
Universidad de Granada,blk_06097,1,1
Universit de Sherbrooke,blk_06098,1,1
Universita di Firenze Dipartimento di Farmacologia Preclinica e Clinica,blk_06099,1,1
"Universith Hospital of Heraklion, Department of Medical Oncology",blk_06100,1,1
Universitres Herzzentrum Hamburg,blk_06101,1,1
Universittskinderspital beider Basel  UKBB,blk_06102,1,1
Universittsklinik Mainz Pneumologie,blk_06103,1,1
"Universittsklinik fr Innere Medizin III, Klinische Abteilung fr Rheumatologie, Medizinische Universitt Wien",blk_06104,1,1
"Universittsklinik fr Innere Medizin IV, Medizinische Universitt Innsbruck",blk_06105,1,1
Universittsklinik fr Psychiatrie - Spezialambulanz fr Abhangigkeitserkrankungen,blk_06106,1,1
"Universittsklinik fr Psychiatrie des Kindes- und Jugendalters, AKH Wien, Medizinische Universitt",blk_06107,1,1
Universittsklinikum Giessen und Marburg - Standort Giessen,blk_06108,1,1
Universittsmedizin Mainz vertreten durch den wissenschaftlichen Vorstand,blk_06109,1,1
Universittspital Zrich Ansthesie,blk_06110,1,1
University Center Hospital of Guadeloupe,blk_06111,1,1
University Childrins Hospital,blk_06112,1,1
University Clinic of Dermatology Division of Special and Enviromental Dermatology,blk_06113,1,1
"University Department of General, Visceral and Transplant Surgery Tuebingen",blk_06114,1,1
"University Heidelberg, Med. Fac. repr. by University Hospital and its Commercial Managing Director",blk_06115,1,1
University Hopsital Tuebingen,blk_06116,1,1
University Hospital Limerick,blk_06117,1,1
University Hospitals of Leciester NHS trust,blk_06118,1,1
University Hospitals of Leiceter NHS Trust,blk_06119,1,1
University Medical Center Ultrecht,blk_06120,1,1
University Medical Centre Utrech,blk_06121,1,1
University Of Foggia,blk_06122,1,1
University Of Patras,blk_06123,1,1
University Of Trieste,blk_06124,1,1
"University School of Medicine Hannover MHH, represented by the chairmanship",blk_06125,1,1
"University of Aarhus, School of Dentistry",blk_06126,1,1
"University of Basel Childrens Hospital, Division of Neuropediatrics",blk_06127,1,1
University of Chicago,blk_06128,1,1
University of Copenhagen / jens astrup,blk_06129,1,1
"University of Copenhagen, Roskilde, Department of Dermatology",blk_06130,1,1
University of DundeeResearch  Innovation Services,blk_06131,1,1
"University of Hamburg, MIN-Faculty, Department of Chemistry, Division of Cosmetetic Science",blk_06132,1,1
"University of Heidelberg, Frau I. Grkan, Kaufmnnische Direktorin",blk_06133,1,1
"University of Oslo, Faculty of Medicine, Institute of Health and Society",blk_06134,1,1
"University of Oslo, Institute of General Practice and Community Medicine",blk_06135,1,1
University of Rzeszow,blk_06136,1,1
University of Rzeszw,blk_06137,1,1
University of Texas Health Science Center,blk_06138,1,1
"University of Turin, Dept of Clinical  Biological Sciences",blk_06139,1,1
UniversityHospitalGrenoble,blk_06140,1,1
Univerzita Palackeho V Olomouci,blk_06141,1,1
Uniwersytet Mikoaja Kopernika w Toruniu,blk_06142,1,1
Unknown at this point Between jobs / Unknown at this point Between jobs,blk_06143,1,1
"Urologische Klinik und Poliklinik, Klinikum Grohadern der LMU Mnchen",blk_06144,1,1
Urologkliniken US,blk_06145,1,1
Uzdrowisko Kamie Pomorski S.A.,blk_06146,1,1
VACCIBODY A.S.,blk_06147,1,1
VAXIMM GmbH,blk_06148,1,1
VHIO,blk_06149,1,1
VHsquared Ltd,blk_06150,1,1
VIRAMAL LIMITED,blk_06151,1,1
VISIOTACT PHARMA,blk_06152,1,1
"VIVUS, Inc.",blk_06153,1,1
VO Anesthesia/ICU Lunds University Hospital,blk_06154,1,1
"VO Barnmedicin, Sknes University Hospital",blk_06155,1,1
VVOG,blk_06156,1,1
Vaderis Therapeutics AG,blk_06157,1,1
Vakcina Kft,blk_06158,1,1
Valeant Research  Development,blk_06159,1,1
"Valerion Therapeutics, LLC",blk_06160,1,1
ValiRx plc,blk_06161,1,1
Valletta Health BV,blk_06162,1,1
Valo Therapeutics Oy,blk_06163,1,1
Vandria S.A.,blk_06164,1,1
Vanqua Bio Inc.,blk_06165,1,1
Var2 Pharmaceuticals ApS,blk_06166,1,1
Vasa HVC,blk_06167,1,1
VectorY Therapeutics B.V.,blk_06168,1,1
Vega Therapeutics Inc.,blk_06169,1,1
Veloxis Pharmaceuticals A/S,blk_06170,1,1
"VenatoRx Pharmaceuticals, Inc.",blk_06171,1,1
Vensica Medical Ltd.,blk_06172,1,1
Ventrus Biosciences,blk_06173,1,1
VeonGen Therapeutics GmbH,blk_06174,1,1
Verge Genomics,blk_06175,1,1
Vericel Corporation,blk_06176,1,1
Vertero Therapeutics Inc.,blk_06177,1,1
Verve Therapeutics Inc.,blk_06178,1,1
Vesa Pakanen,blk_06179,1,1
Vesper Bio ApS / Vesper Bio ApS,blk_06180,1,1
ViGeneron GmbH,blk_06181,1,1
Vibeke Hjortdal,blk_06182,1,1
Viborg Sygehus,blk_06183,1,1
Vico Therapeutics B.V.,blk_06184,1,1
Victor Martnez Taboada,blk_06185,1,1
Vidac Pharma Ltd.,blk_06186,1,1
Videja B.V.,blk_06187,1,1
Vigil Neuroscience Inc.,blk_06188,1,1
Viktoria Lindberg-Larsen,blk_06189,1,1
Ville Artto,blk_06190,1,1
Vinforce - Institut fr Osteoporoseforschung / Vinforce - Institut fr Osteoporoseforschung,blk_06191,1,1
Vipharm S.A.,blk_06192,1,1
ViraNative AB,blk_06193,1,1
Virgilio Hernando Requejo,blk_06194,1,1
ViroDefense Inc,blk_06195,1,1
ViroLogik GmbH,blk_06196,1,1
Virometix AG,blk_06197,1,1
Viscofan Espana S.L.U.,blk_06198,1,1
Vivacell Biotechnology Espana S.L.,blk_06199,1,1
Viventia Biotech Inc.,blk_06200,1,1
Vivolux AB,blk_06201,1,1
Vivoryon Therapeutics N.V.,blk_06202,1,1
Vivostat A/S,blk_06203,1,1
"Vl-Medi Oy, Vestliitto",blk_06204,1,1
Volution Immuno Pharmaceuticals UK Ltd,blk_06205,1,1
Vor Biopharma Inc.,blk_06206,1,1
Vrij Universiteit Medical Center,blk_06207,1,1
Vrinnevi Hospital,blk_06208,1,1
Vstra Gtalandregionen VGR / Vstra Gtalandregionen,blk_06209,1,1
Vstra Gtalands Center fr utveckling av prehospital akutsjukvrd,blk_06210,1,1
"Vtesse LLC, a Mallinckrodt Pharmaceutical Company",blk_06211,1,1
"WWCR, WORLDWIDE CLINICAL RESEARCH",blk_06212,1,1
Wageningen Research Stichting,blk_06213,1,1
Walden Biosciences Inc.,blk_06214,1,1
Wallenberg laboratory,blk_06215,1,1
Walter Fischer,blk_06216,1,1
Warner Chilcott UK Limited,blk_06217,1,1
Wayshine Biopharm Inc.,blk_06218,1,1
Wellbeing Services County Of North Karelia Siun Sote,blk_06219,1,1
Wepa Apothekenbedarf GmbH  Co KG,blk_06220,1,1
West Herts NHS Trust,blk_06221,1,1
West Middlesex University Hospital,blk_06222,1,1
West Yorkshire Primary Care RD Unit,blk_06223,1,1
West-ward Pharmaceutical Corporation,blk_06224,1,1
Westpfalz-Klinikum GmbH,blk_06225,1,1
Wilhelminenspital der Stadt Wien,blk_06226,1,1
Windward Bio AG,blk_06227,1,1
Wings Therapeutics Inc.,blk_06228,1,1
Winicker-Norimed Medizinische Forschung GmbH / Klinikum Nuernberg,blk_06229,1,1
Wirral Hospitals NHS Trust,blk_06230,1,1
WntResearch,blk_06231,1,1
Woerwag Pharma GmbH & Co. KG,blk_06232,1,1
Wojciech Zbigniew Pawlak,blk_06233,1,1
Wolfson Medical Center,blk_06234,1,1
"Wugen, Inc.",blk_06235,1,1
XAVIER CARBONELL ESTRANY,blk_06236,1,1
Xavier Pint Sala,blk_06237,1,1
Xbrane Biopharma,blk_06238,1,1
Xcovery Holding Co. LLC,blk_06239,1,1
Xellia d.o.o.,blk_06240,1,1
Xenome Ltd,blk_06241,1,1
Xenova Ltd,blk_06242,1,1
Xeolas Pharmaceuticals Ltd.,blk_06243,1,1
"Xeris Pharmaceuticals, Inc",blk_06244,1,1
XiCoCo study group,blk_06245,1,1
"Xilio Development, Inc",blk_06246,1,1
Xintela AB,blk_06247,1,1
Xyra LLC,blk_06248,1,1
Xytis Pharmaceuticals Srl,blk_06249,1,1
YM Biosciences Inc,blk_06250,1,1
YMBiosciences INC,blk_06251,1,1
YONSUNG GMBH,blk_06252,1,1
Yakult Honsha Co,blk_06253,1,1
Yale University School of Medicine,blk_06254,1,1
Yamanouchi Europe B.V.,blk_06255,1,1
Yellow Jersey Therapeutics AG,blk_06256,1,1
Yeovil District Hospital,blk_06257,1,1
Yolanda de Diego Otero,blk_06258,1,1
ZIONEXA,blk_06259,1,1
ZKES GmbH,blk_06260,1,1
"ZOLL, Inc.",blk_06261,1,1
ZRO Imaging AB,blk_06262,1,1
ZS Pharma Inc,blk_06263,1,1
Zafgen Inc.,blk_06264,1,1
"Zavante Therapeutics, Inc.",blk_06265,1,1
Zelmic AB,blk_06266,1,1
Zenith Epigenetics Ltd.,blk_06267,1,1
"Zeno Alpha, Inc.,",blk_06268,1,1
Zevra Denmark A/S,blk_06269,1,1
Zhejiang Genfleet Therapeutics Co. Ltd.,blk_06270,1,1
Zhejiang Hisun Pharmaceutical Co. Ltd.,blk_06271,1,1
Zhejiang Yaoyuan Biotechnology Co. Ltd.,blk_06272,1,1
Ziekenhuisapotheek Meppel-Hoogeveen,blk_06273,1,1
Zomagen Biosciences Limited,blk_06274,1,1
ZooBiotic Limited,blk_06275,1,1
Zsolt Lohinai DMD PhD,blk_06276,1,1
Zuyderland Medical Center,blk_06277,1,1
"ZymoGenetics, Inc.",blk_06278,1,1
Zytoprotec GmbH,blk_06279,1,1
academic medical centre,blk_06280,1,1
acep,blk_06281,1,1
advanceCOR GmbH,blk_06282,1,1
ao. Univ. Prof. Dr. Elisabeth Aberer,blk_06283,1,1
azM,blk_06284,1,1
bioskin GmbH,blk_06285,1,1
biosyn Arzneimittel GmbH,blk_06286,1,1
daacro - diagnostic assessment and clinical research organization,blk_06287,1,1
daniel pacha vicente,blk_06288,1,1
dipartimento di neurologia e psichiatria,blk_06289,1,1
e-Therapeutics plc,blk_06290,1,1
eTheRNA immunotherapies NV,blk_06291,1,1
eduardo anitua aldecoa,blk_06292,1,1
eyeDNA Therapeutics,blk_06293,1,1
futurum,blk_06294,1,1
hameln rds a.s.,blk_06295,1,1
masimo,blk_06296,1,1
medphano Arzneimittel GmbH,blk_06297,1,1
mib Dienstleistungsgesellschaft mbH,blk_06298,1,1
montserrat zamora brito,blk_06299,1,1
not applicable,blk_06300,1,1
onepharm Research  Development GmbH,blk_06301,1,1
pro-ACTINA S.A.,blk_06302,1,1
"prof W.J. Fokkens, academic medical center",blk_06303,1,1
prof. dr. M.A.F.J. van de Laar,blk_06304,1,1
razov nemocnice brno,blk_06305,1,1
"resTORbio, Inc.",blk_06306,1,1
research office urology VUmc,blk_06307,1,1
ribosepharm GmbH,blk_06308,1,1
sanna kivivuori,blk_06309,1,1
sanofi recherche  developpement,blk_06310,1,1
scPharmaceuticals Inc,blk_06311,1,1
selectION Therapeutics GmbH / selectION Therapeutics GmbH,blk_06312,1,1
sterreichische Gesellschaft zur Erforschung komplementr  alternativer Therapien in der Onkologie,blk_06313,1,1
sterreichisches Akromegalie Register,blk_06314,1,1
stfold Hospital Trust,blk_06315,1,1
