alias_clean,suggested_canonical,sponsor_parent,sponsor_group,sponsor_type,source,confidence_prior
a c o m -advanced center oncology macerata -s r l,A.C.O.M. Advanced Center Oncology Macerata,NA,NA,unknown,location_postcode,0.7
ac immune s a,AC Immune,NA,NA,NA,location_postcode,0.7
adc therapeutics s a,ADC Therapeutics,NA,NA,NA,location_postcode,0.7
adc therapeutics s a,ADC Therapeutics,NA,NA,NA,location_postcode,0.7
aio-studien ggmbh,AIO-Studien-gGmbH,NA,NA,NA,location_postcode,0.7
aio-studien ggmbh,AIO-Studien-gGmbH,NA,NA,NA,location_postcode,0.7
aio-studien ggmbh,AIO-Studien-gGmbH,NA,NA,NA,location_postcode,0.7
al-s pharma ag,AL-S Pharma,NA,NA,unknown,location_postcode,0.7
universit degli studi di torino-dipartimento di biotecnologie molecolari e scienze della salute,AOU Città della Salute e della Scienza di Torino,NA,NA,academic,location_postcode,0.7
ap-hp/drcd,AP-HP,NA,NA,hospital,location_postcode,0.7
ap-hp/drcd,AP-HP,AP-HP,AP-HP,hospital,location_postcode,0.7
assistance publique - hpitaux de paris / drci,AP-HP,AP-HP,AP-HP,hospital,location_postcode,0.7
assistance publique - hpitaux de paris / drci,AP-HP,AP-HP,AP-HP,hospital,location_postcode,0.7
assistance publique - hpitaux de paris / drci,AP-HP,AP-HP,AP-HP,hospital,location_postcode,0.7
assistance publique - hpitaux de paris / drci,AP-HP,NA,NA,hospital,location_postcode,0.7
assistance publique - hpitaux de paris / drci,AP-HP,AP-HP,AP-HP,hospital,location_postcode,0.7
assistance publique - hpitaux de paris / drci,AP-HP,AP-HP,AP-HP,hospital,location_postcode,0.7
assistance publique - hpitaux de paris / drci,AP-HP,AP-HP,AP-HP,hospital,location_postcode,0.7
assistance publique - hpitaux de paris / drci,AP-HP,AP-HP,AP-HP,hospital,location_postcode,0.7
assistance publique - hpitaux de paris / drci,AP-HP,AP-HP,AP-HP,hospital,location_postcode,0.7
assistance publique - hpitaux de paris / drci,AP-HP,AP-HP,AP-HP,hospital,location_postcode,0.7
assistance publique - hpitaux de paris / drci,AP-HP,NA,NA,hospital,location_postcode,0.7
assistance publique - hpitaux de paris / drci,AP-HP,AP-HP,AP-HP,hospital,location_postcode,0.7
assistance publique - hpitaux de paris / drci,AP-HP,NA,NA,hospital,location_postcode,0.7
assistance publique - hpitaux de paris / drci,AP-HP,NA,NA,hospital,location_postcode,0.7
assistance publique - hpitaux de paris / drci,AP-HP,AP-HP,AP-HP,hospital,location_postcode,0.7
assistance publique - hpitaux de paris / drci,AP-HP,AP-HP,AP-HP,hospital,location_postcode,0.7
assistance publique - hpitaux de paris / drci,AP-HP,NA,NA,hospital,location_postcode,0.7
assistance publique - hpitaux de paris / drci,AP-HP,NA,NA,hospital,location_postcode,0.7
assistance publique - hpitaux de paris / drci,AP-HP,AP-HP,AP-HP,hospital,location_postcode,0.7
assistance publique - hpitaux de paris / drci,AP-HP,AP-HP,AP-HP,hospital,location_postcode,0.7
assistance publique - hpitaux de paris / drci,AP-HP,NA,NA,hospital,location_postcode,0.7
assistance publique - hpitaux de paris / drci,AP-HP,NA,NA,hospital,location_postcode,0.7
assistance publique - hpitaux de paris / drci,AP-HP,NA,NA,hospital,location_postcode,0.7
assistance publique - hpitaux de paris / drci,AP-HP,NA,NA,hospital,location_postcode,0.7
assistance publique - hpitaux de paris / drci,AP-HP,NA,NA,hospital,location_postcode,0.7
assistance publique - hpitaux de paris / drci,AP-HP,NA,NA,hospital,location_postcode,0.7
assistance publique - hpitaux de paris / drci,AP-HP,AP-HP,AP-HP,hospital,location_postcode,0.7
assistance publique - hpitaux de paris / drci,AP-HP,NA,NA,hospital,location_postcode,0.7
assistance publique - hpitaux de paris / drci,AP-HP,NA,NA,hospital,location_postcode,0.7
assistance publique - hpitaux de paris / drci,AP-HP,NA,NA,hospital,location_postcode,0.7
assistance publique - hpitaux de paris / drci,AP-HP,AP-HP,AP-HP,hospital,location_postcode,0.7
assistance publique - hpitaux de paris / drci,AP-HP,AP-HP,AP-HP,hospital,location_postcode,0.7
assistance publique - hpitaux de paris / drci,AP-HP,NA,NA,hospital,location_postcode,0.7
assistance publique - hpitaux de paris / drci,AP-HP,NA,NA,hospital,location_postcode,0.7
assistance publique - hpitaux de paris / drci,AP-HP,NA,NA,hospital,location_postcode,0.7
assistance publique - hpitaux de paris / drci,AP-HP,AP-HP,AP-HP,hospital,location_postcode,0.7
assistance publique - hpitaux de paris / drci,AP-HP,AP-HP,AP-HP,hospital,location_postcode,0.7
assistance publique des hpitaux de parisap-hp,AP-HP,AP-HP,AP-HP,hospital,location_postcode,0.7
assistance publique des hpitaux de parisap-hp,AP-HP,AP-HP,AP-HP,hospital,location_postcode,0.7
assistance publique des hpitaux de parisap-hp,AP-HP,AP-HP,AP-HP,hospital,location_postcode,0.7
assistance publique des hpitaux de parisap-hp,AP-HP,NA,NA,hospital,location_postcode,0.7
assistance publique des hpitaux de parisap-hp,AP-HP,AP-HP,AP-HP,hospital,location_postcode,0.7
assistance publique des hpitaux de parisap-hp,AP-HP,AP-HP,AP-HP,hospital,location_postcode,0.7
assistance publique des hpitaux de parisap-hp,AP-HP,AP-HP,AP-HP,hospital,location_postcode,0.7
assistance publique des hpitaux de parisap-hp,AP-HP,AP-HP,AP-HP,hospital,location_postcode,0.7
assistance publique des hpitaux de parisap-hp,AP-HP,AP-HP,AP-HP,hospital,location_postcode,0.7
assistance publique des hpitaux de parisap-hp,AP-HP,AP-HP,AP-HP,hospital,location_postcode,0.7
assistance publique des hpitaux de parisap-hp,AP-HP,AP-HP,AP-HP,hospital,location_postcode,0.7
assistance publique des hpitaux de parisap-hp,AP-HP,NA,NA,hospital,location_postcode,0.7
assistance publique des hpitaux de parisap-hp,AP-HP,AP-HP,AP-HP,hospital,location_postcode,0.7
assistance publique des hpitaux de parisap-hp,AP-HP,NA,NA,hospital,location_postcode,0.7
assistance publique des hpitaux de parisap-hp,AP-HP,NA,NA,hospital,location_postcode,0.7
assistance publique des hpitaux de parisap-hp,AP-HP,AP-HP,AP-HP,hospital,location_postcode,0.7
assistance publique des hpitaux de parisap-hp,AP-HP,AP-HP,AP-HP,hospital,location_postcode,0.7
assistance publique des hpitaux de parisap-hp,AP-HP,NA,NA,hospital,location_postcode,0.7
assistance publique des hpitaux de parisap-hp,AP-HP,NA,NA,hospital,location_postcode,0.7
assistance publique des hpitaux de parisap-hp,AP-HP,AP-HP,AP-HP,hospital,location_postcode,0.7
assistance publique des hpitaux de parisap-hp,AP-HP,AP-HP,AP-HP,hospital,location_postcode,0.7
assistance publique des hpitaux de parisap-hp,AP-HP,NA,NA,hospital,location_postcode,0.7
assistance publique des hpitaux de parisap-hp,AP-HP,NA,NA,hospital,location_postcode,0.7
assistance publique des hpitaux de parisap-hp,AP-HP,NA,NA,hospital,location_postcode,0.7
assistance publique des hpitaux de parisap-hp,AP-HP,NA,NA,hospital,location_postcode,0.7
assistance publique des hpitaux de parisap-hp,AP-HP,NA,NA,hospital,location_postcode,0.7
assistance publique des hpitaux de parisap-hp,AP-HP,NA,NA,hospital,location_postcode,0.7
assistance publique des hpitaux de parisap-hp,AP-HP,AP-HP,AP-HP,hospital,location_postcode,0.7
assistance publique des hpitaux de parisap-hp,AP-HP,NA,NA,hospital,location_postcode,0.7
assistance publique des hpitaux de parisap-hp,AP-HP,NA,NA,hospital,location_postcode,0.7
assistance publique des hpitaux de parisap-hp,AP-HP,NA,NA,hospital,location_postcode,0.7
assistance publique des hpitaux de parisap-hp,AP-HP,AP-HP,AP-HP,hospital,location_postcode,0.7
assistance publique des hpitaux de parisap-hp,AP-HP,AP-HP,AP-HP,hospital,location_postcode,0.7
assistance publique des hpitaux de parisap-hp,AP-HP,NA,NA,hospital,location_postcode,0.7
assistance publique des hpitaux de parisap-hp,AP-HP,NA,NA,hospital,location_postcode,0.7
assistance publique des hpitaux de parisap-hp,AP-HP,NA,NA,hospital,location_postcode,0.7
assistance publique des hpitaux de parisap-hp,AP-HP,AP-HP,AP-HP,hospital,location_postcode,0.7
assistance publique des hpitaux de parisap-hp,AP-HP,AP-HP,AP-HP,hospital,location_postcode,0.7
assistance publique hpitaux de paris/drci,AP-HP,AP-HP,AP-HP,hospital,location_postcode,0.7
assistance publique hpitaux de paris/drci,AP-HP,AP-HP,AP-HP,hospital,location_postcode,0.7
assistance publique hpitaux de paris/drci,AP-HP,AP-HP,AP-HP,hospital,location_postcode,0.7
assistance publique hpitaux de paris/drci,AP-HP,NA,NA,hospital,location_postcode,0.7
assistance publique hpitaux de paris/drci,AP-HP,AP-HP,AP-HP,hospital,location_postcode,0.7
assistance publique hpitaux de paris/drci,AP-HP,AP-HP,AP-HP,hospital,location_postcode,0.7
assistance publique hpitaux de paris/drci,AP-HP,AP-HP,AP-HP,hospital,location_postcode,0.7
assistance publique hpitaux de paris/drci,AP-HP,AP-HP,AP-HP,hospital,location_postcode,0.7
assistance publique hpitaux de paris/drci,AP-HP,AP-HP,AP-HP,hospital,location_postcode,0.7
assistance publique hpitaux de paris/drci,AP-HP,AP-HP,AP-HP,hospital,location_postcode,0.7
assistance publique hpitaux de paris/drci,AP-HP,NA,NA,hospital,location_postcode,0.7
assistance publique hpitaux de paris/drci,AP-HP,AP-HP,AP-HP,hospital,location_postcode,0.7
assistance publique hpitaux de paris/drci,AP-HP,NA,NA,hospital,location_postcode,0.7
assistance publique hpitaux de paris/drci,AP-HP,NA,NA,hospital,location_postcode,0.7
assistance publique hpitaux de paris/drci,AP-HP,AP-HP,AP-HP,hospital,location_postcode,0.7
assistance publique hpitaux de paris/drci,AP-HP,AP-HP,AP-HP,hospital,location_postcode,0.7
assistance publique hpitaux de paris/drci,AP-HP,NA,NA,hospital,location_postcode,0.7
assistance publique hpitaux de paris/drci,AP-HP,NA,NA,hospital,location_postcode,0.7
assistance publique hpitaux de paris/drci,AP-HP,AP-HP,AP-HP,hospital,location_postcode,0.7
assistance publique hpitaux de paris/drci,AP-HP,NA,NA,hospital,location_postcode,0.7
assistance publique hpitaux de paris/drci,AP-HP,NA,NA,hospital,location_postcode,0.7
assistance publique hpitaux de paris/drci,AP-HP,NA,NA,hospital,location_postcode,0.7
assistance publique hpitaux de paris/drci,AP-HP,NA,NA,hospital,location_postcode,0.7
assistance publique hpitaux de paris/drci,AP-HP,NA,NA,hospital,location_postcode,0.7
assistance publique hpitaux de paris/drci,AP-HP,NA,NA,hospital,location_postcode,0.7
assistance publique hpitaux de paris/drci,AP-HP,AP-HP,AP-HP,hospital,location_postcode,0.7
assistance publique hpitaux de paris/drci,AP-HP,NA,NA,hospital,location_postcode,0.7
assistance publique hpitaux de paris/drci,AP-HP,NA,NA,hospital,location_postcode,0.7
assistance publique hpitaux de paris/drci,AP-HP,NA,NA,hospital,location_postcode,0.7
assistance publique hpitaux de paris/drci,AP-HP,AP-HP,AP-HP,hospital,location_postcode,0.7
assistance publique hpitaux de paris/drci,AP-HP,AP-HP,AP-HP,hospital,location_postcode,0.7
assistance publique hpitaux de paris/drci,AP-HP,NA,NA,hospital,location_postcode,0.7
assistance publique hpitaux de paris/drci,AP-HP,NA,NA,hospital,location_postcode,0.7
assistance publique hpitaux de paris/drci,AP-HP,NA,NA,hospital,location_postcode,0.7
assistance publique hpitaux de paris/drci,AP-HP,AP-HP,AP-HP,hospital,location_postcode,0.7
assistance publique hpitaux de paris/drci,AP-HP,AP-HP,AP-HP,hospital,location_postcode,0.7
assistance publique- hpitaux de paris,AP-HP,AP-HP,AP-HP,hospital,location_postcode,0.7
assistance publique- hpitaux de paris,AP-HP,AP-HP,AP-HP,hospital,location_postcode,0.7
assistance publique- hpitaux de paris,AP-HP,AP-HP,AP-HP,hospital,location_postcode,0.7
assistance publique- hpitaux de paris,AP-HP,NA,NA,hospital,location_postcode,0.7
assistance publique- hpitaux de paris,AP-HP,NA,NA,hospital,location_postcode,0.7
assistance publique- hpitaux de paris,AP-HP,AP-HP,AP-HP,hospital,location_postcode,0.7
assistance publique- hpitaux de paris,AP-HP,AP-HP,AP-HP,hospital,location_postcode,0.7
assistance publique- hpitaux de paris,AP-HP,AP-HP,AP-HP,hospital,location_postcode,0.7
assistance publique- hpitaux de paris,AP-HP,AP-HP,AP-HP,hospital,location_postcode,0.7
assistance publique- hpitaux de paris,AP-HP,AP-HP,AP-HP,hospital,location_postcode,0.7
assistance publique- hpitaux de paris,AP-HP,AP-HP,AP-HP,hospital,location_postcode,0.7
assistance publique- hpitaux de paris,AP-HP,AP-HP,AP-HP,hospital,location_postcode,0.7
assistance publique- hpitaux de paris,AP-HP,NA,NA,hospital,location_postcode,0.7
assistance publique- hpitaux de paris,AP-HP,AP-HP,AP-HP,hospital,location_postcode,0.7
assistance publique- hpitaux de paris,AP-HP,NA,NA,hospital,location_postcode,0.7
assistance publique- hpitaux de paris,AP-HP,NA,NA,hospital,location_postcode,0.7
assistance publique- hpitaux de paris,AP-HP,AP-HP,AP-HP,hospital,location_postcode,0.7
assistance publique- hpitaux de paris,AP-HP,AP-HP,AP-HP,hospital,location_postcode,0.7
assistance publique- hpitaux de paris,AP-HP,NA,NA,hospital,location_postcode,0.7
assistance publique- hpitaux de paris,AP-HP,NA,NA,hospital,location_postcode,0.7
assistance publique- hpitaux de paris,AP-HP,AP-HP,AP-HP,hospital,location_postcode,0.7
assistance publique- hpitaux de paris,AP-HP,AP-HP,AP-HP,hospital,location_postcode,0.7
assistance publique- hpitaux de paris,AP-HP,NA,NA,hospital,location_postcode,0.7
assistance publique- hpitaux de paris,AP-HP,NA,NA,hospital,location_postcode,0.7
assistance publique- hpitaux de paris,AP-HP,NA,NA,hospital,location_postcode,0.7
assistance publique- hpitaux de paris,AP-HP,NA,NA,hospital,location_postcode,0.7
assistance publique- hpitaux de paris,AP-HP,NA,NA,hospital,location_postcode,0.7
assistance publique- hpitaux de paris,AP-HP,NA,NA,hospital,location_postcode,0.7
assistance publique- hpitaux de paris,AP-HP,AP-HP,AP-HP,hospital,location_postcode,0.7
assistance publique- hpitaux de paris,AP-HP,NA,NA,hospital,location_postcode,0.7
assistance publique- hpitaux de paris,AP-HP,NA,NA,hospital,location_postcode,0.7
assistance publique- hpitaux de paris,AP-HP,NA,NA,hospital,location_postcode,0.7
assistance publique- hpitaux de paris,AP-HP,AP-HP,AP-HP,hospital,location_postcode,0.7
assistance publique- hpitaux de paris,AP-HP,AP-HP,AP-HP,hospital,location_postcode,0.7
assistance publique- hpitaux de paris,AP-HP,NA,NA,hospital,location_postcode,0.7
assistance publique- hpitaux de paris,AP-HP,NA,NA,hospital,location_postcode,0.7
assistance publique- hpitaux de paris,AP-HP,NA,NA,hospital,location_postcode,0.7
assistance publique- hpitaux de paris,AP-HP,AP-HP,AP-HP,hospital,location_postcode,0.7
assistance publique- hpitaux de paris,AP-HP,AP-HP,AP-HP,hospital,location_postcode,0.7
assistance publique-hopitaux de paris,AP-HP,AP-HP,AP-HP,hospital,location_postcode,0.7
assistance publique-hopitaux de paris,AP-HP,AP-HP,AP-HP,hospital,location_postcode,0.7
assistance publique-hopitaux de paris,AP-HP,AP-HP,AP-HP,hospital,location_postcode,0.7
assistance publique-hopitaux de paris,AP-HP,AP-HP,AP-HP,hospital,location_postcode,0.7
assistance publique-hopitaux de paris,AP-HP,AP-HP,AP-HP,hospital,location_postcode,0.7
assistance publique-hopitaux de paris,AP-HP,AP-HP,AP-HP,hospital,location_postcode,0.7
assistance publique-hopitaux de paris,AP-HP,NA,NA,hospital,location_postcode,0.7
assistance publique-hopitaux de paris,AP-HP,NA,NA,hospital,location_postcode,0.7
assistance publique-hopitaux de paris,AP-HP,NA,NA,hospital,location_postcode,0.7
assistance publique-hopitaux de paris,AP-HP,NA,NA,hospital,location_postcode,0.7
assistance publique-hopitaux de paris,AP-HP,AP-HP,AP-HP,hospital,location_postcode,0.7
assistance publique-hopitaux de paris,AP-HP,AP-HP,AP-HP,hospital,location_postcode,0.7
assistance publique-hopitaux de paris,AP-HP,AP-HP,AP-HP,hospital,location_postcode,0.7
assistance publique-hopitaux de paris,AP-HP,AP-HP,AP-HP,hospital,location_postcode,0.7
assistance publique-hopitaux de paris,AP-HP,AP-HP,AP-HP,hospital,location_postcode,0.7
assistance publique-hopitaux de paris,AP-HP,AP-HP,AP-HP,hospital,location_postcode,0.7
assistance publique-hopitaux de paris,AP-HP,AP-HP,AP-HP,hospital,location_postcode,0.7
assistance publique-hopitaux de paris,AP-HP,AP-HP,AP-HP,hospital,location_postcode,0.7
assistance publique-hopitaux de paris,AP-HP,AP-HP,AP-HP,hospital,location_postcode,0.7
assistance publique-hopitaux de paris,AP-HP,AP-HP,AP-HP,hospital,location_postcode,0.7
assistance publique-hopitaux de paris,AP-HP,AP-HP,AP-HP,hospital,location_postcode,0.7
assistance publique-hopitaux de paris,AP-HP,AP-HP,AP-HP,hospital,location_postcode,0.7
assistance publique-hopitaux de paris,AP-HP,AP-HP,AP-HP,hospital,location_postcode,0.7
assistance publique-hopitaux de paris,AP-HP,AP-HP,AP-HP,hospital,location_postcode,0.7
assistance publique-hopitaux de paris,AP-HP,NA,NA,hospital,location_postcode,0.7
assistance publique-hopitaux de paris,AP-HP,NA,NA,hospital,location_postcode,0.7
assistance publique-hopitaux de paris,AP-HP,AP-HP,AP-HP,hospital,location_postcode,0.7
assistance publique-hopitaux de paris,AP-HP,AP-HP,AP-HP,hospital,location_postcode,0.7
assistance publique-hopitaux de paris,AP-HP,NA,NA,hospital,location_postcode,0.7
assistance publique-hopitaux de paris,AP-HP,NA,NA,hospital,location_postcode,0.7
assistance publique-hopitaux de paris,AP-HP,NA,NA,hospital,location_postcode,0.7
assistance publique-hopitaux de paris,AP-HP,NA,NA,hospital,location_postcode,0.7
assistance publique-hopitaux de paris,AP-HP,AP-HP,AP-HP,hospital,location_postcode,0.7
assistance publique-hopitaux de paris,AP-HP,AP-HP,AP-HP,hospital,location_postcode,0.7
assistance publique-hopitaux de paris,AP-HP,AP-HP,AP-HP,hospital,location_postcode,0.7
assistance publique-hopitaux de paris,AP-HP,AP-HP,AP-HP,hospital,location_postcode,0.7
assistance publique-hopitaux de paris,AP-HP,NA,NA,hospital,location_postcode,0.7
assistance publique-hopitaux de paris,AP-HP,NA,NA,hospital,location_postcode,0.7
assistance publique-hopitaux de paris,AP-HP,NA,NA,hospital,location_postcode,0.7
assistance publique-hopitaux de paris,AP-HP,NA,NA,hospital,location_postcode,0.7
assistance publique-hopitaux de paris,AP-HP,AP-HP,AP-HP,hospital,location_postcode,0.7
assistance publique-hopitaux de paris,AP-HP,AP-HP,AP-HP,hospital,location_postcode,0.7
assistance publique-hopitaux de paris,AP-HP,AP-HP,AP-HP,hospital,location_postcode,0.7
assistance publique-hopitaux de paris,AP-HP,AP-HP,AP-HP,hospital,location_postcode,0.7
assistance publique-hopitaux de paris,AP-HP,NA,NA,hospital,location_postcode,0.7
assistance publique-hopitaux de paris,AP-HP,NA,NA,hospital,location_postcode,0.7
assistance publique-hopitaux de paris,AP-HP,NA,NA,hospital,location_postcode,0.7
assistance publique-hopitaux de paris,AP-HP,NA,NA,hospital,location_postcode,0.7
assistance publique-hopitaux de paris,AP-HP,NA,NA,hospital,location_postcode,0.7
assistance publique-hopitaux de paris,AP-HP,NA,NA,hospital,location_postcode,0.7
assistance publique-hopitaux de paris,AP-HP,NA,NA,hospital,location_postcode,0.7
assistance publique-hopitaux de paris,AP-HP,NA,NA,hospital,location_postcode,0.7
assistance publique-hopitaux de paris,AP-HP,NA,NA,hospital,location_postcode,0.7
assistance publique-hopitaux de paris,AP-HP,NA,NA,hospital,location_postcode,0.7
assistance publique-hopitaux de paris,AP-HP,NA,NA,hospital,location_postcode,0.7
assistance publique-hopitaux de paris,AP-HP,NA,NA,hospital,location_postcode,0.7
assistance publique-hopitaux de paris,AP-HP,AP-HP,AP-HP,hospital,location_postcode,0.7
assistance publique-hopitaux de paris,AP-HP,AP-HP,AP-HP,hospital,location_postcode,0.7
assistance publique-hopitaux de paris,AP-HP,NA,NA,hospital,location_postcode,0.7
assistance publique-hopitaux de paris,AP-HP,NA,NA,hospital,location_postcode,0.7
assistance publique-hopitaux de paris,AP-HP,NA,NA,hospital,location_postcode,0.7
assistance publique-hopitaux de paris,AP-HP,NA,NA,hospital,location_postcode,0.7
assistance publique-hopitaux de paris,AP-HP,NA,NA,hospital,location_postcode,0.7
assistance publique-hopitaux de paris,AP-HP,NA,NA,hospital,location_postcode,0.7
assistance publique-hopitaux de paris,AP-HP,AP-HP,AP-HP,hospital,location_postcode,0.7
assistance publique-hopitaux de paris,AP-HP,AP-HP,AP-HP,hospital,location_postcode,0.7
assistance publique-hopitaux de paris,AP-HP,AP-HP,AP-HP,hospital,location_postcode,0.7
assistance publique-hopitaux de paris,AP-HP,AP-HP,AP-HP,hospital,location_postcode,0.7
assistance publique-hopitaux de paris,AP-HP,NA,NA,hospital,location_postcode,0.7
assistance publique-hopitaux de paris,AP-HP,NA,NA,hospital,location_postcode,0.7
assistance publique-hopitaux de paris,AP-HP,NA,NA,hospital,location_postcode,0.7
assistance publique-hopitaux de paris,AP-HP,NA,NA,hospital,location_postcode,0.7
assistance publique-hopitaux de paris,AP-HP,NA,NA,hospital,location_postcode,0.7
assistance publique-hopitaux de paris,AP-HP,NA,NA,hospital,location_postcode,0.7
assistance publique-hopitaux de paris,AP-HP,AP-HP,AP-HP,hospital,location_postcode,0.7
assistance publique-hopitaux de paris,AP-HP,AP-HP,AP-HP,hospital,location_postcode,0.7
assistance publique-hopitaux de paris,AP-HP,AP-HP,AP-HP,hospital,location_postcode,0.7
assistance publique-hopitaux de paris,AP-HP,AP-HP,AP-HP,hospital,location_postcode,0.7
assistance-publique - hpitaux de paris,AP-HP,AP-HP,AP-HP,hospital,location_postcode,0.7
assistance-publique - hpitaux de paris,AP-HP,AP-HP,AP-HP,hospital,location_postcode,0.7
assistance-publique - hpitaux de paris,AP-HP,AP-HP,AP-HP,hospital,location_postcode,0.7
assistance-publique - hpitaux de paris,AP-HP,NA,NA,hospital,location_postcode,0.7
assistance-publique - hpitaux de paris,AP-HP,NA,NA,hospital,location_postcode,0.7
assistance-publique - hpitaux de paris,AP-HP,AP-HP,AP-HP,hospital,location_postcode,0.7
assistance-publique - hpitaux de paris,AP-HP,AP-HP,AP-HP,hospital,location_postcode,0.7
assistance-publique - hpitaux de paris,AP-HP,AP-HP,AP-HP,hospital,location_postcode,0.7
assistance-publique - hpitaux de paris,AP-HP,AP-HP,AP-HP,hospital,location_postcode,0.7
assistance-publique - hpitaux de paris,AP-HP,AP-HP,AP-HP,hospital,location_postcode,0.7
assistance-publique - hpitaux de paris,AP-HP,AP-HP,AP-HP,hospital,location_postcode,0.7
assistance-publique - hpitaux de paris,AP-HP,AP-HP,AP-HP,hospital,location_postcode,0.7
assistance-publique - hpitaux de paris,AP-HP,NA,NA,hospital,location_postcode,0.7
assistance-publique - hpitaux de paris,AP-HP,AP-HP,AP-HP,hospital,location_postcode,0.7
assistance-publique - hpitaux de paris,AP-HP,NA,NA,hospital,location_postcode,0.7
assistance-publique - hpitaux de paris,AP-HP,NA,NA,hospital,location_postcode,0.7
assistance-publique - hpitaux de paris,AP-HP,AP-HP,AP-HP,hospital,location_postcode,0.7
assistance-publique - hpitaux de paris,AP-HP,AP-HP,AP-HP,hospital,location_postcode,0.7
assistance-publique - hpitaux de paris,AP-HP,NA,NA,hospital,location_postcode,0.7
assistance-publique - hpitaux de paris,AP-HP,NA,NA,hospital,location_postcode,0.7
assistance-publique - hpitaux de paris,AP-HP,AP-HP,AP-HP,hospital,location_postcode,0.7
assistance-publique - hpitaux de paris,AP-HP,AP-HP,AP-HP,hospital,location_postcode,0.7
assistance-publique - hpitaux de paris,AP-HP,NA,NA,hospital,location_postcode,0.7
assistance-publique - hpitaux de paris,AP-HP,NA,NA,hospital,location_postcode,0.7
assistance-publique - hpitaux de paris,AP-HP,NA,NA,hospital,location_postcode,0.7
assistance-publique - hpitaux de paris,AP-HP,NA,NA,hospital,location_postcode,0.7
assistance-publique - hpitaux de paris,AP-HP,NA,NA,hospital,location_postcode,0.7
assistance-publique - hpitaux de paris,AP-HP,NA,NA,hospital,location_postcode,0.7
assistance-publique - hpitaux de paris,AP-HP,AP-HP,AP-HP,hospital,location_postcode,0.7
assistance-publique - hpitaux de paris,AP-HP,NA,NA,hospital,location_postcode,0.7
assistance-publique - hpitaux de paris,AP-HP,NA,NA,hospital,location_postcode,0.7
assistance-publique - hpitaux de paris,AP-HP,NA,NA,hospital,location_postcode,0.7
assistance-publique - hpitaux de paris,AP-HP,AP-HP,AP-HP,hospital,location_postcode,0.7
assistance-publique - hpitaux de paris,AP-HP,AP-HP,AP-HP,hospital,location_postcode,0.7
assistance-publique - hpitaux de paris,AP-HP,NA,NA,hospital,location_postcode,0.7
assistance-publique - hpitaux de paris,AP-HP,NA,NA,hospital,location_postcode,0.7
assistance-publique - hpitaux de paris,AP-HP,NA,NA,hospital,location_postcode,0.7
assistance-publique - hpitaux de paris,AP-HP,AP-HP,AP-HP,hospital,location_postcode,0.7
assistance-publique - hpitaux de paris,AP-HP,AP-HP,AP-HP,hospital,location_postcode,0.7
assitance publique - hpitaux de paris,AP-HP,AP-HP,AP-HP,hospital,location_postcode,0.7
assitance publique - hpitaux de paris,AP-HP,AP-HP,AP-HP,hospital,location_postcode,0.7
assitance publique - hpitaux de paris,AP-HP,AP-HP,AP-HP,hospital,location_postcode,0.7
assitance publique - hpitaux de paris,AP-HP,NA,NA,hospital,location_postcode,0.7
assitance publique - hpitaux de paris,AP-HP,NA,NA,hospital,location_postcode,0.7
assitance publique - hpitaux de paris,AP-HP,AP-HP,AP-HP,hospital,location_postcode,0.7
assitance publique - hpitaux de paris,AP-HP,AP-HP,AP-HP,hospital,location_postcode,0.7
assitance publique - hpitaux de paris,AP-HP,AP-HP,AP-HP,hospital,location_postcode,0.7
assitance publique - hpitaux de paris,AP-HP,AP-HP,AP-HP,hospital,location_postcode,0.7
assitance publique - hpitaux de paris,AP-HP,AP-HP,AP-HP,hospital,location_postcode,0.7
assitance publique - hpitaux de paris,AP-HP,AP-HP,AP-HP,hospital,location_postcode,0.7
assitance publique - hpitaux de paris,AP-HP,NA,NA,hospital,location_postcode,0.7
assitance publique - hpitaux de paris,AP-HP,AP-HP,AP-HP,hospital,location_postcode,0.7
assitance publique - hpitaux de paris,AP-HP,NA,NA,hospital,location_postcode,0.7
assitance publique - hpitaux de paris,AP-HP,NA,NA,hospital,location_postcode,0.7
assitance publique - hpitaux de paris,AP-HP,AP-HP,AP-HP,hospital,location_postcode,0.7
assitance publique - hpitaux de paris,AP-HP,AP-HP,AP-HP,hospital,location_postcode,0.7
assitance publique - hpitaux de paris,AP-HP,NA,NA,hospital,location_postcode,0.7
assitance publique - hpitaux de paris,AP-HP,NA,NA,hospital,location_postcode,0.7
assitance publique - hpitaux de paris,AP-HP,AP-HP,AP-HP,hospital,location_postcode,0.7
assitance publique - hpitaux de paris,AP-HP,AP-HP,AP-HP,hospital,location_postcode,0.7
assitance publique - hpitaux de paris,AP-HP,NA,NA,hospital,location_postcode,0.7
assitance publique - hpitaux de paris,AP-HP,NA,NA,hospital,location_postcode,0.7
assitance publique - hpitaux de paris,AP-HP,NA,NA,hospital,location_postcode,0.7
assitance publique - hpitaux de paris,AP-HP,NA,NA,hospital,location_postcode,0.7
assitance publique - hpitaux de paris,AP-HP,NA,NA,hospital,location_postcode,0.7
assitance publique - hpitaux de paris,AP-HP,NA,NA,hospital,location_postcode,0.7
assitance publique - hpitaux de paris,AP-HP,AP-HP,AP-HP,hospital,location_postcode,0.7
assitance publique - hpitaux de paris,AP-HP,NA,NA,hospital,location_postcode,0.7
assitance publique - hpitaux de paris,AP-HP,NA,NA,hospital,location_postcode,0.7
assitance publique - hpitaux de paris,AP-HP,NA,NA,hospital,location_postcode,0.7
assitance publique - hpitaux de paris,AP-HP,AP-HP,AP-HP,hospital,location_postcode,0.7
assitance publique - hpitaux de paris,AP-HP,AP-HP,AP-HP,hospital,location_postcode,0.7
assitance publique - hpitaux de paris,AP-HP,NA,NA,hospital,location_postcode,0.7
assitance publique - hpitaux de paris,AP-HP,NA,NA,hospital,location_postcode,0.7
assitance publique - hpitaux de paris,AP-HP,NA,NA,hospital,location_postcode,0.7
assitance publique - hpitaux de paris,AP-HP,AP-HP,AP-HP,hospital,location_postcode,0.7
assitance publique - hpitaux de paris,AP-HP,AP-HP,AP-HP,hospital,location_postcode,0.7
department of anaesthesiology university hospital of skejby,Aarhus University Hospital,Aarhus University Hospital,Aarhus University Hospital,hospital,location_postcode,0.7
department of anaesthesiology university hospital of skejby,Aarhus University Hospital,Aarhus University Hospital,Aarhus University Hospital,hospital,location_postcode,0.7
department of anaesthesiology university hospital of skejby,Aarhus University Hospital,Aarhus University Hospital,Aarhus University Hospital,hospital,location_postcode,0.7
department of anaesthesiology university hospital of skejby,Aarhus University Hospital,Aarhus University Hospital,Aarhus University Hospital,hospital,location_postcode,0.7
abraxis bioscience llc an indirect subsidiary of celgene corporation,Abraxis BioScience,NA,NA,unknown,location_postcode,0.7
abraxis bioscience llc an indirect subsidiary of celgene corporation,Abraxis BioScience,NA,NA,unknown,location_postcode,0.7
abraxis bioscience llc an indirect subsidiary of celgene corporation,Abraxis BioScience,NA,NA,unknown,location_postcode,0.7
abraxis bioscience llc an indirect subsidiary of celgene corporation,Abraxis BioScience,NA,NA,unknown,location_postcode,0.7
abraxis bioscience llc an indirect subsidiary of celgene corporation,Abraxis BioScience,NA,NA,unknown,location_postcode,0.7
abraxis bioscience llc an indirect subsidiary of celgene corporation,Abraxis BioScience,NA,NA,unknown,location_postcode,0.7
adeptio pharmaceuticals ltd,Adeptio Pharmaceuticals,NA,NA,unknown,location_postcode,0.7
agomab spain s l u,Agomab Spain,NA,NA,NA,location_postcode,0.7
aicuris anti-infective cures gmbh,AiCuris Anti-infective Cures,NA,NA,unknown,location_postcode,0.7
aicuris anti-infective cures gmbh,AiCuris Anti-infective Cures,NA,NA,unknown,location_postcode,0.7
akcea therapeutics,Akcea Therapeutics,NA,NA,unknown,location_postcode,0.7
alimentiv,Alimentiv,NA,NA,unknown,location_postcode,0.7
alimentiv,Alimentiv,NA,NA,unknown,location_postcode,0.7
alkermes,Alkermes,NA,NA,unknown,location_postcode,0.7
alkermes,Alkermes,NA,NA,unknown,location_postcode,0.7
allena pharmaceuticals incorporated,Allena Pharmaceuticals,NA,NA,unknown,location_postcode,0.7
alx oncology holdings inc,Alx Oncology,NA,NA,NA,location_postcode,0.7
amphera bv,Amphera,NA,NA,unknown,location_postcode,0.7
amylin pharmaceuticals lcc,Amylin Pharmaceuticals,NA,NA,unknown,location_postcode,0.7
antwerp university hopsital,Antwerp University Hospital,NA,NA,NA,location_postcode,0.7
antwerp university hopsital,Antwerp University Hospital,NA,NA,NA,location_postcode,0.7
antwerp university hopsital,Antwerp University Hospital,NA,NA,NA,location_postcode,0.7
aragon pharmaceuticals,Aragon Pharmaceuticals,NA,NA,unknown,location_postcode,0.7
aragon pharmaceuticals,Aragon Pharmaceuticals,NA,NA,unknown,location_postcode,0.7
arctic therapeutics ehf,Arctic Therapeutics hf.,NA,NA,NA,location_postcode,0.7
array biopharma,Array BioPharma,NA,NA,unknown,location_postcode,0.7
array biopharma,Array BioPharma,NA,NA,unknown,location_postcode,0.7
array biopharma,Array BioPharma,NA,NA,unknown,location_postcode,0.7
array biopharma limited,Array BioPharma,NA,NA,unknown,location_postcode,0.7
array biopharma limited,Array BioPharma,NA,NA,unknown,location_postcode,0.7
array biopharma limited,Array BioPharma,NA,NA,unknown,location_postcode,0.7
asociacin colaboracin cochrane iberoamericana accib,Asociacin Colaboracin Cochrane Iberoamericana,NA,NA,unknown,location_postcode,0.7
asistance publique hopitaux de marseille,Assistance Publique - Hôpitaux de Marseille,NA,NA,hospital,location_postcode,0.7
asistance publique hopitaux de marseille,Assistance Publique - Hôpitaux de Marseille,NA,NA,hospital,location_postcode,0.7
asistance publique hopitaux de marseille,Assistance Publique - Hôpitaux de Marseille,NA,NA,unknown,location_postcode,0.7
asistance publique hopitaux de marseille,Assistance Publique - Hôpitaux de Marseille,NA,NA,hospital,location_postcode,0.7
asistance publique hopitaux de marseille,Assistance Publique - Hôpitaux de Marseille,NA,NA,unknown,location_postcode,0.7
assisatnce publique hopitaux de marseille,Assistance Publique - Hôpitaux de Marseille,NA,NA,hospital,location_postcode,0.7
assisatnce publique hopitaux de marseille,Assistance Publique - Hôpitaux de Marseille,NA,NA,hospital,location_postcode,0.7
assisatnce publique hopitaux de marseille,Assistance Publique - Hôpitaux de Marseille,NA,NA,unknown,location_postcode,0.7
assisatnce publique hopitaux de marseille,Assistance Publique - Hôpitaux de Marseille,NA,NA,hospital,location_postcode,0.7
assisatnce publique hopitaux de marseille,Assistance Publique - Hôpitaux de Marseille,NA,NA,unknown,location_postcode,0.7
assistance publique-hpitaux de marseille,Assistance Publique - Hôpitaux de Marseille,NA,NA,hospital,location_postcode,0.7
assistance publique-hpitaux de marseille,Assistance Publique - Hôpitaux de Marseille,NA,NA,hospital,location_postcode,0.7
assistance publique-hpitaux de marseille,Assistance Publique - Hôpitaux de Marseille,NA,NA,unknown,location_postcode,0.7
assistance publique-hpitaux de marseille,Assistance Publique - Hôpitaux de Marseille,NA,NA,hospital,location_postcode,0.7
assistance publique-hpitaux de marseille,Assistance Publique - Hôpitaux de Marseille,NA,NA,unknown,location_postcode,0.7
assitance publique hopitaux de marseille,Assistance Publique - Hôpitaux de Marseille,NA,NA,hospital,location_postcode,0.7
assitance publique hopitaux de marseille,Assistance Publique - Hôpitaux de Marseille,NA,NA,hospital,location_postcode,0.7
assitance publique hopitaux de marseille,Assistance Publique - Hôpitaux de Marseille,NA,NA,unknown,location_postcode,0.7
assitance publique hopitaux de marseille,Assistance Publique - Hôpitaux de Marseille,NA,NA,hospital,location_postcode,0.7
assitance publique hopitaux de marseille,Assistance Publique - Hôpitaux de Marseille,NA,NA,unknown,location_postcode,0.7
auris medical ltd,Auris Medical,NA,NA,unknown,location_postcode,0.7
azienda ospedale-universita padova,Azienda Ospedaliera di Padova,NA,NA,NA,location_postcode,0.7
azienda ospedale-universita padova,Azienda Ospedaliera di Padova,NA,NA,NA,location_postcode,0.7
azienda ospedaliera universitaria meyer irccs,Azienda Ospedaliero Universitaria Meyer IRCCS,NA,NA,NA,location_postcode,0.7
azienda ospedaliera universitaria meyer irccs,Azienda Ospedaliero Universitaria Meyer IRCCS,NA,NA,NA,location_postcode,0.7
azienda ospedaliera universitaria meyer irccs,Azienda Ospedaliero Universitaria Meyer IRCCS,NA,NA,NA,location_postcode,0.7
azienda ospedaliera universitaria meyer irccs,Azienda Ospedaliero-Universitaria Careggi,NA,NA,unknown,location_postcode,0.7
azurrx,AzurRx,NA,NA,unknown,location_postcode,0.7
bial-portela c s a,BIAL - Portela C,NA,NA,unknown,location_postcode,0.7
bial-portela c s a,BIAL-Portela Ca,NA,NA,unknown,location_postcode,0.7
bial-portela c s a,BIAL-Portela Ca,NA,NA,unknown,location_postcode,0.7
bial-portela c s a,BIAL-Portela Ca,NA,NA,unknown,location_postcode,0.7
bial-portela c s a,BIAL-Portela Ca,NA,NA,unknown,location_postcode,0.7
bial-portela c s a,BIAL-Portela Ca,NA,NA,unknown,location_postcode,0.7
bial-portela c s a,BIAL-Portela Ca,NA,NA,unknown,location_postcode,0.7
bial-portela c s a,BIAL-Portela Ca,NA,NA,unknown,location_postcode,0.7
belgian ibd research and development bird vzw,Belgian IBD research and development,NA,NA,unknown,location_postcode,0.7
belgian ibd research and development bird vzw,Belgian IBD research and development,NA,NA,unknown,location_postcode,0.7
bethesda diabetes research center b v,Bethesda Diabetes Research Center,NA,NA,unknown,location_postcode,0.7
bethesda diabetes research center b v,Bethesda Diabetes research Center BDRC,NA,NA,unknown,location_postcode,0.7
bicycletx ltd,Bicycletx,NA,NA,unknown,location_postcode,0.7
bioline rx ltd,BioLineRx,NA,NA,unknown,location_postcode,0.7
bioline rx ltd,BioLineRx,NA,NA,unknown,location_postcode,0.7
bioline rx ltd,BioLineRx,NA,NA,unknown,location_postcode,0.7
biontech cell gene therapies gmbh,BioNTech Cell & Gene Therapies,NA,NA,unknown,location_postcode,0.7
biohaven pharmaceuticals holding company limited,Biohaven Pharmaceuticals,NA,NA,industry,location_postcode,0.7
biohaven pharmaceuticals holding company limited,Biohaven Pharmaceuticals,NA,NA,industry,location_postcode,0.7
biohaven pharmaceuticals holding company limited,Biohaven Pharmaceuticals,NA,NA,industry,location_postcode,0.7
bioverativ therapeutic inc,Bioverativ,NA,NA,unknown,location_postcode,0.7
bioverativ therapeutic inc,Bioverativ Therapeutics,NA,NA,unknown,location_postcode,0.7
bioverativ therapeutic inc,Bioverativ Therapeutics,NA,NA,unknown,location_postcode,0.7
bioverativ therapeutic inc,Bioverativ Therapeutics,NA,NA,unknown,location_postcode,0.7
bispebjerg frederiksberg hospital,Bispebjerg Hospital,NA,NA,hospital,location_postcode,0.7
bispebjerg frederiksberg hospital,Bispebjerg Hospital,NA,NA,hospital,location_postcode,0.7
bispebjerg frederiksberg hospital,Bispebjerg Hospital,NA,NA,hospital,location_postcode,0.7
boehringer,Boehringer Ingelheim,Boehringer Ingelheim,Boehringer Ingelheim,industry,location_postcode,0.7
boehringer,Boehringer Ingelheim,Boehringer Ingelheim,Boehringer Ingelheim,industry,location_postcode,0.7
boehringer,Boehringer Ingelheim,Boehringer Ingelheim,Boehringer Ingelheim,industry,location_postcode,0.7
boehringer,Boehringer Ingelheim,Boehringer Ingelheim,Boehringer Ingelheim,industry,location_postcode,0.7
boehringer,Boehringer Ingelheim,Boehringer Ingelheim,Boehringer Ingelheim,industry,location_postcode,0.7
boehringer,Boehringer Ingelheim,Boehringer Ingelheim,Boehringer Ingelheim,industry,location_postcode,0.7
boehringer,Boehringer Ingelheim,Boehringer Ingelheim,Boehringer Ingelheim,industry,location_postcode,0.7
boehringer,Boehringer Ingelheim,Boehringer Ingelheim,Boehringer Ingelheim,industry,location_postcode,0.7
boehringer,Boehringer Ingelheim,Boehringer Ingelheim,Boehringer Ingelheim,industry,location_postcode,0.7
boehringer,Boehringer Ingelheim,Boehringer Ingelheim,Boehringer Ingelheim,industry,location_postcode,0.7
boehringer,Boehringer Ingelheim,Boehringer Ingelheim,Boehringer Ingelheim,industry,location_postcode,0.7
boehringer,Boehringer Ingelheim,Boehringer Ingelheim,Boehringer Ingelheim,industry,location_postcode,0.7
boehringer,Boehringer Ingelheim,Boehringer Ingelheim,Boehringer Ingelheim,industry,location_postcode,0.7
boehringer,Boehringer Ingelheim,Boehringer Ingelheim,Boehringer Ingelheim,industry,location_postcode,0.7
boehringer,Boehringer Ingelheim,NA,NA,industry,location_postcode,0.7
boehringer ingeheim rcv gmbh co kg,Boehringer Ingelheim,Boehringer Ingelheim,Boehringer Ingelheim,industry,location_postcode,0.7
boehringer ingeheim rcv gmbh co kg,Boehringer Ingelheim,Boehringer Ingelheim,Boehringer Ingelheim,industry,location_postcode,0.7
boehringer ingeheim rcv gmbh co kg,Boehringer Ingelheim,Boehringer Ingelheim,Boehringer Ingelheim,industry,location_postcode,0.7
boehringer ingeheim rcv gmbh co kg,Boehringer Ingelheim,Boehringer Ingelheim,Boehringer Ingelheim,industry,location_postcode,0.7
boehringer ingeheim rcv gmbh co kg,Boehringer Ingelheim,Boehringer Ingelheim,Boehringer Ingelheim,industry,location_postcode,0.7
boehringer ingeheim rcv gmbh co kg,Boehringer Ingelheim,Boehringer Ingelheim,Boehringer Ingelheim,industry,location_postcode,0.7
boehringer ingeheim rcv gmbh co kg,Boehringer Ingelheim,Boehringer Ingelheim,Boehringer Ingelheim,industry,location_postcode,0.7
boehringer ingeheim rcv gmbh co kg,Boehringer Ingelheim,Boehringer Ingelheim,Boehringer Ingelheim,industry,location_postcode,0.7
boehringer ingeheim rcv gmbh co kg,Boehringer Ingelheim,Boehringer Ingelheim,Boehringer Ingelheim,industry,location_postcode,0.7
boehringer ingeheim rcv gmbh co kg,Boehringer Ingelheim,Boehringer Ingelheim,Boehringer Ingelheim,industry,location_postcode,0.7
boehringer ingeheim rcv gmbh co kg,Boehringer Ingelheim,Boehringer Ingelheim,Boehringer Ingelheim,industry,location_postcode,0.7
boehringer ingeheim rcv gmbh co kg,Boehringer Ingelheim,Boehringer Ingelheim,Boehringer Ingelheim,industry,location_postcode,0.7
boehringer ingeheim rcv gmbh co kg,Boehringer Ingelheim,Boehringer Ingelheim,Boehringer Ingelheim,industry,location_postcode,0.7
boehringer ingeheim rcv gmbh co kg,Boehringer Ingelheim,Boehringer Ingelheim,Boehringer Ingelheim,industry,location_postcode,0.7
boehringer ingeheim rcv gmbh co kg,Boehringer Ingelheim,Boehringer Ingelheim,Boehringer Ingelheim,industry,location_postcode,0.7
boehringer ingeheim rcv gmbh co kg,Boehringer Ingelheim,Boehringer Ingelheim,Boehringer Ingelheim,industry,location_postcode,0.7
boehringer ingeheim rcv gmbh co kg,Boehringer Ingelheim,Boehringer Ingelheim,Boehringer Ingelheim,industry,location_postcode,0.7
boehringer ingeheim rcv gmbh co kg,Boehringer Ingelheim,Boehringer Ingelheim,Boehringer Ingelheim,industry,location_postcode,0.7
boehringer ingeheim rcv gmbh co kg,Boehringer Ingelheim,Boehringer Ingelheim,Boehringer Ingelheim,industry,location_postcode,0.7
boehringer ingeheim rcv gmbh co kg,Boehringer Ingelheim,Boehringer Ingelheim,Boehringer Ingelheim,industry,location_postcode,0.7
boehringer ingeheim rcv gmbh co kg,Boehringer Ingelheim,Boehringer Ingelheim,Boehringer Ingelheim,industry,location_postcode,0.7
boehringer ingeheim rcv gmbh co kg,Boehringer Ingelheim,Boehringer Ingelheim,Boehringer Ingelheim,industry,location_postcode,0.7
boehringer ingeheim rcv gmbh co kg,Boehringer Ingelheim,Boehringer Ingelheim,Boehringer Ingelheim,industry,location_postcode,0.7
boehringer ingeheim rcv gmbh co kg,Boehringer Ingelheim,Boehringer Ingelheim,Boehringer Ingelheim,industry,location_postcode,0.7
boehringer ingeheim rcv gmbh co kg,Boehringer Ingelheim,Boehringer Ingelheim,Boehringer Ingelheim,industry,location_postcode,0.7
boehringer ingeheim rcv gmbh co kg,Boehringer Ingelheim,Boehringer Ingelheim,Boehringer Ingelheim,industry,location_postcode,0.7
boehringer ingeheim rcv gmbh co kg,Boehringer Ingelheim,Boehringer Ingelheim,Boehringer Ingelheim,industry,location_postcode,0.7
boehringer ingeheim rcv gmbh co kg,Boehringer Ingelheim,Boehringer Ingelheim,Boehringer Ingelheim,industry,location_postcode,0.7
boehringer ingeheim rcv gmbh co kg,Boehringer Ingelheim,Boehringer Ingelheim,Boehringer Ingelheim,industry,location_postcode,0.7
boehringer ingeheim rcv gmbh co kg,Boehringer Ingelheim,Boehringer Ingelheim,Boehringer Ingelheim,industry,location_postcode,0.7
boehringer ingeheim rcv gmbh co kg,Boehringer Ingelheim,Boehringer Ingelheim,Boehringer Ingelheim,industry,location_postcode,0.7
boehringer ingeheim rcv gmbh co kg,Boehringer Ingelheim,Boehringer Ingelheim,Boehringer Ingelheim,industry,location_postcode,0.7
boehringer ingeheim rcv gmbh co kg,Boehringer Ingelheim,Boehringer Ingelheim,Boehringer Ingelheim,industry,location_postcode,0.7
boehringer ingeheim rcv gmbh co kg,Boehringer Ingelheim,Boehringer Ingelheim,Boehringer Ingelheim,industry,location_postcode,0.7
boehringer ingeheim rcv gmbh co kg,Boehringer Ingelheim,Boehringer Ingelheim,Boehringer Ingelheim,industry,location_postcode,0.7
boehringer ingeheim rcv gmbh co kg,Boehringer Ingelheim,Boehringer Ingelheim,Boehringer Ingelheim,industry,location_postcode,0.7
boehringer ingeheim rcv gmbh co kg,Boehringer Ingelheim,Boehringer Ingelheim,Boehringer Ingelheim,industry,location_postcode,0.7
boehringer ingeheim rcv gmbh co kg,Boehringer Ingelheim,Boehringer Ingelheim,Boehringer Ingelheim,industry,location_postcode,0.7
boehringer ingeheim rcv gmbh co kg,Boehringer Ingelheim,Boehringer Ingelheim,Boehringer Ingelheim,industry,location_postcode,0.7
boehringer ingeheim rcv gmbh co kg,Boehringer Ingelheim,Boehringer Ingelheim,Boehringer Ingelheim,industry,location_postcode,0.7
boehringer ingeheim rcv gmbh co kg,Boehringer Ingelheim,Boehringer Ingelheim,Boehringer Ingelheim,industry,location_postcode,0.7
boehringer ingeheim rcv gmbh co kg,Boehringer Ingelheim,Boehringer Ingelheim,Boehringer Ingelheim,industry,location_postcode,0.7
boehringer ingelehim ab,Boehringer Ingelheim,Boehringer Ingelheim,Boehringer Ingelheim,industry,location_postcode,0.7
boehringer ingelehim ab,Boehringer Ingelheim,Boehringer Ingelheim,Boehringer Ingelheim,industry,location_postcode,0.7
boehringer ingelehim ab,Boehringer Ingelheim,Boehringer Ingelheim,Boehringer Ingelheim,industry,location_postcode,0.7
boehringer ingelehim ab,Boehringer Ingelheim,Boehringer Ingelheim,Boehringer Ingelheim,industry,location_postcode,0.7
boehringer ingelehim ab,Boehringer Ingelheim,Boehringer Ingelheim,Boehringer Ingelheim,industry,location_postcode,0.7
boehringer ingelehim ab,Boehringer Ingelheim,Boehringer Ingelheim,Boehringer Ingelheim,industry,location_postcode,0.7
boehringer ingelehim ab,Boehringer Ingelheim,Boehringer Ingelheim,Boehringer Ingelheim,industry,location_postcode,0.7
boehringer ingelehim ab,Boehringer Ingelheim,Boehringer Ingelheim,Boehringer Ingelheim,industry,location_postcode,0.7
boehringer ingelehim ab,Boehringer Ingelheim,Boehringer Ingelheim,Boehringer Ingelheim,industry,location_postcode,0.7
boehringer ingelehim ab,Boehringer Ingelheim,Boehringer Ingelheim,Boehringer Ingelheim,industry,location_postcode,0.7
boehringer ingelehim ab,Boehringer Ingelheim,Boehringer Ingelheim,Boehringer Ingelheim,industry,location_postcode,0.7
boehringer ingelehim ab,Boehringer Ingelheim,Boehringer Ingelheim,Boehringer Ingelheim,industry,location_postcode,0.7
boehringer ingelehim ab,Boehringer Ingelheim,Boehringer Ingelheim,Boehringer Ingelheim,industry,location_postcode,0.7
boehringer ingelehim ab,Boehringer Ingelheim,Boehringer Ingelheim,Boehringer Ingelheim,industry,location_postcode,0.7
boehringer ingelehim ab,Boehringer Ingelheim,Boehringer Ingelheim,Boehringer Ingelheim,industry,location_postcode,0.7
boehringer ingelehim ab,Boehringer Ingelheim,Boehringer Ingelheim,Boehringer Ingelheim,industry,location_postcode,0.7
boehringer ingelehim ab,Boehringer Ingelheim,Boehringer Ingelheim,Boehringer Ingelheim,industry,location_postcode,0.7
boehringer ingelehim ab,Boehringer Ingelheim,Boehringer Ingelheim,Boehringer Ingelheim,industry,location_postcode,0.7
boehringer ingelehim ab,Boehringer Ingelheim,Boehringer Ingelheim,Boehringer Ingelheim,industry,location_postcode,0.7
boehringer ingelehim ab,Boehringer Ingelheim,Boehringer Ingelheim,Boehringer Ingelheim,industry,location_postcode,0.7
boehringer ingelehim ab,Boehringer Ingelheim,Boehringer Ingelheim,Boehringer Ingelheim,industry,location_postcode,0.7
boehringer ingelehim ab,Boehringer Ingelheim,Boehringer Ingelheim,Boehringer Ingelheim,industry,location_postcode,0.7
boehringer ingelehim ab,Boehringer Ingelheim,Boehringer Ingelheim,Boehringer Ingelheim,industry,location_postcode,0.7
boehringer ingelehim ab,Boehringer Ingelheim,Boehringer Ingelheim,Boehringer Ingelheim,industry,location_postcode,0.7
boehringer ingelehim ab,Boehringer Ingelheim,Boehringer Ingelheim,Boehringer Ingelheim,industry,location_postcode,0.7
boehringer ingelehim ab,Boehringer Ingelheim,Boehringer Ingelheim,Boehringer Ingelheim,industry,location_postcode,0.7
boehringer ingelehim ab,Boehringer Ingelheim,Boehringer Ingelheim,Boehringer Ingelheim,industry,location_postcode,0.7
boehringer ingelehim ab,Boehringer Ingelheim,Boehringer Ingelheim,Boehringer Ingelheim,industry,location_postcode,0.7
boehringer ingelehim ab,Boehringer Ingelheim,Boehringer Ingelheim,Boehringer Ingelheim,industry,location_postcode,0.7
boehringer ingelehim ab,Boehringer Ingelheim,Boehringer Ingelheim,Boehringer Ingelheim,industry,location_postcode,0.7
boehringer ingelehim ab,Boehringer Ingelheim,Boehringer Ingelheim,Boehringer Ingelheim,industry,location_postcode,0.7
boehringer ingelehim ab,Boehringer Ingelheim,Boehringer Ingelheim,Boehringer Ingelheim,industry,location_postcode,0.7
boehringer ingelehim ab,Boehringer Ingelheim,Boehringer Ingelheim,Boehringer Ingelheim,industry,location_postcode,0.7
boehringer ingelehim ab,Boehringer Ingelheim,Boehringer Ingelheim,Boehringer Ingelheim,industry,location_postcode,0.7
boehringer ingelehim ab,Boehringer Ingelheim,Boehringer Ingelheim,Boehringer Ingelheim,industry,location_postcode,0.7
boehringer ingelehim ab,Boehringer Ingelheim,Boehringer Ingelheim,Boehringer Ingelheim,industry,location_postcode,0.7
boehringer ingelehim ab,Boehringer Ingelheim,Boehringer Ingelheim,Boehringer Ingelheim,industry,location_postcode,0.7
boehringer ingelehim ab,Boehringer Ingelheim,Boehringer Ingelheim,Boehringer Ingelheim,industry,location_postcode,0.7
boehringer ingelehim ab,Boehringer Ingelheim,Boehringer Ingelheim,Boehringer Ingelheim,industry,location_postcode,0.7
boehringer ingelehim ab,Boehringer Ingelheim,Boehringer Ingelheim,Boehringer Ingelheim,industry,location_postcode,0.7
boehringer ingelehim ab,Boehringer Ingelheim,Boehringer Ingelheim,Boehringer Ingelheim,industry,location_postcode,0.7
boehringer ingelehim ab,Boehringer Ingelheim,Boehringer Ingelheim,Boehringer Ingelheim,industry,location_postcode,0.7
boehringer ingelehim ab,Boehringer Ingelheim,Boehringer Ingelheim,Boehringer Ingelheim,industry,location_postcode,0.7
boehringer ingelehim ab,Boehringer Ingelheim,Boehringer Ingelheim,Boehringer Ingelheim,industry,location_postcode,0.7
boehringer ingelehim ab,Boehringer Ingelheim,Boehringer Ingelheim,Boehringer Ingelheim,industry,location_postcode,0.7
boehringer ingelehim ab,Boehringer Ingelheim,Boehringer Ingelheim,Boehringer Ingelheim,industry,location_postcode,0.7
boehringer ingelehim ab,Boehringer Ingelheim,Boehringer Ingelheim,Boehringer Ingelheim,industry,location_postcode,0.7
boehringer ingelehim ab,Boehringer Ingelheim,NA,NA,industry,location_postcode,0.7
boehringer ingelehim ab,Boehringer Ingelheim,Boehringer Ingelheim,Boehringer Ingelheim,industry,location_postcode,0.7
boehringer ingelehim ab,Boehringer Ingelheim,Boehringer Ingelheim,Boehringer Ingelheim,industry,location_postcode,0.7
boehringer ingelehim ab,Boehringer Ingelheim,Boehringer Ingelheim,Boehringer Ingelheim,industry,location_postcode,0.7
boehringer ingelehim ab,Boehringer Ingelheim,Boehringer Ingelheim,Boehringer Ingelheim,industry,location_postcode,0.7
boehringer ingelehim ab,Boehringer Ingelheim,Boehringer Ingelheim,Boehringer Ingelheim,industry,location_postcode,0.7
boehringer ingelehim ab,Boehringer Ingelheim,Boehringer Ingelheim,Boehringer Ingelheim,industry,location_postcode,0.7
boehringer ingelehim ab,Boehringer Ingelheim,Boehringer Ingelheim,Boehringer Ingelheim,industry,location_postcode,0.7
boehringer ingelehim ab,Boehringer Ingelheim,Boehringer Ingelheim,Boehringer Ingelheim,industry,location_postcode,0.7
boehringer ingelehim ab,Boehringer Ingelheim,Boehringer Ingelheim,Boehringer Ingelheim,industry,location_postcode,0.7
boehringer ingelehim ab,Boehringer Ingelheim,Boehringer Ingelheim,Boehringer Ingelheim,industry,location_postcode,0.7
boehringer ingelehim ab,Boehringer Ingelheim,Boehringer Ingelheim,Boehringer Ingelheim,industry,location_postcode,0.7
boehringer ingelehim ab,Boehringer Ingelheim,Boehringer Ingelheim,Boehringer Ingelheim,industry,location_postcode,0.7
boehringer ingelehim ab,Boehringer Ingelheim,Boehringer Ingelheim,Boehringer Ingelheim,industry,location_postcode,0.7
boehringer ingelehim ab,Boehringer Ingelheim,Boehringer Ingelheim,Boehringer Ingelheim,industry,location_postcode,0.7
boehringer ingelehim ab,Boehringer Ingelheim,Boehringer Ingelheim,Boehringer Ingelheim,industry,location_postcode,0.7
boehringer ingelehim ab,Boehringer Ingelheim,Boehringer Ingelheim,Boehringer Ingelheim,industry,location_postcode,0.7
boehringer ingelehim ab,Boehringer Ingelheim,Boehringer Ingelheim,Boehringer Ingelheim,industry,location_postcode,0.7
boehringer ingelehim ab,Boehringer Ingelheim,Boehringer Ingelheim,Boehringer Ingelheim,industry,location_postcode,0.7
boehringer ingelehim ab,Boehringer Ingelheim,Boehringer Ingelheim,Boehringer Ingelheim,industry,location_postcode,0.7
boehringer ingelehim ab,Boehringer Ingelheim,NA,NA,industry,location_postcode,0.7
boehringer ingelehim ab,Boehringer Ingelheim,Boehringer Ingelheim,Boehringer Ingelheim,industry,location_postcode,0.7
boehringer ingelehim ab,Boehringer Ingelheim,Boehringer Ingelheim,Boehringer Ingelheim,industry,location_postcode,0.7
boehringer ingelheimrcv gmbh co kg,Boehringer Ingelheim,Boehringer Ingelheim,Boehringer Ingelheim,industry,location_postcode,0.7
boehringer ingelheimrcv gmbh co kg,Boehringer Ingelheim,Boehringer Ingelheim,Boehringer Ingelheim,industry,location_postcode,0.7
boehringer ingelheimrcv gmbh co kg,Boehringer Ingelheim,Boehringer Ingelheim,Boehringer Ingelheim,industry,location_postcode,0.7
boehringer ingelheimrcv gmbh co kg,Boehringer Ingelheim,Boehringer Ingelheim,Boehringer Ingelheim,industry,location_postcode,0.7
boehringer ingelheimrcv gmbh co kg,Boehringer Ingelheim,Boehringer Ingelheim,Boehringer Ingelheim,industry,location_postcode,0.7
boehringer ingelheimrcv gmbh co kg,Boehringer Ingelheim,Boehringer Ingelheim,Boehringer Ingelheim,industry,location_postcode,0.7
boehringer ingelheimrcv gmbh co kg,Boehringer Ingelheim,Boehringer Ingelheim,Boehringer Ingelheim,industry,location_postcode,0.7
boehringer ingelheimrcv gmbh co kg,Boehringer Ingelheim,Boehringer Ingelheim,Boehringer Ingelheim,industry,location_postcode,0.7
boehringer ingelheimrcv gmbh co kg,Boehringer Ingelheim,Boehringer Ingelheim,Boehringer Ingelheim,industry,location_postcode,0.7
boehringer ingelheimrcv gmbh co kg,Boehringer Ingelheim,Boehringer Ingelheim,Boehringer Ingelheim,industry,location_postcode,0.7
boehringer ingelheimrcv gmbh co kg,Boehringer Ingelheim,Boehringer Ingelheim,Boehringer Ingelheim,industry,location_postcode,0.7
boehringer ingelheimrcv gmbh co kg,Boehringer Ingelheim,Boehringer Ingelheim,Boehringer Ingelheim,industry,location_postcode,0.7
boehringer ingelheimrcv gmbh co kg,Boehringer Ingelheim,Boehringer Ingelheim,Boehringer Ingelheim,industry,location_postcode,0.7
boehringer ingelheimrcv gmbh co kg,Boehringer Ingelheim,Boehringer Ingelheim,Boehringer Ingelheim,industry,location_postcode,0.7
boehringer ingelheimrcv gmbh co kg,Boehringer Ingelheim,Boehringer Ingelheim,Boehringer Ingelheim,industry,location_postcode,0.7
boehringer ingelheimrcv gmbh co kg,Boehringer Ingelheim,Boehringer Ingelheim,Boehringer Ingelheim,industry,location_postcode,0.7
boehringer ingelheimrcv gmbh co kg,Boehringer Ingelheim,Boehringer Ingelheim,Boehringer Ingelheim,industry,location_postcode,0.7
boehringer ingelheimrcv gmbh co kg,Boehringer Ingelheim,Boehringer Ingelheim,Boehringer Ingelheim,industry,location_postcode,0.7
boehringer ingelheimrcv gmbh co kg,Boehringer Ingelheim,Boehringer Ingelheim,Boehringer Ingelheim,industry,location_postcode,0.7
boehringer ingelheimrcv gmbh co kg,Boehringer Ingelheim,Boehringer Ingelheim,Boehringer Ingelheim,industry,location_postcode,0.7
boehringer ingelheimrcv gmbh co kg,Boehringer Ingelheim,Boehringer Ingelheim,Boehringer Ingelheim,industry,location_postcode,0.7
boehringer ingelheimrcv gmbh co kg,Boehringer Ingelheim,Boehringer Ingelheim,Boehringer Ingelheim,industry,location_postcode,0.7
boehringer ingelheimrcv gmbh co kg,Boehringer Ingelheim,Boehringer Ingelheim,Boehringer Ingelheim,industry,location_postcode,0.7
boehringer ingelheimrcv gmbh co kg,Boehringer Ingelheim,Boehringer Ingelheim,Boehringer Ingelheim,industry,location_postcode,0.7
boehringer ingelheimrcv gmbh co kg,Boehringer Ingelheim,Boehringer Ingelheim,Boehringer Ingelheim,industry,location_postcode,0.7
boehringer ingelheimrcv gmbh co kg,Boehringer Ingelheim,Boehringer Ingelheim,Boehringer Ingelheim,industry,location_postcode,0.7
boehringer ingelheimrcv gmbh co kg,Boehringer Ingelheim,Boehringer Ingelheim,Boehringer Ingelheim,industry,location_postcode,0.7
boehringer ingelheimrcv gmbh co kg,Boehringer Ingelheim,Boehringer Ingelheim,Boehringer Ingelheim,industry,location_postcode,0.7
boehringer ingelheimrcv gmbh co kg,Boehringer Ingelheim,Boehringer Ingelheim,Boehringer Ingelheim,industry,location_postcode,0.7
boehringer ingelheimrcv gmbh co kg,Boehringer Ingelheim,Boehringer Ingelheim,Boehringer Ingelheim,industry,location_postcode,0.7
boehringer ingelheimrcv gmbh co kg,Boehringer Ingelheim,Boehringer Ingelheim,Boehringer Ingelheim,industry,location_postcode,0.7
boehringer ingelheimrcv gmbh co kg,Boehringer Ingelheim,Boehringer Ingelheim,Boehringer Ingelheim,industry,location_postcode,0.7
boehringer ingelheimrcv gmbh co kg,Boehringer Ingelheim,Boehringer Ingelheim,Boehringer Ingelheim,industry,location_postcode,0.7
boehringer ingelheimrcv gmbh co kg,Boehringer Ingelheim,Boehringer Ingelheim,Boehringer Ingelheim,industry,location_postcode,0.7
boehringer ingelheimrcv gmbh co kg,Boehringer Ingelheim,Boehringer Ingelheim,Boehringer Ingelheim,industry,location_postcode,0.7
boehringer ingelheimrcv gmbh co kg,Boehringer Ingelheim,Boehringer Ingelheim,Boehringer Ingelheim,industry,location_postcode,0.7
boehringer ingelheimrcv gmbh co kg,Boehringer Ingelheim,Boehringer Ingelheim,Boehringer Ingelheim,industry,location_postcode,0.7
boehringer ingelheimrcv gmbh co kg,Boehringer Ingelheim,Boehringer Ingelheim,Boehringer Ingelheim,industry,location_postcode,0.7
boehringer ingelheimrcv gmbh co kg,Boehringer Ingelheim,Boehringer Ingelheim,Boehringer Ingelheim,industry,location_postcode,0.7
boehringer ingelheimrcv gmbh co kg,Boehringer Ingelheim,Boehringer Ingelheim,Boehringer Ingelheim,industry,location_postcode,0.7
boehringer ingelheimrcv gmbh co kg,Boehringer Ingelheim,Boehringer Ingelheim,Boehringer Ingelheim,industry,location_postcode,0.7
boehringer ingelheimrcv gmbh co kg,Boehringer Ingelheim,Boehringer Ingelheim,Boehringer Ingelheim,industry,location_postcode,0.7
boehringer ingelheimrcv gmbh co kg,Boehringer Ingelheim,Boehringer Ingelheim,Boehringer Ingelheim,industry,location_postcode,0.7
boehringer ingelheimrcv gmbh co kg,Boehringer Ingelheim,Boehringer Ingelheim,Boehringer Ingelheim,industry,location_postcode,0.7
boehringer ingelheimrcv gmbh co kg,Boehringer Ingelheim,Boehringer Ingelheim,Boehringer Ingelheim,industry,location_postcode,0.7
boehringer ingelheimrcv gmbh co kg,Boehringer Ingelheim,Boehringer Ingelheim,Boehringer Ingelheim,industry,location_postcode,0.7
boehringer ingelheimrcv gmbh co kg,Boehringer Ingelheim,Boehringer Ingelheim,Boehringer Ingelheim,industry,location_postcode,0.7
boehringer ingelheimrcv gmbh co kg,Boehringer Ingelheim,Boehringer Ingelheim,Boehringer Ingelheim,industry,location_postcode,0.7
boehringer ingelheimrcv gmbh co kg,Boehringer Ingelheim,Boehringer Ingelheim,Boehringer Ingelheim,industry,location_postcode,0.7
boehringer ingelheimrcv gmbh co kg,Boehringer Ingelheim,Boehringer Ingelheim,Boehringer Ingelheim,industry,location_postcode,0.7
boehringer ingelheimrcv gmbh co kg,Boehringer Ingelheim,Boehringer Ingelheim,Boehringer Ingelheim,industry,location_postcode,0.7
boehringer ingelheimrcv gmbh co kg,Boehringer Ingelheim,Boehringer Ingelheim,Boehringer Ingelheim,industry,location_postcode,0.7
boehringer ingelheimrcv gmbh co kg,Boehringer Ingelheim,Boehringer Ingelheim,Boehringer Ingelheim,industry,location_postcode,0.7
boehringer ingelheimrcv gmbh co kg,Boehringer Ingelheim,Boehringer Ingelheim,Boehringer Ingelheim,industry,location_postcode,0.7
boehringer ingelheimrcv gmbh co kg,Boehringer Ingelheim,Boehringer Ingelheim,Boehringer Ingelheim,industry,location_postcode,0.7
boehringer ingelheimrcv gmbh co kg,Boehringer Ingelheim,Boehringer Ingelheim,Boehringer Ingelheim,industry,location_postcode,0.7
boehringer ingelheimrcv gmbh co kg,Boehringer Ingelheim,Boehringer Ingelheim,Boehringer Ingelheim,industry,location_postcode,0.7
boehringer ingelheimrcv gmbh co kg,Boehringer Ingelheim,Boehringer Ingelheim,Boehringer Ingelheim,industry,location_postcode,0.7
boehringer ingelheimrcv gmbh co kg,Boehringer Ingelheim,Boehringer Ingelheim,Boehringer Ingelheim,industry,location_postcode,0.7
boehringer ingelheimrcv gmbh co kg,Boehringer Ingelheim,Boehringer Ingelheim,Boehringer Ingelheim,industry,location_postcode,0.7
boehringer ingelheimrcv gmbh co kg,Boehringer Ingelheim,Boehringer Ingelheim,Boehringer Ingelheim,industry,location_postcode,0.7
boehringer ingelheimrcv gmbh co kg,Boehringer Ingelheim,Boehringer Ingelheim,Boehringer Ingelheim,industry,location_postcode,0.7
boehringer ingelheimrcv gmbh co kg,Boehringer Ingelheim,Boehringer Ingelheim,Boehringer Ingelheim,industry,location_postcode,0.7
boehringer ingelheimrcv gmbh co kg,Boehringer Ingelheim,Boehringer Ingelheim,Boehringer Ingelheim,industry,location_postcode,0.7
boehringer ingelheimrcv gmbh co kg,Boehringer Ingelheim,Boehringer Ingelheim,Boehringer Ingelheim,industry,location_postcode,0.7
boehringer ingelheimrcv gmbh co kg,Boehringer Ingelheim,Boehringer Ingelheim,Boehringer Ingelheim,industry,location_postcode,0.7
boehringer ingelheimrcv gmbh co kg,Boehringer Ingelheim,Boehringer Ingelheim,Boehringer Ingelheim,industry,location_postcode,0.7
boehringer ingelheimrcv gmbh co kg,Boehringer Ingelheim,Boehringer Ingelheim,Boehringer Ingelheim,industry,location_postcode,0.7
boehringer ingelheimrcv gmbh co kg,Boehringer Ingelheim,Boehringer Ingelheim,Boehringer Ingelheim,industry,location_postcode,0.7
boehringer ingelheimrcv gmbh co kg,Boehringer Ingelheim,Boehringer Ingelheim,Boehringer Ingelheim,industry,location_postcode,0.7
boehringer ingelheimrcv gmbh co kg,Boehringer Ingelheim,Boehringer Ingelheim,Boehringer Ingelheim,industry,location_postcode,0.7
boehringer ingelheimrcv gmbh co kg,Boehringer Ingelheim,Boehringer Ingelheim,Boehringer Ingelheim,industry,location_postcode,0.7
boehringer ingelheimrcv gmbh co kg,Boehringer Ingelheim,Boehringer Ingelheim,Boehringer Ingelheim,industry,location_postcode,0.7
boehringer ingelheimrcv gmbh co kg,Boehringer Ingelheim,Boehringer Ingelheim,Boehringer Ingelheim,industry,location_postcode,0.7
boehringer ingelheimrcv gmbh co kg,Boehringer Ingelheim,Boehringer Ingelheim,Boehringer Ingelheim,industry,location_postcode,0.7
boehringer ingelheimrcv gmbh co kg,Boehringer Ingelheim,Boehringer Ingelheim,Boehringer Ingelheim,industry,location_postcode,0.7
boehringer ingelheimrcv gmbh co kg,Boehringer Ingelheim,Boehringer Ingelheim,Boehringer Ingelheim,industry,location_postcode,0.7
boehringer ingelheimrcv gmbh co kg,Boehringer Ingelheim,Boehringer Ingelheim,Boehringer Ingelheim,industry,location_postcode,0.7
boehringer ingelheimrcv gmbh co kg,Boehringer Ingelheim,Boehringer Ingelheim,Boehringer Ingelheim,industry,location_postcode,0.7
boehringer ingelheimrcv gmbh co kg,Boehringer Ingelheim,Boehringer Ingelheim,Boehringer Ingelheim,industry,location_postcode,0.7
boehringer ingelheimrcv gmbh co kg,Boehringer Ingelheim,Boehringer Ingelheim,Boehringer Ingelheim,industry,location_postcode,0.7
boehringer ingelheimrcv gmbh co kg,Boehringer Ingelheim,Boehringer Ingelheim,Boehringer Ingelheim,industry,location_postcode,0.7
boehringer ingelheimrcv gmbh co kg,Boehringer Ingelheim,Boehringer Ingelheim,Boehringer Ingelheim,industry,location_postcode,0.7
boehringer ingelheimrcv gmbh co kg,Boehringer Ingelheim,Boehringer Ingelheim,Boehringer Ingelheim,industry,location_postcode,0.7
boehringer ingelheimrcv gmbh co kg,Boehringer Ingelheim,Boehringer Ingelheim,Boehringer Ingelheim,industry,location_postcode,0.7
boehringer ingelheimrcv gmbh co kg,Boehringer Ingelheim,Boehringer Ingelheim,Boehringer Ingelheim,industry,location_postcode,0.7
boehringer ingelheimrcv gmbh co kg,Boehringer Ingelheim,Boehringer Ingelheim,Boehringer Ingelheim,industry,location_postcode,0.7
boehringer ingelheimrcv gmbh co kg,Boehringer Ingelheim,Boehringer Ingelheim,Boehringer Ingelheim,industry,location_postcode,0.7
boehringer ingelheimrcv gmbh co kg,Boehringer Ingelheim,Boehringer Ingelheim,Boehringer Ingelheim,industry,location_postcode,0.7
boehringer ingelheimrcv gmbh co kg,Boehringer Ingelheim,Boehringer Ingelheim,Boehringer Ingelheim,industry,location_postcode,0.7
boehringer ingelheimrcv gmbh co kg,Boehringer Ingelheim,Boehringer Ingelheim,Boehringer Ingelheim,industry,location_postcode,0.7
boehringer ingelheimrcv gmbh co kg,Boehringer Ingelheim,Boehringer Ingelheim,Boehringer Ingelheim,industry,location_postcode,0.7
boehringer ingelheimrcv gmbh co kg,Boehringer Ingelheim,Boehringer Ingelheim,Boehringer Ingelheim,industry,location_postcode,0.7
boehringer ingelheimrcv gmbh co kg,Boehringer Ingelheim,Boehringer Ingelheim,Boehringer Ingelheim,industry,location_postcode,0.7
boehringer ingelheimrcv gmbh co kg,Boehringer Ingelheim,Boehringer Ingelheim,Boehringer Ingelheim,industry,location_postcode,0.7
boehringer ingelheimrcv gmbh co kg,Boehringer Ingelheim,Boehringer Ingelheim,Boehringer Ingelheim,industry,location_postcode,0.7
boehringer ingelheimrcv gmbh co kg,Boehringer Ingelheim,Boehringer Ingelheim,Boehringer Ingelheim,industry,location_postcode,0.7
boehringer ingelheimrcv gmbh co kg,Boehringer Ingelheim,Boehringer Ingelheim,Boehringer Ingelheim,industry,location_postcode,0.7
boehringer ingelheimrcv gmbh co kg,Boehringer Ingelheim,Boehringer Ingelheim,Boehringer Ingelheim,industry,location_postcode,0.7
boehringer ingelheimrcv gmbh co kg,Boehringer Ingelheim,Boehringer Ingelheim,Boehringer Ingelheim,industry,location_postcode,0.7
boehringer ingelheimrcv gmbh co kg,Boehringer Ingelheim,Boehringer Ingelheim,Boehringer Ingelheim,industry,location_postcode,0.7
boehringer ingelheimrcv gmbh co kg,Boehringer Ingelheim,Boehringer Ingelheim,Boehringer Ingelheim,industry,location_postcode,0.7
boehringer ingelheimrcv gmbh co kg,Boehringer Ingelheim,Boehringer Ingelheim,Boehringer Ingelheim,industry,location_postcode,0.7
boehringer ingelheimrcv gmbh co kg,Boehringer Ingelheim,Boehringer Ingelheim,Boehringer Ingelheim,industry,location_postcode,0.7
boehringer ingelheimrcv gmbh co kg,Boehringer Ingelheim,Boehringer Ingelheim,Boehringer Ingelheim,industry,location_postcode,0.7
boehringer ingelheimrcv gmbh co kg,Boehringer Ingelheim,Boehringer Ingelheim,Boehringer Ingelheim,industry,location_postcode,0.7
boehringer ingelheimrcv gmbh co kg,Boehringer Ingelheim,Boehringer Ingelheim,Boehringer Ingelheim,industry,location_postcode,0.7
boehringer ingelheimrcv gmbh co kg,Boehringer Ingelheim,Boehringer Ingelheim,Boehringer Ingelheim,industry,location_postcode,0.7
boehringer ingelheimrcv gmbh co kg,Boehringer Ingelheim,Boehringer Ingelheim,Boehringer Ingelheim,industry,location_postcode,0.7
boehringer ingelheimrcv gmbh co kg,Boehringer Ingelheim,Boehringer Ingelheim,Boehringer Ingelheim,industry,location_postcode,0.7
boehringer ingelheimrcv gmbh co kg,Boehringer Ingelheim,Boehringer Ingelheim,Boehringer Ingelheim,industry,location_postcode,0.7
boehringer ingelheimrcv gmbh co kg,Boehringer Ingelheim,Boehringer Ingelheim,Boehringer Ingelheim,industry,location_postcode,0.7
boehringer ingelheimrcv gmbh co kg,Boehringer Ingelheim,Boehringer Ingelheim,Boehringer Ingelheim,industry,location_postcode,0.7
boehringer ingelheimrcv gmbh co kg,Boehringer Ingelheim,Boehringer Ingelheim,Boehringer Ingelheim,industry,location_postcode,0.7
boehringer ingelheimrcv gmbh co kg,Boehringer Ingelheim,Boehringer Ingelheim,Boehringer Ingelheim,industry,location_postcode,0.7
boehringer ingelheimrcv gmbh co kg,Boehringer Ingelheim,Boehringer Ingelheim,Boehringer Ingelheim,industry,location_postcode,0.7
boehringer ingelheimrcv gmbh co kg,Boehringer Ingelheim,Boehringer Ingelheim,Boehringer Ingelheim,industry,location_postcode,0.7
boehringer ingelheimrcv gmbh co kg,Boehringer Ingelheim,Boehringer Ingelheim,Boehringer Ingelheim,industry,location_postcode,0.7
boehringer ingelheimrcv gmbh co kg,Boehringer Ingelheim,Boehringer Ingelheim,Boehringer Ingelheim,industry,location_postcode,0.7
boehringer ingelheimrcv gmbh co kg,Boehringer Ingelheim,Boehringer Ingelheim,Boehringer Ingelheim,industry,location_postcode,0.7
boehringer-ingelheim bv,Boehringer Ingelheim,Boehringer Ingelheim,Boehringer Ingelheim,industry,location_postcode,0.7
boehringer-ingelheim bv,Boehringer Ingelheim,Boehringer Ingelheim,Boehringer Ingelheim,industry,location_postcode,0.7
boehringer-ingelheim bv,Boehringer Ingelheim,Boehringer Ingelheim,Boehringer Ingelheim,industry,location_postcode,0.7
boehringer-ingelheim bv,Boehringer Ingelheim,Boehringer Ingelheim,Boehringer Ingelheim,industry,location_postcode,0.7
boehringer-ingelheim bv,Boehringer Ingelheim,Boehringer Ingelheim,Boehringer Ingelheim,industry,location_postcode,0.7
boehringer-ingelheim bv,Boehringer Ingelheim,Boehringer Ingelheim,Boehringer Ingelheim,industry,location_postcode,0.7
boehringer-ingelheim bv,Boehringer Ingelheim,Boehringer Ingelheim,Boehringer Ingelheim,industry,location_postcode,0.7
boehringer-ingelheim bv,Boehringer Ingelheim,Boehringer Ingelheim,Boehringer Ingelheim,industry,location_postcode,0.7
boehringer-ingelheim bv,Boehringer Ingelheim,Boehringer Ingelheim,Boehringer Ingelheim,industry,location_postcode,0.7
boehringer-ingelheim bv,Boehringer Ingelheim,NA,NA,industry,location_postcode,0.7
boehringer-ingelheim bv,Boehringer Ingelheim,Boehringer Ingelheim,Boehringer Ingelheim,industry,location_postcode,0.7
boehringer-ingelheim bv,Boehringer Ingelheim,NA,NA,industry,location_postcode,0.7
boehringer-ingelheim bv,Boehringer Ingelheim,Boehringer Ingelheim,Boehringer Ingelheim,industry,location_postcode,0.7
boehringer-ingelheim bv,Boehringer Ingelheim,Boehringer Ingelheim,Boehringer Ingelheim,industry,location_postcode,0.7
boehringer-ingelheim bv,Boehringer Ingelheim,Boehringer Ingelheim,Boehringer Ingelheim,industry,location_postcode,0.7
boehringer-ingelheim bv,Boehringer Ingelheim,Boehringer Ingelheim,Boehringer Ingelheim,industry,location_postcode,0.7
boehringer-ingelheim bv,Boehringer Ingelheim,Boehringer Ingelheim,Boehringer Ingelheim,industry,location_postcode,0.7
boehringer-ingelheim bv,Boehringer Ingelheim,NA,NA,industry,location_postcode,0.7
boehringer-ingelheim danmark a/s,Boehringer Ingelheim,Boehringer Ingelheim,Boehringer Ingelheim,industry,location_postcode,0.7
boehringer-ingelheim danmark a/s,Boehringer Ingelheim,Boehringer Ingelheim,Boehringer Ingelheim,industry,location_postcode,0.7
boehringer-ingelheim danmark a/s,Boehringer Ingelheim,Boehringer Ingelheim,Boehringer Ingelheim,industry,location_postcode,0.7
boehringer-ingelheim danmark a/s,Boehringer Ingelheim,Boehringer Ingelheim,Boehringer Ingelheim,industry,location_postcode,0.7
boehringer-ingelheim danmark a/s,Boehringer Ingelheim,NA,NA,industry,location_postcode,0.7
boehringer-ingelheim danmark a/s,Boehringer Ingelheim,NA,NA,industry,location_postcode,0.7
boehringer-ingelheim danmark a/s,Boehringer Ingelheim,NA,NA,industry,location_postcode,0.7
boehringer-ingelheim espaa s a,Boehringer Ingelheim,Boehringer Ingelheim,Boehringer Ingelheim,industry,location_postcode,0.7
boehringer-ingelheim espaa s a,Boehringer Ingelheim,Boehringer Ingelheim,Boehringer Ingelheim,industry,location_postcode,0.7
boehringer-ingelheim espaa s a,Boehringer Ingelheim,Boehringer Ingelheim,Boehringer Ingelheim,industry,location_postcode,0.7
boehringer-ingelheim espaa s a,Boehringer Ingelheim,Boehringer Ingelheim,Boehringer Ingelheim,industry,location_postcode,0.7
boehringer-ingelheim espaa s a,Boehringer Ingelheim,Boehringer Ingelheim,Boehringer Ingelheim,industry,location_postcode,0.7
boehringer-ingelheim espaa s a,Boehringer Ingelheim,Boehringer Ingelheim,Boehringer Ingelheim,industry,location_postcode,0.7
boehringer-ingelheim espaa s a,Boehringer Ingelheim,Boehringer Ingelheim,Boehringer Ingelheim,industry,location_postcode,0.7
boehringer-ingelheim espaa s a,Boehringer Ingelheim,Boehringer Ingelheim,Boehringer Ingelheim,industry,location_postcode,0.7
boehringer-ingelheim espaa s a,Boehringer Ingelheim,Boehringer Ingelheim,Boehringer Ingelheim,industry,location_postcode,0.7
boehringer-ingelheim espaa s a,Boehringer Ingelheim,Boehringer Ingelheim,Boehringer Ingelheim,industry,location_postcode,0.7
boehringer-ingelheim espaa s a,Boehringer Ingelheim,Boehringer Ingelheim,Boehringer Ingelheim,industry,location_postcode,0.7
boehringer-ingelheim espaa s a,Boehringer Ingelheim,Boehringer Ingelheim,Boehringer Ingelheim,industry,location_postcode,0.7
boehringer-ingelheim espaa s a,Boehringer Ingelheim,Boehringer Ingelheim,Boehringer Ingelheim,industry,location_postcode,0.7
boehringer-ingelheim espaa s a,Boehringer Ingelheim,Boehringer Ingelheim,Boehringer Ingelheim,industry,location_postcode,0.7
boehringer-ingelheim espaa s a,Boehringer Ingelheim,Boehringer Ingelheim,Boehringer Ingelheim,industry,location_postcode,0.7
boehringer-ingelheim espaa s a,Boehringer Ingelheim,NA,NA,industry,location_postcode,0.7
boehringer-ingelheim espaa s a,Boehringer Ingelheim,Boehringer Ingelheim,Boehringer Ingelheim,industry,location_postcode,0.7
boehringer-ingelheim espaa s a,Boehringer Ingelheim,Boehringer Ingelheim,Boehringer Ingelheim,industry,location_postcode,0.7
boehringer-ingelheim espaa s a,Boehringer Ingelheim,NA,NA,industry,location_postcode,0.7
boehringer-ingelheim espaa s a,Boehringer Ingelheim,Boehringer Ingelheim,Boehringer Ingelheim,industry,location_postcode,0.7
boehringer-ingelheim espaa s a,Boehringer Ingelheim,Boehringer Ingelheim,Boehringer Ingelheim,industry,location_postcode,0.7
boehringer-ingelheim espaa s a,Boehringer Ingelheim,Boehringer Ingelheim,Boehringer Ingelheim,industry,location_postcode,0.7
boehringer-ingelheim espaa s a,Boehringer Ingelheim,Boehringer Ingelheim,Boehringer Ingelheim,industry,location_postcode,0.7
boehringer-ingelheim espaa s a,Boehringer Ingelheim,Boehringer Ingelheim,Boehringer Ingelheim,industry,location_postcode,0.7
boehringer-ingelheim espaa s a,Boehringer Ingelheim,NA,NA,industry,location_postcode,0.7
boehringer-ingelheim pharma gmbh co kg,Boehringer Ingelheim,Boehringer Ingelheim,Boehringer Ingelheim,industry,location_postcode,0.7
boehringer-ingelheim pharma gmbh co kg,Boehringer Ingelheim,Boehringer Ingelheim,Boehringer Ingelheim,industry,location_postcode,0.7
boehringer-ingelheim pharma gmbh co kg,Boehringer Ingelheim,Boehringer Ingelheim,Boehringer Ingelheim,industry,location_postcode,0.7
boehringer-ingelheim pharma gmbh co kg,Boehringer Ingelheim,Boehringer Ingelheim,Boehringer Ingelheim,industry,location_postcode,0.7
boehringer-ingelheim pharma gmbh co kg,Boehringer Ingelheim,Boehringer Ingelheim,Boehringer Ingelheim,industry,location_postcode,0.7
boehringer-ingelheim pharma gmbh co kg,Boehringer Ingelheim,Boehringer Ingelheim,Boehringer Ingelheim,industry,location_postcode,0.7
boehringer-ingelheim pharma gmbh co kg,Boehringer Ingelheim,Boehringer Ingelheim,Boehringer Ingelheim,industry,location_postcode,0.7
boehringer-ingelheim pharma gmbh co kg,Boehringer Ingelheim,Boehringer Ingelheim,Boehringer Ingelheim,industry,location_postcode,0.7
boehringer-ingelheim pharma gmbh co kg,Boehringer Ingelheim,Boehringer Ingelheim,Boehringer Ingelheim,industry,location_postcode,0.7
boehringer-ingelheim pharma gmbh co kg,Boehringer Ingelheim,Boehringer Ingelheim,Boehringer Ingelheim,industry,location_postcode,0.7
boehringer-ingelheim pharma gmbh co kg,Boehringer Ingelheim,Boehringer Ingelheim,Boehringer Ingelheim,industry,location_postcode,0.7
boehringer-ingelheim pharma gmbh co kg,Boehringer Ingelheim,Boehringer Ingelheim,Boehringer Ingelheim,industry,location_postcode,0.7
boehringer-ingelheim pharma gmbh co kg,Boehringer Ingelheim,Boehringer Ingelheim,Boehringer Ingelheim,industry,location_postcode,0.7
boehringer-ingelheim pharma gmbh co kg,Boehringer Ingelheim,Boehringer Ingelheim,Boehringer Ingelheim,industry,location_postcode,0.7
boehringer-ingelheim pharma gmbh co kg,Boehringer Ingelheim,Boehringer Ingelheim,Boehringer Ingelheim,industry,location_postcode,0.7
boehringer-ingelheim pharma gmbh co kg,Boehringer Ingelheim,NA,NA,industry,location_postcode,0.7
boehringer-ingelheim pharma gmbh co kg,Boehringer Ingelheim,Boehringer Ingelheim,Boehringer Ingelheim,industry,location_postcode,0.7
boehringer-ingelheim pharma gmbh co kg,Boehringer Ingelheim,NA,NA,industry,location_postcode,0.7
boehringer-ingelheim pharma gmbh co kg,Boehringer Ingelheim,Boehringer Ingelheim,Boehringer Ingelheim,industry,location_postcode,0.7
boehringer-ingelheim pharma gmbh co kg,Boehringer Ingelheim,Boehringer Ingelheim,Boehringer Ingelheim,industry,location_postcode,0.7
boehringer-ingelheim pharma gmbh co kg,Boehringer Ingelheim,Boehringer Ingelheim,Boehringer Ingelheim,industry,location_postcode,0.7
boehringer-ingelheim pharma gmbh co kg,Boehringer Ingelheim,Boehringer Ingelheim,Boehringer Ingelheim,industry,location_postcode,0.7
boehringer-ingelheim pharma gmbh co kg,Boehringer Ingelheim,Boehringer Ingelheim,Boehringer Ingelheim,industry,location_postcode,0.7
boehringer-ingelheim pharma gmbh co kg,Boehringer Ingelheim,NA,NA,industry,location_postcode,0.7
boehringer-ingelheim pharma gmbh co kg,Boehringer Ingelheim,Boehringer Ingelheim,Boehringer Ingelheim,industry,location_postcode,0.7
boehringer-ingelheim pharma gmbh co kg,Boehringer Ingelheim,Boehringer Ingelheim,Boehringer Ingelheim,industry,location_postcode,0.7
boehringer-ingelheim rcv gmbh co kg,Boehringer Ingelheim,Boehringer Ingelheim,Boehringer Ingelheim,industry,location_postcode,0.7
boehringer-ingelheim rcv gmbh co kg,Boehringer Ingelheim,Boehringer Ingelheim,Boehringer Ingelheim,industry,location_postcode,0.7
boehringer-ingelheim rcv gmbh co kg,Boehringer Ingelheim,Boehringer Ingelheim,Boehringer Ingelheim,industry,location_postcode,0.7
boehringer-ingelheim rcv gmbh co kg,Boehringer Ingelheim,Boehringer Ingelheim,Boehringer Ingelheim,industry,location_postcode,0.7
boehringer-ingelheim rcv gmbh co kg,Boehringer Ingelheim,Boehringer Ingelheim,Boehringer Ingelheim,industry,location_postcode,0.7
boehringer-ingelheim rcv gmbh co kg,Boehringer Ingelheim,Boehringer Ingelheim,Boehringer Ingelheim,industry,location_postcode,0.7
boehringer-ingelheim rcv gmbh co kg,Boehringer Ingelheim,Boehringer Ingelheim,Boehringer Ingelheim,industry,location_postcode,0.7
boehringer-ingelheim rcv gmbh co kg,Boehringer Ingelheim,Boehringer Ingelheim,Boehringer Ingelheim,industry,location_postcode,0.7
boehringer-ingelheim rcv gmbh co kg,Boehringer Ingelheim,Boehringer Ingelheim,Boehringer Ingelheim,industry,location_postcode,0.7
boehringer-ingelheim rcv gmbh co kg,Boehringer Ingelheim,Boehringer Ingelheim,Boehringer Ingelheim,industry,location_postcode,0.7
boehringer-ingelheim rcv gmbh co kg,Boehringer Ingelheim,Boehringer Ingelheim,Boehringer Ingelheim,industry,location_postcode,0.7
boehringer-ingelheim rcv gmbh co kg,Boehringer Ingelheim,Boehringer Ingelheim,Boehringer Ingelheim,industry,location_postcode,0.7
boehringer-ingelheim rcv gmbh co kg,Boehringer Ingelheim,Boehringer Ingelheim,Boehringer Ingelheim,industry,location_postcode,0.7
boehringer-ingelheim rcv gmbh co kg,Boehringer Ingelheim,NA,NA,industry,location_postcode,0.7
boehringer-ingelheim rcv gmbh co kg,Boehringer Ingelheim,Boehringer Ingelheim,Boehringer Ingelheim,industry,location_postcode,0.7
boehringer-ingelheim rcv gmbh co kg,Boehringer Ingelheim,NA,NA,industry,location_postcode,0.7
boehringer-ingelheim rcv gmbh co kg,Boehringer Ingelheim,Boehringer Ingelheim,Boehringer Ingelheim,industry,location_postcode,0.7
boehringer-ingelheim rcv gmbh co kg,Boehringer Ingelheim,Boehringer Ingelheim,Boehringer Ingelheim,industry,location_postcode,0.7
boehringer-ingelheim rcv gmbh co kg,Boehringer Ingelheim,Boehringer Ingelheim,Boehringer Ingelheim,industry,location_postcode,0.7
boehringer-ingelheim rcv gmbh co kg,Boehringer Ingelheim,Boehringer Ingelheim,Boehringer Ingelheim,industry,location_postcode,0.7
boehringer-ingelheim rcv gmbh co kg,Boehringer Ingelheim,NA,NA,industry,location_postcode,0.7
boehringer-ingelheim rcv gmbh co kg,Boehringer Ingelheim,Boehringer Ingelheim,Boehringer Ingelheim,industry,location_postcode,0.7
boehringer-ingelheim rcv gmbhco kg,Boehringer Ingelheim,Boehringer Ingelheim,Boehringer Ingelheim,industry,location_postcode,0.7
boehringer-ingelheim rcv gmbhco kg,Boehringer Ingelheim,Boehringer Ingelheim,Boehringer Ingelheim,industry,location_postcode,0.7
boehringer-ingelheim rcv gmbhco kg,Boehringer Ingelheim,Boehringer Ingelheim,Boehringer Ingelheim,industry,location_postcode,0.7
boehringer-ingelheim rcv gmbhco kg,Boehringer Ingelheim,Boehringer Ingelheim,Boehringer Ingelheim,industry,location_postcode,0.7
boehringer-ingelheim rcv gmbhco kg,Boehringer Ingelheim,Boehringer Ingelheim,Boehringer Ingelheim,industry,location_postcode,0.7
boehringer-ingelheim rcv gmbhco kg,Boehringer Ingelheim,Boehringer Ingelheim,Boehringer Ingelheim,industry,location_postcode,0.7
boehringer-ingelheim rcv gmbhco kg,Boehringer Ingelheim,Boehringer Ingelheim,Boehringer Ingelheim,industry,location_postcode,0.7
boehringer-ingelheim rcv gmbhco kg,Boehringer Ingelheim,Boehringer Ingelheim,Boehringer Ingelheim,industry,location_postcode,0.7
boehringer-ingelheim rcv gmbhco kg,Boehringer Ingelheim,Boehringer Ingelheim,Boehringer Ingelheim,industry,location_postcode,0.7
boehringer-ingelheim rcv gmbhco kg,Boehringer Ingelheim,Boehringer Ingelheim,Boehringer Ingelheim,industry,location_postcode,0.7
boehringer-ingelheim rcv gmbhco kg,Boehringer Ingelheim,Boehringer Ingelheim,Boehringer Ingelheim,industry,location_postcode,0.7
boehringer-ingelheim rcv gmbhco kg,Boehringer Ingelheim,Boehringer Ingelheim,Boehringer Ingelheim,industry,location_postcode,0.7
boehringer-ingelheim rcv gmbhco kg,Boehringer Ingelheim,Boehringer Ingelheim,Boehringer Ingelheim,industry,location_postcode,0.7
boehringer-ingelheim rcv gmbhco kg,Boehringer Ingelheim,Boehringer Ingelheim,Boehringer Ingelheim,industry,location_postcode,0.7
boehringer-ingelheim rcv gmbhco kg,Boehringer Ingelheim,Boehringer Ingelheim,Boehringer Ingelheim,industry,location_postcode,0.7
boehringer-ingelheim rcv gmbhco kg,Boehringer Ingelheim,Boehringer Ingelheim,Boehringer Ingelheim,industry,location_postcode,0.7
boehringer-ingelheim rcv gmbhco kg,Boehringer Ingelheim,NA,NA,industry,location_postcode,0.7
boehringer-ingelheim rcv gmbhco kg,Boehringer Ingelheim,Boehringer Ingelheim,Boehringer Ingelheim,industry,location_postcode,0.7
boehringer-ingelheim rcv gmbhco kg,Boehringer Ingelheim,Boehringer Ingelheim,Boehringer Ingelheim,industry,location_postcode,0.7
boehringer-ingelheim rcv gmbhco kg,Boehringer Ingelheim,Boehringer Ingelheim,Boehringer Ingelheim,industry,location_postcode,0.7
boehringer-ingelheim rcv gmbhco kg,Boehringer Ingelheim,Boehringer Ingelheim,Boehringer Ingelheim,industry,location_postcode,0.7
boehringer-ingelheim rcv gmbhco kg,Boehringer Ingelheim,Boehringer Ingelheim,Boehringer Ingelheim,industry,location_postcode,0.7
boehringer-ingelheim rcv gmbhco kg,Boehringer Ingelheim,Boehringer Ingelheim,Boehringer Ingelheim,industry,location_postcode,0.7
boehringer-ingelheim rcv gmbhco kg,Boehringer Ingelheim,NA,NA,industry,location_postcode,0.7
boehringer-ingelheim rcv gmbhco kg,Boehringer Ingelheim,Boehringer Ingelheim,Boehringer Ingelheim,industry,location_postcode,0.7
centre hospitalier universitaire dijon bourgogne,CHU Dijon Bourgogne,NA,NA,hospital,location_postcode,0.7
chu angers-damr,CHU d'Angers,NA,NA,hospital,location_postcode,0.7
chu angers-damr,CHU d'Angers,NA,NA,hospital,location_postcode,0.7
chu grenoble-alpes,CHU de Grenoble,NA,NA,hospital,location_postcode,0.7
university hospital grenoble,CHU de Grenoble,NA,NA,hospital,location_postcode,0.7
centre hospitalier et universitaire de limoges,CHU de Limoges,NA,NA,hospital,location_postcode,0.7
university hospital of monptellier,CHU de Montpellier,NA,NA,hospital,location_postcode,0.7
university hospital of monptellier,CHU de Montpellier,NA,NA,hospital,location_postcode,0.7
university hospital of monptellier,CHU de Montpellier,NA,NA,hospital,location_postcode,0.7
university hospital of monptellier,CHU de Montpellier,NA,NA,hospital,location_postcode,0.7
centre hospitalier universiaire de nantes,CHU de Nantes,NA,NA,hospital,location_postcode,0.7
chu of nantes,CHU de Nantes,NA,NA,hospital,location_postcode,0.7
chu of nantes,CHU de Nantes,NA,NA,hospital,location_postcode,0.7
chu of nantes,CHU de Nantes,NA,NA,hospital,location_postcode,0.7
canfite biopharma ltd,Can-Fite BioPharma,NA,NA,unknown,location_postcode,0.7
canfite biopharma ltd,Can-Fite BioPharma,NA,NA,unknown,location_postcode,0.7
canfite biopharma ltd,Can-Fite BioPharma,NA,NA,unknown,location_postcode,0.7
canisius wilhelmina ziekenhuis,Canisius Wilhelmina Hospital,NA,NA,NA,location_postcode,0.7
cantargia,Cantargia,NA,NA,unknown,location_postcode,0.7
cantargia,Cantargia,NA,NA,unknown,location_postcode,0.7
catalyst pharmaceutical partners inc,Catalyst Pharmaceuticals,NA,NA,unknown,location_postcode,0.7
catharina hospital,Catharina Hospital Eindhoven,NA,NA,hospital,location_postcode,0.7
cell to cure aps,Cell2cure,NA,NA,NA,location_postcode,0.7
cell to cure aps,Cell2cure,NA,NA,NA,location_postcode,0.7
centre hospitalier national dophtalmologie des quinze-vingts,Centre Hospitalier National d'Ophtalmologie Quinze-Vingts,NA,NA,unknown,location_postcode,0.7
chu saint-pierre,"Centre Hospitalier Universitaire Saint Pierre , ULB",NA,NA,hospital,location_postcode,0.7
institut rgional du cancer de montpellier icm,Centre Val d'Aurelle - Paul Lamarque,NA,NA,unknown,location_postcode,0.7
institut rgional du cancer de montpellier icm,Centre Val d'Aurelle - Paul Lamarque,NA,NA,unknown,location_postcode,0.7
centrum medycznego ksztalcenia podyplomowego,Centrum Medyczne Ksztalcenia Podyplomowego,NA,NA,NA,location_postcode,0.7
civitas therapeutics a wholly owned subsidiary of acorda,Civitas Therapeutics,NA,NA,unknown,location_postcode,0.7
cliniques universitaires saint luc universit catholique de louvain bruxelles,Cliniques Universitaires Saint-Luc,NA,NA,hospital,location_postcode,0.7
cliniques universitaires saint luc universit catholique de louvain bruxelles,Cliniques Universitaires Saint-Luc,NA,NA,hospital,location_postcode,0.7
cliniques universitaires saint luc universit catholique de louvain bruxelles,Cliniques Universitaires Saint-Luc,NA,NA,hospital,location_postcode,0.7
cliniques universitaires saint luc universit catholique de louvain bruxelles,Cliniques Universitaires Saint-Luc,NA,NA,academic,location_postcode,0.7
cliniques universitaires saint luc universit catholique de louvain bruxelles,Cliniques universitaires Saint-Luc,NA,NA,academic,location_postcode,0.7
cliniques universitaires saint luc universit catholique de louvain bruxelles,Cliniques universitaires Saint-Luc,NA,NA,academic,location_postcode,0.7
cliniques universitaires saint luc universit catholique de louvain bruxelles,Cliniques universitaires Saint-Luc,NA,NA,academic,location_postcode,0.7
consorci mar parc de salut de barcelona,Consorci Mar Parc de Salut,NA,NA,unknown,location_postcode,0.7
consorci mar parc de salut de barcelona,Consorci Mar Parc de Salut,NA,NA,unknown,location_postcode,0.7
consorci mar parc de salut de barcelona,Consorci Mar Parc de Salut,NA,NA,unknown,location_postcode,0.7
consorci mar parc de salut de barcelona,Consorci Mar Parc de Salut de Barcelona,NA,NA,unknown,location_postcode,0.7
consorci mar parc de salut de barcelona,Consorci Mar Parc de Salut de Barcelona,NA,NA,unknown,location_postcode,0.7
consorci mar parc de salut de barcelona,Consorci Mar Parc de Salut de Barcelona,NA,NA,unknown,location_postcode,0.7
consorci mar parc de salut de barcelona,Consorci Mar Parc de Salut de Barcelona,NA,NA,unknown,location_postcode,0.7
consorci mar parc de salut de barcelona,Consorci Mar Parc de Salut de Barcelona,NA,NA,unknown,location_postcode,0.7
consorci mar parc de salut de barcelona,Consorci Mar Parc de Salut de Barcelona,NA,NA,unknown,location_postcode,0.7
consorci mar parc de salut de barcelona,Consorci Mar Parc de Salut de Barcelona,NA,NA,unknown,location_postcode,0.7
consorci mar parc de salut de barcelona,Consorci Mar Parc de Salut de Barcelona,NA,NA,unknown,location_postcode,0.7
consorci mar parc de salut de barcelona,Consorci Mar Parc de Salut de Barcelona,NA,NA,unknown,location_postcode,0.7
consorci mar parc de salut de barcelona,Consorci Mar Parc de Salut de Barcelona,NA,NA,unknown,location_postcode,0.7
consorci mar parc de salut de barcelona,Consorci Mar Parc de Salut de Barcelona,NA,NA,unknown,location_postcode,0.7
consorci mar parc de salut de barcelona,Consorci Mar Parc de Salut de Barcelona,NA,NA,unknown,location_postcode,0.7
consorci mar parc de salut de barcelona,Consorci Mar Parc de Salut de Barcelona,NA,NA,unknown,location_postcode,0.7
consorci mar parc de salut de barcelona,Consorci Mar Parc de Salut de Barcelona,NA,NA,unknown,location_postcode,0.7
consorci mar parc de salut de barcelona,Consorci Mar Parc de Salut de Barcelona,NA,NA,unknown,location_postcode,0.7
bispebjerg frederiksberg hospital,Copenhagen University Hospital - Bispebjerg and Frederiksberg,NA,NA,hospital,location_postcode,0.7
cullinan pearl corp,Cullinan Mica,NA,NA,unknown,location_postcode,0.7
curateq biologics private ltd,CuraTeQ Biologics Private,NA,NA,unknown,location_postcode,0.7
dcrime bv,DCprime,NA,NA,unknown,location_postcode,0.7
daiichi sankio development limited,Daiichi Sankyo,Daiichi Sankyo,Daiichi Sankyo,industry,location_postcode,0.7
daiichi sankio development limited,Daiichi Sankyo,Daiichi Sankyo,Daiichi Sankyo,industry,location_postcode,0.7
daiichi sankio development limited,Daiichi Sankyo,Daiichi Sankyo,Daiichi Sankyo,industry,location_postcode,0.7
dalcor pharma uk ltd altrincham swiss branch zug,DalCor Pharma UK,NA,NA,unknown,location_postcode,0.7
dalcor pharma uk ltd altrincham swiss branch zug,DalCor Pharma UK,NA,NA,unknown,location_postcode,0.7
dalcor pharma uk ltd altrincham swiss branch zug,DalCor Pharma UK,NA,NA,unknown,location_postcode,0.7
dalcor pharma uk ltd altrincham swiss branch zug,DalCor Pharma UK,NA,NA,unknown,location_postcode,0.7
dalcor pharma uk ltd leatherhead swiss branch zug,DalCor Pharma UK,NA,NA,unknown,location_postcode,0.7
dalcor pharma uk ltd leatherhead swiss branch zug,DalCor Pharma UK,NA,NA,unknown,location_postcode,0.7
dalcor pharma uk ltd leatherhead swiss branch zug,DalCor Pharma UK,NA,NA,unknown,location_postcode,0.7
dalcor pharma uk ltd leatherhead swiss branch zug,DalCor Pharma UK,NA,NA,unknown,location_postcode,0.7
danish gynaecological cancer group dgcg,Danish Gynaecological Cancer Group,NA,NA,unknown,location_postcode,0.7
day one biopharmaceuticals inc day one,Day One Biopharmaceuticals,NA,NA,unknown,location_postcode,0.7
diakonhjemmet sykehus,Diakonhjemmet Hospital AS,NA,NA,hospital,location_postcode,0.7
diakonhjemmet sykehus,Diakonhjemmet Hospital AS,NA,NA,hospital,location_postcode,0.7
diakonhjemmet sykehus,Diakonhjemmet Hospital AS,NA,NA,hospital,location_postcode,0.7
donesta bioscience,Donesta Bioscience,NA,NA,unknown,location_postcode,0.7
fa dr franz khler chemie gmbh,Dr. Franz Koehler Chemie,NA,NA,unknown,location_postcode,0.7
durata therapeutic international b v an allergan affiliate,Durata Therapeutics,NA,NA,unknown,location_postcode,0.7
dyne therapeutics,Dyne Therapeutics,NA,NA,unknown,location_postcode,0.7
european organization for the research and treatment of cancer,EORTC,EORTC,EORTC,cooperative_group,location_postcode,0.7
european organization for the research and treatment of cancer,EORTC,EORTC,EORTC,cooperative_group,location_postcode,0.7
european organization for the research and treatment of cancer,EORTC,EORTC,EORTC,cooperative_group,location_postcode,0.7
european organization for the research and treatment of cancer,EORTC,NA,NA,cooperative_group,location_postcode,0.7
european organization for the research and treatment of cancer,EORTC,EORTC,EORTC,cooperative_group,location_postcode,0.7
european organization for the research and treatment of cancer,EORTC,EORTC,EORTC,cooperative_group,location_postcode,0.7
european organization for the research and treatment of cancer,EORTC,EORTC,EORTC,cooperative_group,location_postcode,0.7
european organization for the research and treatment of cancer,EORTC,EORTC,EORTC,cooperative_group,location_postcode,0.7
european organization for the research and treatment of cancer,EORTC,EORTC,EORTC,cooperative_group,location_postcode,0.7
european organization for the research and treatment of cancer,EORTC,EORTC,EORTC,cooperative_group,location_postcode,0.7
european organization for the research and treatment of cancer,EORTC,EORTC,EORTC,cooperative_group,location_postcode,0.7
european organization for the research and treatment of cancer,EORTC,EORTC,EORTC,cooperative_group,location_postcode,0.7
european organization for the research and treatment of cancer,EORTC,NA,NA,cooperative_group,location_postcode,0.7
european organization for the research and treatment of cancer,EORTC,EORTC,EORTC,cooperative_group,location_postcode,0.7
european organization for the research and treatment of cancer,EORTC,EORTC,EORTC,cooperative_group,location_postcode,0.7
etop european thoracic oncology platform c/o ibcsg coordinating center,ETOP European Thoracic Oncology Platform,NA,NA,unknown,location_postcode,0.7
erasmus university medical center - sophia childrens hospital,Erasmus MC,Erasmus MC,Erasmus MC,hospital,location_postcode,0.7
exevir bio,ExeVir Bio,NA,NA,unknown,location_postcode,0.7
f2g biotech gmbh,F2G Biotech,NA,NA,unknown,location_postcode,0.7
instituto de investigacion en oncologia radioterapica feor,FEOR - Instituto de investigación en Oncología Radioterápica,NA,NA,foundation,location_postcode,0.7
fibrogen,FibroGen,NA,NA,unknown,location_postcode,0.7
fibrogen,FibroGen,NA,NA,unknown,location_postcode,0.7
fondation a de rothschild hospital,Fondation A De Rothschild,NA,NA,NA,location_postcode,0.7
fondazione cnao centro nazionale di adroterapia oncologica,Fondazione CNAO - Centro Nazionale di Adroterapia Oncologica,NA,NA,foundation,location_postcode,0.7
fondazione irccs c granda ospedale maggiore policlinico,Fondazione IRCCS Ca Granda Ospedale Maggiore Policlinico,NA,NA,hospital,location_postcode,0.7
fondazione irccs c granda ospedale maggiore policlinico,Fondazione IRCCS Ca Granda Ospedale Maggiore Policlinico,NA,NA,hospital,location_postcode,0.7
fondazione irccs c granda ospedale maggiore policlinico,Fondazione IRCCS Ca Granda Ospedale Maggiore Policlinico,NA,NA,hospital,location_postcode,0.7
fondazione irccs c granda ospedale maggiore policlinico,Fondazione IRCCS Ca' Granda Ospedale Maggiore Policlinico,NA,NA,hospital,location_postcode,0.7
fondazione irccs c granda ospedale maggiore policlinico,Fondazione IRCCS Ca' Granda Ospedale Maggiore Policlinico,NA,NA,hospital,location_postcode,0.7
fondazione irccs c granda ospedale maggiore policlinico,Fondazione IRCCS Ca' Granda Ospedale Maggiore Policlinico,NA,NA,hospital,location_postcode,0.7
fondazione italiana sindromi mielodisplastiche fism onlus,Fondazione Italiana Linfomi Ets,NA,NA,foundation,location_postcode,0.7
fondazione italiana sindromi mielodisplastiche fism onlus,Fondazione Italiana Linfomi Ets,NA,NA,NA,location_postcode,0.7
fondazione italiana sindromi mielodisplastiche fism onlus,Fondazione Italiana Linfomi Ets,NA,NA,foundation,location_postcode,0.7
fondazione italiana sindromi mielodisplastiche fism onlus,Fondazione Italiana Linfomi Ets,NA,NA,foundation,location_postcode,0.7
free state of bavaria represented by the university of regensburg represented by the university hospital regensburg,"Free State of Bavaria rep. by the Univ. of Regensburg, rep. by the Regensburg Univ. Hospital",NA,NA,hospital,location_postcode,0.7
friedrich schiller universitaet jena,Friedrich-Schiller-Universitaet Jena,NA,NA,NA,location_postcode,0.7
friedrich schiller universitaet jena,Friedrich-Schiller-Universitaet Jena,NA,NA,unknown,location_postcode,0.7
friedrich schiller universitaet jena,Friedrich-Schiller-Universitaet Jena,NA,NA,unknown,location_postcode,0.7
friedrich schiller universitaet jena,Friedrich-Schiller-Universitaet Jena,NA,NA,NA,location_postcode,0.7
friedrich schiller universitaet jena,Friedrich-Schiller-Universitaet Jena,NA,NA,unknown,location_postcode,0.7
friedrich schiller universitaet jena,Friedrich-Schiller-Universitaet Jena,NA,NA,unknown,location_postcode,0.7
fundaci privada per a la recerca y la docencia sant joan de du,Fundaci Privada per a la Recerca i la Docncia Sant Joan de Du,NA,NA,unknown,location_postcode,0.7
fundaci privada per a la recerca y la docencia sant joan de du,Fundaci per la Recerca i la Docncia Sant Joan de Du,NA,NA,unknown,location_postcode,0.7
fundacion seimc gesida,Fundacin SEIMC-GESIDA,NA,NA,unknown,location_postcode,0.7
fundacin para la formacin e investigacin sanitaria / rabin medical centre,Fundacin para la Formacin e Investigacin Sanitaria de la Regin de Murcia,NA,NA,unknown,location_postcode,0.7
fundacion fls de lucha contra el sida las enfermedades infecciosas y la promocion de la salud y la ciencia,"Fundacio FLS de Lluita contra la Sida, les Malalties Infeccioses i la Promocio de la Salut i La Ciencia",NA,NA,unknown,location_postcode,0.7
fundacio institut de recerca de l'hospital de la santa creu i sant pau,Fundacio Institut De Recerca De L Hospital De La Santa Creu I Sant Pau,NA,NA,NA,location_postcode,0.7
fundacion fls de lucha contra el sida las enfermedades infecciosas y la promocion de la salud y la ciencia,Fundacion Fls De Lucha Contra El Sida Las Enfermedades Infecciosas Y La Promocion De La Salud Y La C,NA,NA,NA,location_postcode,0.7
fundacion publica galega instituto de investigacion sanitaria de santiago de compostela,Fundacion Instituto De Investigacion Sanitaria De Santiago De Compostela,NA,NA,NA,location_postcode,0.7
fundaci sant joan de du fsjd,Fundació Sant Joan de Déu,NA,NA,unknown,location_postcode,0.7
fundaci sant joan de du fsjd,Fundació Sant Joan de Déu,NA,NA,unknown,location_postcode,0.7
fundaci sant joan de du fsjd,Fundació Sant Joan de Déu,NA,NA,unknown,location_postcode,0.7
fundacion biomedica galicia sur,Fundación Biomédica Galicia Sur,NA,NA,unknown,location_postcode,0.7
fundacion fls de lucha contra el sida las enfermedades infecciosas y la promocion de la salud y la ciencia,"Fundación FLS de Lucha contra el SIDA, las Enfermedades Infecciosas y la Promoción de la Salud y la Ciencia",NA,NA,unknown,location_postcode,0.7
red andaluza de diseno y traslacion de terapias avanzadas fundacion publica andaluza progreso y salud,Fundación Progreso y Salud,NA,NA,unknown,location_postcode,0.7
fundacion seimc gesida,Fundación SEIMC-GESIDA,NA,NA,foundation,location_postcode,0.7
fundaci sant joan de du fsjd,Fundación Sant Joan de Déu,NA,NA,unknown,location_postcode,0.7
fundacin grupo espaol de investigacin en cncer de mama geicam,GEICAM,NA,NA,cooperative_group,location_postcode,0.7
glaxo smithkine research and development limited,GSK,NA,NA,unknown,location_postcode,0.7
glaxo smithkine research and development limited,GSK,GSK,GSK,industry,location_postcode,0.7
glaxo smithkine research and development limited,GSK,GSK,GSK,industry,location_postcode,0.7
glaxo smithkine research and development limited,GSK,GSK,GSK,industry,location_postcode,0.7
glaxo smithkine research and development limited,GSK,GSK,GSK,industry,location_postcode,0.7
glaxo smithkine research and development limited,GSK,GSK,GSK,industry,location_postcode,0.7
glaxo smithkine research and development limited,GSK,GSK,GSK,industry,location_postcode,0.7
glaxo smithkine research and development limited,GSK,GSK,GSK,industry,location_postcode,0.7
glaxo smithkine research and development limited,GSK,GSK,GSK,industry,location_postcode,0.7
glaxo smithkine research and development limited,GSK,GSK,GSK,industry,location_postcode,0.7
glaxo smithkine research and development limited,GSK,GSK,GSK,industry,location_postcode,0.7
glaxo smithkine research and development limited,GSK,GSK,GSK,industry,location_postcode,0.7
glaxo smithkine research and development limited,GSK,GSK,GSK,industry,location_postcode,0.7
glaxo smithkine research and development limited,GSK,GSK,GSK,industry,location_postcode,0.7
glaxo smithkine research and development limited,GSK,GSK,GSK,industry,location_postcode,0.7
glaxo smithkine research and development limited,GSK,GSK,GSK,industry,location_postcode,0.7
glaxo smithkine research and development limited,GSK,GSK,GSK,industry,location_postcode,0.7
glaxo smithkine research and development limited,GSK,GSK,GSK,industry,location_postcode,0.7
glaxo smithkine research and development limited,GSK,GSK,GSK,industry,location_postcode,0.7
galderma sa,Galderma,NA,NA,unknown,location_postcode,0.7
genenta science srl,Genenta Science,NA,NA,unknown,location_postcode,0.7
german pediatric oncology group gpoh ggmbh,German Paediatric Oncology Group GPOH,NA,NA,unknown,location_postcode,0.7
goethe-university,Goethe-Universität Frankfurt am Main,NA,NA,unknown,location_postcode,0.7
goethe-university,Goethe-Universität Frankfurt am Main,NA,NA,academic,location_postcode,0.7
goethe-university,Goethe-Universität Frankfurt am Main,NA,NA,academic,location_postcode,0.7
goethe-university,Goethe-Universität Frankfurt am Main,NA,NA,unknown,location_postcode,0.7
goethe-university,Goethe-Universität Frankfurt am Main,NA,NA,academic,location_postcode,0.7
gfm-groupe francophone des mylodysplasies,Groupe Francophone Des Myelodysplasies,NA,NA,unknown,location_postcode,0.7
gfm-groupe francophone des mylodysplasies,Groupe Francophone Des Myelodysplasies,NA,NA,unknown,location_postcode,0.7
gfm-groupe francophone des mylodysplasies,Groupe Francophone Des Myelodysplasies,NA,NA,cooperative_group,location_postcode,0.7
groupement des hopitaux de linstitut catholique de lille,Groupement des Hôpitaux de l'Institut Catholique de Lille,NA,NA,unknown,location_postcode,0.7
groupement des hopitaux de linstitut catholique de lille,Groupement des Hôpitaux de l'Institut Catholique de Lille (GHICL),NA,NA,hospital,location_postcode,0.7
groupement des hopitaux de linstitut catholique de lille,Groupement des Hôpitaux de l'Institut Catholique de Lille (GHICL),NA,NA,hospital,location_postcode,0.7
goustave roussy,Gustave Roussy,Gustave Roussy,Gustave Roussy,hospital,location_postcode,0.7
goustave roussy,Gustave Roussy,Gustave Roussy,Gustave Roussy,hospital,location_postcode,0.7
haleon ch s a r l,Haleon CH SARL,NA,NA,NA,location_postcode,0.7
hamilton health sciences through its population health research institute,Hamilton Health Sciences Corporation through its Population Health Research Institute,NA,NA,unknown,location_postcode,0.7
hamilton health sciences through the population health research institute,Hamilton Health Sciences Corporation through its Population Health Research Institute,NA,NA,unknown,location_postcode,0.7
hamlet pharma ab,Hamlet BioPharma,NA,NA,unknown,location_postcode,0.7
ruprecht-karls-universitt heidelberg,Heidelberg University,NA,NA,unknown,location_postcode,0.7
ruprecht-karls-universitt heidelberg medical faculty represented by universittsklinikum heidelberg,Heidelberg University,NA,NA,unknown,location_postcode,0.7
ruprecht-karls-universitt heidelberg medical faculty represented by universittsklinikum heidelberg,Heidelberg University,NA,NA,unknown,location_postcode,0.7
ruprecht-karls-universitt heidelberg medical faculty represented by universittsklinikum heidelberg,Heidelberg University,NA,NA,unknown,location_postcode,0.7
ruprecht-karls-universitt heidelberg medical faculty represented by universittsklinikum heidelberg,Heidelberg University,NA,NA,unknown,location_postcode,0.7
ruprecht-karls-universitt heidelberg medical faculty represented by universittsklinikum heidelberg,Heidelberg University,NA,NA,unknown,location_postcode,0.7
ruprecht-karls-universitt heidelberg medical faculty represented by universittsklinikum heidelberg,Heidelberg University,NA,NA,unknown,location_postcode,0.7
ruprecht-karls-universitt heidelberg medical faculty represented by universittsklinikum heidelberg,Heidelberg University,NA,NA,unknown,location_postcode,0.7
ruprecht-karls-universitt heidelberg medical faculty represented by universittsklinikum heidelberg,Heidelberg University,NA,NA,unknown,location_postcode,0.7
ruprecht-karls-universitt heidelberg medical faculty represented by universittsklinikum heidelberg,Heidelberg University,NA,NA,unknown,location_postcode,0.7
ruprecht-karls-universitt heidelberg medical faculty represented by universittsklinikum heidelberg,Heidelberg University,NA,NA,unknown,location_postcode,0.7
universitaetsklinikum heidelberg aor,Heidelberg University,NA,NA,unknown,location_postcode,0.7
department of oncology herlev gentofte,Herlev Hospital,NA,NA,NA,location_postcode,0.7
department of oncology herlev gentofte,Herlev Hospital,NA,NA,NA,location_postcode,0.7
department of oncology herlev gentofte,Herlev Hospital,NA,NA,hospital,location_postcode,0.7
department of oncology herlev gentofte,Herlev og Gentofte Hospital,NA,NA,hospital,location_postcode,0.7
hookipa biotech ag,Hookipa Biotech,NA,NA,unknown,location_postcode,0.7
horizon therapeutics u s a inc,Horizon Therapeutics,NA,NA,unknown,location_postcode,0.7
hospices civils de lyon - direction de la recherche clinique,Hospices Civils de Lyon,NA,NA,hospital,location_postcode,0.7
fundaci sant joan de du fsjd,Hospital Sant Joan de Deu,NA,NA,unknown,location_postcode,0.7
fundaci sant joan de du fsjd,Hospital Sant Joan de Deu,NA,NA,unknown,location_postcode,0.7
hospital germans trias i pujol,Hospital Universitari Germans Trias i Pujol,NA,NA,hospital,location_postcode,0.7
servicio de anestesiologa y reanimacin,Hospital Universitario La Paz,NA,NA,hospital,location_postcode,0.7
servicio de anestesiologa y reanimacin,Hospital Universitario La Paz,NA,NA,hospital,location_postcode,0.7
fondation a de rothschild hospital,Hpital Fondation Adolphe de Rothschild,NA,NA,foundation,location_postcode,0.7
fondation ophtalmologique adolphe de rothschild,Hpital Fondation Adolphe de Rothschild,NA,NA,foundation,location_postcode,0.7
human genome sciences a wholly owned subsidiary of glaxosmithkline plc,Human Genome Sciences,NA,NA,unknown,location_postcode,0.7
human genome sciences a wholly owned subsidiary of glaxosmithkline plc,Human Genome Sciences,NA,NA,unknown,location_postcode,0.7
human genome sciences inc a wholy owned subsidiary of glaxosmithkline plc,Human Genome Sciences,NA,NA,unknown,location_postcode,0.7
human genome sciences inc a wholy owned subsidiary of glaxosmithkline plc,Human Genome Sciences,NA,NA,unknown,location_postcode,0.7
ifom - istituto firc di oncologia molecolare - milano,IFOM - Istituto FIRC di Oncologia Molecolare,NA,NA,unknown,location_postcode,0.7
irccs centro san giovanni di dio - fatebenefratelli afferente alla provincia lombardo veneta ordine ospedaliero di san g,IRCCS Centro San Giovanni di Dio Fatebenefratelli,NA,NA,unknown,location_postcode,0.7
irccs aou san martino- ist,IRCCS Ospedale Policlinico San Martino,NA,NA,unknown,location_postcode,0.7
immunicum aktiebolag,Immunicum,NA,NA,unknown,location_postcode,0.7
inselspital bern university hospital,Inselspital University Hospital Bern,NA,NA,hospital,location_postcode,0.7
institut national de la sante et de la recherche medicale,Inserm,NA,NA,NA,location_postcode,0.7
institut fuer frauengesundheit gmbh,Institut Für Frauengesundheit GmbH,NA,NA,NA,location_postcode,0.7
institut fuer frauengesundheit gmbh,Institut Für Frauengesundheit GmbH,NA,NA,unknown,location_postcode,0.7
institut national de la sante et de la recherche medicale,Institut National de la Santé et de la Recherche Médicale (INSERM),NA,NA,unknown,location_postcode,0.7
institut paoli calmettes,Institut Paoli-Calmettes,NA,NA,NA,location_postcode,0.7
institut paoli calmettes,Institut Paoli-Calmettes,NA,NA,NA,location_postcode,0.7
institut paoli calmettes,Institut Paoli-Calmettes,NA,NA,NA,location_postcode,0.7
institut du cancer de montpellier,Institut Régional du Cancer de Montpellier,NA,NA,hospital,location_postcode,0.7
institut du cancer de montpellier,Institut Régional du Cancer de Montpellier,NA,NA,unknown,location_postcode,0.7
institut du cancer de montpellier,Institut Régional du Cancer de Montpellier,NA,NA,unknown,location_postcode,0.7
institut du cancer de montpellier,Institut Régional du Cancer de Montpellier,NA,NA,hospital,location_postcode,0.7
institut rgional du cancer de montpellier icm,Institut Régional du Cancer de Montpellier,NA,NA,hospital,location_postcode,0.7
institut rgional du cancer de montpellier icm,Institut Régional du Cancer de Montpellier,NA,NA,hospital,location_postcode,0.7
institut rgional du cancer de montpellier icm,Institut Régional du Cancer de Montpellier,NA,NA,unknown,location_postcode,0.7
institut rgional du cancer de montpellier icm,Institut Régional du Cancer de Montpellier,NA,NA,unknown,location_postcode,0.7
institut rgional du cancer de montpellier icm,Institut Régional du Cancer de Montpellier,NA,NA,unknown,location_postcode,0.7
institut rgional du cancer de montpellier icm,Institut Régional du Cancer de Montpellier,NA,NA,unknown,location_postcode,0.7
institut rgional du cancer de montpellier icm,Institut Régional du Cancer de Montpellier,NA,NA,hospital,location_postcode,0.7
institut rgional du cancer de montpellier icm,Institut Régional du Cancer de Montpellier,NA,NA,hospital,location_postcode,0.7
institute of clinical cancer research ikf krankenhaus nordwest,Institut fuer Klinische Krebsforschung IKF GmbH,NA,NA,unknown,location_postcode,0.7
institute of molecular medicine and biomedical research imbe,Institute of Molecular Medicine and Biomedical Research - I.M.B.E.,NA,NA,unknown,location_postcode,0.7
instituto de investigacin sanitaria la fe de,Instituto de Investigacin Sanitaria La Fe,NA,NA,unknown,location_postcode,0.7
instituto de investigacin sanitaria la fe de,Instituto de Investigacin Sanitaria La Fe,NA,NA,unknown,location_postcode,0.7
instituto de investigacion sanitaria la fe de valencia,Instituto de Investigacin Sanitaria La Fe,NA,NA,unknown,location_postcode,0.7
instituto de investigacin sanitaria la fe de,Instituto de Investigacion Sanitaria La Fe,NA,NA,unknown,location_postcode,0.7
instituto de investigacion sanitaria la fe de valencia,Instituto de Investigacion Sanitaria La Fe,NA,NA,unknown,location_postcode,0.7
instituto de investigacin sanitaria la fe de,Instituto de Investigación Sanitaria La Fe,NA,NA,unknown,location_postcode,0.7
instituto de investigacin sanitaria la fe de,Instituto de Investigación Sanitaria La Fe,NA,NA,unknown,location_postcode,0.7
instituto de investigacin sanitaria la fe de,Instituto de Investigación Sanitaria La Fe,NA,NA,unknown,location_postcode,0.7
instituto de investigacin sanitaria la fe de,Instituto de Investigación Sanitaria La Fe,NA,NA,unknown,location_postcode,0.7
instituto de investigacion sanitaria la fe de valencia,Instituto de Investigación Sanitaria La Fe,NA,NA,unknown,location_postcode,0.7
instituto de investigacion sanitaria la fe de valencia,Instituto de Investigación Sanitaria La Fe,NA,NA,NA,location_postcode,0.7
instituto de investigacion sanitaria la fe de valencia,Instituto de Investigación Sanitaria La Fe,NA,NA,unknown,location_postcode,0.7
international breat cancer study group ibcsg,International Breast Cancer Study Group IBCSG,NA,NA,cooperative_group,location_postcode,0.7
istituto di ricerche farmacologiche mario negri irccs,Istituto Di Ricerche Farmacologiche Mario Negri,NA,NA,NA,location_postcode,0.7
istituto di ricerche farmacologiche mario negri irccs,Istituto Di Ricerche Farmacologiche Mario Negri,NA,NA,NA,location_postcode,0.7
jcr pharmaceutical co ltd,JCR Pharmaceuticals,NA,NA,unknown,location_postcode,0.7
jcr pharmaceutical co ltd,JCR Pharmaceuticals,NA,NA,unknown,location_postcode,0.7
jiangsu hengrui pharmaceutical co ltd,Jiangsu Hengrui Medicine Co.,NA,NA,unknown,location_postcode,0.7
jiangsu hengrui pharmaceutical co ltd,Jiangsu Hengrui Medicine Co.,NA,NA,unknown,location_postcode,0.7
jiangsu hengrui pharmaceutical co ltd,Jiangsu Hengrui Pharmaceuticals,NA,NA,unknown,location_postcode,0.7
jiangsu hengrui pharmaceutical co ltd,Jiangsu Hengrui Pharmaceuticals,NA,NA,unknown,location_postcode,0.7
jiangsu hengrui pharmaceutical co ltd,Jiangsu Hengrui Pharmaceuticals,NA,NA,unknown,location_postcode,0.7
jiangsu hengrui pharmaceutical co ltd,Jiangsu Hengrui Pharmaceuticals,NA,NA,unknown,location_postcode,0.7
karolinska intitutet,Karolinska Institutet,Karolinska Institutet,Karolinska Institutet,academic,location_postcode,0.7
karolinska intitutet,Karolinska Institutet,Karolinska Institutet,Karolinska Institutet,academic,location_postcode,0.7
the karolinska instutute clintrid,Karolinska Institutet,Karolinska Institutet,Karolinska Institutet,academic,location_postcode,0.7
the karolinska instutute clintrid,Karolinska Institutet,NA,NA,unknown,location_postcode,0.7
kiadis pharma netherlands bv,Kiadis Pharma Netherlands,NA,NA,unknown,location_postcode,0.7
kiadis pharma netherlands bv,Kiadis Pharma Netherlands,NA,NA,unknown,location_postcode,0.7
klinikum der ludwig-maximilians-universitt mnchen -,Klinikum Der Universitat Munchen AöR,Klinikum Der Universitat Munchen AöR,Klinikum Der Universitat Munchen AöR,hospital,location_postcode,0.7
klinikum der ludwig-maximilians-universitt mnchen -,Klinikum Der Universitat Munchen AöR,NA,NA,hospital,location_postcode,0.7
klinikum der ludwig-maximillians-universitt mnchen,Klinikum Der Universitat Munchen AöR,Klinikum Der Universitat Munchen AöR,Klinikum Der Universitat Munchen AöR,hospital,location_postcode,0.7
klinikum der universitaet muenchen,Klinikum Der Universitat Munchen AöR,NA,NA,NA,location_postcode,0.7
klinikum der universitaet muenchen,Klinikum Der Universitat Munchen AöR,NA,NA,NA,location_postcode,0.7
klinikum der universitaet muenchen,Klinikum Der Universitat Munchen AöR,NA,NA,NA,location_postcode,0.7
klinikum der universitaet muenchen,Klinikum Der Universitat Munchen AöR,NA,NA,NA,location_postcode,0.7
klinikum der universitaet muenchen,Klinikum Der Universitat Munchen AöR,Klinikum Der Universitat Munchen AöR,Klinikum Der Universitat Munchen AöR,hospital,location_postcode,0.7
klinikum der universitaet muenchen,Klinikum Der Universitat Munchen AöR,NA,NA,hospital,location_postcode,0.7
klinikum der universitaet muenchen,Klinikum Der Universitat Munchen AöR,Klinikum Der Universitat Munchen AöR,Klinikum Der Universitat Munchen AöR,hospital,location_postcode,0.7
klinikum der universitaet muenchen aor,Klinikum Der Universitat Munchen AöR,NA,NA,NA,location_postcode,0.7
klinikum der universitaet muenchen aor,Klinikum Der Universitat Munchen AöR,NA,NA,NA,location_postcode,0.7
klinikum der universitaet muenchen aor,Klinikum Der Universitat Munchen AöR,Klinikum Der Universitat Munchen AöR,Klinikum Der Universitat Munchen AöR,hospital,location_postcode,0.7
klinikum der universitaet muenchen aor,Klinikum Der Universitat Munchen AöR,NA,NA,hospital,location_postcode,0.7
klinikum der universitaet muenchen aor,Klinikum Der Universitat Munchen AöR,Klinikum Der Universitat Munchen AöR,Klinikum Der Universitat Munchen AöR,hospital,location_postcode,0.7
lmu universittsklinikum mnchen,Klinikum Der Universitat Munchen AöR,NA,NA,NA,location_postcode,0.7
landeshauptstadt stuttgart represented by prof dr j graf leitender aerztlicher direktor klinikum stuttgart,Klinikum Stuttgart,NA,NA,hospital,location_postcode,0.7
kompetenznetz vorhofflimmern e v afnet e v,Kompetenznetz Vorhofflimmern e.V. AFNET,NA,NA,unknown,location_postcode,0.7
kompetenznetz vorhofflimmern e v afnet e v,Kompetenznetz Vorhofflimmern e.V. AFNET,NA,NA,unknown,location_postcode,0.7
kompetenznetz vorhofflimmern e v atrial fibrillation network afnet,Kompetenznetz Vorhofflimmern e.V. AFNET,NA,NA,unknown,location_postcode,0.7
kompetenznetz vorhofflimmern e v atrial fibrillation network afnet,Kompetenznetz Vorhofflimmern e.V. AFNET,NA,NA,unknown,location_postcode,0.7
kompetenznetz vorhofflimmern e v afnet e v,Kompetenznetz Vorhofflimmern e.V. AFNET Atrial Fibrillation NETwork,NA,NA,cooperative_group,location_postcode,0.7
kompetenznetz vorhofflimmern e v afnet e v,Kompetenznetz Vorhofflimmern e.V. AFNET Atrial Fibrillation NETwork,NA,NA,unknown,location_postcode,0.7
kompetenznetz vorhofflimmern e v atrial fibrillation network afnet,Kompetenznetz Vorhofflimmern e.V. AFNET Atrial Fibrillation NETwork,NA,NA,cooperative_group,location_postcode,0.7
kompetenznetz vorhofflimmern e v atrial fibrillation network afnet,Kompetenznetz Vorhofflimmern e.V. AFNET Atrial Fibrillation NETwork,NA,NA,unknown,location_postcode,0.7
kompetenznetzvorhofflimmern e v afnet e v competence network atrial fibrillation,Kompetenznetz Vorhofflimmern e.V. AFNET Atrial Fibrillation NETwork,NA,NA,cooperative_group,location_postcode,0.7
kyowa kirin pharmaceutical development limited,Kyowa Kirin,NA,NA,unknown,location_postcode,0.7
kyowa kirin pharmaceutical development limited,Kyowa Kirin,NA,NA,unknown,location_postcode,0.7
laboratorios thea s a,Laboratoires Tha,NA,NA,unknown,location_postcode,0.7
laboratorios thea s a,Laboratorios Salvat,NA,NA,unknown,location_postcode,0.7
hpitaux universitaires de strasbourg b 1 2,Les Hôpitaux Universitaires de Strasbourg,NA,NA,unknown,location_postcode,0.7
hpitaux universitaires de strasbourg b 1 2,Les Hôpitaux Universitaires de Strasbourg,NA,NA,unknown,location_postcode,0.7
lexicon pharmaceuticals,Lexicon Pharmaceuticals,NA,NA,unknown,location_postcode,0.7
lexicon pharmaceuticals,Lexicon Pharmaceuticals,NA,NA,unknown,location_postcode,0.7
lexicon pharmaceuticals,Lexicon Pharmaceuticals,NA,NA,unknown,location_postcode,0.7
light science oncology inc,Light Sciences Oncology,NA,NA,unknown,location_postcode,0.7
loxo oncology incorporated,Loxo Oncology,NA,NA,unknown,location_postcode,0.7
loxo oncology incorporated,Loxo Oncology,NA,NA,unknown,location_postcode,0.7
loxo oncology incorporated,Loxo Oncology,NA,NA,unknown,location_postcode,0.7
loxo oncology incorporated,Loxo Oncology,NA,NA,unknown,location_postcode,0.7
lumos pharma llc,Lumos Pharma,NA,NA,NA,location_postcode,0.7
lupin atlantis holdings s a,Lupin Atlantis Holdings,NA,NA,NA,location_postcode,0.7
mrm health,MRM Health,NA,NA,unknown,location_postcode,0.7
merck sharp and dohme a subsidiary of merck co inc,MSD,Merck & Co.,MSD / Merck & Co.,industry,location_postcode,0.7
merck sharp and dohme a subsidiary of merck co inc,MSD,Merck & Co.,MSD / Merck & Co.,industry,location_postcode,0.7
merck sharp and dohme a subsidiary of merck co inc,MSD,Merck & Co.,MSD / Merck & Co.,industry,location_postcode,0.7
merck sharp and dohme corp a subsidiary of merck co inc,MSD,Merck & Co.,MSD / Merck & Co.,industry,location_postcode,0.7
merck sharp and dohme corp a subsidiary of merck co inc,MSD,Merck & Co.,MSD / Merck & Co.,industry,location_postcode,0.7
merck sharp and dohme corp a subsidiary of merck co inc,MSD,Merck & Co.,MSD / Merck & Co.,industry,location_postcode,0.7
merck sharp and dohme corp a subsidiary of merck co inc,MSD,Merck & Co.,MSD / Merck & Co.,industry,location_postcode,0.7
merck sharp and dohme corp a subsidiary of merck co inc,MSD,Merck & Co.,MSD / Merck & Co.,industry,location_postcode,0.7
merck sharp and dohme corp a subsidiary of merck co inc,MSD,Merck & Co.,MSD / Merck & Co.,industry,location_postcode,0.7
merck sharp and dohme corp a subsidiary of merck co inc,MSD,Merck & Co.,MSD / Merck & Co.,industry,location_postcode,0.7
merck sharp and dohme corp a subsidiary of merck co inc,MSD,Merck & Co.,MSD / Merck & Co.,industry,location_postcode,0.7
merck sharp and dohme corp a subsidiary of merck co inc,MSD,Merck & Co.,MSD / Merck & Co.,industry,location_postcode,0.7
merck sharp and dohme corp a subsidiary of merck co inc,MSD,Merck & Co.,MSD / Merck & Co.,industry,location_postcode,0.7
merck sharp and dohme corp a subsidiary of merck co inc,MSD,Merck & Co.,MSD / Merck & Co.,industry,location_postcode,0.7
merck sharp and dohme corp a subsidiary of merck co inc,MSD,Merck & Co.,MSD / Merck & Co.,industry,location_postcode,0.7
merck sharp and dohme corp a subsidiary of merck co inc,MSD,Merck & Co.,MSD / Merck & Co.,industry,location_postcode,0.7
merck sharp and dohme corp a subsidiary of merck co inc,MSD,Merck & Co.,MSD / Merck & Co.,industry,location_postcode,0.7
merck sharp and dohme corp a subsidiary of merck co inc,MSD,Merck & Co.,MSD / Merck & Co.,industry,location_postcode,0.7
merck sharp and dohme corp a subsidiary of merck co inc,MSD,Merck & Co.,MSD / Merck & Co.,industry,location_postcode,0.7
merck sharp and dohme corp a subsidiary of merck co inc,MSD,Merck & Co.,MSD / Merck & Co.,industry,location_postcode,0.7
merck sharp and dohme corp a subsidiary of merck co inc,MSD,Merck & Co.,MSD / Merck & Co.,industry,location_postcode,0.7
merck sharp and dohme corp a subsidiary of merck co inc,MSD,Merck & Co.,MSD / Merck & Co.,industry,location_postcode,0.7
merck sharp and dohme corp a subsidiary of merck co inc,MSD,Merck & Co.,MSD / Merck & Co.,industry,location_postcode,0.7
merck sharp and dohme corp a subsidiary of merck co inc,MSD,Merck & Co.,MSD / Merck & Co.,industry,location_postcode,0.7
merck sharp and dohme corp a subsidiary of merck co inc,MSD,Merck & Co.,MSD / Merck & Co.,industry,location_postcode,0.7
merck sharp and dohme corp a subsidiary of merck co inc,MSD,Merck & Co.,MSD / Merck & Co.,industry,location_postcode,0.7
merck sharp and dohme corp a subsidiary of merck co inc,MSD,Merck & Co.,MSD / Merck & Co.,industry,location_postcode,0.7
merck sharp and dohme corp a subsidiary of merck co inc,MSD,Merck & Co.,MSD / Merck & Co.,industry,location_postcode,0.7
merck sharp and dohme corp a subsidiary of merck co inc,MSD,Merck & Co.,MSD / Merck & Co.,industry,location_postcode,0.7
merck sharp and dohme corp a subsidiary of merck co inc,MSD,Merck & Co.,MSD / Merck & Co.,industry,location_postcode,0.7
merck sharp and dohme corp a subsidiary of merck co inc,MSD,Merck & Co.,MSD / Merck & Co.,industry,location_postcode,0.7
merck sharp and dohme corp a subsidiary of merck co inc,MSD,Merck & Co.,MSD / Merck & Co.,industry,location_postcode,0.7
merck sharp and dohme corp a subsidiary of merck co inc,MSD,Merck & Co.,MSD / Merck & Co.,industry,location_postcode,0.7
merck sharp and dohme corp a subsidiary of merck co inc,MSD,Merck & Co.,MSD / Merck & Co.,industry,location_postcode,0.7
merck sharp and dohme corp a subsidiary of merck co inc,MSD,Merck & Co.,MSD / Merck & Co.,industry,location_postcode,0.7
merck sharp and dohme corp a subsidiary of merck co inc,MSD,Merck & Co.,MSD / Merck & Co.,industry,location_postcode,0.7
merck sharp and dohme corp a subsidiary of merck co inc,MSD,Merck & Co.,MSD / Merck & Co.,industry,location_postcode,0.7
merck sharp and dohme corp a subsidiary of merck co inc,MSD,Merck & Co.,MSD / Merck & Co.,industry,location_postcode,0.7
merck sharp and dohme corp a subsidiary of merck co inc,MSD,Merck & Co.,MSD / Merck & Co.,industry,location_postcode,0.7
merck sharp and dohme corp a subsidiary of merck co inc,MSD,Merck & Co.,MSD / Merck & Co.,industry,location_postcode,0.7
merck sharp and dohme corp a subsidiary of merck co inc,MSD,Merck & Co.,MSD / Merck & Co.,industry,location_postcode,0.7
merck sharp and dohme corp a subsidiary of merck co inc,MSD,Merck & Co.,MSD / Merck & Co.,industry,location_postcode,0.7
merck sharp and dohme corp a subsidiary of merck co inc,MSD,Merck & Co.,MSD / Merck & Co.,industry,location_postcode,0.7
merck sharp and dohme corp a subsidiary of merck co inc,MSD,Merck & Co.,MSD / Merck & Co.,industry,location_postcode,0.7
merck sharp and dohme corp a subsidiary of merck co inc,MSD,Merck & Co.,MSD / Merck & Co.,industry,location_postcode,0.7
merck sharp and dohme corp a subsidiary of merck co inc,MSD,Merck & Co.,MSD / Merck & Co.,industry,location_postcode,0.7
merck sharp and dohme corp a subsidiary of merck co inc,MSD,Merck & Co.,MSD / Merck & Co.,industry,location_postcode,0.7
merck sharp and dohme corp a subsidiary of merck co inc,MSD,Merck & Co.,MSD / Merck & Co.,industry,location_postcode,0.7
merck sharp and dohme corp a subsidiary of merck co inc,MSD,Merck & Co.,MSD / Merck & Co.,industry,location_postcode,0.7
merck sharp dhome corp a subsidiary of merck co inc hereafter referred to as sopnsor or merck,MSD,Merck & Co.,MSD / Merck & Co.,industry,location_postcode,0.7
merck sharp dhome corp a subsidiary of merck co inc hereafter referred to as sopnsor or merck,MSD,Merck & Co.,MSD / Merck & Co.,industry,location_postcode,0.7
merck sharp dhome corp a subsidiary of merck co inc hereafter referred to as sopnsor or merck,MSD,Merck & Co.,MSD / Merck & Co.,industry,location_postcode,0.7
merck sharp dhome corp a subsidiary of merck co inc hereafter referred to as sopnsor or merck,MSD,Merck & Co.,MSD / Merck & Co.,industry,location_postcode,0.7
merck sharp dhome corp a subsidiary of merck co inc hereafter referred to as sopnsor or merck,MSD,Merck & Co.,MSD / Merck & Co.,industry,location_postcode,0.7
merck sharpe dohme corp a subsidiary of merck co inc,MSD,Merck & Co.,MSD / Merck & Co.,industry,location_postcode,0.7
merck sharpe dohme corp a subsidiary of merck co inc,MSD,Merck & Co.,MSD / Merck & Co.,industry,location_postcode,0.7
merck sharpe dohme corp a subsidiary of merck co inc,MSD,Merck & Co.,MSD / Merck & Co.,industry,location_postcode,0.7
merck sharpe dohme corp a subsidiary of merck co inc,MSD,Merck & Co.,MSD / Merck & Co.,industry,location_postcode,0.7
merck sharpe dohme corp a subsidiary of merck co inc,MSD,Merck & Co.,MSD / Merck & Co.,industry,location_postcode,0.7
merck sharpe dohme corp a subsidiary of merck co inc,MSD,Merck & Co.,MSD / Merck & Co.,industry,location_postcode,0.7
merck sharpe dohme corp a subsidiary of merck co inc,MSD,Merck & Co.,MSD / Merck & Co.,industry,location_postcode,0.7
merck sharpe dohme corp a subsidiary of merck co inc,MSD,Merck & Co.,MSD / Merck & Co.,industry,location_postcode,0.7
merck sharpe dohme corp a subsidiary of merck co inc,MSD,Merck & Co.,MSD / Merck & Co.,industry,location_postcode,0.7
merck sharpe dohme corp a subsidiary of merck co inc,MSD,Merck & Co.,MSD / Merck & Co.,industry,location_postcode,0.7
merck sharpe dohme corp a subsidiary of merck co inc,MSD,Merck & Co.,MSD / Merck & Co.,industry,location_postcode,0.7
merck sharpe dohme corp a subsidiary of merck co inc,MSD,Merck & Co.,MSD / Merck & Co.,industry,location_postcode,0.7
merck sharpe dohme corp a subsidiary of merck co inc,MSD,Merck & Co.,MSD / Merck & Co.,industry,location_postcode,0.7
merck sharpe dohme corp a subsidiary of merck co inc,MSD,Merck & Co.,MSD / Merck & Co.,industry,location_postcode,0.7
merck sharpe dohme corp a subsidiary of merck co inc,MSD,Merck & Co.,MSD / Merck & Co.,industry,location_postcode,0.7
merck sharpe dohme corp a subsidiary of merck co inc,MSD,Merck & Co.,MSD / Merck & Co.,industry,location_postcode,0.7
merck sharpe dohme corp a subsidiary of merck co inc,MSD,Merck & Co.,MSD / Merck & Co.,industry,location_postcode,0.7
merck sharpe dohme corp a subsidiary of merck co inc,MSD,Merck & Co.,MSD / Merck & Co.,industry,location_postcode,0.7
merck sharpe dohme corp a subsidiary of merck co inc,MSD,Merck & Co.,MSD / Merck & Co.,industry,location_postcode,0.7
merck sharpe dohme corp a subsidiary of merck co inc,MSD,Merck & Co.,MSD / Merck & Co.,industry,location_postcode,0.7
merck sharpe dohme corp a subsidiary of merck co inc,MSD,Merck & Co.,MSD / Merck & Co.,industry,location_postcode,0.7
merck sharpe dohme corp a subsidiary of merck co inc,MSD,Merck & Co.,MSD / Merck & Co.,industry,location_postcode,0.7
merck sharpe dohme corp a subsidiary of merck co inc,MSD,Merck & Co.,MSD / Merck & Co.,industry,location_postcode,0.7
merck sharpe dohme corp a subsidiary of merck co inc,MSD,Merck & Co.,MSD / Merck & Co.,industry,location_postcode,0.7
university eye clinic maastricht,Maastricht University Medical Center+,NA,NA,hospital,location_postcode,0.7
malmoe universitet,Malmö Universitet,NA,NA,NA,location_postcode,0.7
medtrace pharma,MedTrace Pharma,NA,NA,unknown,location_postcode,0.7
medac gesellschaft fuer klinische spezialpraeparate mbh,Medac Gesellschaft fuer klinische Spezialprapaerate mbH,NA,NA,NA,location_postcode,0.7
medac gesellschaft fuer klinische spezialpraeparate mbh,Medac Gesellschaft fuer klinische Spezialprapaerate mbH,NA,NA,NA,location_postcode,0.7
medac gesellschaft fuer klinische spezialpraeparate mbh,Medac Gesellschaft fuer klinische Spezialprapaerate mbH,NA,NA,NA,location_postcode,0.7
medical univeristy of bialystok,Medical University Of Bialystok,NA,NA,unknown,location_postcode,0.7
medical unicersity of gdansk,Medical University Of Gdansk,NA,NA,unknown,location_postcode,0.7
medical university of gdask,Medical University Of Gdansk,NA,NA,unknown,location_postcode,0.7
medical university of gdask,Medical University Of Gdansk,NA,NA,unknown,location_postcode,0.7
medical university of silesia,Medical University Of Lodz,NA,NA,unknown,location_postcode,0.7
medizinische universit wien,Medical University Of Vienna,Medical University Of Vienna,Medical University Of Vienna,hospital,location_postcode,0.7
medizinische universit wien,Medical University Of Vienna,Medical University Of Vienna,Medical University Of Vienna,hospital,location_postcode,0.7
medizinische universit wien,Medical University Of Vienna,Medical University Of Vienna,Medical University Of Vienna,hospital,location_postcode,0.7
medizinische universit wien,Medical University Of Vienna,Medical University Of Vienna,Medical University Of Vienna,hospital,location_postcode,0.7
medizinische universit wien,Medical University Of Vienna,Medical University Of Vienna,Medical University Of Vienna,hospital,location_postcode,0.7
medizinische universit wien,Medical University Of Vienna,Medical University Of Vienna,Medical University Of Vienna,hospital,location_postcode,0.7
medizinische universit wien,Medical University Of Vienna,Medical University Of Vienna,Medical University Of Vienna,hospital,location_postcode,0.7
medizinische universit wien,Medical University Of Vienna,Medical University Of Vienna,Medical University Of Vienna,hospital,location_postcode,0.7
medizinische universit wien,Medical University Of Vienna,Medical University Of Vienna,Medical University Of Vienna,hospital,location_postcode,0.7
medizinische universit wien,Medical University Of Vienna,Medical University Of Vienna,Medical University Of Vienna,hospital,location_postcode,0.7
medizinische universit wien,Medical University Of Vienna,Medical University Of Vienna,Medical University Of Vienna,hospital,location_postcode,0.7
medizinische universit wien,Medical University Of Vienna,Medical University Of Vienna,Medical University Of Vienna,hospital,location_postcode,0.7
universittsklinik fr innere medizin iii medizinische universitt wien,Medical University Of Vienna,NA,NA,NA,location_postcode,0.7
medizinische einrichtungen des berzirks oberpfalz,Medizinische Einrichtungen des Bezirks Oberpfalz KU AöR,NA,NA,unknown,location_postcode,0.7
medtronic international trading,Medtronic International Trading Sarl,NA,NA,unknown,location_postcode,0.7
merus n v,Merus,NA,NA,NA,location_postcode,0.7
micromet gmbh,Micromet,NA,NA,unknown,location_postcode,0.7
micromet gmbh,Micromet,NA,NA,unknown,location_postcode,0.7
milestone pharmaceutiques inc,Milestone Pharmaceuticals,NA,NA,unknown,location_postcode,0.7
mimetech srl,Mimetech,NA,NA,unknown,location_postcode,0.7
mirati therapeutics incorporated,Mirati Therapeutics,NA,NA,unknown,location_postcode,0.7
mitsubishi tanabe pharma america inc,Mitsubishi Tanabe Development America,NA,NA,unknown,location_postcode,0.7
mitsubishi tanabe pharma america mtpa inc,Mitsubishi Tanabe Development America,NA,NA,unknown,location_postcode,0.7
mitsubishi tanabe pharma america mtpa inc,Mitsubishi Tanabe Pharma,NA,NA,unknown,location_postcode,0.7
mitsubishi tanabe pharma america mtpa inc,Mitsubishi Tanabe Pharma,NA,NA,unknown,location_postcode,0.7
mitsubishi tanabe pharma america inc,Mitsubishi Tanabe Pharma Development America,NA,NA,unknown,location_postcode,0.7
mitsubishi tanabe pharma america mtpa inc,Mitsubishi Tanabe Pharma Development America,NA,NA,unknown,location_postcode,0.7
mitsubishi tanabe pharma america inc,Mitsubishi Tanabe Pharma Development America MTDA,NA,NA,unknown,location_postcode,0.7
mitsubishi tanabe pharma america mtpa inc,Mitsubishi Tanabe Pharma Development America MTDA,NA,NA,unknown,location_postcode,0.7
moberg pharma ab,Moberg Pharma,NA,NA,unknown,location_postcode,0.7
moberg pharma ab,Moberg Pharma,NA,NA,unknown,location_postcode,0.7
mukoviszidose e v,Mukoviszidose Institute gGmbH,NA,NA,unknown,location_postcode,0.7
nps pharmaceuticals,NPS Pharmaceuticals,NA,NA,unknown,location_postcode,0.7
nanocarrier co limited,NanoCarrier Co.,NA,NA,unknown,location_postcode,0.7
nanobiotix,Nanobiotix,NA,NA,unknown,location_postcode,0.7
nanobiotix,Nanobiotix,NA,NA,unknown,location_postcode,0.7
nanobiotix,Nanobiotix,NA,NA,unknown,location_postcode,0.7
nanobiotix,Nanobiotix,NA,NA,unknown,location_postcode,0.7
narodowy instytut onkologii im marii sklodowskiej-curie panstwowy instytut badawczy,Narodowy Instytut Onkologii Im. Marii Sklodowskiej-Curie-Panstwowy Instytut Badawczy,NA,NA,NA,location_postcode,0.7
narodowy instytut onkologii im marii sklodowskiej-curie panstwowy instytut badawczy,Narodowy Instytut Onkologii im. Marii Skłodowskiej-Curie,NA,NA,unknown,location_postcode,0.7
neovacs,Neovacs,NA,NA,unknown,location_postcode,0.7
neovacs,Neovacs,NA,NA,unknown,location_postcode,0.7
neovas s a,Neovacs,NA,NA,unknown,location_postcode,0.7
neovas s a,Neovacs,NA,NA,unknown,location_postcode,0.7
nightstarx ltd,NightstaRx,NA,NA,unknown,location_postcode,0.7
nightstarx ltd,NightstaRx Ltd A Biogen Company,NA,NA,unknown,location_postcode,0.7
noema pharma,Noema Pharma,NA,NA,unknown,location_postcode,0.7
nord-ostdeutsche gesellschaft fuer gynaekologische onkologie e v,Nord Ostdeutsche Gesellschaft Fuer Gynaekologische Onkologie e.V.,NA,NA,NA,location_postcode,0.7
nordic nanovector as,Nordic Nanovector,NA,NA,unknown,location_postcode,0.7
nordic society of gynaecological oncology nsgo - ctu,Nordic Society of Gynaecological Oncology - Clinical Trial Unit NSGO-CTU,NA,NA,unknown,location_postcode,0.7
nordic society of gynaecological oncology nsgo-ctu,Nordic Society of Gynaecological Oncology - Clinical Trial Unit NSGO-CTU,NA,NA,unknown,location_postcode,0.7
nordic society of gynaecological oncology nsgo - ctu,Nordic Society of Gynaecological Oncology NSGO,NA,NA,unknown,location_postcode,0.7
nordic society of gynaecological oncology nsgo - ctu,Nordic Society of Gynaecological Oncology NSGO,NA,NA,unknown,location_postcode,0.7
nordic society of gynaecological oncology nsgo-ctu,Nordic Society of Gynaecological Oncology NSGO,NA,NA,unknown,location_postcode,0.7
nordic society of gynaecological oncology nsgo-ctu,Nordic Society of Gynaecological Oncology NSGO,NA,NA,unknown,location_postcode,0.7
nordic society of gynaecological oncology nsgo - ctu,Nordic Society of Gynaecological Oncology NSGO-Clinical Trial Unit,NA,NA,unknown,location_postcode,0.7
nordic society of gynaecological oncology nsgo - ctu,Nordic Society of Gynaecological Oncology NSGO-Clinical Trial Unit,NA,NA,unknown,location_postcode,0.7
nordic society of gynaecological oncology nsgo - ctu,Nordic Society of Gynaecological Oncology NSGO-Clinical Trial Unit,NA,NA,unknown,location_postcode,0.7
nordic society of gynaecological oncology nsgo-ctu,Nordic Society of Gynaecological Oncology NSGO-Clinical Trial Unit,NA,NA,unknown,location_postcode,0.7
nordic society of gynaecological oncology nsgo-ctu,Nordic Society of Gynaecological Oncology NSGO-Clinical Trial Unit,NA,NA,unknown,location_postcode,0.7
nordic society of gynaecological oncology nsgo-ctu,Nordic Society of Gynaecological Oncology NSGO-Clinical Trial Unit,NA,NA,unknown,location_postcode,0.7
nouscom srl,Nouscom,NA,NA,unknown,location_postcode,0.7
novimmune s a,NovImmune,NA,NA,NA,location_postcode,0.7
novimmune s a,NovImmune,NA,NA,NA,location_postcode,0.7
novimmune s a,NovImmune,NA,NA,NA,location_postcode,0.7
novimmune s a,NovImmune,NA,NA,NA,location_postcode,0.7
novagali pharma sas,Novagali Pharma,NA,NA,unknown,location_postcode,0.7
novavax incorporated,Novavax,NA,NA,unknown,location_postcode,0.7
nutrinia,Nutrinia,NA,NA,unknown,location_postcode,0.7
nykode therapeutics a s,Nykode Therapeutics,NA,NA,unknown,location_postcode,0.7
nykode therapeutics a s,Nykode Therapeutics,NA,NA,unknown,location_postcode,0.7
octapharma pharmazeutika produktions gmbh,Octapharma Pharmazeutika Produktionsges.m.b.H.,NA,NA,unknown,location_postcode,0.7
department of neurology,Odense University Hospital,Odense University Hospital,Odense University Hospital,hospital,location_postcode,0.7
odonate therapeutics,Odonate Therapeutics,NA,NA,unknown,location_postcode,0.7
odonate therapeutics,Odonate Therapeutics,NA,NA,unknown,location_postcode,0.7
odonate therapeutics,Odonate Therapeutics,NA,NA,unknown,location_postcode,0.7
odonate therapeutics llc,Odonate Therapeutics,NA,NA,unknown,location_postcode,0.7
odonate therapeutics llc,Odonate Therapeutics,NA,NA,unknown,location_postcode,0.7
odonate therapeutics llc,Odonate Therapeutics,NA,NA,unknown,location_postcode,0.7
ohb neonatology ltd,Ohb Neonatology,NA,NA,unknown,location_postcode,0.7
oncoinvent solutions as,Oncoinvent,NA,NA,NA,location_postcode,0.7
oncomatryx biopharma s a,Oncomatryx Biopharma,NA,NA,NA,location_postcode,0.7
oppilan pharma ltd,Oppilan Pharma,NA,NA,unknown,location_postcode,0.7
oppilan pharma ltd,Oppilan Pharma,NA,NA,unknown,location_postcode,0.7
opthea,Opthea,NA,NA,unknown,location_postcode,0.7
opthea,Opthea,NA,NA,unknown,location_postcode,0.7
opthea,Opthea,NA,NA,unknown,location_postcode,0.7
orchard therapeutics ltd,Orchard Therapeutics,NA,NA,unknown,location_postcode,0.7
orchard therapeutics ltd,Orchard Therapeutics Europe,NA,NA,unknown,location_postcode,0.7
oslo universtity hospital,Oslo University Hospital,Oslo University Hospital,Oslo University Hospital,hospital,location_postcode,0.7
pibd net,PIBDNet,NA,NA,unknown,location_postcode,0.7
panbela therapeutics,Panbela Therapeutics,NA,NA,unknown,location_postcode,0.7
universittsklinik fr dermatologie und allergologie der paracelsus medizinischen privatuniversitt salzburg,Paracelsus Medical University,NA,NA,unknown,location_postcode,0.7
parion sciences inc,Parion Sciences,NA,NA,unknown,location_postcode,0.7
pharmacyclics,Pharmacyclics,NA,NA,unknown,location_postcode,0.7
pharmacyclics,Pharmacyclics,NA,NA,unknown,location_postcode,0.7
pharmacyclics,Pharmacyclics,NA,NA,unknown,location_postcode,0.7
pharmacyclics,Pharmacyclics,NA,NA,unknown,location_postcode,0.7
pharmacyclics inc,Pharmacyclics,NA,NA,unknown,location_postcode,0.7
pharmacyclics inc,Pharmacyclics,NA,NA,unknown,location_postcode,0.7
pharmacyclics inc,Pharmacyclics,NA,NA,unknown,location_postcode,0.7
pharmacyclics inc,Pharmacyclics,NA,NA,unknown,location_postcode,0.7
pharmacyclics inc,Pharmacyclics,NA,NA,unknown,location_postcode,0.7
pharmacyclics inc,Pharmacyclics,NA,NA,unknown,location_postcode,0.7
pharmacyclics inc,Pharmacyclics,NA,NA,unknown,location_postcode,0.7
pharmacyclics inc,Pharmacyclics,NA,NA,unknown,location_postcode,0.7
pharmacyclics inc,Pharmacyclics,NA,NA,unknown,location_postcode,0.7
pharmacyclics inc,Pharmacyclics,NA,NA,unknown,location_postcode,0.7
pharmacyclics inc,Pharmacyclics,NA,NA,unknown,location_postcode,0.7
pharmacyclics inc,Pharmacyclics,NA,NA,unknown,location_postcode,0.7
pharmacyclics inc,Pharmacyclics,NA,NA,unknown,location_postcode,0.7
pharmacyclics inc,Pharmacyclics,NA,NA,unknown,location_postcode,0.7
polyphor deutschland gmbh,Polyphor,NA,NA,unknown,location_postcode,0.7
population heart research institute phri,Population Health Research Institute,NA,NA,unknown,location_postcode,0.7
portola pharmaceuticals llc,Portola Pharmaceuticals,NA,NA,unknown,location_postcode,0.7
portola pharmaceuticals llc,Portola Pharmaceuticals,NA,NA,unknown,location_postcode,0.7
portola pharmaceuticals llc,Portola Pharmaceuticals,NA,NA,unknown,location_postcode,0.7
portola pharmaceuticals llc,Portola Pharmaceuticals,NA,NA,unknown,location_postcode,0.7
preglem sa,PregLem,NA,NA,unknown,location_postcode,0.7
princess maxima center for pediatric oncology in the netherlands,Princess Maxima Center For Pediatric Oncology,NA,NA,NA,location_postcode,0.7
princess maxima center for pediatric oncology in the netherlands,Princess Maxima Center For Pediatric Oncology,NA,NA,hospital,location_postcode,0.7
princess maxima center for pediatric oncology in the netherlands,Princess Maxima Center For Pediatric Oncology,NA,NA,hospital,location_postcode,0.7
princess maxima center for pediatric oncology in the netherlands,Princess Maxima Center For Pediatric Oncology,NA,NA,hospital,location_postcode,0.7
princess maxima center for pediatric oncology in the netherlands,Princess Maxima Center For Pediatric Oncology,NA,NA,hospital,location_postcode,0.7
princess maxima center for pediatric oncology in the netherlands,Princess Maxima Center For Pediatric Oncology,NA,NA,hospital,location_postcode,0.7
princess maxima center for pediatric oncology in the netherlands,Princess Maxima Center For Pediatric Oncology,NA,NA,NA,location_postcode,0.7
prinses maxima centrum voor kinderoncologie,Princess Maxima Center For Pediatric Oncology,NA,NA,hospital,location_postcode,0.7
prinses maxima centrum voor kinderoncologie,Princess Maxima Center For Pediatric Oncology,NA,NA,hospital,location_postcode,0.7
prinses maxima centrum voor kinderoncologie,Princess Maxima Center For Pediatric Oncology,NA,NA,hospital,location_postcode,0.7
prinses maxima centrum voor kinderoncologie,Princess Maxima Center For Pediatric Oncology,NA,NA,hospital,location_postcode,0.7
prinses maxima centrum voor kinderoncologie b v,Princess Maxima Center For Pediatric Oncology,NA,NA,hospital,location_postcode,0.7
prinses maxima centrum voor kinderoncologie b v,Princess Maxima Center For Pediatric Oncology,NA,NA,hospital,location_postcode,0.7
prinses maxima centrum voor kinderoncologie b v,Princess Maxima Center For Pediatric Oncology,NA,NA,hospital,location_postcode,0.7
prinses mxima centrum,Princess Maxima Center For Pediatric Oncology,NA,NA,hospital,location_postcode,0.7
priothera sas,Priothera S.A.S.,NA,NA,unknown,location_postcode,0.7
profibrix inc,ProFibrix,NA,NA,unknown,location_postcode,0.7
proqr theraputics,ProQR Therapeutics,NA,NA,unknown,location_postcode,0.7
proqr theraputics,ProQR Therapeutics,NA,NA,unknown,location_postcode,0.7
radboud univeristy medical centre,Radboudumc,Radboudumc,Radboudumc,hospital,location_postcode,0.7
radboud univeristy medical centre,Radboudumc,Radboudumc,Radboudumc,hospital,location_postcode,0.7
rain therapeuthic inc,Rain Therapeutics,NA,NA,unknown,location_postcode,0.7
rare thyroid therapeutics international,Rare Thyroid Therapeutics International,NA,NA,unknown,location_postcode,0.7
red andaluza de diseno y traslacion de terapias avanzadas fundacion publica andaluza progreso y salud,Red Andaluza de Diseño y Traslación de Terapias Avanzadas,NA,NA,unknown,location_postcode,0.7
redx pharma ltd,Redx Pharma,NA,NA,unknown,location_postcode,0.7
redx pharma ltd,Redx Pharma,NA,NA,unknown,location_postcode,0.7
replimune group inc,Replimune,NA,NA,NA,location_postcode,0.7
rheinische friedrich wilhelms universitaet bonn,Rheinische Friedrich-Wilhelms-Universität Bonn,NA,NA,NA,location_postcode,0.7
rheinische friedrich wilhelms universitaet bonn,Rheinische Friedrich-Wilhelms-Universität Bonn,NA,NA,unknown,location_postcode,0.7
rheinische friedrich-wilhelms-universitaet bonn,Rheinische Friedrich-Wilhelms-Universität Bonn,NA,NA,NA,location_postcode,0.7
rheinische friedrich-wilhelms-universitaet bonn,Rheinische Friedrich-Wilhelms-Universität Bonn,NA,NA,unknown,location_postcode,0.7
copenhagen university,Rigshospitalet,Rigshospitalet,Rigshospitalet,hospital,location_postcode,0.7
copenhagen university,Rigshospitalet,Rigshospitalet,Rigshospitalet,hospital,location_postcode,0.7
copenhagen university,Rigshospitalet,Rigshospitalet,Rigshospitalet,hospital,location_postcode,0.7
department of clinical physiology nuclear medicin and pet,Rigshospitalet,Rigshospitalet,Rigshospitalet,hospital,location_postcode,0.7
department of otorhinolaryngology head and neck surgery,Rigshospitalet,NA,NA,hospital,location_postcode,0.7
department of otorhinolaryngology head neck and audiology rigshospitalet copenhagen denmark,Rigshospitalet,NA,NA,hospital,location_postcode,0.7
righospitalet,Rigshospitalet,Rigshospitalet,Rigshospitalet,hospital,location_postcode,0.7
righospitalet,Rigshospitalet,Rigshospitalet,Rigshospitalet,hospital,location_postcode,0.7
righospitalet,Rigshospitalet,Rigshospitalet,Rigshospitalet,hospital,location_postcode,0.7
righospitalet,Rigshospitalet,Rigshospitalet,Rigshospitalet,hospital,location_postcode,0.7
ruprecht-karls-universitt heidelberg medical faculty represented by universittsklinikum heidelberg,Ruprecht-Karls-Universität Heidelberg,NA,NA,academic,location_postcode,0.7
ruprecht-karls-universitt heidelberg medical faculty represented by universittsklinikum heidelberg,Ruprecht-Karls-Universität Heidelberg,NA,NA,unknown,location_postcode,0.7
ruprecht-karls-universitt heidelberg medical faculty represented by universittsklinikum heidelberg,Ruprecht-Karls-Universität Heidelberg,NA,NA,hospital,location_postcode,0.7
ruprecht-karls-universitt heidelberg medical faculty represented by universittsklinikum heidelberg,Ruprecht-Karls-Universität Heidelberg,NA,NA,hospital,location_postcode,0.7
ruprecht-karls-universitt heidelberg medical faculty represented by universittsklinikum heidelberg,Ruprecht-Karls-Universität Heidelberg,NA,NA,hospital,location_postcode,0.7
som innovation biotech s a,SOM Innovation Biotech SA SOM Biotech,NA,NA,unknown,location_postcode,0.7
transplantationscentrum sahlgrenska universitetssjukhuset,Sahlgrenska University Hospital,NA,NA,unknown,location_postcode,0.7
sangart,Sangart,NA,NA,unknown,location_postcode,0.7
santhera pharmaceuticals,Santhera Pharmaceuticals,NA,NA,unknown,location_postcode,0.7
santhera pharmaceuticals,Santhera Pharmaceuticals Switzerland,NA,NA,unknown,location_postcode,0.7
santhera pharmaceuticals,Santhera Pharmaceuticals Switzerland,NA,NA,unknown,location_postcode,0.7
santhera pharmaceuticals,Santhera Pharmaceuticals Switzerland,NA,NA,unknown,location_postcode,0.7
santhera pharmaceuticals,Santhera Pharmaceuticals Switzerland,NA,NA,unknown,location_postcode,0.7
scioderm an amicus therapeutics company,Scioderm,NA,NA,unknown,location_postcode,0.7
scioderm an amicus therapeutics company,Scioderm,NA,NA,unknown,location_postcode,0.7
sellas life sciences,Sellas Life Sciences Group,NA,NA,unknown,location_postcode,0.7
institute de recherches internationales servier promotor internacional,Servier,NA,NA,industry,location_postcode,0.7
laboratorio servier s l,Servier,Servier,Servier,industry,location_postcode,0.7
laboratorio servier s l,Servier,NA,NA,industry,location_postcode,0.7
laboratorio servier s l,Servier,NA,NA,industry,location_postcode,0.7
shield tx uk ltd,Shield TX UK,NA,NA,unknown,location_postcode,0.7
shionogi limited,Shionogi,NA,NA,unknown,location_postcode,0.7
shionogi limited,Shionogi USA,NA,NA,unknown,location_postcode,0.7
shionogi limited,Shionogi USA,NA,NA,unknown,location_postcode,0.7
sillajen,SillaJen,NA,NA,unknown,location_postcode,0.7
sixera pharma,Sixera Pharma,NA,NA,unknown,location_postcode,0.7
skane university hospital department of oncology,Skåne University Hospital,NA,NA,hospital,location_postcode,0.7
springworks therapeutics,SpringWorks Therapeutics,NA,NA,unknown,location_postcode,0.7
stichting het nederlands kanker instituut antoni van leeuwenhoek ziekenhuis,Stichting Het Nederlands Kanker Instituut-Antoni Van Leeuwenhoek Ziekenhuis,NA,NA,NA,location_postcode,0.7
stichting het nederlands kanker instituut antoni van leeuwenhoek ziekenhuis,Stichting Het Nederlands Kanker Instituut-Antoni Van Leeuwenhoek Ziekenhuis,NA,NA,NA,location_postcode,0.7
stichting radboud universitair medisch centrum,Stichting Radboud University Medical Center,NA,NA,NA,location_postcode,0.7
sublimity therapeutics holdco limited,Sublimity Therapeutics,NA,NA,unknown,location_postcode,0.7
sucampo pharma americas llc,Sucampo Pharma Europe,NA,NA,unknown,location_postcode,0.7
sucampo pharma americas llc,Sucampo Pharma Europe,NA,NA,unknown,location_postcode,0.7
summit therapeutics sub inc,Summit Therapeutics,NA,NA,NA,location_postcode,0.7
sun pharma industries limited,Sun Pharmaceutical,Sun Pharmaceutical,Sun Pharmaceutical,industry,location_postcode,0.7
sun pharma industries limited,Sun Pharmaceutical,Sun Pharmaceutical,Sun Pharmaceutical,industry,location_postcode,0.7
sun pharma industries limited,Sun Pharmaceutical,Sun Pharmaceutical,Sun Pharmaceutical,industry,location_postcode,0.7
technische universitaet dresden,Technische Universitat Dresden,NA,NA,NA,location_postcode,0.7
tesaro incorporated,Tesaro,NA,NA,unknown,location_postcode,0.7
tesaro incorporated,Tesaro,NA,NA,unknown,location_postcode,0.7
tesaro incorporated,Tesaro,NA,NA,unknown,location_postcode,0.7
the pharmaceutical company lek-am sp zoo,The Pharmaceutical Company LEK-AM Sp. Zo.o.,NA,NA,unknown,location_postcode,0.7
laboratorios thea s a,Théa,NA,NA,unknown,location_postcode,0.7
tobira therapeutics a subsidiary of allergan plc,Tobira Therapeutics,NA,NA,industry,location_postcode,0.7
tobira therapeutics a subsidiary of allergan plc,Tobira Therapeutics,NA,NA,industry,location_postcode,0.7
tobira therapeutics a subsidiary of allergan plc,Tobira Therapeutics,NA,NA,industry,location_postcode,0.7
tobira therapeutics a subsidiary of allergan plc,Tobira Therapeutics,NA,NA,industry,location_postcode,0.7
turku university central hospital,Turku University Hospital,NA,NA,NA,location_postcode,0.7
universitaire ziekenhuizen leuven,UZ Leuven,UZ Leuven,UZ Leuven,hospital,location_postcode,0.7
uzleuven/bgog,UZ Leuven,UZ Leuven,UZ Leuven,hospital,location_postcode,0.7
uzleuven/bgog,UZ Leuven,UZ Leuven,UZ Leuven,hospital,location_postcode,0.7
universita' degli studi di genova,Universita Degli Studi Di Genova,NA,NA,NA,location_postcode,0.7
universita' degli studi di verona,Universita Degli Studi Di Verona,NA,NA,NA,location_postcode,0.7
university of leipzig,Universitaet Leipzig,NA,NA,NA,location_postcode,0.7
university hospital of ulm aor,Universitaetsklinikum Ulm AöR,NA,NA,hospital,location_postcode,0.7
university hospital brussels uz brussel,Universitair Ziekenhuis Brussel,NA,NA,hospital,location_postcode,0.7
universitaetsmedizin der johannes gutenberg-universitaet mainz kor,Universitatsmedizin der Johannes Gutenberg-Universitat Mainz KöR,NA,NA,NA,location_postcode,0.7
universitaetsmedizin der johannes gutenberg-universitaet mainz kor,Universitatsmedizin der Johannes Gutenberg-Universitat Mainz KöR,NA,NA,academic,location_postcode,0.7
universitaetsmedizin der johannes gutenberg-universitaet mainz kor,Universitatsmedizin der Johannes Gutenberg-Universitat Mainz KöR,NA,NA,NA,location_postcode,0.7
university medical center of johannes gutenberg university mainz,Universitatsmedizin der Johannes Gutenberg-Universitat Mainz KöR,NA,NA,hospital,location_postcode,0.7
university medical center of johannes gutenberg university mainz,Universitatsmedizin der Johannes Gutenberg-Universitat Mainz KöR,NA,NA,hospital,location_postcode,0.7
university medical center of johannes gutenberg university mainz,Universitatsmedizin der Johannes Gutenberg-Universitat Mainz KöR,Universitatsmedizin der Johannes Gutenberg-Universitat Mainz KöR,Universitatsmedizin der Johannes Gutenberg-Universitat Mainz KöR,hospital,location_postcode,0.7
university medical school of the johannes gutenberg university mainz,Universitatsmedizin der Johannes Gutenberg-Universitat Mainz KöR,NA,NA,hospital,location_postcode,0.7
university medical school of the johannes gutenberg university mainz,Universitatsmedizin der Johannes Gutenberg-Universitat Mainz KöR,NA,NA,hospital,location_postcode,0.7
university medical school of the johannes gutenberg university mainz,Universitatsmedizin der Johannes Gutenberg-Universitat Mainz KöR,Universitatsmedizin der Johannes Gutenberg-Universitat Mainz KöR,Universitatsmedizin der Johannes Gutenberg-Universitat Mainz KöR,hospital,location_postcode,0.7
cliniques universitaires saint luc universit catholique de louvain bruxelles,University College London,University College London,University College London,academic,location_postcode,0.7
universiteit maastricht,University Hospital Maastricht,NA,NA,NA,location_postcode,0.7
university hospital of ulm aor,University Hospital Ulm,NA,NA,hospital,location_postcode,0.7
university hospital of zurich and city hospital waid,University Hospital Zurich,NA,NA,hospital,location_postcode,0.7
university hospital of north norway hf,University Hospital of North Norway,NA,NA,hospital,location_postcode,0.7
university of leipzig,University Leipzig,NA,NA,unknown,location_postcode,0.7
university eye clinic maastricht,University Medical Center Utrecht,University Medical Center Utrecht,University Medical Center Utrecht,hospital,location_postcode,0.7
university medical center,University Medical Center Utrecht,University Medical Center Utrecht,University Medical Center Utrecht,hospital,location_postcode,0.7
university medical center,University Medical Center Utrecht,University Medical Center Utrecht,University Medical Center Utrecht,hospital,location_postcode,0.7
university medical center,University Medical Center Utrecht,University Medical Center Utrecht,University Medical Center Utrecht,hospital,location_postcode,0.7
university medical center,University Medical Center Utrecht,University Medical Center Utrecht,University Medical Center Utrecht,hospital,location_postcode,0.7
university medical center,University Medical Center Utrecht,NA,NA,hospital,location_postcode,0.7
universitaet des saarlandes,University of Saarland,NA,NA,unknown,location_postcode,0.7
eberhard-karls university tbingen med fac rep by university hospital and its commercial director,University of Tübingen,NA,NA,hospital,location_postcode,0.7
universit campus bio-medico,Università Campus Bio-Medico di Roma,NA,NA,academic,location_postcode,0.7
universit campus bio-medico,Università Campus Bio-Medico di Roma,NA,NA,academic,location_postcode,0.7
universit campus bio-medico,Università Campus Bio-Medico di Roma,NA,NA,academic,location_postcode,0.7
universita degli studi di camerino,Università degli Studi di Camerino,NA,NA,unknown,location_postcode,0.7
universita' degli studi di genova,Università degli Studi di Genova,NA,NA,unknown,location_postcode,0.7
dipartimento di medicina,Università degli Studi di Perugia,NA,NA,academic,location_postcode,0.7
dipartimento di medicina,Università degli Studi di Perugia,NA,NA,academic,location_postcode,0.7
university of leipzig,Universität Leipzig,NA,NA,unknown,location_postcode,0.7
university of leipzig,Universität Leipzig,NA,NA,unknown,location_postcode,0.7
university of leipzig,Universität Leipzig,NA,NA,unknown,location_postcode,0.7
free state of bavaria represented by the university of regensburg represented by prof edward k gessler,Universität Regensburg,NA,NA,hospital,location_postcode,0.7
free state of bavaria represented by the university of regensburg represented by prof edward k gessler,Universität Regensburg,NA,NA,hospital,location_postcode,0.7
free state of bavaria represented by the university of regensburg represented by the university hospital regensburg,Universität Regensburg,NA,NA,hospital,location_postcode,0.7
free state of bavaria represented by the university of regensburg represented by the university hospital regensburg,Universität Regensburg,NA,NA,hospital,location_postcode,0.7
university hospital of ulm aor,Universität Ulm,NA,NA,unknown,location_postcode,0.7
medical center -university of freiburg,Universitätsklinikum Freiburg,NA,NA,unknown,location_postcode,0.7
uniwersytet jagielloski - collegium medicum,Uniwersytet Jagiellonski Collegium Medicum,NA,NA,unknown,location_postcode,0.7
uniwersytet jagielloski - collegium medicum,Uniwersytet Jagielloski Collegium Medicum,NA,NA,unknown,location_postcode,0.7
department of surgical sciences uppsala university,Uppsala University,NA,NA,unknown,location_postcode,0.7
fundacio hospital universitari vall d'hebron institut de recerca,Vall D'hebron Institut De Recerca,NA,NA,hospital,location_postcode,0.7
fundacio hospital universitari vall d'hebron institut de recerca,Vall D'hebron Institut De Recerca,NA,NA,hospital,location_postcode,0.7
fundacio hospital universitari vall d'hebron institut de recerca,Vall D'hebron Institut De Recerca,NA,NA,hospital,location_postcode,0.7
fundacio hospital universitari vall d'hebron institut de recerca,Vall D'hebron Institut De Recerca,NA,NA,hospital,location_postcode,0.7
fundacio hospital universitari vall d'hebron institut de recerca,Vall D'hebron Institut De Recerca,NA,NA,hospital,location_postcode,0.7
fundacio hospital universitari vall d'hebron institut de recerca,Vall D'hebron Institut De Recerca,NA,NA,hospital,location_postcode,0.7
fundacio hospital universitari vall d'hebron institut de recerca,Vall D'hebron Institut De Recerca,NA,NA,hospital,location_postcode,0.7
fundacio hospital universitari vall d'hebron institut de recerca,Vall D'hebron Institut De Recerca,NA,NA,hospital,location_postcode,0.7
fundacio hospital universitari vall d'hebron institut de recerca,Vall D'hebron Institut De Recerca,NA,NA,hospital,location_postcode,0.7
fundacio hospital universitari vall d'hebron institut de recerca,Vall D'hebron Institut De Recerca,NA,NA,hospital,location_postcode,0.7
fundacio hospital universitari vall d'hebron institut de recerca,Vall D'hebron Institut De Recerca,NA,NA,hospital,location_postcode,0.7
vall dhebron research institute vhir,Vall D'hebron Institut De Recerca,NA,NA,NA,location_postcode,0.7
vall dhebron research institute vhir,Vall D'hebron Institut De Recerca,NA,NA,hospital,location_postcode,0.7
vall dhebron research institute vhir,Vall D'hebron Institut De Recerca,NA,NA,hospital,location_postcode,0.7
vall dhebron research institute vhir,Vall D'hebron Institut De Recerca,NA,NA,hospital,location_postcode,0.7
vall dhebron research institute vhir,Vall D'hebron Institut De Recerca,NA,NA,hospital,location_postcode,0.7
vall dhebron research institute vhir,Vall D'hebron Institut De Recerca,NA,NA,hospital,location_postcode,0.7
vaestra goetalandsregionen,Vastra Gotalandsregionen,NA,NA,NA,location_postcode,0.7
verisfield s m s a,Verisfield Single Member,NA,NA,unknown,location_postcode,0.7
vestre viken health trust,Vestre Viken HF,NA,NA,unknown,location_postcode,0.7
vestre viken hospital trust,Vestre Viken HF,NA,NA,unknown,location_postcode,0.7
vestre viken health trust,Vestre Viken Trust,NA,NA,unknown,location_postcode,0.7
vestre viken hospital trust,Vestre Viken Trust,NA,NA,unknown,location_postcode,0.7
vielabio inc,Viela Bio,NA,NA,unknown,location_postcode,0.7
vielabio inc,Viela Bio,NA,NA,unknown,location_postcode,0.7
vtesse inc a mallinckrodt pharmaceutical company,Vtesse,NA,NA,unknown,location_postcode,0.7
vstra gtalandsregionen/onkologiska kliniken,Västra Götalandsregionen,NA,NA,unknown,location_postcode,0.7
wave life sciences usa inc,Wave Life Sciences UK,NA,NA,unknown,location_postcode,0.7
wave life sciences usa inc,Wave Life Sciences UK,NA,NA,unknown,location_postcode,0.7
win medica pharmaceutical a e,Win Medica Pharmaceutical,NA,NA,NA,location_postcode,0.7
win medica pharmaceuticals s a,Win Medica Pharmaceutical,NA,NA,NA,location_postcode,0.7
wojskowy instytut medyczny,Wojskowy Instytut Medyczny Panstwowy Instytut Badawczy,NA,NA,unknown,location_postcode,0.7
zealand university hospital,Zealand University Hospital,NA,NA,hospital,location_postcode,0.7
zealand university hospital,Zealand University Hospital,NA,NA,hospital,location_postcode,0.7
zealand university hospital,Zealand University Hospital,NA,NA,hospital,location_postcode,0.7
zealand university hospital,Zealand University Hospital,NA,NA,hospital,location_postcode,0.7
zealand university hospital,Zealand University Hospital,NA,NA,hospital,location_postcode,0.7
zealand university hospital,Zealand University Hospital,NA,NA,hospital,location_postcode,0.7
zealand university hospital,Zealand University Hospital,NA,NA,hospital,location_postcode,0.7
zealand university hospital,Zealand University Hospital,NA,NA,hospital,location_postcode,0.7
zealand university hospital,Zealand University Hospital,NA,NA,hospital,location_postcode,0.7
zealand university hospital,Zealand University Hospital,NA,NA,hospital,location_postcode,0.7
zealand university hospital,Zealand University Hospital,NA,NA,hospital,location_postcode,0.7
zealand university hospital dept of haematology,Zealand University Hospital,NA,NA,hospital,location_postcode,0.7
zealand university hospital dept of haematology,Zealand University Hospital,NA,NA,hospital,location_postcode,0.7
zealand university hospital dept of haematology,Zealand University Hospital,NA,NA,hospital,location_postcode,0.7
zealand university hospital dept of haematology,Zealand University Hospital,NA,NA,hospital,location_postcode,0.7
zealand university hospital erland pedersen,Zealand University Hospital,NA,NA,hospital,location_postcode,0.7
zealand university hospital erland pedersen,Zealand University Hospital,NA,NA,hospital,location_postcode,0.7
zealand university hospital erland pedersen,Zealand University Hospital,NA,NA,hospital,location_postcode,0.7
zogenix international inc,Zogenix International,NA,NA,unknown,location_postcode,0.7
zogenix international ltd,Zogenix International,NA,NA,unknown,location_postcode,0.7
zymeworks bc inc,Zymeworks,NA,NA,NA,location_postcode,0.7
zymeworks bc inc,Zymeworks,NA,NA,NA,location_postcode,0.7
ivascular s l,iVascular,NA,NA,unknown,location_postcode,0.7
