alias_clean,sponsor_clean,sponsor_parent,sponsor_group,sponsor_type,source,confidence_prior,alias_type
1 frauenklinik der lmu- innenstadt,Klinikum Der Universitat Munchen AöR,Klinikum Der Universitat Munchen AöR,Klinikum Der Universitat Munchen AöR,hospital,llm_curated,1,NA
35pharma,35Pharma,NA,NA,unknown,self_alias,0.94,self
3m health care,3M Health Care,NA,NA,unknown,self_alias,0.94,self
4 wojskowy szpital kliniczny z poliklinika,4 Wojskowy Szpital Kliniczny Z Polikliniką,NA,NA,unknown,self_alias,0.94,self
480 biomedical,480 Biomedical,NA,NA,unknown,self_alias,0.94,self
4d molecular therapeutics,4D Molecular Therapeutics,NA,NA,unknown,self_alias,0.94,self
4living biotech,4Living Biotech,NA,NA,unknown,self_alias,0.94,self
4teen4 pharmaceuticals,4TEEN4 Pharmaceuticals,NA,NA,unknown,self_alias,0.94,self
7tm pharma,7TM Pharma,NA,NA,unknown,self_alias,0.94,self
858 therapeutics,858 Therapeutics,NA,NA,unknown,self_alias,0.94,self
89bio,89bio,NA,NA,unknown,self_alias,0.94,self
a c o m advanced center oncology macerata,A.C.O.M. Advanced Center Oncology Macerata,NA,NA,unknown,self_alias,0.94,self
a c r a f,A.C.R.A.F.,NA,NA,unknown,self_alias,0.94,self
a carlsson research,A. Carlsson Research,NA,NA,unknown,self_alias,0.94,self
a menarini farmaceutica internazionale,A. Menarini Farmaceutica Internazionale,NA,NA,unknown,self_alias,0.94,self
a o ospedale di circolo e fondazione macchi,Azienda Ospedaliera Fondazione Macchi A.O. di Rilievo Nazionale,NA,NA,hospital,llm_curated,1,NA
a p pharma,A.P. Pharma,NA,NA,unknown,self_alias,0.94,self
a vogel,A.Vogel,NA,NA,unknown,self_alias,0.94,self
aalborg university hospital department of orthopedics,Aalborg University Hospital,NA,NA,hospital,llm_curated,1,NA
aalborg university hospital dept of rheumatology,Aalborg University Hospital,NA,NA,hospital,llm_curated,1,NA
aarhus universitet,Aarhus University,Aarhus University,Aarhus University,academic,llm_curated,1,NA
aarhus universitetshospital,Aarhus University Hospital,Aarhus University Hospital,Aarhus University Hospital,hospital,llm_curated,1,NA
aarhus university,Aarhus University,Aarhus University,Aarhus University,academic,llm_curated,1,NA
aarhus university hospital,Aarhus University Hospital,Aarhus University Hospital,Aarhus University Hospital,hospital,llm_curated,1,NA
aarhus unversity hospital,Aarhus University Hospital,NA,NA,hospital,llm_curated,1,NA
aastrom biosciences,Aastrom Biosciences,NA,NA,unknown,self_alias,0.94,self
aavantgarde bio,Aavantgarde Bio,NA,NA,unknown,self_alias,0.94,self
ab analitica,Ab Analitica,NA,NA,unknown,self_alias,0.94,self
ab2 bio,AB2 Bio,NA,NA,unknown,self_alias,0.94,self
abbisko therapeutics co,Abbisko Therapeutics Co.,NA,NA,unknown,self_alias,0.94,self
abbott,Abbott,Abbott,Abbott,industry,llm_curated,1,NA
abbott gmbh,Abbott,Abbott,Abbott,industry,llm_curated,1,NA
abbott gmbh and co kg,Abbott,Abbott,Abbott,industry,llm_curated,1,NA
abbvie,AbbVie,AbbVie,AbbVie,industry,llm_curated,1,NA
abbvie inc,AbbVie,AbbVie,AbbVie,industry,llm_curated,1,NA
abcentra,Abcentra,NA,NA,unknown,self_alias,0.94,self
abcsg gmbh / alliance foundation trials,ABCSG GmbH / Alliance Foundation Trials,NA,NA,foundation,self_alias,0.94,self
abcuro,Abcuro,NA,NA,unknown,self_alias,0.94,self
abeona therapeutics,Abeona Therapeutics,NA,NA,unknown,self_alias,0.94,self
abide therapeutics,Abide Therapeutics,NA,NA,unknown,self_alias,0.94,self
ability pharmaceuticals,Ability Pharmaceuticals,NA,NA,unknown,self_alias,0.94,self
ablative solutions,Ablative Solutions,NA,NA,unknown,self_alias,0.94,self
abliva,Abliva,NA,NA,unknown,self_alias,0.94,self
abnoba,Abnoba,NA,NA,unknown,self_alias,0.94,self
abraxis bioscience,Abraxis BioScience,NA,NA,unknown,self_alias,0.94,self
abteilung fr hals- nasen- und ohrenkrankheiten muw akh wien,Medical University Of Vienna,NA,NA,unknown,llm_curated,1,NA
"abteilung fr pulmologie, landesklinikum thermenregion hochegg",Landesklinikum Thermenregion Hochegg,NA,NA,unknown,llm_curated,1,NA
abteilung fur hals- nasen- ohrenkrankheiten muw akh wien,Medical University Of Vienna,NA,NA,hospital,llm_curated,1,NA
abteilung fur neurologie der medizinischen universitat innsbruck,Medical University Of Innsbruck,NA,NA,hospital,llm_curated,1,NA
abteilung klinische chemie ukl freiburg,Universitätsklinikum Freiburg,NA,NA,unknown,llm_curated,1,NA
abx advanced biochemical compounds - biomedizinische forschungsreagenzien,ABX Advanced Biochemical Compounds - Biomedizinische Forschungsreagenzien,NA,NA,unknown,self_alias,0.94,self
ac immune,AC Immune,NA,NA,NA,self_alias,0.94,self
ac immune sa,AC Immune,NA,NA,NA,ctis_businesskey,0.95,NA
acacia pharma,Acacia Pharma,NA,NA,unknown,self_alias,0.94,self
academic hospital maastricht azm,Maastricht University Medical Center,NA,NA,hospital,llm_curated,1,NA
academic medical center,Amsterdam UMC,Amsterdam UMC,Amsterdam UMC,hospital,llm_curated,1,NA
academic medical center amsterdam,Amsterdam UMC,Amsterdam UMC,Amsterdam UMC,hospital,llm_curated,1,NA
academic medical centre,Amsterdam UMC,Amsterdam UMC,Amsterdam UMC,hospital,llm_curated,1,NA
academic medical centre amc,Amsterdam UMC,Amsterdam UMC,Amsterdam UMC,hospital,llm_curated,1,NA
academical medical center department of dermatology,Amsterdam UMC,NA,NA,unknown,llm_curated,1,NA
academical medical centre dep of internal medicine,Amsterdam UMC,NA,NA,hospital,llm_curated,1,NA
academical medical centre department of internal,Amsterdam UMC,NA,NA,hospital,llm_curated,1,NA
academisch medisch centrum,Amsterdam UMC,Amsterdam UMC,Amsterdam UMC,hospital,llm_curated,1,NA
acadia pharmaceuticals,ACADIA Pharmaceuticals,NA,NA,unknown,self_alias,0.94,self
acceleron pharma,Acceleron Pharma,NA,NA,unknown,self_alias,0.94,self
access pharmaceuticals,ACCESS Pharmaceuticals,NA,NA,unknown,self_alias,0.94,self
accession therapeutics,Accession Therapeutics,NA,NA,unknown,self_alias,0.94,self
accord / nhs lothian r and d,ACCORD / NHS Lothian R&D,NA,NA,hospital,self_alias,0.94,self
accord academic and clinical central office for research and development,ACCORD Academic and Clinical Central Office for Research & Development,NA,NA,unknown,self_alias,0.94,self
accord healthcare,Accord Healthcare,NA,NA,unknown,self_alias,0.94,self
acelyrin,Acelyrin,NA,NA,unknown,self_alias,0.94,self
acerta pharma,Acerta Pharma,NA,NA,unknown,self_alias,0.94,self
acerus biopharma,Acerus Biopharma,NA,NA,unknown,self_alias,0.94,self
acesion pharma,Acesion Pharma,NA,NA,unknown,self_alias,0.94,self
achaogen,Achaogen,NA,NA,unknown,self_alias,0.94,self
achieve life sciences,Achieve Life Sciences,NA,NA,unknown,self_alias,0.94,self
achilles therapeutics uk,Achilles Therapeutics UK,NA,NA,unknown,self_alias,0.94,self
achillion pharmaceuticals,Achillion Pharmaceuticals,NA,NA,unknown,self_alias,0.94,self
acino supply,Acino Supply,NA,NA,unknown,self_alias,0.94,self
aclaris therapeutics,Aclaris Therapeutics,NA,NA,unknown,self_alias,0.94,self
aco hud nordic,Aco Hud Nordic,NA,NA,NA,self_alias,0.94,self
aco hud nordic ab,Aco Hud Nordic,NA,NA,NA,ctis_businesskey,0.95,NA
acorn research,Acorn Research,NA,NA,unknown,self_alias,0.94,self
acousia therapeutics,Acousia Therapeutics,NA,NA,unknown,self_alias,0.94,self
acrivon therapeutics,Acrivon Therapeutics,NA,NA,unknown,self_alias,0.94,self
acrotech biopharma,Acrotech Biopharma,NA,NA,unknown,self_alias,0.94,self
acrux pharma pty,Acrux Pharma Pty,NA,NA,unknown,self_alias,0.94,self
act biotech,Act Biotech,NA,NA,unknown,self_alias,0.94,self
actavis deutschland,Actavis Deutschland,NA,NA,unknown,self_alias,0.94,self
actavis hungary,Actavis Hungary,NA,NA,unknown,self_alias,0.94,self
actelion,Actelion Pharmaceuticals,Actelion Pharmaceuticals,Actelion Pharmaceuticals,industry,llm_curated,0.9,NA
actelion pharmaceuticals,Actelion Pharmaceuticals,Actelion Pharmaceuticals,Actelion Pharmaceuticals,industry,llm_curated,1,NA
actelion pharmaceuticals ltd,Actelion Pharmaceuticals,Actelion Pharmaceuticals,Actelion Pharmaceuticals,industry,llm_curated,1,NA
action pharma,Action Pharma,NA,NA,unknown,self_alias,0.94,self
actitrexx,ActiTrexx,NA,NA,unknown,self_alias,0.94,self
activaero,Activaero,NA,NA,unknown,self_alias,0.94,self
activartis biotech,Activartis Biotech,NA,NA,unknown,self_alias,0.94,self
active biotech,Active Biotech,NA,NA,unknown,self_alias,0.94,self
activus pharma co,Activus Pharma Co.,NA,NA,unknown,self_alias,0.94,self
activx biosciences,ActivX Biosciences,NA,NA,unknown,self_alias,0.94,self
actogenix,ActoGeniX,NA,NA,unknown,self_alias,0.94,self
actrevo,actrevo,NA,NA,unknown,self_alias,0.94,self
actuate therapeutics,Actuate Therapeutics,NA,NA,unknown,self_alias,0.94,self
acucela,Acucela,NA,NA,unknown,self_alias,0.94,self
acucort,AcuCort,NA,NA,unknown,self_alias,0.94,self
acuity pharmaceuticals,Acuity Pharmaceuticals,NA,NA,unknown,self_alias,0.94,self
acumen pharmaceuticals,Acumen Pharmaceuticals,NA,NA,unknown,self_alias,0.94,self
acusphere,Acusphere,NA,NA,unknown,self_alias,0.94,self
adagio therapeutics,Adagio Therapeutics,NA,NA,unknown,self_alias,0.94,self
adamas pharmaceuticals,Adamas Pharmaceuticals,NA,NA,unknown,self_alias,0.94,self
adamed pharma,Adamed Pharma,NA,NA,unknown,self_alias,0.94,self
adaptimmune,Adaptimmune,NA,NA,unknown,self_alias,0.94,self
adare pharmaceuticals,Adare Pharmaceuticals,NA,NA,unknown,self_alias,0.94,self
adarx pharmaceuticals,Adarx Pharmaceuticals,NA,NA,unknown,self_alias,0.94,self
adc therapeutics,ADC Therapeutics,NA,NA,NA,self_alias,0.94,self
adc therapeutics sa,ADC Therapeutics,NA,NA,NA,ctis_businesskey,0.95,NA
adcendo,ADCendo,NA,NA,unknown,self_alias,0.94,self
addex pharma,Addex Pharma,NA,NA,unknown,self_alias,0.94,self
addex pharmaceuticals,Addex Pharmaceuticals,NA,NA,unknown,self_alias,0.94,self
adelaide and meath hospital,Adelaide and Meath Hospital,NA,NA,hospital,self_alias,0.94,self
adenobio,ADENOBIO,NA,NA,unknown,self_alias,0.94,self
adenovir pharma,Adenovir Pharma,NA,NA,unknown,self_alias,0.94,self
adeptio pharmaceuticals,Adeptio Pharmaceuticals,NA,NA,unknown,self_alias,0.94,self
adial pharmaceuticals,Adial Pharmaceuticals,NA,NA,unknown,self_alias,0.94,self
adimmune,Adimmune,NA,NA,unknown,self_alias,0.94,self
adiposs,Adiposs,NA,NA,unknown,self_alias,0.94,self
adjutec pharma,Adjutec Pharma,NA,NA,unknown,self_alias,0.94,self
adlai nortye,Adlai Nortye,NA,NA,unknown,self_alias,0.94,self
adrenomed,Adrenomed,NA,NA,unknown,self_alias,0.94,self
advancecor,advanceCOR,NA,NA,unknown,self_alias,0.94,self
advanced biohealing,Advanced BioHealing,NA,NA,unknown,self_alias,0.94,self
advancell advanced in vitro cell technologies,Advancell Advanced In Vitro Cell Technologies,NA,NA,unknown,self_alias,0.94,self
advantage therapeutics,ADvantage Therapeutics,NA,NA,unknown,self_alias,0.94,self
advaxis,Advaxis,NA,NA,unknown,self_alias,0.94,self
advenchen laboratories,Advenchen Laboratories,NA,NA,unknown,self_alias,0.94,self
advenchen pharmaceuticals,Advenchen Pharmaceuticals,NA,NA,unknown,self_alias,0.94,self
adventrx pharmaceuticals,ADVENTRX Pharmaceuticals,NA,NA,unknown,self_alias,0.94,self
adverum biotechnologies,Adverum Biotechnologies,NA,NA,unknown,self_alias,0.94,self
aegera therapeutics,Aegera Therapeutics,NA,NA,unknown,self_alias,0.94,self
aeglea biotherapeutics,Aeglea Biotherapeutics,NA,NA,unknown,self_alias,0.94,self
aer therapeutics,Aer Therapeutics,NA,NA,unknown,self_alias,0.94,self
aerie pharmaceuticals ireland,Aerie Pharmaceuticals Ireland,NA,NA,unknown,self_alias,0.94,self
aerogen,Aerogen,NA,NA,unknown,self_alias,0.94,self
aerovance,Aerovance,NA,NA,unknown,self_alias,0.94,self
aerovate therapeutics,Aerovate Therapeutics,NA,NA,unknown,self_alias,0.94,self
aesca pharma,AESCA Pharma,NA,NA,industry,self_alias,0.94,self
aesca pharma gesmbh,AESCA Pharma,NA,NA,industry,llm_curated,1,NA
aesculap,Aesculap,NA,NA,unknown,self_alias,0.94,self
aesculapius farmaceutici,Aesculapius Farmaceutici,NA,NA,unknown,self_alias,0.94,self
aeterna zentaris,AEterna Zentaris,NA,NA,unknown,self_alias,0.94,self
afdeling klinische neuropsychologie vrije universiteit amsterdam,Vrije Universiteit Amsterdam,NA,NA,unknown,llm_curated,1,NA
affectis pharmaceuticals,Affectis Pharmaceuticals,NA,NA,unknown,self_alias,0.94,self
afferent pharmaceuticals,Afferent Pharmaceuticals,NA,NA,unknown,self_alias,0.94,self
affibody,Affibody,NA,NA,unknown,self_alias,0.94,self
affimed,Affimed,NA,NA,unknown,self_alias,0.94,self
affiris,AFFiRiS,NA,NA,unknown,self_alias,0.94,self
affymax,Affymax,NA,NA,unknown,self_alias,0.94,self
aft pharmaceuticals,AFT Pharmaceuticals,NA,NA,unknown,self_alias,0.94,self
afyx therapeutics,Afyx Therapeutics,NA,NA,unknown,self_alias,0.94,self
agalimmune,Agalimmune,NA,NA,unknown,self_alias,0.94,self
agennix,Agennix,NA,NA,unknown,self_alias,0.94,self
agensys,Agensys,NA,NA,unknown,self_alias,0.94,self
agenus,Agenus,NA,NA,unknown,self_alias,0.94,self
agi therapeutics,AGI Therapeutics,NA,NA,unknown,self_alias,0.94,self
agiana pharmaceuticals,Agiana Pharmaceuticals,NA,NA,unknown,self_alias,0.94,self
agios pharmaceuticals,Agios Pharmaceuticals,NA,NA,unknown,self_alias,0.94,self
agis industries 1983,Agis Industries 1983,NA,NA,unknown,self_alias,0.94,self
agmt  arbeitsgemeinschaft medikamentse tumortherapie gemeinntzige,AGMT,NA,NA,cooperative_group,llm_curated,1,NA
agmt: arbeitsgemeinschaft medikamentse tumortherapie,AGMT,NA,NA,cooperative_group,llm_curated,1,NA
ago research,AGO Research,NA,NA,unknown,self_alias,0.94,self
agomab spain,Agomab Spain,NA,NA,NA,self_alias,0.94,self
agomab spain s l,Agomab Spain,NA,NA,NA,ctis_businesskey,0.95,NA
aicuris anti-infective cures,AiCuris Anti-infective Cures,NA,NA,unknown,self_alias,0.94,self
aigo - associazione italiana gastroenterologi ed endoscopisti digestivi,AIGO - Associazione Italiana Gastroenterologi ed Endoscopisti Digestivi,NA,NA,unknown,self_alias,0.94,self
ail - associazione italiana contro le leucemie linfomi e mielomi,"AIL - Associazione Italiana contro le Leucemie, Linfomi e Mielomi",NA,NA,unknown,self_alias,0.94,self
aileron therapeutics,Aileron Therapeutics,NA,NA,unknown,self_alias,0.94,self
aim immunotech,Aim Immunotech,NA,NA,unknown,self_alias,0.94,self
aimmune therapeutics inc,Aimmune Therapeutics,NA,NA,industry,llm_curated,1,NA
aio studien ggmbh,AIO-Studien-gGmbH,NA,NA,NA,llm_curated,1,NA
aio-studien-ggmbh,AIO-Studien-gGmbH,NA,NA,NA,ctis_businesskey,0.95,NA
aires pharmaceuticals,Aires Pharmaceuticals,NA,NA,unknown,self_alias,0.94,self
airna,Airna,NA,NA,unknown,self_alias,0.94,self
airway therapeutics,Airway Therapeutics,NA,NA,unknown,self_alias,0.94,self
aisar - associazione italiana per lo studio degli antimicrobici e delle resistenze,AISAR - Associazione Italiana per lo Studio degli Antimicrobici e delle Resistenze,NA,NA,unknown,self_alias,0.94,self
aissm,AISSM,NA,NA,unknown,self_alias,0.94,self
ajax therapeutics,Ajax Therapeutics,NA,NA,unknown,self_alias,0.94,self
akamis bio,Akamis Bio,NA,NA,unknown,self_alias,0.94,self
akari therapeutics,Akari Therapeutics,NA,NA,unknown,self_alias,0.94,self
akaza bioscience,Akaza Bioscience,NA,NA,unknown,self_alias,0.94,self
akcea therapeutics,Akcea Therapeutics,NA,NA,unknown,self_alias,0.94,self
akebia therapeutics,Akebia Therapeutics,NA,NA,unknown,self_alias,0.94,self
akela pharma,Akela Pharma,NA,NA,unknown,self_alias,0.94,self
aker biomarine antarctic,Aker BioMarine Antarctic,NA,NA,unknown,self_alias,0.94,self
akero therapeutics,Akero Therapeutics,NA,NA,unknown,self_alias,0.94,self
akinion pharmaceuticals,Akinion Pharmaceuticals,NA,NA,unknown,self_alias,0.94,self
akl research and development,AKL Research and Development,NA,NA,unknown,self_alias,0.94,self
akouos,Akouos,NA,NA,unknown,self_alias,0.94,self
akron molecules,Akron Molecules,NA,NA,unknown,self_alias,0.94,self
akros pharma,Akros Pharma,NA,NA,unknown,self_alias,0.94,self
akston biosciences,Akston Biosciences,NA,NA,unknown,self_alias,0.94,self
al-s pharma,AL-S Pharma,NA,NA,unknown,self_alias,0.94,self
albimmune,ALBIMMUNE,NA,NA,unknown,self_alias,0.94,self
albireo,Albireo,NA,NA,unknown,self_alias,0.94,self
alcedis,Alcedis,NA,NA,unknown,self_alias,0.94,self
alchemia oncology pty,Alchemia Oncology Pty,NA,NA,unknown,self_alias,0.94,self
aldagen,Aldagen,NA,NA,unknown,self_alias,0.94,self
alder biopharmaceuticals,Alder BioPharmaceuticals,NA,NA,unknown,self_alias,0.94,self
alder hey children's foundation nhs trust,Alder Hey Children's Foundation NHS Trust,NA,NA,hospital,self_alias,0.94,self
alector,Alector,NA,NA,unknown,self_alias,0.94,self
alejandro rodriguez oviedo,Alejandro Rodriguez Oviedo,NA,NA,hospital,self_alias,0.94,self
alentis therapeutics,Alentis Therapeutics,NA,NA,unknown,self_alias,0.94,self
alesta therapeutics,Alesta Therapeutics,NA,NA,unknown,self_alias,0.94,self
alexion,Alexion,AstraZeneca,AstraZeneca,industry,llm_curated,1,NA
alexion pharmaceuticals,Alexion,AstraZeneca,AstraZeneca,industry,llm_curated,1,NA
alfacell,Alfacell,NA,NA,unknown,self_alias,0.94,self
alfred e tiefenbacher,ALFRED E. TIEFENBACHER,NA,NA,unknown,self_alias,0.94,self
algernon pharmaceuticals,Algernon Pharmaceuticals,NA,NA,unknown,self_alias,0.94,self
algeta,Algeta,NA,NA,unknown,self_alias,0.94,self
algiax pharmaceuticals,Algiax Pharmaceuticals,NA,NA,unknown,self_alias,0.94,self
algipharma,Algipharma,NA,NA,unknown,self_alias,0.94,self
algorx pharmaceuticals,AlgoRx Pharmaceuticals,NA,NA,unknown,self_alias,0.94,self
aligos therapeutics,Aligos Therapeutics,NA,NA,unknown,self_alias,0.94,self
alimentary health,Alimentary Health,NA,NA,unknown,self_alias,0.94,self
alita pharmaceuticals,Alita Pharmaceuticals,NA,NA,unknown,self_alias,0.94,self
alizyme therapeutics,Alizyme Therapeutics,NA,NA,unknown,self_alias,0.94,self
alk abell a/s,ALK-Abello,NA,NA,industry,llm_curated,1,NA
alk abello,ALK-Abello,ALK-Abello,ALK-Abello,industry,llm_curated,1,NA
alk-abell a/s,ALK-Abello,ALK-Abello,ALK-Abello,industry,llm_curated,1,NA
alk-abell arzneimittel gmbh,ALK-Abello,ALK-Abello,ALK-Abello,industry,llm_curated,1,NA
alk-abello,ALK-Abello,ALK-Abello,ALK-Abello,industry,llm_curated,1,NA
alkahest,Alkahest,NA,NA,unknown,self_alias,0.94,self
alkem laboratories,Alkem Laboratories,NA,NA,unknown,self_alias,0.94,self
all children's hospital johns hopkins medicine,"All Children's Hospital, Johns Hopkins Medicine",NA,NA,hospital,self_alias,0.94,self
allakos,Allakos,NA,NA,unknown,self_alias,0.94,self
allena pharmaceuticals,Allena Pharmaceuticals,NA,NA,unknown,self_alias,0.94,self
allergan,Allergan,AbbVie,AbbVie,industry,llm_curated,1,NA
allergan limited,Allergan,AbbVie,AbbVie,industry,llm_curated,1,NA
allergie-centrum-charit,Allergie-Centrum-Charité,NA,NA,hospital,llm_curated,1,NA
allergy therapeutics,Allergy Therapeutics,NA,NA,unknown,self_alias,0.94,self
alliance foundation trials,Alliance Foundation Trials,NA,NA,foundation,self_alias,0.94,self
allievex,Allievex,NA,NA,unknown,self_alias,0.94,self
alligator bioscience,Alligator Bioscience,NA,NA,unknown,self_alias,0.94,self
allogene therapeutics,Allogene Therapeutics,NA,NA,unknown,self_alias,0.94,self
alloksys life sciences,Alloksys Life Sciences,NA,NA,unknown,self_alias,0.94,self
allon therapeutics,Allon Therapeutics,NA,NA,unknown,self_alias,0.94,self
allos therapeutics,Allos Therapeutics,NA,NA,unknown,self_alias,0.94,self
allovir,AlloVir,NA,NA,unknown,self_alias,0.94,self
allrock bio,Allrock Bio,NA,NA,unknown,self_alias,0.94,self
allysta pharmaceuticals,Allysta Pharmaceuticals,NA,NA,unknown,self_alias,0.94,self
almirall prodesfarma,Almirall,Almirall S.A.,Almirall S.A.,industry,llm_curated,1,NA
alnylam pharmaceuticals,Alnylam Pharmaceuticals,NA,NA,unknown,self_alias,0.94,self
alpha bioresearch s l / yaqrit,Alpha Bioresearch S.L. / Yaqrit,NA,NA,unknown,self_alias,0.94,self
alpine immune sciences,Alpine Immune Sciences,NA,NA,unknown,self_alias,0.94,self
altavant sciences,Altavant Sciences,NA,NA,unknown,self_alias,0.94,self
alteon,Alteon,NA,NA,unknown,self_alias,0.94,self
alter farmacia,Alter Farmacia,NA,NA,unknown,self_alias,0.94,self
alterity therapeutics,Alterity Therapeutics,NA,NA,unknown,self_alias,0.94,self
alterome therapeutics,Alterome Therapeutics,NA,NA,unknown,self_alias,0.94,self
althaia xarxa assistencial universitaria de manresa fundacio privada,Althaia Xarxa Assistencial Universitària de Manresa. Fundació Privada.,NA,NA,unknown,self_alias,0.94,self
altheia science,Altheia Science,NA,NA,unknown,self_alias,0.94,self
altimmune,Altimmune,NA,NA,unknown,self_alias,0.94,self
altos biologics,Altos Biologics,NA,NA,unknown,self_alias,0.94,self
altus pharmaceuticals,Altus Pharmaceuticals,NA,NA,unknown,self_alias,0.94,self
alumis,Alumis,NA,NA,unknown,self_alias,0.94,self
alvaro ruibal morell,Álvaro Ruibal Morell,NA,NA,unknown,self_alias,0.94,self
alvine pharmaceuticals,Alvine Pharmaceuticals,NA,NA,unknown,self_alias,0.94,self
alvotech swiss,Alvotech Swiss,NA,NA,unknown,self_alias,0.94,self
alx oncology,Alx Oncology,NA,NA,NA,self_alias,0.94,self
alx oncology inc,Alx Oncology,NA,NA,NA,ctis_businesskey,0.95,NA
alzeca biosciences,Alzeca Biosciences,NA,NA,unknown,self_alias,0.94,self
alzecure pharma,Alzecure Pharma,NA,NA,unknown,self_alias,0.94,self
alzheon,Alzheon,NA,NA,unknown,self_alias,0.94,self
amag pharma usa,AMAG Pharma USA,NA,NA,unknown,self_alias,0.94,self
amag pharmaceuticals,AMAG Pharmaceuticals,NA,NA,unknown,self_alias,0.94,self
amarantus bioscience holdings,Amarantus BioScience Holdings,NA,NA,unknown,self_alias,0.94,self
amarin neuroscience,Amarin Neuroscience,NA,NA,unknown,self_alias,0.94,self
amarin pharma,Amarin Pharma,NA,NA,unknown,self_alias,0.94,self
ambit biosciences,Ambit Biosciences,NA,NA,unknown,self_alias,0.94,self
ambrilia biopharma,Ambrilia Biopharma,NA,NA,unknown,self_alias,0.94,self
ambrx,Ambrx,NA,NA,unknown,self_alias,0.94,self
amc amsterdam,Amsterdam UMC,Amsterdam UMC,Amsterdam UMC,hospital,llm_curated,1,NA
amc medical research,Amsterdam UMC,Amsterdam UMC,Amsterdam UMC,hospital,llm_curated,1,NA
amc medical research bv,Amsterdam UMC,NA,NA,hospital,llm_curated,1,NA
american regent,American Regent,NA,NA,unknown,self_alias,0.94,self
amgen,Amgen,Amgen,Amgen,industry,llm_curated,1,NA
amgen inc,Amgen,Amgen,Amgen,industry,llm_curated,1,NA
ammax bio,AmMax Bio,NA,NA,unknown,self_alias,0.94,self
ammerland-klinik,Ammerland-Klinik,NA,NA,hospital,self_alias,0.94,self
amo pharma,AMO Pharma,NA,NA,unknown,self_alias,0.94,self
amolyt pharma,Amolyt Pharma,NA,NA,unknown,self_alias,0.94,self
amphera,Amphera,NA,NA,unknown,self_alias,0.94,self
amplio pharma,Amplio Pharma,NA,NA,unknown,self_alias,0.94,self
amplyx pharmaceuticals,Amplyx Pharmaceuticals,NA,NA,unknown,self_alias,0.94,self
amryt pharmaceuticals,Amryt Pharmaceuticals,NA,NA,unknown,self_alias,0.94,self
amryt research,Amryt Research,NA,NA,unknown,self_alias,0.94,self
amsterdam amc locatie amc,Amsterdam UMC,NA,NA,hospital,llm_curated,1,NA
amsterdam umc,Amsterdam UMC,Amsterdam UMC,Amsterdam UMC,hospital,llm_curated,1,NA
amsterdam umc - amc,Amsterdam UMC,NA,NA,hospital,llm_curated,1,NA
amsterdam umc-amc,Amsterdam UMC,NA,NA,hospital,llm_curated,1,NA
amsterdam university medical center,Amsterdam UMC,Amsterdam UMC,Amsterdam UMC,hospital,llm_curated,1,NA
amsterdam university medical center - location vu medical center,Amsterdam UMC,Amsterdam UMC,Amsterdam UMC,hospital,llm_curated,1,NA
amsterdam university medical center aumc,Amsterdam UMC,NA,NA,hospital,llm_curated,1,NA
amsterdam university medical center location amc,Amsterdam UMC,NA,NA,hospital,llm_curated,1,NA
amsterdam university medical centers,Amsterdam UMC,Amsterdam UMC,Amsterdam UMC,hospital,llm_curated,1,NA
amsterdam university medical centre,Amsterdam UMC,NA,NA,hospital,llm_curated,1,NA
amw,AMW,NA,NA,unknown,self_alias,0.94,self
amylin pharmaceuticals,Amylin Pharmaceuticals,NA,NA,unknown,self_alias,0.94,self
amylyx pharmaceuticals,Amylyx Pharmaceuticals,NA,NA,unknown,self_alias,0.94,self
amyndas pharmaceuticals,Amyndas Pharmaceuticals,NA,NA,unknown,self_alias,0.94,self
amzell,Amzell,NA,NA,unknown,self_alias,0.94,self
an-institut fr qualittssicherung in der operativen medizin ggmbh,An-Institut für Qualitätssicherung in der operativen Medizin gGmbH,NA,NA,unknown,llm_curated,1,NA
an-institut fur qualitatssicherung in der operativen medizin ggmbh,An-Institut für Qualitätssicherung in der operativen Medizin gGmbH,NA,NA,unknown,self_alias,0.94,self
anacardio,Anacardio,NA,NA,unknown,self_alias,0.94,self
anadys development,Anadys Development,NA,NA,unknown,self_alias,0.94,self
anaesthesia department hvidovre hospital,Hvidovre Hospital,NA,NA,hospital,llm_curated,1,NA
anamar,AnaMar,NA,NA,unknown,self_alias,0.94,self
ananda pharma,Ananda Pharma,NA,NA,unknown,self_alias,0.94,self
anaptysbio,AnaptysBio,NA,NA,unknown,self_alias,0.94,self
anaveon,Anaveon,NA,NA,unknown,self_alias,0.94,self
anavex life sciences,Anavex Life Sciences,NA,NA,unknown,self_alias,0.94,self
andi-ventis,Andi-Ventis,NA,NA,unknown,self_alias,0.94,self
andres iniguez romo,Andrés Íñiguez Romo,NA,NA,unknown,self_alias,0.94,self
andromeda biotec,Andromeda Biotec,NA,NA,unknown,self_alias,0.94,self
anebulo pharmaceuticals,Anebulo Pharmaceuticals,NA,NA,unknown,self_alias,0.94,self
anergis,Anergis,NA,NA,unknown,self_alias,0.94,self
angelini pharma italia aziende chimiche riunite angelini francesc o a c r a f s p a,Angelini Pharma Italia Aziende Chimiche Riunite Angelini Francesc O A.C.R.A.F.,NA,NA,NA,ctis_businesskey,0.95,NA
anges,AnGes,NA,NA,unknown,self_alias,0.94,self
angion biomedica,Angion Biomedica,NA,NA,unknown,self_alias,0.94,self
angitia,Angitia,NA,NA,unknown,self_alias,0.94,self
anheart therapeutics / nuvation bio,Anheart Therapeutics / Nuvation Bio,NA,NA,unknown,self_alias,0.94,self
anika therapeutics,Anika Therapeutics,NA,NA,unknown,self_alias,0.94,self
anji pharma us,Anji Pharma US,NA,NA,unknown,self_alias,0.94,self
ankh life sciences,Ankh Life Sciences,NA,NA,unknown,self_alias,0.94,self
anmco - fondazione italiana lotta malattie cardiovascolari,ANMCO - Fondazione Italiana Lotta Malattie Cardiovascolari,NA,NA,foundation,self_alias,0.94,self
ann merete moller,Ann Merete Möller,NA,NA,unknown,self_alias,0.94,self
annexon,Annexon,NA,NA,unknown,self_alias,0.94,self
annovis bio,Annovis Bio,NA,NA,unknown,self_alias,0.94,self
anocca,Anocca,NA,NA,unknown,self_alias,0.94,self
anormed,AnorMED,NA,NA,unknown,self_alias,0.94,self
anova andrologi sexualmedicin transmedicin karolinska,Karolinska University Hospital,NA,NA,hospital,llm_curated,1,NA
anrs,ANRS,ANRS,ANRS,public_body,llm_curated,1,NA
anstesiologisk intensiv afd v odense universitets hospital,Odense University Hospital,NA,NA,hospital,llm_curated,1,NA
anstesiologisk-intensiv afd v odense universitets hospital,Odense University Hospital,NA,NA,hospital,llm_curated,1,NA
ansun biopharma,Ansun Biopharma,NA,NA,unknown,self_alias,0.94,self
antares pharma,Antares Pharma,NA,NA,unknown,self_alias,0.94,self
antaros medical,Antaros Medical,NA,NA,unknown,self_alias,0.94,self
antev limited / antev nordic,Antev Limited / Antev Nordic,NA,NA,unknown,self_alias,0.94,self
anthera pharmaceuticals,Anthera Pharmaceuticals,NA,NA,unknown,self_alias,0.94,self
antibiotice s a / iasis pharmaceuticals hellas,Antibiotice S.A. / Iasis Pharmaceuticals Hellas,NA,NA,NA,self_alias,0.94,self
antibiotice s a / iasis pharmaceuticals hellas s a,Antibiotice S.A. / Iasis Pharmaceuticals Hellas,NA,NA,NA,ctis_businesskey,0.95,NA
antibiotx,AntibioTx,NA,NA,unknown,self_alias,0.94,self
antigenics,Antigenics,NA,NA,unknown,self_alias,0.94,self
antisense pharma,Antisense Pharma,NA,NA,unknown,self_alias,0.94,self
antisense therapeutics,Antisense Therapeutics,NA,NA,unknown,self_alias,0.94,self
antisoma research,Antisoma Research,NA,NA,unknown,self_alias,0.94,self
antoni van leeuwenhoek,Stichting Het Nederlands Kanker Instituut-Antoni Van Leeuwenhoek Ziekenhuis,NA,NA,hospital,llm_curated,1,NA
antonio perez-martinez,Antonio Pérez-Martínez,NA,NA,unknown,self_alias,0.94,self
antonio robalo nunes,António Robalo Nunes,NA,NA,unknown,self_alias,0.94,self
antonio van leeuwenhoek ziekenhuis,Stichting Het Nederlands Kanker Instituut-Antoni Van Leeuwenhoek Ziekenhuis,NA,NA,hospital,llm_curated,1,NA
antonio zebenzui gimeno garcia,Antonio Zebenzui Gimeno García,NA,NA,unknown,self_alias,0.94,self
antti vaananen,Antti Väänänen,NA,NA,unknown,self_alias,0.94,self
antwerp university hospital,Antwerp University Hospital,NA,NA,NA,ctis_businesskey,0.95,NA
anxiofit,Anxiofit,NA,NA,unknown,self_alias,0.94,self
anz breast cancer trials group,ANZ Breast Cancer Trials Group,NA,NA,unknown,self_alias,0.94,self
aou citta della salute e della scienza di torino,AOU Città della Salute e della Scienza di Torino,NA,NA,hospital,llm_curated,1,NA
aou universita degli studi della campania luigi vanvitelli,AOU Università degli Studi della Campania Luigi Vanvitelli,NA,NA,academic,self_alias,0.94,self
ap-hm,Assistance Publique - Hôpitaux de Marseille,NA,NA,hospital,llm_curated,1,NA
ap-hp,AP-HP,AP-HP,AP-HP,hospital,llm_curated,1,NA
ap-hp/ drci,AP-HP,NA,NA,hospital,llm_curated,1,NA
ap-hp/drci,AP-HP,NA,NA,hospital,llm_curated,1,NA
apatech,ApaTech,NA,NA,unknown,self_alias,0.94,self
apceth,apceth,NA,NA,unknown,self_alias,0.94,self
apcintex,Apcintex,NA,NA,unknown,self_alias,0.94,self
apeiron biologics,APEIRON Biologics,NA,NA,unknown,self_alias,0.94,self
apellis pharmaceutcials,Apellis Pharmaceutcials,NA,NA,unknown,self_alias,0.94,self
apeptico,Apeptico,NA,NA,unknown,self_alias,0.94,self
apex bioscience,Apex Bioscience,NA,NA,unknown,self_alias,0.94,self
apexigen,Apexigen,NA,NA,unknown,self_alias,0.94,self
aphaia pharma,Aphaia Pharma,NA,NA,unknown,self_alias,0.94,self
aphp drci,AP-HP,NA,NA,hospital,llm_curated,1,NA
aplagon,Aplagon,NA,NA,unknown,self_alias,0.94,self
apocare pharma,Apocare Pharma,NA,NA,unknown,self_alias,0.94,self
apogee therapeutics,Apogee Therapeutics,NA,NA,unknown,self_alias,0.94,self
apogenix,Apogenix,NA,NA,unknown,self_alias,0.94,self
apogepha arzneimittel,Apogepha Arzneimittel,NA,NA,unknown,self_alias,0.94,self
apollomics,Apollomics,NA,NA,unknown,self_alias,0.94,self
aposcience,Aposcience,NA,NA,unknown,self_alias,0.94,self
apotex,Apotex,NA,NA,industry,self_alias,0.94,self
apotex inc.,Apotex,NA,NA,industry,llm_curated,1,NA
apoxis,Apoxis,NA,NA,unknown,self_alias,0.94,self
applied genetic technologies,Applied Genetic Technologies,NA,NA,unknown,self_alias,0.94,self
applied molecular transport,Applied Molecular Transport,NA,NA,unknown,self_alias,0.94,self
applied research using omic sciences,Applied Research Using Omic Sciences,NA,NA,unknown,self_alias,0.94,self
applied therapeutics,Applied Therapeutics,NA,NA,unknown,self_alias,0.94,self
aprea therapeutics,Aprea Therapeutics,NA,NA,unknown,self_alias,0.94,self
aprogen,Aprogen,NA,NA,unknown,self_alias,0.94,self
aptabio therapeutics,Aptabio Therapeutics,NA,NA,unknown,self_alias,0.94,self
aptalis pharma canada,Aptalis Pharma Canada,NA,NA,unknown,self_alias,0.94,self
aptalis pharma us,Aptalis Pharma US,NA,NA,unknown,self_alias,0.94,self
aptarion biotech,Aptarion Biotech,NA,NA,unknown,self_alias,0.94,self
aptatargets,Aptatargets,NA,NA,unknown,self_alias,0.94,self
aptose biosciences,Aptose Biosciences,NA,NA,unknown,self_alias,0.94,self
apurano pharmaceuticals,Apurano Pharmaceuticals,NA,NA,unknown,self_alias,0.94,self
araclon biotech,Araclon Biotech,NA,NA,unknown,self_alias,0.94,self
aradigm,Aradigm,NA,NA,unknown,self_alias,0.94,self
arafarma group,Arafarma Group,NA,NA,unknown,self_alias,0.94,self
arakis,Arakis,NA,NA,unknown,self_alias,0.94,self
arana therapeutics,Arana Therapeutics,NA,NA,unknown,self_alias,0.94,self
aranzazu vazquez doce,Aranzazu Vázquez Doce,NA,NA,unknown,self_alias,0.94,self
aravive,Aravive,NA,NA,unknown,self_alias,0.94,self
arbeitsgemeinschaft medikamentose tumortherapie ggmbh,Arbeitsgemeinschaft Medikamentöse Tumortherapie gGmbH,NA,NA,unknown,self_alias,0.94,self
arbor biotechnologies,Arbor Biotechnologies,NA,NA,unknown,self_alias,0.94,self
arbor pharmaceuticals,Arbor Pharmaceuticals,NA,NA,unknown,self_alias,0.94,self
arbutus biopharma,Arbutus Biopharma,NA,NA,unknown,self_alias,0.94,self
arca biopharma,ARCA biopharma,NA,NA,unknown,self_alias,0.94,self
arcagy,Arcagy Gineco,NA,NA,NA,llm_curated,1,NA
arcagy gineco,Arcagy Gineco,NA,NA,NA,ctis_businesskey,0.95,NA
arcagy-ginco,Arcagy Gineco,NA,NA,cooperative_group,llm_curated,1,NA
arcagy-gineco,Arcagy Gineco,NA,NA,NA,llm_curated,1,NA
archemix,Archemix,NA,NA,unknown,self_alias,0.94,self
archigen biotech,Archigen Biotech,NA,NA,unknown,self_alias,0.94,self
archimedes development,Archimedes Development,NA,NA,unknown,self_alias,0.94,self
archivel farma,Archivel Farma,NA,NA,industry,self_alias,0.94,self
archivel farma s.l.,Archivel Farma,NA,NA,industry,llm_curated,1,NA
archivel farma sl,Archivel Farma,NA,NA,industry,llm_curated,1,NA
arctic bioscience,Arctic Bioscience,NA,NA,unknown,self_alias,0.94,self
arctic therapeutics hf,Arctic Therapeutics hf.,NA,NA,NA,ctis_businesskey,0.95,NA
arcturus therapeutics europe,Arcturus Therapeutics Europe,NA,NA,unknown,self_alias,0.94,self
arcus biosciences,Arcus Biosciences,NA,NA,unknown,self_alias,0.94,self
arcutis biotherapeutics,Arcutis Biotherapeutics,NA,NA,unknown,self_alias,0.94,self
ardana,Ardana,NA,NA,unknown,self_alias,0.94,self
ardea biosciences,Ardea Biosciences,NA,NA,unknown,self_alias,0.94,self
ardelyx,Ardelyx,NA,NA,unknown,self_alias,0.94,self
ardeypharm,Ardeypharm,NA,NA,unknown,self_alias,0.94,self
area de atencion integrada de albacete,Área de Atención Integrada de Albacete,NA,NA,unknown,self_alias,0.94,self
arena pharmaceuticals,Arena Pharmaceuticals,NA,NA,unknown,self_alias,0.94,self
aresus pharma,Aresus Pharma,NA,NA,unknown,self_alias,0.94,self
areteia therapeutics,Areteia Therapeutics,NA,NA,unknown,self_alias,0.94,self
argenta discovery,Argenta Discovery,NA,NA,unknown,self_alias,0.94,self
argenx bvba,argenx,argenx BV,argenx BV,industry,llm_curated,1,NA
arginox pharmaceuticals,Arginox Pharmaceuticals,NA,NA,unknown,self_alias,0.94,self
argos therapeutics,Argos Therapeutics,NA,NA,unknown,self_alias,0.94,self
ariad pharmaceuticals,ARIAD Pharmaceuticals,NA,NA,unknown,self_alias,0.94,self
aribio co,Aribio Co.,NA,NA,unknown,self_alias,0.94,self
ariceum therapeutics,Ariceum Therapeutics,NA,NA,unknown,self_alias,0.94,self
aridis pharmaceuticals,Aridis Pharmaceuticals,NA,NA,unknown,self_alias,0.94,self
aristea therapeutics,Aristea Therapeutics,NA,NA,unknown,self_alias,0.94,self
ariston pharmaceuticals,Ariston Pharmaceuticals,NA,NA,unknown,self_alias,0.94,self
ark biosciences,Ark Biosciences,NA,NA,unknown,self_alias,0.94,self
armgo pharma,Armgo Pharma,NA,NA,NA,self_alias,0.94,self
armgo pharma inc,Armgo Pharma,NA,NA,NA,ctis_businesskey,0.95,NA
armr sciences,ARMR Sciences,NA,NA,unknown,self_alias,0.94,self
arno therapeutics,Arno Therapeutics,NA,NA,unknown,self_alias,0.94,self
arog pharmaceuticals,Arog Pharmaceuticals,NA,NA,unknown,self_alias,0.94,self
arpida,Arpida,NA,NA,unknown,self_alias,0.94,self
arqule,ArQule,NA,NA,unknown,self_alias,0.94,self
arrivent biopharma,Arrivent Biopharma,NA,NA,unknown,self_alias,0.94,self
arrow therapeutics,Arrow Therapeutics,NA,NA,unknown,self_alias,0.94,self
arrowhead research,Arrowhead Research,NA,NA,unknown,self_alias,0.94,self
ars pharmaceuticals irl,Ars Pharmaceuticals IRL,NA,NA,unknown,self_alias,0.94,self
arsanis,Arsanis,NA,NA,unknown,self_alias,0.94,self
artelo biosciences,Artelo Biosciences,NA,NA,unknown,self_alias,0.94,self
arthex biotech,Arthex Biotech,NA,NA,unknown,self_alias,0.94,self
artios pharma,Artios Pharma,NA,NA,unknown,self_alias,0.94,self
artisan pharma,Artisan Pharma,NA,NA,unknown,self_alias,0.94,self
artiva biotherapeutics,Artiva Biotherapeutics,NA,NA,unknown,self_alias,0.94,self
artu biologicals europe,Artu Biologicals Europe,NA,NA,unknown,self_alias,0.94,self
arvinas operations,Arvinas Operations,NA,NA,unknown,self_alias,0.94,self
asac pharmaceutical inmunology s a / advanced outcomes research,Asac Pharmaceutical Inmunology S.A. / Advanced Outcomes Research,NA,NA,unknown,self_alias,0.94,self
asahi kasei pharma america,Asahi Kasei Pharma America,NA,NA,unknown,self_alias,0.94,self
asbjorn mohr drewes,Asbjørn Mohr Drewes,NA,NA,unknown,self_alias,0.94,self
ascelia pharma,Ascelia Pharma,NA,NA,unknown,self_alias,0.94,self
ascendis pharma bone disease,Ascendis Pharma Bone Disease,NA,NA,unknown,self_alias,0.94,self
ascendis pharma endocrinology division,Ascendis Pharma Endocrinology Division,NA,NA,unknown,self_alias,0.94,self
ascendis pharma growth disorders,Ascendis Pharma Growth Disorders,NA,NA,unknown,self_alias,0.94,self
asceneuron,Asceneuron,NA,NA,unknown,self_alias,0.94,self
ascentage pharma group,Ascentage Pharma Group,NA,NA,unknown,self_alias,0.94,self
asherman therapy,Asherman Therapy,NA,NA,unknown,self_alias,0.94,self
asieris meditech co,Asieris MediTech Co.,NA,NA,unknown,self_alias,0.94,self
asih stockholm sodra langbro park,"ASIH Stockholm Södra, Långbro Park",NA,NA,unknown,self_alias,0.94,self
asit biotech,ASIT biotech,NA,NA,unknown,self_alias,0.94,self
aska pharmaceutical co,ASKA Pharmaceutical Co.,NA,NA,unknown,self_alias,0.94,self
askbio,Askbio,NA,NA,industry,self_alias,0.94,self
asklepion pharmaceuticals,Asklepion Pharmaceuticals,NA,NA,unknown,self_alias,0.94,self
asklepios fachkliniken munchen gauting,Asklepios Fachkliniken München Gauting,NA,NA,unknown,self_alias,0.94,self
asl 1 avezzano-sulmona-l'aquila,ASL 1 Avezzano-Sulmona-L'Aquila,NA,NA,unknown,self_alias,0.94,self
asl 8 arezzo,ASL 8 Arezzo,NA,NA,unknown,self_alias,0.94,self
asociacion dr peset para el estudio de la hematologia adopeh,Asociación Dr. Peset para el Estudio de la Hematología ADOPEH,NA,NA,unknown,self_alias,0.94,self
asociacion hht espana,Asociación HHT España,NA,NA,unknown,self_alias,0.94,self
asociacion instituto biodonostia,Asociación Instituto Biodonostia,NA,NA,unknown,self_alias,0.94,self
asociacion para el estudio de las enfermedades infecciosas,Asociación para el Estudio de las Enfermedades Infecciosas,NA,NA,unknown,self_alias,0.94,self
asociacion para la investigacion de nefrologia infantil,Asociación para la Investigación de Nefrología Infantil,NA,NA,unknown,self_alias,0.94,self
asociacion terapeutica en hematologia y oncologia medicas,Asociación Terapéutica en Hematología y Oncología Médicas,NA,NA,unknown,self_alias,0.94,self
aspen,Aspen,NA,NA,unknown,self_alias,0.94,self
aspiair,Aspiair,NA,NA,unknown,self_alias,0.94,self
aspire pharma,Aspire Pharma,NA,NA,unknown,self_alias,0.94,self
aspreva pharmaceuticals,Aspreva Pharmaceuticals,NA,NA,unknown,self_alias,0.94,self
assistance pubique hopitaux de marseille,Assistance Publique - Hôpitaux de Marseille,NA,NA,hospital,llm_curated,1,NA
assistance publique - hopitaux de marseille,Assistance Publique - Hôpitaux de Marseille,NA,NA,hospital,llm_curated,1,NA
assistance publique - hopitaux de paris,AP-HP,AP-HP,AP-HP,hospital,llm_curated,1,NA
assistance publique - hopitaux de paris ap-hp,AP-HP,AP-HP,AP-HP,hospital,llm_curated,1,NA
assistance publique - hpitaux de paris,AP-HP,AP-HP,AP-HP,hospital,llm_curated,1,NA
assistance publique - hpitaux de paris aphp,AP-HP,NA,NA,hospital,llm_curated,1,NA
assistance publique -hopitaux de paris,AP-HP,NA,NA,hospital,llm_curated,1,NA
assistance publique -hpitaux de paris,AP-HP,NA,NA,hospital,llm_curated,1,NA
assistance publique des hpitaux de paris,AP-HP,NA,NA,hospital,llm_curated,1,NA
assistance publique hopitaux de marseille,Assistance Publique - Hôpitaux de Marseille,NA,NA,hospital,llm_curated,1,NA
assistance publique hopitaux de paris,AP-HP,AP-HP,AP-HP,hospital,llm_curated,1,NA
assistance publique hopitaux de paris / drci,AP-HP,NA,NA,hospital,llm_curated,1,NA
assistance publique hopitaux de paris/ drci,AP-HP,NA,NA,hospital,llm_curated,1,NA
assistance publique hpitaux de marseille,Assistance Publique - Hôpitaux de Marseille,NA,NA,hospital,llm_curated,1,NA
assistance publique hpitaux de paris,AP-HP,NA,NA,hospital,llm_curated,1,NA
assistance publique hpitaux de paris / drci,AP-HP,NA,NA,hospital,llm_curated,1,NA
assistance publique- hpiaux de paris,AP-HP,NA,NA,hospital,llm_curated,1,NA
assistance publique-hopitaux de paris / assistance publique-hopitaux de paris,AP-HP,NA,NA,hospital,llm_curated,1,NA
assistance publique-hopitaux de paris aphp,AP-HP,AP-HP,AP-HP,hospital,llm_curated,1,NA
assitance publique-hopiaux de paris,AP-HP,NA,NA,hospital,llm_curated,1,NA
assitance publique-hpitaux de paris,AP-HP,NA,NA,hospital,llm_curated,1,NA
associacio catalana per a la recerca oncologica i les seves implicacions sanitaries i socials,Associació Catalana per a la Recerca Oncològica i les seves implicacions Sanitàries i Socials,NA,NA,unknown,self_alias,0.94,self
association international extranodal lymphoma study group,Association International Extranodal Lymphoma Study Group,NA,NA,NA,ctis_businesskey,0.95,NA
associazione malattie sangue,Associazione Malattie Sangue,NA,NA,foundation,llm_curated,1,NA
asst dei sette laghi,ASST dei Sette Laghi,NA,NA,unknown,self_alias,0.94,self
asst lecco,ASST Lecco,NA,NA,unknown,self_alias,0.94,self
asst mantova,ASST Mantova,NA,NA,unknown,self_alias,0.94,self
astellas,Astellas Pharma,Astellas Pharma,Astellas Pharma,industry,llm_curated,1,NA
astellas pharma,Astellas Pharma,Astellas Pharma,Astellas Pharma,industry,llm_curated,1,NA
astellas pharma europe bv,Astellas Pharma,Astellas Pharma,Astellas Pharma,industry,llm_curated,1,NA
astex therapeutics,Astex Therapeutics,NA,NA,unknown,self_alias,0.94,self
astion danmark,Astion Danmark,NA,NA,unknown,self_alias,0.94,self
astion pharma,Astion Pharma,NA,NA,unknown,self_alias,0.94,self
astrazeneca,AstraZeneca,AstraZeneca,AstraZeneca,industry,llm_curated,1,NA
astrazeneca ab,AstraZeneca,AstraZeneca,AstraZeneca,industry,llm_curated,1,NA
astrazeneca plc,AstraZeneca,AstraZeneca,AstraZeneca,industry,llm_curated,1,NA
astrazenecaab,AstraZeneca,NA,NA,industry,llm_curated,1,NA
astrazenenca ab,AstraZeneca,AstraZeneca,AstraZeneca,industry,llm_curated,1,NA
astria therapeutics,Astria Therapeutics,NA,NA,unknown,self_alias,0.94,self
asubio pharmaceuticals,Asubio Pharmaceuticals,NA,NA,unknown,self_alias,0.94,self
asur marche,ASUR Marche,NA,NA,unknown,self_alias,0.94,self
atavistik bio,Atavistik Bio,NA,NA,unknown,self_alias,0.94,self
atea pharmaceuticals,Atea Pharmaceuticals,NA,NA,unknown,self_alias,0.94,self
athenex,Athenex,NA,NA,unknown,self_alias,0.94,self
athenstaedt,Athenstaedt,NA,NA,unknown,self_alias,0.94,self
athera biotechnologies,Athera Biotechnologies,NA,NA,unknown,self_alias,0.94,self
atherogenics,AtheroGenics,NA,NA,unknown,self_alias,0.94,self
athersys,Athersys,NA,NA,unknown,self_alias,0.94,self
atlantic pharmaceuticals,Atlantic Pharmaceuticals,NA,NA,unknown,self_alias,0.94,self
atopix therapeutics,Atopix Therapeutics,NA,NA,unknown,self_alias,0.94,self
atossa genetics,Atossa Genetics,NA,NA,unknown,self_alias,0.94,self
atossa therapeutics,Atossa Therapeutics,NA,NA,unknown,self_alias,0.94,self
atrio,ATRIO,NA,NA,unknown,self_alias,0.94,self
atriva therapeutics,Atriva Therapeutics,NA,NA,unknown,self_alias,0.94,self
atrogi,Atrogi,NA,NA,unknown,self_alias,0.94,self
attgeno,Attgeno,NA,NA,unknown,self_alias,0.94,self
atyr pharma,aTyr Pharma,NA,NA,unknown,self_alias,0.94,self
audentes therapeutics,Audentes Therapeutics,NA,NA,unknown,self_alias,0.94,self
audiocure pharma,AudioCure Pharma,NA,NA,unknown,self_alias,0.94,self
audion therapeutics,Audion Therapeutics,NA,NA,unknown,self_alias,0.94,self
aura biosciences,Aura Biosciences,NA,NA,unknown,self_alias,0.94,self
aurealis,Aurealis,NA,NA,unknown,self_alias,0.94,self
auricula biosciences,Auricula Biosciences,NA,NA,unknown,self_alias,0.94,self
aurinia pharmaceuticals,Aurinia Pharmaceuticals,NA,NA,unknown,self_alias,0.94,self
auris medical,Auris Medical,NA,NA,unknown,self_alias,0.94,self
auron therapeutics,Auron Therapeutics,NA,NA,unknown,self_alias,0.94,self
auspex pharmaceuticals,Auspex Pharmaceuticals,NA,NA,unknown,self_alias,0.94,self
autifony therapeutics,Autifony Therapeutics,NA,NA,unknown,self_alias,0.94,self
autoimmune technologies,Autoimmune Technologies,NA,NA,unknown,self_alias,0.94,self
autolus,Autolus,NA,NA,unknown,self_alias,0.94,self
auxilium uk,Auxilium UK,NA,NA,unknown,self_alias,0.94,self
avadel ireland,Avadel Ireland,NA,NA,unknown,self_alias,0.94,self
avalo therapeutics,Avalo Therapeutics,NA,NA,unknown,self_alias,0.94,self
avalyn pharma,Avalyn Pharma,NA,NA,unknown,self_alias,0.94,self
avanir pharmaceuticals,Avanir Pharmaceuticals,NA,NA,unknown,self_alias,0.94,self
avax technologies,AVAX Technologies,NA,NA,unknown,self_alias,0.94,self
avencell europe,AvenCell Europe,NA,NA,unknown,self_alias,0.94,self
avencell therapeutics,Avencell Therapeutics,NA,NA,unknown,self_alias,0.94,self
aventis pharma,Sanofi,Sanofi,Sanofi,industry,llm_curated,1,NA
aventis pharmaceuticals,Aventis Pharmaceuticals,NA,NA,unknown,self_alias,0.94,self
avenzo therapeutics,Avenzo Therapeutics,NA,NA,unknown,self_alias,0.94,self
avera pharmaceuticals,Avera Pharmaceuticals,NA,NA,unknown,self_alias,0.94,self
averitas pharma,Averitas Pharma,NA,NA,unknown,self_alias,0.94,self
avexa,Avexa,NA,NA,unknown,self_alias,0.94,self
avexis,AveXis,NA,NA,unknown,self_alias,0.94,self
avexxin,Avexxin,NA,NA,unknown,self_alias,0.94,self
avi biopharma,AVI BioPharma,NA,NA,unknown,self_alias,0.94,self
aviadobio,Aviadobio,NA,NA,unknown,self_alias,0.94,self
avid radiopharmaceuticals,Avid Radiopharmaceuticals,NA,NA,unknown,self_alias,0.94,self
avidity biosciences,Avidity Biosciences,NA,NA,unknown,self_alias,0.94,self
avigen,Avigen,NA,NA,unknown,self_alias,0.94,self
avir green hills biotechnology research development trade,AVIR Green Hills Biotechnology Research Development Trade,NA,NA,unknown,self_alias,0.94,self
avizorex pharma,Avizorex Pharma,NA,NA,unknown,self_alias,0.94,self
avontec,Avontec,NA,NA,unknown,self_alias,0.94,self
avraham pharmaceuticals,Avraham Pharmaceuticals,NA,NA,unknown,self_alias,0.94,self
axalbion,Axalbion,NA,NA,unknown,self_alias,0.94,self
axcan pharma,Axcan Pharma,NA,NA,industry,self_alias,0.94,self
axcan pharma inc,Axcan Pharma,NA,NA,industry,llm_curated,1,NA
axcella health,Axcella Health,NA,NA,unknown,self_alias,0.94,self
axcentua pharmaceuticals,Axcentua Pharmaceuticals,NA,NA,unknown,self_alias,0.94,self
axelar,Axelar,NA,NA,unknown,self_alias,0.94,self
axonyx,Axonyx,NA,NA,unknown,self_alias,0.94,self
axovant sciences,Axovant Sciences,NA,NA,unknown,self_alias,0.94,self
axsome therapeutics,Axsome Therapeutics,NA,NA,unknown,self_alias,0.94,self
axxonis pharma,Axxonis Pharma,NA,NA,industry,self_alias,0.94,self
ayala pharmaceuticals,Ayala Pharmaceuticals,NA,NA,unknown,self_alias,0.94,self
aytu biopharma,Aytu BioPharma,NA,NA,unknown,self_alias,0.94,self
azad pharma,AZAD Pharma,NA,NA,unknown,self_alias,0.94,self
azafaros,Azafaros,NA,NA,unknown,self_alias,0.94,self
azellon,Azellon,NA,NA,unknown,self_alias,0.94,self
azienda di rilievo nazionale e di alta specializzazione civico - g di cristina - benfratelli,Azienda di Rilievo Nazionale e di Alta Specializzazione Civico - G. Di Cristina - Benfratelli,NA,NA,unknown,self_alias,0.94,self
azienda ospedaliera ao ospedale niguarda ca granda,Ospedale Niguarda Ca' Granda,NA,NA,hospital,llm_curated,1,NA
azienda ospedaliera arcispedale santa maria nuova,Azienda Ospedaliera Arcispedale Santa Maria Nuova,NA,NA,unknown,self_alias,0.94,self
azienda ospedaliera di padova,Azienda Ospedaliera di Padova,NA,NA,NA,ctis_businesskey,0.95,NA
azienda ospedaliera fatebenefratelli e oftalmico,Azienda Ospedaliera Fatebenefratelli e Oftalmico,NA,NA,unknown,self_alias,0.94,self
azienda ospedaliera fondazione macchi a o di rilievo nazionale,Azienda Ospedaliera Fondazione Macchi A.O. di Rilievo Nazionale,NA,NA,hospital,llm_curated,1,NA
azienda ospedaliera g. brotzu,Azienda Ospedaliera G. Brotzu,NA,NA,hospital,llm_curated,1,NA
azienda ospedaliera garibaldi,Azienda Ospedaliera Garibaldi,NA,NA,unknown,self_alias,0.94,self
azienda ospedaliera l. sacco  a o di rilievo nazionale,Azienda Ospedaliera L. Sacco,NA,NA,hospital,llm_curated,1,NA
azienda ospedaliera maggiore della carita,Azienda Ospedaliera Maggiore della Carità,NA,NA,hospital,llm_curated,1,NA
azienda ospedaliera ospedale di circolo,Azienda Ospedaliera Ospedale di Circolo,NA,NA,hospital,self_alias,0.94,self
azienda ospedaliera ospedale niguarda ca' granda,Azienda Ospedaliera Ospedale Niguarda Ca' Granda,NA,NA,hospital,self_alias,0.94,self
azienda ospedaliera papa giovanni xxiii,Azienda Ospedaliera Papa Giovanni XXIII,NA,NA,hospital,llm_curated,1,NA
azienda ospedaliera per l'emergenza cannizzaro,Azienda Ospedaliera per l'Emergenza Cannizzaro,NA,NA,unknown,self_alias,0.94,self
azienda ospedaliera policlinico consorziale,Azienda Ospedaliera Policlinico Consorziale,NA,NA,hospital,self_alias,0.94,self
azienda ospedaliera s. croce e carle,Azienda Ospedaliera S. Croce e Carle,NA,NA,hospital,llm_curated,1,NA
azienda ospedaliera s. filippo neri,Azienda Ospedaliera S. Filippo Neri,NA,NA,hospital,llm_curated,1,NA
azienda ospedaliera s. maria di terni,Azienda Ospedaliera S. Maria di Terni,NA,NA,hospital,llm_curated,1,NA
azienda ospedaliera s. paolo a o di rilievo nazionale,Azienda Ospedaliera S. Paolo A.O. di Rilievo Nazionale,NA,NA,hospital,llm_curated,1,NA
azienda ospedaliera san gerardo di monza,Azienda Ospedaliera San Gerardo di Monza,Azienda Ospedaliera San Gerardo di Monza,Azienda Ospedaliera San Gerardo di Monza,hospital,llm_curated,1,NA
azienda ospedaliera sant'andrea,Azienda Ospedaliera Sant'Andrea,NA,NA,hospital,self_alias,0.94,self
azienda ospedaliera santandrea,Azienda Ospedaliera Sant'Andrea,NA,NA,hospital,llm_curated,1,NA
azienda ospedaliera umberto i,Azienda Ospedaliera Umberto I,NA,NA,hospital,llm_curated,1,NA
azienda ospedaliera universitaria citta della salute e della scienza di torino,AOU Città della Salute e della Scienza di Torino,NA,NA,hospital,llm_curated,1,NA
azienda ospedaliera universitaria integrata di verona,Azienda Ospedaliera Universitaria Integrata di Verona,Azienda Ospedaliera Universitaria Integrata Verona,Azienda Ospedaliera Universitaria Integrata Verona,unknown,self_alias,0.94,self
azienda ospedaliera universitaria integrata verona,Azienda Ospedaliera Universitaria Integrata Verona,Azienda Ospedaliera Universitaria Integrata Verona,Azienda Ospedaliera Universitaria Integrata Verona,hospital,llm_curated,1,NA
azienda ospedaliero universitaria maggiore della carit di novara,Azienda Ospedaliero Universitaria Maggiore della Carità di Novara,NA,NA,hospital,llm_curated,1,NA
azienda ospedaliero universitaria meyer irccs,Azienda Ospedaliero Universitaria Meyer IRCCS,NA,NA,NA,ctis_businesskey,0.95,NA
azienda ospedaliero-universitaria di cagliari,Azienda Ospedaliero-Universitaria di Cagliari,NA,NA,unknown,self_alias,0.94,self
azienda ospedaliero-universitaria meyer,Azienda Ospedaliero Universitaria Meyer IRCCS,NA,NA,NA,llm_curated,1,NA
azienda ospedaliero-universitaria pisana,Azienda Ospedaliero-Universitaria Pisana,NA,NA,hospital,llm_curated,1,NA
azienda sanitaria dell'alto adige - comprensorio sanitario di bolzano,Azienda Sanitaria dell'Alto Adige - Comprensorio Sanitario di Bolzano,NA,NA,unknown,self_alias,0.94,self
azienda ulss n 9 di treviso,Azienda ULSS n. 9 di Treviso,NA,NA,unknown,self_alias,0.94,self
azienda unit sanitaria locale della romagna,Azienda Unità Sanitaria Locale della Romagna,NA,NA,hospital,llm_curated,1,NA
azienda unita sanitaria locale - irccs di reggio emilia,Azienda Unità Sanitaria Locale - IRCCS di Reggio Emilia,NA,NA,unknown,self_alias,0.94,self
azienda unita sanitaria locale lecce,Azienda Unità Sanitaria Locale Lecce,NA,NA,hospital,llm_curated,1,NA
azienda usl 6 livorno zona livornese,Azienda USL 6 Livorno Zona Livornese,NA,NA,hospital,llm_curated,1,NA
azienda usl della valle d'aosta,Azienda USL della Valle d'Aosta,NA,NA,hospital,self_alias,0.94,self
azienda usl della valle daosta,Azienda USL della Valle d'Aosta,NA,NA,hospital,llm_curated,1,NA
azienda usl toscana sud est,Azienda USL Toscana Sud Est,NA,NA,unknown,self_alias,0.94,self
azm,Maastricht University Medical Center,NA,NA,hospital,llm_curated,1,NA
aztherapies,AZTherapies,NA,NA,unknown,self_alias,0.94,self
azur pharma,Azur Pharma,NA,NA,unknown,self_alias,0.94,self
azurrx,AzurRx,NA,NA,unknown,self_alias,0.94,self
b braun medical,B. Braun Medical,NA,NA,unknown,self_alias,0.94,self
b braun melsungen,B. Braun Melsungen,NA,NA,unknown,self_alias,0.94,self
bacoba,Bacoba,NA,NA,unknown,self_alias,0.94,self
baerum sykehus,Bærum Sykehus,NA,NA,unknown,self_alias,0.94,self
balgrist university hospital,Balgrist University Hospital,NA,NA,hospital,self_alias,0.94,self
bama-geve,Bama-Geve,NA,NA,unknown,self_alias,0.94,self
bambusa therapeutics,Bambusa Therapeutics,NA,NA,unknown,self_alias,0.94,self
barrier therapeutics,Barrier Therapeutics,NA,NA,unknown,self_alias,0.94,self
basilea pharmaceutica international,Basilea Pharmaceutica International,NA,NA,unknown,self_alias,0.94,self
bausch and lomb,Bausch & Lomb,NA,NA,unknown,self_alias,0.94,self
bausch and lomb / iom,Bausch & Lomb / IOM,NA,NA,unknown,self_alias,0.94,self
bausch health,Bausch Health,NA,NA,unknown,self_alias,0.94,self
bavarian nordic,Bavarian Nordic,NA,NA,unknown,self_alias,0.94,self
baxalta innovations,Baxalta Innovations,NA,NA,industry,self_alias,0.94,self
baxter,Baxter,Baxter,Baxter,industry,llm_curated,0.9,NA
baxter international inc,Baxter,Baxter,Baxter,industry,llm_curated,1,NA
bay pharma,Bay Pharma,NA,NA,unknown,self_alias,0.94,self
bayer,Bayer,Bayer,Bayer,industry,llm_curated,1,NA
bayer ag,Bayer,Bayer,Bayer,industry,llm_curated,1,NA
bayer healthcare,Bayer,Bayer,Bayer,industry,llm_curated,1,NA
bayer schering pharma,Bayer,Bayer,Bayer,industry,llm_curated,1,NA
bayer schering pharma ag,Bayer,Bayer,Bayer,industry,llm_curated,1,NA
bayer vital,Bayer,Bayer,Bayer,industry,llm_curated,1,NA
baz megyei es egyetemi oktato korhaz,BAZ Megyei és Egyetemi Oktató Kórház,NA,NA,unknown,self_alias,0.94,self
beacon therapeutics usa,Beacon Therapeutics (USA),NA,NA,unknown,self_alias,0.94,self
beam therapeutics,Beam Therapeutics,NA,NA,unknown,self_alias,0.94,self
beaufour ipsen,Ipsen,Ipsen,Ipsen,industry,llm_curated,1,NA
beckley canopy therapeutics,Beckley Canopy Therapeutics,NA,NA,unknown,self_alias,0.94,self
beckley psytech,Beckley Psytech,NA,NA,unknown,self_alias,0.94,self
becro cyprus,BECRO Cyprus,NA,NA,unknown,self_alias,0.94,self
bedrocan international,Bedrocan International,NA,NA,unknown,self_alias,0.94,self
begona quintana,Begoña Quintana,NA,NA,unknown,self_alias,0.94,self
beigene,BeiGene,NA,NA,unknown,self_alias,0.94,self
bekes megyei kozponti korhaz,Békés Megyei Központi Kórház,NA,NA,unknown,self_alias,0.94,self
belgian gynaecological oncology group,Belgian Gynaecological Oncology Group,NA,NA,unknown,self_alias,0.94,self
belite bio,Belite Bio,NA,NA,unknown,self_alias,0.94,self
bellerophon pulse technologies,Bellerophon Pulse Technologies,NA,NA,unknown,self_alias,0.94,self
bellicum pharmaceuticals,Bellicum Pharmaceuticals,NA,NA,unknown,self_alias,0.94,self
bellus health,Bellus Health,NA,NA,unknown,self_alias,0.94,self
beone medicines,BeOne Medicines,NA,NA,unknown,self_alias,0.94,self
berg,BERG,NA,NA,unknown,self_alias,0.94,self
bergenbio,BerGenBio,NA,NA,unknown,self_alias,0.94,self
berlin cures,Berlin Cures,NA,NA,unknown,self_alias,0.94,self
bertek pharmaceuticals,Bertek Pharmaceuticals,NA,NA,unknown,self_alias,0.94,self
besins healthcare ireland,Besins Healthcare Ireland,NA,NA,unknown,self_alias,0.94,self
betagenon,Betagenon,NA,NA,unknown,self_alias,0.94,self
bexel pharmaceuticals,Bexel Pharmaceuticals,NA,NA,unknown,self_alias,0.94,self
bgp products operations,BGP Products Operations,NA,NA,unknown,self_alias,0.94,self
bhr pharma,BHR Pharma,NA,NA,unknown,self_alias,0.94,self
bial - portela amp c,BIAL - PORTELA amp C,NA,NA,unknown,self_alias,0.94,self
bial r and d investments,Bial R&D Investments,NA,NA,unknown,self_alias,0.94,self
bial-portela ca,BIAL-Portela Ca,NA,NA,unknown,self_alias,0.94,self
bicara therapeutics,Bicara Therapeutics,NA,NA,unknown,self_alias,0.94,self
bicycletx,Bicycletx,NA,NA,unknown,self_alias,0.94,self
bill and melinda gates medical research institute,Bill & Melinda Gates Medical Research Institute,NA,NA,unknown,self_alias,0.94,self
bio minerals,Bio Minerals,NA,NA,unknown,self_alias,0.94,self
bio-medisinsk innovasjon,Bio-Medisinsk Innovasjon,NA,NA,unknown,self_alias,0.94,self
bioaegis therapeutics,BioAegis Therapeutics,NA,NA,unknown,self_alias,0.94,self
bioarctic,BioArctic,NA,NA,unknown,self_alias,0.94,self
biocis pharma,BioCis Pharma,NA,NA,unknown,self_alias,0.94,self
bioclin therapeutics,BioClin Therapeutics,NA,NA,unknown,self_alias,0.94,self
biocompatibles uk,Biocompatibles UK,NA,NA,unknown,self_alias,0.94,self
biocsl pty,bioCSL Pty,NA,NA,unknown,self_alias,0.94,self
biodel,Biodel,NA,NA,unknown,self_alias,0.94,self
biodexa limited / rapamycin holdings,Biodexa Limited / Rapamycin Holdings,NA,NA,unknown,self_alias,0.94,self
bioelectron technology corporation formerly edison pharmaceuticals,BioElectron Technology Corporation formerly Edison Pharmaceuticals,NA,NA,unknown,self_alias,0.94,self
bioeq,Bioeq,NA,NA,unknown,self_alias,0.94,self
biofarm,Biofarm,NA,NA,unknown,self_alias,0.94,self
bioforce,Bioforce,NA,NA,unknown,self_alias,0.94,self
biofrontera bioscience,Biofrontera Bioscience,NA,NA,unknown,self_alias,0.94,self
biogaia pharma,BioGaia Pharma,NA,NA,industry,llm_curated,1,NA
biogen,Biogen,Biogen,Biogen,industry,llm_curated,1,NA
biogen idec,Biogen,Biogen,Biogen,industry,llm_curated,1,NA
biogen idec research limited,Biogen,Biogen,Biogen,industry,llm_curated,1,NA
biogen-dompe,BIOGEN-DOMPE,NA,NA,unknown,self_alias,0.94,self
biogencell,Biogencell,NA,NA,unknown,self_alias,0.94,self
biohaven pharmaceuticals,Biohaven Pharmaceuticals,NA,NA,industry,self_alias,0.94,self
biohorm,Biohorm,NA,NA,unknown,self_alias,0.94,self
bioiberica,Bioiberica,NA,NA,unknown,self_alias,0.94,self
bioibrica,Bioibrica,NA,NA,unknown,self_alias,0.94,self
bioinova,Bioinova,NA,NA,unknown,self_alias,0.94,self
bioinvent international,Bioinvent International,NA,NA,NA,self_alias,0.94,self
bioinvent international ab,Bioinvent International,NA,NA,NA,ctis_businesskey,0.95,NA
biokosmos,BIOKOSMOS,NA,NA,unknown,self_alias,0.94,self
biolex therapeutics,Biolex Therapeutics,NA,NA,unknown,self_alias,0.94,self
biolinerx,BioLineRx,NA,NA,unknown,self_alias,0.94,self
biolipox,Biolipox,NA,NA,unknown,self_alias,0.94,self
biologische heilmittel heel,Biologische Heilmittel Heel,NA,NA,unknown,self_alias,0.94,self
biomarin,BioMarin Pharmaceutical,BioMarin Pharmaceutical,BioMarin Pharmaceutical,industry,llm_curated,1,NA
biomarin pharmaceutical,BioMarin Pharmaceutical,BioMarin Pharmaceutical,BioMarin Pharmaceutical,industry,llm_curated,1,NA
biomarin pharmaceutical inc,BioMarin Pharmaceutical,BioMarin Pharmaceutical,BioMarin Pharmaceutical,industry,llm_curated,1,NA
biomay,Biomay,NA,NA,unknown,self_alias,0.94,self
biomea fusion,Biomea Fusion,NA,NA,unknown,self_alias,0.94,self
biomedica foscama industria chimico-farmaceutica,Biomedica Foscama Industria Chimico-Farmaceutica,NA,NA,unknown,self_alias,0.94,self
biomedizinische forschung und bio-produkte,Biomedizinische Forschung und Bio-Produkte,NA,NA,unknown,self_alias,0.94,self
biomet nederland,Biomet Nederland,NA,NA,unknown,self_alias,0.94,self
biomimetic therapeutic,BioMimetic Therapeutic,NA,NA,unknown,self_alias,0.94,self
bioms technology,BioMS Technology,NA,NA,unknown,self_alias,0.94,self
biomx,BiomX,NA,NA,unknown,self_alias,0.94,self
bioncart,BIONCaRT,NA,NA,unknown,self_alias,0.94,self
biondvax pharmaceuticals,BiondVax Pharmaceuticals,NA,NA,unknown,self_alias,0.94,self
bionomics,BIONOMICS,NA,NA,unknown,self_alias,0.94,self
bionor immuno,Bionor Immuno,NA,NA,unknown,self_alias,0.94,self
bionor pharma,Bionor Pharma,NA,NA,unknown,self_alias,0.94,self
bionorica,Bionorica,NA,NA,unknown,self_alias,0.94,self
bionumerik pharmaceuticals,BioNumerik Pharmaceuticals,NA,NA,unknown,self_alias,0.94,self
biopartners gmbh / lg life science,BioPartners GmbH / LG Life Science,NA,NA,unknown,self_alias,0.94,self
biopure,Biopure,NA,NA,unknown,self_alias,0.94,self
bioresearch pharma,Bioresearch Pharma,NA,NA,unknown,self_alias,0.94,self
biorest,BIOrest,NA,NA,unknown,self_alias,0.94,self
biosense webster,Biosense Webster,NA,NA,unknown,self_alias,0.94,self
biosensors europe,Biosensors Europe,NA,NA,unknown,self_alias,0.94,self
bioskin,bioskin,NA,NA,unknown,self_alias,0.94,self
biosyn arzneimittel,biosyn Arzneimittel,NA,NA,unknown,self_alias,0.94,self
biosynexus,BIOSYNEXUS,NA,NA,unknown,self_alias,0.94,self
biota pharma europe,Biota Pharma Europe,NA,NA,unknown,self_alias,0.94,self
biota pharmaceuticals,Biota Pharmaceuticals,NA,NA,unknown,self_alias,0.94,self
biota scientific management pty,Biota Scientific Management Pty,NA,NA,unknown,self_alias,0.94,self
biotec pharmacon,Biotec Pharmacon,NA,NA,unknown,self_alias,0.94,self
biotech tools,BioTech Tools,NA,NA,unknown,self_alias,0.94,self
biotechnology institue i mas d s l,Biotechnology Institue I Mas D S.L.,NA,NA,NA,ctis_businesskey,0.95,NA
biotest,BIOTEST,NA,NA,NA,self_alias,0.94,self
biotest ag,BIOTEST,NA,NA,NA,ctis_businesskey,0.95,NA
biotherapy services,Biotherapy Services,NA,NA,unknown,self_alias,0.94,self
biotissue technologies,BioTissue Technologies,NA,NA,unknown,self_alias,0.94,self
biovail laboratories international srl c/o biovail technologies,"Biovail Laboratories International SRL, c/o Biovail Technologies",NA,NA,unknown,self_alias,0.94,self
bioven europe,Bioven Europe,NA,NA,unknown,self_alias,0.94,self
bioventus,Bioventus,NA,NA,unknown,self_alias,0.94,self
bioverativ,Bioverativ,NA,NA,unknown,self_alias,0.94,self
bioversys,BioVersys,NA,NA,unknown,self_alias,0.94,self
biovex,BioVex,NA,NA,unknown,self_alias,0.94,self
bioxcel therapeutics,BioXcel Therapeutics,NA,NA,unknown,self_alias,0.94,self
bioxell,BioXell,NA,NA,unknown,self_alias,0.94,self
birken,Birken,NA,NA,unknown,self_alias,0.94,self
birmingham children's hospital nhs foundation trust,Birmingham Children's Hospital NHS Foundation Trust,NA,NA,hospital,self_alias,0.94,self
birte nygaard dept of endocrinology herlev hospital,Herlev og Gentofte Hospital,NA,NA,hospital,llm_curated,1,NA
bispebjerg and frederiksberg hospital university of copenhagen,Copenhagen University Hospital - Bispebjerg and Frederiksberg,NA,NA,hospital,llm_curated,1,NA
bispebjerg hospital,Bispebjerg Hospital,NA,NA,hospital,llm_curated,1,NA
bit pharma,BIT Pharma,NA,NA,unknown,self_alias,0.94,self
black diamond therapeutics,Black Diamond Therapeutics,NA,NA,unknown,self_alias,0.94,self
blackpool fylde and wyre healthcare nhs trust,Blackpool Fylde and Wyre Healthcare NHS Trust,NA,NA,hospital,self_alias,0.94,self
blade therapeutics,Blade Therapeutics,NA,NA,unknown,self_alias,0.94,self
blau farmaceutica,Blau Farmacêutica,NA,NA,unknown,self_alias,0.94,self
blue earth diagnostics ireland,Blue Earth Diagnostics Ireland,NA,NA,unknown,self_alias,0.94,self
blue earth therapeutics,Blue Earth Therapeutics,NA,NA,unknown,self_alias,0.94,self
blueberry therapeutics,Blueberry Therapeutics,NA,NA,unknown,self_alias,0.94,self
bluebird bio,bluebird bio,NA,NA,unknown,self_alias,0.94,self
blueclinical,Blueclinical,NA,NA,unknown,self_alias,0.94,self
bluefin biomedicine,Bluefin Biomedicine,NA,NA,unknown,self_alias,0.94,self
bluejay therapeutics,Bluejay Therapeutics,NA,NA,unknown,self_alias,0.94,self
bluepharma industria farmaceutica,Bluepharma Industria Farmaceutica,NA,NA,unknown,self_alias,0.94,self
bluesky immunotherapies,Bluesky Immunotherapies,NA,NA,unknown,self_alias,0.94,self
bms,BMS,Bristol-Myers Squibb,BMS,industry,llm_curated,1,NA
bms / sanofi,BMS / Sanofi,NA,NA,industry,self_alias,0.94,self
bode chemie,BODE Chemie,NA,NA,unknown,self_alias,0.94,self
boehringer ing,Boehringer Ingelheim,Boehringer Ingelheim,Boehringer Ingelheim,industry,llm_curated,1,NA
boehringer ingelheim,Boehringer Ingelheim,Boehringer Ingelheim,Boehringer Ingelheim,industry,llm_curated,1,NA
boehringer ingelheim gmbh,Boehringer Ingelheim,Boehringer Ingelheim,Boehringer Ingelheim,industry,llm_curated,1,NA
boehringer ingelheim international gmbh,Boehringer Ingelheim,Boehringer Ingelheim,Boehringer Ingelheim,industry,llm_curated,1,NA
boehringer ingelheim pharma gmbh and co kg,Boehringer Ingelheim,Boehringer Ingelheim,Boehringer Ingelheim,industry,llm_curated,1,NA
bolt biotherapeutics,Bolt Biotherapeutics,NA,NA,unknown,self_alias,0.94,self
bombastus-werke,Bombastus-Werke,NA,NA,unknown,self_alias,0.94,self
bone therapeutics,Bone Therapeutics,NA,NA,unknown,self_alias,0.94,self
boneca,Boneca,NA,NA,unknown,self_alias,0.94,self
boots healthcare international,Boots Healthcare International,NA,NA,unknown,self_alias,0.94,self
boston biomedical,Boston Biomedical,NA,NA,unknown,self_alias,0.94,self
boston pharmaceuticals,Boston Pharmaceuticals,NA,NA,unknown,self_alias,0.94,self
bows pharmaceuticals,BOWS Pharmaceuticals,NA,NA,unknown,self_alias,0.94,self
brainsgate,BrainsGate,NA,NA,industry,self_alias,0.94,self
brainsgate ltd,BrainsGate,NA,NA,industry,llm_curated,1,NA
brc operations pty,BRC operations Pty.,NA,NA,unknown,self_alias,0.94,self
breath therapeutics,Breath Therapeutics,NA,NA,unknown,self_alias,0.94,self
brepco biopharma,BrepCo Biopharma,NA,NA,unknown,self_alias,0.94,self
breye therapeutics,Breye Therapeutics,NA,NA,unknown,self_alias,0.94,self
bridge bioresearch rights jersey,Bridge BioResearch Rights Jersey,NA,NA,unknown,self_alias,0.94,self
bridge biotherapeutics,Bridge Biotherapeutics,NA,NA,unknown,self_alias,0.94,self
brigham and women's hospital,Brigham and Women's Hospital,NA,NA,hospital,self_alias,0.94,self
bristol myers squibb,BMS,Bristol-Myers Squibb,BMS,industry,llm_curated,1,NA
bristol-m squibb,BMS,Bristol-Myers Squibb,BMS,industry,llm_curated,1,NA
bristol-myers squibb,BMS,Bristol-Myers Squibb,BMS,industry,llm_curated,1,NA
bristol-myers squibb company,BMS,Bristol-Myers Squibb,BMS,industry,llm_curated,1,NA
bristol-myers squibb international corporation,BMS,Bristol-Myers Squibb,BMS,industry,llm_curated,1,NA
britannia pharmaceuticals,Britannia Pharmaceuticals,NA,NA,unknown,self_alias,0.94,self
bruno farmaceutici,Bruno Farmaceutici,NA,NA,unknown,self_alias,0.94,self
bruschettini,Bruschettini,NA,NA,unknown,self_alias,0.94,self
btg international,BTG International,NA,NA,unknown,self_alias,0.94,self
burl concepts,BURL Concepts,NA,NA,unknown,self_alias,0.94,self
byondis,Byondis,NA,NA,unknown,self_alias,0.94,self
c h u de rennes,CHU de Rennes,NA,NA,hospital,llm_curated,1,NA
c4 therapeutics,C4 Therapeutics,NA,NA,unknown,self_alias,0.94,self
c4pain,C4Pain,NA,NA,unknown,self_alias,0.94,self
cabaletta bio,Cabaletta Bio,NA,NA,unknown,self_alias,0.94,self
cabrellis pharmaceuticals,Cabrellis Pharmaceuticals,NA,NA,unknown,self_alias,0.94,self
cadence pharmaceuticals,Cadence Pharmaceuticals,NA,NA,unknown,self_alias,0.94,self
calabar,Calabar,NA,NA,unknown,self_alias,0.94,self
calcilytix therapeutics,Calcilytix Therapeutics,NA,NA,unknown,self_alias,0.94,self
calibra medical,Calibra Medical,NA,NA,unknown,self_alias,0.94,self
calico life sciences,Calico Life Sciences,NA,NA,unknown,self_alias,0.94,self
calistoga pharmaceuticals,Calistoga Pharmaceuticals,NA,NA,unknown,self_alias,0.94,self
calithera biosciences,Calithera Biosciences,NA,NA,unknown,self_alias,0.94,self
calixa therapeutics,Calixa Therapeutics,NA,NA,unknown,self_alias,0.94,self
calliditas therapeutics suisse,Calliditas Therapeutics Suisse,NA,NA,unknown,self_alias,0.94,self
calluna pharma,Calluna Pharma,NA,NA,unknown,self_alias,0.94,self
cambridge university hospitals nhs foundation trust,Cambridge University Hospitals NHS Foundation Trust,Cambridge University Hospitals NHS Foundation Trust,Cambridge University Hospitals NHS Foundation Trust,hospital,llm_curated,1,NA
cambridge university hospitals nhs foundation trust university of cambridge,Cambridge University Hospitals NHS Foundation Trust,NA,NA,hospital,llm_curated,1,NA
cambridgeshire and peterborough nhs foundation trust,Cambridgeshire and Peterborough NHS Foundation Trust,NA,NA,hospital,self_alias,0.94,self
camp4 therapeutics,Camp4 Therapeutics,NA,NA,unknown,self_alias,0.94,self
camurus,Camurus,NA,NA,unknown,self_alias,0.94,self
can-fite biopharma,Can-Fite BioPharma,NA,NA,unknown,self_alias,0.94,self
canariabio,Canariabio,NA,NA,unknown,self_alias,0.94,self
canbex therapeutics,Canbex Therapeutics,NA,NA,unknown,self_alias,0.94,self
cancer prevention pharmaceuticals,Cancer Prevention Pharmaceuticals,NA,NA,unknown,self_alias,0.94,self
candid therapeutics,Candid Therapeutics,NA,NA,unknown,self_alias,0.94,self
cangene europe,Cangene Europe,NA,NA,unknown,self_alias,0.94,self
canisius wilhelmina hospital,Canisius Wilhelmina Hospital,NA,NA,NA,ctis_businesskey,0.95,NA
cannaxan gmbh / apurano pharmaceuticals,Cannaxan GmbH / Apurano Pharmaceuticals,NA,NA,unknown,self_alias,0.94,self
cantargia,Cantargia,NA,NA,unknown,self_alias,0.94,self
cantex pharmaceuticals,Cantex Pharmaceuticals,NA,NA,unknown,self_alias,0.94,self
canyon pharmaceuticals,Canyon Pharmaceuticals,NA,NA,unknown,self_alias,0.94,self
capio st gorans hospital,Capio St. Görans Hospital,NA,NA,hospital,self_alias,0.94,self
capnia,Capnia,NA,NA,unknown,self_alias,0.94,self
caprion pharmaceuticals,Caprion Pharmaceuticals,NA,NA,unknown,self_alias,0.94,self
captor therapeutics,Captor Therapeutics,NA,NA,unknown,self_alias,0.94,self
cara therapeutics,Cara Therapeutics,NA,NA,unknown,self_alias,0.94,self
carbylan biosurgery,Carbylan BioSurgery,NA,NA,unknown,self_alias,0.94,self
cardiff university,Cardiff University,Cardiff University,Cardiff University,academic,llm_curated,1,NA
cardiokine biopharma,Cardiokine Biopharma,NA,NA,unknown,self_alias,0.94,self
cardiol therapeutics,Cardiol Therapeutics,NA,NA,unknown,self_alias,0.94,self
cardiome pharma,Cardiome Pharma,NA,NA,unknown,self_alias,0.94,self
cardiome uk,Cardiome UK,NA,NA,unknown,self_alias,0.94,self
cardior pharmaceuticals,Cardior Pharmaceuticals,NA,NA,unknown,self_alias,0.94,self
cardiorentis,Cardiorentis,NA,NA,unknown,self_alias,0.94,self
cardiovascular non-invasive imaging research laboratory department of cardiology herlev and gentofte hospital,Herlev og Gentofte Hospital,NA,NA,hospital,llm_curated,1,NA
cardioxyl pharmaceuticals,Cardioxyl Pharmaceuticals,NA,NA,unknown,self_alias,0.94,self
cardoz,Cardoz,NA,NA,unknown,self_alias,0.94,self
cardurion pharmaceuticals,Cardurion Pharmaceuticals,NA,NA,unknown,self_alias,0.94,self
care arthritis,Care Arthritis,NA,NA,unknown,self_alias,0.94,self
carl von ossietzky universitat oldenburg,Carl von Ossietzky Universität Oldenburg,NA,NA,unknown,self_alias,0.94,self
cartesian therapeutics,Cartesian Therapeutics,NA,NA,unknown,self_alias,0.94,self
carthera,Carthera,NA,NA,unknown,self_alias,0.94,self
casa di cura accreditata istituto chirurgico ortopedico traumatologico,Casa di Cura Accreditata Istituto Chirurgico Ortopedico Traumatologico,NA,NA,unknown,self_alias,0.94,self
casen fleet,Casen Fleet,NA,NA,unknown,self_alias,0.94,self
cassiopea,Cassiopea,NA,NA,unknown,self_alias,0.94,self
castle creek pharmaceuticals,Castle Creek Pharmaceuticals,NA,NA,unknown,self_alias,0.94,self
catabasis pharmaceuticals,Catabasis Pharmaceuticals,NA,NA,unknown,self_alias,0.94,self
catalym,CatalYm,NA,NA,unknown,self_alias,0.94,self
catalyst biosciences,Catalyst Biosciences,NA,NA,unknown,self_alias,0.94,self
catalyst pharmaceuticals,Catalyst Pharmaceuticals,NA,NA,unknown,self_alias,0.94,self
catapult therapeutics,Catapult Therapeutics,NA,NA,unknown,self_alias,0.94,self
cavion,Cavion,NA,NA,unknown,self_alias,0.94,self
cblayahuget,CBLAYAHUGET,NA,NA,unknown,self_alias,0.94,self
cbmed,CBmed,NA,NA,unknown,self_alias,0.94,self
ccdrd / 5med,CCDRD / 5med,NA,NA,unknown,self_alias,0.94,self
ccdrd / ghf-gold holding,CCDRD / GHF-Gold Holding,NA,NA,unknown,self_alias,0.94,self
ccdrd / ioulia and irene tseti pharmaceutical laboratories,CCDRD / Ioulia and Irene Tseti Pharmaceutical Laboratories,NA,NA,unknown,self_alias,0.94,self
ccdrd / nadezhda,CCDRD / Nadezhda,NA,NA,unknown,self_alias,0.94,self
ccdrd / sopharma,CCDRD / Sopharma,NA,NA,unknown,self_alias,0.94,self
ccdrd cooperative clinical drug research and development ag / biofarm,CCDRD Cooperative Clinical Drug Research and Development AG / Biofarm,NA,NA,unknown,self_alias,0.94,self
ccdrd cooperative clinical drug research and development ag / galmed research and development,CCDRD Cooperative Clinical Drug Research and Development AG / Galmed Research And Development,NA,NA,unknown,self_alias,0.94,self
ccdrd cooperative clinical drug research and development ag / hermes pharma,CCDRD Cooperative Clinical Drug Research and Development AG / Hermes Pharma,NA,NA,unknown,self_alias,0.94,self
ccdrd cooperative clinical drug research and development ag / inmunoterapia del cancer,CCDRD Cooperative Clinical Drug Research and Development AG / Inmunoterapia del Cancer,NA,NA,unknown,self_alias,0.94,self
ccdrd cooperative clinical drug research and development ag / lavipharm,CCDRD Cooperative Clinical Drug Research and Development AG / Lavipharm,NA,NA,unknown,self_alias,0.94,self
ccdrd cooperative clinical drug research and development ag / pharos pharma,CCDRD Cooperative Clinical Drug Research and Development AG / Pharos Pharma,NA,NA,unknown,self_alias,0.94,self
ccdrd cooperative clinical drug research and development ag / vaccpower,CCDRD Cooperative Clinical Drug Research and Development AG / Vaccpower,NA,NA,unknown,self_alias,0.94,self
cdr-life,CDR-Life,NA,NA,unknown,self_alias,0.94,self
cebiotex,Cebiotex,NA,NA,unknown,self_alias,0.94,self
cebix,Cebix,NA,NA,unknown,self_alias,0.94,self
cedars-sinai medical center,Cedars-Sinai Medical Center,NA,NA,unknown,self_alias,0.94,self
cefak,Cefak,NA,NA,unknown,self_alias,0.94,self
cel-sci,CEL-SCI,NA,NA,unknown,self_alias,0.94,self
celator pharmaceuticals,Celator Pharmaceuticals,NA,NA,unknown,self_alias,0.94,self
celcuity,Celcuity,NA,NA,unknown,self_alias,0.94,self
celecor therapeutics,Celecor Therapeutics,NA,NA,unknown,self_alias,0.94,self
celgene,Celgene,Bristol-Myers Squibb,BMS,industry,llm_curated,1,NA
celgene corporation,Celgene,Bristol-Myers Squibb,BMS,industry,llm_curated,1,NA
celica biomedical center,"Celica, Biomedical Center",NA,NA,unknown,self_alias,0.94,self
celimmune,Celimmune,NA,NA,unknown,self_alias,0.94,self
celixir,Celixir,NA,NA,unknown,self_alias,0.94,self
cell genesys,Cell Genesys,NA,NA,unknown,self_alias,0.94,self
cell medica,Cell Medica,NA,NA,unknown,self_alias,0.94,self
cell therapeutics,Cell Therapeutics,NA,NA,unknown,self_alias,0.94,self
cell2cure,Cell2cure,NA,NA,NA,self_alias,0.94,self
cell2cure aps,Cell2cure,NA,NA,NA,ctis_businesskey,0.95,NA
cell4cure,Cell4Cure,NA,NA,unknown,self_alias,0.94,self
cellact pharma,CellAct Pharma,NA,NA,unknown,self_alias,0.94,self
celladon,Celladon,NA,NA,unknown,self_alias,0.94,self
cellaion,Cellaïon,NA,NA,unknown,self_alias,0.94,self
cellcentric,CellCentric,NA,NA,unknown,self_alias,0.94,self
cellcolabs,Cellcolabs,NA,NA,unknown,self_alias,0.94,self
cellectar biosciences,Cellectar Biosciences,NA,NA,unknown,self_alias,0.94,self
cellerix,Cellerix,NA,NA,unknown,self_alias,0.94,self
celleron therapeutics,Celleron Therapeutics,NA,NA,unknown,self_alias,0.94,self
cellerys,Cellerys,NA,NA,unknown,self_alias,0.94,self
cellestia biotech,Cellestia Biotech,NA,NA,unknown,self_alias,0.94,self
celltech r and d,Celltech R&D,NA,NA,unknown,self_alias,0.94,self
celltrion,Celltrion,NA,NA,unknown,self_alias,0.94,self
celon pharma,Celon Pharma,NA,NA,unknown,self_alias,0.94,self
celsg,CELSG,NA,NA,cooperative_group,self_alias,0.94,self
celsion,Celsion,NA,NA,unknown,self_alias,0.94,self
celtaxsys,Celtaxsys,NA,NA,unknown,self_alias,0.94,self
celtic pharma development services bermuda,Celtic Pharma Development Services Bermuda,NA,NA,unknown,self_alias,0.94,self
celyad oncology,Celyad Oncology,NA,NA,unknown,self_alias,0.94,self
cempra pharmaceuticals,Cempra Pharmaceuticals,NA,NA,unknown,self_alias,0.94,self
cenes,CeNeS,NA,NA,unknown,self_alias,0.94,self
centauri therapeutics,Centauri Therapeutics,NA,NA,unknown,self_alias,0.94,self
center for clinical metabolic research gentofte hospital,Herlev og Gentofte Hospital,NA,NA,hospital,llm_curated,1,NA
center for diabetes research gentofte hospital,Herlev og Gentofte Hospital,NA,NA,hospital,llm_curated,1,NA
center for experimental and molecular medicine g2 amc,Amsterdam UMC,NA,NA,hospital,llm_curated,1,NA
center for outcomes research and clinical epidemiology,Center for Outcomes Research and Clinical Epidemiology,NA,NA,unknown,self_alias,0.94,self
center for surgical science department of surgery zealand university hospital,Zealand University Hospital,NA,NA,hospital,llm_curated,1,NA
center for translational clinical research aachen ctc-a,RWTH Aachen University,NA,NA,academic,llm_curated,1,NA
center laboratories,Center Laboratories,NA,NA,unknown,self_alias,0.94,self
centessa pharmaceuticals uk,Centessa Pharmaceuticals UK,NA,NA,unknown,self_alias,0.94,self
centocor,Centocor,Johnson & Johnson,Janssen / Johnson & Johnson,industry,llm_curated,0.9,NA
centocor bv,Centocor,Johnson & Johnson,Janssen / Johnson & Johnson,industry,llm_curated,1,NA
centre de recherche en sante de la femme,Centre de Recherche en Santé de la Femme,NA,NA,unknown,self_alias,0.94,self
centre de recherches et d'etudes sur la pathologie tropicale et le sida,Centre de Recherches et d'Etudes sur la Pathologie Tropicale et le Sida,NA,NA,unknown,self_alias,0.94,self
centre de recherches et d'etudes sur les pathologies infectieuses tropicales et inflammatoires,"Centre de Recherches et d'Etudes sur les Pathologies Infectieuses, Tropicales et Inflammatoires",NA,NA,unknown,self_alias,0.94,self
centre eugene marquis,Centre Eugène Marquis,NA,NA,hospital,self_alias,0.94,self
centre eugne marquis,Centre Eugène Marquis,NA,NA,hospital,llm_curated,1,NA
centre for anaesthesiological research department of anaesthesiology,"Centre for Anaesthesiological Research, Department of Anaesthesiology",NA,NA,hospital,self_alias,0.94,self
centre for human drug research,Centre For Human Drug Research,NA,NA,NA,ctis_businesskey,0.95,NA
centre georges franois leclerc,Centre Georges François Leclerc,NA,NA,hospital,llm_curated,1,NA
centre georges-francois leclerc,Centre Georges-François Leclerc,NA,NA,unknown,self_alias,0.94,self
centre hospitalier departemental vendee,Centre Hospitalier Départemental Vendée,NA,NA,hospital,llm_curated,1,NA
centre hospitalier intercommunal de creteil,Centre Hospitalier Intercommunal de Créteil,NA,NA,unknown,self_alias,0.94,self
centre hospitalier intercommunal toulon / la seine-sur-mer,Centre Hospitalier Intercommunal Toulon / La Seine-sur-Mer,NA,NA,unknown,self_alias,0.94,self
centre hospitalier regional de marseille,Centre Hospitalier Regional De Marseille,NA,NA,NA,ctis_businesskey,0.95,NA
centre hospitalier regional et universitaire,Centre Hospitalier Régional et Universitaire,NA,NA,hospital,self_alias,0.94,self
centre hospitalier regional metz-thionville,Centre Hospitalier Régional Metz-Thionville,NA,NA,unknown,self_alias,0.94,self
centre hospitalier regional universitaire de lille,Centre Hospitalier Universitaire de Lille,NA,NA,hospital,llm_curated,1,NA
centre hospitalier rgional et universitaire,Centre Hospitalier Régional et Universitaire,NA,NA,hospital,llm_curated,1,NA
centre hospitalier rgional et universitaire de lille,Centre Hospitalier Universitaire de Lille,NA,NA,hospital,llm_curated,1,NA
centre hospitalier rgional universitaire de besanon,CHU de Besançon,NA,NA,hospital,llm_curated,1,NA
centre hospitalier rgional universitaire de nancy,CHRU De Nancy,CHRU De Nancy,CHRU De Nancy,hospital,llm_curated,1,NA
centre hospitalier sainte anne paris,Centre Hospitalier Sainte Anne Paris,NA,NA,NA,ctis_businesskey,0.95,NA
centre hospitalier universitaire amiens picardie,CHU Amiens-Picardie,NA,NA,hospital,llm_curated,1,NA
centre hospitalier universitaire amiens-picardie,CHU Amiens-Picardie,NA,NA,hospital,llm_curated,1,NA
centre hospitalier universitaire angers,CHU d'Angers,NA,NA,hospital,llm_curated,1,NA
centre hospitalier universitaire besançon,CHU de Besançon,NA,NA,hospital,llm_curated,1,NA
centre hospitalier universitaire bordeaux,CHU de Bordeaux,NA,NA,hospital,llm_curated,1,NA
centre hospitalier universitaire brugmann,CHU Brugmann,NA,NA,hospital,llm_curated,1,NA
centre hospitalier universitaire caen,CHU de Caen,NA,NA,hospital,llm_curated,1,NA
centre hospitalier universitaire chu de dijon,CHU Dijon Bourgogne,NA,NA,hospital,llm_curated,1,NA
centre hospitalier universitaire clermont-ferrand,CHU de Clermont-Ferrand,NA,NA,hospital,llm_curated,1,NA
centre hospitalier universitaire d'amiens-picardie,CHU Amiens-Picardie,NA,NA,hospital,llm_curated,1,NA
centre hospitalier universitaire d'angers,CHU d'Angers,NA,NA,hospital,llm_curated,1,NA
centre hospitalier universitaire d'besançon,CHU de Besançon,NA,NA,hospital,llm_curated,1,NA
centre hospitalier universitaire d'bordeaux,CHU de Bordeaux,NA,NA,hospital,llm_curated,1,NA
centre hospitalier universitaire d'brugmann,CHU Brugmann,NA,NA,hospital,llm_curated,1,NA
centre hospitalier universitaire d'caen,CHU de Caen,NA,NA,hospital,llm_curated,1,NA
centre hospitalier universitaire d'clermont-ferrand,CHU de Clermont-Ferrand,NA,NA,hospital,llm_curated,1,NA
centre hospitalier universitaire d'dijon,CHU Dijon Bourgogne,NA,NA,hospital,llm_curated,1,NA
centre hospitalier universitaire d'grenoble,CHU de Grenoble,NA,NA,hospital,llm_curated,1,NA
centre hospitalier universitaire d'la réunion,CHU de La Réunion,NA,NA,hospital,llm_curated,1,NA
centre hospitalier universitaire d'lille,Centre Hospitalier Universitaire de Lille,NA,NA,hospital,llm_curated,1,NA
centre hospitalier universitaire d'limoges,CHU de Limoges,NA,NA,hospital,llm_curated,1,NA
centre hospitalier universitaire d'liège,Centre Hospitalier Universitaire de Liège,NA,NA,hospital,llm_curated,1,NA
centre hospitalier universitaire d'montpellier,CHU de Montpellier,NA,NA,hospital,llm_curated,1,NA
centre hospitalier universitaire d'nancy,CHU de Nancy,NA,NA,hospital,llm_curated,1,NA
centre hospitalier universitaire d'nantes,CHU de Nantes,NA,NA,hospital,llm_curated,1,NA
centre hospitalier universitaire d'nice,CHU de Nice,NA,NA,hospital,llm_curated,1,NA
centre hospitalier universitaire d'nîmes,CHU de Nîmes,NA,NA,hospital,llm_curated,1,NA
centre hospitalier universitaire d'poitiers,CHU de Poitiers,NA,NA,hospital,llm_curated,1,NA
centre hospitalier universitaire d'reims,CHU de Reims,NA,NA,hospital,llm_curated,1,NA
centre hospitalier universitaire d'rennes,CHU de Rennes,NA,NA,hospital,llm_curated,1,NA
centre hospitalier universitaire d'rouen,CHU de Rouen,NA,NA,hospital,llm_curated,1,NA
centre hospitalier universitaire d'saint-étienne,CHU de Saint-Étienne,NA,NA,hospital,llm_curated,1,NA
centre hospitalier universitaire d'toulouse,CHU de Toulouse,NA,NA,hospital,llm_curated,1,NA
centre hospitalier universitaire de amiens-picardie,CHU Amiens-Picardie,NA,NA,hospital,llm_curated,1,NA
centre hospitalier universitaire de angers,CHU d'Angers,NA,NA,hospital,llm_curated,1,NA
centre hospitalier universitaire de besançon,CHU de Besançon,NA,NA,hospital,llm_curated,1,NA
centre hospitalier universitaire de bordeaux,CHU de Bordeaux,NA,NA,hospital,llm_curated,1,NA
centre hospitalier universitaire de bordeaux etablissement public,CHU de Bordeaux,NA,NA,hospital,llm_curated,1,NA
centre hospitalier universitaire de brugmann,CHU Brugmann,NA,NA,hospital,llm_curated,1,NA
centre hospitalier universitaire de caen,CHU de Caen,NA,NA,hospital,llm_curated,1,NA
centre hospitalier universitaire de caen normandie,CHU de Caen,NA,NA,hospital,llm_curated,1,NA
centre hospitalier universitaire de clermont-ferrand,CHU de Clermont-Ferrand,NA,NA,hospital,llm_curated,1,NA
centre hospitalier universitaire de dijon,CHU Dijon Bourgogne,NA,NA,hospital,llm_curated,1,NA
centre hospitalier universitaire de grenoble,CHU de Grenoble,NA,NA,hospital,llm_curated,1,NA
centre hospitalier universitaire de la réunion,CHU de La Réunion,NA,NA,hospital,llm_curated,1,NA
centre hospitalier universitaire de lille,Centre Hospitalier Universitaire de Lille,NA,NA,hospital,llm_curated,1,NA
centre hospitalier universitaire de limoges,CHU de Limoges,NA,NA,hospital,llm_curated,1,NA
centre hospitalier universitaire de liège,Centre Hospitalier Universitaire de Liège,NA,NA,hospital,llm_curated,1,NA
centre hospitalier universitaire de montpellier,CHU de Montpellier,NA,NA,hospital,llm_curated,1,NA
centre hospitalier universitaire de nancy,CHU de Nancy,NA,NA,hospital,llm_curated,1,NA
centre hospitalier universitaire de nantes,CHU de Nantes,NA,NA,hospital,llm_curated,1,NA
centre hospitalier universitaire de nice,CHU de Nice,NA,NA,hospital,llm_curated,1,NA
centre hospitalier universitaire de nîmes,CHU de Nîmes,NA,NA,hospital,llm_curated,1,NA
centre hospitalier universitaire de poitiers,CHU de Poitiers,NA,NA,hospital,llm_curated,1,NA
centre hospitalier universitaire de reims,CHU de Reims,NA,NA,hospital,llm_curated,1,NA
centre hospitalier universitaire de rennes,CHU de Rennes,NA,NA,hospital,llm_curated,1,NA
centre hospitalier universitaire de rouen,CHU de Rouen,NA,NA,hospital,llm_curated,1,NA
centre hospitalier universitaire de saint-étienne,CHU de Saint-Étienne,NA,NA,hospital,llm_curated,1,NA
centre hospitalier universitaire de toulouse,CHU de Toulouse,NA,NA,hospital,llm_curated,1,NA
centre hospitalier universitaire dijon,CHU Dijon Bourgogne,NA,NA,hospital,llm_curated,1,NA
centre hospitalier universitaire grenoble,CHU de Grenoble,NA,NA,hospital,llm_curated,1,NA
centre hospitalier universitaire grenoble alpes,CHU de Grenoble,NA,NA,hospital,llm_curated,1,NA
centre hospitalier universitaire la réunion,CHU de La Réunion,NA,NA,hospital,llm_curated,1,NA
centre hospitalier universitaire lille,Centre Hospitalier Universitaire de Lille,NA,NA,hospital,llm_curated,1,NA
centre hospitalier universitaire limoges,CHU de Limoges,NA,NA,hospital,llm_curated,1,NA
centre hospitalier universitaire liège,Centre Hospitalier Universitaire de Liège,NA,NA,hospital,llm_curated,1,NA
centre hospitalier universitaire montpellier,CHU de Montpellier,NA,NA,hospital,llm_curated,1,NA
centre hospitalier universitaire nancy,CHU de Nancy,NA,NA,hospital,llm_curated,1,NA
centre hospitalier universitaire nantes,CHU de Nantes,NA,NA,hospital,llm_curated,1,NA
centre hospitalier universitaire nice,CHU de Nice,NA,NA,hospital,llm_curated,1,NA
centre hospitalier universitaire nîmes,CHU de Nîmes,NA,NA,hospital,llm_curated,1,NA
centre hospitalier universitaire poitiers,CHU de Poitiers,NA,NA,hospital,llm_curated,1,NA
centre hospitalier universitaire reims,CHU de Reims,NA,NA,hospital,llm_curated,1,NA
centre hospitalier universitaire rennes,CHU de Rennes,NA,NA,hospital,llm_curated,1,NA
centre hospitalier universitaire rouen,CHU de Rouen,NA,NA,hospital,llm_curated,1,NA
centre hospitalier universitaire saint-étienne,CHU de Saint-Étienne,NA,NA,hospital,llm_curated,1,NA
centre hospitalier universitaire toulouse,CHU de Toulouse,NA,NA,hospital,llm_curated,1,NA
centre leon berard / centre leon berard,Centre Léon Bérard,NA,NA,hospital,llm_curated,1,NA
centre medico-chirurgical ambroise pare hartmann,Centre Médico-Chirurgical Ambroise Paré Hartmann,NA,NA,unknown,self_alias,0.94,self
centre regional de lutte contre le cancer eugene marquis,Centre Régional de lutte contre le Cancer Eugène Marquis,NA,NA,unknown,self_alias,0.94,self
centre rene gauducheau,Centre René Gauducheau,NA,NA,unknown,self_alias,0.94,self
centre rene huguenin,Centre René Huguenin,NA,NA,unknown,self_alias,0.94,self
centre rgional de lutte contre le cancer val daurelle- paul lamarque,Centre Val d'Aurelle - Paul Lamarque,NA,NA,hospital,llm_curated,1,NA
centre val d'aurelle - paul lamarque,Centre Val d'Aurelle - Paul Lamarque,NA,NA,hospital,self_alias,0.94,self
centrexion therapeutics,Centrexion Therapeutics,NA,NA,unknown,self_alias,0.94,self
centro cardiologico monzino s p a,Fondazione Centro Cardiologico Monzino,NA,NA,hospital,llm_curated,1,NA
centro de investigacin biomdica en red de enfermedades neurodegenerativas,CIBERNED,NA,NA,academic,llm_curated,1,NA
centro de investigacion biomedica de la rioja cibir,Centro de Investigación Biomédica de La Rioja (CIBIR),NA,NA,unknown,self_alias,0.94,self
centro di riferimento oncologico di aviano,Centro di Riferimento Oncologico di Aviano,Centro di Riferimento Oncologico di Aviano,Centro di Riferimento Oncologico di Aviano,hospital,llm_curated,1,NA
centro hospitalar e universitario de coimbra e p e,Centro Hospitalar e Universitário de Coimbra E.P.E.,NA,NA,unknown,self_alias,0.94,self
centro nacional de investigaciones oncologicas cnio,Centro Nacional de Investigaciones Oncológicas CNIO,NA,NA,academic,llm_curated,1,NA
centrum medyczne ksztalcenia podyplomowego,Centrum Medyczne Ksztalcenia Podyplomowego,NA,NA,NA,ctis_businesskey,0.95,NA
century therapeutics,Century Therapeutics,NA,NA,unknown,self_alias,0.94,self
cephalon,Cephalon,NA,NA,unknown,self_alias,0.94,self
cequr,CeQur,NA,NA,unknown,self_alias,0.94,self
ceregene,Ceregene,NA,NA,unknown,self_alias,0.94,self
cereno scientific,Cereno Scientific,NA,NA,unknown,self_alias,0.94,self
cerevance beta,Cerevance Beta,NA,NA,unknown,self_alias,0.94,self
cerevel therapeutics,Cerevel Therapeutics,NA,NA,unknown,self_alias,0.94,self
cerexa,Cerexa,NA,NA,unknown,self_alias,0.94,self
cerimon pharmaceuticals,Cerimon Pharmaceuticals,NA,NA,unknown,self_alias,0.94,self
certa therapeutics pty,Certa Therapeutics Pty,NA,NA,unknown,self_alias,0.94,self
certmedica international,Certmedica International,NA,NA,unknown,self_alias,0.94,self
cerus,Cerus,NA,NA,unknown,self_alias,0.94,self
ceska myelomova skupina,Ceska Myelomova Skupina,NA,NA,unknown,self_alias,0.94,self
cesra arzneimittel,Cesra Arzneimittel,NA,NA,unknown,self_alias,0.94,self
cessatech,Cessatech,NA,NA,unknown,self_alias,0.94,self
cessation therapeutics,Cessation Therapeutics,NA,NA,unknown,self_alias,0.94,self
cetlam - grupo cooperativo de estudio y tratamiento de las leucemias agudas y mielodisplasias,CETLAM - Grupo Cooperativo de Estudio y Tratamiento de las Leucemias Agudas y Mielodisplasias,NA,NA,unknown,self_alias,0.94,self
ch-versailles,Centre Hospitalier de Versailles,NA,NA,hospital,llm_curated,1,NA
charit  university medicine,Charité Universitätsmedizin Berlin,Charité Universitätsmedizin Berlin,Charité Universitätsmedizin Berlin,hospital,llm_curated,1,NA
charit  university medicine berlin,Charité Universitätsmedizin Berlin,Charité Universitätsmedizin Berlin,Charité Universitätsmedizin Berlin,hospital,llm_curated,1,NA
charit - universittsmedizin berlin,Charité Universitätsmedizin Berlin,Charité Universitätsmedizin Berlin,Charité Universitätsmedizin Berlin,hospital,llm_curated,1,NA
charit - universittsmedizin berlin dpt of dermatology and allergy,Charité Universitätsmedizin Berlin,NA,NA,hospital,llm_curated,1,NA
charit - universittsmedizin berlin klinik fr dermatologie und allergologie,Charité Universitätsmedizin Berlin,Charité Universitätsmedizin Berlin,Charité Universitätsmedizin Berlin,hospital,llm_curated,1,NA
charit - university hospital of berlin,Charité Universitätsmedizin Berlin,Charité Universitätsmedizin Berlin,Charité Universitätsmedizin Berlin,hospital,llm_curated,1,NA
charit berlin,Charité Universitätsmedizin Berlin,Charité Universitätsmedizin Berlin,Charité Universitätsmedizin Berlin,hospital,llm_curated,1,NA
charit campus mitte,Charité Universitätsmedizin Berlin,Charité Universitätsmedizin Berlin,Charité Universitätsmedizin Berlin,hospital,llm_curated,1,NA
charit campus mitte klinik fr psychiatrie und psychotherapie,"Charité Campus Mitte, Klinik für Psychiatrie und Psychotherapie",NA,NA,hospital,llm_curated,1,NA
charit univeritaetsmedizin berlin,Charité Universitätsmedizin Berlin,Charité Universitätsmedizin Berlin,Charité Universitätsmedizin Berlin,hospital,llm_curated,1,NA
charit universitaetsmedizin,Charité Universitätsmedizin Berlin,Charité Universitätsmedizin Berlin,Charité Universitätsmedizin Berlin,hospital,llm_curated,1,NA
charit universittsmedizin berlin,Charité Universitätsmedizin Berlin,Charité Universitätsmedizin Berlin,Charité Universitätsmedizin Berlin,hospital,llm_curated,1,NA
charit universittsmedizin berlin campus benjamin franklin,Charité Universitätsmedizin Berlin,NA,NA,hospital,llm_curated,1,NA
charit universittsmedizin berlin department of dermatology and allergy,Charité Universitätsmedizin Berlin,NA,NA,hospital,llm_curated,1,NA
charit university medicine berlin,Charité Universitätsmedizin Berlin,Charité Universitätsmedizin Berlin,Charité Universitätsmedizin Berlin,hospital,llm_curated,1,NA
charit- universittsmedizin berlin,Charité Universitätsmedizin Berlin,Charité Universitätsmedizin Berlin,Charité Universitätsmedizin Berlin,hospital,llm_curated,1,NA
charit-universittsmedizin,Charité Universitätsmedizin Berlin,Charité Universitätsmedizin Berlin,Charité Universitätsmedizin Berlin,hospital,llm_curated,1,NA
charit-universittsmedizin berlin,Charité Universitätsmedizin Berlin,Charité Universitätsmedizin Berlin,Charité Universitätsmedizin Berlin,hospital,llm_curated,1,NA
charit/campus virchow-klinikum medizinische klinik m s kardiologie,Charité Universitätsmedizin Berlin,Charité Universitätsmedizin Berlin,Charité Universitätsmedizin Berlin,hospital,llm_curated,1,NA
charite,Charité Universitätsmedizin Berlin,Charité Universitätsmedizin Berlin,Charité Universitätsmedizin Berlin,hospital,llm_curated,1,NA
charite - universitatsmedizin berlin,Charité Universitätsmedizin Berlin,Charité Universitätsmedizin Berlin,Charité Universitätsmedizin Berlin,hospital,llm_curated,1,NA
charite - universitsmedizin berlin,Charité Universitätsmedizin Berlin,Charité Universitätsmedizin Berlin,Charité Universitätsmedizin Berlin,hospital,llm_curated,1,NA
charite - universittsmedizin berlin,Charité Universitätsmedizin Berlin,Charité Universitätsmedizin Berlin,Charité Universitätsmedizin Berlin,hospital,llm_curated,1,NA
charite campus mitte klinik fur psychiatrie und psychotherapie,"Charité Campus Mitte, Klinik für Psychiatrie und Psychotherapie",NA,NA,hospital,self_alias,0.94,self
charite cbf endokrinologie,Charité Universitätsmedizin Berlin,Charité Universitätsmedizin Berlin,Charité Universitätsmedizin Berlin,hospital,llm_curated,1,NA
charite universitaetsmedizin,Charité Universitätsmedizin Berlin,NA,NA,hospital,llm_curated,1,NA
charite universitaetsmedizin berlin,Charité Universitätsmedizin Berlin,Charité Universitätsmedizin Berlin,Charité Universitätsmedizin Berlin,hospital,llm_curated,1,NA
charite universitatsmedizin berlin,Charité Universitätsmedizin Berlin,Charité Universitätsmedizin Berlin,Charité Universitätsmedizin Berlin,hospital,self_alias,0.94,self
charite universittsmedizin berlin,Charité Universitätsmedizin Berlin,Charité Universitätsmedizin Berlin,Charité Universitätsmedizin Berlin,hospital,llm_curated,1,NA
charite universittsmedizin berlin- campus virchow-klinikum,Charité Universitätsmedizin Berlin,Charité Universitätsmedizin Berlin,Charité Universitätsmedizin Berlin,hospital,llm_curated,1,NA
charite-universittsmedizin berlin germany,Charité Universitätsmedizin Berlin,Charité Universitätsmedizin Berlin,Charité Universitätsmedizin Berlin,hospital,llm_curated,1,NA
charité - universitätsmedizin berlin,Charité Universitätsmedizin Berlin,Charité Universitätsmedizin Berlin,Charité Universitätsmedizin Berlin,hospital,llm_curated,1,NA
charlotte uggerhoj andersen,Charlotte Uggerhøj Andersen,NA,NA,unknown,self_alias,0.94,self
chdi foundation,CHDI Foundation,NA,NA,foundation,self_alias,0.94,self
checkpoint therapeutics,Checkpoint Therapeutics,NA,NA,unknown,self_alias,0.94,self
chelsea therapeutics,Chelsea Therapeutics,NA,NA,unknown,self_alias,0.94,self
chemi,Chemi,NA,NA,unknown,self_alias,0.94,self
chemische fabrik kreussler and co,Chemische Fabrik Kreussler & Co.,NA,NA,unknown,self_alias,0.94,self
chemo research s l / inmunova,Chemo Research S.L. / Inmunova,NA,NA,unknown,self_alias,0.94,self
chemocentryx,ChemoCentryx,NA,NA,unknown,self_alias,0.94,self
chemomab,ChemomAb,NA,NA,unknown,self_alias,0.94,self
chengdu kanghong biotechnology co,Chengdu Kanghong Biotechnology Co.,NA,NA,unknown,self_alias,0.94,self
chi creteil,CHI Créteil,NA,NA,unknown,self_alias,0.94,self
chiasma,Chiasma,NA,NA,unknown,self_alias,0.94,self
chief scientist office,Chief Scientist Office,NA,NA,unknown,self_alias,0.94,self
chiesi,Chiesi Farmaceutici,Chiesi Farmaceutici,Chiesi Farmaceutici,industry,llm_curated,1,NA
chiesi farmaceutici,Chiesi Farmaceutici,Chiesi Farmaceutici,Chiesi Farmaceutici,industry,llm_curated,1,NA
chiesi farmaceutici spa,Chiesi Farmaceutici,Chiesi Farmaceutici,Chiesi Farmaceutici,industry,llm_curated,1,NA
children's health ireland at crumlin,Children's Health Ireland at Crumlin,NA,NA,hospital,self_alias,0.94,self
children's hospital of eastern ontario,Children's Hospital of Eastern Ontario,NA,NA,hospital,self_alias,0.94,self
childrens research institute,Childrens Research Institute,NA,NA,unknown,self_alias,0.94,self
chimerix,Chimerix,NA,NA,unknown,self_alias,0.94,self
chinook therapeutics u s,Chinook Therapeutics U.S.,NA,NA,unknown,self_alias,0.94,self
chiron,Chiron,NA,NA,industry,llm_curated,1,NA
chong kun dang pharmaceutical,Chong Kun Dang Pharmaceutical,NA,NA,unknown,self_alias,0.94,self
chr d'orleans,CHR d'Orléans,NA,NA,unknown,self_alias,0.94,self
chr hansen,Chr. Hansen,NA,NA,unknown,self_alias,0.94,self
christian geisler righospitalet dept haematology 4042,Rigshospitalet,NA,NA,unknown,llm_curated,1,NA
chroma therapeutics,Chroma Therapeutics,NA,NA,unknown,self_alias,0.94,self
chrontech pharma,ChronTech Pharma,NA,NA,unknown,self_alias,0.94,self
chru de besanon,CHU de Besançon,NA,NA,hospital,llm_curated,1,NA
chru de lille,Centre Hospitalier Universitaire de Lille,NA,NA,hospital,llm_curated,1,NA
chru de nancy,CHRU De Nancy,NA,NA,NA,ctis_businesskey,0.95,NA
chru nancy,CHRU De Nancy,CHRU De Nancy,CHRU De Nancy,hospital,llm_curated,1,NA
chu ambroise pare,CHU Ambroise Paré,NA,NA,hospital,llm_curated,1,NA
chu amiens picardie,CHU Amiens-Picardie,NA,NA,hospital,llm_curated,1,NA
chu amiens-picardie,CHU Amiens-Picardie,NA,NA,hospital,llm_curated,1,NA
chu angers,CHU d'Angers,NA,NA,hospital,llm_curated,1,NA
chu besancon,CHU de Besançon,NA,NA,hospital,llm_curated,1,NA
chu besanon,CHU de Besançon,NA,NA,hospital,llm_curated,1,NA
chu besançon,CHU de Besançon,NA,NA,hospital,llm_curated,1,NA
chu bordeaux,CHU de Bordeaux,NA,NA,hospital,llm_curated,1,NA
chu brugmann,CHU Brugmann,NA,NA,hospital,llm_curated,1,NA
chu caen,CHU de Caen,NA,NA,hospital,llm_curated,1,NA
chu clermont ferrand - drci,CHU de Clermont-Ferrand,NA,NA,hospital,llm_curated,1,NA
chu clermont-ferrand,CHU de Clermont-Ferrand,NA,NA,hospital,llm_curated,1,NA
chu d'amiens-picardie,CHU Amiens-Picardie,NA,NA,hospital,llm_curated,1,NA
chu d'angers,CHU d'Angers,NA,NA,hospital,llm_curated,1,NA
chu d'besançon,CHU de Besançon,NA,NA,hospital,llm_curated,1,NA
chu d'bordeaux,CHU de Bordeaux,NA,NA,hospital,llm_curated,1,NA
chu d'brugmann,CHU Brugmann,NA,NA,hospital,llm_curated,1,NA
chu d'caen,CHU de Caen,NA,NA,hospital,llm_curated,1,NA
chu d'clermont-ferrand,CHU de Clermont-Ferrand,NA,NA,hospital,llm_curated,1,NA
chu d'dijon,CHU Dijon Bourgogne,NA,NA,hospital,llm_curated,1,NA
chu d'grenoble,CHU de Grenoble,NA,NA,hospital,llm_curated,1,NA
chu d'la réunion,CHU de La Réunion,NA,NA,hospital,llm_curated,1,NA
chu d'lille,Centre Hospitalier Universitaire de Lille,NA,NA,hospital,llm_curated,1,NA
chu d'limoges,CHU de Limoges,NA,NA,hospital,llm_curated,1,NA
chu d'liège,Centre Hospitalier Universitaire de Liège,NA,NA,hospital,llm_curated,1,NA
chu d'montpellier,CHU de Montpellier,NA,NA,hospital,llm_curated,1,NA
chu d'nancy,CHU de Nancy,NA,NA,hospital,llm_curated,1,NA
chu d'nantes,CHU de Nantes,NA,NA,hospital,llm_curated,1,NA
chu d'nice,CHU de Nice,NA,NA,hospital,llm_curated,1,NA
chu d'nîmes,CHU de Nîmes,NA,NA,hospital,llm_curated,1,NA
chu d'poitiers,CHU de Poitiers,NA,NA,hospital,llm_curated,1,NA
chu d'reims,CHU de Reims,NA,NA,hospital,llm_curated,1,NA
chu d'rennes,CHU de Rennes,NA,NA,hospital,llm_curated,1,NA
chu d'rouen,CHU de Rouen,NA,NA,hospital,llm_curated,1,NA
chu d'saint-étienne,CHU de Saint-Étienne,NA,NA,hospital,llm_curated,1,NA
chu d'toulouse,CHU de Toulouse,NA,NA,hospital,llm_curated,1,NA
chu de amiens-picardie,CHU Amiens-Picardie,NA,NA,hospital,llm_curated,1,NA
chu de angers,CHU d'Angers,NA,NA,hospital,llm_curated,1,NA
chu de besancon,CHU de Besançon,NA,NA,hospital,llm_curated,1,NA
chu de besançon,CHU de Besançon,NA,NA,hospital,llm_curated,1,NA
chu de bordeaux,CHU de Bordeaux,NA,NA,hospital,llm_curated,1,NA
chu de brest,CHU de Brest,NA,NA,hospital,llm_curated,1,NA
chu de brugmann,CHU Brugmann,NA,NA,hospital,llm_curated,1,NA
chu de caen,CHU de Caen,NA,NA,hospital,llm_curated,1,NA
chu de charleroi - hopital civil marie curie,CHU de Charleroi - Hôpital Civil Marie Curie,NA,NA,hospital,self_alias,0.94,self
chu de clermont-ferrand,CHU de Clermont-Ferrand,NA,NA,hospital,llm_curated,1,NA
chu de dijon,CHU Dijon Bourgogne,NA,NA,hospital,llm_curated,1,NA
chu de grenoble,CHU de Grenoble,NA,NA,hospital,llm_curated,1,NA
chu de la reunion,CHU de La Réunion,NA,NA,hospital,llm_curated,1,NA
chu de la réunion,CHU de La Réunion,NA,NA,hospital,llm_curated,1,NA
chu de lille,Centre Hospitalier Universitaire de Lille,NA,NA,hospital,llm_curated,1,NA
chu de limoges,CHU de Limoges,NA,NA,hospital,llm_curated,1,NA
chu de liège,Centre Hospitalier Universitaire de Liège,NA,NA,hospital,llm_curated,1,NA
chu de montpellier,CHU de Montpellier,NA,NA,hospital,llm_curated,1,NA
chu de nancy,CHU de Nancy,NA,NA,hospital,llm_curated,1,NA
chu de nantes,CHU de Nantes,NA,NA,hospital,llm_curated,1,NA
chu de nice,CHU de Nice,NA,NA,hospital,llm_curated,1,NA
chu de nimes,CHU de Nîmes,NA,NA,hospital,llm_curated,1,NA
chu de nîmes,CHU de Nîmes,NA,NA,hospital,llm_curated,1,NA
chu de pointe-a-pitre,CHU de Pointe-à-Pitre,NA,NA,hospital,self_alias,0.94,self
chu de poitiers,CHU de Poitiers,NA,NA,hospital,llm_curated,1,NA
chu de reims,CHU de Reims,NA,NA,hospital,llm_curated,1,NA
chu de rennes,CHU de Rennes,NA,NA,hospital,llm_curated,1,NA
chu de rouen,CHU de Rouen,NA,NA,hospital,llm_curated,1,NA
chu de saint etienne,CHU de Saint-Étienne,NA,NA,hospital,llm_curated,1,NA
chu de saint-etienne,CHU de Saint-Étienne,NA,NA,hospital,llm_curated,1,NA
chu de saint-étienne,CHU de Saint-Étienne,NA,NA,hospital,llm_curated,1,NA
chu de toulouse,CHU de Toulouse,NA,NA,hospital,llm_curated,1,NA
chu dijon,CHU Dijon Bourgogne,NA,NA,hospital,llm_curated,1,NA
chu dijon bourgogne,CHU Dijon Bourgogne,NA,NA,hospital,self_alias,0.94,self
chu gabriel-montpied,CHU de Clermont-Ferrand,NA,NA,hospital,llm_curated,1,NA
chu grenoble,CHU de Grenoble,NA,NA,hospital,llm_curated,1,NA
chu grenoble alpes,CHU de Grenoble,NA,NA,hospital,llm_curated,1,NA
chu la réunion,CHU de La Réunion,NA,NA,hospital,llm_curated,1,NA
chu lille,Centre Hospitalier Universitaire de Lille,NA,NA,hospital,llm_curated,1,NA
chu limoges,CHU de Limoges,NA,NA,hospital,llm_curated,1,NA
chu liège,Centre Hospitalier Universitaire de Liège,NA,NA,hospital,llm_curated,1,NA
chu montpellier,CHU de Montpellier,NA,NA,hospital,llm_curated,1,NA
chu nancy,CHU de Nancy,NA,NA,hospital,llm_curated,1,NA
chu nantes,CHU de Nantes,NA,NA,hospital,llm_curated,1,NA
chu nice,CHU de Nice,NA,NA,hospital,llm_curated,1,NA
chu nimes,CHU de Nîmes,NA,NA,hospital,llm_curated,1,NA
chu nîmes,CHU de Nîmes,NA,NA,hospital,llm_curated,1,NA
chu poitiers,CHU de Poitiers,NA,NA,hospital,llm_curated,1,NA
chu reims,CHU de Reims,NA,NA,hospital,llm_curated,1,NA
chu rennes,CHU de Rennes,NA,NA,hospital,llm_curated,1,NA
chu rouen,CHU de Rouen,NA,NA,hospital,llm_curated,1,NA
chu saint etienne,CHU de Saint-Étienne,NA,NA,hospital,llm_curated,1,NA
chu saint-etienne,CHU de Saint-Étienne,NA,NA,hospital,llm_curated,1,NA
chu saint-étienne,CHU de Saint-Étienne,NA,NA,hospital,llm_curated,1,NA
chu sart-tilman,Centre Hospitalier Universitaire de Liège,NA,NA,hospital,llm_curated,1,NA
chu toulouse,CHU de Toulouse,NA,NA,hospital,llm_curated,1,NA
chu vaudois chuv,CHU Vaudois (CHUV),NA,NA,unknown,self_alias,0.94,self
chu-hopitaux de rouen,CHU de Rouen,NA,NA,hospital,llm_curated,1,NA
chu-ulg,Centre Hospitalier Universitaire de Liège,NA,NA,hospital,llm_curated,1,NA
chugai pharma europe,Chugai Pharma Europe,NA,NA,unknown,self_alias,0.94,self
chugai pharmaceutical co,Chugai Pharmaceutical Co.,NA,NA,unknown,self_alias,0.94,self
chx technologies,CHX Technologies,NA,NA,unknown,self_alias,0.94,self
ciberes - centro de investigacion biomedica en red enfermedades respiratorias,CIBERES - Centro de Investigación Biomédica en Red Enfermedades Respiratorias,NA,NA,unknown,self_alias,0.94,self
ciberned,CIBERNED,NA,NA,academic,self_alias,0.94,self
ciboma,CIBOMA,NA,NA,unknown,self_alias,0.94,self
cidara therapeutics,Cidara Therapeutics,NA,NA,unknown,self_alias,0.94,self
cimcure,CimCure,NA,NA,unknown,self_alias,0.94,self
cinclus pharma,Cinclus Pharma,NA,NA,unknown,self_alias,0.94,self
cinto seguis,Cinto Seguís,NA,NA,unknown,self_alias,0.94,self
cipla biotec,Cipla BioTec,NA,NA,unknown,self_alias,0.94,self
circassia,Circassia,NA,NA,unknown,self_alias,0.94,self
ciruga general ii hospital general universitario gregorio maran,Hospital General Universitario Gregorio Marañón,NA,NA,hospital,llm_curated,1,NA
citryll,Citryll,NA,NA,unknown,self_alias,0.94,self
civica,Civica,NA,NA,unknown,self_alias,0.94,self
civitas therapeutics,Civitas Therapeutics,NA,NA,unknown,self_alias,0.94,self
clairvoyant therapeutics,Clairvoyant Therapeutics,NA,NA,unknown,self_alias,0.94,self
clarus therapeutics,Clarus Therapeutics,NA,NA,unknown,self_alias,0.94,self
clearside biomedical,Clearside Biomedical,NA,NA,unknown,self_alias,0.94,self
clementia pharmaceuticals,Clementia Pharmaceuticals,NA,NA,unknown,self_alias,0.94,self
clexio biosciences,Clexio Biosciences,NA,NA,unknown,self_alias,0.94,self
climb bio,Climb Bio,NA,NA,unknown,self_alias,0.94,self
clinica integral del pie - ana sans,Clínica Integral del Pie - Ana Sans,NA,NA,unknown,self_alias,0.94,self
clinica palacios madrid,Clinica Palacios Madrid,NA,NA,unknown,self_alias,0.94,self
clinical data care spain,Clinical Data Care Spain,NA,NA,unknown,self_alias,0.94,self
clinical research international,Clinical Research International,NA,NA,unknown,self_alias,0.94,self
cliniques universitaires saint-luc,Cliniques Universitaires Saint-Luc,NA,NA,hospital,llm_curated,1,NA
cliniques universitaires saint-luc universite catholique de louvain,Cliniques Universitaires Saint-Luc,NA,NA,hospital,llm_curated,1,NA
clintrio,ClinTrio,NA,NA,unknown,self_alias,0.94,self
clinuvel pharmaceuticals,Clinuvel Pharmaceuticals,NA,NA,unknown,self_alias,0.94,self
clover biopharmaceuticals aus pty,Clover Biopharmaceuticals AUS Pty,NA,NA,unknown,self_alias,0.94,self
clovis oncology,Clovis Oncology,NA,NA,unknown,self_alias,0.94,self
cmc ambroise par,CMC Ambroise Paré,NA,NA,hospital,llm_curated,1,NA
cmc contrast,CMC Contrast,NA,NA,unknown,self_alias,0.94,self
cnic centro nacional de investigaciones cardiologicas,CNIC Centro Nacional de Investigaciones Cardiológicas,NA,NA,unknown,self_alias,0.94,self
cnio - centro nacional de investigaciones oncologicas,CNIO - Centro Nacional de Investigaciones Oncológicas,NA,NA,unknown,self_alias,0.94,self
cns pharmaceuticals,CNS Pharmaceuticals,NA,NA,unknown,self_alias,0.94,self
co don,co.don,NA,NA,unknown,self_alias,0.94,self
codadose,Codadose,NA,NA,unknown,self_alias,0.94,self
coegin pharma,Coegin Pharma,NA,NA,unknown,self_alias,0.94,self
cogent biosciences,Cogent Biosciences,NA,NA,unknown,self_alias,0.94,self
cogentus,Cogentus,NA,NA,unknown,self_alias,0.94,self
cognition therapeutics,Cognition Therapeutics,NA,NA,unknown,self_alias,0.94,self
coherus biosciences,Coherus Biosciences,NA,NA,unknown,self_alias,0.94,self
colonis pharma,Colonis Pharma,NA,NA,unknown,self_alias,0.94,self
coloplast,Coloplast,NA,NA,unknown,self_alias,0.94,self
colotech,Colotech,NA,NA,unknown,self_alias,0.94,self
colucid pharmaceuticals,CoLucid Pharmaceuticals,NA,NA,unknown,self_alias,0.94,self
columbia laboratories,Columbia Laboratories,NA,NA,unknown,self_alias,0.94,self
combat medical,Combat Medical,NA,NA,unknown,self_alias,0.94,self
combinatorx,CombinatoRx,NA,NA,unknown,self_alias,0.94,self
combustin pharmazeutische prparate,Combustin Pharmazeutische Prparate,NA,NA,unknown,self_alias,0.94,self
comenius university faculty of medicine,Comenius University Faculty of Medicine,NA,NA,unknown,self_alias,0.94,self
comentis,CoMentis,NA,NA,unknown,self_alias,0.94,self
companion diagnostics,Companion Diagnostics,NA,NA,unknown,self_alias,0.94,self
compass pathfinder,COMPASS Pathfinder,NA,NA,unknown,self_alias,0.94,self
complejo asistencial universitario de leon,Complejo Asistencial Universitario de León,NA,NA,unknown,self_alias,0.94,self
complejo hospitalario universitario de albacete,Complejo Hospitalario Universitario de Albacete,NA,NA,unknown,self_alias,0.94,self
complexa,Complexa,NA,NA,unknown,self_alias,0.94,self
compugen,Compugen,NA,NA,unknown,self_alias,0.94,self
conatus pharmaceuticals,Conatus Pharmaceuticals,NA,NA,unknown,self_alias,0.94,self
concert pharmaceuticals,Concert Pharmaceuticals,NA,NA,unknown,self_alias,0.94,self
conjuchem,ConjuChem,NA,NA,unknown,self_alias,0.94,self
connecta therapeutics,Connecta Therapeutics,NA,NA,unknown,self_alias,0.94,self
consejeria de sanidad de la comunidad de madrid,Consejería de Sanidad de la Comunidad de Madrid,NA,NA,unknown,self_alias,0.94,self
consorcio centro de investigacin biomdica en red mp ciber,CIBER - Consorcio Centro de Investigación Biomédica en Red,NA,NA,academic,llm_curated,1,NA
consorcio centro de investigacion biomedica en red ciber,CIBER - Consorcio Centro de Investigación Biomédica en Red,NA,NA,academic,llm_curated,1,NA
constellation pharmaceuticals,Constellation Pharmaceuticals,NA,NA,unknown,self_alias,0.94,self
contrafect,ContraFect,NA,NA,unknown,self_alias,0.94,self
convergence pharmaceuticals,Convergence Pharmaceuticals,NA,NA,unknown,self_alias,0.94,self
cook myosite,Cook MyoSite,NA,NA,unknown,self_alias,0.94,self
copenhagen university hospital,Rigshospitalet,Rigshospitalet,Rigshospitalet,hospital,llm_curated,1,NA
copenhagen university hospital amager and hvidovre,Hvidovre Hospital,NA,NA,hospital,llm_curated,1,NA
copenhagen university hospital bispebjerg,Copenhagen University Hospital - Bispebjerg and Frederiksberg,NA,NA,hospital,llm_curated,1,NA
copenhagen university hospital hvidovre,Hvidovre Hospital,NA,NA,hospital,llm_curated,1,NA
copenhagen university hospital hvidovre capital region,Hvidovre Hospital,NA,NA,hospital,llm_curated,1,NA
copenhagen university hospital of bispebjerg,Copenhagen University Hospital - Bispebjerg and Frederiksberg,NA,NA,hospital,llm_curated,1,NA
copenhagen university hospital rigshospitalet,Rigshospitalet,Rigshospitalet,Rigshospitalet,hospital,llm_curated,1,NA
corat therapeutics,Corat Therapeutics,NA,NA,unknown,self_alias,0.94,self
corbus pharmaceuticals,Corbus Pharmaceuticals,NA,NA,unknown,self_alias,0.94,self
coretherapix,Coretherapix,NA,NA,unknown,self_alias,0.94,self
corflow therapeutics,Corflow Therapeutics,NA,NA,unknown,self_alias,0.94,self
corimmun,Corimmun,NA,NA,unknown,self_alias,0.94,self
corline biomedical,Corline Biomedical,NA,NA,unknown,self_alias,0.94,self
corporativo de servicios medicos especializados,Corporativo de Servicios Médicos Especializados,NA,NA,unknown,self_alias,0.94,self
cortendo,Cortendo,NA,NA,unknown,self_alias,0.94,self
cortexyme,Cortexyme,NA,NA,unknown,self_alias,0.94,self
corthera,Corthera,NA,NA,unknown,self_alias,0.94,self
corvus pharmaceuticals,Corvus Pharmaceuticals,NA,NA,unknown,self_alias,0.94,self
corxel pharmaceuticals,Corxel Pharmaceuticals,NA,NA,unknown,self_alias,0.94,self
cosmo technologies,Cosmo Technologies,NA,NA,industry,self_alias,0.94,self
cosmo technologies limited,Cosmo Technologies,NA,NA,industry,llm_curated,1,NA
cotherix,COTHERIX,NA,NA,unknown,self_alias,0.94,self
cougar biotechnology,Cougar Biotechnology,NA,NA,unknown,self_alias,0.94,self
county council of stergtland,County Council of Östergötland,NA,NA,public_body,llm_curated,1,NA
cpds bermuda,CPDS Bermuda,NA,NA,unknown,self_alias,0.94,self
cr2o,Cr2o,NA,NA,unknown,self_alias,0.94,self
creabilis,Creabilis,NA,NA,unknown,self_alias,0.94,self
criceto ikm,Criceto IKM,NA,NA,unknown,self_alias,0.94,self
crinetics pharmaceuticals,Crinetics Pharmaceuticals,Crinetics Pharmaceuticals,Crinetics Pharmaceuticals,industry,llm_curated,1,NA
crinos,CRINOS,NA,NA,unknown,self_alias,0.94,self
crispr therapeutics,CRISPR Therapeutics,NA,NA,unknown,self_alias,0.94,self
cristcot hca,Cristcot HCA,NA,NA,unknown,self_alias,0.94,self
cristina avendano sola,Cristina Avendaño Sola,NA,NA,unknown,self_alias,0.94,self
crolll,CROLLL,NA,NA,unknown,self_alias,0.94,self
croma-pharma,Croma-Pharma,NA,NA,unknown,self_alias,0.94,self
crucell holland,Crucell Holland,NA,NA,unknown,self_alias,0.94,self
crucell switzerland,Crucell Switzerland,NA,NA,unknown,self_alias,0.94,self
crystalgenomics,CrystalGenomics,NA,NA,unknown,self_alias,0.94,self
crystalys therapeutics,Crystalys Therapeutics,NA,NA,unknown,self_alias,0.94,self
csc pharmaceuticals handels,CSC Pharmaceuticals Handels,NA,NA,unknown,self_alias,0.94,self
csic,CSIC,NA,NA,unknown,self_alias,0.94,self
csl behring,CSL Behring,CSL Behring,CSL Behring,industry,llm_curated,1,NA
csl behring gmbh,CSL Behring,CSL Behring,CSL Behring,industry,llm_curated,1,NA
cstone pharmaceuticals suzhou co,CStone Pharmaceuticals Suzhou Co.,NA,NA,unknown,self_alias,0.94,self
ctd holdings,CTD Holdings,NA,NA,unknown,self_alias,0.94,self
cti biopharma,CTI BioPharma,NA,NA,unknown,self_alias,0.94,self
cub hopital erasme,CUB - Hôpital Erasme,NA,NA,hospital,llm_curated,1,NA
cub ulb hopital erasme,CUB - Hôpital Erasme,NA,NA,hospital,llm_curated,1,NA
cullinan mica,Cullinan Mica,NA,NA,unknown,self_alias,0.94,self
cullinan oncology,Cullinan Oncology,NA,NA,unknown,self_alias,0.94,self
cullinan therapeutics,Cullinan Therapeutics,NA,NA,unknown,self_alias,0.94,self
cumberland pharmaceuticals,Cumberland Pharmaceuticals,NA,NA,unknown,self_alias,0.94,self
curacell holding,CuraCell Holding,NA,NA,unknown,self_alias,0.94,self
curadel surgical innovations,Curadel Surgical Innovations,NA,NA,unknown,self_alias,0.94,self
curasen therapeutics,CuraSen Therapeutics,NA,NA,unknown,self_alias,0.94,self
curasight,Curasight,NA,NA,unknown,self_alias,0.94,self
curateq biologics private,CuraTeQ Biologics Private,NA,NA,unknown,self_alias,0.94,self
curatis pharma,Curatis Pharma,NA,NA,unknown,self_alias,0.94,self
curavac europe,CuraVac Europe,NA,NA,unknown,self_alias,0.94,self
curevac,CureVac,NA,NA,industry,self_alias,0.94,self
curevac ag,Curevac,NA,NA,NA,ctis_businesskey,0.95,NA
curevac gmbh,CureVac,NA,NA,industry,llm_curated,1,NA
curis,Curis,NA,NA,unknown,self_alias,0.94,self
curium austria,Curium Austria,NA,NA,unknown,self_alias,0.94,self
curium us,Curium US,NA,NA,unknown,self_alias,0.94,self
cutiss,Cutiss,NA,NA,unknown,self_alias,0.94,self
cv therapeutics,CV Therapeutics,NA,NA,unknown,self_alias,0.94,self
cvie therapeutics company,CVIE THERAPEUTICS COMPANY,NA,NA,unknown,self_alias,0.94,self
cybin,Cybin,NA,NA,unknown,self_alias,0.94,self
cyclacel,Cyclacel,NA,NA,unknown,self_alias,0.94,self
cyclerion therapeutics,Cyclerion Therapeutics,NA,NA,unknown,self_alias,0.94,self
cyclo therapeutics,Cyclo Therapeutics,NA,NA,unknown,self_alias,0.94,self
cynata therapeutics,Cynata Therapeutics,NA,NA,unknown,self_alias,0.94,self
cytavis biopharma,CYTAVIS BioPharma,NA,NA,unknown,self_alias,0.94,self
cytochemia,CYTOCHEMIA,NA,NA,unknown,self_alias,0.94,self
cytodyn,CytoDyn,NA,NA,unknown,self_alias,0.94,self
cytoki pharma,Cytoki Pharma,NA,NA,unknown,self_alias,0.94,self
cytokinetics,Cytokinetics,NA,NA,unknown,self_alias,0.94,self
cytomx therapeutics,CytomX Therapeutics,NA,NA,unknown,self_alias,0.94,self
cytonet,Cytonet,NA,NA,unknown,self_alias,0.94,self
cytori therapeutics,Cytori Therapeutics,NA,NA,unknown,self_alias,0.94,self
cytos biotechnology,Cytos Biotechnology,NA,NA,unknown,self_alias,0.94,self
cytovac,CytoVac,NA,NA,unknown,self_alias,0.94,self
cytovation,Cytovation,NA,NA,unknown,self_alias,0.94,self
cytrx,CytRx,NA,NA,unknown,self_alias,0.94,self
cytuvax,CyTuVax,NA,NA,unknown,self_alias,0.94,self
cyxone,Cyxone,NA,NA,unknown,self_alias,0.94,self
d-pharm,D-Pharm,NA,NA,unknown,self_alias,0.94,self
d2 derma europe,D2 Derma Europe,NA,NA,unknown,self_alias,0.94,self
d3 bio wuxi co,D3 Bio (Wuxi) Co.,NA,NA,unknown,self_alias,0.94,self
da pharma,Da Pharma,NA,NA,unknown,self_alias,0.94,self
daehwa pharmaceutical co,Daehwa Pharmaceutical Co.,NA,NA,unknown,self_alias,0.94,self
daiichi asubio pharmaceuticals,Daiichi Asubio Pharmaceuticals,NA,NA,unknown,self_alias,0.94,self
daiichi medical research,Daiichi Medical Research,NA,NA,unknown,self_alias,0.94,self
daiichi pharmaceutical co,Daiichi Pharmaceutical Co.,NA,NA,unknown,self_alias,0.94,self
daiichi sankyo,Daiichi Sankyo,Daiichi Sankyo,Daiichi Sankyo,industry,llm_curated,1,NA
daiichi sankyo inc,Daiichi Sankyo,Daiichi Sankyo,Daiichi Sankyo,industry,llm_curated,1,NA
dainippon sumitomo pharma europe,Dainippon Sumitomo Pharma Europe,NA,NA,unknown,self_alias,0.94,self
dalcor pharma uk,DalCor Pharma UK,NA,NA,unknown,self_alias,0.94,self
damian pharma,DAMIAN Pharma,NA,NA,unknown,self_alias,0.94,self
dana-farber cancer institute,Dana-Farber Cancer Institute,NA,NA,unknown,self_alias,0.94,self
dance biopharm,Dance Biopharm,NA,NA,unknown,self_alias,0.94,self
dance pharmaceuticals,Dance Pharmaceuticals,NA,NA,unknown,self_alias,0.94,self
dandrit biotech,Dandrit Biotech,NA,NA,unknown,self_alias,0.94,self
daniel hoj-pedersen,Daniel Høj-Pedersen,NA,NA,unknown,self_alias,0.94,self
daval international,Daval International,NA,NA,unknown,self_alias,0.94,self
day one biopharmaceuticals,Day One Biopharmaceuticals,NA,NA,unknown,self_alias,0.94,self
dcprime,DCprime,NA,NA,unknown,self_alias,0.94,self
dean of the medical faculty of the friedrich-alexander university erlangen-nurnberg,Friedrich-Alexander-Universität Erlangen-Nürnberg,NA,NA,academic,llm_curated,1,NA
debiopharm international,Debiopharm International,NA,NA,unknown,self_alias,0.94,self
debiopharm international sa,Debiopharm International,NA,NA,NA,ctis_businesskey,0.95,NA
deciphera pharmaceuticals,Deciphera Pharmaceuticals,NA,NA,unknown,self_alias,0.94,self
definium therapeutics us,Definium Therapeutics US,NA,NA,unknown,self_alias,0.94,self
dekan des fb medizin der johann-wolfgang goethe-universitt,Goethe-Universität Frankfurt am Main,NA,NA,academic,llm_curated,1,NA
delcath systems,Delcath Systems,NA,NA,unknown,self_alias,0.94,self
delenex therapeutics,Delenex Therapeutics,NA,NA,unknown,self_alias,0.94,self
delix therapeutics,Delix Therapeutics,NA,NA,unknown,self_alias,0.94,self
delta crystallon,Delta Crystallon,NA,NA,unknown,self_alias,0.94,self
denali therapeutics,Denali Therapeutics,NA,NA,unknown,self_alias,0.94,self
dendreon,Dendreon,NA,NA,unknown,self_alias,0.94,self
deoartment of dermatology d92 bispbjerg hospital,Bispebjerg Hospital,NA,NA,hospital,llm_curated,1,NA
dep anaesthesia and intensive care aarhus university hospital,Aarhus University Hospital,NA,NA,hospital,llm_curated,1,NA
department fr virologie medizinische universitt wien,Medical University Of Vienna,NA,NA,unknown,llm_curated,1,NA
department of anaesthesia and intensive care medicine aalborg university hospital,Aalborg University Hospital,NA,NA,hospital,llm_curated,1,NA
department of anaesthesia university college hospital galway,University College Hospital Galway,NA,NA,hospital,llm_curated,1,NA
department of anesthesia and intensive care medicine nordsjllands hospital,Nordsjællands Hospital,NA,NA,hospital,llm_curated,1,NA
department of anesthesiology and operative intensive care medicine charit cbf,Charité Universitätsmedizin Berlin,NA,NA,unknown,llm_curated,1,NA
department of anesthesiology copenhagen university hospital hvidovre,Hvidovre Hospital,NA,NA,hospital,llm_curated,1,NA
department of cardiology aarhus university hospital skejby,Aarhus University Hospital,NA,NA,hospital,llm_curated,1,NA
department of cardiology uk aachen,Universitätsklinikum Aachen,NA,NA,unknown,llm_curated,1,NA
department of cardiology university medical centre ljubljana,University Medical Centre Ljubljana,NA,NA,unknown,llm_curated,1,NA
department of cardiothoracic anesthesia and intensive care medicine medical university of vienna,Medical University Of Vienna,NA,NA,hospital,llm_curated,1,NA
department of clinical biochemestry aarhus university hospital,Aarhus University Hospital,NA,NA,hospital,llm_curated,1,NA
department of clinical neuroscience karolinska institutet,Karolinska Institutet,NA,NA,academic,llm_curated,1,NA
department of clinical oncology leiden university medical center,Leiden University Medical Center,NA,NA,unknown,llm_curated,1,NA
department of clinical pharmacology medical university of vienna vienna,Medical University Of Vienna,NA,NA,hospital,llm_curated,1,NA
department of clinical pharmacology/medical university of vienna,Medical University Of Vienna,NA,NA,hospital,llm_curated,1,NA
department of clinical physiology and nuclear medicine herlev and gentofte,Herlev og Gentofte Hospital,NA,NA,hospital,llm_curated,1,NA
department of clinical science intervention and technology karolinska institute,Karolinska Institutet,NA,NA,unknown,llm_curated,1,NA
department of clinical sciences karolinska institutet danderyd,Karolinska Institutet,NA,NA,academic,llm_curated,1,NA
department of dermatology d92 bispebjerg hospital,Copenhagen University Hospital - Bispebjerg and Frederiksberg,NA,NA,hospital,llm_curated,1,NA
department of dermatology erasmus university medical center,Erasmus MC,NA,NA,hospital,llm_curated,1,NA
department of dermatology odense university hospital,Odense University Hospital,NA,NA,hospital,llm_curated,1,NA
department of gynaecology helse finnmark klinikk hammerfest,Klinikk Hammerfest,NA,NA,unknown,llm_curated,1,NA
department of haematology zealand university hospital,"Sjællands University Hospital, Køge",NA,NA,hospital,llm_curated,1,NA
department of health,Department of Health,NA,NA,unknown,llm_curated,1,NA
department of hematology aalborg university hospital,Aalborg University Hospital,NA,NA,hospital,llm_curated,1,NA
department of hematology herlev and gentofte university hospital,Herlev og Gentofte Hospital,NA,NA,hospital,llm_curated,1,NA
department of hepatology and gastroenterology aarhus university hospital,Aarhus University Hospital,NA,NA,academic,llm_curated,1,NA
department of infectious diseases aarhus university hospital skejby,Aarhus University Hospital,NA,NA,hospital,llm_curated,1,NA
department of infectious diseases hvidovre hospital,Hvidovre Hospital,NA,NA,hospital,llm_curated,1,NA
department of internal medicine university hospital gasthuisberg,UZ Leuven,NA,NA,hospital,llm_curated,1,NA
department of medical gastroenterology herlev hospital,Herlev og Gentofte Hospital,NA,NA,hospital,llm_curated,1,NA
department of medical gastroenterology s odense university hospital,Odense University Hospital,NA,NA,hospital,llm_curated,1,NA
"department of medical sciences, akademiska sjukhuset",Uppsala University Hospital,NA,NA,hospital,llm_curated,1,NA
department of medicine i ordensklinikum linz,Ordensklinikum Linz,NA,NA,hospital,llm_curated,1,NA
department of medicine i university hospital st josef-hospital ruhr university bochum,St. Josef-Hospital Bochum,NA,NA,hospital,llm_curated,1,NA
department of medicine kge university hospital / department of medicine kge university hospital,"Sjællands University Hospital, Køge",NA,NA,hospital,llm_curated,1,NA
department of medicine zealand university hospital,Zealand University Hospital,NA,NA,hospital,llm_curated,1,NA
"department of medicine, haugesund hospital",Haugesund Hospital,NA,NA,hospital,llm_curated,1,NA
department of nephrology and renal transplantation university hospitals leuven,UZ Leuven,NA,NA,hospital,llm_curated,1,NA
department of nephrology rigshospitalet university of copenhagen,Rigshospitalet,NA,NA,hospital,llm_curated,1,NA
department of neurology and clinical neurophysiology st olavs hospital,"St. Olavs Hospital, Trondheim University Hospital",NA,NA,hospital,llm_curated,1,NA
department of neurology christian doppler medical center paracelsus,Paracelsus Medical University,NA,NA,hospital,llm_curated,1,NA
department of neurosurgery medical university of vienna,Medical University Of Vienna,NA,NA,hospital,llm_curated,1,NA
department of neurosurgery pmu,Paracelsus Medical University,NA,NA,unknown,llm_curated,1,NA
department of nuclear medicine aalborg university hospital,Aalborg University Hospital,NA,NA,hospital,llm_curated,1,NA
"department of nuclear medicine and endocrinology, paracelsus medical university salzburg",Paracelsus Medical University,NA,NA,unknown,llm_curated,1,NA
department of nuclear medicine medical university innsbruck,Medical University Of Innsbruck,NA,NA,hospital,llm_curated,1,NA
department of oncology aarhus university hospital,Aarhus University Hospital,NA,NA,hospital,llm_curated,1,NA
department of oncology herlev gentofte hospital,Herlev og Gentofte Hospital,NA,NA,hospital,llm_curated,1,NA
department of oncology linkping university hospital linkping sweden,Linköping University Hospital,NA,NA,hospital,llm_curated,1,NA
department of oncology university hospital herlev,Herlev og Gentofte Hospital,NA,NA,hospital,llm_curated,1,NA
department of oncology university hospital uppsala,Uppsala University Hospital,NA,NA,hospital,llm_curated,1,NA
department of ophthalmology hietzing hospital,Krankenhaus Hietzing,NA,NA,hospital,llm_curated,1,NA
"department of oral surgery dental school med. univ. graz, austria",Medical University Of Graz,NA,NA,unknown,llm_curated,1,NA
department of pediatrics aarhus university hospital skejby,Aarhus University Hospital,NA,NA,hospital,llm_curated,1,NA
"department of physiology and cardiothoracic surgery, faculty of medicine, university of porto",University of Porto,NA,NA,unknown,llm_curated,1,NA
department of psychiatry and psychotherapy charity university medicine,Charité Universitätsmedizin Berlin,NA,NA,charity,llm_curated,1,NA
department of psychiatry and psychotherapy medical university of vienna,Medical University Of Vienna,NA,NA,hospital,llm_curated,1,NA
department of psychology stockholm university,Stockholm University,NA,NA,unknown,llm_curated,1,NA
department of radiology rigshospitalet denmark,Rigshospitalet,NA,NA,hospital,llm_curated,1,NA
department of rheumatology hvidovre hospital,Hvidovre Hospital,NA,NA,hospital,llm_curated,1,NA
department of rheumatology internal medicine iii medical university of vienna,Medical University Of Vienna,NA,NA,unknown,llm_curated,1,NA
department of rheumatology university hospital lund,Skåne University Hospital,NA,NA,hospital,llm_curated,1,NA
department of surgery herlev hospital,Herlev og Gentofte Hospital,NA,NA,hospital,llm_curated,1,NA
"department of surgery, national university of ireland",National University of Ireland Galway,NA,NA,unknown,llm_curated,1,NA
department off infectious diseases aarhus university hospital skejby denmark,Aarhus University Hospital,NA,NA,hospital,llm_curated,1,NA
"department og gynaecology and obstetric, randers hospital",Randers Regional Hospital,NA,NA,hospital,llm_curated,1,NA
dept child adolescent psychiatry univ freiburg,University of Freiburg,NA,NA,unknown,llm_curated,1,NA
dept of anaesthesiology odense university hospital,Odense University Hospital,NA,NA,hospital,llm_curated,1,NA
dept of dermatology zealand university hospital roskilde,"Sjællands University Hospital, Køge",NA,NA,hospital,llm_curated,1,NA
"dept of endocrinology j 106, herlev hosptial",Herlev og Gentofte Hospital,NA,NA,unknown,llm_curated,1,NA
dept of endocrinology o106 herlev hospital,Herlev og Gentofte Hospital,NA,NA,hospital,llm_curated,1,NA
dept of hematology herlev hospital,Herlev og Gentofte Hospital,NA,NA,hospital,llm_curated,1,NA
dept of infectious diseases aarhus university hospital,Aarhus University Hospital,NA,NA,hospital,llm_curated,1,NA
dept of intensive care rigshopitalet,Rigshospitalet,NA,NA,hospital,llm_curated,1,NA
dept of internal medicine ii university hospital giessen,Universitätsklinikum Gießen,NA,NA,hospital,llm_curated,1,NA
dept of internal medicine iv med uni vienna,Medical University Of Vienna,NA,NA,unknown,llm_curated,1,NA
dept of medical sciences clinical diabetes and metabolism uppsala university,Uppsala University,NA,NA,unknown,llm_curated,1,NA
dept of oncology karolinska university hospital,Karolinska University Hospital,NA,NA,hospital,llm_curated,1,NA
dept of urology aarhus universityhospital,Aarhus University Hospital,NA,NA,unknown,llm_curated,1,NA
"dept. ob.gyn, univ oulu",Oulu University Hospital,NA,NA,unknown,llm_curated,1,NA
"dept. of anesthesiology and intensive care, charit - campus benjamin franklin",Charité Universitätsmedizin Berlin,NA,NA,unknown,llm_curated,1,NA
"dept. of gastroenterology, universityhospital odense",Odense University Hospital,NA,NA,unknown,llm_curated,1,NA
"dept. of psychiaty, university of freiburg",University of Freiburg,NA,NA,unknown,llm_curated,1,NA
derma sciences,Derma Sciences,NA,NA,unknown,self_alias,0.94,self
dermagen,DermaGen,NA,NA,unknown,self_alias,0.94,self
dermaliq therapeutics,Dermaliq Therapeutics,NA,NA,unknown,self_alias,0.94,self
dermapharm,Dermapharm,NA,NA,unknown,self_alias,0.94,self
dermatools biotech,DermaTools Biotech,NA,NA,unknown,self_alias,0.94,self
dermecular therapeutics,Dermecular Therapeutics,NA,NA,unknown,self_alias,0.94,self
dermira,Dermira,NA,NA,industry,self_alias,0.94,self
dermira inc a wholly-owned subsidiary of eli lilly and company,Dermira,NA,NA,industry,llm_curated,1,NA
dermira inc. a wholly owned subsidiary of eli lilly and company,Dermira,NA,NA,industry,llm_curated,1,NA
desitin arzneimittel,Desitin Arzneimittel,NA,NA,unknown,self_alias,0.94,self
deuteroncology,Deuteroncology,NA,NA,NA,ctis_businesskey,0.95,NA
deutsche cll-studiengruppe,Deutsche CLL-Studiengruppe,NA,NA,unknown,self_alias,0.94,self
deutsche homoopathie-union dhu-arzneimittel,"Deutsche Homöopathie-Union, DHU-Arzneimittel",NA,NA,unknown,self_alias,0.94,self
deutsches krebsforschungszentrum dkfz,Deutsches Krebsforschungszentrum (DKFZ),NA,NA,NA,ctis_businesskey,0.95,NA
develco pharma schweiz,Develco Pharma Schweiz,NA,NA,unknown,self_alias,0.94,self
dexcel pharma technologies,Dexcel Pharma Technologies,NA,NA,unknown,self_alias,0.94,self
dextech medical,DexTech Medical,NA,NA,unknown,self_alias,0.94,self
di-acetylm,Di-AcetylM,NA,NA,unknown,self_alias,0.94,self
diagram,Diagram,NA,NA,unknown,self_alias,0.94,self
diamedica therapeutics,Diamedica Therapeutics,NA,NA,unknown,self_alias,0.94,self
diamyd medical,Diamyd Medical,NA,NA,unknown,self_alias,0.94,self
diamyd therapeutics,Diamyd Therapeutics,NA,NA,unknown,self_alias,0.94,self
dianthus therapeutics,Dianthus Therapeutics,NA,NA,unknown,self_alias,0.94,self
diasolve,Diasolve,NA,NA,unknown,self_alias,0.94,self
diater laboratorio de diagnostico y aplicaciones terapeuticas,Diater Laboratorio de Diagnóstico y Aplicaciones Terapéuticas,NA,NA,industry,self_alias,0.94,self
diater laboratorio de diagnostico y aplicaciones terapeuticas s a,Diater Laboratorio de Diagnóstico y Aplicaciones Terapéuticas,NA,NA,industry,llm_curated,1,NA
diatos,Diatos,NA,NA,unknown,self_alias,0.94,self
dice therapeutics,DICE Therapeutics,NA,NA,NA,self_alias,0.94,self
dice therapeutics inc,DICE Therapeutics,NA,NA,NA,ctis_businesskey,0.95,NA
dicerna pharmaceuticals,Dicerna Pharmaceuticals,NA,NA,unknown,self_alias,0.94,self
dicofarm,Dicofarm,NA,NA,unknown,self_alias,0.94,self
dicot,Dicot,NA,NA,unknown,self_alias,0.94,self
diffusion pharmaceuticals,Diffusion Pharmaceuticals,NA,NA,unknown,self_alias,0.94,self
digna biotech,Digna Biotech,NA,NA,unknown,self_alias,0.94,self
dignity sciences,Dignity Sciences,NA,NA,unknown,self_alias,0.94,self
dilafor,Dilafor,NA,NA,unknown,self_alias,0.94,self
dimension therapeutics,Dimension Therapeutics,NA,NA,unknown,self_alias,0.94,self
dimerix bioscience pty,Dimerix Bioscience Pty,NA,NA,unknown,self_alias,0.94,self
dimethaid,Dimethaid,NA,NA,unknown,self_alias,0.94,self
dipartimento di medicina di precisione - universit degli studi della campania l vanvitelli,Università degli Studi della Campania Luigi Vanvitelli,NA,NA,academic,llm_curated,1,NA
dipartimento di medicina-dimed universit di padova,Azienda Ospedaliera di Padova,NA,NA,hospital,llm_curated,1,NA
dipartimento scienze chirurgiche oncologiche e gastroenterologiche,"Dipartimento Scienze Chirurgiche, Oncologiche e Gastroenterologiche",NA,NA,unknown,self_alias,0.94,self
direction de la recherche clinique et de linnovation chu de rouen,CHU de Rouen,NA,NA,hospital,llm_curated,1,NA
disc medicine,Disc Medicine,NA,NA,unknown,self_alias,0.94,self
discovery laboratories,Discovery Laboratories,NA,NA,unknown,self_alias,0.94,self
disphar international,Disphar International,NA,NA,unknown,self_alias,0.94,self
disruptive pharma,Disruptive Pharma,NA,NA,unknown,self_alias,0.94,self
diurnal,Diurnal,NA,NA,unknown,self_alias,0.94,self
division of angiology graz,Medical University Of Graz,NA,NA,unknown,llm_curated,1,NA
division of cardiology robert-bosch-krankenhaus,Robert-Bosch-Krankenhaus,NA,NA,unknown,llm_curated,1,NA
division of thoracic and hyperbaric surgery medical university graz,Medical University Of Graz,NA,NA,hospital,llm_curated,1,NA
division pf paediatric and adolescent medicine oslo university hospital,Oslo University Hospital,NA,NA,hospital,llm_curated,1,NA
dizal,Dizal,NA,NA,unknown,self_alias,0.94,self
dkms gemeinnutzige,DKMS gemeinnützige,NA,NA,unknown,self_alias,0.94,self
dobecure,DOBECURE,NA,NA,unknown,self_alias,0.94,self
dolnoslaskie centrum chorob serca im prof zbigniewa religi medinet,Dolnośląskie Centrum Chorób Serca Im. Prof. Zbigniewa Religi Medinet,NA,NA,unknown,self_alias,0.94,self
dolorgiet,Dolorgiet,NA,NA,unknown,self_alias,0.94,self
domp farmaceutici s p a,Dompé Farmaceutici,Dompé Farmaceutici,Dompé Farmaceutici,industry,llm_curated,1,NA
dompe farmaceutici,Dompé Farmaceutici,Dompé Farmaceutici,Dompé Farmaceutici,industry,llm_curated,1,NA
dompe s p a,Dompé Farmaceutici,Dompé Farmaceutici,Dompé Farmaceutici,industry,llm_curated,1,NA
dompe' farmaceutici s p a,Dompé Farmaceutici,Dompé Farmaceutici,Dompé Farmaceutici,industry,llm_curated,1,NA
donau-universitat krems,Donau-Universität Krems,NA,NA,unknown,self_alias,0.94,self
donesta bioscience,Donesta Bioscience,NA,NA,unknown,self_alias,0.94,self
dong-a st co,Dong-A ST Co.,NA,NA,unknown,self_alias,0.94,self
double bond pharmaceutical,Double Bond Pharmaceutical,NA,NA,unknown,self_alias,0.94,self
dr falk pharma,Dr. Falk Pharma,Dr. Falk Pharma,Dr. Falk Pharma,industry,llm_curated,1,NA
dr falk pharma gmbh,Dr. Falk Pharma,Dr. Falk Pharma,Dr. Falk Pharma,industry,llm_curated,1,NA
dr gerhard mann chem -pharm fabrik gmbh/ bausch lomb,Dr. Gerhard Mann chem.-pharm. Fabrik GmbH/ Bausch Lomb,NA,NA,unknown,self_alias,0.94,self
dr reddy's laboratories limited,Dr. Reddy's Laboratories,NA,NA,NA,ctis_businesskey,0.95,NA
dra beatriz lozano-hospital universitario de canarias,Hospital Universitario de Canarias,NA,NA,hospital,llm_curated,1,NA
dracen pharmaceuticals,Dracen Pharmaceuticals,NA,NA,unknown,self_alias,0.94,self
dragonfly therapeutics,Dragonfly Therapeutics,NA,NA,unknown,self_alias,0.94,self
draig therapeutics,Draig Therapeutics,NA,NA,unknown,self_alias,0.94,self
dren bio 01,Dren Bio 01,NA,NA,unknown,self_alias,0.94,self
drk-blutspendedienst baden-wurttemberg - hessen ggmbh,DRK-Blutspendedienst Baden-Württemberg - Hessen gGmbH,NA,NA,unknown,self_alias,0.94,self
drossapharm,Drossapharm,NA,NA,unknown,self_alias,0.94,self
druggability technologies holdings,Druggability Technologies Holdings,NA,NA,unknown,self_alias,0.94,self
dryox health,Dryox Health,NA,NA,unknown,self_alias,0.94,self
dsc services,DSC Services,NA,NA,unknown,self_alias,0.94,self
dualitybio,Dualitybio,NA,NA,unknown,self_alias,0.94,self
duke street bio,Duke Street Bio,NA,NA,unknown,self_alias,0.94,self
duocort pharma,DuoCort Pharma,NA,NA,unknown,self_alias,0.94,self
durata therapeutics international,Durata Therapeutics International,NA,NA,unknown,self_alias,0.94,self
durect,DURECT,NA,NA,unknown,self_alias,0.94,self
dyax,Dyax,NA,NA,unknown,self_alias,0.94,self
dynavax technologies,Dynavax Technologies,NA,NA,unknown,self_alias,0.94,self
e m n - european myeloma network,European Myeloma Network,NA,NA,cooperative_group,llm_curated,1,NA
e-pharma trento,E-Pharma Trento,NA,NA,unknown,self_alias,0.94,self
e-therapeutics,e-Therapeutics,NA,NA,unknown,self_alias,0.94,self
ea pharma co,EA Pharma Co.,NA,NA,unknown,self_alias,0.94,self
eagle pharmaceuticals,Eagle Pharmaceuticals,NA,NA,unknown,self_alias,0.94,self
eanm forschungs gmbh / eanm research,EANM Forschungs GmbH / EANM Research,NA,NA,unknown,self_alias,0.94,self
eau european association of urology,European Association of Urology,NA,NA,public_body,llm_curated,1,NA
eberhard-karls university tubingen,University of Tübingen,NA,NA,academic,llm_curated,1,NA
ebi anti sepsis,EBI Anti Sepsis,NA,NA,unknown,self_alias,0.94,self
ebmt / gentium,EBMT / Gentium,NA,NA,unknown,self_alias,0.94,self
echo pharmaceuticals,Echo Pharmaceuticals,NA,NA,unknown,self_alias,0.94,self
ectin research,Ectin Research,NA,NA,unknown,self_alias,0.94,self
ectopharma,EctoPharma,NA,NA,unknown,self_alias,0.94,self
ecupharma,ECUPHARMA,NA,NA,unknown,self_alias,0.94,self
edesa biotech research,Edesa Biotech Research,NA,NA,unknown,self_alias,0.94,self
edgewise therapeutics,Edgewise Therapeutics,NA,NA,unknown,self_alias,0.94,self
edimer pharmaceuticals,Edimer Pharmaceuticals,NA,NA,unknown,self_alias,0.94,self
edinburgh molecular imaging,Edinburgh Molecular Imaging,NA,NA,unknown,self_alias,0.94,self
edison pharmaceuticals,Edison Pharmaceuticals,NA,NA,unknown,self_alias,0.94,self
editas medicine,Editas Medicine,NA,NA,unknown,self_alias,0.94,self
edmond pharma,Edmond Pharma,NA,NA,unknown,self_alias,0.94,self
edvince,Edvince,NA,NA,unknown,self_alias,0.94,self
egalet,Egalet,NA,NA,unknown,self_alias,0.94,self
egis pharmaceuticals,Egis Pharmaceuticals,NA,NA,unknown,self_alias,0.94,self
eidos therapeutics,Eidos Therapeutics,NA,NA,unknown,self_alias,0.94,self
eikon therapeutics,Eikon Therapeutics,NA,NA,unknown,self_alias,0.94,self
eip pharma,EIP Pharma,NA,NA,unknown,self_alias,0.94,self
eir biotherapies,Eir Biotherapies,NA,NA,unknown,self_alias,0.94,self
eisai,Eisai,Eisai,Eisai,industry,llm_curated,1,NA
eisai limited,Eisai,Eisai,Eisai,industry,llm_curated,1,NA
ekos,EKOS,NA,NA,unknown,self_alias,0.94,self
elan pharma,Elan Pharma,NA,NA,unknown,self_alias,0.94,self
elan regulatory holdings,Elan Regulatory Holdings,NA,NA,unknown,self_alias,0.94,self
elbion,elbion,NA,NA,unknown,self_alias,0.94,self
electra therapeutics,Electra Therapeutics,NA,NA,unknown,self_alias,0.94,self
eledon pharmaceuticals,Eledon Pharmaceuticals,NA,NA,unknown,self_alias,0.94,self
eleosinc,EleosInc,NA,NA,unknown,self_alias,0.94,self
eleva,Eleva,NA,NA,unknown,self_alias,0.94,self
elevar therapeutics,Elevar Therapeutics,NA,NA,unknown,self_alias,0.94,self
elevation pharmaceuticals,Elevation Pharmaceuticals,NA,NA,unknown,self_alias,0.94,self
elgan pharma,Elgan Pharma,NA,NA,unknown,self_alias,0.94,self
eli lilly,Eli Lilly,Eli Lilly,Eli Lilly,industry,llm_curated,1,NA
eli lilly and company,Eli Lilly,Eli Lilly,Eli Lilly,industry,llm_curated,1,NA
elion therapeutics,Elion Therapeutics,NA,NA,unknown,self_alias,0.94,self
elliniko institouto meletis tis sipsis,Elliniko Institouto Meletis Tis Sipsis,NA,NA,NA,ctis_businesskey,0.95,NA
ellipses pharma,Ellipses Pharma,NA,NA,unknown,self_alias,0.94,self
eloxx pharmaceuticals,Eloxx Pharmaceuticals,NA,NA,unknown,self_alias,0.94,self
elpen pharmaceutical co,ELPEN Pharmaceutical Co.,NA,NA,unknown,self_alias,0.94,self
emalex biosciences,Emalex Biosciences,NA,NA,unknown,self_alias,0.94,self
emd serono,EMD Serono,Merck KGaA,Merck KGaA / EMD Serono,industry,llm_curated,1,NA
emd serono inc,EMD Serono,Merck KGaA,Merck KGaA / EMD Serono,industry,llm_curated,1,NA
emerald health pharmaceuticals,Emerald Health Pharmaceuticals,NA,NA,unknown,self_alias,0.94,self
emercell,Emercell,NA,NA,unknown,self_alias,0.94,self
emergent product development seattle,Emergent Product Development Seattle,NA,NA,unknown,self_alias,0.94,self
emergent product development uk,Emergent Product Development UK,NA,NA,unknown,self_alias,0.94,self
emet pharmaceuticals,EMET Pharmaceuticals,NA,NA,unknown,self_alias,0.94,self
emma childrens hospital-amc,Amsterdam UMC,Amsterdam UMC,Amsterdam UMC,hospital,llm_curated,1,NA
empros pharma,Empros Pharma,NA,NA,unknown,self_alias,0.94,self
enanta pharmaceuticals,Enanta Pharmaceuticals,NA,NA,unknown,self_alias,0.94,self
enbiotix,EnBiotix,NA,NA,unknown,self_alias,0.94,self
encysive pharmaceuticals,Encysive Pharmaceuticals,NA,NA,unknown,self_alias,0.94,self
endeavor biomedicines,Endeavor Biomedicines,NA,NA,unknown,self_alias,0.94,self
endocyte,Endocyte,NA,NA,unknown,self_alias,0.94,self
engelhard arzneimittel,Engelhard Arzneimittel,NA,NA,unknown,self_alias,0.94,self
engene,Engene,NA,NA,unknown,self_alias,0.94,self
engrail therapeutics,Engrail Therapeutics,NA,NA,unknown,self_alias,0.94,self
enlitisa shanghai pharmaceutical co,Enlitisa (Shanghai) Pharmaceutical Co.,NA,NA,unknown,self_alias,0.94,self
enliven therapeutics,Enliven Therapeutics,NA,NA,unknown,self_alias,0.94,self
enlivex therapeutics,Enlivex Therapeutics,NA,NA,unknown,self_alias,0.94,self
enrique baez hernandez,Enrique Báez Hernández,NA,NA,unknown,self_alias,0.94,self
ensinger mineral-heilquellen,Ensinger Mineral-Heilquellen,NA,NA,unknown,self_alias,0.94,self
ente ospedaliero cantonale eoc,Ente Ospedaliero Cantonale (EOC),NA,NA,unknown,self_alias,0.94,self
enterotarget,EnteroTarget,NA,NA,unknown,self_alias,0.94,self
enterprise therapeutics,Enterprise Therapeutics,NA,NA,unknown,self_alias,0.94,self
enthera,Enthera,NA,NA,unknown,self_alias,0.94,self
entrada therapeutics,Entrada Therapeutics,NA,NA,unknown,self_alias,0.94,self
enturia,Enturia,NA,NA,unknown,self_alias,0.94,self
envivo pharmaceuticals,EnVivo Pharmaceuticals,NA,NA,unknown,self_alias,0.94,self
enzon pharmaceuticals,Enzon Pharmaceuticals,NA,NA,unknown,self_alias,0.94,self
eortc,EORTC,EORTC,EORTC,cooperative_group,llm_curated,1,NA
epifarma,Epifarma,NA,NA,unknown,self_alias,0.94,self
epitan,EpiTan,NA,NA,unknown,self_alias,0.94,self
epix pharmaceuticals,Epix Pharmaceuticals,NA,NA,unknown,self_alias,0.94,self
epizyme,Epizyme,NA,NA,unknown,self_alias,0.94,self
epoplus,EPOPLUS,NA,NA,unknown,self_alias,0.94,self
epygenix therapeutics,Epygenix Therapeutics,NA,NA,unknown,self_alias,0.94,self
eqrx,EQRx,NA,NA,unknown,self_alias,0.94,self
equilibre biopharmaceuticals,Equilibre Biopharmaceuticals,NA,NA,unknown,self_alias,0.94,self
equillium,Equillium,NA,NA,unknown,self_alias,0.94,self
eradivir,Eradivir,NA,NA,unknown,self_alias,0.94,self
erasca,Erasca,NA,NA,unknown,self_alias,0.94,self
erasme university hospital,CUB - Hôpital Erasme,NA,NA,hospital,llm_curated,1,NA
erasmus mc,Erasmus MC,Erasmus MC,Erasmus MC,hospital,llm_curated,1,NA
erasmus medical center,Erasmus MC,Erasmus MC,Erasmus MC,hospital,llm_curated,1,NA
erasmus medical centre,Erasmus MC,Erasmus MC,Erasmus MC,hospital,llm_curated,1,NA
erasmus medical centre rotterdam,Erasmus MC,Erasmus MC,Erasmus MC,hospital,llm_curated,1,NA
erasmus universitair medisch centrum,Erasmus MC,Erasmus MC,Erasmus MC,hospital,llm_curated,1,NA
erasmus universitair medisch centrum rotterdam,Erasmus MC,Erasmus MC,Erasmus MC,hospital,llm_curated,1,NA
erasmus university medical center,Erasmus MC,Erasmus MC,Erasmus MC,hospital,llm_curated,1,NA
erasmus university medical center rotterdam,Erasmus MC,NA,NA,hospital,llm_curated,1,NA
erasmusMC,Erasmus MC,Erasmus MC,Erasmus MC,hospital,llm_curated,1,NA
ergomed clinical research,Ergomed Clinical Research,NA,NA,unknown,self_alias,0.94,self
ergonex pharma,ErgoNex Pharma,NA,NA,unknown,self_alias,0.94,self
erydel,EryDel,NA,NA,unknown,self_alias,0.94,self
esbatech an alcon biomedical research unit,"ESBATech, an Alcon Biomedical Research Unit",NA,NA,unknown,self_alias,0.94,self
esbjerg sygehus,Esbjerg Sygehus,NA,NA,NA,ctis_businesskey,0.95,NA
escient pharmaceuticals,Escient Pharmaceuticals,NA,NA,unknown,self_alias,0.94,self
esocap,EsoCap,NA,NA,unknown,self_alias,0.94,self
especialidades farmacuticas centrum,Especialidades Farmacuticas Centrum,NA,NA,unknown,self_alias,0.94,self
esperante development,Esperante Development,NA,NA,unknown,self_alias,0.94,self
esperare foundation / pierre fabre medicament,EspeRare Foundation / Pierre Fabre Médicament,NA,NA,foundation,self_alias,0.94,self
esperas pharma,Esperas Pharma,NA,NA,unknown,self_alias,0.94,self
esperion therapeutics,Esperion Therapeutics,NA,NA,unknown,self_alias,0.94,self
essa pharma,Essa Pharma,NA,NA,unknown,self_alias,0.94,self
essa pharmaceuticals,Essa Pharmaceuticals,NA,NA,unknown,self_alias,0.94,self
essex pharma,Essex Pharma,NA,NA,unknown,self_alias,0.94,self
ester neuroscience,Ester Neuroscience,NA,NA,unknown,self_alias,0.94,self
etherna immunotherapies,eTheRNA immunotherapies,NA,NA,unknown,self_alias,0.94,self
ethicare,Ethicare,NA,NA,unknown,self_alias,0.94,self
euog,EUOG,NA,NA,unknown,self_alias,0.94,self
eupraxia pharmaceuticals,Eupraxia Pharmaceuticals,NA,NA,unknown,self_alias,0.94,self
eurand,EURAND,NA,NA,unknown,self_alias,0.94,self
euro nippon kayaku,Euro Nippon Kayaku,NA,NA,unknown,self_alias,0.94,self
eurocine vaccines,Eurocine Vaccines,NA,NA,unknown,self_alias,0.94,self
eurofins optimed / synendos therapeutics,Eurofins Optimed / Synendos Therapeutics,NA,NA,unknown,self_alias,0.94,self
european association of urology,European Association of Urology,NA,NA,public_body,self_alias,0.94,self
european myeloma network,European Myeloma Network,European Myeloma Network,European Myeloma Network,cooperative_group,llm_curated,1,NA
european myeloma network b v / emn trial office s r l impresa sociale,European Myeloma Network,European Myeloma Network,European Myeloma Network,cooperative_group,llm_curated,1,NA
european organisation for research and treatment of,EORTC,NA,NA,cooperative_group,llm_curated,1,NA
european organisation for research and treatment of cancer,EORTC,EORTC,EORTC,cooperative_group,llm_curated,1,NA
european organisation for the research and treatment of cancer,EORTC,EORTC,EORTC,cooperative_group,llm_curated,1,NA
eusa pharma,EUSA pharma,NA,NA,unknown,self_alias,0.94,self
eustralis pharmaceuticals,Eustralis Pharmaceuticals,NA,NA,unknown,self_alias,0.94,self
evaxion biotech,Evaxion Biotech,NA,NA,unknown,self_alias,0.94,self
evelo biosciences,Evelo Biosciences,NA,NA,unknown,self_alias,0.94,self
ever neuro pharma,EVER Neuro Pharma,NA,NA,unknown,self_alias,0.94,self
evergreen theragnostics,Evergreen Theragnostics,NA,NA,unknown,self_alias,0.94,self
evestra,Evestra,NA,NA,unknown,self_alias,0.94,self
evgen pharma,Evgen Pharma,NA,NA,unknown,self_alias,0.94,self
evolus,Evolus,NA,NA,unknown,self_alias,0.94,self
evolva,Evolva,NA,NA,unknown,self_alias,0.94,self
evommune,Evommune,NA,NA,unknown,self_alias,0.94,self
evopoint biosciences usa,Evopoint Biosciences USA,NA,NA,unknown,self_alias,0.94,self
ewopharma,Ewopharma,NA,NA,unknown,self_alias,0.94,self
exalenz bioscience,Exalenz Bioscience,NA,NA,unknown,self_alias,0.94,self
excellthera,Excellthera,NA,NA,unknown,self_alias,0.94,self
exciva,Exciva,NA,NA,unknown,self_alias,0.94,self
exelixis,Exelixis,NA,NA,unknown,self_alias,0.94,self
exponential biotherapies,Exponential Biotherapies,NA,NA,unknown,self_alias,0.94,self
expres2ion biotechnologies,Expres2ion Biotechnologies,NA,NA,unknown,self_alias,0.94,self
exscientia ai,Exscientia AI,NA,NA,unknown,self_alias,0.94,self
exxentia grupo fitoteraputico,Exxentia Grupo Fitoteraputico,NA,NA,unknown,self_alias,0.94,self
eyebiotech,Eyebiotech,NA,NA,unknown,self_alias,0.94,self
eyegene,EyeGene,NA,NA,unknown,self_alias,0.94,self
eyepoint,Eyepoint,NA,NA,NA,self_alias,0.94,self
eyepoint inc,Eyepoint,NA,NA,NA,ctis_businesskey,0.95,NA
eyetech pharmaceuticals,Eyetech Pharmaceuticals,NA,NA,unknown,self_alias,0.94,self
f hoffman-la roche,Roche,Roche,Roche,industry,llm_curated,1,NA
f hoffman-la roche ltd,Roche,Roche,Roche,industry,llm_curated,1,NA
f hoffmann,Roche,Roche,Roche,industry,llm_curated,1,NA
f hoffmann- la roche ltd,Roche,Roche,Roche,industry,llm_curated,1,NA
f hoffmann-la roche,Roche,Roche,Roche,industry,llm_curated,1,NA
f hoffmann-la roche ag,Roche,Roche,Roche,industry,llm_curated,1,NA
f-star therapeutics,F-star Therapeutics,NA,NA,unknown,self_alias,0.94,self
f2g biotech,F2G Biotech,NA,NA,unknown,self_alias,0.94,self
f4 pharma,F4 Pharma,NA,NA,unknown,self_alias,0.94,self
fachbereich medizin der johann wolfgang goethe-universitt frankfurt/m,Goethe-Universität Frankfurt am Main,NA,NA,academic,llm_curated,1,NA
fachhochschule salzburg,Fachhochschule Salzburg,NA,NA,unknown,self_alias,0.94,self
fachingen heil- und mineralbrunnen,Fachingen Heil- und Mineralbrunnen,NA,NA,unknown,self_alias,0.94,self
faes farma s a / a menarini industrie farmaceutiche riunite,Faes Farma S.A. / A. Menarini Industrie Farmaceutiche Riunite,NA,NA,unknown,self_alias,0.94,self
fakultni nemocnice u sv anny,Fakultní nemocnice u sv. Anny,NA,NA,unknown,self_alias,0.94,self
famewave,Famewave,NA,NA,unknown,self_alias,0.94,self
faraday pharmaceuticals,Faraday Pharmaceuticals,NA,NA,unknown,self_alias,0.94,self
farmacusi,Farmacusi,NA,NA,unknown,self_alias,0.94,self
farmak international holding,Farmak International Holding,NA,NA,unknown,self_alias,0.94,self
farmaka,Farmaka,NA,NA,unknown,self_alias,0.94,self
farmalder,Farmalder,NA,NA,unknown,self_alias,0.94,self
farmalider,Farmalider,NA,NA,unknown,self_alias,0.94,self
farmex,FARMEX,NA,NA,unknown,self_alias,0.94,self
faron pharmaceuticals,Faron Pharmaceuticals,NA,NA,unknown,self_alias,0.94,self
fast forward pharmaceuticals,Fast Forward Pharmaceuticals,NA,NA,unknown,self_alias,0.94,self
fastox pharma,Fastox Pharma,NA,NA,unknown,self_alias,0.94,self
fate therapeutics,Fate Therapeutics,NA,NA,unknown,self_alias,0.94,self
faustus forschung compagnie translational cancer research,"Faustus Forschung Compagnie, Translational Cancer Research",NA,NA,unknown,self_alias,0.94,self
febena pharma,Febena Pharma,NA,NA,unknown,self_alias,0.94,self
federation nationale des centres de lutte contre le cancer,Fédération Nationale des Centres de Lutte Contre le Cancer,NA,NA,unknown,self_alias,0.94,self
felix gutierrez rodero / dr xavier corbella viros,Félix Gutiérrez Rodero / Dr. Xavier Corbella Virós,NA,NA,unknown,self_alias,0.94,self
feor - instituto de investigacion en oncologia radioterapica,FEOR - Instituto de investigación en Oncología Radioterápica,NA,NA,foundation,self_alias,0.94,self
fernando sanchez,Fernando Sánchez,NA,NA,unknown,self_alias,0.94,self
ferraz lynce especialidades farmaceuticas,Ferraz Lynce Especialidades Farmacêuticas,NA,NA,unknown,self_alias,0.94,self
ferrer grupo,Ferrer Grupo,NA,NA,unknown,self_alias,0.94,self
ferrer internacional s a / prilenia therapeutics,Ferrer Internacional S.A. / Prilenia Therapeutics,NA,NA,unknown,self_alias,0.94,self
ferring,Ferring Pharmaceuticals,Ferring Pharmaceuticals,Ferring Pharmaceuticals,industry,llm_curated,0.9,NA
ferring pharmaceuticals,Ferring Pharmaceuticals,Ferring Pharmaceuticals,Ferring Pharmaceuticals,industry,llm_curated,1,NA
ferring pharmaceuticals as,Ferring Pharmaceuticals,Ferring Pharmaceuticals,Ferring Pharmaceuticals,industry,llm_curated,1,NA
ferrokin biosciences,Ferrokin Biosciences,NA,NA,unknown,self_alias,0.94,self
ferrosan,Ferrosan,NA,NA,unknown,self_alias,0.94,self
fertility clinic dept of obstetrics and gynecology ouh,Odense University Hospital,NA,NA,hospital,llm_curated,1,NA
fertility clinic herlev university hospital,Herlev og Gentofte Hospital,NA,NA,hospital,llm_curated,1,NA
fertin pharma,Fertin Pharma,NA,NA,unknown,self_alias,0.94,self
fibrex medical research development,Fibrex Medical Research Development,NA,NA,unknown,self_alias,0.94,self
fimabis fundacion publica andaluza para la investigacion de malaga en biomedicina y salud,FIMABIS - Fundación Pública Andaluza para la Investigación de Málaga en Biomedicina y Salud,NA,NA,foundation,llm_curated,1,NA
finba,Fundación para la Investigación e Innovación Biosanitaria de Asturias FINBA,NA,NA,foundation,llm_curated,1,NA
finox,Finox,NA,NA,unknown,self_alias,0.94,self
first wave biopharma,First Wave BioPharma,NA,NA,unknown,self_alias,0.94,self
firststring research,FirstString Research,NA,NA,unknown,self_alias,0.94,self
fit biotech,FIT Biotech,NA,NA,unknown,self_alias,0.94,self
five prime therapeutics,Five Prime Therapeutics,NA,NA,unknown,self_alias,0.94,self
florentine cullinan,Florentine Cullinan,NA,NA,unknown,self_alias,0.94,self
flugen,FluGen,NA,NA,unknown,self_alias,0.94,self
fluidda,FluidDA,NA,NA,unknown,self_alias,0.94,self
fluoguide,FluoGuide,NA,NA,unknown,self_alias,0.94,self
foghorn therapeutics,Foghorn Therapeutics,NA,NA,unknown,self_alias,0.94,self
foldrx pharmaceuticals,FoldRx Pharmaceuticals,NA,NA,unknown,self_alias,0.94,self
follica,Follica,NA,NA,unknown,self_alias,0.94,self
follicum,Follicum,NA,NA,unknown,self_alias,0.94,self
fondation a de rothschild,Fondation A De Rothschild,NA,NA,NA,ctis_businesskey,0.95,NA
fondation francaise de cancerologie digestive ffcd,Fondation Française de Cancérologie Digestive FFCD,NA,NA,foundation,self_alias,0.94,self
fondation lenval - hopitaux pediatriques de nice chu-lenval,Fondation Lenval - Hôpitaux Pédiatriques de Nice CHU-Lenval,NA,NA,hospital,llm_curated,1,NA
fondation mediterranee infection fmi - ihu mediterranee infection,Fondation Méditerranée Infection FMI - IHU Méditerranée Infection,NA,NA,foundation,self_alias,0.94,self
fondazione centro cardiologico monzino,Fondazione Centro Cardiologico Monzino,NA,NA,hospital,self_alias,0.94,self
fondazione cnao - centro nazionale di adroterapia oncologica,Fondazione CNAO - Centro Nazionale di Adroterapia Oncologica,NA,NA,foundation,self_alias,0.94,self
fondazione del piemonte per l'oncologia ircc di candiolo,Fondazione del Piemonte per l'Oncologia IRCC di Candiolo,NA,NA,foundation,self_alias,0.94,self
fondazione del piemonte per l'oncologia irccs,Fondazione del Piemonte per L'oncologia IRCCS,NA,NA,foundation,self_alias,0.94,self
fondazione del piemonte per loncologia ircc di candiolo,Fondazione del Piemonte per l'Oncologia IRCC di Candiolo,NA,NA,hospital,llm_curated,1,NA
fondazione dell'istituto toscano tumori,Fondazione dell'Istituto Toscano Tumori,NA,NA,foundation,self_alias,0.94,self
fondazione g d'annunzio chieti,"Fondazione G. D'Annunzio, Chieti",NA,NA,foundation,self_alias,0.94,self
fondazione irccs ca granda ospedale maggiore policlinico milano,Fondazione IRCCS Ca' Granda Ospedale Maggiore Policlinico,NA,NA,hospital,llm_curated,1,NA
fondazione irccs ca' granda ospedale maggiore policlinico,Fondazione IRCCS Ca' Granda Ospedale Maggiore Policlinico,NA,NA,hospital,self_alias,0.94,self
fondazione irccs istituto nazionale dei tumori,IRCCS Istituto Nazionale dei Tumori,NA,NA,hospital,llm_curated,1,NA
fondazione irccs istituto nazionale dei tumori / sarcoma alliance for research and collaboration,Fondazione IRCCS Istituto Nazionale dei Tumori / Sarcoma Alliance for Research and Collaboration,NA,NA,foundation,self_alias,0.94,self
fondazione irccs istituto neurologico c mondino,Fondazione IRCCS Istituto Neurologico C. Mondino,NA,NA,unknown,self_alias,0.94,self
fondazione italiana leonardo giambrone per la guarigione dalla talassemia - onlus,Fondazione Italiana Leonardo Giambrone per la Guarigione dalla Talassemia - ONLUS,NA,NA,foundation,self_alias,0.94,self
fondazione italiana linfomi ets,Fondazione Italiana Linfomi Ets,NA,NA,NA,ctis_businesskey,0.95,NA
fondazione per la ricerca sulle anemie ed emoglobinopatie in italia,Fondazione per la Ricerca sulle Anemie ed Emoglobinopatie in Italia,NA,NA,foundation,self_alias,0.94,self
fondazione sandro pitigliani per la lotta contro i tumori onlus,Fondazione Sandro Pitigliani per la Lotta Contro i Tumori ONLUS,NA,NA,foundation,self_alias,0.94,self
fondazione santa lucia,Fondazione Santa Lucia,NA,NA,NA,ctis_businesskey,0.95,NA
fondazione sendo,Fondazione Sendo,NA,NA,foundation,llm_curated,1,NA
fondazione telethon,Fondazione Telethon,NA,NA,foundation,llm_curated,1,NA
fondazione toscana gabriele monasterio,Fondazione Toscana Gabriele Monasterio,NA,NA,foundation,llm_curated,1,NA
fore biotherapeutics,Fore Biotherapeutics,NA,NA,unknown,self_alias,0.94,self
foresee pharmaceuticals co,Foresee Pharmaceuticals Co.,NA,NA,unknown,self_alias,0.94,self
forge biologics,Forge Biologics,NA,NA,unknown,self_alias,0.94,self
forim,FORIM,NA,NA,unknown,self_alias,0.94,self
forma therapeutics,Forma Therapeutics,NA,NA,unknown,self_alias,0.94,self
formac pharmaceuticals,FORMAC Pharmaceuticals,NA,NA,unknown,self_alias,0.94,self
formycon,Formycon,NA,NA,unknown,self_alias,0.94,self
forschungszentrum julich,Forschungszentrum Jülich,NA,NA,unknown,self_alias,0.94,self
forsight vision4,ForSight VISION4,NA,NA,unknown,self_alias,0.94,self
fortvita biologics usa,Fortvita Biologics (USA),NA,NA,unknown,self_alias,0.94,self
forum pharmaceuticals,FORUM Pharmaceuticals,NA,NA,unknown,self_alias,0.94,self
forward pharma,Forward Pharma,NA,NA,unknown,self_alias,0.94,self
forward therapeutics,Forward Therapeutics,NA,NA,unknown,self_alias,0.94,self
fou nevroklinikken oslo university hospital-ulleval,Oslo University Hospital,NA,NA,hospital,llm_curated,1,NA
foundation clinic for biomedical research,Foundation Clinic For Biomedical Research,NA,NA,NA,ctis_businesskey,0.95,NA
fractyl health,Fractyl Health,NA,NA,unknown,self_alias,0.94,self
frame pharmaceuticals,Frame Pharmaceuticals,NA,NA,unknown,self_alias,0.94,self
francisco de la gala / ignacio garutti,Francisco de la Gala / Ignacio Garutti,NA,NA,unknown,self_alias,0.94,self
frankfurter institut fr klinische krebsforschung ikf gmbh am krankenhaus nordwest,Institut fuer Klinische Krebsforschung IKF GmbH,NA,NA,unknown,llm_curated,1,NA
frankfurter institut fur klinische krebsforschung ikf gmbh at krankenhaus nordwest,Institut fuer Klinische Krebsforschung IKF GmbH,NA,NA,unknown,llm_curated,1,NA
fraunhofer gesellschaft for its institute for translationale medicine,Fraunhofer Gesellschaft,NA,NA,academic,llm_curated,1,NA
fraunhofer institut fur translationale medizin und pharmakologie itmp,Fraunhofer Gesellschaft,NA,NA,academic,llm_curated,1,NA
fraunhofer-institute for translational medicine and pharmacology itmp,Fraunhofer Gesellschaft,NA,NA,academic,llm_curated,1,NA
freeline therapeutics,Freeline Therapeutics,NA,NA,unknown,self_alias,0.94,self
fresenius biotech,Fresenius Biotech,NA,NA,unknown,self_alias,0.94,self
fresenius medical care deutschland,Fresenius Medical Care Deutschland,NA,NA,unknown,self_alias,0.94,self
freya biosciences,Freya Biosciences,NA,NA,unknown,self_alias,0.94,self
friedrich-schiller-universitaet jena,Friedrich-Schiller-Universitaet Jena,NA,NA,NA,ctis_businesskey,0.95,NA
friedrich-schiller-universitt jena,Friedrich-Schiller-Universitaet Jena,NA,NA,NA,llm_curated,1,NA
fuics development,Fuics Development,NA,NA,unknown,self_alias,0.94,self
fujifilm kyowa kirin biologics co,Fujifilm Kyowa Kirin Biologics Co.,NA,NA,unknown,self_alias,0.94,self
fujifilm toyama chemical co,FUJIFILM Toyama Chemical Co.,NA,NA,unknown,self_alias,0.94,self
fujimoto pharmaceutical,Fujimoto Pharmaceutical,NA,NA,unknown,self_alias,0.94,self
fundaci clinic per a la recerca biomdica,Fundació Clínic per a la Recerca Biomèdica,NA,NA,academic,llm_curated,1,NA
fundaci clnic de recerca biomdica,Fundació Clínic per a la Recerca Biomèdica,NA,NA,academic,llm_curated,1,NA
fundaci clnic per  a la recerca biomdica,Fundació Clínic per a la Recerca Biomèdica,NA,NA,academic,llm_curated,1,NA
fundaci clnic per a la recerca biomdica,Fundació Clínic per a la Recerca Biomèdica,NA,NA,academic,llm_curated,1,NA
fundaci clnic per a la recerca biomdica fcrb,Fundació Clínic per a la Recerca Biomèdica,NA,NA,academic,llm_curated,1,NA
fundaci clnic per a la recerca biomdica fcrb2,Fundació Clínic per a la Recerca Biomèdica,NA,NA,academic,llm_curated,1,NA
fundaci de recerca clnic barcelona institut dinvestigacions biomdiques,Fundació de Recerca Clínic Barcelona (IDIBAPS),NA,NA,academic,llm_curated,1,NA
fundaci hospital universitari vall d hebron - institut de recerca vhir,Vall D'hebron Institut De Recerca,NA,NA,hospital,llm_curated,1,NA
fundaci hospital universitari vall dhebron - institut de recerca vhir.,Vall D'hebron Institut De Recerca,NA,NA,hospital,llm_curated,1,NA
fundaci hospital universitari vall dhebron - institut de recersa vhir,Vall D'hebron Institut De Recerca,NA,NA,hospital,llm_curated,1,NA
fundaci hospital universitari vall dhebron institut de recerca vhir,Vall D'hebron Institut De Recerca,NA,NA,hospital,llm_curated,1,NA
fundaci hospital universitari vall dhebron- institut de recerca,Vall D'hebron Institut De Recerca,NA,NA,hospital,llm_curated,1,NA
fundaci hospital universitari vall dhebron-institut de recerca vhir,Vall D'hebron Institut De Recerca,NA,NA,hospital,llm_curated,1,NA
fundaci hospital universitari vall hebron-institut de recerca vhir,Vall D'hebron Institut De Recerca,NA,NA,hospital,llm_curated,1,NA
fundaci hospital vall hebron institut de recerca,Vall D'hebron Institut De Recerca,NA,NA,hospital,llm_curated,1,NA
fundaci institut dinvestigaci en cincies de la salut germans trias i pujol,Fundació Institut de Recerca en Ciències de la Salut Germans Trias i Pujol,NA,NA,academic,llm_curated,1,NA
fundaci privada clnic per a la recerca biomdica,Fundació Clínic per a la Recerca Biomèdica,NA,NA,academic,llm_curated,1,NA
fundaci puigvert,Fundació Puigvert,NA,NA,hospital,llm_curated,1,NA
fundacin cnic per a la reserca biomdica,Fundació Clínic per a la Recerca Biomèdica,NA,NA,academic,llm_curated,1,NA
fundacin cris de investigacin para vencer el cncer,Fundación CRIS de Investigación para Vencer el Cáncer,NA,NA,foundation,llm_curated,1,NA
fundacin de investigacin biomdica del hospital universitario puerta de hierro,Fundación Investigación Biomédica Hospital Puerta de Hierro,NA,NA,foundation,llm_curated,1,NA
fundacin de investigacin del hospital universitario la paz fibhulp,Fundación para la Investigación Biomédica del Hospital Universitario La Paz,NA,NA,foundation,llm_curated,1,NA
fundacin espaola de reumatologa,Fundacin Espaola de Reumatologa,NA,NA,unknown,self_alias,0.94,self
fundacin gecp,Fundacion GECP,NA,NA,foundation,llm_curated,1,NA
fundacin gregorio maran,Fundación Gregorio Marañón,NA,NA,foundation,llm_curated,1,NA
fundacin grupo espaol de investigacin en cncer de mama,GEICAM,NA,NA,cooperative_group,llm_curated,1,NA
fundacin grupo espaol de investigacin en cncer de mama fundacin geicam,GEICAM,NA,NA,cooperative_group,llm_curated,1,NA
fundacin hospital nacional de paraplji cos,Fundación Hospital Nacional de Parapléjicos,NA,NA,hospital,llm_curated,1,NA
fundacin hospital universitari vall dhebron - institut de recerca,Vall D'hebron Institut De Recerca,NA,NA,hospital,llm_curated,1,NA
fundacin investigacin biomdica hospital universitario puerta de hierro,Fundación Investigación Biomédica Hospital Puerta de Hierro,NA,NA,foundation,llm_curated,1,NA
fundacin oncosur,Fundación Oncosur,NA,NA,foundation,llm_curated,1,NA
fundacin para la investigacin biomdica del hospital gregorio maran,Fundación para la Investigación Biomédica del Hospital Gregorio Marañón,Fundación para la Investigación Biomédica del Hospital Gregorio Marañón,Fundación para la Investigación Biomédica del Hospital Gregorio Marañón,foundation,llm_curated,1,NA
fundacin para la investigacin biomdica del hospital universitario la paz fibhulp,Fundación para la Investigación Biomédica del Hospital Universitario La Paz,NA,NA,foundation,llm_curated,1,NA
fundacin para la investigacin biomdica hospital universitario la paz,Fundación para la Investigación Biomédica del Hospital Universitario La Paz,NA,NA,foundation,llm_curated,1,NA
fundacin para la investigacin y la innovacin biosanitaria de asturias,Fundación para la Investigación e Innovación Biosanitaria de Asturias FINBA,NA,NA,foundation,llm_curated,1,NA
fundacio clinic per a la recerca biomedica,Fundació Clínic per a la Recerca Biomèdica,NA,NA,academic,llm_curated,1,NA
fundacio clinic per la recerca biomedica / cnic,Fundació Clínic per a la Recerca Biomèdica,NA,NA,academic,llm_curated,1,NA
fundacio de lluita contra la sida,Fundació de Lluita contra la SIDA,NA,NA,unknown,self_alias,0.94,self
fundacio institut d investigacio biomedica de bellvitge idibell,Fundacio Institut D Investigacio Biomedica De Bellvitge IDIBELL,NA,NA,NA,ctis_businesskey,0.95,NA
fundacio institut d'investigacio i innovacio parc tauli i3pt,Fundació Institut d'Investigació i Innovació Parc Taulí I3PT,NA,NA,unknown,self_alias,0.94,self
fundacio institut de recerca de l hospital de la santa creu i sant pau,Fundacio Institut De Recerca De L Hospital De La Santa Creu I Sant Pau,NA,NA,NA,ctis_businesskey,0.95,NA
fundacio institut de recerca en ciencies de la salut germans trias i pujol,Fundació Institut de Recerca en Ciències de la Salut Germans Trias i Pujol,NA,NA,academic,self_alias,0.94,self
fundacio privada clinic per a la recerca biomedica,Fundació Clínic per a la Recerca Biomèdica,NA,NA,academic,llm_curated,1,NA
fundacio privada eugin,Fundació Privada EUGIn,NA,NA,unknown,self_alias,0.94,self
fundacio puigvert,Fundació Puigvert,NA,NA,hospital,self_alias,0.94,self
fundacion biomedica galicia sur,Fundación Biomédica Galicia Sur,NA,NA,unknown,self_alias,0.94,self
fundacion canaria de investigacion sanitaria,Fundación Canaria de Investigación Sanitaria,NA,NA,unknown,self_alias,0.94,self
fundacion canaria instituto de investigacion sanitaria de canarias fiiscan,Fundación Canaria Instituto de Investigación Sanitaria de Canarias FIISCAN,NA,NA,unknown,self_alias,0.94,self
fundacion cris contra el cancer,Fundación CRIS contra el Cáncer,NA,NA,unknown,self_alias,0.94,self
fundacion cv investigacion hospital dr peset,Fundación CV Investigación Hospital Dr. Peset,NA,NA,hospital,llm_curated,1,NA
fundacion de investigacion del hospital universitario la paz fibhulp,Fundación para la Investigación Biomédica del Hospital Universitario La Paz,NA,NA,foundation,llm_curated,1,NA
fundacion de investigacion hm hospitales,Fundación de Investigación HM Hospitales,NA,NA,unknown,self_alias,0.94,self
fundacion de investigacion sanitaria en leon,Fundación de Investigación Sanitaria en León,NA,NA,unknown,self_alias,0.94,self
fundacion espanola de gastroenterologia,Fundación Española de Gastroenterología,NA,NA,unknown,self_alias,0.94,self
fundacion espanola del pulmon separ,Fundación Española del Pulmón SEPAR,NA,NA,unknown,self_alias,0.94,self
fundacion fls de lucha contra el sida las enfermedades infecciosas y la promocion de la salud y la c,Fundacion Fls De Lucha Contra El Sida Las Enfermedades Infecciosas Y La Promocion De La Salud Y La C,NA,NA,NA,ctis_businesskey,0.95,NA
fundacion gecp,Fundacion GECP,NA,NA,foundation,llm_curated,1,NA
fundacion gregorio maranon,Fundación Gregorio Marañón,NA,NA,foundation,self_alias,0.94,self
fundacion hipercolesterolemia familiar,Fundación Hipercolesterolemia Familiar,NA,NA,unknown,self_alias,0.94,self
fundacion hospital nacional de paraplejicos,Fundación Hospital Nacional de Parapléjicos,NA,NA,hospital,self_alias,0.94,self
fundacion hospital provincial de castellon,Fundación Hospital Provincial de Castellón,NA,NA,hospital,self_alias,0.94,self
fundacion instituto de investigacion sanitaria de santiago de compostela,Fundacion Instituto De Investigacion Sanitaria De Santiago De Compostela,NA,NA,NA,ctis_businesskey,0.95,NA
fundacion instituto hispalense de pediatria,Fundación Instituto Hispalense de Pediatría,NA,NA,unknown,self_alias,0.94,self
fundacion interhospitalaria investigacion cardiovascular,Fundación Interhospitalaria Investigación Cardiovascular,NA,NA,unknown,self_alias,0.94,self
fundacion investigacion biomedica hospital puerta de hierro,Fundación Investigación Biomédica Hospital Puerta de Hierro,NA,NA,foundation,self_alias,0.94,self
fundacion investigacion y desarrollo area cardiovascular,Fundación Investigación y Desarrollo Área Cardiovascular,NA,NA,unknown,self_alias,0.94,self
fundacion neumosur,Fundación Neumosur,NA,NA,unknown,self_alias,0.94,self
fundacion oftalmologica del mediterraneo,Fundación Oftalmológica del Mediterráneo,NA,NA,unknown,self_alias,0.94,self
fundacion oncosur,Fundación Oncosur,NA,NA,NA,ctis_businesskey,0.95,NA
fundacion para la formacion e investigacion sanitarias de la region de murcia,Fundación para la Formación e Investigación Sanitarias de la Región de Murcia,NA,NA,foundation,self_alias,0.94,self
fundacion para la gestion de la investigacion biomedica de cadiz - inibica,Fundación para la Gestión de la Investigación Biomédica de Cádiz - INIBICA,NA,NA,unknown,self_alias,0.94,self
fundacion para la gestion de la investigacion en salud de sevilla,Fundacion Para La Gestion De La Investigacion En Salud De Sevilla,NA,NA,NA,ctis_businesskey,0.95,NA
fundacion para la innovacion en biomedicina fibmed,Fundación para la Innovación en Biomedicina FIBMED,NA,NA,unknown,self_alias,0.94,self
fundacion para la investigacin la fe,Fundación para la Investigación La Fe,NA,NA,foundation,llm_curated,1,NA
fundacion para la investigacion biomedica del hospital universitario la paz,Fundación para la Investigación Biomédica del Hospital Universitario La Paz,NA,NA,NA,ctis_businesskey,0.95,NA
fundacion para la investigacion biomedica hospital universitario 12 de octubre,Fundación para la Investigación Biomédica Hospital Universitario 12 de Octubre,NA,NA,hospital,llm_curated,1,NA
fundacion para la investigacion biomedica hospital universitario nino jesus,Fundación para la Investigación Biomédica Hospital Universitario Niño Jesús,NA,NA,hospital,self_alias,0.94,self
fundacion para la investigacion e innovacion biomedica fiib del hu infanta sofia,Fundación para la Investigación e Innovación Biomédica FIIB del HU Infanta Sofía,NA,NA,hospital,self_alias,0.94,self
fundacion para la investigacion e innovacion biosanitaria de asturias finba,Fundación para la Investigación e Innovación Biosanitaria de Asturias FINBA,NA,NA,foundation,self_alias,0.94,self
fundacion para la investigacion en urologia,Fundación para la Investigación en Urología,NA,NA,unknown,self_alias,0.94,self
fundacion para la investigacion la fe,Fundación para la Investigación La Fe,NA,NA,foundation,self_alias,0.94,self
fundacion publica andaluza para la investigacion de malaga en biomedicina,FIMABIS - Fundación Pública Andaluza para la Investigación de Málaga en Biomedicina y Salud,NA,NA,foundation,llm_curated,1,NA
fundacion renal inigo alvarez de toledo,Fundación Renal Íñigo Álvarez de Toledo,NA,NA,unknown,self_alias,0.94,self
fundacion sant joan de deu,Fundación Sant Joan de Déu,NA,NA,unknown,self_alias,0.94,self
fundacion teofilo hernando,Fundación Teófilo Hernando,NA,NA,unknown,self_alias,0.94,self
funxional therapeutics,Funxional Therapeutics,NA,NA,unknown,self_alias,0.94,self
fusion pharmaceuticals,Fusion Pharmaceuticals,NA,NA,unknown,self_alias,0.94,self
futura medical developments,Futura Medical Developments,NA,NA,unknown,self_alias,0.94,self
future medicine co,Future Medicine Co.,NA,NA,unknown,self_alias,0.94,self
g d'annunzio university,G. d'Annunzio University,NA,NA,unknown,self_alias,0.94,self
g i m e m a gruppo italiano malattie ematologiche dell'adulto,G.I.M.E.M.A. Gruppo Italiano Malattie Ematologiche dell'Adulto,NA,NA,unknown,self_alias,0.94,self
g l pharma,G. L. Pharma,NA,NA,unknown,self_alias,0.94,self
g pohl-boskamp,G. Pohl-Boskamp,NA,NA,unknown,self_alias,0.94,self
g st antivirals,G.ST Antivirals,NA,NA,unknown,self_alias,0.94,self
gaba,GABA,NA,NA,unknown,self_alias,0.94,self
gabinete berthier y martnez,Gabinete Berthier y Martnez,NA,NA,unknown,self_alias,0.94,self
gador,Gador,NA,NA,unknown,self_alias,0.94,self
galapagos,Galapagos,Galapagos,Galapagos,industry,llm_curated,1,NA
galapagos nv,Galapagos,Galapagos,Galapagos,industry,llm_curated,1,NA
galderma research development,Galderma Research & Development,NA,NA,industry,llm_curated,1,NA
galectin therapeutics,Galectin Therapeutics,NA,NA,unknown,self_alias,0.94,self
galecto biotech,Galecto Biotech,NA,NA,unknown,self_alias,0.94,self
galena biopharma,Galena Biopharma,NA,NA,unknown,self_alias,0.94,self
galenica,GALENICA,NA,NA,unknown,self_alias,0.94,self
galera therapeutics,Galera Therapeutics,NA,NA,unknown,self_alias,0.94,self
galileo research,Galileo Research,NA,NA,unknown,self_alias,0.94,self
galimedix therapeutics,Galimedix Therapeutics,NA,NA,unknown,self_alias,0.94,self
galmed pharmaceuticals,GALMED Pharmaceuticals,NA,NA,unknown,self_alias,0.94,self
galmed research and development,Galmed Research and Development,NA,NA,unknown,self_alias,0.94,self
galsor,Galsor,NA,NA,unknown,self_alias,0.94,self
gambro lundia,Gambro Lundia,NA,NA,unknown,self_alias,0.94,self
gamida cell,Gamida Cell,NA,NA,unknown,self_alias,0.94,self
gamidacell-teva joint venture,GamidaCell-Teva Joint Venture,NA,NA,unknown,self_alias,0.94,self
gan and lee pharmaceuticals,Gan & Lee Pharmaceuticals,NA,NA,unknown,self_alias,0.94,self
ganymed pharmaceuticals,GANYMED Pharmaceuticals,NA,NA,unknown,self_alias,0.94,self
gastrointestinal onkologisk forening,Gastrointestinal Onkologisk Förening,NA,NA,unknown,self_alias,0.94,self
gastrotech pharma,Gastrotech Pharma,NA,NA,unknown,self_alias,0.94,self
gat therapeutics,Gat Therapeutics,NA,NA,unknown,self_alias,0.94,self
gateshead health nhs trust,Gateshead Health NHS Trust,NA,NA,hospital,self_alias,0.94,self
gb001,GB001,NA,NA,unknown,self_alias,0.94,self
gb002,GB002,NA,NA,unknown,self_alias,0.94,self
gb004,GB004,NA,NA,unknown,self_alias,0.94,self
gb005,GB005,NA,NA,unknown,self_alias,0.94,self
gb006,GB006,NA,NA,unknown,self_alias,0.94,self
gbg forschungs,GBG Forschungs,NA,NA,unknown,self_alias,0.94,self
gcp-service international west,Gcp-Service International West,NA,NA,NA,self_alias,0.94,self
gcp-service international west gmbh,Gcp-Service International West,NA,NA,NA,ctis_businesskey,0.95,NA
gcs ramsay sante enseignement et recherche,GCS Ramsay Sante Enseignement Et Recherche,NA,NA,NA,ctis_businesskey,0.95,NA
gedeon richter iberica,Gedeon Richter Ibérica,NA,NA,unknown,self_alias,0.94,self
geicam grupo espaol de investigacin en cncer de mama,GEICAM,NA,NA,cooperative_group,llm_curated,1,NA
geicam grupo espaol de investigacion en cancer de mama,GEICAM,NA,NA,cooperative_group,llm_curated,1,NA
geico - grupo espanol de investigacion en cancer de ovario,GEICO,NA,NA,cooperative_group,llm_curated,1,NA
geico grupo espanol de investigacion en cncer de ovario,GEICO,NA,NA,cooperative_group,llm_curated,1,NA
geiser pharma,Geiser Pharma,NA,NA,unknown,self_alias,0.94,self
geistlich pharma,Geistlich Pharma,NA,NA,unknown,self_alias,0.94,self
gel/tamo grupo cooperativo espaol de linfoma/transplante antlogo de mdula sea,GELTAMO,NA,NA,cooperative_group,llm_curated,1,NA
geltamo,GELTAMO,NA,NA,cooperative_group,llm_curated,1,NA
geltamo grupo cooperativo espanol de llinfoma/trasplante autologo de medula osea,GELTAMO,NA,NA,cooperative_group,llm_curated,1,NA
geltamo grupo espanol de linfomas y trasplante autologo de medula osea,GELTAMO,NA,NA,cooperative_group,llm_curated,1,NA
geltamo grupo espaol de linfoma y transplante autlogo de mdula sea,GELTAMO,NA,NA,cooperative_group,llm_curated,1,NA
gemeinnutzige salzburger landes kliniken betriebsgesellschaft mbh,Salzburger Landeskliniken,NA,NA,hospital,llm_curated,1,NA
gemin x pharmaceuticals,Gemin X Pharmaceuticals,NA,NA,industry,self_alias,0.94,self
gemphire therapeutics,Gemphire Therapeutics,NA,NA,unknown,self_alias,0.94,self
gemvax and kael co,Gemvax & Kael Co.,NA,NA,unknown,self_alias,0.94,self
genaera,Genaera,NA,NA,unknown,self_alias,0.94,self
gene predit,Gene PreDiT,NA,NA,unknown,self_alias,0.94,self
genemedix,GeneMedix,NA,NA,unknown,self_alias,0.94,self
genenta science,Genenta Science,NA,NA,unknown,self_alias,0.94,self
genentech,Genentech,Roche,Roche,industry,llm_curated,1,NA
genentech inc,Genentech,Roche,Roche,industry,llm_curated,1,NA
geneone life science,GeneOne Life Science,NA,NA,unknown,self_alias,0.94,self
geneora pharma shijiazhuang co,Geneora Pharma (Shijiazhuang) Co.,NA,NA,unknown,self_alias,0.94,self
genera research,Genera Research,NA,NA,unknown,self_alias,0.94,self
generate biomedicines,Generate Biomedicines,NA,NA,unknown,self_alias,0.94,self
generex biotechnology,Generex Biotechnology,NA,NA,unknown,self_alias,0.94,self
generon shanghai,Generon Shanghai,NA,NA,unknown,self_alias,0.94,self
generos biopharma,Generos Biopharma,NA,NA,unknown,self_alias,0.94,self
genesis pharma,Genesis Pharma,NA,NA,unknown,self_alias,0.94,self
genetix biotherapeutics,Genetix Biotherapeutics,NA,NA,unknown,self_alias,0.94,self
genetronics biomedical,Genetronics Biomedical,NA,NA,unknown,self_alias,0.94,self
geneuro innovation,GeNeuro Innovation,NA,NA,unknown,self_alias,0.94,self
genexine,Genexine,NA,NA,unknown,self_alias,0.94,self
genkyotex innovation,Genkyotex Innovation,NA,NA,unknown,self_alias,0.94,self
genmab,Genmab,Genmab,Genmab,industry,llm_curated,1,NA
genmab a/s,Genmab,NA,NA,industry,llm_curated,1,NA
genmab as,Genmab,Genmab,Genmab,industry,llm_curated,1,NA
genocea biosciences,Genocea Biosciences,NA,NA,unknown,self_alias,0.94,self
gensight biologics,Gensight Biologics,NA,NA,industry,llm_curated,1,NA
genspera,GenSpera,NA,NA,unknown,self_alias,0.94,self
genta,Genta,NA,NA,unknown,self_alias,0.94,self
genvec,GenVec,NA,NA,unknown,self_alias,0.94,self
genzyme,Genzyme,Sanofi,Sanofi,industry,llm_curated,1,NA
genzyme corporation,Genzyme,Sanofi,Sanofi,industry,llm_curated,1,NA
georg-august-universitat gottingen,Georg-August-Universität Göttingen,NA,NA,academic,self_alias,0.94,self
georg-august-universitt gttingen,Georg-August-Universität Göttingen,NA,NA,academic,llm_curated,1,NA
georg-august-universitt gttingen bereich humanmedizin,Universitätsmedizin Göttingen,NA,NA,hospital,llm_curated,1,NA
georg-august-universitt gttingen stiftung ffentlichen rechts universittsmedizin gttingen,Universitätsmedizin Göttingen,NA,NA,hospital,llm_curated,1,NA
george medicines pty,George Medicines Pty,NA,NA,unknown,self_alias,0.94,self
george washington university,George Washington University,NA,NA,academic,self_alias,0.94,self
gepepharm,gepepharm,NA,NA,unknown,self_alias,0.94,self
gercor,GERCOR,GERCOR,GERCOR,cooperative_group,llm_curated,1,NA
german cancer research center,Deutsches Krebsforschungszentrum (DKFZ),NA,NA,academic,llm_curated,1,NA
german cancer research center dkfz,Deutsches Krebsforschungszentrum (DKFZ),NA,NA,academic,llm_curated,1,NA
german heart centre munich department of cardiovascular diseases,Deutsches Herzzentrum München,NA,NA,unknown,llm_curated,1,NA
german high-grade non-hodgkin's lymphoma study group,German High-Grade non-Hodgkin's Lymphoma Study Group,NA,NA,cooperative_group,self_alias,0.94,self
german paediatric oncology group gpoh,German Paediatric Oncology Group GPOH,NA,NA,unknown,self_alias,0.94,self
gerolsteiner brunnen,Gerolsteiner Brunnen,NA,NA,unknown,self_alias,0.94,self
geron,Geron,NA,NA,unknown,self_alias,0.94,self
gesellschaft fr pdiatrische onkologie und hmatologie gpoh ggmbh,GPOH,NA,NA,cooperative_group,llm_curated,1,NA
gesellschaft fur zelltherapie mbh,Gesellschaft für Zelltherapie mbH,NA,NA,unknown,self_alias,0.94,self
gesynta pharma,Gesynta Pharma,NA,NA,unknown,self_alias,0.94,self
geteccu grupo espanol de trabajo en enfermedad de crohn y colitis ulcerosa,GETECCU,NA,NA,cooperative_group,llm_curated,1,NA
geth grupo espaol de trasplantes hemotopoyeticos y terapia celular,GETH,NA,NA,cooperative_group,llm_curated,1,NA
getne grupo espanol de tumores neuroendocrinos,GETNE Grupo Español de Tumores Neuroendocrinos,NA,NA,unknown,self_alias,0.94,self
getne grupo espaol de tumores neuroendocrinos,GETNE,NA,NA,cooperative_group,llm_curated,1,NA
ggd amsterdam,GGD Amsterdam,NA,NA,unknown,self_alias,0.94,self
gh research ireland,GH Research Ireland,NA,NA,unknown,self_alias,0.94,self
ghent university,Ghent University,Ghent University,Ghent University,academic,llm_curated,1,NA
gienne pharma,Gienne Pharma,NA,NA,unknown,self_alias,0.94,self
gilead,Gilead Sciences,Gilead Sciences,Gilead Sciences,industry,llm_curated,1,NA
gilead sciences,Gilead Sciences,Gilead Sciences,Gilead Sciences,industry,llm_curated,1,NA
gilead sciences inc,Gilead Sciences,Gilead Sciences,Gilead Sciences,industry,llm_curated,1,NA
giovanni-wolfgang goethe-universitt,Goethe-Universität Frankfurt am Main,NA,NA,academic,llm_curated,1,NA
gitmo,GITMO,NA,NA,cooperative_group,llm_curated,1,NA
gitmo gruppo italiano per il trapianto di midollo osseo,GITMO,NA,NA,cooperative_group,llm_curated,1,NA
glaukos,Glaukos,NA,NA,unknown,self_alias,0.94,self
glaxo smithkline,GSK,GSK,GSK,industry,llm_curated,1,NA
glaxosmithkiline research and development,GSK,GSK,GSK,industry,llm_curated,1,NA
glaxosmithkline,GSK,GSK,GSK,industry,llm_curated,1,NA
glaxosmithkline plc,GSK,GSK,GSK,industry,llm_curated,1,NA
glaxosmithkline research and development limited,GSK,GSK,GSK,industry,llm_curated,1,NA
glenmark pharmaceuticals,Glenmark Pharmaceuticals,NA,NA,unknown,self_alias,0.94,self
glg pharma,GLG Pharma,NA,NA,unknown,self_alias,0.94,self
gliknik,Gliknik,NA,NA,unknown,self_alias,0.94,self
global blood therapeutics,Global Blood Therapeutics,NA,NA,unknown,self_alias,0.94,self
globeimmune,GlobeImmune,NA,NA,unknown,self_alias,0.94,self
gloucester pharmaceuticals,Gloucester Pharmaceuticals,NA,NA,unknown,self_alias,0.94,self
glycomimetics,GlycoMimetics,NA,NA,unknown,self_alias,0.94,self
glycomine,Glycomine,NA,NA,unknown,self_alias,0.94,self
glycostem therapeutics,Glycostem Therapeutics,NA,NA,unknown,self_alias,0.94,self
glycotope,Glycotope,NA,NA,unknown,self_alias,0.94,self
glypharma therapeutic,GLyPharma Therapeutic,NA,NA,unknown,self_alias,0.94,self
gmiho,GMIHO,NA,NA,cooperative_group,self_alias,0.94,self
gmiho gesellschaft fr medizinische innovation  hmatologie und onkologie mbh,GMIHO,NA,NA,cooperative_group,llm_curated,1,NA
goethe universitt,Goethe-Universität Frankfurt am Main,NA,NA,academic,llm_curated,1,NA
goethe universitt frankfurt,Goethe-Universität Frankfurt am Main,NA,NA,academic,llm_curated,1,NA
goethe universitt frankfurt / universittsklinikum frankfurt,Goethe-Universität Frankfurt am Main,NA,NA,academic,llm_curated,1,NA
goethe-universitat frankfurt am main,Goethe-Universität Frankfurt am Main,NA,NA,academic,self_alias,0.94,self
goethe-universitt frankfurt,Goethe-Universität Frankfurt am Main,NA,NA,academic,llm_curated,1,NA
goethe-universitt frankfurt pd fabian finkelmeier,Goethe-Universität Frankfurt am Main,NA,NA,academic,llm_curated,1,NA
goirc gruppo oncologico italiano di ricerca clinica,GOIRC Gruppo Oncologico Italiano Di Ricerca Clinica,NA,NA,NA,ctis_businesskey,0.95,NA
gotel,GOTEL,NA,NA,cooperative_group,self_alias,0.94,self
gotel grupo oncolgico para el tratamiento de las enfermedades linfoides,GOTEL,NA,NA,cooperative_group,llm_curated,1,NA
gp-pharm,GP-PHARM,NA,NA,unknown,self_alias,0.94,self
graegis pharmaceuticals,Graegis Pharmaceuticals,NA,NA,unknown,self_alias,0.94,self
grand hopital de charleroi,Grand Hôpital de Charleroi,NA,NA,hospital,self_alias,0.94,self
grand medical pty,Grand Medical Pty,NA,NA,unknown,self_alias,0.94,self
granite bio,Granite Bio,NA,NA,unknown,self_alias,0.94,self
granular therapeutics,Granular Therapeutics,NA,NA,unknown,self_alias,0.94,self
great western hospitals nhs foundation trust,Great Western Hospitals NHS Foundation Trust,NA,NA,hospital,self_alias,0.94,self
green medicine,Green Medicine,NA,NA,unknown,self_alias,0.94,self
green valley shanghai pharmaceuticals co,Green Valley Shanghai Pharmaceuticals Co.,NA,NA,unknown,self_alias,0.94,self
greenwich lifesciences,Greenwich LifeSciences,NA,NA,unknown,self_alias,0.94,self
grenoble alps university hospital,CHU de Grenoble,NA,NA,hospital,llm_curated,1,NA
grey wolf therapeutics,Grey Wolf Therapeutics,NA,NA,unknown,self_alias,0.94,self
grifols biologicals,Grifols Biologicals,NA,NA,unknown,self_alias,0.94,self
grin therapeutics,Grin Therapeutics,NA,NA,unknown,self_alias,0.94,self
grnenthal,Grünenthal,Grünenthal,Grünenthal,industry,llm_curated,1,NA
grnenthal gmbh,Grünenthal,Grünenthal,Grünenthal,industry,llm_curated,1,NA
grnolskie centrum medyczne im prof leszka gieca,Grnolskie Centrum Medyczne im. prof. Leszka Gieca,NA,NA,unknown,self_alias,0.94,self
groupe est ouest des leucmies et autres maladies du sang,GOELAMS,NA,NA,cooperative_group,llm_curated,1,NA
groupe francophone des mylodysplasies,Groupe Francophone Des Myelodysplasies,NA,NA,cooperative_group,llm_curated,1,NA
groupement des hopitaux de l'institut catholique de lille,Groupement des Hôpitaux de l'Institut Catholique de Lille (GHICL),NA,NA,hospital,llm_curated,1,NA
groupement des hopitaux de l'institut catholique de lille ghicl,Groupement des Hôpitaux de l'Institut Catholique de Lille (GHICL),NA,NA,hospital,self_alias,0.94,self
groupement des hpitaux de linstitut catholique de lille ghicl,Groupement des Hôpitaux de l'Institut Catholique de Lille (GHICL),NA,NA,hospital,llm_curated,1,NA
gruenenthal gmbh,Grünenthal,Grünenthal,Grünenthal,industry,llm_curated,1,NA
grunenthal,Grünenthal,Grünenthal,Grünenthal,industry,llm_curated,1,NA
grunenthal gmbh,Grünenthal,Grünenthal,Grünenthal,industry,llm_curated,1,NA
grupo de tratamiento de los tumores digestivos ttd,Grupo TTD,NA,NA,cooperative_group,llm_curated,1,NA
grupo dermatologico y estetico pedro jaen,Grupo Dermatológico y Estético Pedro Jaén,NA,NA,unknown,self_alias,0.94,self
grupo espanol de cancer de pulmon,Grupo Español de Cáncer de Pulmón,NA,NA,unknown,self_alias,0.94,self
grupo espanol de cancer de pulmon gecp,Grupo Español de Cáncer de Pulmón (GECP),NA,NA,unknown,self_alias,0.94,self
grupo espanol de enfermedades mieloproliferativas gemfin,Grupo Español de Enfermedades Mieloproliferativas GEMFIN,NA,NA,unknown,self_alias,0.94,self
grupo espanol de investigacion en cancer de mama,Grupo Espanol De Investigacion En Cancer De Mama,NA,NA,NA,ctis_businesskey,0.95,NA
grupo espanol de investigacion en cancer de ovario,GEICO,NA,NA,cooperative_group,llm_curated,1,NA
grupo espanol de investigacion en neurooncologa geino,GEINO,NA,NA,cooperative_group,llm_curated,1,NA
grupo espanol de neurooncologia medica,Grupo Español de Neurooncología Médica,NA,NA,cooperative_group,self_alias,0.94,self
grupo espanol de neurooncologia medica genom,Grupo Español de Neurooncología Médica GENOM,NA,NA,unknown,self_alias,0.94,self
grupo espanol de trasplante hematopoyetico y terapia celular geth,GETH - Grupo Español de Trasplante Hematopoyético y Terapia Celular,NA,NA,cooperative_group,llm_curated,1,NA
grupo espanol de tratamiento de los tumores de cabeza y cuello ttcc,Grupo Español de Tratamiento de los Tumores de Cabeza y Cuello TTCC,NA,NA,cooperative_group,self_alias,0.94,self
grupo espanol de tratamiento de tumores de cabeza y cuello ttcc,Grupo Español de Tratamiento de Tumores de Cabeza y Cuello TTCC,NA,NA,unknown,self_alias,0.94,self
grupo espanol de tumores huerfanos e infrecuentes gethi,Grupo Español de Tumores Huérfanos e Infrecuentes GETHI,NA,NA,unknown,self_alias,0.94,self
grupo espanol de tumores neuroendocrinos secretaria tecnica getne getne,GETNE,NA,NA,cooperative_group,llm_curated,1,NA
grupo espanol multidisciplinar de cncer digestivo gemcad,GEMCAD,NA,NA,cooperative_group,llm_curated,1,NA
grupo espaol de investigacin en cancer de ovario geico,GEICO,NA,NA,cooperative_group,llm_curated,1,NA
grupo espaol de investigacin en cncer de mama geicam,GEICAM,NA,NA,cooperative_group,llm_curated,1,NA
grupo espaol de investigacin en cncer de ovario,Grupo Español de Investigación en Cáncer de Ovario,NA,NA,cooperative_group,llm_curated,1,NA
grupo espaol de investigacin en sarcomas,GEIS,NA,NA,cooperative_group,llm_curated,1,NA
grupo espaol de investigacion en sarcomas,GEIS,NA,NA,cooperative_group,llm_curated,1,NA
grupo espaol de linfoma y trasplante autlogo de mdula sea,GELTAMO,NA,NA,cooperative_group,llm_curated,1,NA
grupo espaol de linfomas/trasplante autlogo de mdula sea gel/tamo,GELTAMO,NA,NA,cooperative_group,llm_curated,1,NA
grupo espaol de neurooncologia medica,Grupo Español de Neurooncología Médica,NA,NA,cooperative_group,llm_curated,1,NA
grupo espaol de trasplante hematopoytico y terapia celular geth,GETH,NA,NA,cooperative_group,llm_curated,1,NA
grupo espaol de tratamiento de los tumores de cabeza y cuello ttcc,Grupo Español de Tratamiento de los Tumores de Cabeza y Cuello TTCC,NA,NA,cooperative_group,llm_curated,1,NA
grupo espaol de tratamiento de tumores genitourinarios sogug-spanish genitourinary oncologic group,SOGUG,NA,NA,cooperative_group,llm_curated,1,NA
grupo espaol de tumores neuroendocrinos,Grupo Español de Tumores Neuroendocrinos,NA,NA,cooperative_group,llm_curated,1,NA
grupo espaol multidisciplinar en cncer digestivo gemcad,GEMCAD,NA,NA,cooperative_group,llm_curated,1,NA
grupo espaol multidisciplinar en cncer digestivo-gemcad,GEMCAD,NA,NA,cooperative_group,llm_curated,1,NA
grupo espaol para el tratamiento y estudio de los linfomas gotel,GOTEL,NA,NA,cooperative_group,llm_curated,1,NA
grupo gallego de investigacion en oncologia - ggio,Grupo Gallego de Investigación en Oncología - GGIO,NA,NA,unknown,self_alias,0.94,self
grupo gallego de investigacion en tumores digestivos - gitud,Grupo Gallego de Investigación en Tumores Digestivos - GITuD,NA,NA,unknown,self_alias,0.94,self
grupo ttd,Grupo TTD,NA,NA,cooperative_group,self_alias,0.94,self
gruppo italiano mesotelioma g i me,Gruppo Italiano Mesotelioma G.I.Me.,NA,NA,cooperative_group,llm_curated,1,NA
gsk,GSK,GSK,GSK,industry,llm_curated,1,NA
gso global clinical research,GSO Global Clinical Research,NA,NA,unknown,self_alias,0.94,self
gtc biotherapeutics,GTC Biotherapeutics,NA,NA,unknown,self_alias,0.94,self
gteborgs universitet,University of Gothenburg,NA,NA,academic,llm_curated,1,NA
guard therapeutics international,Guard Therapeutics International,NA,NA,unknown,self_alias,0.94,self
guillem abad carratala,Guillem Abad Carratala,NA,NA,unknown,self_alias,0.94,self
guna,GUNA,NA,NA,unknown,self_alias,0.94,self
gustave roussy,Gustave Roussy,Gustave Roussy,Gustave Roussy,hospital,llm_curated,1,NA
guys and st thomas nhs foundation trust / kings college london,Guy's and St Thomas' NHS Foundation Trust,NA,NA,hospital,llm_curated,1,NA
guys st thomas nhs foundation trust,Guys and St Thomas NHS Foundation Trust,Guys and St Thomas NHS Foundation Trust,Guys and St Thomas NHS Foundation Trust,hospital,llm_curated,1,NA
gw laboratories,GW Laboratories,NA,NA,unknown,self_alias,0.94,self
gw pharma,GW Pharma,NA,NA,unknown,self_alias,0.94,self
gw research limited / jazz pharmaceuticals research uk,GW Research Limited / Jazz Pharmaceuticals Research UK,NA,NA,unknown,self_alias,0.94,self
gwt-tud,GWT-TUD,NA,NA,unknown,self_alias,0.94,self
gyala therapeutics,Gyala Therapeutics,NA,NA,unknown,self_alias,0.94,self
gyn research,GYN Research,NA,NA,unknown,self_alias,0.94,self
gynial,Gynial,NA,NA,unknown,self_alias,0.94,self
h lunbeck a/s,Lundbeck,NA,NA,industry,llm_curated,1,NA
h lundbeck,Lundbeck,Lundbeck,Lundbeck,industry,llm_curated,1,NA
h lundbeck a/s,Lundbeck,Lundbeck,Lundbeck,industry,llm_curated,1,NA
h-phar,H-PHAR,NA,NA,unknown,self_alias,0.94,self
haemostatix,Haemostatix,NA,NA,unknown,self_alias,0.94,self
haisco-usa pharmaceuticals,Haisco-USA Pharmaceuticals,NA,NA,unknown,self_alias,0.94,self
haleon ch sarl,Haleon CH SARL,NA,NA,NA,ctis_businesskey,0.95,NA
halozyme,Halozyme,NA,NA,unknown,self_alias,0.94,self
hamilton health sciences corporation / phri population health research institute,Hamilton Health Sciences Corporation / PHRI Population Health Research Institute,NA,NA,unknown,self_alias,0.94,self
hamlet biopharma,Hamlet BioPharma,NA,NA,unknown,self_alias,0.94,self
hanlim pharm co,Hanlim Pharm Co.,NA,NA,unknown,self_alias,0.94,self
hanmi pharmaceutical co,Hanmi Pharmaceutical Co.,NA,NA,unknown,self_alias,0.94,self
hannover clinical trial center,Hannover Clinical Trial Center,NA,NA,unknown,self_alias,0.94,self
harmony biosciences management,Harmony Biosciences Management,NA,NA,unknown,self_alias,0.94,self
harpoon therapeutics,Harpoon Therapeutics,NA,NA,unknown,self_alias,0.94,self
harras-pharma-curarina,Harras-pharma-curarina,NA,NA,unknown,self_alias,0.94,self
hasco-lek,Hasco-lek,NA,NA,unknown,self_alias,0.94,self
haugesund hospital,Haugesund Hospital,NA,NA,hospital,self_alias,0.94,self
haupt pharma wolfratshausen,Haupt Pharma Wolfratshausen,NA,NA,unknown,self_alias,0.94,self
health - institute for biomedicine and health sciences joanneum research,"HEALTH - Institute for Biomedicine and Health Sciences, JOANNEUM RESEARCH",NA,NA,unknown,self_alias,0.94,self
health clinics,Health Clinics,NA,NA,unknown,self_alias,0.94,self
health ricercae sviluppo,Health Ricercae Sviluppo,NA,NA,unknown,self_alias,0.94,self
healthcare and pharma consulting ag europe,Healthcare & Pharma Consulting AG Europe,NA,NA,unknown,self_alias,0.94,self
heidelberg university,Heidelberg University,NA,NA,NA,ctis_businesskey,0.95,NA
heidelberg university hospital,Heidelberg University Hospital,NA,NA,hospital,self_alias,0.94,self
heidelberg university hospital aor,Heidelberg University Hospital AöR,NA,NA,NA,ctis_businesskey,0.95,NA
hela pharma,Hela Pharma,NA,NA,unknown,self_alias,0.94,self
helix biopharma,Helix BioPharma,NA,NA,unknown,self_alias,0.94,self
helix product development ireland,Helix Product Development Ireland,NA,NA,unknown,self_alias,0.94,self
helixor heilmittel,Helixor Heilmittel,NA,NA,unknown,self_alias,0.94,self
hellenic cooperative oncology group,Hellenic Cooperative Oncology Group,Hellenic Cooperative Oncology Group,Hellenic Cooperative Oncology Group,cooperative_group,llm_curated,1,NA
hellenic cooperative oncology group hecog,Hellenic Cooperative Oncology Group,Hellenic Cooperative Oncology Group,Hellenic Cooperative Oncology Group,cooperative_group,llm_curated,1,NA
helm,Helm,NA,NA,unknown,self_alias,0.94,self
help pharmaceuticals,HELP Pharmaceuticals,NA,NA,unknown,self_alias,0.94,self
helse nord-trondelag hf,Helse Nord-Trøndelag HF,NA,NA,hospital,self_alias,0.94,self
helse stavanger hf,Helse Stavanger HF,NA,NA,NA,ctis_businesskey,0.95,NA
helsinki university hospital department of gastroenterology,Helsinki University Hospital,NA,NA,hospital,llm_curated,1,NA
helsinn healthcare,Helsinn Healthcare,Helsinn Healthcare,Helsinn Healthcare,industry,llm_curated,1,NA
helsinn healthcare sa,Helsinn Healthcare,Helsinn Healthcare,Helsinn Healthcare,industry,llm_curated,1,NA
helsinn therapeutics u s,Helsinn Therapeutics U.S.,NA,NA,unknown,self_alias,0.94,self
hemab,Hemab,NA,NA,unknown,self_alias,0.94,self
hennig arzneimittel,Hennig Arzneimittel,NA,NA,unknown,self_alias,0.94,self
heparegenix,HepaRegeniX,NA,NA,unknown,self_alias,0.94,self
hepatera,Hepatera,NA,NA,unknown,self_alias,0.94,self
hepion pharmaceuticals,Hepion Pharmaceuticals,NA,NA,unknown,self_alias,0.94,self
herantis pharma,Herantis Pharma,NA,NA,unknown,self_alias,0.94,self
herlev and gentofte university hospital department of obstetrics,Herlev og Gentofte Hospital,NA,NA,hospital,llm_curated,1,NA
herlev gentofte hospital,Herlev og Gentofte Hospital,NA,NA,hospital,llm_curated,1,NA
herlev gentofte hospital - department of dermatology and allergy,Herlev og Gentofte Hospital,NA,NA,hospital,llm_curated,1,NA
herlev gentofte hospital oncology dept,Herlev og Gentofte Hospital,NA,NA,hospital,llm_curated,1,NA
herlev hospital,Herlev Hospital,NA,NA,NA,ctis_businesskey,0.95,NA
herlev og gentofte hospital,Herlev og Gentofte Hospital,NA,NA,hospital,llm_curated,1,NA
hermal kurt herrmann gmbh and co ohg,HERMAL Kurt Herrmann GmbH & Co. OHG,NA,NA,unknown,self_alias,0.94,self
hermo pharma,Hermo Pharma,NA,NA,unknown,self_alias,0.94,self
herning hospital,Herning Hospital,NA,NA,hospital,self_alias,0.94,self
heron therapeutics,Heron Therapeutics,NA,NA,unknown,self_alias,0.94,self
herz- und diabeteszentrum nrw,Herz- und Diabeteszentrum NRW,NA,NA,unknown,self_alias,0.94,self
hevert-arzneimittel,Hevert-Arzneimittel,NA,NA,unknown,self_alias,0.94,self
hexal,HEXAL,NA,NA,unknown,self_alias,0.94,self
hi-tech pharmacal co,Hi-Tech Pharmacal Co.,NA,NA,unknown,self_alias,0.94,self
hifibio,Hifibio,NA,NA,unknown,self_alias,0.94,self
hinova pharmaceuticals usa,Hinova Pharmaceuticals USA,NA,NA,unknown,self_alias,0.94,self
histocell,Histocell,NA,NA,unknown,self_alias,0.94,self
hmg biologics,Hmg Biologics,NA,NA,unknown,self_alias,0.94,self
hmnc holding,HMNC Holding,NA,NA,unknown,self_alias,0.94,self
hoffman-la roche,Roche,Roche,Roche,industry,llm_curated,1,NA
hoffmann-la roche,Roche,Roche,Roche,industry,llm_curated,1,NA
holbaek sygehus,Holbæk Sygehus,NA,NA,hospital,self_alias,0.94,self
holostem terapie avanzate,Holostem Terapie Avanzate,NA,NA,unknown,self_alias,0.94,self
holsboermaschmeyer neurochemie hmnc,HolsboerMaschmeyer NeuroChemie HMNC,NA,NA,unknown,self_alias,0.94,self
holy stone healthcare co,Holy Stone Healthcare Co.,NA,NA,unknown,self_alias,0.94,self
homviora arzneimittel - dr hagedorn gmbh and co,HOMVIORA Arzneimittel - Dr. Hagedorn GmbH & Co.,NA,NA,unknown,self_alias,0.94,self
hookipa biotech,Hookipa Biotech,NA,NA,unknown,self_alias,0.94,self
hope pharmaceuticals,Hope Pharmaceuticals,NA,NA,unknown,self_alias,0.94,self
hopital ambroise pare,Hôpital Ambroise Paré,NA,NA,hospital,self_alias,0.94,self
hopital foch,Hôpital Foch,Hôpital Foch,Hôpital Foch,hospital,llm_curated,1,NA
hopital novo,Hôpital NOVO,NA,NA,hospital,llm_curated,1,NA
hopitaux universitaires de geneve,Hôpitaux Universitaires de Genève,NA,NA,unknown,self_alias,0.94,self
horg,HORG,NA,NA,unknown,self_alias,0.94,self
horizon therapeutics ireland designated activity company,Horizon Therapeutics,Horizon Therapeutics,Horizon Therapeutics,industry,llm_curated,1,NA
hormos medical,Hormos Medical,NA,NA,unknown,self_alias,0.94,self
hospices civils de lyon,Hospices Civils de Lyon,Hospices Civils de Lyon,Hospices Civils de Lyon,hospital,llm_curated,1,NA
hospira,Hospira,NA,NA,unknown,self_alias,0.94,self
hospital 12 octubre,Hospital Universitario 12 de Octubre,NA,NA,hospital,llm_curated,1,NA
hospital beatriz angelo,Hospital Beatriz Ângelo,NA,NA,hospital,self_alias,0.94,self
hospital center rene dubos,Hospital Center René Dubos,NA,NA,hospital,self_alias,0.94,self
hospital clinic barcelona,Hospital Clínic Barcelona,NA,NA,hospital,llm_curated,1,NA
hospital clinic de barcelona,Hospital Clínic Barcelona,NA,NA,hospital,llm_curated,1,NA
hospital clnico de barcelona,Hospital Clínic de Barcelona,NA,NA,hospital,llm_curated,1,NA
hospital de neurorrehabilitacion institut guttmann,Hospital de Neurorrehabilitación Institut Guttmann,NA,NA,unknown,self_alias,0.94,self
hospital de palamos,Hospital de Palamós,NA,NA,hospital,llm_curated,1,NA
hospital de palams,Hospital de Palamós,NA,NA,hospital,llm_curated,1,NA
hospital dr josep trueta,Hospital Universitari de Girona Dr. Josep Trueta,NA,NA,hospital,llm_curated,1,NA
hospital general gregorio maranon,Hospital General Gregorio Marañón,NA,NA,hospital,self_alias,0.94,self
hospital general universitario gregorio maranon,Hospital General Universitario Gregorio Marañón,NA,NA,hospital,llm_curated,1,NA
hospital general universitario gregorio maraon de madrid,Hospital General Universitario Gregorio Marañón,NA,NA,hospital,llm_curated,1,NA
hospital plato,Hospital Plató,NA,NA,hospital,self_alias,0.94,self
hospital ramn y cajal,Hospital Ramón y Cajal,NA,NA,hospital,llm_curated,1,NA
hospital ramon y cajal,Hospital Ramón y Cajal,NA,NA,hospital,self_alias,0.94,self
hospital universitari bellvitge,Hospital Universitari de Bellvitge - IDIBELL,NA,NA,hospital,llm_curated,1,NA
hospital universitari d'igualada,Hospital Universitari d'Igualada,NA,NA,hospital,self_alias,0.94,self
hospital universitari de bellvitge - idibell,Hospital Universitari de Bellvitge - IDIBELL,NA,NA,hospital,llm_curated,1,NA
hospital universitari de bellvitge-idibell,Hospital Universitari de Bellvitge - IDIBELL,NA,NA,hospital,llm_curated,1,NA
hospital universitari son llatzer,Hospital Universitari Son Llàtzer,NA,NA,hospital,self_alias,0.94,self
hospital universitari vall d'hebron,Hospital Universitari Vall d'Hebron,NA,NA,hospital,self_alias,0.94,self
hospital universitario de bellvitge,Hospital Universitari de Bellvitge - IDIBELL,NA,NA,hospital,llm_curated,1,NA
hospital universitario de canarias dr francisco bosa ojeda,Hospital Universitario de Canarias,NA,NA,hospital,llm_curated,1,NA
hospital universitario gregorio maran,Hospital General Universitario Gregorio Marañón,NA,NA,hospital,llm_curated,1,NA
hospital universitario la paz,Hospital Universitario La Paz,NA,NA,hospital,llm_curated,1,NA
hospital universitario marques de valdecilla,Hospital Universitario Marqués de Valdecilla,NA,NA,hospital,self_alias,0.94,self
hospital universitario nino jesus,Hospital Universitario Niño Jesús,NA,NA,hospital,self_alias,0.94,self
hospital universitario vall dhebron,Hospital Universitari Vall d'Hebron,NA,NA,hospital,llm_curated,1,NA
hospital universitario virgen del rocio,Hospital Universitario Virgen del Rocío,NA,NA,unknown,self_alias,0.94,self
hospital vall d hebron,Hospital Universitari Vall d'Hebron,NA,NA,hospital,llm_curated,1,NA
hospital vall hebron,Hospital Universitari Vall d'Hebron,NA,NA,hospital,llm_curated,1,NA
hospital virgen de la salud toledo,"Hospital Virgen de la Salud, Toledo",NA,NA,hospital,self_alias,0.94,self
hospitalsenheden horsens,Hospitalsenheden Horsens,NA,NA,unknown,self_alias,0.94,self
hotel universitario ramon y cajal,Hospital Ramón y Cajal,NA,NA,hospital,llm_curated,1,NA
hoth therapeutics,Hoth Therapeutics,NA,NA,unknown,self_alias,0.94,self
hotspot therapeutics,Hotspot Therapeutics,NA,NA,unknown,self_alias,0.94,self
hovon,HOVON,HOVON,HOVON,cooperative_group,llm_curated,1,NA
hovon foundation,HOVON,HOVON,HOVON,cooperative_group,llm_curated,1,NA
hpital foch,Hôpital Foch,NA,NA,hospital,llm_curated,1,NA
hsk research,HSK Research,NA,NA,unknown,self_alias,0.94,self
humacyte,Humacyte,NA,NA,unknown,self_alias,0.94,self
human genome sciences,Human Genome Sciences,NA,NA,unknown,self_alias,0.94,self
human immunology biosciences,Human Immunology Biosciences,NA,NA,unknown,self_alias,0.94,self
humanitas mirasole,Humanitas Mirasole,NA,NA,unknown,self_alias,0.94,self
humedics,Humedics,NA,NA,unknown,self_alias,0.94,self
hunter-fleming,Hunter-Fleming,NA,NA,unknown,self_alias,0.94,self
hus - helsinki university hospital,HUS - Helsinki University Hospital,NA,NA,hospital,self_alias,0.94,self
hus-yhtymae,HUS-yhtymae,NA,NA,NA,ctis_businesskey,0.95,NA
hutchison medipharma,Hutchison MediPharma,NA,NA,unknown,self_alias,0.94,self
hutchmed,HUTCHMED,NA,NA,unknown,self_alias,0.94,self
huvepharma,Huvepharma,NA,NA,unknown,self_alias,0.94,self
huyabio international,HUYABIO International,NA,NA,unknown,self_alias,0.94,self
hvidovre hospital,Hvidovre Hospital,NA,NA,hospital,llm_curated,1,NA
hvidovre hospital dep of respiratory medicine,Hvidovre Hospital,NA,NA,hospital,llm_curated,1,NA
hvidovre hospital department of gynecology,Hvidovre Hospital,NA,NA,hospital,llm_curated,1,NA
hvidovre hospital region hovedstaden,Hvidovre Hospital,NA,NA,hospital,llm_curated,1,NA
hvivo,hVIVO,NA,NA,unknown,self_alias,0.94,self
hybrigenics,Hybrigenics,NA,NA,unknown,self_alias,0.94,self
hyperion therapeutics,Hyperion Therapeutics,NA,NA,unknown,self_alias,0.94,self
i r c c s fondazione s lucia,Fondazione Santa Lucia,NA,NA,NA,llm_curated,1,NA
i-getaid,i-GETAID,NA,NA,NA,ctis_businesskey,0.95,NA
iama therapeutics,Iama Therapeutics,NA,NA,unknown,self_alias,0.94,self
iambic therapeutics,Iambic Therapeutics,NA,NA,unknown,self_alias,0.94,self
iatec,IATEC,NA,NA,unknown,self_alias,0.94,self
ibsal - instituto de investigacion biomedica de salamanca,IBSAL - Instituto de Investigación Biomédica de Salamanca,NA,NA,academic,self_alias,0.94,self
ibsal instituto de investigacin biomdica de salamanca,IBSAL - Instituto de Investigación Biomédica de Salamanca,NA,NA,academic,llm_curated,1,NA
ibsal instituto de investigacin biomdica de salamanca-fundacin institu,IBSAL - Instituto de Investigación Biomédica de Salamanca,NA,NA,academic,llm_curated,1,NA
ic targets,IC Targets,NA,NA,unknown,self_alias,0.94,self
icagen,Icagen,NA,NA,unknown,self_alias,0.94,self
ichthyol-gesellschaft cordes hermanni and co,"Ichthyol-Gesellschaft Cordes, Hermanni & Co.",NA,NA,unknown,self_alias,0.94,self
icnas producao lda,ICNAS Produção Lda.,NA,NA,unknown,self_alias,0.94,self
icr medical,Icr Medical,NA,NA,unknown,self_alias,0.94,self
ics maugeri s p a sb,ICS Maugeri S.p.A. SB,NA,NA,hospital,self_alias,0.94,self
ict de navarra,ICT de Navarra,NA,NA,unknown,self_alias,0.94,self
idea,Idea,NA,NA,unknown,self_alias,0.94,self
ideaya biosciences,Ideaya Biosciences,NA,NA,unknown,self_alias,0.94,self
idera pharmaceuticals,Idera Pharmaceuticals,NA,NA,unknown,self_alias,0.94,self
idi farmaceutici,IDI Farmaceutici,NA,NA,unknown,self_alias,0.94,self
idibell,IDIBELL - Institut d'Investigació Biomèdica de Bellvitge,NA,NA,academic,llm_curated,1,NA
idibell - institut d'investigacio biomedica de bellvitge,IDIBELL - Institut d'Investigació Biomèdica de Bellvitge,NA,NA,academic,self_alias,0.94,self
idibell institut d investigacio biomedica de bellvitge,IDIBELL - Institut d'Investigació Biomèdica de Bellvitge,NA,NA,academic,llm_curated,1,NA
idorsia pharmaceuticals,Idorsia Pharmaceuticals,NA,NA,unknown,self_alias,0.94,self
idp discovery pharma,IDP Discovery Pharma,NA,NA,unknown,self_alias,0.94,self
idrx,Idrx,NA,NA,unknown,self_alias,0.94,self
iecure,Iecure,NA,NA,unknown,self_alias,0.94,self
ifom istituto fondazione di oncologia molecolare ets in breve ifom ets,Ifom Istituto Fondazione Di Oncologia Molecolare Ets In Breve Ifom Ets,NA,NA,NA,ctis_businesskey,0.95,NA
ifsggmbh institut fur klinische studien,IFSgGmbH Institut für klinische Studien,NA,NA,unknown,self_alias,0.94,self
igi therapeutics,IGI Therapeutics,NA,NA,unknown,self_alias,0.94,self
ignyta,Ignyta,NA,NA,unknown,self_alias,0.94,self
iil - intergruppo italiano linfomi onlus,IIL - Intergruppo Italiano Linfomi ONLUS,NA,NA,unknown,self_alias,0.94,self
ikaria,Ikaria,NA,NA,unknown,self_alias,0.94,self
ikena oncology,Ikena Oncology,NA,NA,unknown,self_alias,0.94,self
ikf klinische krebsforschung gmbh am krankenhaus nordwest,Institut fuer Klinische Krebsforschung IKF GmbH,NA,NA,unknown,llm_curated,1,NA
ikfe - institute for clinical research and development,ikfe – Institute for Clinical Research and Development,NA,NA,unknown,self_alias,0.94,self
iksuda therapeutics,Iksuda Therapeutics,NA,NA,unknown,self_alias,0.94,self
il-yang pharm co,Il-Yang Pharm Co.,NA,NA,unknown,self_alias,0.94,self
ilab co,Ilab Co.,NA,NA,unknown,self_alias,0.94,self
ilkos therapeutic,Ilkos Therapeutic,NA,NA,unknown,self_alias,0.94,self
ilkos therapeutique,Ilkos Therapeutique,NA,NA,unknown,self_alias,0.94,self
ilya pharma,Ilya Pharma,NA,NA,unknown,self_alias,0.94,self
imaginab,ImaginAb,NA,NA,unknown,self_alias,0.94,self
imago biosciences,Imago BioSciences,NA,NA,unknown,self_alias,0.94,self
imara,Imara,NA,NA,unknown,self_alias,0.94,self
imarx therapeutics,ImaRx Therapeutics,NA,NA,unknown,self_alias,0.94,self
imbria pharmaceuticals,Imbria Pharmaceuticals,NA,NA,unknown,self_alias,0.94,self
imclone systems,ImClone Systems,NA,NA,unknown,self_alias,0.94,self
imcyse,ImCyse,NA,NA,unknown,self_alias,0.94,self
imea-fondation lon mba,IMEA Institut de Médecine et d'Épidémiologie Appliquée - Fondation Léon MBa,NA,NA,academic,llm_curated,1,NA
immatics biotechnologies,Immatics Biotechnologies,NA,NA,unknown,self_alias,0.94,self
immatics us,Immatics US,NA,NA,unknown,self_alias,0.94,self
immedica pharma,Immedica Pharma,NA,NA,unknown,self_alias,0.94,self
immodulon therapeutics,Immodulon Therapeutics,NA,NA,unknown,self_alias,0.94,self
immunabs,Immunabs,NA,NA,unknown,self_alias,0.94,self
immune design,Immune Design,NA,NA,unknown,self_alias,0.94,self
immune targeting systems,Immune Targeting Systems,NA,NA,unknown,self_alias,0.94,self
immunemed,ImmuneMed,NA,NA,unknown,self_alias,0.94,self
immungenetics,Immungenetics,NA,NA,unknown,self_alias,0.94,self
immunic,Immunic,NA,NA,unknown,self_alias,0.94,self
immunitybio,ImmunityBio,NA,NA,unknown,self_alias,0.94,self
immunobrain checkpoint,Immunobrain Checkpoint,NA,NA,unknown,self_alias,0.94,self
immunocellular therapeutics,ImmunoCellular Therapeutics,NA,NA,unknown,self_alias,0.94,self
immunocore,Immunocore,NA,NA,unknown,self_alias,0.94,self
immunogen,ImmunoGen,NA,NA,unknown,self_alias,0.94,self
immunome,Immunome,NA,NA,unknown,self_alias,0.94,self
immunophotonics,Immunophotonics,NA,NA,unknown,self_alias,0.94,self
immunorx pharma,Immunorx Pharma,NA,NA,unknown,self_alias,0.94,self
immunovaccine technologies inc imv,Immunovaccine Technologies Inc. IMV,NA,NA,unknown,self_alias,0.94,self
immunovant sciences,Immunovant Sciences,NA,NA,unknown,self_alias,0.94,self
impact therapeutics,IMPACT Therapeutics,NA,NA,unknown,self_alias,0.94,self
impax laboratories,Impax Laboratories,NA,NA,unknown,self_alias,0.94,self
imperial college healthcare nhs trust,Imperial College Healthcare NHS Trust,Imperial College Healthcare NHS Trust,Imperial College Healthcare NHS Trust,hospital,llm_curated,1,NA
imperial college london,Imperial College London,Imperial College London,Imperial College London,academic,llm_curated,1,NA
imperial joint research compliance office,Imperial College London,NA,NA,academic,llm_curated,1,NA
inamed research,Inamed Research,NA,NA,unknown,self_alias,0.94,self
incarda therapeutics,InCarda Therapeutics,NA,NA,unknown,self_alias,0.94,self
inchos sciences,Inchos Sciences,NA,NA,unknown,self_alias,0.94,self
incyte,Incyte,Incyte Corporation,Incyte Corporation,industry,llm_curated,0.9,NA
incyte corporation,Incyte,Incyte Corporation,Incyte Corporation,industry,llm_curated,1,NA
indena,INDENA,NA,NA,unknown,self_alias,0.94,self
independent pharmaceutica,Independent Pharmaceutica,NA,NA,unknown,self_alias,0.94,self
indivior,Indivior,NA,NA,unknown,self_alias,0.94,self
industrial farmaceutica cantabria,Industrial Farmacéutica Cantabria,NA,NA,industry,self_alias,0.94,self
industrial farmaceutica cantabria s a,Industrial Farmacéutica Cantabria,NA,NA,industry,llm_curated,1,NA
ineos healthcare,INEOS Healthcare,NA,NA,unknown,self_alias,0.94,self
infacare pharmaceutical,InfaCare Pharmaceutical,NA,NA,unknown,self_alias,0.94,self
infai,INFAI,NA,NA,unknown,self_alias,0.94,self
infectopharm arzneimittel,InfectoPharm Arzneimittel,NA,NA,unknown,self_alias,0.94,self
infinity pharmaceuticals,Infinity Pharmaceuticals,NA,NA,unknown,self_alias,0.94,self
infirst+ healthcare,Infirst+ HEALTHCARE,NA,NA,unknown,self_alias,0.94,self
inflarx,InflaRx,NA,NA,unknown,self_alias,0.94,self
inflazome,Inflazome,NA,NA,unknown,self_alias,0.94,self
inhibikase therapeutics,Inhibikase Therapeutics,NA,NA,unknown,self_alias,0.94,self
inhibrx,Inhibrx,NA,NA,unknown,self_alias,0.94,self
inmagene,Inmagene,NA,NA,unknown,self_alias,0.94,self
inmed pharmaceuticals,InMed Pharmaceuticals,NA,NA,unknown,self_alias,0.94,self
inmunal,INMUNAL,NA,NA,unknown,self_alias,0.94,self
inmune bio,Inmune Bio,NA,NA,unknown,self_alias,0.94,self
inmunotek,Inmunotek,NA,NA,unknown,self_alias,0.94,self
innocare pharma,InnoCare Pharma,NA,NA,unknown,self_alias,0.94,self
innocoll pharmaceuticals,Innocoll Pharmaceuticals,NA,NA,unknown,self_alias,0.94,self
innoup farma,InnoUP Farma,NA,NA,unknown,self_alias,0.94,self
innovaderm research,Innovaderm Research,NA,NA,unknown,self_alias,0.94,self
innovative diabetes treatments studies,Innovative Diabetes Treatments Studies,NA,NA,unknown,self_alias,0.94,self
innovative molecules,Innovative Molecules,NA,NA,unknown,self_alias,0.94,self
innovent biologics suzhou co,Innovent Biologics Suzhou Co.,NA,NA,unknown,self_alias,0.94,self
inotrem,INOTREM,NA,NA,unknown,self_alias,0.94,self
inovio pharmaceuticals,Inovio Pharmaceuticals,NA,NA,unknown,self_alias,0.94,self
inozyme pharma,Inozyme Pharma,NA,NA,unknown,self_alias,0.94,self
inselspital universitatsspital bern,"Inselspital, Universitätsspital Bern",NA,NA,unknown,self_alias,0.94,self
inserm,Inserm,NA,NA,NA,ctis_businesskey,0.95,NA
insmed,Insmed,NA,NA,unknown,self_alias,0.94,self
inspira medical,InSpira Medical,NA,NA,unknown,self_alias,0.94,self
inspirna,Inspirna,NA,NA,unknown,self_alias,0.94,self
institut catala d'oncologia girona - hospital josep trueta,Institut Català d'Oncologia Girona - Hospital Josep Trueta,NA,NA,hospital,self_alias,0.94,self
institut catala doncologia girona hospital josep trueta,Institut Català d'Oncologia Girona - Hospital Josep Trueta,NA,NA,hospital,llm_curated,1,NA
institut curie,Institut Curie,Institut Curie,Institut Curie,hospital,llm_curated,1,NA
institut d'anesthesiologie des alpes maritimes,Institut d'Anesthésiologie des Alpes Maritimes,NA,NA,unknown,self_alias,0.94,self
institut de cancerologie de l'ouest,Institut de Cancérologie de l'Ouest,NA,NA,unknown,self_alias,0.94,self
institut de cancerologie de lorraine - alexis vautrin,Institut de Cancérologie de Lorraine - Alexis Vautrin,NA,NA,unknown,self_alias,0.94,self
institut de cancerologie lucien neuwirth,Institut de Cancérologie Lucien Neuwirth,NA,NA,hospital,self_alias,0.94,self
institut de cancrologie de la loire,Institut de Cancérologie de la Loire,NA,NA,hospital,llm_curated,1,NA
institut de cancrologie lucien neuwirth,Institut de Cancérologie Lucien Neuwirth,NA,NA,hospital,llm_curated,1,NA
institut de recerca h santa creu i sant pau,Institut de Recerca de l'Hospital de la Santa Creu i Sant Pau - IIB Sant Pau,NA,NA,hospital,llm_curated,1,NA
institut de recherches internationales,Servier,Servier,Servier,industry,llm_curated,0.9,NA
institut de recherches internationales servier,Servier,Servier,Servier,industry,llm_curated,1,NA
institut de recherches internationales servier i.r.i.s.,Servier,NA,NA,industry,llm_curated,1,NA
institut de recherches internationales servier i.r.i.s. / laboratorios servier,Servier,NA,NA,industry,llm_curated,1,NA
institut de recherches internationales servier iris,Servier,Servier,Servier,industry,llm_curated,1,NA
institut des maladies genetiques - imagine,Institut des Maladies Génétiques - Imagine,NA,NA,unknown,self_alias,0.94,self
institut fr klinische krebsforschung ikf gmbh at krankenhaus nordwest,Institut fuer Klinische Krebsforschung IKF GmbH,NA,NA,unknown,llm_curated,1,NA
institut fuer klinische krebsforschung ikf gmbh,Institut fuer Klinische Krebsforschung IKF GmbH,NA,NA,NA,ctis_businesskey,0.95,NA
institut fur anwendungsorientierte forschung und klinische studien ggmbh der umg gottingen,Institut für anwendungsorientierte Forschung und klinische Studien gGmbH der UMG Göttingen,NA,NA,unknown,self_alias,0.94,self
institut fur frauengesundheit gmbh,Institut Für Frauengesundheit GmbH,NA,NA,NA,ctis_businesskey,0.95,NA
institut fur klinische krebsforschung ikf gmbh at krankenhaus nordwest,Institut fuer Klinische Krebsforschung IKF GmbH,NA,NA,unknown,llm_curated,1,NA
institut gustave roussy,Gustave Roussy,Gustave Roussy,Gustave Roussy,hospital,llm_curated,1,NA
institut hospitalier franco-britannique,Institut Hospitalier Franco-Britannique,NA,NA,unknown,self_alias,0.94,self
institut klinicke a experimentalni mediciny ikem,Institut Klinické a Experimentální Medicíny (IKEM),NA,NA,unknown,self_alias,0.94,self
institut paoli-calmettes,Institut Paoli-Calmettes,NA,NA,NA,ctis_businesskey,0.95,NA
institut regional de cancerologie de montpellier - val d'aurelle,Institut Régional de Cancérologie de Montpellier - Val d'Aurelle,NA,NA,unknown,self_alias,0.94,self
institut regional du cancer de montpellier,Institut Régional du Cancer de Montpellier,NA,NA,hospital,llm_curated,1,NA
institute for study research education and therapy of vascular heart brain disease,Institute for Study Research Education and Therapy of Vascular Heart Brain Disease,NA,NA,unknown,self_alias,0.94,self
institute of endocrinology,Institute of Endocrinology,NA,NA,unknown,self_alias,0.94,self
institute of molecular medicine and biomedical research - i m b e,Institute of Molecular Medicine and Biomedical Research - I.M.B.E.,NA,NA,unknown,self_alias,0.94,self
institute of rheumatology prague,Institute of Rheumatology Prague,NA,NA,unknown,self_alias,0.94,self
instituto aragones de ciencias de la salud,Instituto Aragonés de Ciencias de la Salud,NA,NA,unknown,self_alias,0.94,self
instituto catalan de oncologia,Instituto Catalán de Oncología,NA,NA,hospital,self_alias,0.94,self
instituto cataln de oncologa,Instituto Catalán de Oncología,NA,NA,hospital,llm_curated,1,NA
instituto de investigacin del hospital de la santa creu i sant pau,Institut de Recerca Hospital de la Santa Creu i Sant Pau - IIB Sant Pau,NA,NA,hospital,llm_curated,1,NA
instituto de investigacin sanitaria aragn,Instituto de Investigación Sanitaria Aragón (IIS Aragón),NA,NA,academic,llm_curated,1,NA
instituto de investigacion biomedica de salamanca,Instituto de Investigación Biomédica de Salamanca,NA,NA,unknown,self_alias,0.94,self
instituto de investigacion sanitaria fundacion para la investigacion del hospital clinico de valencia-incliva,Instituto de Investigacion Sanitaria Fundacion para la Investigacion del Hospital Clinico de Valencia-INCLIVA,NA,NA,NA,ctis_businesskey,0.95,NA
instituto de investigaciones del sueno,Instituto de Investigaciones del Sueño,NA,NA,unknown,self_alias,0.94,self
instituto de saude publica universidade porto,Instituto de Saúde Pública Universidade Porto,NA,NA,academic,self_alias,0.94,self
instituto portugues de oncologia de lisboa francisco gentil e p e,"Instituto Português de Oncologia de Lisboa Francisco Gentil, E.P.E.",NA,NA,unknown,self_alias,0.94,self
instituto tecnologico pet s a u itp,"Instituto Tecnológico PET, S.A.U. ITP",NA,NA,unknown,self_alias,0.94,self
instituto valenciano de infertilidad ivi,IVI - Instituto Valenciano de Infertilidad,NA,NA,hospital,llm_curated,1,NA
instituto valenciano de infertilidade - clinica de reproducao assistida,Instituto Valenciano de Infertilidade - Clínica de Reprodução Assistida,NA,NA,unknown,self_alias,0.94,self
instytut immunologii i terapii doswiadczalnej im ludwika hirszfelda pan,Instytut Immunologii i Terapii Doświadczalnej Im. Ludwika Hirszfelda PAN,NA,NA,unknown,self_alias,0.94,self
instytut kardiologii im kard stefana wyszynskiego,Instytut Kardiologii im. Kard. Stefana Wyszyńskiego,NA,NA,unknown,self_alias,0.94,self
insusense aps / insusense,Insusense ApS / Insusense,NA,NA,NA,self_alias,0.94,self
insusense aps / insusense aps,Insusense ApS / Insusense,NA,NA,NA,ctis_businesskey,0.95,NA
intarcia therapeutics,Intarcia Therapeutics,NA,NA,unknown,self_alias,0.94,self
intas pharmaceuticals,Intas Pharmaceuticals,NA,NA,unknown,self_alias,0.94,self
intec pharma,Intec Pharma,NA,NA,unknown,self_alias,0.94,self
intellia therapeutics,Intellia Therapeutics,NA,NA,unknown,self_alias,0.94,self
intendis,INTENDIS,NA,NA,unknown,self_alias,0.94,self
intensity therapeutics,Intensity Therapeutics,NA,NA,unknown,self_alias,0.94,self
interdos pharma,Interdos Pharma,NA,NA,unknown,self_alias,0.94,self
interessenverband zur qualitatssicherung der arbeit niedergelassener uro-onkologen in deutschland iquo e v,Interessenverband zur Qualitätssicherung der Arbeit niedergelassener Uro-Onkologen in Deutschland IQUO e.V.,NA,NA,unknown,self_alias,0.94,self
intergroupe francophone de cancerologie thoracique,Intergroupe Francophone de Cancerologie Thoracique,NA,NA,NA,ctis_businesskey,0.95,NA
interius biotherapeutics,Interius Biotherapeutics,NA,NA,unknown,self_alias,0.94,self
intermed,Intermed,NA,NA,unknown,self_alias,0.94,self
international aids vaccine initiative,International AIDS Vaccine Initiative,NA,NA,unknown,self_alias,0.94,self
intexo societa benefit,Intexo Societa Benefit,NA,NA,unknown,self_alias,0.94,self
intra-cellular therapies,Intra-Cellular Therapies,NA,NA,unknown,self_alias,0.94,self
inversago pharma,Inversago Pharma,NA,NA,unknown,self_alias,0.94,self
investigator trondheim hudlegesenter,Investigator Trondheim Hudlegesenter,NA,NA,unknown,self_alias,0.94,self
invex therapeutics,Invex Therapeutics,NA,NA,unknown,self_alias,0.94,self
invios,Invios,NA,NA,unknown,self_alias,0.94,self
invivyd,Invivyd,NA,NA,unknown,self_alias,0.94,self
invox belgium / ccdrd cooperative clinical drug research and development,invoX Belgium / CCDRD Cooperative Clinical Drug Research and Development,NA,NA,unknown,self_alias,0.94,self
invox pharma,Invox Pharma,NA,NA,unknown,self_alias,0.94,self
io biotech,IO Biotech,NA,NA,NA,self_alias,0.94,self
io biotech aps,IO Biotech,NA,NA,NA,ctis_businesskey,0.95,NA
iomx therapeutics,iOmx Therapeutics,NA,NA,unknown,self_alias,0.94,self
ionctura,iOnctura,NA,NA,unknown,self_alias,0.94,self
ionis,Ionis Pharmaceuticals,Ionis Pharmaceuticals,Ionis Pharmaceuticals,industry,llm_curated,0.9,NA
ionis pharmaceuticals,Ionis Pharmaceuticals,Ionis Pharmaceuticals,Ionis Pharmaceuticals,industry,llm_curated,1,NA
ionis pharmaceuticals inc,Ionis Pharmaceuticals,Ionis Pharmaceuticals,Ionis Pharmaceuticals,industry,llm_curated,1,NA
ioulia irene tseti pharmaceutical,Ioulia Irene Tseti Pharmaceutical,NA,NA,unknown,self_alias,0.94,self
iovance biotherapeutics,Iovance Biotherapeutics,NA,NA,unknown,self_alias,0.94,self
ippmed,IPPMed,NA,NA,unknown,self_alias,0.94,self
ipsen,Ipsen,Ipsen,Ipsen,industry,llm_curated,1,NA
ipsen innovation,Ipsen,Ipsen,Ipsen,industry,llm_curated,1,NA
iqvia commercial gmbh and co ohg,IQVIA Commercial GmbH & Co. OHG,NA,NA,unknown,self_alias,0.94,self
iqvia rds france,IQVIA RDS France,NA,NA,unknown,self_alias,0.94,self
irccs - istituto di ricerche farmacologiche mario negri,Istituto Di Ricerche Farmacologiche Mario Negri,NA,NA,academic,llm_curated,1,NA
irccs casa sollievo della sofferenza,IRCCS Casa Sollievo della Sofferenza,NA,NA,hospital,llm_curated,1,NA
irccs di reggio emilia,IRCCS di Reggio Emilia,NA,NA,hospital,self_alias,0.94,self
irccs fondazione g b bietti per lo studio e la ricerca in oftalmologia,IRCCS Fondazione G.B. Bietti per lo Studio e la Ricerca in Oftalmologia,NA,NA,foundation,self_alias,0.94,self
irccs fondazione gb bietti,IRCCS Fondazione GB Bietti,NA,NA,foundation,self_alias,0.94,self
irccs inrca,IRCCS Inrca,NA,NA,unknown,self_alias,0.94,self
irccs irst romagna,IRCCS IRST Romagna,NA,NA,unknown,self_alias,0.94,self
irccs istituto giannina gaslini,IRCCS Istituto Giannina Gaslini,NA,NA,NA,ctis_businesskey,0.95,NA
irccs istituto nazionale dei tumori,IRCCS Istituto Nazionale dei Tumori,NA,NA,foundation,self_alias,0.94,self
irccs istituto ortopedico galeazzi,IRCCS Istituto Ortopedico Galeazzi,NA,NA,unknown,self_alias,0.94,self
irccs istituto scientifico romagnolo per lo studio e la cura dei tumori irst,IRCCS Istituto Scientifico Romagnolo per lo Studio e la Cura dei Tumori IRST,NA,NA,hospital,self_alias,0.94,self
irccs san raffaele pisana gestito da san raffaele roma,IRCCS San Raffaele Pisana Gestito da San Raffaele Roma,NA,NA,unknown,self_alias,0.94,self
iron therapeutics,Iron Therapeutics,NA,NA,unknown,self_alias,0.94,self
ironwood pharmaceuticals,Ironwood Pharmaceuticals,NA,NA,unknown,self_alias,0.94,self
irx therapeutics,IRX Therapeutics,NA,NA,unknown,self_alias,0.94,self
isa therapeutics,ISA Therapeutics,NA,NA,unknown,self_alias,0.94,self
isarna therapeutics,Isarna Therapeutics,NA,NA,unknown,self_alias,0.94,self
isifer,Isifer,NA,NA,unknown,self_alias,0.94,self
isis pharmaceuticals inc,Ionis Pharmaceuticals,Ionis Pharmaceuticals,Ionis Pharmaceuticals,industry,llm_curated,1,NA
ismail gogenur,Ismail Gögenür,NA,NA,unknown,self_alias,0.94,self
ismett,ISMETT,NA,NA,hospital,self_alias,0.94,self
isofol medical,ISOFOL Medical,NA,NA,unknown,self_alias,0.94,self
isotechnika,Isotechnika,NA,NA,unknown,self_alias,0.94,self
ist di ricerche farmacolog m negri,Istituto Di Ricerche Farmacologiche Mario Negri,NA,NA,NA,llm_curated,1,NA
istituti clinici scientifici maugeri in forma abbreviata istituti clinici scientifici maugeri o anche ics maugeri o maugeri s p a sb,ICS Maugeri S.p.A. SB,NA,NA,hospital,llm_curated,1,NA
istituti fisioterapici ospitalieri ifo,Istituti Fisioterapici Ospitalieri (IFO),NA,NA,unknown,self_alias,0.94,self
istituto biochimico italiano giovanni lorenzini,Istituto Biochimico Italiano Giovanni Lorenzini,NA,NA,unknown,self_alias,0.94,self
istituto dermopatico dell'immacolata idi irccs,Istituto Dermopatico dell'Immacolata (IDI IRCCS),NA,NA,unknown,self_alias,0.94,self
istituto di ricerche farmacologiche mario negri,Istituto Di Ricerche Farmacologiche Mario Negri,NA,NA,NA,ctis_businesskey,0.95,NA
istituto europeo di oncologia,Istituto Europeo di Oncologia,Istituto Europeo di Oncologia,Istituto Europeo di Oncologia,hospital,llm_curated,1,NA
istituto mediterraneo per i trapianti e terapie ad alta  specializzazione,ISMETT,NA,NA,hospital,llm_curated,1,NA
istituto mediterraneo per i trapianti e terapie ad alta specializzazione - ismett,ISMETT,NA,NA,hospital,llm_curated,1,NA
istituto oncologico veneto  iovirccs,IRCCS Istituto Oncologico Veneto,NA,NA,hospital,llm_curated,1,NA
istituto romagnolo per lo studio dei tumori dino amadori irst,Istituto Romagnolo Per Lo Studio Dei Tumori Dino Amadori IRST,NA,NA,unknown,self_alias,0.94,self
istituto scientifico romagnolo per lo studio e la cura dei tumori irst - irccs,IRCCS Istituto Scientifico Romagnolo per lo Studio e la Cura dei Tumori IRST,NA,NA,hospital,llm_curated,1,NA
italchimici,Italchimici,NA,NA,unknown,self_alias,0.94,self
itb-med,Itb-Med,NA,NA,unknown,self_alias,0.94,self
itel telecomunicazioni,Itel Telecomunicazioni,NA,NA,unknown,self_alias,0.94,self
iterum therapeutics international,Iterum Therapeutics International,NA,NA,unknown,self_alias,0.94,self
itf research pharma,ITF Research Pharma,NA,NA,industry,self_alias,0.94,self
itf research pharma s l,ITF Research Pharma,NA,NA,industry,llm_curated,1,NA
itm oncologics,ITM Oncologics,NA,NA,unknown,self_alias,0.94,self
itm solucin,ITM Solucin,NA,NA,unknown,self_alias,0.94,self
ivascular,iVascular,NA,NA,unknown,self_alias,0.94,self
ivax research,IVAX Research,NA,NA,unknown,self_alias,0.94,self
ixaka,Ixaka,NA,NA,unknown,self_alias,0.94,self
izana bioscience,Izana Bioscience,NA,NA,unknown,self_alias,0.94,self
j uriach y compania,J. Uriach y Compañía,NA,NA,unknown,self_alias,0.94,self
j w goethe university represented by dean of the medical faculty,Goethe-Universität Frankfurt am Main,NA,NA,academic,llm_curated,1,NA
j w goethe-university,Goethe-Universität Frankfurt am Main,NA,NA,academic,llm_curated,1,NA
jacobio pharmaceuticals,Jacobio Pharmaceuticals,NA,NA,unknown,self_alias,0.94,self
jado technologies,JADO Technologies,NA,NA,unknown,self_alias,0.94,self
janne rasanen,Janne Räsänen,NA,NA,unknown,self_alias,0.94,self
janssen,Janssen,Johnson & Johnson,Janssen / Johnson & Johnson,industry,llm_curated,1,NA
janssen and cilag,Janssen,Johnson & Johnson,Janssen / Johnson & Johnson,industry,llm_curated,1,NA
janssen biologics bv,Janssen,Johnson & Johnson,Janssen / Johnson & Johnson,industry,llm_curated,1,NA
janssen cilag,Janssen,Johnson & Johnson,Janssen / Johnson & Johnson,industry,llm_curated,1,NA
janssen research and development llc,Janssen,Johnson & Johnson,Janssen / Johnson & Johnson,industry,llm_curated,1,NA
janssen-cilag,Janssen,Johnson & Johnson,Janssen / Johnson & Johnson,industry,llm_curated,1,NA
janssen-cilag international,Janssen-Cilag International,Johnson & Johnson,Janssen / Johnson & Johnson,unknown,self_alias,0.94,self
jasper therapeutics,Jasper Therapeutics,NA,NA,unknown,self_alias,0.94,self
jcr pharmaceuticals,JCR Pharmaceuticals,NA,NA,unknown,self_alias,0.94,self
jelfa,Jelfa,NA,NA,unknown,self_alias,0.94,self
jennerex,Jennerex,NA,NA,unknown,self_alias,0.94,self
jerini,Jerini,NA,NA,unknown,self_alias,0.94,self
jessa ziekenhuis vzw,Jessa Hospital,NA,NA,hospital,llm_curated,1,NA
jesus rodriguez requena / jose luis perez albiac,Jesús Rodríguez Requena / José Luis Pérez Albiac,NA,NA,unknown,self_alias,0.94,self
jhl biotech,JHL Biotech,NA,NA,unknown,self_alias,0.94,self
jiangsu hansoh pharmaceutical group co,Jiangsu Hansoh Pharmaceutical Group Co.,NA,NA,unknown,self_alias,0.94,self
jiangsu hengrui medicine co,Jiangsu Hengrui Medicine Co.,NA,NA,unknown,self_alias,0.94,self
jiangsu hengrui pharmaceuticals,Jiangsu Hengrui Pharmaceuticals,NA,NA,unknown,self_alias,0.94,self
johann wolfgang goethe universitt,Goethe-Universität Frankfurt am Main,NA,NA,academic,llm_curated,1,NA
johann wolfgang goethe-universitt frankfurt am main,Goethe-Universität Frankfurt am Main,NA,NA,academic,llm_curated,1,NA
johann wolfgang goethe-university frankfurt am main,Goethe-Universität Frankfurt am Main,NA,NA,academic,llm_curated,1,NA
johannes kepler universitat linz,Johannes Kepler Universität Linz,NA,NA,unknown,self_alias,0.94,self
johns hopkins university department of neurology,Johns Hopkins University,NA,NA,unknown,llm_curated,1,NA
johnson and johnson,Johnson & Johnson,Johnson & Johnson,Janssen / Johnson & Johnson,industry,llm_curated,1,NA
joint research compliance office,Imperial College London,NA,NA,academic,llm_curated,1,NA
jose antonio perez simon,José Antonio Pérez Simón,NA,NA,unknown,self_alias,0.94,self
jose luis ponce diaz-reixa,Jose Luis Ponce Díaz-Reixa,NA,NA,unknown,self_alias,0.94,self
jose maria palazon azorin,José María Palazón Azorín,NA,NA,unknown,self_alias,0.94,self
jounce therapeutics,Jounce Therapeutics,NA,NA,unknown,self_alias,0.94,self
jsw lifesciences,JSW Lifesciences,NA,NA,unknown,self_alias,0.94,self
juan enrique dominguez munoz,Juan Enrique Domínguez Muñoz,NA,NA,unknown,self_alias,0.94,self
juan francisco navarro gonzalez,Juan Francisco Navarro González,NA,NA,unknown,self_alias,0.94,self
julius clinical research,Julius Clinical Research,NA,NA,unknown,self_alias,0.94,self
julius maximilians universitt wrzburg,Universitätsklinikum Würzburg,NA,NA,hospital,llm_curated,1,NA
julius-maximilian university of wrzburg,Julius-Maximilians-Universität Würzburg,NA,NA,academic,llm_curated,1,NA
julius-maximilians-universitat wurzburg,Julius-Maximilians-Universität Würzburg,NA,NA,academic,self_alias,0.94,self
justus liebig universitt gieen,Justus-Liebig-Universität Gießen,NA,NA,academic,llm_curated,1,NA
justus-liebig-universitat giessen,Justus-Liebig-Universität Gießen,NA,NA,academic,self_alias,0.94,self
juvantia pharma,Juvantia Pharma,NA,NA,unknown,self_alias,0.94,self
k-group alpha,K-Group Alpha,NA,NA,unknown,self_alias,0.94,self
k36 therapeutics,K36 Therapeutics,NA,NA,unknown,self_alias,0.94,self
ka rudolfstiftung,KA Rudolfstiftung,NA,NA,hospital,self_alias,0.94,self
kadmon,Kadmon,NA,NA,unknown,self_alias,0.94,self
kaerus bioscience,Kaerus Bioscience,NA,NA,unknown,self_alias,0.94,self
kai pharmaceuticals,KAI Pharmaceuticals,NA,NA,unknown,self_alias,0.94,self
kailera therapeutics,Kailera Therapeutics,NA,NA,unknown,self_alias,0.94,self
kalobios pharmaceuticals,KaloBios Pharmaceuticals,NA,NA,unknown,self_alias,0.94,self
kalvista pharmaceuticals,KalVista Pharmaceuticals,NA,NA,unknown,self_alias,0.94,self
kamada,Kamada,NA,NA,unknown,self_alias,0.94,self
kamari pharma,Kamari Pharma,NA,NA,unknown,self_alias,0.94,self
kancera,Kancera,NA,NA,unknown,self_alias,0.94,self
kaneka,Kaneka,NA,NA,unknown,self_alias,0.94,self
kantonsspital baden,Kantonsspital Baden,NA,NA,unknown,self_alias,0.94,self
kantonsspital baselland,Kantonsspital Baselland,NA,NA,unknown,self_alias,0.94,self
kanyos bio,Kanyos Bio,NA,NA,unknown,self_alias,0.94,self
karakter universitair centrum voor kinder- en jeugdpsychiatrie,KARAKTER universitair centrum voor kinder- en jeugdpsychiatrie,NA,NA,unknown,self_alias,0.94,self
kardigan,Kardigan,NA,NA,unknown,self_alias,0.94,self
karl landsteiner institut fur klinische neurologie und neuropsychologie,Karl Landsteiner Institut für klinische Neurologie und Neuropsychologie,NA,NA,unknown,self_alias,0.94,self
karo bio,Karo Bio,NA,NA,unknown,self_alias,0.94,self
karolinska institute,Karolinska Institutet,Karolinska Institutet,Karolinska Institutet,academic,llm_curated,1,NA
karolinska institutet,Karolinska Institutet,Karolinska Institutet,Karolinska Institutet,academic,llm_curated,1,NA
karolinska university hospital,Karolinska University Hospital,Karolinska University Hospital,Karolinska University Hospital,hospital,llm_curated,1,NA
kartos therapeutics,Kartos Therapeutics,NA,NA,unknown,self_alias,0.94,self
karus therapeutics,Karus Therapeutics,NA,NA,unknown,self_alias,0.94,self
karyopharm therapeutics,Karyopharm Therapeutics,NA,NA,unknown,self_alias,0.94,self
katairo,Katairo,NA,NA,unknown,self_alias,0.94,self
katholieke universiteit leuven,KU Leuven,KU Leuven,KU Leuven,academic,llm_curated,1,NA
kbp biosciences co,KBP BioSciences Co.,NA,NA,unknown,self_alias,0.94,self
kennedy krieger institute,Kennedy Krieger Institute,NA,NA,unknown,self_alias,0.94,self
kennemer gasthuis,Kennemer Gasthuis,NA,NA,hospital,self_alias,0.94,self
kepler universittsklinikum medcampus iii klinik fr interne 2,Kepler University Hospital,NA,NA,hospital,llm_curated,1,NA
kepler university hospital institute of ophthalmology,Kepler University Hospital,NA,NA,hospital,llm_curated,1,NA
kern pharma,Kern Pharma,NA,NA,unknown,self_alias,0.94,self
keros therapeutics,Keros Therapeutics,NA,NA,unknown,self_alias,0.94,self
keryx biopharmaceuticals,Keryx Biopharmaceuticals,NA,NA,unknown,self_alias,0.94,self
ketabon,Ketabon,NA,NA,unknown,self_alias,0.94,self
keybioscience,KeyBioscience,NA,NA,unknown,self_alias,0.94,self
keyneurotek pharmaceuticals,KeyNeurotek Pharmaceuticals,NA,NA,unknown,self_alias,0.94,self
kezar life sciences,Kezar Life Sciences,NA,NA,unknown,self_alias,0.94,self
khondrion,Khondrion,NA,NA,unknown,self_alias,0.94,self
kiadis pharma netherlands,Kiadis Pharma Netherlands,NA,NA,unknown,self_alias,0.94,self
kinarus,Kinarus,NA,NA,unknown,self_alias,0.94,self
kinevant sciences,Kinevant Sciences,NA,NA,unknown,self_alias,0.94,self
kings college hospital nhs foundation trust,Kings College Hospital NHS Foundation Trust,Kings College Hospital NHS Foundation Trust,Kings College Hospital NHS Foundation Trust,hospital,llm_curated,1,NA
kings college london,Kings College London,Kings College London,Kings College London,academic,llm_curated,1,NA
kingston general hospital,Kingston General Hospital,NA,NA,hospital,self_alias,0.94,self
kiniksa pharmaceuticals,Kiniksa Pharmaceuticals,NA,NA,unknown,self_alias,0.94,self
kissei pharmaceutical co,Kissei Pharmaceutical Co.,NA,NA,unknown,self_alias,0.94,self
kite pharma,Kite Pharma,NA,NA,unknown,self_alias,0.94,self
kitov pharmaceuticals,Kitov Pharmaceuticals,NA,NA,unknown,self_alias,0.94,self
klear bio,Klear Bio,NA,NA,unknown,self_alias,0.94,self
klinik fr ansthesiologie und operative intensivmedizin charit  universittsmedizin berlin,Charité Universitätsmedizin Berlin,Charité Universitätsmedizin Berlin,Charité Universitätsmedizin Berlin,hospital,llm_curated,1,NA
klinik fr herz- und kreislauferkrankungen deutsches herzzentrum mnchen,Deutsches Herzzentrum München,NA,NA,hospital,llm_curated,1,NA
klinik lowenstein ggmbh,Klinik Löwenstein gGmbH,NA,NA,hospital,self_alias,0.94,self
klinik lwenstein ggmbh,Klinik Löwenstein gGmbH,NA,NA,hospital,llm_curated,1,NA
kliniken fr ansthesiologie und op intensivmedizin charit universittsmedizin berlin cvk/ccm,Charité Universitätsmedizin Berlin,Charité Universitätsmedizin Berlin,Charité Universitätsmedizin Berlin,hospital,llm_curated,1,NA
klinikk hammerfest,Klinikk Hammerfest,NA,NA,unknown,self_alias,0.94,self
klinikum chemnitz ggmbh,Klinikum Chemnitz gGmbH,NA,NA,hospital,self_alias,0.94,self
klinikum der lmu,Klinikum Der Universitat Munchen AöR,Klinikum Der Universitat Munchen AöR,Klinikum Der Universitat Munchen AöR,hospital,llm_curated,1,NA
klinikum der ludwig-maximilians-universitt mnchen - klinikum grohadern,Klinikum Der Universitat Munchen AöR,NA,NA,hospital,llm_curated,1,NA
klinikum der stadt ludwigshafen am rhein ggmbh,Klinikum der Stadt Ludwigshafen am Rhein gGmbH,NA,NA,hospital,self_alias,0.94,self
klinikum der universitaet muenchen aoer,Klinikum Der Universitat Munchen AöR,Klinikum Der Universitat Munchen AöR,Klinikum Der Universitat Munchen AöR,hospital,llm_curated,1,NA
klinikum der universitat munchen aor,Klinikum Der Universitat Munchen AöR,NA,NA,NA,ctis_businesskey,0.95,NA
klinikum der universitt mnchen,Klinikum Der Universitat Munchen AöR,NA,NA,NA,llm_curated,1,NA
klinikum der universitt mnchen - ar verteten,Klinikum Der Universitat Munchen AöR,NA,NA,hospital,llm_curated,1,NA
klinikum der universitt mnchen ludwig-maximilians-universitt mnchen,Klinikum Der Universitat Munchen AöR,NA,NA,hospital,llm_curated,1,NA
klinikum der universitt mnchen-grohadern,Klinikum Der Universitat Munchen AöR,Klinikum Der Universitat Munchen AöR,Klinikum Der Universitat Munchen AöR,hospital,llm_curated,1,NA
klinikum grohadern,Klinikum Der Universitat Munchen AöR,Klinikum Der Universitat Munchen AöR,Klinikum Der Universitat Munchen AöR,hospital,llm_curated,1,NA
klinikum grohadern university of munich / medical director prof dr med burkhard gtze,Klinikum Der Universitat Munchen AöR,Klinikum Der Universitat Munchen AöR,Klinikum Der Universitat Munchen AöR,hospital,llm_curated,1,NA
klinikum grosshadern,Klinikum Der Universitat Munchen AöR,Klinikum Der Universitat Munchen AöR,Klinikum Der Universitat Munchen AöR,hospital,llm_curated,1,NA
klinikum leverkusen ggmbh,Klinikum Leverkusen gGmbH,NA,NA,hospital,llm_curated,1,NA
klinikum rechts der isar der tu muenchen aor,Klinikum rechts der Isar der TU Muenchen AöR,NA,NA,NA,ctis_businesskey,0.95,NA
klinikum rechts der isar technische universitat munchen,Klinikum rechts der Isar der TU München,NA,NA,hospital,llm_curated,1,NA
klinikum stuttgart,Klinikum Stuttgart,NA,NA,hospital,self_alias,0.94,self
klinisk forskningsenhed medicinsk afdeling haematologisk afsnit,"Klinisk Forskningsenhed, Medicinsk Afdeling, Hæmatologisk Afsnit",NA,NA,unknown,self_alias,0.94,self
kmia,Kmia,NA,NA,unknown,self_alias,0.94,self
kobenhavns universitet,Kobenhavns Universitet,NA,NA,NA,ctis_businesskey,0.95,NA
kodiak sciences,Kodiak Sciences,NA,NA,unknown,self_alias,0.94,self
kominox usa,KOMINOX USA,NA,NA,unknown,self_alias,0.94,self
kompetenznetz vorhofflimmern ev,Kompetenznetz Vorhofflimmern e.V. AFNET Atrial Fibrillation NETwork,NA,NA,cooperative_group,llm_curated,1,NA
kooperativni lymfomova skupina,Kooperativní lymfomová skupina,NA,NA,unknown,self_alias,0.94,self
korpo,Korpo,NA,NA,unknown,self_alias,0.94,self
kosan biosciences,Kosan Biosciences,NA,NA,unknown,self_alias,0.94,self
kowa co,Kowa Co.,NA,NA,unknown,self_alias,0.94,self
kowa research institute,Kowa Research Institute,NA,NA,unknown,self_alias,0.94,self
krajska nemocnice liberec a s,"Krajská nemocnice Liberec, a.s.",NA,NA,unknown,self_alias,0.94,self
krankenanstalt rudolfstiftung,Krankenanstalt Rudolfstiftung,NA,NA,unknown,self_alias,0.94,self
krankenhaus der elisabethinen linz,Krankenhaus der Elisabethinen Linz,NA,NA,unknown,self_alias,0.94,self
krankenhaus hietzing,Krankenhaus Hietzing,NA,NA,hospital,self_alias,0.94,self
krewel meuselbach,Krewel Meuselbach,NA,NA,unknown,self_alias,0.94,self
kringle pharma europe,Kringle Pharma Europe,NA,NA,unknown,self_alias,0.94,self
krka,KRKA,NA,NA,unknown,self_alias,0.94,self
krka-farma,KRKA-Farma,NA,NA,unknown,self_alias,0.94,self
kronos bio,Kronos Bio,NA,NA,unknown,self_alias,0.94,self
ku leuven,KU Leuven,KU Leuven,KU Leuven,academic,llm_curated,1,NA
ku leuven/uz leuven,UZ Leuven,NA,NA,hospital,llm_curated,1,NA
kudos pharmaceuticals,KuDOS Pharmaceuticals,NA,NA,unknown,self_alias,0.94,self
kuleuven,KU Leuven,KU Leuven,KU Leuven,academic,llm_curated,1,NA
kumquat biosciences,Kumquat Biosciences,NA,NA,unknown,self_alias,0.94,self
kuopion yliopistollinen sairaala,Kuopio University Hospital,NA,NA,hospital,llm_curated,1,NA
kupando,Kupando,NA,NA,unknown,self_alias,0.94,self
kura oncology,Kura Oncology,NA,NA,unknown,self_alias,0.94,self
kureha,Kureha,NA,NA,unknown,self_alias,0.94,self
kuros biosurgery,KUROS BIOSURGERY,NA,NA,unknown,self_alias,0.94,self
kv pharmaceutical,KV Pharmaceutical,NA,NA,unknown,self_alias,0.94,self
kymab,Kymab,NA,NA,unknown,self_alias,0.94,self
kymera therapeutics,Kymera Therapeutics,NA,NA,unknown,self_alias,0.94,self
kyowa kirin,Kyowa Kirin,NA,NA,unknown,self_alias,0.94,self
kythera biopharmaceuticals,Kythera Biopharmaceuticals,NA,NA,unknown,self_alias,0.94,self
kyverna therapeutics,Kyverna Therapeutics,NA,NA,unknown,self_alias,0.94,self
l'institut mutualiste montsouris,L'Institut Mutualiste Montsouris,NA,NA,unknown,self_alias,0.94,self
l'oreal,L'Oréal,NA,NA,unknown,self_alias,0.94,self
l'oreal recherche,L'Oréal Recherche,NA,NA,industry,self_alias,0.94,self
lab pharma,LAB Pharma,NA,NA,unknown,self_alias,0.94,self
labopoint,LABOpoint,NA,NA,unknown,self_alias,0.94,self
laboratoires auris,Laboratoires Auris,NA,NA,unknown,self_alias,0.94,self
laboratoires merck sharp dohme - chibret,MSD,Merck & Co.,MSD / Merck & Co.,industry,llm_curated,1,NA
laboratoires merck sharp dohme chibret,MSD,Merck & Co.,MSD / Merck & Co.,industry,llm_curated,1,NA
laboratoires servier,Servier,Servier,Servier,industry,llm_curated,1,NA
laboratoires smb,Laboratoires SMB,NA,NA,unknown,self_alias,0.94,self
laboratori baldacci,Laboratori Baldacci,NA,NA,unknown,self_alias,0.94,self
laboratories len farma,Laboratories Len Farma,NA,NA,unknown,self_alias,0.94,self
laboratorio de aplicaciones farmacodinmicas,Laboratorio de Aplicaciones Farmacodinmicas,NA,NA,unknown,self_alias,0.94,self
laboratorio farmaceutico c t,Laboratorio Farmaceutico C.T.,NA,NA,unknown,self_alias,0.94,self
laboratorio farmaceutico s i t - specialita igienico terapeutiche,Laboratorio Farmaceutico S.I.T. - Specialità Igienico Terapeutiche,NA,NA,unknown,self_alias,0.94,self
laboratorio italiano biochimico farmaceutico lisapharma,Laboratorio Italiano Biochimico Farmaceutico Lisapharma,NA,NA,unknown,self_alias,0.94,self
laboratorio reig jofre,Laboratorio Reig Jofré,NA,NA,unknown,self_alias,0.94,self
laboratorios alter,Laboratorios Alter,NA,NA,unknown,self_alias,0.94,self
laboratorios andrmaco,Laboratorios Andrmaco,NA,NA,unknown,self_alias,0.94,self
laboratorios andromaco,Laboratorios Andromaco,NA,NA,unknown,self_alias,0.94,self
laboratorios biomendi,Laboratorios Biomendi,NA,NA,unknown,self_alias,0.94,self
laboratorios cinfa,Laboratorios Cinfa,NA,NA,unknown,self_alias,0.94,self
laboratorios del dr esteve,Laboratorios del Dr. Esteve,NA,NA,unknown,self_alias,0.94,self
laboratorios dr esteve s a / pharming tecnologies,"Laboratorios Dr. Esteve, S.A. / Pharming Tecnologies",NA,NA,unknown,self_alias,0.94,self
laboratorios effik,Laboratorios Effik,NA,NA,unknown,self_alias,0.94,self
laboratorios ern,Laboratorios ERN,NA,NA,unknown,self_alias,0.94,self
laboratorios farmaceuticos rovi,Laboratorios Farmacéuticos Rovi,NA,NA,unknown,self_alias,0.94,self
laboratorios farmalder,Laboratorios Farmalder,NA,NA,unknown,self_alias,0.94,self
laboratorios hipra,Laboratorios Hipra,NA,NA,unknown,self_alias,0.94,self
laboratorios inibsa,Laboratorios Inibsa,NA,NA,unknown,self_alias,0.94,self
laboratorios len farma,Laboratorios Len Farma,NA,NA,unknown,self_alias,0.94,self
laboratorios lesvi s l,Laboratorios Lesvi,NA,NA,NA,ctis_businesskey,0.95,NA
laboratorios leti,Laboratorios Leti,NA,NA,industry,llm_curated,1,NA
laboratorios liconsa,Laboratorios Liconsa,NA,NA,unknown,self_alias,0.94,self
laboratorios litaphar,Laboratorios Litaphar,NA,NA,unknown,self_alias,0.94,self
laboratorios normon,Laboratorios Normon,NA,NA,unknown,self_alias,0.94,self
laboratorios novag,Laboratorios Novag,NA,NA,unknown,self_alias,0.94,self
laboratorios ojer pharma,Laboratorios Ojer Pharma,NA,NA,unknown,self_alias,0.94,self
laboratorios rubi,Laboratorios Rubi,NA,NA,unknown,self_alias,0.94,self
laboratorios salvat,Laboratorios Salvat,NA,NA,unknown,self_alias,0.94,self
laboratorios stiefel espana,Laboratorios Stiefel España,NA,NA,unknown,self_alias,0.94,self
lactest,Lactest,NA,NA,unknown,self_alias,0.94,self
laguna pharmaceuticals,Laguna Pharmaceuticals,NA,NA,unknown,self_alias,0.94,self
lainco,LAINCO,NA,NA,unknown,self_alias,0.94,self
laminar pharmaceuticals,Laminar Pharmaceuticals,NA,NA,unknown,self_alias,0.94,self
landeskliniken salzburg,Landeskliniken Salzburg,NA,NA,unknown,self_alias,0.94,self
landesklinikum thermenregion hochegg,Landesklinikum Thermenregion Hochegg,NA,NA,unknown,self_alias,0.94,self
landeskrankenhaus feldkirch,Landeskrankenhaus Feldkirch,NA,NA,unknown,self_alias,0.94,self
landos biopharma,Landos Biopharma,NA,NA,unknown,self_alias,0.94,self
landspitali haskolasjukrahus,Landspítali Háskólasjúkrahús,NA,NA,hospital,self_alias,0.94,self
landsptali hsklasjkrahs,Landspítali Háskólasjúkrahús,NA,NA,hospital,llm_curated,1,NA
landstinget gavleborg,Landstinget Gävleborg,NA,NA,unknown,self_alias,0.94,self
landstinget i ostergotland,Landstinget i Östergötland,NA,NA,public_body,self_alias,0.94,self
landstinget i stergtland,Landstinget i Östergötland,NA,NA,public_body,llm_curated,1,NA
landstinget i varmland,Landstinget i Värmland,NA,NA,unknown,self_alias,0.94,self
landstinget vastmanland,Landstinget Västmanland,NA,NA,public_body,self_alias,0.94,self
landstinget vstmanland,Landstinget Västmanland,NA,NA,public_body,llm_curated,1,NA
lantheus medical imaging,Lantheus Medical Imaging,NA,NA,unknown,self_alias,0.94,self
lantmannen medical,Lantmännen Medical,NA,NA,unknown,self_alias,0.94,self
larimar therapeutics,Larimar Therapeutics,NA,NA,unknown,self_alias,0.94,self
lars jorgen ostergaard,Lars Jørgen Østergaard,NA,NA,unknown,self_alias,0.94,self
lars moller pedersen,Lars Møller Pedersen,NA,NA,unknown,self_alias,0.94,self
lassen therapeutics 1,Lassen Therapeutics 1,NA,NA,unknown,self_alias,0.94,self
lateral pharma pty,Lateral Pharma Pty,NA,NA,unknown,self_alias,0.94,self
latigo biotherapeutics,Latigo Biotherapeutics,NA,NA,unknown,self_alias,0.94,self
laura perello moreno,Laura Perelló Moreno,NA,NA,unknown,self_alias,0.94,self
lava therapeutics,LAVA Therapeutics,NA,NA,unknown,self_alias,0.94,self
laves-arzneimittel,Laves-Arzneimittel,NA,NA,unknown,self_alias,0.94,self
lead chemical company,Lead Chemical Company,NA,NA,unknown,self_alias,0.94,self
leal therapeutics,Leal Therapeutics,NA,NA,unknown,self_alias,0.94,self
leap therapeutics,Leap Therapeutics,NA,NA,unknown,self_alias,0.94,self
legacy healthcare france,Legacy Healthcare France,NA,NA,unknown,self_alias,0.94,self
leiden univerisity medical centre,Leiden University Medical Center,NA,NA,hospital,llm_curated,1,NA
leiden universitair medisch centrum,Leiden University Medical Center,NA,NA,hospital,llm_curated,1,NA
leiden university medical center,Leiden University Medical Center,Leiden University Medical Center,Leiden University Medical Center,hospital,llm_curated,1,NA
leiden university medical center department of rheumatology,Leiden University Medical Center,NA,NA,unknown,llm_curated,1,NA
leiden university medical centre,Leiden University Medical Center,Leiden University Medical Center,Leiden University Medical Center,hospital,llm_curated,1,NA
leids universitair medisch centrum,Leiden University Medical Center,Leiden University Medical Center,Leiden University Medical Center,hospital,llm_curated,1,NA
lek pharmaceuticals,Lek Pharmaceuticals,NA,NA,unknown,self_alias,0.94,self
lekarska fakulta univerzity karlovy v hradci kralove,Lékařská fakulta Univerzity Karlovy v Hradci Králové,NA,NA,unknown,self_alias,0.94,self
lene baeksgaard jensen,Lene Bæksgaard Jensen,NA,NA,unknown,self_alias,0.94,self
leo pharma,LEO Pharma,LEO Pharma,LEO Pharma,industry,llm_curated,1,NA
leo pharma as,LEO Pharma,LEO Pharma,LEO Pharma,industry,llm_curated,1,NA
leo pharmaceutical products ltd a/s leo pharma,LEO Pharmaceutical Products Ltd. A/S LEO Pharma,NA,NA,unknown,self_alias,0.94,self
leo pharmaceuticals products ltd a/s leo pharma,LEO Pharmaceuticals Products Ltd. A/S LEO Pharma,NA,NA,unknown,self_alias,0.94,self
les hpitaux universitaires de strasbourg,Les Hôpitaux Universitaires de Strasbourg,NA,NA,hospital,llm_curated,1,NA
les laboratoires servier,Servier,Servier,Servier,industry,llm_curated,1,NA
leti pharma,LETI Pharma,NA,NA,unknown,self_alias,0.94,self
leukos biotech,Leukos Biotech,NA,NA,unknown,self_alias,0.94,self
leuven research development lrd at university of leuven,KU Leuven,NA,NA,academic,llm_curated,1,NA
levicept,Levicept,NA,NA,unknown,self_alias,0.94,self
leyden laboratories,Leyden Laboratories,NA,NA,unknown,self_alias,0.94,self
leyh pharma,Leyh Pharma,NA,NA,unknown,self_alias,0.94,self
lg chem,LG Chem,NA,NA,unknown,self_alias,0.94,self
lg life sciences ltd / biopartners,LG Life Sciences Ltd. / BioPartners,NA,NA,unknown,self_alias,0.94,self
lib therapeutics,LIB Therapeutics,NA,NA,unknown,self_alias,0.94,self
lidds,LIDDS,NA,NA,unknown,self_alias,0.94,self
life molecular imaging,Life Molecular Imaging,NA,NA,unknown,self_alias,0.94,self
lifecycle pharma,LifeCycle Pharma,NA,NA,unknown,self_alias,0.94,self
lifordi immunotherapeutics,Lifordi Immunotherapeutics,NA,NA,unknown,self_alias,0.94,self
ligalli,Ligalli,NA,NA,unknown,self_alias,0.94,self
ligartis,Ligartis,NA,NA,unknown,self_alias,0.94,self
lightlake sinclair,Lightlake Sinclair,NA,NA,unknown,self_alias,0.94,self
lightpoint medical,Lightpoint Medical,NA,NA,unknown,self_alias,0.94,self
lilly,Eli Lilly,Eli Lilly,Eli Lilly,industry,llm_curated,0.9,NA
lilly deutschland,Eli Lilly,Eli Lilly,Eli Lilly,industry,llm_curated,1,NA
lilly icos llc,Eli Lilly,Eli Lilly,Eli Lilly,industry,llm_curated,1,NA
limmatech biologics,LimmaTech Biologics,NA,NA,unknown,self_alias,0.94,self
limoges hospital,CHU de Limoges,NA,NA,hospital,llm_curated,1,NA
limoxifen,Limoxifen,NA,NA,unknown,self_alias,0.94,self
linac-pet scan opco,Linac-Pet Scan Opco,NA,NA,unknown,self_alias,0.94,self
linneuniversitetet,Linnéuniversitetet,NA,NA,unknown,self_alias,0.94,self
lipid therapeutics,Lipid Therapeutics,NA,NA,unknown,self_alias,0.94,self
lipigon pharmaceuticals,Lipigon Pharmaceuticals,NA,NA,unknown,self_alias,0.94,self
lipopeptide,Lipopeptide,NA,NA,unknown,self_alias,0.94,self
liquidia technologies,Liquidia Technologies,NA,NA,unknown,self_alias,0.94,self
lisata therapeutics,Lisata Therapeutics,NA,NA,unknown,self_alias,0.94,self
litevax,Litevax,NA,NA,NA,self_alias,0.94,self
litevax b v,Litevax,NA,NA,NA,ctis_businesskey,0.95,NA
lithuanian university of health sciences,Lithuanian University of Health Sciences,NA,NA,unknown,self_alias,0.94,self
liveome,Liveome,NA,NA,unknown,self_alias,0.94,self
lkh-univ klinikum graz,LKH-Univ. Klinikum Graz,NA,NA,unknown,self_alias,0.94,self
lm diagnsticos,LM Diagnsticos,NA,NA,unknown,self_alias,0.94,self
lmito therapeutics,Lmito Therapeutics,NA,NA,unknown,self_alias,0.94,self
logical therapeutics,Logical Therapeutics,NA,NA,unknown,self_alias,0.94,self
lokon pharma,Lokon Pharma,NA,NA,unknown,self_alias,0.94,self
london school of hygiene tropical medicine,London School of Hygiene and Tropical Medicine,NA,NA,academic,llm_curated,1,NA
longboard pharmaceuticals,Longboard Pharmaceuticals,NA,NA,unknown,self_alias,0.94,self
lophora,Lophora,NA,NA,unknown,self_alias,0.94,self
loreal recherche,L'Oréal Recherche,NA,NA,industry,llm_curated,1,NA
lotus pharma co,Lotus Pharma Co.,NA,NA,unknown,self_alias,0.94,self
loxo oncology,Loxo Oncology,NA,NA,unknown,self_alias,0.94,self
lsk biopartners,LSK BioPartners,NA,NA,unknown,self_alias,0.94,self
ltb4 sweden,LTB4 Sweden,NA,NA,unknown,self_alias,0.94,self
lts lohmann therapie-systeme,LTS LOHMANN Therapie-Systeme,NA,NA,unknown,self_alias,0.94,self
ludwig boltzmann cluster fur rheumatologie balneologie und rehabilitation,"Ludwig Boltzmann Cluster für Rheumatologie, Balneologie und Rehabilitation",NA,NA,unknown,self_alias,0.94,self
ludwig boltzmann institut fr retinologie und biomikroskopische laserchirurgie,Ludwig Boltzmann Institut für Retinologie und biomikroskopische Laserchirurgie,NA,NA,academic,llm_curated,1,NA
ludwig boltzmann institut fur retinologie und biomikroskopische laserchirurgie,Ludwig Boltzmann Institut für Retinologie und biomikroskopische Laserchirurgie,NA,NA,academic,self_alias,0.94,self
ludwig-maximilians-universitat munchen,Ludwig-Maximilians-Universität München,NA,NA,unknown,self_alias,0.94,self
luitpold pharmaceuticals,Luitpold Pharmaceuticals,NA,NA,unknown,self_alias,0.94,self
lukaskrankenhaus,Lukaskrankenhaus,NA,NA,unknown,self_alias,0.94,self
lumavita,Lumavita,NA,NA,unknown,self_alias,0.94,self
lumc,Leiden University Medical Center,Leiden University Medical Center,Leiden University Medical Center,hospital,llm_curated,1,NA
lumena pharmaceuticals,Lumena Pharmaceuticals,NA,NA,unknown,self_alias,0.94,self
lument,Lument,NA,NA,unknown,self_alias,0.94,self
lumos pharma,Lumos Pharma,NA,NA,NA,self_alias,0.94,self
lumos pharma inc,Lumos Pharma,NA,NA,NA,ctis_businesskey,0.95,NA
lumosa therapeutics co,Lumosa Therapeutics Co.,NA,NA,unknown,self_alias,0.94,self
lunamed operations,Lunamed Operations,NA,NA,unknown,self_alias,0.94,self
lundbeck,Lundbeck,Lundbeck,Lundbeck,industry,llm_curated,1,NA
lundbeck as,Lundbeck,Lundbeck,Lundbeck,industry,llm_curated,1,NA
lungemedicinsk forskningsenhed bispebjerg hospital,Bispebjerg Hospital,NA,NA,hospital,llm_curated,1,NA
lupin atlantis holdings,Lupin Atlantis Holdings,NA,NA,NA,self_alias,0.94,self
lupin atlantis holdings sa,Lupin Atlantis Holdings,NA,NA,NA,ctis_businesskey,0.95,NA
luton and dunstable university hospital nhs foundation trust,Luton and Dunstable University Hospital NHS Foundation Trust,NA,NA,hospital,self_alias,0.94,self
lux biosciences,Lux Biosciences,NA,NA,unknown,self_alias,0.94,self
luye pharma,Luye Pharma,NA,NA,unknown,self_alias,0.94,self
luzitin,Luzitin,NA,NA,unknown,self_alias,0.94,self
lybar,Lybar,NA,NA,unknown,self_alias,0.94,self
lycera,Lycera,NA,NA,unknown,self_alias,0.94,self
lycia therapeutics,Lycia Therapeutics,NA,NA,unknown,self_alias,0.94,self
lyra therapeutics,Lyra Therapeutics,NA,NA,unknown,self_alias,0.94,self
lyrec - lyon recherche clinique,LyREC - Lyon Recherche Clinique,NA,NA,unknown,self_alias,0.94,self
lyric pharmaceuticals,Lyric Pharmaceuticals,NA,NA,unknown,self_alias,0.94,self
lysa,LYSA,NA,NA,unknown,self_alias,0.94,self
lysarc,LYSARC,LYSARC,LYSARC,cooperative_group,llm_curated,1,NA
lytix biopharma,Lytix Biopharma,NA,NA,unknown,self_alias,0.94,self
m2rlab,M2rlab,NA,NA,unknown,self_alias,0.94,self
maastricht universitair medisch centrum,Maastricht University Medical Center,Maastricht University Medical Center,Maastricht University Medical Center,hospital,llm_curated,1,NA
maastricht university,Maastricht University,NA,NA,NA,ctis_businesskey,0.95,NA
maastricht university medical center,Maastricht University Medical Center,Maastricht University Medical Center,Maastricht University Medical Center,hospital,llm_curated,1,NA
maastricht university medical center+,Maastricht University Medical Center+,Maastricht University Medical Center,Maastricht University Medical Center,unknown,self_alias,0.94,self
maat pharma,Maat Pharma,NA,NA,NA,ctis_businesskey,0.95,NA
mabion,Mabion,NA,NA,unknown,self_alias,0.94,self
mabquest therapeutics,MabQuest Therapeutics,NA,NA,unknown,self_alias,0.94,self
mabxience research,mAbxience Research,NA,NA,unknown,self_alias,0.94,self
macrogenics,MacroGenics,NA,NA,unknown,self_alias,0.94,self
madaus,Madaus,NA,NA,unknown,self_alias,0.94,self
madrigal pharmaceuticals,Madrigal Pharmaceuticals,NA,NA,unknown,self_alias,0.94,self
mage biologics,Mage Biologics,NA,NA,unknown,self_alias,0.94,self
maggot egszsggyi kereskedelmi s szolgltat,Maggot Egszsggyi Kereskedelmi S Szolgltat,NA,NA,unknown,self_alias,0.94,self
magle,Magle,NA,NA,unknown,self_alias,0.94,self
maia biotechnology,Maia Biotechnology,NA,NA,unknown,self_alias,0.94,self
mallinckrodt ard,Mallinckrodt ARD,NA,NA,unknown,self_alias,0.94,self
malm university hospital,Malmö University Hospital,NA,NA,hospital,llm_curated,1,NA
malmo universitet,Malmö Universitet,NA,NA,NA,ctis_businesskey,0.95,NA
malmo university,Malmö University,NA,NA,unknown,self_alias,0.94,self
malmo university hospital,Malmö University Hospital,NA,NA,hospital,self_alias,0.94,self
manchester university nhs foundation trust,Manchester University NHS Foundation Trust,Manchester University NHS Foundation Trust,Manchester University NHS Foundation Trust,hospital,llm_curated,1,NA
mannkind,MannKind,NA,NA,unknown,self_alias,0.94,self
manuel macia cortias,Manuel Macía Cortias,NA,NA,unknown,self_alias,0.94,self
map pharmaceuticals,MAP Pharmaceuticals,NA,NA,unknown,self_alias,0.94,self
mapi pharma,Mapi Pharma,NA,NA,unknown,self_alias,0.94,self
maplight therapeutics,Maplight Therapeutics,NA,NA,unknown,self_alias,0.94,self
maps europe,MAPS Europe,NA,NA,unknown,self_alias,0.94,self
marengo therapeutics,Marengo Therapeutics,NA,NA,unknown,self_alias,0.94,self
maria carmen bravo laguna,María Carmen Bravo Laguna,NA,NA,unknown,self_alias,0.94,self
maria dolores sousa regueiro,María Dolores Sousa Regueiro,NA,NA,unknown,self_alias,0.94,self
marinomed biotech,Marinomed Biotech,NA,NA,unknown,self_alias,0.94,self
marinomed biotechnologie,Marinomed Biotechnologie,NA,NA,unknown,self_alias,0.94,self
marinus pharmaceuticals,Marinus Pharmaceuticals,NA,NA,unknown,self_alias,0.94,self
marinus pharmceuticals,Marinus Pharmceuticals,NA,NA,unknown,self_alias,0.94,self
maros arzneimittel,MAROS Arzneimittel,NA,NA,unknown,self_alias,0.94,self
marshall edwards pty,Marshall Edwards Pty,NA,NA,unknown,self_alias,0.94,self
maruho co,Maruho Co.,NA,NA,unknown,self_alias,0.94,self
maruho europe,Maruho Europe,NA,NA,unknown,self_alias,0.94,self
marvel life sciences,Marvel Life Sciences,NA,NA,unknown,self_alias,0.94,self
masarykuv onkologicky ustav,Masarykův onkologický ústav,NA,NA,unknown,self_alias,0.94,self
massachusetts general hospital,Massachusetts General Hospital,NA,NA,hospital,self_alias,0.94,self
mast therapeutics,Mast Therapeutics,NA,NA,unknown,self_alias,0.94,self
mastelli,Mastelli,NA,NA,unknown,self_alias,0.94,self
mateon therapeutics,Mateon Therapeutics,NA,NA,unknown,self_alias,0.94,self
matisse pharmaceuticals,Matisse Pharmaceuticals,NA,NA,unknown,self_alias,0.94,self
matrixx initiatives,Matrixx Initiatives,NA,NA,unknown,self_alias,0.94,self
matrizyme pharma,Matrizyme Pharma,NA,NA,unknown,self_alias,0.94,self
max planck institute of experimental medicine,Max Planck Institute of Experimental Medicine,NA,NA,unknown,self_alias,0.94,self
max zeller sohne,Max Zeller Söhne,NA,NA,unknown,self_alias,0.94,self
max-planck-institut fur psychiatrie,Max-Planck-Institut für Psychiatrie,NA,NA,unknown,self_alias,0.94,self
maxima medisch centrum,Máxima Medisch Centrum,NA,NA,unknown,self_alias,0.94,self
maze therapeutics,Maze Therapeutics,NA,NA,unknown,self_alias,0.94,self
mc2 therapeutics,MC2 Therapeutics,NA,NA,unknown,self_alias,0.94,self
mcm vaccine,MCM Vaccine,NA,NA,unknown,self_alias,0.94,self
mdvi,MDVI,NA,NA,unknown,self_alias,0.94,self
mech-sense dept gastroenterology hepatology aalborg university hospital,Aalborg University Hospital,NA,NA,hospital,llm_curated,1,NA
med univ wien,Medical University Of Vienna,Medical University Of Vienna,Medical University Of Vienna,hospital,llm_curated,1,NA
med univ wien innere med i abt f palliativmedizin,Medical University Of Vienna,NA,NA,hospital,llm_curated,1,NA
med univ wien klinik f innere mdizin i onkologie,Medical University Of Vienna,NA,NA,hospital,llm_curated,1,NA
med univ wien klinik fr klinische pharmakologie,Medical University Of Vienna,Medical University Of Vienna,Medical University Of Vienna,hospital,llm_curated,1,NA
med univ wien universittsklinik fr ansthesie allgemeine intensivmedizin und schmerztherapie,Medical University Of Vienna,Medical University Of Vienna,Medical University Of Vienna,hospital,llm_curated,1,NA
medac gesellschaft fr klinische spezialprparate mbh,Medac Gesellschaft fuer klinische Spezialprapaerate mbH,NA,NA,NA,llm_curated,1,NA
medac gesellschaft fuer klinische spezialprapaerate mbh,Medac Gesellschaft fuer klinische Spezialprapaerate mbH,NA,NA,NA,ctis_businesskey,0.95,NA
medarex,Medarex,NA,NA,unknown,self_alias,0.94,self
medco health solutions,Medco Health Solutions,NA,NA,unknown,self_alias,0.94,self
medeca pharma,Medeca Pharma,NA,NA,unknown,self_alias,0.94,self
medesis pharma,Medesis Pharma,NA,NA,unknown,self_alias,0.94,self
medestea research and production,Medestea Research & Production,NA,NA,unknown,self_alias,0.94,self
mediar therapeutics,Mediar Therapeutics,NA,NA,unknown,self_alias,0.94,self
medibiofarma,Medibiofarma,NA,NA,unknown,self_alias,0.94,self
medica scientia innovation research s l medsir,MedSIR - Medica Scientia Innovation Research,NA,NA,industry,llm_curated,1,NA
medica scientia innovation research s.l.,MedSIR - Medica Scientia Innovation Research,NA,NA,industry,llm_curated,1,NA
medica scientia innovation research sl,MedSIR - Medica Scientia Innovation Research,NA,NA,industry,llm_curated,1,NA
medicago,Medicago,NA,NA,unknown,self_alias,0.94,self
medical center- universtty of freiburg department of child,Universitätsklinikum Freiburg,NA,NA,hospital,llm_curated,1,NA
medical centre of postgraduate education,Medical Centre of Postgraduate Education,NA,NA,unknown,self_alias,0.94,self
medical developments international,Medical Developments International,NA,NA,unknown,self_alias,0.94,self
medical enterprises europe,Medical Enterprises Europe,NA,NA,unknown,self_alias,0.94,self
medical ethics uk,Medical Ethics UK,NA,NA,unknown,self_alias,0.94,self
medical univerity of vienna,Medical University Of Vienna,NA,NA,hospital,llm_curated,1,NA
medical univerity vienna,Medical University Of Vienna,NA,NA,hospital,llm_curated,1,NA
medical university graz department for plastic surgery,Medical University Of Graz,NA,NA,hospital,llm_curated,1,NA
medical university graz department of ophtalmology,Medical University Of Graz,NA,NA,hospital,llm_curated,1,NA
medical university graz department of rheumatology and immunology,Medical University Of Graz,NA,NA,hospital,llm_curated,1,NA
medical university innsbruck,Medical University Of Innsbruck,Medical University Of Innsbruck,Medical University Of Innsbruck,hospital,llm_curated,1,NA
medical university innsbruck department of visceral transplant,Medical University Of Innsbruck,NA,NA,hospital,llm_curated,1,NA
medical university of graz,Medical University Of Graz,Medical University Of Graz,Medical University Of Graz,hospital,llm_curated,1,NA
medical university of graz division of cardiology,Medical University Of Graz,NA,NA,hospital,llm_curated,1,NA
medical university of graz/department of internal medicine,Medical University Of Graz,NA,NA,hospital,llm_curated,1,NA
medical university of innsbruck,Medical University Of Innsbruck,Medical University Of Innsbruck,Medical University Of Innsbruck,hospital,llm_curated,1,NA
medical university of vienna,Medical University Of Vienna,Medical University Of Vienna,Medical University Of Vienna,hospital,llm_curated,1,NA
medical university of vienna / diakonhjemmet sykehus as / academisch ziekenhuis maastricht,Medical University of Vienna / Diakonhjemmet Sykehus AS / Academisch Ziekenhuis Maastricht,NA,NA,hospital,self_alias,0.94,self
medical university of vienna abteilung fur thoraxchirurgie,Medical University Of Vienna,NA,NA,hospital,llm_curated,1,NA
medical university of vienna department for internal medicine iii division of rheumatology,Medical University Of Vienna,Medical University Of Vienna,Medical University Of Vienna,hospital,llm_curated,1,NA
medical university of vienna department of anaesthesia,Medical University Of Vienna,NA,NA,hospital,llm_curated,1,NA
medical university of vienna department of anaesthesia critical care,Medical University Of Vienna,NA,NA,hospital,llm_curated,1,NA
medical university of vienna department of biomedical imaging,Medical University Of Vienna,NA,NA,hospital,llm_curated,1,NA
medical university of vienna department of internal medicine i,Medical University Of Vienna,Medical University Of Vienna,Medical University Of Vienna,hospital,llm_curated,1,NA
medical university of vienna department of neurology,Medical University Of Vienna,NA,NA,hospital,llm_curated,1,NA
medical university of vienna department of obstetrics and gynecology,Medical University Of Vienna,NA,NA,hospital,llm_curated,1,NA
medical university of vienna department of psychiatry and psychotherapy,Medical University Of Vienna,NA,NA,unknown,llm_curated,1,NA
medical university of vienna department of surgery,Medical University Of Vienna,NA,NA,hospital,llm_curated,1,NA
medical university of vienna dpt of pediatrics,Medical University Of Vienna,NA,NA,hospital,llm_curated,1,NA
medical university of vienna internal medicine iii,Medical University Of Vienna,NA,NA,hospital,llm_curated,1,NA
medical university of vienna muw,Medical University Of Vienna,Medical University Of Vienna,Medical University Of Vienna,hospital,llm_curated,1,NA
medical university of vienna university department of psychiatry,Medical University Of Vienna,NA,NA,hospital,llm_curated,1,NA
medical university vienna,Medical University Of Vienna,Medical University Of Vienna,Medical University Of Vienna,hospital,llm_curated,1,NA
medical university vienna dept f transfusion medicine,Medical University Of Vienna,NA,NA,hospital,llm_curated,1,NA
medical university vienna gender medicine unit div of endocrinology,Medical University Of Vienna,NA,NA,hospital,llm_curated,1,NA
medice arzneimittel puetter,Medice Arzneimittel Puetter,NA,NA,unknown,self_alias,0.94,self
medice arzneimittel puetter gmbh and co kg,Medice Arzneimittel Puetter,NA,NA,NA,ctis_businesskey,0.95,NA
medicenna therapeutics,Medicenna Therapeutics,NA,NA,unknown,self_alias,0.94,self
medicines development for global health,Medicines Development for Global Health,NA,NA,unknown,self_alias,0.94,self
medicinkliniken sjukhuset lidkoping,"Medicinkliniken, Sjukhuset Lidköping",NA,NA,unknown,self_alias,0.94,self
medicinova,MediciNova,NA,NA,unknown,self_alias,0.94,self
medicure international,Medicure International,NA,NA,unknown,self_alias,0.94,self
medigene,MediGene,NA,NA,unknown,self_alias,0.94,self
medilink therapeutics suzhou co,Medilink Therapeutics (Suzhou) Co.,NA,NA,unknown,self_alias,0.94,self
medimmune,MedImmune,AstraZeneca,AstraZeneca,industry,llm_curated,1,NA
medimmune llc,MedImmune,AstraZeneca,AstraZeneca,industry,llm_curated,1,NA
medincell,MedinCell,NA,NA,unknown,self_alias,0.94,self
medinova,Medinova,NA,NA,unknown,self_alias,0.94,self
mediolanum farmaceutici,Mediolanum Farmaceutici,NA,NA,unknown,self_alias,0.94,self
medipole hopital mutualiste,Médipôle Hôpital Mutualiste,NA,NA,hospital,self_alias,0.94,self
medipsych,MediPsych,NA,NA,unknown,self_alias,0.94,self
mediquest therapeutics,Mediquest Therapeutics,NA,NA,unknown,self_alias,0.94,self
medis,Medis,NA,NA,unknown,self_alias,0.94,self
medisch spectrum twente,Medisch Spectrum Twente,Medisch Spectrum Twente,Medisch Spectrum Twente,hospital,llm_curated,1,NA
meditop pharmaceuticals co,Meditop Pharmaceuticals Co.,NA,NA,unknown,self_alias,0.94,self
medivir,Medivir,NA,NA,unknown,self_alias,0.94,self
medivis,Medivis,NA,NA,unknown,self_alias,0.94,self
medizinische fakultat der martin-luther-universitat halle-wittenberg,Medizinische Fakultät der Martin-Luther-Universität Halle-Wittenberg,NA,NA,academic,self_alias,0.94,self
medizinische fakultat der technischen universitat munchen,Medizinische Fakultät der Technischen Universität München,NA,NA,academic,self_alias,0.94,self
medizinische fakultat der technischen universitat munchen vertreten durch den dekan,"Medizinische Fakultät der Technischen Universität München, Vertreten durch den Dekan",NA,NA,unknown,self_alias,0.94,self
medizinische fakultat der universitat rostock,Medizinische Fakultät der Universität Rostock,NA,NA,unknown,self_alias,0.94,self
medizinische fakultt der martin-luther-universitt halle-wittenberg,Medizinische Fakultät der Martin-Luther-Universität Halle-Wittenberg,NA,NA,academic,llm_curated,1,NA
medizinische fakultt der technischen universitt mnchen,Medizinische Fakultät der Technischen Universität München,NA,NA,academic,llm_curated,1,NA
medizinische fakultt der technischen universitt muenchen,Medizinische Fakultät der Technischen Universität München,NA,NA,academic,llm_curated,1,NA
medizinische universitaet wien,Medical University Of Vienna,Medical University Of Vienna,Medical University Of Vienna,hospital,llm_curated,1,NA
medizinische universitat graz universittsklinik fur dermatologie,Medical University Of Graz,NA,NA,hospital,llm_curated,1,NA
medizinische universitat innsbruck universittsklinik fur ansthesie,Medical University Of Innsbruck,NA,NA,hospital,llm_curated,1,NA
medizinische universitat wien klinische abteilung fur nephrologie,Medical University Of Vienna,NA,NA,hospital,llm_curated,1,NA
medizinische universitt graz,Medical University Of Graz,Medical University Of Graz,Medical University Of Graz,hospital,llm_curated,1,NA
medizinische universitt graz / endokrinologie und stoffwechsel,Medical University Of Graz,Medical University Of Graz,Medical University Of Graz,hospital,llm_curated,1,NA
medizinische universitt graz klin abteilung fr orale chirurgie,Medical University Of Graz,NA,NA,hospital,llm_curated,1,NA
medizinische universitt graz univ.-augenklinik,Medical University Of Graz,NA,NA,hospital,llm_curated,1,NA
medizinische universitt graz univers augenklinik,Medical University Of Graz,NA,NA,hospital,llm_curated,1,NA
medizinische universitt graz universittsklinik fr innere medizin abteilung fr endokrinologie und stoffwechsel,Medical University Of Graz,Medical University Of Graz,Medical University Of Graz,hospital,llm_curated,1,NA
medizinische universitt graz universittsklinik fr inneremedizin abteilung fr endokrinologie und stoffwechsel,Medical University Of Graz,Medical University Of Graz,Medical University Of Graz,hospital,llm_curated,1,NA
medizinische universitt graz universittsklinik frinnere medizin,Medical University Of Graz,NA,NA,hospital,llm_curated,1,NA
medizinische universitt innsbruck / univ -klinik fr allgemeine und chirurgische intensivmedizin,Medical University Of Innsbruck,Medical University Of Innsbruck,Medical University Of Innsbruck,hospital,llm_curated,1,NA
medizinische universitt innsbruck institut fr virologie,Medical University Of Innsbruck,Medical University Of Innsbruck,Medical University Of Innsbruck,hospital,llm_curated,1,NA
medizinische universitt wien,Medical University Of Vienna,Medical University Of Vienna,Medical University Of Vienna,hospital,llm_curated,1,NA
medizinische universitt wien abteilung fr herzchirurgie,Medical University Of Vienna,Medical University Of Vienna,Medical University Of Vienna,hospital,llm_curated,1,NA
medizinische universitt wien univ klinik f dermatologie,Medical University Of Vienna,Medical University Of Vienna,Medical University Of Vienna,hospital,llm_curated,1,NA
medizinische universitt wien univ klinik f frauenheilkunde abt f gynkologie und gyn onkologie,Medical University Of Vienna,Medical University Of Vienna,Medical University Of Vienna,hospital,llm_curated,1,NA
medizinische universitt wien univ klinik fr ansthesie allg intensivmedizin u schmerztherapie,Medical University Of Vienna,Medical University Of Vienna,Medical University Of Vienna,hospital,llm_curated,1,NA
medizinische universitt wien univ klinik fr dermatologie,Medical University Of Vienna,Medical University Of Vienna,Medical University Of Vienna,hospital,llm_curated,1,NA
medizinische universitt wien univ klinik fr innere medizin iii abt f endokrinologie und stoffwechsel,Medical University Of Vienna,Medical University Of Vienna,Medical University Of Vienna,hospital,llm_curated,1,NA
medizinische universitt wien universittsklinik fr augenheilkunde,Medical University Of Vienna,Medical University Of Vienna,Medical University Of Vienna,hospital,llm_curated,1,NA
medizinische universitt wien universittsklinik fr innere medizin,Medical University Of Vienna,NA,NA,hospital,llm_curated,1,NA
medizinische universitt wien universittsklinik fr innere medizin 3 abteilung fr gastroenterologie und hepatologie,Medical University Of Vienna,Medical University Of Vienna,Medical University Of Vienna,hospital,llm_curated,1,NA
medizinische universitt wien universittsklinik fr innere medizin iii,Medical University Of Vienna,Medical University Of Vienna,Medical University Of Vienna,hospital,llm_curated,1,NA
medizinische universitt wien universittsklinik fr klinische pharmakologie,Medical University Of Vienna,Medical University Of Vienna,Medical University Of Vienna,hospital,llm_curated,1,NA
medizinische universitt wien universittsklinik fr psychiatrie und psychotherapie,Medical University Of Vienna,Medical University Of Vienna,Medical University Of Vienna,hospital,llm_curated,1,NA
medphano arzneimittel,medphano Arzneimittel,NA,NA,unknown,self_alias,0.94,self
medpharm,MedPharm,NA,NA,unknown,self_alias,0.94,self
medquality forschung,MedQuality Forschung,NA,NA,unknown,self_alias,0.94,self
medsir - medica scientia innovation research / medical university of vienna,MedSIR - Medica Scientia Innovation Research / Medical University Of Vienna,NA,NA,unknown,self_alias,0.94,self
medtrace pharma,MedTrace Pharma,NA,NA,unknown,self_alias,0.94,self
meduni vienna dept of anesthesia,Medical University Of Vienna,NA,NA,hospital,llm_curated,1,NA
medytox,Medytox,NA,NA,unknown,self_alias,0.94,self
megainpharm,MEGAINPHARM,NA,NA,unknown,self_alias,0.94,self
mei pharma,MEI Pharma,NA,NA,unknown,self_alias,0.94,self
meiji seika kaisha,Meiji Seika Kaisha,NA,NA,unknown,self_alias,0.94,self
meiji seika pharma co,Meiji Seika Pharma Co.,NA,NA,unknown,self_alias,0.94,self
meiragtx uk,MeiraGTx UK,NA,NA,industry,self_alias,0.94,self
meissa vaccines,Meissa Vaccines,NA,NA,unknown,self_alias,0.94,self
melinta therapeutics,Melinta Therapeutics,NA,NA,unknown,self_alias,0.94,self
memory pharmaceuticals,Memory Pharmaceuticals,NA,NA,unknown,self_alias,0.94,self
menarini international operation luxembourg,Menarini International Operation Luxembourg,NA,NA,unknown,self_alias,0.94,self
menarini ricerche,Menarini Ricerche,NA,NA,unknown,self_alias,0.94,self
mendus,Mendus,NA,NA,unknown,self_alias,0.94,self
menlo therapeutics,Menlo Therapeutics,NA,NA,unknown,self_alias,0.94,self
mensia technologies,Mensia Technologies,NA,NA,unknown,self_alias,0.94,self
mental health services esbjerg,Mental Health Services Esbjerg,NA,NA,unknown,self_alias,0.94,self
mepha,Mepha,NA,NA,unknown,self_alias,0.94,self
mercator medsystems,Mercator MedSystems,NA,NA,unknown,self_alias,0.94,self
merck and co,MSD,Merck & Co.,MSD / Merck & Co.,industry,llm_curated,1,NA
merck and co inc,MSD,Merck & Co.,MSD / Merck & Co.,industry,llm_curated,1,NA
merck co,MSD,Merck & Co.,MSD / Merck & Co.,industry,llm_curated,0.9,NA
merck co inc,MSD,Merck & Co.,MSD / Merck & Co.,industry,llm_curated,1,NA
merck europe bv,Merck,Merck KGaA,Merck KGaA / EMD Serono,industry,llm_curated,1,NA
merck healthcare,Merck,Merck KGaA,Merck KGaA / EMD Serono,industry,llm_curated,0.9,NA
merck healthcare kgaa,Merck,Merck KGaA,Merck KGaA / EMD Serono,industry,llm_curated,1,NA
merck kgaa,Merck,Merck KGaA,Merck KGaA / EMD Serono,industry,llm_curated,1,NA
merck kgaa darmstadt germany,Merck,Merck KGaA,Merck KGaA / EMD Serono,industry,llm_curated,1,NA
merck selbstmedikation,Merck Selbstmedikation,NA,NA,unknown,self_alias,0.94,self
merck serono,Merck Serono,Merck KGaA,Merck KGaA / EMD Serono,industry,llm_curated,1,NA
merck serono sa,Merck Serono,Merck KGaA,Merck KGaA / EMD Serono,industry,llm_curated,1,NA
merck sharp and dohme,MSD,Merck & Co.,MSD / Merck & Co.,industry,llm_curated,1,NA
merck sharp and dohme bv,MSD,Merck & Co.,MSD / Merck & Co.,industry,llm_curated,1,NA
merck sharp and dohme corp,MSD,Merck & Co.,MSD / Merck & Co.,industry,llm_curated,1,NA
merck sharp and dohme de espaa,MSD,Merck & Co.,MSD / Merck & Co.,industry,llm_curated,1,NA
merck sharp and dohme limited,MSD,Merck & Co.,MSD / Merck & Co.,industry,llm_curated,1,NA
merck sharp and dohme llc,MSD,Merck & Co.,MSD / Merck & Co.,industry,llm_curated,1,NA
merck sharp dohme,MSD,Merck & Co.,MSD / Merck & Co.,industry,llm_curated,1,NA
merck sharp dohme corp,MSD,Merck & Co.,MSD / Merck & Co.,industry,llm_curated,1,NA
merck sharp dohme llc,MSD,Merck & Co.,MSD / Merck & Co.,industry,llm_curated,1,NA
mereo biopharma group,Mereo BioPharma Group,NA,NA,industry,self_alias,0.94,self
merete haedersdal bispebjerg hospital,Bispebjerg Hospital,NA,NA,hospital,llm_curated,1,NA
merit medical systems,Merit Medical Systems,NA,NA,unknown,self_alias,0.94,self
merlion pharmaceuticals,MerLion Pharmaceuticals,NA,NA,unknown,self_alias,0.94,self
merrion pharmaceuticals,Merrion Pharmaceuticals,NA,NA,unknown,self_alias,0.94,self
mersana therapeutics,Mersana Therapeutics,NA,NA,unknown,self_alias,0.94,self
merus,Merus,NA,NA,NA,self_alias,0.94,self
merus b v,Merus,NA,NA,NA,ctis_businesskey,0.95,NA
merz aesthetics,Merz Aesthetics,NA,NA,industry,self_alias,0.94,self
merz pharmaceuticals,Merz Pharmaceuticals,Merz Pharmaceuticals,Merz Pharmaceuticals,industry,llm_curated,1,NA
merz pharmaceuticals gmbh,Merz Pharmaceuticals,Merz Pharmaceuticals,Merz Pharmaceuticals,industry,llm_curated,1,NA
mesentech,Mesentech,NA,NA,unknown,self_alias,0.94,self
mesoblast,Mesoblast,NA,NA,unknown,self_alias,0.94,self
mesoestetic pharma group,Mesoestetic Pharma group,NA,NA,unknown,self_alias,0.94,self
mestag therapeutics,Mestag Therapeutics,NA,NA,unknown,self_alias,0.94,self
metacure,Metacure,NA,NA,unknown,self_alias,0.94,self
metcon medicin,Metcon Medicin,NA,NA,unknown,self_alias,0.94,self
metriopharm,MetrioPharm,NA,NA,unknown,self_alias,0.94,self
metsera,Metsera,NA,NA,unknown,self_alias,0.94,self
mggm,Mggm,NA,NA,unknown,self_alias,0.94,self
mgi pharma,MGI Pharma,NA,NA,unknown,self_alias,0.94,self
microbiotica,Microbiotica,NA,NA,unknown,self_alias,0.94,self
micromet,Micromet,NA,NA,unknown,self_alias,0.94,self
micurx pharmaceuticals,Micurx Pharmaceuticals,NA,NA,unknown,self_alias,0.94,self
miguel cervero jimenez,Miguel Cervero Jiménez,NA,NA,hospital,self_alias,0.94,self
mikko hippelinen,Mikko Hippelinen,NA,NA,unknown,self_alias,0.94,self
mikko pitkanen,Mikko Pitkänen,NA,NA,unknown,self_alias,0.94,self
mikrobiomik healthcare company,Mikrobiomik Healthcare Company,NA,NA,unknown,self_alias,0.94,self
milestone pharmaceuticals,Milestone Pharmaceuticals,NA,NA,unknown,self_alias,0.94,self
military mental health - research centre,Military Mental Health - Research Centre,NA,NA,unknown,self_alias,0.94,self
millendo therapeutics,Millendo Therapeutics,NA,NA,unknown,self_alias,0.94,self
millennium pharmaceuticals inc,Millennium Pharmaceuticals,Takeda,Takeda,industry,llm_curated,1,NA
miltenyi biomedicine,Miltenyi Biomedicine,NA,NA,unknown,self_alias,0.94,self
miltenyi biotec,Miltenyi Biotec,NA,NA,unknown,self_alias,0.94,self
mimer medical,Mimer Medical,NA,NA,unknown,self_alias,0.94,self
mimetech,Mimetech,NA,NA,unknown,self_alias,0.94,self
mina alpha,MiNA Alpha,NA,NA,unknown,self_alias,0.94,self
mind medicine,Mind Medicine,NA,NA,unknown,self_alias,0.94,self
mindstate design labs,Mindstate Design Labs,NA,NA,unknown,self_alias,0.94,self
mineralys therapeutics,Mineralys Therapeutics,NA,NA,unknown,self_alias,0.94,self
minerva neurosciences,Minerva Neurosciences,NA,NA,unknown,self_alias,0.94,self
minervax,Minervax,NA,NA,unknown,self_alias,0.94,self
minster pharmaceuticals,Minster Pharmaceuticals,NA,NA,unknown,self_alias,0.94,self
mirador therapeutics,Mirador Therapeutics,NA,NA,unknown,self_alias,0.94,self
miragen therapeutics,miRagen Therapeutics,NA,NA,unknown,self_alias,0.94,self
mirati therapeutics,Mirati Therapeutics,NA,NA,unknown,self_alias,0.94,self
miravant pharmaceuticals,Miravant Pharmaceuticals,NA,NA,unknown,self_alias,0.94,self
mironid,Mironid,NA,NA,unknown,self_alias,0.94,self
mirum pharmaceuticals,Mirum Pharmaceuticals,NA,NA,unknown,self_alias,0.94,self
mithra pharmaceuticals,Mithra Pharmaceuticals,NA,NA,unknown,self_alias,0.94,self
mitochon pharmaceuticals,Mitochon Pharmaceuticals,NA,NA,unknown,self_alias,0.94,self
mitsubishi pharma,Mitsubishi Pharma,NA,NA,unknown,self_alias,0.94,self
mitsubishi tanabe development america,Mitsubishi Tanabe Development America,NA,NA,unknown,self_alias,0.94,self
mitsubishi tanabe pharma development america,Mitsubishi Tanabe Pharma Development America,NA,NA,unknown,self_alias,0.94,self
ml bio solutions,ML Bio Solutions,NA,NA,unknown,self_alias,0.94,self
moberg pharma,Moberg Pharma,NA,NA,unknown,self_alias,0.94,self
modern biosciences,Modern Biosciences,NA,NA,unknown,self_alias,0.94,self
moderna,Moderna,NA,NA,unknown,self_alias,0.94,self
moderna inc,Moderna,NA,NA,NA,ctis_businesskey,0.95,NA
modigenetech,ModigeneTech,NA,NA,unknown,self_alias,0.94,self
modus therapeutics,Modus Therapeutics,NA,NA,unknown,self_alias,0.94,self
molecular insight pharmaceuticals,Molecular Insight Pharmaceuticals,NA,NA,unknown,self_alias,0.94,self
molecular partners,Molecular Partners,NA,NA,unknown,self_alias,0.94,self
molecular templates,Molecular Templates,NA,NA,unknown,self_alias,0.94,self
moleculin biotech,Moleculin Biotech,NA,NA,unknown,self_alias,0.94,self
molecure,Molecure,NA,NA,unknown,self_alias,0.94,self
molefy pharma,Molefy Pharma,NA,NA,unknown,self_alias,0.94,self
mologen,MOLOGEN,NA,NA,unknown,self_alias,0.94,self
moma therapeutics,Moma Therapeutics,NA,NA,unknown,self_alias,0.94,self
momenta pharmaceuticals,Momenta Pharmaceuticals,NA,NA,unknown,self_alias,0.94,self
mondogen,MondoGEN,NA,NA,unknown,self_alias,0.94,self
monopar therapeutics,Monopar Therapeutics,NA,NA,unknown,self_alias,0.94,self
monta biosciences,MonTa Biosciences,NA,NA,unknown,self_alias,0.94,self
monteresearch,Monteresearch,NA,NA,unknown,self_alias,0.94,self
moonlake immunotherapeutics,MoonLake Immunotherapeutics,NA,NA,unknown,self_alias,0.94,self
morphic therapeutic,Morphic Therapeutic,NA,NA,unknown,self_alias,0.94,self
morphosys,MorphoSys,NA,NA,unknown,self_alias,0.94,self
morten tange kristensen/hvidovre hospital,Hvidovre Hospital,NA,NA,hospital,llm_curated,1,NA
movetis,Movetis,NA,NA,unknown,self_alias,0.94,self
mpex pharmaceuticals,Mpex Pharmaceuticals,NA,NA,unknown,self_alias,0.94,self
mrc clinical trials unit at ucl,University College London,NA,NA,academic,llm_curated,1,NA
mrc ctu at ucl,University College London,NA,NA,academic,llm_curated,1,NA
mrm health,MRM Health,NA,NA,unknown,self_alias,0.94,self
mrn-medical research network,MRN-Medical Research Network,NA,NA,cooperative_group,self_alias,0.94,self
ms centrum department of neurology sshlgrenska university hospital,Sahlgrenska University Hospital,NA,NA,hospital,llm_curated,1,NA
ms science,Ms Science,NA,NA,unknown,self_alias,0.94,self
msd,MSD,Merck & Co.,MSD / Merck & Co.,industry,llm_curated,1,NA
msd oncology,MSD,Merck & Co.,MSD / Merck & Co.,industry,llm_curated,1,NA
msd sharp and dohme,MSD,Merck & Co.,MSD / Merck & Co.,industry,llm_curated,1,NA
mse pharmazeutika,MSE Pharmazeutika,NA,NA,unknown,self_alias,0.94,self
muc research,MUC Research,NA,NA,unknown,self_alias,0.94,self
muhlenkreiskliniken,Mühlenkreiskliniken,NA,NA,unknown,self_alias,0.94,self
mukocell,MukoCell,NA,NA,unknown,self_alias,0.94,self
multimedica,MultiMedica,NA,NA,unknown,self_alias,0.94,self
multiplex pharma holdings,Multiplex Pharma Holdings,NA,NA,unknown,self_alias,0.94,self
mumc azm,Maastricht University Medical Center,NA,NA,hospital,llm_curated,1,NA
muna therapeutics,Muna Therapeutics,NA,NA,unknown,self_alias,0.94,self
mundipharma pharmaceuticals s.l.,Mundipharma,NA,NA,industry,llm_curated,1,NA
mundipharma pharmaceuticals srl,Mundipharma,NA,NA,industry,llm_curated,1,NA
mural oncology,Mural Oncology,NA,NA,unknown,self_alias,0.94,self
muw department of ophthalmology,Medical University Of Vienna,NA,NA,hospital,llm_curated,1,NA
mycovia pharmaceuticals,Mycovia Pharmaceuticals,NA,NA,unknown,self_alias,0.94,self
myelo therapeutics,Myelo Therapeutics,NA,NA,unknown,self_alias,0.94,self
mylan pharma uk,Mylan Pharma UK,NA,NA,unknown,self_alias,0.94,self
myogen,Myogen,NA,NA,unknown,self_alias,0.94,self
myokardia,MyoKardia,NA,NA,unknown,self_alias,0.94,self
myriad pharmaceuticals,Myriad Pharmaceuticals,NA,NA,unknown,self_alias,0.94,self
myrtelle,Myrtelle,NA,NA,unknown,self_alias,0.94,self
mythic therapeutics,Mythic Therapeutics,NA,NA,unknown,self_alias,0.94,self
n-gene research and development,N-Gene Research & Development,NA,NA,unknown,self_alias,0.94,self
n-gene research laboratories,N-GENE Research Laboratories,NA,NA,unknown,self_alias,0.94,self
nabriva therapeutics,Nabriva Therapeutics,NA,NA,unknown,self_alias,0.94,self
naestved sygehus,Næstved Sygehus,NA,NA,hospital,self_alias,0.94,self
named,NAMED,NA,NA,unknown,self_alias,0.94,self
nanexa,Nanexa,NA,NA,unknown,self_alias,0.94,self
nanjing luye pharmaceutical co,Nanjing Luye Pharmaceutical Co.,NA,NA,unknown,self_alias,0.94,self
nanocarrier co,NanoCarrier Co.,NA,NA,unknown,self_alias,0.94,self
nantes chu,CHU de Nantes,NA,NA,hospital,llm_curated,1,NA
nantes university hospital,CHU de Nantes,NA,NA,hospital,llm_curated,1,NA
napo pharmaceuticals,Napo Pharmaceuticals,NA,NA,unknown,self_alias,0.94,self
napo therapeutics,Napo Therapeutics,NA,NA,unknown,self_alias,0.94,self
napp pharmaceuticals,Napp Pharmaceuticals,NA,NA,unknown,self_alias,0.94,self
narodni onkologicky ustav,Národní onkologický ústav,NA,NA,unknown,self_alias,0.94,self
narodowy instytut onkologii im marii sklodowskiej-curie,Narodowy Instytut Onkologii im. Marii Skłodowskiej-Curie,NA,NA,unknown,self_alias,0.94,self
narodowy instytut onkologii im marii sklodowskiej-curie-panstwowy instytut badawczy,Narodowy Instytut Onkologii Im. Marii Sklodowskiej-Curie-Panstwowy Instytut Badawczy,NA,NA,NA,ctis_businesskey,0.95,NA
nathura,NATHURA,NA,NA,unknown,self_alias,0.94,self
natimmune,NatImmune,NA,NA,unknown,self_alias,0.94,self
national and capodistrian university of athens,National and Capodistrian University of Athens,NA,NA,unknown,self_alias,0.94,self
national institute of cardiology,National Institute Of Cardiology,NA,NA,NA,ctis_businesskey,0.95,NA
national koranyi institute of pulmonology,National Korányi Institute of Pulmonology,NA,NA,unknown,self_alias,0.94,self
nationwide children's hospital,Nationwide Children's Hospital,NA,NA,hospital,self_alias,0.94,self
natural pharma international npi,Natural Pharma International Npi,NA,NA,unknown,self_alias,0.94,self
navad life sciences,Navad Life Sciences,NA,NA,unknown,self_alias,0.94,self
navamedic,Navamedic,NA,NA,unknown,self_alias,0.94,self
navarrabiomed - fundacion miguel servet,Navarrabiomed - Fundación Miguel Servet,NA,NA,unknown,self_alias,0.94,self
navidea biopharmaceuticals,Navidea Biopharmaceuticals,NA,NA,unknown,self_alias,0.94,self
navigator medicines,Navigator Medicines,NA,NA,unknown,self_alias,0.94,self
navire pharma,Navire Pharma,NA,NA,unknown,self_alias,0.94,self
navitas life sciences,Navitas Life Sciences,NA,NA,unknown,self_alias,0.94,self
nbcd,NBCD,NA,NA,unknown,self_alias,0.94,self
nbmi science,NBMI Science,NA,NA,unknown,self_alias,0.94,self
nchroma bio,Nchroma Bio,NA,NA,unknown,self_alias,0.94,self
nec bio therapeutics,NEC Bio Therapeutics,NA,NA,unknown,self_alias,0.94,self
nec oncoimmunity,NEC Oncoimmunity,NA,NA,unknown,self_alias,0.94,self
nectin therapeutics,Nectin Therapeutics,NA,NA,unknown,self_alias,0.94,self
nederlandsk kanker instutuut-antonie van leeuwenhoek ziekenhuis,Stichting Het Nederlands Kanker Instituut-Antoni Van Leeuwenhoek Ziekenhuis,NA,NA,hospital,llm_curated,1,NA
nekkar lab,Nekkar Lab,NA,NA,unknown,self_alias,0.94,self
nektar technologies,Nektar Technologies,NA,NA,unknown,self_alias,0.94,self
nelum,Nelum,NA,NA,unknown,self_alias,0.94,self
nemocnice agel ostrava-vitkovice a s,Nemocnice Agel Ostrava-Vítkovice a.s.,NA,NA,unknown,self_alias,0.94,self
nemocnice na bulovce,Nemocnice Na Bulovce,NA,NA,hospital,self_alias,0.94,self
neo vista,Neo Vista,NA,NA,unknown,self_alias,0.94,self
neogap therapeutics,NEOGAP Therapeutics,NA,NA,unknown,self_alias,0.94,self
neogene therapeutics,Neogene Therapeutics,NA,NA,unknown,self_alias,0.94,self
neoimmunetech,NeoImmuneTech,NA,NA,unknown,self_alias,0.94,self
neolab,Neolab,NA,NA,unknown,self_alias,0.94,self
neopharm,NeoPharm,NA,NA,unknown,self_alias,0.94,self
neopharma japan co,neopharma Japan Co.,NA,NA,unknown,self_alias,0.94,self
neose technologies,Neose Technologies,NA,NA,unknown,self_alias,0.94,self
neosil,Neosil,NA,NA,unknown,self_alias,0.94,self
nephrology department hospital universitary of bellvitge,Hospital Universitari de Bellvitge - IDIBELL,NA,NA,hospital,llm_curated,1,NA
nerre therapeutics,NeRRe Therapeutics,NA,NA,unknown,self_alias,0.94,self
netherlands cancer institute - antoni van leeuwenhoek hospital,Stichting Het Nederlands Kanker Instituut-Antoni Van Leeuwenhoek Ziekenhuis,NA,NA,hospital,llm_curated,1,NA
netherlands cancer institute - antoni van leeuwenhoek hospital nki-avl,Stichting Het Nederlands Kanker Instituut-Antoni Van Leeuwenhoek Ziekenhuis,NA,NA,hospital,llm_curated,1,NA
netherlands cancer institute - nki antioni van leeuwenhoek avl,Stichting Het Nederlands Kanker Instituut-Antoni Van Leeuwenhoek Ziekenhuis,NA,NA,hospital,llm_curated,1,NA
netherlands cancer institute - nki-avl,Stichting Het Nederlands Kanker Instituut-Antoni Van Leeuwenhoek Ziekenhuis,NA,NA,hospital,llm_curated,1,NA
neumora therapeutics,Neumora Therapeutics,NA,NA,unknown,self_alias,0.94,self
neuralis,NEURALIS,NA,NA,unknown,self_alias,0.94,self
neuraly,Neuraly,NA,NA,unknown,self_alias,0.94,self
neuraxpharm arzneimittel,neuraxpharm Arzneimittel,NA,NA,unknown,self_alias,0.94,self
neurim pharmaceuticals 1991,Neurim Pharmaceuticals 1991,NA,NA,unknown,self_alias,0.94,self
neurimmune,Neurimmune,NA,NA,unknown,self_alias,0.94,self
neuro-consil,Neuro-Consil,NA,NA,unknown,self_alias,0.94,self
neurobiological technologies,Neurobiological Technologies,NA,NA,unknown,self_alias,0.94,self
neurobiotec,NeuroBiotec,NA,NA,unknown,self_alias,0.94,self
neurobiotec pharma,NeuroBiotec Pharma,NA,NA,unknown,self_alias,0.94,self
neurochem,Neurochem,NA,NA,unknown,self_alias,0.94,self
neurocode,NeuroCode,NA,NA,unknown,self_alias,0.94,self
neurocure,Neurocure,NA,NA,unknown,self_alias,0.94,self
neuroderm,NeuroDerm,NA,NA,unknown,self_alias,0.94,self
neurofix,Neurofix,NA,NA,unknown,self_alias,0.94,self
neurogesx,NeurogesX,NA,NA,unknown,self_alias,0.94,self
neurolixis,Neurolixis,NA,NA,unknown,self_alias,0.94,self
neuron23,Neuron23,NA,NA,unknown,self_alias,0.94,self
neuronova,NeuroNova,NA,NA,unknown,self_alias,0.94,self
neurophyxia,Neurophyxia,NA,NA,unknown,self_alias,0.94,self
neuroplast,Neuroplast,NA,NA,unknown,self_alias,0.94,self
neuroprotexeon,NeuroproteXeon,NA,NA,unknown,self_alias,0.94,self
neurosearch,NeuroSearch,NA,NA,unknown,self_alias,0.94,self
neurosense therapeutics,NeuroSense Therapeutics,NA,NA,unknown,self_alias,0.94,self
neurotec pharma,Neurotec Pharma,NA,NA,unknown,self_alias,0.94,self
neurothera labs,Neurothera Labs,NA,NA,unknown,self_alias,0.94,self
neurotherapia,Neurotherapia,NA,NA,unknown,self_alias,0.94,self
neurotrauma sciences,Neurotrauma Sciences,NA,NA,unknown,self_alias,0.94,self
neurovia,NeuroVia,NA,NA,unknown,self_alias,0.94,self
neurovive pharmaceutical,NeuroVive Pharmaceutical,NA,NA,unknown,self_alias,0.94,self
neutrolis,Neutrolis,NA,NA,unknown,self_alias,0.94,self
nevakar,Nevakar,NA,NA,unknown,self_alias,0.94,self
new medical enzymes,New Medical Enzymes,NA,NA,unknown,self_alias,0.94,self
newamsterdam pharma,NewAmsterdam Pharma,NA,NA,unknown,self_alias,0.94,self
newcastle upon tyne hospitals nhs trust,Newcastle upon Tyne Hospitals NHS Foundation Trust,Newcastle upon Tyne Hospitals NHS Foundation Trust,Newcastle upon Tyne Hospitals NHS Foundation Trust,hospital,llm_curated,1,NA
newleos therapeutics,Newleos Therapeutics,NA,NA,unknown,self_alias,0.94,self
newlink genetics,NewLink Genetics,NA,NA,unknown,self_alias,0.94,self
nfl biosciences,NFL Biosciences,NA,NA,unknown,self_alias,0.94,self
ngm biopharmaceuticals,NGM Biopharmaceuticals,NA,NA,unknown,self_alias,0.94,self
ngm biopharmaceuticals inc.,NGM Biopharmaceuticals;,NA,NA,industry,llm_curated,1,NA
nhs lanarkshire,NHS Lanarkshire,NA,NA,hospital,self_alias,0.94,self
ni one,NI One,NA,NA,unknown,self_alias,0.94,self
niaid,NIAID,NA,NA,unknown,self_alias,0.94,self
nibit,NIBIT,NA,NA,cooperative_group,self_alias,0.94,self
nibit network italiano per la bio-immunoterapia dei tumori,NIBIT,NA,NA,cooperative_group,llm_curated,1,NA
nichi-iko pharmaceutical,Nichi-Iko Pharmaceutical,NA,NA,unknown,self_alias,0.94,self
nicholas stephen macklon,Nicholas Stephen Macklon,NA,NA,unknown,self_alias,0.94,self
niconovum,Niconovum,NA,NA,unknown,self_alias,0.94,self
nida,NIDA,NA,NA,unknown,self_alias,0.94,self
nido biosciences,Nido Biosciences,NA,NA,unknown,self_alias,0.94,self
nightstarx,NightstaRx,NA,NA,unknown,self_alias,0.94,self
nile therapeutics,Nile Therapeutics,NA,NA,unknown,self_alias,0.94,self
nimbus lakshmi,Nimbus Lakshmi,NA,NA,unknown,self_alias,0.94,self
nimbus wadjet,Nimbus Wadjet,NA,NA,unknown,self_alias,0.94,self
nimes university hospital,CHU de Nîmes,NA,NA,hospital,llm_curated,1,NA
nimes university hospital 37,CHU de Nîmes,NA,NA,hospital,llm_curated,1,NA
ningbo newbay technology development co,Ningbo Newbay Technology Development Co.,NA,NA,unknown,self_alias,0.94,self
nippon suisan kaisha,Nippon Suisan Kaisha,NA,NA,unknown,self_alias,0.94,self
nitec pharma,Nitec Pharma,NA,NA,unknown,self_alias,0.94,self
nitric biotherapeutics,Nitric BioTherapeutics,NA,NA,unknown,self_alias,0.94,self
nitto denko,Nitto Denko,NA,NA,unknown,self_alias,0.94,self
nivanniemi hospital,Nivanniemi Hospital,NA,NA,hospital,self_alias,0.94,self
nmd pharma,NMD Pharma,NA,NA,unknown,self_alias,0.94,self
nocion therapeutics,Nocion Therapeutics,NA,NA,unknown,self_alias,0.94,self
nodthera,Nodthera,NA,NA,unknown,self_alias,0.94,self
noe lga gesundheit region mitte,NOE LGA Gesundheit Region Mitte,NA,NA,unknown,self_alias,0.94,self
noema pharma australia pty,Noema Pharma Australia Pty,NA,NA,unknown,self_alias,0.94,self
nono,NoNO,NA,NA,unknown,self_alias,0.94,self
noora kaartinen,Noora Kaartinen,NA,NA,unknown,self_alias,0.94,self
noorik biopharmaceuticals,Noorik Biopharmaceuticals,NA,NA,unknown,self_alias,0.94,self
nora therapeutics,Nora Therapeutics,NA,NA,unknown,self_alias,0.94,self
nord ostdeutsche gesellschaft fuer gynaekologische onkologie e v,Nord Ostdeutsche Gesellschaft Fuer Gynaekologische Onkologie e.V.,NA,NA,NA,ctis_businesskey,0.95,NA
nordic nanovector,Nordic Nanovector,NA,NA,unknown,self_alias,0.94,self
nordland hospital bodo,"Nordland Hospital, Bodø",NA,NA,hospital,self_alias,0.94,self
nordmark arzneimittel,Nordmark Arzneimittel,NA,NA,unknown,self_alias,0.94,self
nordsjllands hospital,Nordsjællands Hospital,NA,NA,hospital,llm_curated,1,NA
nordsjllands hospital department of cardiology nephrology and endocrinology,Nordsjællands Hospital,NA,NA,hospital,llm_curated,1,NA
nordsjllands hospital hillerd,Nordsjællands Hospital Hillerød,NA,NA,hospital,llm_curated,1,NA
norpharma,Norpharma,NA,NA,unknown,self_alias,0.94,self
norrbottens lans landsting,Norrbottens Läns Landsting,NA,NA,unknown,self_alias,0.94,self
northsea therapeutics,NorthSea Therapeutics,NA,NA,unknown,self_alias,0.94,self
northwest biotherapeutics,Northwest Biotherapeutics,NA,NA,unknown,self_alias,0.94,self
norwegian school of sport sciences,Norwegian School of Sport Sciences,NA,NA,unknown,self_alias,0.94,self
noscira,Noscira,NA,NA,unknown,self_alias,0.94,self
noucor health,Noucor Health,NA,NA,unknown,self_alias,0.94,self
nouscom,Nouscom,NA,NA,unknown,self_alias,0.94,self
nova biopharma,Nova BioPharma,NA,NA,unknown,self_alias,0.94,self
nova laboratories,Nova Laboratories,NA,NA,unknown,self_alias,0.94,self
novabiotics,NovaBiotics,NA,NA,unknown,self_alias,0.94,self
novacardia,NovaCardia,NA,NA,unknown,self_alias,0.94,self
novacea,Novacea,NA,NA,unknown,self_alias,0.94,self
novagali pharma,Novagali Pharma,NA,NA,unknown,self_alias,0.94,self
novago therapeutics,NovaGo Therapeutics,NA,NA,unknown,self_alias,0.94,self
novalgen,NovalGen,NA,NA,unknown,self_alias,0.94,self
novalon,Novalon,NA,NA,unknown,self_alias,0.94,self
novartis,Novartis,Novartis,Novartis,industry,llm_curated,1,NA
novartis ag,Novartis,Novartis,Novartis,industry,llm_curated,1,NA
novartis oncology,Novartis,Novartis,Novartis,industry,llm_curated,1,NA
novartis pharma,Novartis,Novartis,Novartis,industry,llm_curated,1,NA
novartis pharma ag,Novartis,Novartis,Novartis,industry,llm_curated,1,NA
novarx,NovaRx,NA,NA,unknown,self_alias,0.94,self
novatreat,Novatreat,NA,NA,unknown,self_alias,0.94,self
novavax,Novavax,NA,NA,unknown,self_alias,0.94,self
novelos therapeutics,NOVELOS Therapeutics,NA,NA,unknown,self_alias,0.94,self
noven pharmaceuticals,Noven Pharmaceuticals,NA,NA,unknown,self_alias,0.94,self
novimmune,NovImmune,NA,NA,unknown,self_alias,0.94,self
novimmune sa,NovImmune,NA,NA,NA,ctis_businesskey,0.95,NA
novo nordisk,Novo Nordisk,Novo Nordisk,Novo Nordisk,industry,llm_curated,1,NA
novo nordisk as,Novo Nordisk,Novo Nordisk,Novo Nordisk,industry,llm_curated,1,NA
novocure,Novocure,NA,NA,unknown,self_alias,0.94,self
novosis,NOVOSIS,NA,NA,unknown,self_alias,0.94,self
noxopharm,Noxopharm,NA,NA,unknown,self_alias,0.94,self
noxxon pharma,NOXXON Pharma,NA,NA,unknown,self_alias,0.94,self
npo petrovax pharm,NPO Petrovax Pharm,NA,NA,unknown,self_alias,0.94,self
nps allelix,NPS Allelix,NA,NA,unknown,self_alias,0.94,self
nrg therapeutics,NRG Therapeutics,NA,NA,unknown,self_alias,0.94,self
ns pharma,NS Pharma,NA,NA,unknown,self_alias,0.94,self
nsabp foundation,NSABP Foundation,NA,NA,foundation,self_alias,0.94,self
nsc therapeutics,NSC Therapeutics,NA,NA,unknown,self_alias,0.94,self
nsgo clinical trial unit,NSGO Clinical Trial Unit,NA,NA,cooperative_group,self_alias,0.94,self
ntc,NTC,NA,NA,unknown,self_alias,0.94,self
nu-sjukvarden norra alvsborgs lanssjukhus,NU-Sjukvården Norra Älvsborgs Länssjukhus,NA,NA,unknown,self_alias,0.94,self
nucana,NuCana,NA,NA,unknown,self_alias,0.94,self
nucleo de estudos de hipertensao da beira interior,Núcleo de Estudos de Hipertensão da Beira Interior,NA,NA,unknown,self_alias,0.94,self
nucleus medical,Nucleus Medical,NA,NA,unknown,self_alias,0.94,self
numab therapeutics,Numab Therapeutics,NA,NA,unknown,self_alias,0.94,self
numico research,Numico Research,NA,NA,unknown,self_alias,0.94,self
nuon therapeutics,Nuon Therapeutics,NA,NA,unknown,self_alias,0.94,self
nurix therapeutics,Nurix Therapeutics,NA,NA,unknown,self_alias,0.94,self
nuron biotech,Nuron Biotech,NA,NA,unknown,self_alias,0.94,self
nutricion medica,Nutrición Medica,NA,NA,unknown,self_alias,0.94,self
nutrition science partners,Nutrition Science Partners,NA,NA,unknown,self_alias,0.94,self
nuvalent,Nuvalent,NA,NA,unknown,self_alias,0.94,self
nuvectis pharma,Nuvectis Pharma,NA,NA,unknown,self_alias,0.94,self
nuvig therapeutics,Nuvig Therapeutics,NA,NA,unknown,self_alias,0.94,self
nuvo pharmaceuticals,Nuvo Pharmaceuticals,NA,NA,unknown,self_alias,0.94,self
nuvo research,Nuvo Research,NA,NA,unknown,self_alias,0.94,self
nv organon,Organon,Organon,Organon,industry,llm_curated,1,NA
nx development,NX Development,NA,NA,unknown,self_alias,0.94,self
nykode therapeutics,Nykode Therapeutics,NA,NA,unknown,self_alias,0.94,self
oa dr philipp becker c/o abteilung fur wirbelsaulenchirurgie orthopadisches spital speising gmbh,Orthopädisches Spital Speising,NA,NA,hospital,llm_curated,1,NA
oasmia pharmaceutical,Oasmia Pharmaceutical,NA,NA,unknown,self_alias,0.94,self
obctcd-24,OBCTCD-24,NA,NA,unknown,self_alias,0.94,self
obi pharma,Obi Pharma,NA,NA,unknown,self_alias,0.94,self
obseva,ObsEva,NA,NA,unknown,self_alias,0.94,self
ocera therapeutics,Ocera Therapeutics,NA,NA,unknown,self_alias,0.94,self
octimet oncology,OCTIMET Oncology,NA,NA,unknown,self_alias,0.94,self
ocumension hong kong,Ocumension Hong Kong,NA,NA,unknown,self_alias,0.94,self
ocus innovation ireland,Ocus Innovation Ireland,NA,NA,unknown,self_alias,0.94,self
odense universitets hospital,Odense University Hospital,NA,NA,hospital,llm_curated,1,NA
odense universitetshospital,Odense University Hospital,Odense University Hospital,Odense University Hospital,hospital,llm_curated,1,NA
odense university hosipital,Odense University Hospital,NA,NA,hospital,llm_curated,1,NA
odense university hospital,Odense University Hospital,Odense University Hospital,Odense University Hospital,hospital,llm_curated,1,NA
odyssey therapeutics,Odyssey Therapeutics,NA,NA,unknown,self_alias,0.94,self
ohb neonatology,Ohb Neonatology,NA,NA,unknown,self_alias,0.94,self
oils4cure,Oils4Cure,NA,NA,unknown,self_alias,0.94,self
olainfarm,Olainfarm,NA,NA,unknown,self_alias,0.94,self
olatec therapeutics,Olatec Therapeutics,NA,NA,unknown,self_alias,0.94,self
olema pharmaceuticals,Olema Pharmaceuticals,NA,NA,unknown,self_alias,0.94,self
olpha,Olpha,NA,NA,unknown,self_alias,0.94,self
olympus biotech europe,Olympus Biotech Europe,NA,NA,unknown,self_alias,0.94,self
om pharma sa,OM Pharma,NA,NA,NA,ctis_businesskey,0.95,NA
omega pharma,Omega Pharma,NA,NA,unknown,self_alias,0.94,self
omeicos therapeutics,OMEICOS Therapeutics,NA,NA,unknown,self_alias,0.94,self
omeros,Omeros,NA,NA,unknown,self_alias,0.94,self
omikron italia,Omikron Italia,NA,NA,unknown,self_alias,0.94,self
omninvest,Omninvest,NA,NA,unknown,self_alias,0.94,self
omrix biopharmaceuticals,OMRIX Biopharmaceuticals,NA,NA,unknown,self_alias,0.94,self
omthera pharmaceutical,Omthera Pharmaceutical,NA,NA,unknown,self_alias,0.94,self
on target laboratories,On Target Laboratories,NA,NA,unknown,self_alias,0.94,self
ona therapeutics,Ona Therapeutics,NA,NA,unknown,self_alias,0.94,self
oncobiologics,Oncobiologics,NA,NA,unknown,self_alias,0.94,self
oncoc4,Oncoc4,NA,NA,unknown,self_alias,0.94,self
oncoethix,Oncoethix,NA,NA,unknown,self_alias,0.94,self
oncogenex technologies,OncoGenex Technologies,NA,NA,unknown,self_alias,0.94,self
oncoinvent,Oncoinvent,NA,NA,NA,self_alias,0.94,self
oncoinvent asa,Oncoinvent,NA,NA,NA,ctis_businesskey,0.95,NA
oncology venture,Oncology Venture,NA,NA,unknown,self_alias,0.94,self
oncolytics biotech,Oncolytics Biotech,NA,NA,unknown,self_alias,0.94,self
oncomatryx biopharma,Oncomatryx Biopharma,NA,NA,NA,self_alias,0.94,self
oncomatryx biopharma s l,Oncomatryx Biopharma,NA,NA,NA,ctis_businesskey,0.95,NA
oncomed pharmaceuticals,OncoMed Pharmaceuticals,NA,NA,unknown,self_alias,0.94,self
onconova therapeutics,Onconova Therapeutics,NA,NA,unknown,self_alias,0.94,self
oncopeptides,Oncopeptides,NA,NA,unknown,self_alias,0.94,self
oncorena,Oncorena,NA,NA,unknown,self_alias,0.94,self
oncoresponse,OncoResponse,NA,NA,unknown,self_alias,0.94,self
oncoscience,Oncoscience,NA,NA,unknown,self_alias,0.94,self
oncosec medical,OncoSec Medical,NA,NA,unknown,self_alias,0.94,self
oncostellae,ONCOSTELLAE,NA,NA,unknown,self_alias,0.94,self
oncosyne,Oncosyne,NA,NA,unknown,self_alias,0.94,self
oncoverity,Oncoverity,NA,NA,NA,self_alias,0.94,self
oncoverity inc,Oncoverity,NA,NA,NA,ctis_businesskey,0.95,NA
oncozenge,OncoZenge,NA,NA,unknown,self_alias,0.94,self
oncozyme pharma,Oncozyme Pharma,NA,NA,unknown,self_alias,0.94,self
oncternal therapeutics,Oncternal Therapeutics,NA,NA,unknown,self_alias,0.94,self
oncusp therapeutics,Oncusp Therapeutics,NA,NA,unknown,self_alias,0.94,self
oncxerna therapeutics,OncXerna Therapeutics,NA,NA,unknown,self_alias,0.94,self
one-carbon therapeutics,One-carbon Therapeutics,NA,NA,unknown,self_alias,0.94,self
onepharm research and development,onepharm Research & Development,NA,NA,unknown,self_alias,0.94,self
onkure,Onkure,NA,NA,unknown,self_alias,0.94,self
ono pharmaceutical co,Ono Pharmaceutical Co.,NA,NA,unknown,self_alias,0.94,self
onyvax,Onyvax,NA,NA,unknown,self_alias,0.94,self
opera,OPERA,NA,NA,unknown,self_alias,0.94,self
ophthotech,Ophthotech,NA,NA,unknown,self_alias,0.94,self
opiant pharmaceuticals,Opiant Pharmaceuticals,NA,NA,unknown,self_alias,0.94,self
opko biologics,OPKO Biologics,NA,NA,unknown,self_alias,0.94,self
opko health,OPKO Health,NA,NA,unknown,self_alias,0.94,self
opocrin,Opocrin,NA,NA,unknown,self_alias,0.94,self
oppilan pharma,Oppilan Pharma,NA,NA,unknown,self_alias,0.94,self
opsona therapeutics,Opsona Therapeutics,NA,NA,unknown,self_alias,0.94,self
opterion health,OPTERION Health,NA,NA,unknown,self_alias,0.94,self
optimer pharmaceuticals,Optimer Pharmaceuticals,NA,NA,unknown,self_alias,0.94,self
optinose,OptiNose,NA,NA,unknown,self_alias,0.94,self
oractive swiss,Oractive Swiss,NA,NA,unknown,self_alias,0.94,self
oragenics,Oragenics,NA,NA,unknown,self_alias,0.94,self
oramed pharmaceuticals,Oramed Pharmaceuticals,NA,NA,unknown,self_alias,0.94,self
orapharma,OraPharma,NA,NA,unknown,self_alias,0.94,self
orasis pharmaceuticals,Orasis Pharmaceuticals,NA,NA,unknown,self_alias,0.94,self
orbus international,Orbus International,NA,NA,unknown,self_alias,0.94,self
orbus therapeutics,Orbus Therapeutics,NA,NA,unknown,self_alias,0.94,self
orbusneich medical,OrbusNeich Medical,NA,NA,unknown,self_alias,0.94,self
orchard therapeutics,Orchard Therapeutics,NA,NA,unknown,self_alias,0.94,self
ordensklinikum linz,Ordensklinikum Linz,NA,NA,hospital,self_alias,0.94,self
ordensklinikum linz gmbh elisabethinen interne 3,Ordensklinikum Linz,NA,NA,hospital,llm_curated,1,NA
ordensklinikum linz krankenhaus der elisabethinen linz,Ordensklinikum Linz,NA,NA,hospital,llm_curated,1,NA
orebro lans landsting,Örebro Läns Landsting,NA,NA,public_body,self_alias,0.94,self
orebro university hospital,Örebro University Hospital,NA,NA,hospital,self_alias,0.94,self
orexa,Orexa,NA,NA,unknown,self_alias,0.94,self
orexo,Orexo,NA,NA,unknown,self_alias,0.94,self
organisation for research and treatment of cancer,EORTC,EORTC,EORTC,cooperative_group,llm_curated,1,NA
organon,Organon,Organon,Organon,industry,llm_curated,0.9,NA
oric pharmaceuticals,ORIC Pharmaceuticals,NA,NA,unknown,self_alias,0.94,self
oriel therapeutics,Oriel Therapeutics,NA,NA,unknown,self_alias,0.94,self
origin biosciences,Origin Biosciences,NA,NA,unknown,self_alias,0.94,self
orphanetics pharma entwicklungs-,ORPHANETICS Pharma Entwicklungs-,NA,NA,unknown,self_alias,0.94,self
orphazyme,Orphazyme,NA,NA,unknown,self_alias,0.94,self
ortho biotech,Janssen,Johnson & Johnson,Janssen / Johnson & Johnson,industry,llm_curated,1,NA
orthocell pty,OrthoCell Pty,NA,NA,unknown,self_alias,0.94,self
orthopaedic surgery unit northern jutland,Orthopaedic Surgery Unit Northern Jutland,NA,NA,unknown,self_alias,0.94,self
orthopädisches spital speising,Orthopädisches Spital Speising,NA,NA,hospital,llm_curated,1,NA
oryx,Oryx,NA,NA,unknown,self_alias,0.94,self
oryzon genomics,Oryzon Genomics,NA,NA,unknown,self_alias,0.94,self
oscotec,Oscotec,NA,NA,unknown,self_alias,0.94,self
osi eyetech,OSI Eyetech,NA,NA,unknown,self_alias,0.94,self
osi pharmaceuticals,OSI Pharmaceuticals,NA,NA,unknown,self_alias,0.94,self
osiris therapeutics,Osiris Therapeutics,NA,NA,unknown,self_alias,0.94,self
oslo universitetssykehus,Oslo University Hospital,NA,NA,hospital,llm_curated,1,NA
oslo university hospital,Oslo University Hospital,Oslo University Hospital,Oslo University Hospital,hospital,llm_curated,1,NA
osmotica pharmaceutical,Osmotica Pharmaceutical,NA,NA,unknown,self_alias,0.94,self
ospedale cardinale giovanni panico,Ospedale Cardinale Giovanni Panico,NA,NA,hospital,self_alias,0.94,self
ospedale civile san salvatore,Ospedale Civile San Salvatore,NA,NA,hospital,self_alias,0.94,self
ospedale luigi sacco - azienda ospedaliera-polo universitario,Ospedale Luigi Sacco - Azienda Ospedaliera-Polo Universitario,NA,NA,hospital,self_alias,0.94,self
ospedale pediatrico bambino gesu,Ospedale Pediatrico Bambino Gesù,Ospedale Pediatrico Bambino Gesù,Ospedale Pediatrico Bambino Gesù,hospital,llm_curated,1,NA
ospedale s raffaele,Ospedale San Raffaele,Ospedale San Raffaele,Ospedale San Raffaele,hospital,llm_curated,1,NA
ospedale sacro cuore don calabria,Ospedale Sacro Cuore Don Calabria,NA,NA,hospital,self_alias,0.94,self
ospedale san raffaele,Ospedale San Raffaele,Ospedale San Raffaele,Ospedale San Raffaele,hospital,llm_curated,1,NA
ospedale santa maria della misericordia,Ospedale Santa Maria della Misericordia,NA,NA,hospital,llm_curated,1,NA
osteologix,Osteologix,NA,NA,unknown,self_alias,0.94,self
othair prothena,Othair Prothena,NA,NA,unknown,self_alias,0.94,self
otonomy,Otonomy,NA,NA,unknown,self_alias,0.94,self
otsuka,Otsuka Pharmaceutical,Otsuka Pharmaceutical,Otsuka Pharmaceutical,industry,llm_curated,0.9,NA
otsuka pharmaceutical,Otsuka Pharmaceutical,Otsuka Pharmaceutical,Otsuka Pharmaceutical,industry,llm_curated,1,NA
otsuka pharmaceutical development and commercialization inc,Otsuka Pharmaceutical,Otsuka Pharmaceutical,Otsuka Pharmaceutical,industry,llm_curated,1,NA
ottimo pharma,Ottimo Pharma,NA,NA,unknown,self_alias,0.94,self
otto-von-guericke-universitt magdeburg,Otto-von-Guericke-Universität Magdeburg,NA,NA,academic,llm_curated,1,NA
ouro medicines,Ouro Medicines,NA,NA,unknown,self_alias,0.94,self
ovid therapeutics,Ovid Therapeutics,NA,NA,unknown,self_alias,0.94,self
owlstone medical,Owlstone Medical,NA,NA,unknown,self_alias,0.94,self
oxagen,Oxagen,NA,NA,unknown,self_alias,0.94,self
oxcia,Oxcia,NA,NA,unknown,self_alias,0.94,self
oxford miomedica uk,Oxford MioMedica UK,NA,NA,unknown,self_alias,0.94,self
oxford university hospitals nhs foundation trust,Oxford University Hospitals NHS Foundation Trust,NA,NA,hospital,llm_curated,1,NA
oxigene,OXiGENE,NA,NA,unknown,self_alias,0.94,self
oxion biologics,Oxion Biologics,NA,NA,unknown,self_alias,0.94,self
oxolife,Oxolife,NA,NA,unknown,self_alias,0.94,self
oxthera intellectual property,OxThera Intellectual Property,NA,NA,unknown,self_alias,0.94,self
oxular,Oxular,NA,NA,unknown,self_alias,0.94,self
oxurion,Oxurion,NA,NA,unknown,self_alias,0.94,self
oxypharma,OxyPharma,NA,NA,unknown,self_alias,0.94,self
oxytone bioscience,Oxytone Bioscience,NA,NA,unknown,self_alias,0.94,self
pacira pharmaceuticals,Pacira Pharmaceuticals,NA,NA,unknown,self_alias,0.94,self
paion pharma,Paion Pharma,NA,NA,unknown,self_alias,0.94,self
paion uk ltd / acacia pharma,PAION UK Ltd / Acacia Pharma,NA,NA,unknown,self_alias,0.94,self
palatin technologies,Palatin Technologies,NA,NA,unknown,self_alias,0.94,self
palau pharma,Palau Pharma,NA,NA,unknown,self_alias,0.94,self
palladio biosciences,Palladio Biosciences,NA,NA,unknown,self_alias,0.94,self
palleos healthcare,Palleos healthcare,NA,NA,unknown,self_alias,0.94,self
palobiofarma,PaloBiofarma,NA,NA,unknown,self_alias,0.94,self
palupa medical,PALUPA Medical,NA,NA,unknown,self_alias,0.94,self
panacea biotec,Panacea Biotec,NA,NA,unknown,self_alias,0.94,self
panin,Panin,NA,NA,unknown,self_alias,0.94,self
pannon reprodukcios intezet,Pannon Reprodukciós Intézet,NA,NA,unknown,self_alias,0.94,self
pannonpharma,PannonPharma,NA,NA,unknown,self_alias,0.94,self
panoptica,PanOptica,NA,NA,unknown,self_alias,0.94,self
pantec biosolutions,Pantec Biosolutions,NA,NA,unknown,self_alias,0.94,self
paratech,ParaTech,NA,NA,unknown,self_alias,0.94,self
paratek pharma,Paratek Pharma,NA,NA,unknown,self_alias,0.94,self
paratek pharmaceuticals,Paratek Pharmaceuticals,NA,NA,unknown,self_alias,0.94,self
parc de salut mar,Parc De Salut Mar,NA,NA,NA,ctis_businesskey,0.95,NA
paringenix,ParinGenix,NA,NA,unknown,self_alias,0.94,self
parion sciences,Parion Sciences,NA,NA,unknown,self_alias,0.94,self
paripharma,PARIPharma,NA,NA,unknown,self_alias,0.94,self
paris lodron universitat salzburg,Paris Lodron Universität Salzburg,NA,NA,unknown,self_alias,0.94,self
parnassia groep,Parnassia Groep,NA,NA,unknown,self_alias,0.94,self
partner therapeutics,Partner Therapeutics,NA,NA,unknown,self_alias,0.94,self
pascoe pharmazeutische praparate,Pascoe pharmazeutische Präparate,NA,NA,industry,self_alias,0.94,self
pascoe pharmazeutische prparate gmbh,Pascoe pharmazeutische Präparate,NA,NA,industry,llm_curated,1,NA
pasithea therapeutics,Pasithea Therapeutics,NA,NA,unknown,self_alias,0.94,self
passage bio,Passage Bio,NA,NA,unknown,self_alias,0.94,self
pathalys pharma,Pathalys Pharma,NA,NA,unknown,self_alias,0.94,self
patheon softgels,Patheon Softgels,NA,NA,unknown,self_alias,0.94,self
pathios therapeutics,Pathios Therapeutics,NA,NA,unknown,self_alias,0.94,self
pbkm - polski bank komorek macierzystych,PBKM - Polski Bank Komórek Macierzystych,NA,NA,unknown,self_alias,0.94,self
pci biotech,PCI Biotech,NA,NA,unknown,self_alias,0.94,self
pdiatrische endokrinologie universittsmedizin berlin charit,Charité Universitätsmedizin Berlin,Charité Universitätsmedizin Berlin,Charité Universitätsmedizin Berlin,hospital,llm_curated,1,NA
pdl biopharma,PDL BioPharma,NA,NA,unknown,self_alias,0.94,self
peaches biotech,Peaches Biotech,NA,NA,unknown,self_alias,0.94,self
pearl therapeutics,Pearl Therapeutics,NA,NA,unknown,self_alias,0.94,self
pellepharm,PellePharm,NA,NA,unknown,self_alias,0.94,self
peloton therapeutics,Peloton Therapeutics,NA,NA,unknown,self_alias,0.94,self
peninsula pharmaceuticals,Peninsula Pharmaceuticals,NA,NA,unknown,self_alias,0.94,self
pennine acute nhs trust,Pennine Acute NHS Trust,NA,NA,hospital,self_alias,0.94,self
pentixapharm,PentixaPharm,NA,NA,unknown,self_alias,0.94,self
peptimmune,PEPTIMMUNE,NA,NA,unknown,self_alias,0.94,self
peptomyc,Peptomyc,NA,NA,unknown,self_alias,0.94,self
peptonic medical,Peptonic Medical,NA,NA,unknown,self_alias,0.94,self
per logstrup poulsen,Per Løgstrup Poulsen,NA,NA,unknown,self_alias,0.94,self
peregrine pharmaceuticals,Peregrine Pharmaceuticals,NA,NA,unknown,self_alias,0.94,self
pergamum,Pergamum,NA,NA,unknown,self_alias,0.94,self
perioc,PerioC,NA,NA,unknown,self_alias,0.94,self
periotrap pharmaceuticals,PerioTrap Pharmaceuticals,NA,NA,unknown,self_alias,0.94,self
perle bioscience,Perle Bioscience,NA,NA,unknown,self_alias,0.94,self
perrigo israel pharmaceuticals,Perrigo Israel Pharmaceuticals,NA,NA,unknown,self_alias,0.94,self
peter wolf md department of dermatology medical university of graz,Medical University Of Graz,NA,NA,unknown,llm_curated,1,NA
pethema fundacion,Pethema Fundacion,NA,NA,NA,ctis_businesskey,0.95,NA
pfizer,Pfizer,Pfizer,Pfizer,industry,llm_curated,1,NA
pfizer inc,Pfizer,Pfizer,Pfizer,industry,llm_curated,1,NA
pfizer limited,Pfizer,Pfizer,Pfizer,industry,llm_curated,1,NA
ph pharma,pH Pharma,NA,NA,unknown,self_alias,0.94,self
phafag,Phafag,NA,NA,unknown,self_alias,0.94,self
pharm pharmaceutical research management,PHARM Pharmaceutical Research Management,NA,NA,unknown,self_alias,0.94,self
pharma 2100,Pharma 2100,NA,NA,unknown,self_alias,0.94,self
pharma holdings,Pharma Holdings,NA,NA,unknown,self_alias,0.94,self
pharma nord,Pharma Nord,NA,NA,unknown,self_alias,0.94,self
pharma start,Pharma Start,NA,NA,unknown,self_alias,0.94,self
pharma stulln,Pharma Stulln,NA,NA,unknown,self_alias,0.94,self
pharma two b,Pharma Two B,NA,NA,unknown,self_alias,0.94,self
pharmaand,pharmaand,NA,NA,unknown,self_alias,0.94,self
pharmaceutical research network,Pharmaceutical Research Network,NA,NA,cooperative_group,self_alias,0.94,self
pharmachemie,Pharmachemie,NA,NA,unknown,self_alias,0.94,self
pharmacia and upjohn,Pharmacia & Upjohn,NA,NA,unknown,self_alias,0.94,self
pharmacosmos,Pharmacosmos,NA,NA,unknown,self_alias,0.94,self
pharmaengine,PharmaEngine,NA,NA,unknown,self_alias,0.94,self
pharmaleads,Pharmaleads,NA,NA,unknown,self_alias,0.94,self
pharmalink,Pharmalink,NA,NA,unknown,self_alias,0.94,self
pharmamel,Pharmamel,NA,NA,unknown,self_alias,0.94,self
pharmanest,Pharmanest,NA,NA,unknown,self_alias,0.94,self
pharmanord uk,Pharmanord UK,NA,NA,unknown,self_alias,0.94,self
pharmanutra,Pharmanutra,NA,NA,unknown,self_alias,0.94,self
pharmaplot,Pharmaplot,NA,NA,unknown,self_alias,0.94,self
pharmapnea,Pharmapnea,NA,NA,unknown,self_alias,0.94,self
pharmarama international,Pharmarama International,NA,NA,unknown,self_alias,0.94,self
pharmascience,Pharmascience,NA,NA,unknown,self_alias,0.94,self
pharmasset,Pharmasset,NA,NA,unknown,self_alias,0.94,self
pharmatrophix,Pharmatrophix,NA,NA,unknown,self_alias,0.94,self
pharmavax,Pharmavax,NA,NA,unknown,self_alias,0.94,self
pharmaxis,Pharmaxis,NA,NA,unknown,self_alias,0.94,self
pharmazam,Pharmazam,NA,NA,unknown,self_alias,0.94,self
pharmazeutische fabrik evers and co,Pharmazeutische Fabrik Evers & Co.,NA,NA,unknown,self_alias,0.94,self
pharmazz eu,Pharmazz EU,NA,NA,unknown,self_alias,0.94,self
pharmed holding,pharmed holding,NA,NA,unknown,self_alias,0.94,self
pharmexa,Pharmexa,NA,NA,unknown,self_alias,0.94,self
pharming group,Pharming Group,NA,NA,unknown,self_alias,0.94,self
pharming technologies,Pharming Technologies,NA,NA,unknown,self_alias,0.94,self
pharmion,Pharmion,NA,NA,unknown,self_alias,0.94,self
pharmnovo,Pharmnovo,NA,NA,unknown,self_alias,0.94,self
pharmos,Pharmos,NA,NA,unknown,self_alias,0.94,self
pharos pharmaceutical oriented services single member,PharOS Pharmaceutical Oriented Services Single Member,NA,NA,unknown,self_alias,0.94,self
pharos pharmaceutical oriented servises ltd / ccdrd cooperative clinical drug research and development,PharOS Pharmaceutical Oriented Servises Ltd. / CCDRD Cooperative Clinical Drug Research and Development,NA,NA,unknown,self_alias,0.94,self
pharvaris netherlands,Pharvaris Netherlands,NA,NA,unknown,self_alias,0.94,self
phasebio pharmaceuticals,PhaseBio Pharmaceuticals,NA,NA,unknown,self_alias,0.94,self
phathom pharmaceuticals,Phathom Pharmaceuticals,NA,NA,unknown,self_alias,0.94,self
phaxiam therapeutics,Phaxiam Therapeutics,NA,NA,NA,ctis_businesskey,0.95,NA
phenex pharmaceuticals,Phenex Pharmaceuticals,NA,NA,unknown,self_alias,0.94,self
phenomix,Phenomix,NA,NA,unknown,self_alias,0.94,self
phenonet,Phenonet,NA,NA,unknown,self_alias,0.94,self
pheon therapeutics,Pheon Therapeutics,NA,NA,unknown,self_alias,0.94,self
pherecydes pharma,Pherecydes Pharma,NA,NA,unknown,self_alias,0.94,self
philikos,Philikos,NA,NA,unknown,self_alias,0.94,self
philogen,Philogen,NA,NA,unknown,self_alias,0.94,self
phnix laboratorium,Phnix Laboratorium,NA,NA,unknown,self_alias,0.94,self
phoenux,Phoenux,NA,NA,unknown,self_alias,0.94,self
photocure,Photocure,NA,NA,unknown,self_alias,0.94,self
photonamic,Photonamic,NA,NA,unknown,self_alias,0.94,self
phytopharm,Phytopharm,NA,NA,unknown,self_alias,0.94,self
pia jager,Pia Jäger,NA,NA,unknown,self_alias,0.94,self
piam farmaceutici,PIAM Farmaceutici,NA,NA,unknown,self_alias,0.94,self
pieris pharmaceuticals,Pieris Pharmaceuticals,NA,NA,unknown,self_alias,0.94,self
pierre fabre,Pierre Fabre,Pierre Fabre,Pierre Fabre,industry,llm_curated,1,NA
pierre fabre medicament,Pierre Fabre,Pierre Fabre,Pierre Fabre,industry,llm_curated,1,NA
pierrel research europe,Pierrel Research Europe,NA,NA,unknown,self_alias,0.94,self
piqur therapeutics,PIQUR Therapeutics,NA,NA,unknown,self_alias,0.94,self
piramal imaging,Piramal Imaging,NA,NA,unknown,self_alias,0.94,self
piramal life sciences,Piramal Life Sciences,NA,NA,unknown,self_alias,0.94,self
pkh-pharmazeutische kontroll- und herstellungslabor,PKH-Pharmazeutische Kontroll- und Herstellungslabor,NA,NA,unknown,self_alias,0.94,self
pledpharma,PledPharma,NA,NA,unknown,self_alias,0.94,self
plethora solutions,Plethora Solutions,NA,NA,unknown,self_alias,0.94,self
plexxikon,Plexxikon,NA,NA,unknown,self_alias,0.94,self
pliant therapeutics,Pliant Therapeutics,NA,NA,unknown,self_alias,0.94,self
pliva hrvatska,PLIVA Hrvatska,NA,NA,unknown,self_alias,0.94,self
pliva research and development,PLIVA Research and Development,NA,NA,unknown,self_alias,0.94,self
pluristem,Pluristem,NA,NA,unknown,self_alias,0.94,self
pmv pharmaceuticals,Pmv Pharmaceuticals,NA,NA,unknown,self_alias,0.94,self
point biopharma,Point Biopharma,NA,NA,unknown,self_alias,0.94,self
polichem,Polichem,NA,NA,unknown,self_alias,0.94,self
policlinica nuestra senora del rosario,Policlínica Nuestra Señora del Rosario,NA,NA,unknown,self_alias,0.94,self
policlinico di bari,Policlinico di Bari,NA,NA,hospital,self_alias,0.94,self
polpharma,Polpharma,NA,NA,unknown,self_alias,0.94,self
poltreg,Poltreg,NA,NA,unknown,self_alias,0.94,self
polymedix,PolyMedix,NA,NA,unknown,self_alias,0.94,self
polyneuron pharmaceuticals,Polyneuron Pharmaceuticals,NA,NA,unknown,self_alias,0.94,self
polyphor,Polyphor,NA,NA,unknown,self_alias,0.94,self
polypid,Polypid,NA,NA,unknown,self_alias,0.94,self
poniard pharmaceuticals,Poniard Pharmaceuticals,NA,NA,unknown,self_alias,0.94,self
pontificia universidad catolica de chile,Pontificia Universidad Católica de Chile,NA,NA,academic,self_alias,0.94,self
portola pharmaceuticals,Portola Pharmaceuticals,NA,NA,unknown,self_alias,0.94,self
poznan university of medical sciences,Poznań University of Medical Sciences,NA,NA,unknown,self_alias,0.94,self
ppm services,Ppm Services,NA,NA,unknown,self_alias,0.94,self
praxis pharmaceutical,Praxis Pharmaceutical,NA,NA,unknown,self_alias,0.94,self
praxis precision medicines,Praxis Precision Medicines,NA,NA,unknown,self_alias,0.94,self
prcl research,PRCL Research,NA,NA,unknown,self_alias,0.94,self
precision biosciences,Precision Biosciences,NA,NA,unknown,self_alias,0.94,self
preglem,PregLem,NA,NA,unknown,self_alias,0.94,self
prelude therapeutics,Prelude Therapeutics,NA,NA,unknown,self_alias,0.94,self
premacure,Premacure,NA,NA,unknown,self_alias,0.94,self
prep biopharm,PrEP Biopharm,NA,NA,unknown,self_alias,0.94,self
prescient therapeutics,Prescient Therapeutics,NA,NA,unknown,self_alias,0.94,self
prestige biopharma,Prestige BioPharma,NA,NA,unknown,self_alias,0.94,self
presurgy,PRESURGY,NA,NA,unknown,self_alias,0.94,self
prevail therapeutics,Prevail Therapeutics,NA,NA,unknown,self_alias,0.94,self
prexton therapeutics,Prexton Therapeutics,NA,NA,unknown,self_alias,0.94,self
prilenia neurotherapeutics,Prilenia Neurotherapeutics,NA,NA,unknown,self_alias,0.94,self
priment clinical trials unit ucl,University College London,NA,NA,academic,llm_curated,1,NA
princess maxima center for pediatric oncology,Princess Maxima Center For Pediatric Oncology,NA,NA,NA,ctis_businesskey,0.95,NA
princess mxima center,Princess Maxima Center For Pediatric Oncology,NA,NA,hospital,llm_curated,1,NA
princess mxima center for pediatric oncology,Princess Maxima Center For Pediatric Oncology,NA,NA,hospital,llm_curated,1,NA
princess mxima center of pediatric oncology,Princess Maxima Center For Pediatric Oncology,NA,NA,hospital,llm_curated,1,NA
principe de asturias university hospital,Príncipe de Asturias University Hospital,NA,NA,hospital,self_alias,0.94,self
prinnovation,Prinnovation,NA,NA,unknown,self_alias,0.94,self
priovant therapeutics,Priovant Therapeutics,NA,NA,unknown,self_alias,0.94,self
pro aparts,Pro Aparts,NA,NA,unknown,self_alias,0.94,self
pro-actina,pro-ACTINA,NA,NA,unknown,self_alias,0.94,self
probelte pharma,Probelte Pharma,NA,NA,unknown,self_alias,0.94,self
probiodrug,Probiodrug,NA,NA,unknown,self_alias,0.94,self
prof b wiedenmann klinik fr gastroenterologie charit campus virchow,Charité Universitätsmedizin Berlin,Charité Universitätsmedizin Berlin,Charité Universitätsmedizin Berlin,hospital,llm_curated,1,NA
profem,Profem,NA,NA,unknown,self_alias,0.94,self
professor dmsc tina vilsboll,"Professor, DMSc Tina Vilsbøll",NA,NA,unknown,self_alias,0.94,self
professor jorgen berg dahl,Professor Jørgen Berg Dahl,NA,NA,unknown,self_alias,0.94,self
profil institut fur stoffwechselforschung gmbh,Profil Institut für Stoffwechselforschung GmbH,NA,NA,unknown,self_alias,0.94,self
profil institut fur stoffwechselforschung gmbh / paediatrisches forschungsnetzwerk,PROFIL Institut für Stoffwechselforschung GmbH / Paediatrisches Forschungsnetzwerk,NA,NA,unknown,self_alias,0.94,self
profil mainz,Profil Mainz,NA,NA,unknown,self_alias,0.94,self
profile pharma,Profile Pharma,NA,NA,unknown,self_alias,0.94,self
proge farm,Proge Farm,NA,NA,unknown,self_alias,0.94,self
progen pharmaceuticals,Progen Pharmaceuticals,NA,NA,unknown,self_alias,0.94,self
progenics pharmaceuticals,Progenics Pharmaceuticals,NA,NA,unknown,self_alias,0.94,self
projenx,Projenx,NA,NA,unknown,self_alias,0.94,self
prokrea bcn,Prokrea BCN,NA,NA,unknown,self_alias,0.94,self
prolong pharmaceuticals,Prolong Pharmaceuticals,NA,NA,unknown,self_alias,0.94,self
prolor biotech,PROLOR Biotech,NA,NA,unknown,self_alias,0.94,self
promedior,Promedior,NA,NA,unknown,self_alias,0.94,self
prometheus biosciences,Prometheus Biosciences,NA,NA,unknown,self_alias,0.94,self
prometic biosciences,ProMetic Biosciences,NA,NA,unknown,self_alias,0.94,self
prometic biotherapeutics,ProMetic BioTherapeutics,NA,NA,unknown,self_alias,0.94,self
promius pharma,Promius Pharma,NA,NA,unknown,self_alias,0.94,self
promo international,Promo International,NA,NA,unknown,self_alias,0.94,self
promontory therapeutics,Promontory Therapeutics,NA,NA,unknown,self_alias,0.94,self
promore pharma,Promore Pharma,NA,NA,unknown,self_alias,0.94,self
pronai therapeutics,ProNAi Therapeutics,NA,NA,unknown,self_alias,0.94,self
proreo pharma innovation,Proreo Pharma Innovation,NA,NA,unknown,self_alias,0.94,self
prosensa therapeutics,Prosensa Therapeutics,NA,NA,unknown,self_alias,0.94,self
prosidion,Prosidion,NA,NA,unknown,self_alias,0.94,self
prosonix,Prosonix,NA,NA,unknown,self_alias,0.94,self
prospect therapeutics,Prospect Therapeutics,NA,NA,unknown,self_alias,0.94,self
prostalundoperations,ProstaLundOperations,NA,NA,unknown,self_alias,0.94,self
prostrakan,ProStrakan,NA,NA,unknown,self_alias,0.94,self
protagenic therapeutics,Protagenic Therapeutics,NA,NA,unknown,self_alias,0.94,self
protagonist therapeutics,Protagonist Therapeutics,NA,NA,unknown,self_alias,0.94,self
protalix biotherapeutics,Protalix BioTherapeutics,NA,NA,industry,llm_curated,1,NA
protara therapeutics,Protara Therapeutics,NA,NA,unknown,self_alias,0.94,self
protein design labs,Protein Design Labs,NA,NA,unknown,self_alias,0.94,self
proteo biotech,Proteo Biotech,NA,NA,unknown,self_alias,0.94,self
prothena biosciences,Prothena Biosciences,NA,NA,unknown,self_alias,0.94,self
prothena therapeutics,Prothena Therapeutics,NA,NA,unknown,self_alias,0.94,self
protherics development medicines,Protherics Development Medicines,NA,NA,unknown,self_alias,0.94,self
protherics medicines development,Protherics Medicines Development,NA,NA,unknown,self_alias,0.94,self
protherics salt lake city,Protherics Salt Lake City,NA,NA,unknown,self_alias,0.94,self
prothya biosolutions,Prothya Biosolutions,NA,NA,unknown,self_alias,0.94,self
proveca pharma,Proveca Pharma,NA,NA,unknown,self_alias,0.94,self
provectus biopharmaceuticals,Provectus Biopharmaceuticals,NA,NA,unknown,self_alias,0.94,self
provention bio,Provention Bio,NA,NA,unknown,self_alias,0.94,self
provepharm,Provepharm,NA,NA,unknown,self_alias,0.94,self
provexis,Provexis,NA,NA,unknown,self_alias,0.94,self
provident clinical research and consulting,Provident Clinical Research & Consulting,NA,NA,unknown,self_alias,0.94,self
provincia lombardo veneta dell'ordine ospedaliero di san giovanni di dio,Provincia Lombardo Veneta dell'Ordine Ospedaliero di San Giovanni di Dio,NA,NA,unknown,self_alias,0.94,self
provincia religiosa di s pietro ordine ospedaliero san giovanni di dio,Provincia Religiosa di S.Pietro Ordine Ospedaliero San Giovanni di Dio,NA,NA,unknown,self_alias,0.94,self
proximagen,Proximagen,NA,NA,unknown,self_alias,0.94,self
psicofundacion - fundacion espanola para promocion desarrollo cientifico y profesional de la psicologia,"Psicofundación - Fundación Española para Promoción, Desarrollo Científico y Profesional de la Psicología",NA,NA,unknown,self_alias,0.94,self
psioxus therapeutics,PsiOxus Therapeutics,NA,NA,unknown,self_alias,0.94,self
psivida,pSivida,NA,NA,unknown,self_alias,0.94,self
psyadon pharmaceuticals,Psyadon Pharmaceuticals,NA,NA,unknown,self_alias,0.94,self
psychogenics,PsychoGenics,NA,NA,unknown,self_alias,0.94,self
ptc therapeutics,PTC Therapeutics,NA,NA,unknown,self_alias,0.94,self
puleva biotech,Puleva Biotech,NA,NA,unknown,self_alias,0.94,self
pulmatrix,Pulmatrix,NA,NA,unknown,self_alias,0.94,self
pulmocide,Pulmocide,NA,NA,unknown,self_alias,0.94,self
pulmotect,Pulmotect,NA,NA,unknown,self_alias,0.94,self
pulmovant,Pulmovant,NA,NA,unknown,self_alias,0.94,self
puma biotechnology,Puma Biotechnology,NA,NA,unknown,self_alias,0.94,self
puolustusvoimat sotilaslaaketieteen keskus,"Puolustusvoimat, Sotilaslääketieteen Keskus",NA,NA,unknown,self_alias,0.94,self
puretech lyt 100,PureTech LYT 100,NA,NA,unknown,self_alias,0.94,self
purgenesis techonologies,PurGenesis Techonologies,NA,NA,unknown,self_alias,0.94,self
pyxis oncology,Pyxis Oncology,NA,NA,unknown,self_alias,0.94,self
q-med,Q-Med,NA,NA,unknown,self_alias,0.94,self
q32 bio,Q32 Bio,NA,NA,unknown,self_alias,0.94,self
qed therapeutics,QED Therapeutics,NA,NA,unknown,self_alias,0.94,self
qilu pharmaceutical co,Qilu Pharmaceutical Co.,NA,NA,unknown,self_alias,0.94,self
qualiphar,Qualiphar,NA,NA,unknown,self_alias,0.94,self
qualix pharma,Qualix Pharma,NA,NA,unknown,self_alias,0.94,self
quark pharmaceuticals,Quark Pharmaceuticals,NA,NA,unknown,self_alias,0.94,self
queen mary university london,Queen Mary University of London,Queen Mary University of London,Queen Mary University of London,academic,llm_curated,1,NA
queen silvia children's and adolescents hospital,Queen Silvia Children's and Adolescents Hospital,NA,NA,hospital,self_alias,0.94,self
quell therapeutics,Quell Therapeutics,NA,NA,unknown,self_alias,0.94,self
quest pharmatech,QUEST Pharmatech,NA,NA,unknown,self_alias,0.94,self
quince therapeutics,Quince Therapeutics,NA,NA,unknown,self_alias,0.94,self
quralis,Quralis,NA,NA,unknown,self_alias,0.94,self
qurient co,Qurient Co.,NA,NA,unknown,self_alias,0.94,self
ra pharmaceuticals,Ra Pharmaceuticals,NA,NA,unknown,self_alias,0.94,self
radboud umc,Radboudumc,Radboudumc,Radboudumc,hospital,llm_curated,1,NA
radboud universitair medisch centrum,Radboudumc,Radboudumc,Radboudumc,hospital,llm_curated,1,NA
radboud university medical center,Radboudumc,Radboudumc,Radboudumc,hospital,llm_curated,1,NA
radboud university medical centre,Radboudumc,Radboudumc,Radboudumc,hospital,llm_curated,1,NA
radboud university medical centre nijmegen,Radboudumc,Radboudumc,Radboudumc,hospital,llm_curated,1,NA
radboud university nijmegen medical center,Radboudumc,Radboudumc,Radboudumc,hospital,llm_curated,1,NA
radboud university nijmegen medical centre department of endocrinology,Radboudumc,NA,NA,hospital,llm_curated,1,NA
radboudumc,Radboudumc,Radboudumc,Radboudumc,hospital,llm_curated,1,NA
radius health,Radius Health,NA,NA,unknown,self_alias,0.94,self
radius pharmaceuticals,Radius Pharmaceuticals,NA,NA,unknown,self_alias,0.94,self
rafael blancas-gomez casero,Rafael Blancas-Gómez Casero,NA,NA,unknown,self_alias,0.94,self
rafael pharmaceuticals,Rafael Pharmaceuticals,NA,NA,unknown,self_alias,0.94,self
rain therapeutics,Rain Therapeutics,NA,NA,unknown,self_alias,0.94,self
raincy-montfermeil intercommunal hospital group,Raincy-Montfermeil Intercommunal Hospital Group,NA,NA,hospital,self_alias,0.94,self
rainier therapeutics,Rainier Therapeutics,NA,NA,unknown,self_alias,0.94,self
rakuten medical,Rakuten Medical,NA,NA,unknown,self_alias,0.94,self
rallybio ipa,"Rallybio, IPA",NA,NA,unknown,self_alias,0.94,self
ramsay generale de sante,Ramsay Générale de Santé,NA,NA,unknown,self_alias,0.94,self
ranbaxy laboratories,Ranbaxy Laboratories,NA,NA,unknown,self_alias,0.94,self
rapidscan pharma solutions eu ltd rps eu,Rapidscan Pharma Solutions EU Ltd RPS EU,NA,NA,unknown,self_alias,0.94,self
rapport therapeutics,Rapport Therapeutics,NA,NA,unknown,self_alias,0.94,self
rapt therapeutics,Rapt Therapeutics,NA,NA,unknown,self_alias,0.94,self
raptor therapeutics,Raptor Therapeutics,NA,NA,unknown,self_alias,0.94,self
ratiopharm gmbh teva eu medical affairs,Teva,NA,NA,industry,llm_curated,1,NA
rayzebio,Rayzebio,NA,NA,unknown,self_alias,0.94,self
razor genomics / intergroupe francophone de cancerologie thoracique,Razor Genomics / Intergroupe Francophone de Cancérologie Thoracique,NA,NA,unknown,self_alias,0.94,self
rb pharmaceuticals,RB Pharmaceuticals,NA,NA,unknown,self_alias,0.94,self
rdd pharma,RDD Pharma,NA,NA,unknown,self_alias,0.94,self
rdr pharma,RDR Pharma,NA,NA,unknown,self_alias,0.94,self
realta life sciences,Realta Life Sciences,NA,NA,unknown,self_alias,0.94,self
reanal pte,Reanal Pte.,NA,NA,unknown,self_alias,0.94,self
reata pharmaceuticals,Reata Pharmaceuticals,NA,NA,unknown,self_alias,0.94,self
reata uk,Reata UK,NA,NA,unknown,self_alias,0.94,self
rebro lns landsting,Örebro Läns Landsting,NA,NA,public_body,llm_curated,1,NA
recardio,RECARDIO,NA,NA,unknown,self_alias,0.94,self
receptopharm,ReceptoPharm,NA,NA,unknown,self_alias,0.94,self
rechon life science,Rechon Life Science,NA,NA,unknown,self_alias,0.94,self
recip,Recip,NA,NA,unknown,self_alias,0.94,self
reckitt benckiser healthcare,Reckitt Benckiser Healthcare,Reckitt Benckiser Healthcare,Reckitt Benckiser Healthcare,industry,llm_curated,1,NA
reckitt benckiser healthcare uk ltd,Reckitt Benckiser Healthcare,Reckitt Benckiser Healthcare,Reckitt Benckiser Healthcare,industry,llm_curated,1,NA
recode therapeutics,Recode Therapeutics,NA,NA,unknown,self_alias,0.94,self
recognify life sciences,Recognify Life Sciences,NA,NA,unknown,self_alias,0.94,self
red andaluza de diseno y traslacion de terapias avanzadas,Red Andaluza de Diseño y Traslación de Terapias Avanzadas,NA,NA,foundation,self_alias,0.94,self
red de apoyo a la investigacion clinica en hematologia y hemoterapia sehh,Red de Apoyo a la Investigación Clínica en Hematología y Hemoterapia SEHH,NA,NA,unknown,self_alias,0.94,self
redhill biopharma,RedHill Biopharma,NA,NA,unknown,self_alias,0.94,self
redwood pharma,Redwood Pharma,NA,NA,unknown,self_alias,0.94,self
redx pharma,Redx Pharma,NA,NA,unknown,self_alias,0.94,self
regado biosciences,Regado Biosciences,NA,NA,unknown,self_alias,0.94,self
regen therapeutics,Regen Therapeutics,NA,NA,unknown,self_alias,0.94,self
regeneron,Regeneron Pharmaceuticals,Regeneron Pharmaceuticals,Regeneron Pharmaceuticals,industry,llm_curated,0.9,NA
regeneron pharmaceuticals,Regeneron Pharmaceuticals,Regeneron Pharmaceuticals,Regeneron Pharmaceuticals,industry,llm_curated,1,NA
regeneron pharmaceuticals inc,Regeneron Pharmaceuticals,Regeneron Pharmaceuticals,Regeneron Pharmaceuticals,industry,llm_curated,1,NA
regenmedtx,RegenMedTX,NA,NA,unknown,self_alias,0.94,self
regentree,Regentree,NA,NA,unknown,self_alias,0.94,self
regenxbio,RegenxBio,NA,NA,unknown,self_alias,0.94,self
region jonkoping,Region Jönköping,NA,NA,unknown,self_alias,0.94,self
region jonkopings lan,Region Jönköpings Län,NA,NA,unknown,self_alias,0.94,self
region midtjylland,Region Midtjylland,Region Midtjylland,Region Midtjylland,hospital,llm_curated,1,NA
region orebro,Region Örebro,NA,NA,hospital,self_alias,0.94,self
region orebro lan / gottsegen national cardiovascular center / narodny onkologicky ustav,Region Örebro Län / Gottsegen National Cardiovascular Center / Národný onkologický ústav,NA,NA,unknown,self_alias,0.94,self
region rebro,Region Örebro,NA,NA,hospital,llm_curated,1,NA
region sjaelland,Region Sjaelland,NA,NA,NA,ctis_businesskey,0.95,NA
region skane,Region Skane,NA,NA,NA,ctis_businesskey,0.95,NA
region skne,Region Skane,NA,NA,NA,llm_curated,1,NA
region vaesterbotten / umea university,Region Västerbotten / Umea University,NA,NA,NA,llm_curated,1,NA
region vasterbotten / umea university,Region Västerbotten / Umea University,NA,NA,NA,ctis_businesskey,0.95,NA
region vasternorrland / umea university,Region Västernorrland / Umeå University,NA,NA,unknown,self_alias,0.94,self
region vastmanland,Region Västmanland,NA,NA,unknown,self_alias,0.94,self
regionshospitalet holstebro,Regionshospitalet Holstebro,NA,NA,unknown,self_alias,0.94,self
regulus therapeutics,Regulus Therapeutics,NA,NA,unknown,self_alias,0.94,self
rein therapeutics,Rein Therapeutics,NA,NA,unknown,self_alias,0.94,self
reinier haga groep orthopedisch centrum,Reinier Haga Groep Orthopedisch Centrum,NA,NA,unknown,self_alias,0.94,self
reistone biopharma,Reistone Biopharma,NA,NA,unknown,self_alias,0.94,self
reithera,REITHERA,NA,NA,unknown,self_alias,0.94,self
relap-c study steering committee,Relap-C study Steering Committee,NA,NA,unknown,self_alias,0.94,self
relay therapeutics,Relay Therapeutics,NA,NA,unknown,self_alias,0.94,self
relevare pharmaceuticals,Relevare Pharmaceuticals,NA,NA,unknown,self_alias,0.94,self
relypsa,Relypsa,NA,NA,unknown,self_alias,0.94,self
remab therapeutics,Remab Therapeutics,NA,NA,unknown,self_alias,0.94,self
remegen co,Remegen Co.,NA,NA,unknown,self_alias,0.94,self
remix therapeutics,Remix Therapeutics,NA,NA,unknown,self_alias,0.94,self
rempex pharmaceuticals,Rempex Pharmaceuticals,NA,NA,unknown,self_alias,0.94,self
renapharma,Renapharma,NA,NA,unknown,self_alias,0.94,self
reneo pharma,Reneo Pharma,NA,NA,unknown,self_alias,0.94,self
reneo pharmaceuticals,Reneo Pharmaceuticals,NA,NA,unknown,self_alias,0.94,self
reneuron,ReNeuron,NA,NA,unknown,self_alias,0.94,self
renishaw neuro solutions,Renishaw Neuro Solutions,NA,NA,unknown,self_alias,0.94,self
rennes university hospital,CHU de Rennes,NA,NA,hospital,llm_curated,1,NA
renovorx,RenovoRx,NA,NA,unknown,self_alias,0.94,self
repertoire immune medicines,Repertoire Immune Medicines,NA,NA,unknown,self_alias,0.94,self
replidyne,Replidyne,NA,NA,unknown,self_alias,0.94,self
replimune,Replimune,NA,NA,NA,self_alias,0.94,self
replimune inc,Replimune,NA,NA,NA,ctis_businesskey,0.95,NA
reponex pharmaceuticals,Reponex Pharmaceuticals,NA,NA,unknown,self_alias,0.94,self
repronovo,ReproNovo,NA,NA,unknown,self_alias,0.94,self
resalis therapeutics,Resalis Therapeutics,NA,NA,unknown,self_alias,0.94,self
research center for emergency medicine department of clinical medicine,"Research Center for Emergency Medicine, Department of Clinical Medicine",NA,NA,unknown,self_alias,0.94,self
research in real-life,Research in Real-Life,NA,NA,unknown,self_alias,0.94,self
resistentia pharmaceuticals,Resistentia Pharmaceuticals,NA,NA,unknown,self_alias,0.94,self
resolution therapeutics,Resolution Therapeutics,NA,NA,unknown,self_alias,0.94,self
resolve therapeutics,Resolve Therapeutics,NA,NA,unknown,self_alias,0.94,self
resother pharma,ResoTher Pharma,NA,NA,unknown,self_alias,0.94,self
respicopea,Respicopea,NA,NA,unknown,self_alias,0.94,self
respiratory research unit 237 hvidovre hospital,Hvidovre Hospital,NA,NA,hospital,llm_curated,1,NA
respiratory research unit bispebjerg university hospital,Bispebjerg Hospital,NA,NA,hospital,llm_curated,1,NA
respiratory research unit hvidovre,Hvidovre Hospital,NA,NA,hospital,llm_curated,1,NA
respiratory research unit hvidovre department of respiratory medicine,Hvidovre Hospital,NA,NA,hospital,llm_curated,1,NA
respivant sciences,Respivant Sciences,NA,NA,unknown,self_alias,0.94,self
respivert,RespiVert,NA,NA,unknown,self_alias,0.94,self
restorbio,resTORbio,NA,NA,unknown,self_alias,0.94,self
resverlogix,Resverlogix,NA,NA,unknown,self_alias,0.94,self
retinaklinikken,Retinaklinikken,NA,NA,hospital,self_alias,0.94,self
retrophin,Retrophin,NA,NA,unknown,self_alias,0.94,self
retrotope,Retrotope,NA,NA,unknown,self_alias,0.94,self
revalesio,Revalesio,NA,NA,unknown,self_alias,0.94,self
revance therapeutics,Revance Therapeutics,NA,NA,unknown,self_alias,0.94,self
revelation biosciences,Revelation Biosciences,NA,NA,unknown,self_alias,0.94,self
reveragen biopharma,ReveraGen BioPharma,NA,NA,unknown,self_alias,0.94,self
reviral,ReViral,NA,NA,unknown,self_alias,0.94,self
reviva pharmaceuticals holdings,Reviva Pharmaceuticals Holdings,NA,NA,unknown,self_alias,0.94,self
revo biologics,rEVO Biologics,NA,NA,unknown,self_alias,0.94,self
revolo biotherapeutics,Revolo Biotherapeutics,NA,NA,unknown,self_alias,0.94,self
revolution medicines,Revolution Medicines,NA,NA,unknown,self_alias,0.94,self
revotar biopharmaceuticals,Revotar Biopharmaceuticals,NA,NA,unknown,self_alias,0.94,self
rexgenero,Rexgenero,NA,NA,unknown,self_alias,0.94,self
rezolute,Rezolute,NA,NA,unknown,self_alias,0.94,self
rheacell,Rheacell,NA,NA,unknown,self_alias,0.94,self
rheinische friedrich wilhelms universitat bonn,Rheinische Friedrich-Wilhelms-Universität Bonn,NA,NA,NA,ctis_businesskey,0.95,NA
rheinische friedrich-wilhelms-universitat bonn,Rheinische Friedrich-Wilhelms-Universität Bonn,NA,NA,NA,llm_curated,1,NA
rheoscience,Rheoscience,NA,NA,unknown,self_alias,0.94,self
rhizen pharmaceuticals,Rhizen Pharmaceuticals,NA,NA,unknown,self_alias,0.94,self
rhoshan pharmaceuticals,Rhoshan Pharmaceuticals,NA,NA,unknown,self_alias,0.94,self
rhovac,RhoVac,NA,NA,unknown,self_alias,0.94,self
rhythm pharmaceuticals,Rhythm Pharmaceuticals,NA,NA,unknown,self_alias,0.94,self
ribocure pharmaceuticals,Ribocure Pharmaceuticals,NA,NA,unknown,self_alias,0.94,self
ribon therapeutics,Ribon Therapeutics,NA,NA,unknown,self_alias,0.94,self
ribosepharm,ribosepharm,NA,NA,unknown,self_alias,0.94,self
riemser arzneimittel,RIEMSER Arzneimittel,NA,NA,unknown,self_alias,0.94,self
riemser pharma,Riemser Pharma,NA,NA,unknown,self_alias,0.94,self
rigel pharmaceuticals,Rigel Pharmaceuticals,NA,NA,unknown,self_alias,0.94,self
rigontec,Rigontec,NA,NA,unknown,self_alias,0.94,self
rigshospitalet,Rigshospitalet,Rigshospitalet,Rigshospitalet,hospital,llm_curated,1,NA
"rigshospitalet, center for aktiv sundhed, section 7641",Rigshospitalet,NA,NA,hospital,llm_curated,1,NA
rigshospitalet-glostrup,Rigshospitalet,NA,NA,hospital,llm_curated,1,NA
rijksinstituut voor volksgezondheid en milieu rivm,RIVM,RIVM,RIVM,public_body,llm_curated,1,NA
rijnstate hospital,Rijnstate Hospital,NA,NA,hospital,llm_curated,1,NA
rikshospitalet university hospital,Rikshospitalet University Hospital,NA,NA,unknown,self_alias,0.94,self
river 2 renal,River 2 Renal,NA,NA,unknown,self_alias,0.94,self
river 3 renal,River 3 Renal,NA,NA,unknown,self_alias,0.94,self
river vision development,River Vision Development,NA,NA,unknown,self_alias,0.94,self
rnatics,Rnatics,NA,NA,unknown,self_alias,0.94,self
robert bosch gesellschaft fur medizinische forschung mbh,Robert Bosch Gesellschaft für medizinische Forschung mbH,NA,NA,unknown,self_alias,0.94,self
robert-bosch-krankenhaus,Robert-Bosch-Krankenhaus,NA,NA,unknown,self_alias,0.94,self
robugen,Robugen,NA,NA,unknown,self_alias,0.94,self
roche,Roche,Roche,Roche,industry,llm_curated,1,NA
roche pharma ag,Roche,Roche,Roche,industry,llm_curated,1,NA
roche products ltd,Roche,Roche,Roche,industry,llm_curated,1,NA
rocket pharmaceuticals,Rocket Pharmaceuticals,NA,NA,unknown,self_alias,0.94,self
rockwell medical,Rockwell Medical,NA,NA,unknown,self_alias,0.94,self
rokote laboratories finland,Rokote Laboratories Finland,NA,NA,unknown,self_alias,0.94,self
rontis hellas,Rontis Hellas,NA,NA,unknown,self_alias,0.94,self
rophibio,Rophibio,NA,NA,unknown,self_alias,0.94,self
rosario garcia de vicuna,Rosario García de Vicuña,NA,NA,unknown,self_alias,0.94,self
rose pharma,Rose Pharma,NA,NA,unknown,self_alias,0.94,self
rostaquo,RostaQuo,NA,NA,unknown,self_alias,0.94,self
rouen university hospital,CHU de Rouen,NA,NA,hospital,llm_curated,1,NA
roxall medicina espaa,Roxall Medicina Espaa,NA,NA,unknown,self_alias,0.94,self
roxall medizin,ROXALL Medizin,NA,NA,unknown,self_alias,0.94,self
roxro pharma,Roxro Pharma,NA,NA,unknown,self_alias,0.94,self
royal brompton harefield nhs trust,Royal Brompton and Harefield NHS Foundation Trust,Royal Brompton and Harefield NHS Foundation Trust,Royal Brompton and Harefield NHS Foundation Trust,hospital,llm_curated,1,NA
royal free london nhs foundation trust,Royal Free London NHS Foundation Trust,NA,NA,hospital,self_alias,0.94,self
royal marsden hospital,The Royal Marsden NHS Foundation Trust,The Royal Marsden NHS Foundation Trust,The Royal Marsden NHS Foundation Trust,hospital,llm_curated,1,NA
royal marsden nhs foundation trust,The Royal Marsden NHS Foundation Trust,The Royal Marsden NHS Foundation Trust,The Royal Marsden NHS Foundation Trust,hospital,llm_curated,1,NA
rspr pharma,RSPR Pharma,NA,NA,unknown,self_alias,0.94,self
rubedo life sciences italy,Rubedo Life Sciences Italy,NA,NA,unknown,self_alias,0.94,self
ruhr-universitat bochum,Ruhr-Universität Bochum,NA,NA,unknown,self_alias,0.94,self
runmc,Radboudumc,Radboudumc,Radboudumc,hospital,llm_curated,1,NA
ruprecht-karls university heidelberg medical faculty university hosp,Ruprecht-Karls-Universität Heidelberg,NA,NA,academic,llm_curated,1,NA
ruprecht-karls-universitat heidelberg,Ruprecht-Karls-Universität Heidelberg,NA,NA,academic,self_alias,0.94,self
ruprecht-karls-universitt heidelberg medical faculty,Ruprecht-Karls-Universität Heidelberg,NA,NA,academic,llm_curated,1,NA
ruprecht-karls-universitt heidelberg medical faculty university hosp 36,Ruprecht-Karls-Universität Heidelberg,NA,NA,academic,llm_curated,1,NA
ruprecht-karls-universitt heidelberg medizinische fakultt,Ruprecht-Karls-Universität Heidelberg,NA,NA,academic,llm_curated,1,NA
ruprecht-karls-university of heidelberg medical faculty,Ruprecht-Karls-Universität Heidelberg,NA,NA,academic,llm_curated,1,NA
rwth aachen represented by the rector,RWTH Aachen University,NA,NA,academic,llm_curated,1,NA
rwth aachen university for the medical faculty,RWTH Aachen University,NA,NA,academic,llm_curated,1,NA
rwth aachen university represented by the rector,RWTH Aachen University,NA,NA,academic,llm_curated,1,NA
rwth aachen university/ctc-a,RWTH Aachen University,NA,NA,academic,llm_curated,1,NA
ryvu therapeutics,Ryvu Therapeutics,NA,NA,unknown,self_alias,0.94,self
s.e. carburos metalicos s.a. grupo air products,S.E. Carburos Metálicos S.A. grupo Air Products,NA,NA,industry,llm_curated,1,NA
sab biotherapeutics,SAB Biotherapeutics,NA,NA,unknown,self_alias,0.94,self
sager pharma,Sager Pharma,NA,NA,unknown,self_alias,0.94,self
sagimet biosciences,Sagimet Biosciences,NA,NA,unknown,self_alias,0.94,self
sahlgrenska univerisity hospital gothenburg,Sahlgrenska University Hospital,NA,NA,hospital,llm_curated,1,NA
sahlgrenska universitetssjukhuset,Sahlgrenska University Hospital,NA,NA,hospital,llm_curated,1,NA
sahlgrenska university hospital/vgr,Sahlgrenska University Hospital,NA,NA,hospital,llm_curated,1,NA
saint lukes hospital of kansas city kansas city missouri,"Saint Lukes Hospital of Kansas City, Kansas City, Missouri",NA,NA,hospital,self_alias,0.94,self
sairopa,Sairopa,NA,NA,unknown,self_alias,0.94,self
sakk,SAKK,SAKK,SAKK,cooperative_group,llm_curated,1,NA
salford royal nhs foundation trust / university of manchester,Salford Royal NHS Foundation Trust / University of Manchester,NA,NA,hospital,self_alias,0.94,self
salix pharmaceuticals,Salix Pharmaceuticals,NA,NA,unknown,self_alias,0.94,self
salubris biotherapeutics,Salubris Biotherapeutics,NA,NA,unknown,self_alias,0.94,self
salus haus,SALUS Haus,NA,NA,unknown,self_alias,0.94,self
salzburger landeskliniken,Salzburger Landeskliniken,NA,NA,hospital,self_alias,0.94,self
samchundang pharm co,SamChunDang Pharm. Co.,NA,NA,unknown,self_alias,0.94,self
samodzielny publiczny szpital kliniczny nr 1 w lublinie,Samodzielny Publiczny Szpital Kliniczny Nr 1 w Lublinie,NA,NA,unknown,self_alias,0.94,self
samsung bioepis co,Samsung Bioepis Co.,NA,NA,unknown,self_alias,0.94,self
samsung electronics co,Samsung Electronics Co.,NA,NA,unknown,self_alias,0.94,self
sanaria,Sanaria,NA,NA,unknown,self_alias,0.94,self
sandoz,Sandoz,Novartis,Novartis,industry,llm_curated,1,NA
sandoz gmbh,Sandoz,Novartis,Novartis,industry,llm_curated,1,NA
sanfilippo therapeutics,SANFILIPPO Therapeutics,NA,NA,unknown,self_alias,0.94,self
sangamo therapeutics,Sangamo Therapeutics,NA,NA,industry,self_alias,0.94,self
sanifit therapeutics,Sanifit Therapeutics,NA,NA,unknown,self_alias,0.94,self
saniona,Saniona,NA,NA,unknown,self_alias,0.94,self
sanochemia pharmazeutika,Sanochemia Pharmazeutika,NA,NA,unknown,self_alias,0.94,self
sanofi,Sanofi,Sanofi,Sanofi,industry,llm_curated,1,NA
sanofi aventis,Sanofi,Sanofi,Sanofi,industry,llm_curated,1,NA
sanofi genzyme,Sanofi Genzyme,Sanofi,Sanofi,industry,llm_curated,1,NA
sanofi pasteur,Sanofi Pasteur,Sanofi,Sanofi,industry,llm_curated,1,NA
sanofi sa,Sanofi,Sanofi,Sanofi,industry,llm_curated,1,NA
sanofi-aventis,Sanofi,Sanofi,Sanofi,industry,llm_curated,1,NA
sanofi-synthelabo,Sanofi,Sanofi,Sanofi,industry,llm_curated,1,NA
sanofi-synthelabo rt,Sanofi,Sanofi,Sanofi,industry,llm_curated,1,NA
sanos bioscience,Sanos Bioscience,NA,NA,unknown,self_alias,0.94,self
santarus,Santarus,NA,NA,unknown,self_alias,0.94,self
santosolve,SantoSolve,NA,NA,unknown,self_alias,0.94,self
sapience therapeutics,Sapience Therapeutics,NA,NA,unknown,self_alias,0.94,self
sara rafael fernandez,Sara Rafael Fernández,NA,NA,unknown,self_alias,0.94,self
sarepta therapeutics,Sarepta Therapeutics,NA,NA,unknown,self_alias,0.94,self
satellos bioscience,Satellos Bioscience,NA,NA,unknown,self_alias,0.94,self
savara,Savara,NA,NA,unknown,self_alias,0.94,self
saving patients lives medical,Saving Patients Lives Medical,NA,NA,unknown,self_alias,0.94,self
sbi pharmaceuticals co,SBI Pharmaceuticals Co.,NA,NA,unknown,self_alias,0.94,self
sbl vaccin,SBL Vaccin,NA,NA,unknown,self_alias,0.94,self
scancell,Scancell,NA,NA,unknown,self_alias,0.94,self
scandinavian biopharma,Scandinavian Biopharma,NA,NA,unknown,self_alias,0.94,self
scandion oncology,Scandion Oncology,NA,NA,unknown,self_alias,0.94,self
schaper and brummer,Schaper & Brümmer,NA,NA,unknown,self_alias,0.94,self
schering plough,Schering-Plough,Merck & Co.,MSD / Merck & Co.,industry,llm_curated,1,NA
schering-plough,Schering-Plough,Merck & Co.,MSD / Merck & Co.,industry,llm_curated,1,NA
scholar rock,Scholar Rock,NA,NA,unknown,self_alias,0.94,self
schrodinger,Schrödinger,NA,NA,unknown,self_alias,0.94,self
schulke mayr,Schülke Mayr,NA,NA,unknown,self_alias,0.94,self
schur pharmazeutika,Schur Pharmazeutika,NA,NA,unknown,self_alias,0.94,self
sciclone pharmaceuticals international sg pte,Sciclone Pharmaceuticals International (SG) Pte.,NA,NA,unknown,self_alias,0.94,self
sciderm,Sciderm,NA,NA,unknown,self_alias,0.94,self
scil technology,Scil Technology,NA,NA,unknown,self_alias,0.94,self
scioderm,Scioderm,NA,NA,unknown,self_alias,0.94,self
sciotec diagnostic technologies,SCIOTEC Diagnostic Technologies,NA,NA,unknown,self_alias,0.94,self
scipharm,SCIPHARM,NA,NA,unknown,self_alias,0.94,self
scirhom,SciRhom,NA,NA,unknown,self_alias,0.94,self
scorpion therapeutics,Scorpion Therapeutics,NA,NA,unknown,self_alias,0.94,self
scpharmaceuticals,scPharmaceuticals,NA,NA,unknown,self_alias,0.94,self
scs boehringer ingelheim,Boehringer Ingelheim,Boehringer Ingelheim,Boehringer Ingelheim,industry,llm_curated,1,NA
scynexis,Scynexis,NA,NA,unknown,self_alias,0.94,self
sdersjukhuset,Södersjukhuset,NA,NA,hospital,llm_curated,1,NA
sea4us biotecnologia e recursos marinhos,Sea4us Biotecnologia e Recursos Marinhos,NA,NA,unknown,self_alias,0.94,self
seagen,Seagen,Pfizer,Pfizer,industry,llm_curated,0.9,NA
seagen inc,Seagen,Pfizer,Pfizer,industry,llm_curated,1,NA
seahorse scientific services,Seahorse Scientific Services,NA,NA,unknown,self_alias,0.94,self
sealantium medical,Sealantium Medical,NA,NA,unknown,self_alias,0.94,self
seaport therapeutics,Seaport Therapeutics,NA,NA,unknown,self_alias,0.94,self
seattle genetics,Seattle Genetics,NA,NA,unknown,self_alias,0.94,self
section of dental pharmacology and pharmacotherapy ico university of oslo,University of Oslo,NA,NA,unknown,llm_curated,1,NA
section of orofacial pain and jaw function aarhus university,Aarhus University,NA,NA,academic,llm_curated,1,NA
secura bio,Secura Bio,NA,NA,unknown,self_alias,0.94,self
sedana medical,Sedana Medical,NA,NA,unknown,self_alias,0.94,self
seelos therapeutics,Seelos Therapeutics,NA,NA,unknown,self_alias,0.94,self
seikagaku,Seikagaku,NA,NA,unknown,self_alias,0.94,self
seinajoen keskussairaala,Seinäjoen Keskussairaala,NA,NA,unknown,self_alias,0.94,self
selectimmune pharma,SelectImmune Pharma,NA,NA,unknown,self_alias,0.94,self
selection therapeutics,selectION Therapeutics,NA,NA,unknown,self_alias,0.94,self
sellas life sciences group,Sellas Life Sciences Group,NA,NA,unknown,self_alias,0.94,self
semicyuc - sociedad espanola de medicina intensiva critica y unidades coronarias,"SEMICYUC - Sociedad Española de Medicina Intensiva, Crítica y Unidades Coronarias",NA,NA,unknown,self_alias,0.94,self
sentoclone,SentoClone,NA,NA,unknown,self_alias,0.94,self
sentryx,SentryX,NA,NA,unknown,self_alias,0.94,self
sepracor nv in care of sepracor,Sepracor NV in care of Sepracor,NA,NA,unknown,self_alias,0.94,self
sepsicure,Sepsicure,NA,NA,industry,self_alias,0.94,self
seqirus uk,Seqirus UK,NA,NA,unknown,self_alias,0.94,self
sequel pharmaceuticals,Sequel Pharmaceuticals,NA,NA,unknown,self_alias,0.94,self
serentis,Serentis,NA,NA,unknown,self_alias,0.94,self
serodus,Serodus,NA,NA,unknown,self_alias,0.94,self
serono international,Serono International,NA,NA,industry,self_alias,0.94,self
serono international sa,Serono International,NA,NA,industry,llm_curated,1,NA
service de neurologie chu lige,Centre Hospitalier Universitaire de Liège,NA,NA,hospital,llm_curated,1,NA
service de sante des armees,Service de Santé des Armées,NA,NA,unknown,self_alias,0.94,self
service of neurology chu liege,Centre Hospitalier Universitaire de Liège,NA,NA,hospital,llm_curated,1,NA
servicio de anestesiologia y reanimacion del hospital universitario la paz,Hospital Universitario La Paz,NA,NA,hospital,llm_curated,1,NA
servicio de anestesiologia y reanimacion hospital universitario la paz,Hospital Universitario La Paz,NA,NA,hospital,llm_curated,1,NA
servicio de angiologia y cirugia vascular hospital universitario la paz,Hospital Universitario La Paz,NA,NA,hospital,llm_curated,1,NA
servicio de infecciones hospital clinic de barcelona,Hospital Clínic de Barcelona,NA,NA,hospital,llm_curated,1,NA
servicio de psiquiatra hospital  universitari  vall  dhebron,Hospital Universitari Vall d'Hebron,NA,NA,hospital,llm_curated,1,NA
servicio de psiquiatria hospital universitari vall dhebron,Hospital Universitari Vall d'Hebron,NA,NA,hospital,llm_curated,1,NA
servicio de urologia hospital universitario la paz,Hospital Universitario La Paz,NA,NA,hospital,llm_curated,1,NA
servicio madrileno de salud sermas - fundacion para la investigacion biomedica,Servicio Madrileño de Salud SERMAS - Fundación para la Investigación Biomédica,NA,NA,hospital,self_alias,0.94,self
servier,Servier,Servier,Servier,industry,llm_curated,1,NA
seven seas,Seven Seas,NA,NA,unknown,self_alias,0.94,self
sfj lungcancer,SFJ LungCancer,NA,NA,unknown,self_alias,0.94,self
sfj pharmaceuticals,SFJ Pharmaceuticals,NA,NA,unknown,self_alias,0.94,self
sgx pharmaceuticals,SGX Pharmaceuticals,NA,NA,unknown,self_alias,0.94,self
shandong boan biotechnology co,Shandong Boan Biotechnology Co.,NA,NA,unknown,self_alias,0.94,self
shanghai argo biopharmaceutical co,Shanghai Argo Biopharmaceutical Co.,NA,NA,unknown,self_alias,0.94,self
shanghai henlius biotech,Shanghai Henlius Biotech,NA,NA,unknown,self_alias,0.94,self
shanghai junshi biosciences,Shanghai Junshi Biosciences,NA,NA,unknown,self_alias,0.94,self
shanghai yingli pharmaceutical co,Shanghai Yingli Pharmaceutical Co.,NA,NA,unknown,self_alias,0.94,self
shaperon,Shaperon,NA,NA,unknown,self_alias,0.94,self
sheffield teaching hospitals nhs foundation trust,Sheffield Teaching Hospitals NHS Foundation Trust,Sheffield Teaching Hospitals NHS Foundation Trust,Sheffield Teaching Hospitals NHS Foundation Trust,hospital,llm_curated,1,NA
shield tx uk,Shield TX UK,NA,NA,unknown,self_alias,0.94,self
shionogi,Shionogi,NA,NA,unknown,self_alias,0.94,self
shire,Shire,Takeda,Takeda,industry,llm_curated,1,NA
shire-movetis,Shire,Takeda,Takeda,industry,llm_curated,1,NA
shrewsbury and telford hospital nhs trust,Shrewsbury and Telford Hospital NHS Trust,NA,NA,hospital,self_alias,0.94,self
shriners hospitals for children,Shriners Hospitals for Children,NA,NA,hospital,self_alias,0.94,self
sichuan kelun-biotech biopharmaceutical co,Sichuan Kelun-Biotech Biopharmaceutical Co.,NA,NA,unknown,self_alias,0.94,self
sicog onlus,SICOG ONLUS,NA,NA,unknown,self_alias,0.94,self
siena biotech,Siena Biotech,NA,NA,unknown,self_alias,0.94,self
sierra oncology,Sierra Oncology,NA,NA,unknown,self_alias,0.94,self
sigilon therapeutics,Sigilon Therapeutics,NA,NA,unknown,self_alias,0.94,self
sigmadrugs research,SigmaDrugs Research,NA,NA,unknown,self_alias,0.94,self
sigmoid pharma,Sigmoid Pharma,NA,NA,unknown,self_alias,0.94,self
silence therapeutics,Silence Therapeutics,NA,NA,unknown,self_alias,0.94,self
sinfatin,Sinfatin,NA,NA,unknown,self_alias,0.94,self
sinoxa pharma,Sinoxa Pharma,NA,NA,unknown,self_alias,0.94,self
sint antonius hospital,St Antonius Hospital,NA,NA,NA,llm_curated,1,NA
sint antonius ziekenhuis stichting,St Antonius Hospital,NA,NA,NA,llm_curated,1,NA
sint franciscus vlietland groep,Sint Franciscus Vlietland Groep,NA,NA,foundation,self_alias,0.94,self
sint lucas andreas ziekenhuis,Sint Lucas Andreas Ziekenhuis,NA,NA,unknown,self_alias,0.94,self
sint maartenskliniek,Sint Maartenskliniek,NA,NA,NA,ctis_businesskey,0.95,NA
sintetica,Sintetica,NA,NA,unknown,self_alias,0.94,self
sirius therapeutics,Sirius Therapeutics,NA,NA,unknown,self_alias,0.94,self
sirtex technology pty,Sirtex Technology Pty,NA,NA,unknown,self_alias,0.94,self
sirtris pharmaceuticals,Sirtris Pharmaceuticals,NA,NA,unknown,self_alias,0.94,self
sitryx therapeutics,Sitryx Therapeutics,NA,NA,unknown,self_alias,0.94,self
siun sote - north karelia wellbeing services,Siun Sote - North Karelia Wellbeing Services,NA,NA,unknown,self_alias,0.94,self
sixera pharma,Sixera Pharma,NA,NA,unknown,self_alias,0.94,self
sjaellands university hospital koge,"Sjællands University Hospital, Køge",NA,NA,hospital,self_alias,0.94,self
sk life science,SK Life Science,NA,NA,unknown,self_alias,0.94,self
sk pharma schumann und kohl,SK Pharma Schumann und Kohl,NA,NA,unknown,self_alias,0.94,self
skane university hospital,Skåne University Hospital,NA,NA,hospital,self_alias,0.94,self
skne university hospital,Skåne University Hospital,NA,NA,hospital,llm_curated,1,NA
skne university hospital department of oncology,Skåne University Hospital,NA,NA,hospital,llm_curated,1,NA
skne university hospital department of rheumatology,Skånes University Hospital,NA,NA,hospital,llm_curated,1,NA
skyepharma,SkyePharma,NA,NA,unknown,self_alias,0.94,self
sla pharma uk ltd / kd swiss,SLA Pharma UK Ltd / KD Swiss,NA,NA,unknown,self_alias,0.94,self
slagelse hospital,Slagelse Hospital,NA,NA,hospital,self_alias,0.94,self
slaski uniwersytet medyczny w katowicach,Śląski Uniwersytet Medyczny w Katowicach,NA,NA,unknown,self_alias,0.94,self
slidgigtinstituttet,Slidgigtinstituttet,NA,NA,unknown,self_alias,0.94,self
sling therapeutics,Sling Therapeutics,NA,NA,unknown,self_alias,0.94,self
smart immune,Smart Immune,NA,NA,unknown,self_alias,0.94,self
smartdyelivery,SmartDyeLivery,NA,NA,unknown,self_alias,0.94,self
smarthealth,Smarthealth,NA,NA,unknown,self_alias,0.94,self
smartwise sweden,Smartwise Sweden,NA,NA,unknown,self_alias,0.94,self
smith nephew,Smith Nephew,NA,NA,unknown,self_alias,0.94,self
smithkline beecham,GSK,GSK,GSK,industry,llm_curated,1,NA
sobi,Sobi,NA,NA,unknown,self_alias,0.94,self
sociedad espanola de ozonoterapia - seot,Sociedad Española de Ozonoterapia - SEOT,NA,NA,academic,self_alias,0.94,self
societa campana di immunoterapia oncologica,Società Campana di Immunoterapia Oncologica,NA,NA,unknown,self_alias,0.94,self
societa italiana di cardiologia invasiva - gise,Società Italiana di Cardiologia Invasiva - GISE,NA,NA,unknown,self_alias,0.94,self
societa italiana di malattie infettive e tropicali - simit,Società Italiana di Malattie Infettive e Tropicali - SIMIT,NA,NA,unknown,self_alias,0.94,self
societa italo britannica l manetti - h roberts and c per azioni,Società Italo Britannica L. Manetti - H. Roberts & C. per Azioni,NA,NA,unknown,self_alias,0.94,self
societa laboratorio farmaceutico s i t,SOCIETA Laboratorio Farmaceutico S.i.t.,NA,NA,unknown,self_alias,0.94,self
socratec r and d concepts in drug research and development,SocraTec R&D Concepts in Drug Research and Development,NA,NA,unknown,self_alias,0.94,self
sodersjukhuset,Södersjukhuset,NA,NA,hospital,self_alias,0.94,self
sofar,SOFAR,NA,NA,unknown,self_alias,0.94,self
softox defense solutions,Softox Defense Solutions,NA,NA,unknown,self_alias,0.94,self
softox solutions,Softox Solutions,NA,NA,unknown,self_alias,0.94,self
sojournix,Sojournix,NA,NA,unknown,self_alias,0.94,self
sol-gel technologies,Sol-Gel Technologies,NA,NA,unknown,self_alias,0.94,self
solace pharmaceuticals,Solace Pharmaceuticals,NA,NA,unknown,self_alias,0.94,self
solascure,SolasCure,NA,NA,unknown,self_alias,0.94,self
solenne,Solenne,NA,NA,unknown,self_alias,0.94,self
soleno therapeutics uk,Soleno Therapeutics UK,NA,NA,unknown,self_alias,0.94,self
solid biosciences,Solid Biosciences,NA,NA,unknown,self_alias,0.94,self
soligenix,Soligenix,NA,NA,unknown,self_alias,0.94,self
solstice neurosciences,Solstice Neurosciences,NA,NA,unknown,self_alias,0.94,self
solstice pharmaceuticals,Solstice Pharmaceuticals,NA,NA,unknown,self_alias,0.94,self
solvotrin innovations,Solvotrin Innovations,NA,NA,unknown,self_alias,0.94,self
sonus pharmaceuticals,SONUS Pharmaceuticals,NA,NA,unknown,self_alias,0.94,self
sopharma,Sopharma,NA,NA,unknown,self_alias,0.94,self
sopherion therapeutics,Sopherion Therapeutics,NA,NA,unknown,self_alias,0.94,self
sophiris bio,Sophiris Bio,NA,NA,unknown,self_alias,0.94,self
soria natural,Soria Natural,NA,NA,unknown,self_alias,0.94,self
sorin crm,Sorin CRM,NA,NA,unknown,self_alias,0.94,self
sorlandet sykehus hf,Sørlandet Sykehus HF,NA,NA,hospital,llm_curated,1,NA
sormlands lans landsting,Sörmlands Läns Landsting,NA,NA,unknown,self_alias,0.94,self
sorriso pharmaceuticals,Sorriso Pharmaceuticals,NA,NA,unknown,self_alias,0.94,self
sosei rd,Sosei RD,NA,NA,unknown,self_alias,0.94,self
sotio biotech,SOTIO Biotech,NA,NA,unknown,self_alias,0.94,self
south london and maudsley nhs foundation trust,South London and Maudsley NHS Foundation Trust,NA,NA,academic,self_alias,0.94,self
spago nanomedical,Spago Nanomedical,NA,NA,unknown,self_alias,0.94,self
spanish cooperative group for gastrointestinal tumour therapy,Spanish Cooperative Group for Gastrointestinal Tumour Therapy,NA,NA,cooperative_group,self_alias,0.94,self
spanish group of neuroendocrine tumors getne,GETNE,NA,NA,cooperative_group,llm_curated,1,NA
spanish long cancer group slcg/gecp,Fundacion GECP,NA,NA,cooperative_group,llm_curated,1,NA
spanish lung cancer group grupo espanol de cncer de pulmn,Fundacion GECP,NA,NA,cooperative_group,llm_curated,1,NA
sparkle,Sparkle,NA,NA,unknown,self_alias,0.94,self
sparrow pharmaceuticals,Sparrow Pharmaceuticals,NA,NA,unknown,self_alias,0.94,self
spectracure,SpectraCure,NA,NA,unknown,self_alias,0.94,self
speedel pharma,Speedel Pharma,NA,NA,unknown,self_alias,0.94,self
spero therapeutics,Spero Therapeutics,NA,NA,unknown,self_alias,0.94,self
spinifex pharmaceuticals,Spinifex Pharmaceuticals,NA,NA,unknown,self_alias,0.94,self
spirig pharma,Spirig Pharma,NA,NA,unknown,self_alias,0.94,self
splicebio,Splicebio,NA,NA,unknown,self_alias,0.94,self
splisense,Splisense,NA,NA,unknown,self_alias,0.94,self
spring bank pharmaceuticals,Spring Bank Pharmaceuticals,NA,NA,unknown,self_alias,0.94,self
spruce biosciences,Spruce Biosciences,NA,NA,unknown,self_alias,0.94,self
spur therapeutics,Spur Therapeutics,NA,NA,unknown,self_alias,0.94,self
spyre therapeutics,Spyre Therapeutics,NA,NA,unknown,self_alias,0.94,self
spyryx biosciences,Spyryx Biosciences,NA,NA,unknown,self_alias,0.94,self
sren h sindrup department of neurology odense university hospital,Odense University Hospital,NA,NA,hospital,llm_curated,1,NA
ssl international,SSL International,NA,NA,unknown,self_alias,0.94,self
st antonius hospital,St Antonius Hospital,NA,NA,NA,ctis_businesskey,0.95,NA
st george street capital,St George Street Capital,NA,NA,unknown,self_alias,0.94,self
st george's healthcare nhs trust,St George's Healthcare NHS Trust,NA,NA,hospital,self_alias,0.94,self
st george's hospital,St George's Hospital,NA,NA,hospital,self_alias,0.94,self
st helens and knowsley teaching hospitals nhs trust,St Helens and Knowsley Teaching Hospitals NHS Trust,NA,NA,hospital,self_alias,0.94,self
st james's hospital,St. James's Hospital,NA,NA,hospital,self_alias,0.94,self
st josef-hospital bochum,St. Josef-Hospital Bochum,NA,NA,hospital,self_alias,0.94,self
st jude children's research hospital,St. Jude Children's Research Hospital,NA,NA,hospital,self_alias,0.94,self
st vincent hospital,St. Vincent Hospital,NA,NA,hospital,self_alias,0.94,self
stada rd,STADA RD,NA,NA,unknown,self_alias,0.94,self
stage pharmaceuticals,Stage Pharmaceuticals,NA,NA,unknown,self_alias,0.94,self
staidson beijing biopharmaceutical co,Staidson Beijing Biopharmaceutical Co.,NA,NA,unknown,self_alias,0.94,self
stallergenes sa,Stallergenes,NA,NA,industry,llm_curated,1,NA
stanmore clinical research facility,Stanmore Clinical Research Facility,NA,NA,unknown,self_alias,0.94,self
starpharma,Starpharma,NA,NA,unknown,self_alias,0.94,self
statni zdravotni ustav,Státní zdravotní ústav,NA,NA,unknown,self_alias,0.94,self
steiermarkische gebietskrankenkasse,Steiermärkische Gebietskrankenkasse,NA,NA,unknown,self_alias,0.94,self
steigerwald arzneimittelwerk,Steigerwald Arzneimittelwerk,NA,NA,unknown,self_alias,0.94,self
steiner and co deutsche arzneimittelgesellschaft mbh and co,Steiner & Co. Deutsche Arzneimittelgesellschaft mbH & Co.,NA,NA,unknown,self_alias,0.94,self
stelexis biosciences,Stelexis Biosciences,NA,NA,unknown,self_alias,0.94,self
stellaris pharmaceuticals,Stellaris Pharmaceuticals,NA,NA,unknown,self_alias,0.94,self
stemcentrx,Stemcentrx,NA,NA,unknown,self_alias,0.94,self
stemline therapeutics,Stemline Therapeutics,NA,NA,unknown,self_alias,0.94,self
sterna biologicals,sterna biologicals,NA,NA,unknown,self_alias,0.94,self
sterotherapeutics,Sterotherapeutics,NA,NA,unknown,self_alias,0.94,self
stichting amsterdam umc,Amsterdam UMC,Amsterdam UMC,Amsterdam UMC,hospital,llm_curated,1,NA
stichting hemato-oncologie voor volwassenen nederland,HOVON,HOVON,HOVON,cooperative_group,llm_curated,1,NA
stichting het nederlands kanker instituut-antoni van leeuwenhoek ziekenhuis,Stichting Het Nederlands Kanker Instituut-Antoni Van Leeuwenhoek Ziekenhuis,NA,NA,NA,ctis_businesskey,0.95,NA
stichting radboud university medical center,Stichting Radboud University Medical Center,NA,NA,NA,ctis_businesskey,0.95,NA
stichting rijnstate ziekenhuis,Stichting Rijnstate Ziekenhuis,NA,NA,NA,ctis_businesskey,0.95,NA
stichting zuyderland medisch centrum,Stichting Zuyderland Medisch Centrum,NA,NA,NA,ctis_businesskey,0.95,NA
stiftung institut fr herzinfarktforschung,Stiftung Institut für Herzinfarktforschung,NA,NA,foundation,llm_curated,1,NA
stiftung institut fur herzinfarktforschung,Stiftung Institut für Herzinfarktforschung,NA,NA,foundation,self_alias,0.94,self
stockholm university,Stockholm University,NA,NA,unknown,self_alias,0.94,self
stockholms lans landsting,Stockholms Läns Landsting,NA,NA,public_body,self_alias,0.94,self
stockholms lns landsting,Stockholms Läns Landsting,NA,NA,public_body,llm_curated,1,NA
stoke therapeutics,Stoke Therapeutics,NA,NA,unknown,self_alias,0.94,self
stragen france / chemgenex pharmaceuticals,STRAGEN France / ChemGenex Pharmaceuticals,NA,NA,unknown,self_alias,0.94,self
strakan pharmaceuticals,Strakan Pharmaceuticals,NA,NA,unknown,self_alias,0.94,self
strathmann,Strathmann,NA,NA,unknown,self_alias,0.94,self
strekin,Strekin,NA,NA,unknown,self_alias,0.94,self
structure therapeutics,Structure Therapeutics,NA,NA,unknown,self_alias,0.94,self
stryker biotech,Stryker Biotech,NA,NA,unknown,self_alias,0.94,self
stz 1172 gesundheitsforderung und stoffwechselforschung,STZ 1172 Gesundheitsförderung und Stoffwechselforschung,NA,NA,unknown,self_alias,0.94,self
sublimity therapeutics,Sublimity Therapeutics,NA,NA,unknown,self_alias,0.94,self
sucampo pharma americas,Sucampo Pharma Americas,NA,NA,unknown,self_alias,0.94,self
sucampo pharma europe,Sucampo Pharma Europe,NA,NA,unknown,self_alias,0.94,self
sudo biosciences,Sudo Biosciences,NA,NA,unknown,self_alias,0.94,self
sumitomo dainippon pharma co,Sumitomo Dainippon Pharma Co.,NA,NA,unknown,self_alias,0.94,self
sumitomo dainippon pharma oncology,Sumitomo Dainippon Pharma Oncology,NA,NA,unknown,self_alias,0.94,self
sumitomo pharma,Sumitomo Pharma,NA,NA,unknown,self_alias,0.94,self
summit cambridge,Summit Cambridge,NA,NA,unknown,self_alias,0.94,self
summit oxford,Summit Oxford,NA,NA,unknown,self_alias,0.94,self
summit therapeutics inc,Summit Therapeutics,NA,NA,NA,ctis_businesskey,0.95,NA
sun pharma advanced research company,Sun Pharma Advanced Research Company,NA,NA,industry,llm_curated,1,NA
sun pharma advanced research company ltd,Sun Pharma Advanced Research Company,NA,NA,industry,llm_curated,1,NA
sun pharma advanced research company ltd sparc,Sun Pharma Advanced Research Company,NA,NA,industry,llm_curated,1,NA
sun pharma advanced research company sparc,Sun Pharma Advanced Research Company SPARC,NA,NA,unknown,self_alias,0.94,self
sun pharmaceutical,Sun Pharmaceutical,Sun Pharmaceutical,Sun Pharmaceutical,industry,llm_curated,0.9,NA
sun pharmaceutical industries limited,Sun Pharmaceutical,Sun Pharmaceutical,Sun Pharmaceutical,industry,llm_curated,1,NA
sun pharmaceutical industries limited spil,Sun Pharmaceutical,NA,NA,industry,llm_curated,1,NA
sundsvalls sjukhus,Sundsvalls sjukhus,NA,NA,hospital,self_alias,0.94,self
sunesis pharmaceuticals,Sunesis Pharmaceuticals,NA,NA,unknown,self_alias,0.94,self
sunovion pharmaceuticals,Sunovion Pharmaceuticals,NA,NA,industry,llm_curated,1,NA
sunovion pharmaceuticals inc,Sunovion Pharmaceuticals,NA,NA,industry,llm_curated,1,NA
sunovion respiratory development,Sunovion Respiratory Development,NA,NA,unknown,self_alias,0.94,self
sunuvion pharmaceuticals inc,Sunovion Pharmaceuticals,NA,NA,industry,llm_curated,1,NA
supernus pharmaceuticals,Supernus Pharmaceuticals,NA,NA,unknown,self_alias,0.94,self
suppremol,SuppreMol,NA,NA,unknown,self_alias,0.94,self
sutro biopharma,Sutro Biopharma,NA,NA,unknown,self_alias,0.94,self
suven life sciences,Suven Life Sciences,NA,NA,unknown,self_alias,0.94,self
suzhou connect biopharmaceuticals,Suzhou Connect Biopharmaceuticals,NA,NA,unknown,self_alias,0.94,self
suzhou ribo life science co,Suzhou Ribo Life Science Co.,NA,NA,unknown,self_alias,0.94,self
sven o skouby,Sven O. Skouby,NA,NA,hospital,self_alias,0.94,self
swanbio therapeutics,Swanbio Therapeutics,NA,NA,unknown,self_alias,0.94,self
swedish match north europe,Swedish Match North Europe,NA,NA,unknown,self_alias,0.94,self
swedish orphan biovitrum,Swedish Orphan Biovitrum,NA,NA,unknown,self_alias,0.94,self
swindon and marlborough nhs trust,Swindon and Marlborough NHS Trust,NA,NA,hospital,self_alias,0.94,self
swiss cardio technologies,Swiss Cardio Technologies,NA,NA,unknown,self_alias,0.94,self
swiss group for clinical cancer research,SAKK,SAKK,SAKK,cooperative_group,llm_curated,1,NA
swog,SWOG,NA,NA,cooperative_group,self_alias,0.94,self
sydnexis,Sydnexis,NA,NA,unknown,self_alias,0.94,self
sygehus snderjylland orthopedic department,Sygehus Sønderjylland,NA,NA,hospital,llm_curated,1,NA
sygehus sonderjylland,Sygehus Sønderjylland,NA,NA,hospital,self_alias,0.94,self
sygnis bioscience,SYGNIS Bioscience,NA,NA,unknown,self_alias,0.94,self
sykehuset ostfold hf,Sykehuset Østfold HF,NA,NA,hospital,self_alias,0.94,self
symbio pharmaceuticals,Symbio Pharmaceuticals,NA,NA,unknown,self_alias,0.94,self
symbiopharm,SymbioPharm,NA,NA,unknown,self_alias,0.94,self
symphogen,Symphogen,NA,NA,unknown,self_alias,0.94,self
synact pharma,SynAct Pharma,NA,NA,unknown,self_alias,0.94,self
synageva biopharma,Synageva BioPharma,NA,NA,unknown,self_alias,0.94,self
synagile,SynAgile,NA,NA,unknown,self_alias,0.94,self
synairgen research,Synairgen Research,NA,NA,unknown,self_alias,0.94,self
synartro,Synartro,NA,NA,unknown,self_alias,0.94,self
syncore biotechnology co,SynCore Biotechnology Co.,NA,NA,unknown,self_alias,0.94,self
synergia pharma,Synergia Pharma,NA,NA,unknown,self_alias,0.94,self
synermore biologics co,Synermore Biologics Co.,NA,NA,unknown,self_alias,0.94,self
syneurx international taiwan,SyneuRx International Taiwan,NA,NA,unknown,self_alias,0.94,self
synnovation therapeutics,Synnovation Therapeutics,NA,NA,unknown,self_alias,0.94,self
synosia therapeutics,Synosia Therapeutics,NA,NA,unknown,self_alias,0.94,self
synox therapeutics,SynOx Therapeutics,NA,NA,unknown,self_alias,0.94,self
synphora,Synphora,NA,NA,unknown,self_alias,0.94,self
synspira therapeutics,Synspira Therapeutics,NA,NA,unknown,self_alias,0.94,self
synthekine,Synthekine,NA,NA,unknown,self_alias,0.94,self
synthetic biologics,Synthetic Biologics,NA,NA,unknown,self_alias,0.94,self
synthorx,Synthorx,NA,NA,unknown,self_alias,0.94,self
syntopix group,Syntopix Group,NA,NA,unknown,self_alias,0.94,self
syqe medical,Syqe Medical,NA,NA,unknown,self_alias,0.94,self
syros pharmaceuticals,Syros Pharmaceuticals,NA,NA,unknown,self_alias,0.94,self
systems medicine,Systems Medicine,NA,NA,unknown,self_alias,0.94,self
systimmune,SystImmune,NA,NA,unknown,self_alias,0.94,self
t o a d oncology,T.O.A.D. Oncology,NA,NA,unknown,self_alias,0.94,self
t-balance therapeutics,T-Balance Therapeutics,NA,NA,unknown,self_alias,0.94,self
t-knife,T-Knife,NA,NA,unknown,self_alias,0.94,self
t3 pharmaceuticals,T3 Pharmaceuticals,NA,NA,unknown,self_alias,0.94,self
tacurion pharma,Tacurion Pharma,NA,NA,unknown,self_alias,0.94,self
taiho oncology,Taiho Oncology,NA,NA,unknown,self_alias,0.94,self
takeda,Takeda,Takeda,Takeda,industry,llm_curated,1,NA
takeda oncology,Takeda,Takeda,Takeda,industry,llm_curated,1,NA
takeda pharmaceutical company limited,Takeda,Takeda,Takeda,industry,llm_curated,1,NA
takis,Takis,NA,NA,unknown,self_alias,0.94,self
tallaght university hospital,Tallaght University Hospital,NA,NA,hospital,self_alias,0.94,self
talon therapeutics,Talon Therapeutics,NA,NA,unknown,self_alias,0.94,self
tanabe pharma america,Tanabe Pharma America,NA,NA,unknown,self_alias,0.94,self
tanabe seiyaku co,Tanabe Seiyaku Co.,NA,NA,unknown,self_alias,0.94,self
tango therapeutics,Tango Therapeutics,NA,NA,unknown,self_alias,0.94,self
tanvex biologics,Tanvex Biologics,NA,NA,unknown,self_alias,0.94,self
tap pharmaceutical products,TAP Pharmaceutical Products,NA,NA,unknown,self_alias,0.94,self
tapestry pharmaceuticals,Tapestry Pharmaceuticals,NA,NA,unknown,self_alias,0.94,self
tarchominskie zaklady farmaceutyczne polfa,Tarchominskie Zaklady Farmaceutyczne Polfa,NA,NA,unknown,self_alias,0.94,self
targacept,Targacept,NA,NA,unknown,self_alias,0.94,self
targanta therapeutics,Targanta Therapeutics,NA,NA,unknown,self_alias,0.94,self
targed biopharmaceuticals,TargED Biopharmaceuticals,NA,NA,unknown,self_alias,0.94,self
targovax,Targovax,NA,NA,unknown,self_alias,0.94,self
tarsa therapeutics,Tarsa Therapeutics,NA,NA,unknown,self_alias,0.94,self
tarsier pharma,Tarsier Pharma,NA,NA,unknown,self_alias,0.94,self
tarveda therapeutics,Tarveda Therapeutics,NA,NA,unknown,self_alias,0.94,self
tasly pharmaceuticals,Tasly Pharmaceuticals,NA,NA,unknown,self_alias,0.94,self
tatiana cobo ibanez / gemma maria mora ortega,Tatiana Cobo Ibáñez / Gemma María Mora Ortega,NA,NA,unknown,self_alias,0.94,self
tauernkliniken,Tauernkliniken,NA,NA,unknown,self_alias,0.94,self
taunton and somerset nhs trust,Taunton and Somerset NHS Trust,NA,NA,hospital,self_alias,0.94,self
taurx therapeutics,TauRx Therapeutics,NA,NA,unknown,self_alias,0.94,self
tavanta therapeutics,Tavanta Therapeutics,NA,NA,unknown,self_alias,0.94,self
taxolog,Taxolog,NA,NA,unknown,self_alias,0.94,self
tays sydnsairaala,TAYS Sydänsairaala,NA,NA,hospital,llm_curated,1,NA
tayside medical sciences centre on behalf of university of dundee,University of Dundee,NA,NA,academic,llm_curated,1,NA
tc biopharm,TC BioPharm,NA,NA,unknown,self_alias,0.94,self
techfields,Techfields,NA,NA,unknown,self_alias,0.94,self
technische universitat dresden,Technische Universitat Dresden,NA,NA,NA,ctis_businesskey,0.95,NA
technische universitat munchen,Technische Universität München,NA,NA,academic,llm_curated,1,NA
technische universitt mnchen,Technische Universität München,Technische Universität München,Technische Universität München,academic,llm_curated,1,NA
technische universitt mnchen fakultt fr medizin,Technische Universität München,NA,NA,academic,llm_curated,1,NA
technische universitt mnchen fakultt fr medizin vertreten durch,Technische Universität München,NA,NA,academic,llm_curated,1,NA
technophage investigacao e desenvolvimento em biotecnologia,Technophage Investigacao E Desenvolvimento Em Biotecnologia,NA,NA,unknown,self_alias,0.94,self
tecnimede sociedade tecnico-medicinal,"Tecnimede, Sociedade Técnico-Medicinal",NA,NA,unknown,self_alias,0.94,self
tectonic therapeutic,Tectonic Therapeutic,NA,NA,unknown,self_alias,0.94,self
tedec meiji farma,Tedec Meiji Farma,NA,NA,unknown,self_alias,0.94,self
teikoku pharma,Teikoku Pharma,NA,NA,unknown,self_alias,0.94,self
teikoku seiyaku co,Teikoku Seiyaku Co.,NA,NA,unknown,self_alias,0.94,self
teitur trophics,Teitur Trophics,NA,NA,unknown,self_alias,0.94,self
telik,Telik,NA,NA,unknown,self_alias,0.94,self
telios pharma,Telios Pharma,NA,NA,unknown,self_alias,0.94,self
telix international,Telix International,NA,NA,unknown,self_alias,0.94,self
tenax therapeutics,Tenax Therapeutics,NA,NA,unknown,self_alias,0.94,self
tenboron,Tenboron,NA,NA,unknown,self_alias,0.94,self
tengion,Tengion,NA,NA,unknown,self_alias,0.94,self
tenvie therapeutics,Tenvie Therapeutics,NA,NA,unknown,self_alias,0.94,self
tenx biopharma,TenX Biopharma,NA,NA,industry,self_alias,0.94,self
tergooi hospital,Tergooi Hospital,NA,NA,hospital,self_alias,0.94,self
tern therapeutics,Tern Therapeutics,NA,NA,unknown,self_alias,0.94,self
terns,Terns,NA,NA,unknown,self_alias,0.94,self
tesaro,Tesaro,NA,NA,unknown,self_alias,0.94,self
tetec tissue engineering technologies,TETEC Tissue Engineering Technologies,NA,NA,unknown,self_alias,0.94,self
tetherex pharmaceuticals,Tetherex Pharmaceuticals,NA,NA,unknown,self_alias,0.94,self
tetra pharm technologies,Tetra Pharm Technologies,NA,NA,unknown,self_alias,0.94,self
tetraphase pharmaceuticals,Tetraphase Pharmaceuticals,NA,NA,unknown,self_alias,0.94,self
teva,Teva,Teva,Teva,industry,llm_curated,1,NA
teva branded pharmaceutical products rd inc,Teva,Teva,Teva,industry,llm_curated,1,NA
teva pharmaceutical,Teva,Teva,Teva,industry,llm_curated,1,NA
teva pharmaceutical industries ltd,Teva,Teva,Teva,industry,llm_curated,1,NA
teva pharmaceuticals inc,Teva,NA,NA,industry,llm_curated,1,NA
tff pharmaceuticals,TFF Pharmaceuticals,NA,NA,unknown,self_alias,0.94,self
tg therapeutics inc,TG Therapeutics,NA,NA,industry,llm_curated,1,NA
the aurum institute,The Aurum Institute,NA,NA,unknown,self_alias,0.94,self
the christie nhs foundation trust,The Christie NHS Foundation Trust,The Christie NHS Foundation Trust,The Christie NHS Foundation Trust,hospital,llm_curated,1,NA
the immune response,The Immune Response,NA,NA,unknown,self_alias,0.94,self
the leeds teaching hospitals nhs trust,The Leeds Teaching Hospitals NHS Trust,The Leeds Teaching Hospitals NHS Trust,The Leeds Teaching Hospitals NHS Trust,hospital,llm_curated,1,NA
the medicines evaluation unit meu,The Medicines Evaluation Unit MEU,NA,NA,unknown,self_alias,0.94,self
the mentholatum company,The Mentholatum Company,NA,NA,unknown,self_alias,0.94,self
the pharmaceutical company lek-am sp zoo / przedsiebiorstwo farmaceutyczne polpharma,The Pharmaceutical Company LEK-AM Sp. Zoo. / Przedsiebiorstwo Farmaceutyczne Polpharma,NA,NA,unknown,self_alias,0.94,self
the royal marsden nhs foundation,The Royal Marsden NHS Foundation Trust,NA,NA,hospital,llm_curated,1,NA
the royal marsden nhs foundation trust,The Royal Marsden NHS Foundation Trust,The Royal Marsden NHS Foundation Trust,The Royal Marsden NHS Foundation Trust,hospital,llm_curated,1,NA
the symbio herborn group,The Symbio Herborn Group,NA,NA,unknown,self_alias,0.94,self
the university of dundee,University of Dundee,University Of Dundee,University Of Dundee,academic,llm_curated,1,NA
themis bioscience,Themis Bioscience,NA,NA,unknown,self_alias,0.94,self
thena biotech,Thena Biotech,NA,NA,unknown,self_alias,0.94,self
theolytics,Theolytics,NA,NA,unknown,self_alias,0.94,self
therabel pharmaceuticals,Therabel Pharmaceuticals,NA,NA,unknown,self_alias,0.94,self
therabron therapeutics,Therabron Therapeutics,NA,NA,unknown,self_alias,0.94,self
theraclone sciences,Theraclone Sciences,NA,NA,unknown,self_alias,0.94,self
theracos sub,Theracos Sub,NA,NA,unknown,self_alias,0.94,self
theradex europe,Theradex Europe,NA,NA,unknown,self_alias,0.94,self
theragnostics,Theragnostics,NA,NA,unknown,self_alias,0.94,self
therakind,Therakind,NA,NA,unknown,self_alias,0.94,self
therakos,Therakos,NA,NA,industry,llm_curated,1,NA
theranexus,Theranexus,NA,NA,unknown,self_alias,0.94,self
therapix biosciences,Therapix Biosciences,NA,NA,unknown,self_alias,0.94,self
theras,Theras,NA,NA,unknown,self_alias,0.94,self
theratechnologies,Theratechnologies,NA,NA,unknown,self_alias,0.94,self
therini bio,Therini Bio,NA,NA,unknown,self_alias,0.94,self
theriva biologics,Theriva Biologics,NA,NA,unknown,self_alias,0.94,self
thermosome,Thermosome,NA,NA,unknown,self_alias,0.94,self
theseus pharmaceuticals,Theseus Pharmaceuticals,NA,NA,unknown,self_alias,0.94,self
thirty respiratory,Thirty Respiratory,NA,NA,unknown,self_alias,0.94,self
thomas muller jensen,Thomas Müller Jensen,NA,NA,unknown,self_alias,0.94,self
thoraxcentrum erasmus mc,Erasmus MC,NA,NA,hospital,llm_curated,1,NA
thornton ross,Thornton Ross,NA,NA,unknown,self_alias,0.94,self
thrombogenics,ThromboGenics,NA,NA,unknown,self_alias,0.94,self
thrombotech,Thrombotech,NA,NA,unknown,self_alias,0.94,self
tiakis biotech,Tiakis Biotech,NA,NA,unknown,self_alias,0.94,self
tiburio therapeutics,Tiburio Therapeutics,NA,NA,unknown,self_alias,0.94,self
tigenix,TiGenix,NA,NA,unknown,self_alias,0.94,self
tigercat pharma,Tigercat Pharma,NA,NA,unknown,self_alias,0.94,self
tikomed,TikoMed,NA,NA,unknown,self_alias,0.94,self
tillotts pharma,Tillotts Pharma,NA,NA,unknown,self_alias,0.94,self
tilt biotherapeutics,TILT Biotherapeutics,NA,NA,unknown,self_alias,0.94,self
timber pharmaceuticals,Timber Pharmaceuticals,NA,NA,unknown,self_alias,0.94,self
tiohundra,Tiohundra,NA,NA,unknown,self_alias,0.94,self
tioma therapeutics,Tioma Therapeutics,NA,NA,unknown,self_alias,0.94,self
tisento therapeutics,Tisento Therapeutics,NA,NA,unknown,self_alias,0.94,self
tiumbio co,TiumBio Co.,NA,NA,unknown,self_alias,0.94,self
tiziana life sciences,Tiziana Life Sciences,NA,NA,unknown,self_alias,0.94,self
tlt medical,TLT Medical,NA,NA,unknown,self_alias,0.94,self
tme pharma,TME Pharma,NA,NA,unknown,self_alias,0.94,self
to-bbb technologies,to-BBB technologies,NA,NA,unknown,self_alias,0.94,self
tobira therapeutics,Tobira Therapeutics,NA,NA,industry,self_alias,0.94,self
tokai pharmaceuticals,Tokai Pharmaceuticals,NA,NA,unknown,self_alias,0.94,self
toleranzia,Toleranzia,NA,NA,unknown,self_alias,0.94,self
tolero pharmaceuticals,Tolero Pharmaceuticals,NA,NA,unknown,self_alias,0.94,self
tolerogenixx,TolerogenixX,NA,NA,unknown,self_alias,0.94,self
tolerrx,TolerRx,NA,NA,unknown,self_alias,0.94,self
tolerx,Tolerx,NA,NA,unknown,self_alias,0.94,self
tolremo therapeutics,Tolremo Therapeutics,NA,NA,NA,self_alias,0.94,self
tolremo therapeutics ag,Tolremo Therapeutics,NA,NA,NA,ctis_businesskey,0.95,NA
topadur pharma,Topadur Pharma,NA,NA,unknown,self_alias,0.94,self
topas therapeutics,Topas Therapeutics,NA,NA,unknown,self_alias,0.94,self
topigen pharmaceuticals,TOPIGEN Pharmaceuticals,NA,NA,unknown,self_alias,0.94,self
topivert pharma,Topivert Pharma,NA,NA,unknown,self_alias,0.94,self
topotarget germany,TopoTarget Germany,NA,NA,unknown,self_alias,0.94,self
toray industries,Toray Industries,NA,NA,unknown,self_alias,0.94,self
torl biotherapeutics,Torl Biotherapeutics,NA,NA,unknown,self_alias,0.94,self
torrent pharmaceuticals,Torrent Pharmaceuticals,NA,NA,unknown,self_alias,0.94,self
totus medicines,Totus Medicines,NA,NA,unknown,self_alias,0.94,self
toulouse university hospital,CHU de Toulouse,NA,NA,hospital,llm_curated,1,NA
tourmaline bio,Tourmaline Bio,NA,NA,unknown,self_alias,0.94,self
tracon pharmaceuticals,TRACON Pharmaceuticals,NA,NA,unknown,self_alias,0.94,self
tranquis therapeutics,Tranquis Therapeutics,NA,NA,unknown,self_alias,0.94,self
transave,Transave,NA,NA,unknown,self_alias,0.94,self
transcend therapeutics,Transcend Therapeutics,NA,NA,unknown,self_alias,0.94,self
transposon therapeutics,Transposon Therapeutics,NA,NA,unknown,self_alias,0.94,self
transthera sciences nanjing,Transthera Sciences (Nanjing),NA,NA,unknown,self_alias,0.94,self
tranzyme,Tranzyme,NA,NA,unknown,self_alias,0.94,self
travere therapeutics,Travere Therapeutics,NA,NA,unknown,self_alias,0.94,self
trb chemedica international,TRB Chemedica International,NA,NA,unknown,self_alias,0.94,self
treeline biosciences,Treeline Biosciences,NA,NA,unknown,self_alias,0.94,self
treeway tw001ad,Treeway TW001AD,NA,NA,unknown,self_alias,0.94,self
tremeau pharmaceuticals,Tremeau Pharmaceuticals,NA,NA,unknown,self_alias,0.94,self
trevena,Trevena,NA,NA,unknown,self_alias,0.94,self
trevi therapeutics,Trevi Therapeutics,NA,NA,unknown,self_alias,0.94,self
trf pharma,TRF Pharma,NA,NA,unknown,self_alias,0.94,self
trichocare diagnostics,Trichocare Diagnostics,NA,NA,unknown,self_alias,0.94,self
tricholog,TRICHOLOG,NA,NA,unknown,self_alias,0.94,self
tricida,Tricida,NA,NA,unknown,self_alias,0.94,self
trimed biotech,Trimed Biotech,NA,NA,unknown,self_alias,0.94,self
trimel biopharma,Trimel Biopharma,NA,NA,unknown,self_alias,0.94,self
trio medicines,Trio Medicines,NA,NA,unknown,self_alias,0.94,self
tripep,Tripep,NA,NA,unknown,self_alias,0.94,self
trishula therapeutics,Trishula Therapeutics,NA,NA,unknown,self_alias,0.94,self
trius therapeutics,Trius Therapeutics,NA,NA,unknown,self_alias,0.94,self
triveni bio,Triveni Bio,NA,NA,unknown,self_alias,0.94,self
trizell,Trizell,NA,NA,unknown,self_alias,0.94,self
tubulis,Tubulis,NA,NA,unknown,self_alias,0.94,self
turku pet centre,Turku University Hospital,NA,NA,hospital,llm_curated,1,NA
turku university hospital,Turku University Hospital,NA,NA,NA,ctis_businesskey,0.95,NA
turning point therapeutics,Turning Point Therapeutics,NA,NA,unknown,self_alias,0.94,self
turnsole biologics,TurnSole Biologics,NA,NA,unknown,self_alias,0.94,self
twi biotechnology,Twi Biotechnology,NA,NA,unknown,self_alias,0.94,self
tyra biosciences,Tyra Biosciences,NA,NA,unknown,self_alias,0.94,self
u z gasthuisberg,UZ Leuven,UZ Leuven,UZ Leuven,hospital,llm_curated,1,NA
ubix therapeutics,Ubix Therapeutics,NA,NA,unknown,self_alias,0.94,self
ucb,UCB,UCB,UCB,industry,llm_curated,1,NA
ucb biopharma,UCB,UCB,UCB,industry,llm_curated,1,NA
ucb biopharma srl,UCB,UCB,UCB,industry,llm_curated,1,NA
ucb pharma,UCB,UCB,UCB,industry,llm_curated,1,NA
ucb pharma sa,UCB,UCB,UCB,industry,llm_curated,1,NA
ucl,University College London,University College London,University College London,academic,llm_curated,0.85,NA
ucl cctu,University College London,NA,NA,academic,llm_curated,1,NA
ucl comprehensive clinical trials unit,University College London,NA,NA,academic,llm_curated,1,NA
uh montpellier,CHU de Montpellier,NA,NA,hospital,llm_curated,1,NA
uk fr ansthesiologie und allgemeine intensivmedizin,Universitätsklinik für Anästhesiologie und allgemeine Intensivmedizin,NA,NA,hospital,llm_curated,1,NA
ulb erasme,CUB - Hôpital Erasme,NA,NA,hospital,llm_curated,1,NA
ulleval university hospital,Ullevål University Hospital,NA,NA,hospital,self_alias,0.94,self
ullevl university hospital,Ullevål University Hospital,NA,NA,hospital,llm_curated,1,NA
ulster community and hospitals trust,Ulster Community & Hospitals Trust,NA,NA,hospital,self_alias,0.94,self
ultimovacs,Ultimovacs,NA,NA,unknown,self_alias,0.94,self
ultragenyx pharmaceutical,Ultragenyx Pharmaceutical,NA,NA,unknown,self_alias,0.94,self
umc st radboud,Radboudumc,Radboudumc,Radboudumc,hospital,llm_curated,1,NA
umc st radboud university hospital center,Radboudumc,Radboudumc,Radboudumc,hospital,llm_curated,1,NA
umc utrecht,University Medical Center Utrecht,University Medical Center Utrecht,University Medical Center Utrecht,hospital,llm_curated,1,NA
umcg,University Medical Center Groningen,University Medical Center Groningen,University Medical Center Groningen,hospital,llm_curated,1,NA
umcn,Radboudumc,Radboudumc,Radboudumc,hospital,llm_curated,1,NA
umcn department pharm-tox,Radboudumc,Radboudumc,Radboudumc,hospital,llm_curated,1,NA
umcn farm-tox,Radboudumc,Radboudumc,Radboudumc,hospital,llm_curated,1,NA
umcu,University Medical Center Utrecht,University Medical Center Utrecht,University Medical Center Utrecht,hospital,llm_curated,1,NA
umea universitet,Umeå Universitet,NA,NA,unknown,self_alias,0.94,self
umea university hospital,Umeå University Hospital,NA,NA,hospital,self_alias,0.94,self
umecrine cognition,Umecrine Cognition,NA,NA,unknown,self_alias,0.94,self
umecrine mood,Umecrine Mood,NA,NA,unknown,self_alias,0.94,self
uni-pharma kleon tsetis pharmaceutical laboratories,Uni-Pharma Kleon Tsetis Pharmaceutical Laboratories,NA,NA,unknown,self_alias,0.94,self
unicancer,Unicancer,Unicancer,Unicancer,cooperative_group,llm_curated,1,NA
unicyte,Unicyte,NA,NA,unknown,self_alias,0.94,self
unidad integral de investigacion en oncologia,Unidad Integral de Investigación en Oncología,NA,NA,unknown,self_alias,0.94,self
unidade local de saude de santa maria e p e / instituto de medicina molecular,Unidade Local de Saúde de Santa Maria E.P.E. / Instituto de Medicina Molecular,NA,NA,unknown,self_alias,0.94,self
unigene laboratories,Unigene Laboratories,NA,NA,unknown,self_alias,0.94,self
unilfarma - uniao internacional de laboratorios farmaceuticos lda,"Unilfarma - União Internacional de Laboratórios Farmacêuticos, Lda.",NA,NA,unknown,self_alias,0.94,self
union therapeutics,UNION therapeutics,NA,NA,unknown,self_alias,0.94,self
uniqure biopharma,uniQure biopharma,NA,NA,unknown,self_alias,0.94,self
united therapeutics,United Therapeutics,United Therapeutics,United Therapeutics,industry,llm_curated,0.9,NA
united therapeutics corp,United Therapeutics,United Therapeutics,United Therapeutics,industry,llm_curated,1,NA
united therapeutics corporation,United Therapeutics,United Therapeutics,United Therapeutics,industry,llm_curated,1,NA
unity health toronto,Unity Health Toronto,NA,NA,unknown,self_alias,0.94,self
univar solutions,Univar Solutions,NA,NA,unknown,self_alias,0.94,self
univeristy medical center groningen,University Medical Center Groningen,NA,NA,hospital,llm_curated,1,NA
univeristy medical center utrecht,University Medical Center Utrecht,NA,NA,hospital,llm_curated,1,NA
univeristy of cologne,University of Cologne,NA,NA,academic,llm_curated,1,NA
univeristy of leeds,University of Leeds,NA,NA,academic,llm_curated,1,NA
univeritetssjukhuset rebro / universitetssjukhuset rebro,Örebro University Hospital,NA,NA,hospital,llm_curated,1,NA
univerity hospital leuven,UZ Leuven,NA,NA,hospital,llm_curated,1,NA
univerity hospitals leuven,UZ Leuven,NA,NA,hospital,llm_curated,1,NA
universidad autonoma de madrid,Universidad Autónoma de Madrid,NA,NA,academic,self_alias,0.94,self
universidad catolica de murcia ucam,Universidad Católica de Murcia UCAM,NA,NA,academic,self_alias,0.94,self
universit degli studi  milano bicocca,University Of Milano Bicocca,NA,NA,academic,llm_curated,1,NA
universit degli studi di perugia,Università degli Studi di Perugia,NA,NA,academic,llm_curated,1,NA
universit degli studi g dannunzio chieti-pescara,Università degli Studi G. d'Annunzio Chieti-Pescara,NA,NA,academic,llm_curated,1,NA
universita  campus biomedico,Università Campus Bio-Medico di Roma,NA,NA,academic,llm_curated,1,NA
universita  degli studi di pavia,Università degli Studi di Pavia,NA,NA,academic,llm_curated,1,NA
universita campus bio-medico di roma,Università Campus Bio-Medico di Roma,NA,NA,academic,self_alias,0.94,self
universita degli studi aldo moro,Università degli Studi Aldo Moro,NA,NA,academic,self_alias,0.94,self
universita degli studi dell'insubria,Università degli Studi dell'Insubria,NA,NA,unknown,self_alias,0.94,self
universita degli studi della campania luigi vanvitelli,Università degli Studi della Campania Luigi Vanvitelli,NA,NA,academic,self_alias,0.94,self
universita degli studi di camerino,Università degli Studi di Camerino,NA,NA,unknown,self_alias,0.94,self
universita degli studi di ferrara,Università degli Studi di Ferrara,NA,NA,academic,llm_curated,1,NA
universita degli studi di firenze,Università degli Studi di Firenze,NA,NA,academic,llm_curated,1,NA
universita degli studi di genova,Universita Degli Studi Di Genova,NA,NA,NA,ctis_businesskey,0.95,NA
universita degli studi di messina,Università degli Studi di Messina,NA,NA,academic,llm_curated,1,NA
universita degli studi di milano-bicocca,University Of Milano Bicocca,NA,NA,academic,llm_curated,1,NA
universita degli studi di modena e reggio emilia,Università degli Studi di Modena e Reggio Emilia,NA,NA,unknown,self_alias,0.94,self
universita degli studi di roma la sapienza,Universita Degli Studi Di Roma La Sapienza,NA,NA,NA,ctis_businesskey,0.95,NA
universita degli studi di torino,Università degli Studi di Torino,NA,NA,academic,llm_curated,1,NA
universita degli studi di torino / istituto di ricerche farmacologiche mario negri,Università degli Studi di Torino / Istituto Di Ricerche Farmacologiche Mario Negri,NA,NA,unknown,self_alias,0.94,self
universita degli studi di trieste,Università degli Studi di Trieste,NA,NA,academic,self_alias,0.94,self
universita degli studi di verona,Universita Degli Studi Di Verona,NA,NA,NA,ctis_businesskey,0.95,NA
universita degli studi g d'annunzio chieti-pescara,Università degli Studi G. d'Annunzio Chieti-Pescara,NA,NA,academic,self_alias,0.94,self
universita degli studi g. dannunzio chieti,Università degli Studi G. d'Annunzio Chieti-Pescara,NA,NA,academic,llm_curated,1,NA
universita del piemonte orientale,Università del Piemonte Orientale,NA,NA,academic,self_alias,0.94,self
universita di modena e reggio emilia,Università di Modena e Reggio Emilia,NA,NA,academic,self_alias,0.94,self
universita di sassari,Università di Sassari,NA,NA,unknown,self_alias,0.94,self
universita vita-salute san raffaele,Università Vita-Salute San Raffaele,NA,NA,academic,self_alias,0.94,self
universita' degli studi di napoli federico ii,Universita' Degli Studi Di Napoli Federico II,NA,NA,NA,ctis_businesskey,0.95,NA
universita' degli studi di perugia,Università degli Studi di Perugia,NA,NA,academic,llm_curated,1,NA
universita' vita-salute s. raffaele,Università Vita-Salute San Raffaele,NA,NA,academic,llm_curated,1,NA
universitaet leipzig,Universitaet Leipzig,NA,NA,NA,ctis_businesskey,0.95,NA
universitaetsklinikum hamburg,University Medical Center Hamburg-Eppendorf,University Medical Center Hamburg-Eppendorf,University Medical Center Hamburg-Eppendorf,hospital,llm_curated,1,NA
universitaetsklinikum hamburg-eppendorf,University Medical Center Hamburg-Eppendorf,University Medical Center Hamburg-Eppendorf,University Medical Center Hamburg-Eppendorf,hospital,llm_curated,1,NA
universitaetsklinikum regensburg,Universitaetsklinikum Regensburg,NA,NA,NA,ctis_businesskey,0.95,NA
universitaetsklinikum schleswig-holstein,Universitaetsklinikum Schleswig-Holstein,NA,NA,NA,ctis_businesskey,0.95,NA
universitaetsklinikum tuebingen,Universitätsklinikum Tübingen,Universitätsklinikum Tübingen,Universitätsklinikum Tübingen,hospital,llm_curated,1,NA
universitaetsklinikum ulm aor,Universitaetsklinikum Ulm AöR,NA,NA,NA,ctis_businesskey,0.95,NA
universitair medisch centrum groningen,University Medical Center Groningen,University Medical Center Groningen,University Medical Center Groningen,hospital,llm_curated,1,NA
universitair medisch centrum utrecht,University Medical Center Utrecht,University Medical Center Utrecht,University Medical Center Utrecht,hospital,llm_curated,1,NA
universitair ziekenhuis brussel,UZ Brussel,UZ Brussel,UZ Brussel,hospital,llm_curated,1,NA
universitair ziekenhuis gent,University Hospital Ghent,University Hospital Ghent,University Hospital Ghent,hospital,llm_curated,1,NA
universitair ziekenhuis leuven uz leuven,UZ Leuven,NA,NA,hospital,llm_curated,1,NA
universitaire ziekenhuis leuven,UZ Leuven,UZ Leuven,UZ Leuven,hospital,llm_curated,1,NA
universitares herzzentrum hamburg,Universitäres Herzzentrum Hamburg,NA,NA,unknown,self_alias,0.94,self
universitares herzzentrum hamburg-eppendorf,Universitäres Herzzentrum Hamburg-Eppendorf,NA,NA,unknown,self_alias,0.94,self
universitat bremen,Universität Bremen,NA,NA,unknown,self_alias,0.94,self
universitat innsbruck institut fur biomedizinische alternsforschung,"Universität Innsbruck, Institut für Biomedizinische Alternsforschung",NA,NA,unknown,self_alias,0.94,self
universitat regensburg,Universität Regensburg,NA,NA,hospital,self_alias,0.94,self
universitat ulm,Universität Ulm,NA,NA,unknown,self_alias,0.94,self
universitat witten/herdecke,Universität Witten/Herdecke,NA,NA,unknown,self_alias,0.94,self
universitat zu koln,Universität zu Köln,NA,NA,unknown,self_alias,0.94,self
universitats-herzzentrum freiburg - bad krozingen,Universitäts-Herzzentrum Freiburg - Bad Krozingen,NA,NA,unknown,self_alias,0.94,self
universitatshautklinik kiel,Universitätshautklinik Kiel,NA,NA,hospital,self_alias,0.94,self
universitatskinderklinik heidelberg,Universitätskinderklinik Heidelberg,NA,NA,hospital,self_alias,0.94,self
universitatskinderklinik innsbruck,Universitätskinderklinik Innsbruck,NA,NA,hospital,self_alias,0.94,self
universitatskinderspital beider basel ukbb,Universitätskinderspital beider Basel UKBB,NA,NA,unknown,self_alias,0.94,self
universitatsklinikum bonn,Universitätsklinikum Bonn,NA,NA,hospital,llm_curated,1,NA
universitatsklinikum erlangen,Universitätsklinikum Erlangen,University Hospital Erlangen,University Hospital Erlangen,hospital,self_alias,0.94,self
universitatsklinikum essen,Universitätsklinikum Essen,Universitätsklinikum Essen,Universitätsklinikum Essen,hospital,llm_curated,1,NA
universitatsklinikum freiburg,Universitätsklinikum Freiburg,NA,NA,hospital,self_alias,0.94,self
universitatsklinikum knappschaftskrankenhaus bochum gmbh,Universitätsklinikum Knappschaftskrankenhaus Bochum GmbH,NA,NA,hospital,self_alias,0.94,self
universitatsklinikum munster,Universitätsklinikum Münster,NA,NA,hospital,self_alias,0.94,self
universitatsklinikum schleswig-holstein,Universitätsklinikum Schleswig-Holstein,NA,NA,hospital,self_alias,0.94,self
universitatsklinikum tubingen,Universitätsklinikum Tübingen,Universitätsklinikum Tübingen,Universitätsklinikum Tübingen,hospital,self_alias,0.94,self
universitatsmedizin der johannes gutenberg-universitat mainz kor,Universitatsmedizin der Johannes Gutenberg-Universitat Mainz KöR,NA,NA,NA,ctis_businesskey,0.95,NA
universitatsmedizin greifswald,Universitätsmedizin Greifswald,NA,NA,unknown,self_alias,0.94,self
universitatsmedizin rostock,Universitätsmedizin Rostock,NA,NA,unknown,self_alias,0.94,self
universitatsspital zurich,Universitätsspital Zürich,NA,NA,unknown,self_alias,0.94,self
universite de liege / chu de liege,Universite De Liege / CHU De Liege,NA,NA,NA,ctis_businesskey,0.95,NA
universite de sherbrooke,Université de Sherbrooke,NA,NA,academic,self_alias,0.94,self
universite paris cite,Université Paris Cité,NA,NA,unknown,self_alias,0.94,self
universiteit gent,Ghent University,Ghent University,Ghent University,academic,llm_curated,1,NA
universitetssykehuset nord-norge hf,Universitetssykehuset Nord-Norge HF,NA,NA,NA,ctis_businesskey,0.95,NA
universitni nemocnice olomouc,Universitní nemocnice Olomouc,NA,NA,hospital,self_alias,0.94,self
universitt innsbruck institut fr biomedizinische alternsforschung,"Universität Innsbruck, Institut für Biomedizinische Alternsforschung",NA,NA,academic,llm_curated,1,NA
universittshautklinik kiel,Universitätshautklinik Kiel,NA,NA,hospital,llm_curated,1,NA
universittskinderklinik heidelberg,Universitätskinderklinik Heidelberg,NA,NA,hospital,llm_curated,1,NA
universittskinderklinik innsbruck,Universitätskinderklinik Innsbruck,NA,NA,hospital,llm_curated,1,NA
universittsklinik fr augenheilkunde und optometrie,Medical University Of Vienna,NA,NA,hospital,llm_curated,1,NA
universittsklinik fr dermatologie paracelsus medizinische privatuniversitat,Paracelsus Medical University,NA,NA,hospital,llm_curated,1,NA
universittsklinik fr innere medizin iv klinische abteilung gastroenterologie und hepatologie,Medical University Of Vienna,Medical University Of Vienna,Medical University Of Vienna,hospital,llm_curated,1,NA
universittsklinik fr kinder- und jugendheilkunde,Medical University Of Vienna,NA,NA,hospital,llm_curated,1,NA
universittsklinik fr kinder-und jugendheilkunde,Medical University Of Vienna,NA,NA,hospital,llm_curated,1,NA
universittsklinik fr klinische pharmakologie,Medical University Of Vienna,NA,NA,hospital,llm_curated,1,NA
universittsklinik fr neurologie medizinische universitt wien,Medical University Of Vienna,Medical University Of Vienna,Medical University Of Vienna,hospital,llm_curated,1,NA
universittsklinik mainz pneumologie,Universitatsmedizin der Johannes Gutenberg-Universitat Mainz KöR,Universitatsmedizin der Johannes Gutenberg-Universitat Mainz KöR,Universitatsmedizin der Johannes Gutenberg-Universitat Mainz KöR,hospital,llm_curated,1,NA
universittsklinikum bonn klinik und poliklinik fr psychiatrie und psychotherapie,Universitaetsklinikum Bonn,NA,NA,hospital,llm_curated,1,NA
universittsklinikum der medizinischen fakultt freiburg,Universitätsklinikum Freiburg,NA,NA,hospital,llm_curated,1,NA
universittsklinikum des saarlandes,Universitätsklinikum des Saarlandes,NA,NA,hospital,llm_curated,1,NA
universittsklinikum essen,Universitätsklinikum Essen,Universitätsklinikum Essen,Universitätsklinikum Essen,hospital,llm_curated,1,NA
universittsklinikum essen - zentrum fr innere medizin - klinik fr endokrinologie,Universitätsklinikum Essen,NA,NA,hospital,llm_curated,1,NA
universittsklinikum frankfurt,Goethe-Universität Frankfurt am Main,NA,NA,academic,llm_curated,1,NA
universittsklinikum freiburg leitender arztlicher direktor,Universitätsklinikum Freiburg,NA,NA,hospital,llm_curated,1,NA
universittsklinikum greifswald der ernst-moritz-arndt universitt greifswald ar,Universitätsklinikum Greifswald,NA,NA,hospital,llm_curated,1,NA
universittsklinikum hamburg-eppendorf,University Medical Center Hamburg-Eppendorf,University Medical Center Hamburg-Eppendorf,University Medical Center Hamburg-Eppendorf,hospital,llm_curated,1,NA
universittsklinikum schleswig-holstein -sh,Universitätsklinikum Schleswig-Holstein,NA,NA,hospital,llm_curated,1,NA
universittsklinikum schleswig-holstein uksh,Universitätsklinikum Schleswig-Holstein,NA,NA,hospital,llm_curated,1,NA
universittsklinikum ulm ar,Universitaetsklinikum Ulm AöR,Universitaetsklinikum Ulm AöR,Universitaetsklinikum Ulm AöR,hospital,llm_curated,1,NA
universittsklinkum erlangen,Universitätsklinikum Erlangen,NA,NA,hospital,llm_curated,1,NA
universittsmedizin charite,Charité Universitätsmedizin Berlin,Charité Universitätsmedizin Berlin,Charité Universitätsmedizin Berlin,hospital,llm_curated,1,NA
universittsmedizin der johannes gutenberg-universitt mainz,Universitatsmedizin der Johannes Gutenberg-Universitat Mainz KöR,NA,NA,NA,llm_curated,1,NA
universittsmedizin der johannes-gutenberg universitt mainz,Universitatsmedizin der Johannes Gutenberg-Universitat Mainz KöR,Universitatsmedizin der Johannes Gutenberg-Universitat Mainz KöR,Universitatsmedizin der Johannes Gutenberg-Universitat Mainz KöR,hospital,llm_curated,1,NA
university clinic of navarra,University Clinic Of Navarra,NA,NA,NA,ctis_businesskey,0.95,NA
university clinics tubingen,University Clinics Tübingen,NA,NA,unknown,self_alias,0.94,self
university college london,University College London,University College London,University College London,academic,llm_curated,1,NA
"university department of general, visceral and transplant surgery tuebingen",Universitätsklinikum Tübingen,NA,NA,unknown,llm_curated,1,NA
university health network / nki-avl,University Health Network / NKI-AVL,NA,NA,hospital,self_alias,0.94,self
university heidelberg med fac repr by university hospital,Ruprecht-Karls-Universität Heidelberg,NA,NA,academic,llm_curated,1,NA
university hospital birmingham nhs foundation trust,University Hospitals Birmingham NHS Foundation Trust,University Hospitals Birmingham NHS Foundation Trust,University Hospitals Birmingham NHS Foundation Trust,hospital,llm_curated,1,NA
university hospital bispebjerg and frederiksberg department of clinic,Copenhagen University Hospital - Bispebjerg and Frederiksberg,NA,NA,hospital,llm_curated,1,NA
university hospital dr josep trueta,Hospital Universitari de Girona Dr. Josep Trueta,NA,NA,hospital,llm_curated,1,NA
university hospital dusseldorf,University Hospital Düsseldorf,NA,NA,hospital,self_alias,0.94,self
university hospital erlangen,University Hospital Erlangen,University Hospital Erlangen,University Hospital Erlangen,hospital,llm_curated,1,NA
university hospital frankfurt for its dermatology department,Goethe-Universität Frankfurt am Main,NA,NA,academic,llm_curated,1,NA
university hospital ghent,University Hospital Ghent,University Hospital Ghent,University Hospital Ghent,hospital,llm_curated,1,NA
university hospital hamburg-eppendorf psychiatry,University Medical Center Hamburg-Eppendorf,University Medical Center Hamburg-Eppendorf,University Medical Center Hamburg-Eppendorf,hospital,llm_curated,1,NA
university hospital ku leuven,UZ Leuven,NA,NA,hospital,llm_curated,1,NA
university hospital leuven,UZ Leuven,UZ Leuven,UZ Leuven,hospital,llm_curated,1,NA
university hospital lmu munich,Klinikum Der Universitat Munchen AöR,NA,NA,hospital,llm_curated,1,NA
university hospital maastricht,University Hospital Maastricht,NA,NA,NA,ctis_businesskey,0.95,NA
university hospital montpellier,CHU de Montpellier,NA,NA,hospital,llm_curated,1,NA
university hospital of aarhus,Aarhus University Hospital,NA,NA,hospital,llm_curated,1,NA
university hospital of antwerp department of respiratory medicine,University Hospital Antwerp,NA,NA,hospital,llm_curated,1,NA
university hospital of clermont-ferrand,CHU de Clermont-Ferrand,NA,NA,hospital,llm_curated,1,NA
university hospital of frankfurt department of cardiology,Goethe-Universität Frankfurt am Main,NA,NA,academic,llm_curated,1,NA
university hospital of heraklion,University Hospital of Heraklion,NA,NA,hospital,self_alias,0.94,self
university hospital of linkoping,University Hospital of Linköping,NA,NA,hospital,self_alias,0.94,self
university hospital of montpellier,CHU de Montpellier,NA,NA,hospital,llm_curated,1,NA
university hospital of tbingen,University Hospital of Tübingen,NA,NA,hospital,llm_curated,1,NA
university hospital of toulouse,CHU de Toulouse,NA,NA,hospital,llm_curated,1,NA
university hospital sjaelland,University Hospital Sjælland,NA,NA,hospital,self_alias,0.94,self
university hospital southampton foundation trust,University Hospital Southampton NHS Foundation Trust,NA,NA,hospital,llm_curated,1,NA
university hospital toulouse,CHU de Toulouse,NA,NA,hospital,llm_curated,1,NA
university hospital vienna,AKH Wien,AKH Wien,AKH Wien,hospital,llm_curated,1,NA
university hospitals birmingham,University Hospitals Birmingham NHS Foundation Trust,NA,NA,hospital,llm_curated,1,NA
university hospitals birmingham nhs foundation trust,University Hospitals Birmingham NHS Foundation Trust,University Hospitals Birmingham NHS Foundation Trust,University Hospitals Birmingham NHS Foundation Trust,hospital,llm_curated,1,NA
university hospitals leuven,UZ Leuven,UZ Leuven,UZ Leuven,hospital,llm_curated,1,NA
university medical center goettingen,University Medical Center Göttingen,NA,NA,hospital,llm_curated,1,NA
university medical center gottingen,University Medical Center Göttingen,NA,NA,hospital,self_alias,0.94,self
university medical center groningen,University Medical Center Groningen,University Medical Center Groningen,University Medical Center Groningen,hospital,llm_curated,1,NA
university medical center groningen department of rheumatology,University Medical Center Groningen,NA,NA,hospital,llm_curated,1,NA
university medical center gttingen,University Medical Center Göttingen,NA,NA,hospital,llm_curated,1,NA
university medical center hamburg-eppendorf,University Medical Center Hamburg-Eppendorf,University Medical Center Hamburg-Eppendorf,University Medical Center Hamburg-Eppendorf,hospital,llm_curated,1,NA
university medical center of johannes -gutenberg university mainz,Universitatsmedizin der Johannes Gutenberg-Universitat Mainz KöR,Universitatsmedizin der Johannes Gutenberg-Universitat Mainz KöR,Universitatsmedizin der Johannes Gutenberg-Universitat Mainz KöR,hospital,llm_curated,1,NA
university medical center of the johannes gutenberg,Universitatsmedizin der Johannes Gutenberg-Universitat Mainz KöR,Universitatsmedizin der Johannes Gutenberg-Universitat Mainz KöR,Universitatsmedizin der Johannes Gutenberg-Universitat Mainz KöR,hospital,llm_curated,1,NA
university medical center st radboud department of neurology,Radboudumc,NA,NA,hospital,llm_curated,1,NA
university medical center utrecht,University Medical Center Utrecht,University Medical Center Utrecht,University Medical Center Utrecht,hospital,llm_curated,1,NA
university medical centre hamburg-eppendorf,University Medical Center Hamburg-Eppendorf,University Medical Center Hamburg-Eppendorf,University Medical Center Hamburg-Eppendorf,hospital,llm_curated,1,NA
university medical centre nijmegen,Radboudumc,Radboudumc,Radboudumc,hospital,llm_curated,1,NA
university medical centre nijmegen st radboud,Radboudumc,Radboudumc,Radboudumc,hospital,llm_curated,1,NA
university medical centre utrecht,University Medical Center Utrecht,University Medical Center Utrecht,University Medical Center Utrecht,hospital,llm_curated,1,NA
university medical centre utrecht department of vascular surgery,University Medical Center Utrecht,NA,NA,hospital,llm_curated,1,NA
university of bergen department of global public health and primary care,University of Bergen,NA,NA,public_body,llm_curated,1,NA
university of birmingham,University of Birmingham,University Of Birmingham,University Of Birmingham,academic,llm_curated,1,NA
university of cardiff,University of Cardiff,University Of Cardiff,University Of Cardiff,academic,llm_curated,1,NA
university of cologne,University of Cologne,University Of Cologne,University Of Cologne,academic,llm_curated,1,NA
university of dundee,University of Dundee,University Of Dundee,University Of Dundee,academic,llm_curated,1,NA
university of dundee/nhs tayside,University of Dundee,University Of Dundee,University Of Dundee,academic,llm_curated,1,NA
university of frankfurt institute of clinical pharmacology,Goethe-Universität Frankfurt am Main,NA,NA,academic,llm_curated,1,NA
university of leeds,University of Leeds,University Of Leeds,University Of Leeds,academic,llm_curated,1,NA
university of leuven,KU Leuven,KU Leuven,KU Leuven,academic,llm_curated,1,NA
university of liverpool,University of Liverpool,NA,NA,academic,llm_curated,1,NA
university of milano bicocca,University Of Milano Bicocca,NA,NA,NA,ctis_businesskey,0.95,NA
university of munster,University of Münster,NA,NA,hospital,self_alias,0.94,self
university of nottingham,University of Nottingham,University Of Nottingham,University Of Nottingham,academic,llm_curated,1,NA
university of oxford,University of Oxford,University Of Oxford,University Of Oxford,academic,llm_curated,1,NA
university of saarland,University of Saarland,NA,NA,NA,ctis_businesskey,0.95,NA
university of the basque country upv/ehu,University of the Basque Country (UPV/EHU),NA,NA,unknown,self_alias,0.94,self
university of tromso,University of Tromsø,NA,NA,unknown,self_alias,0.94,self
university of tubingen,University of Tübingen,NA,NA,academic,self_alias,0.94,self
university of warwick / university hospitals coventry and warwickshire nhs trust,University of Warwick / University Hospitals Coventry and Warwickshire NHS Trust,NA,NA,hospital,self_alias,0.94,self
univerzita karlova v praze 2 lekarska fakulta,"Univerzita Karlova v Praze, 2. lékařská fakulta",NA,NA,unknown,self_alias,0.94,self
uniwersytet medyczny w bialymstoku,Uniwersytet Medyczny w Białymstoku,NA,NA,unknown,self_alias,0.94,self
uniwersytet mikolaja kopernika w toruniu,Uniwersytet Mikołaja Kopernika w Toruniu,NA,NA,unknown,self_alias,0.94,self
uppsala lans landsting,Uppsala Läns Landsting,NA,NA,public_body,self_alias,0.94,self
uppsala university hospital / universitatsklinikum wurzburg aor / az,Uppsala University Hospital / Universitätsklinikum Würzburg AöR / Az...,NA,NA,hospital,self_alias,0.94,self
uppsala university hospital dept of medical scienses,Uppsala University Hospital,NA,NA,hospital,llm_curated,1,NA
uppsalns landsting,Uppsala Läns Landsting,NA,NA,public_body,llm_curated,1,NA
upstream bio,Upstream Bio,NA,NA,unknown,self_alias,0.94,self
urogen pharma,Urogen Pharma,NA,NA,unknown,self_alias,0.94,self
urology associates,UROLOGY Associates,NA,NA,unknown,self_alias,0.94,self
urovant sciences,Urovant Sciences,NA,NA,unknown,self_alias,0.94,self
ursapharm arzneimittel,Ursapharm Arzneimittel,NA,NA,unknown,self_alias,0.94,self
ustav hematologie a krevni transfuze,Ústav hematologie a krevní transfuze,NA,NA,unknown,self_alias,0.94,self
usv private,USV Private,NA,NA,unknown,self_alias,0.94,self
uswm ct,USWM Ct,NA,NA,unknown,self_alias,0.94,self
uz brussel,UZ Brussel,UZ Brussel,UZ Brussel,hospital,llm_curated,1,NA
uz gent,University Hospital Ghent,University Hospital Ghent,University Hospital Ghent,hospital,llm_curated,1,NA
uz leuven,UZ Leuven,UZ Leuven,UZ Leuven,hospital,llm_curated,1,NA
uz/ku leuven,UZ Leuven,NA,NA,hospital,llm_curated,1,NA
uzbrussel,UZ Brussel,UZ Brussel,UZ Brussel,hospital,llm_curated,1,NA
uzdrowisko kamien pomorski,Uzdrowisko Kamień Pomorski,NA,NA,unknown,self_alias,0.94,self
uzleuven,UZ Leuven,UZ Leuven,UZ Leuven,hospital,llm_curated,1,NA
uzsoki utcai korhaz,Uzsoki Utcai Kórház,NA,NA,unknown,self_alias,0.94,self
vaccitech,Vaccitech,NA,NA,unknown,self_alias,0.94,self
vaderis therapeutics,Vaderis Therapeutics,NA,NA,unknown,self_alias,0.94,self
vakzine projekt management,Vakzine Projekt Management,NA,NA,unknown,self_alias,0.94,self
valderm,Valderm,NA,NA,unknown,self_alias,0.94,self
valeant research and development,Valeant Research & Development,NA,NA,unknown,self_alias,0.94,self
valerion therapeutics,Valerion Therapeutics,NA,NA,unknown,self_alias,0.94,self
valirx,ValiRx,NA,NA,unknown,self_alias,0.94,self
vall d'hebron institut de recerca,Vall D'hebron Institut De Recerca,NA,NA,NA,ctis_businesskey,0.95,NA
vall de hebron hospital,Hospital Universitari Vall d'Hebron,NA,NA,hospital,llm_curated,1,NA
vall dhebron institut de recerca,Vall D'hebron Institut De Recerca,NA,NA,hospital,llm_curated,1,NA
vall dhebron institut de recerca vhir,Vall D'hebron Institut De Recerca,NA,NA,hospital,llm_curated,1,NA
vall dhebron institute of research,Vall D'hebron Institut De Recerca,NA,NA,hospital,llm_curated,1,NA
vall dhebron research institute,Vall D'hebron Institut De Recerca,NA,NA,hospital,llm_curated,1,NA
vall hebron university hospital,Hospital Universitari Vall d'Hebron,NA,NA,hospital,llm_curated,1,NA
valletta health,Valletta Health,NA,NA,unknown,self_alias,0.94,self
valneva,Valneva,NA,NA,unknown,self_alias,0.94,self
valo therapeutics,Valo Therapeutics,NA,NA,unknown,self_alias,0.94,self
vanda pharmaceuticals,Vanda Pharmaceuticals,NA,NA,unknown,self_alias,0.94,self
vandria,Vandria,NA,NA,NA,self_alias,0.94,self
vandria sa,Vandria,NA,NA,NA,ctis_businesskey,0.95,NA
vanqua bio,Vanqua Bio,NA,NA,unknown,self_alias,0.94,self
vantia,Vantia,NA,NA,unknown,self_alias,0.94,self
var2 pharmaceuticals,Var2 Pharmaceuticals,NA,NA,unknown,self_alias,0.94,self
varmx,VarmX,NA,NA,unknown,self_alias,0.94,self
vasaragen,VasaraGen,NA,NA,unknown,self_alias,0.94,self
vascular biogenics,Vascular Biogenics,NA,NA,unknown,self_alias,0.94,self
vasculitis clinical research consortium,Vasculitis Clinical Research Consortium,NA,NA,cooperative_group,self_alias,0.94,self
vasopharm,vasopharm,NA,NA,unknown,self_alias,0.94,self
vasterbottens lans landsting,Västerbottens Läns Landsting,NA,NA,public_body,self_alias,0.94,self
vastra gotaland,Västra Götaland,NA,NA,unknown,self_alias,0.94,self
vastra gotalandsregionen,Vastra Gotalandsregionen,NA,NA,NA,ctis_businesskey,0.95,NA
vastra gotalandsregionen/nl,Västra Götalandsregionen/NL,NA,NA,unknown,self_alias,0.94,self
vaximm,Vaximm,NA,NA,unknown,self_alias,0.94,self
vbi vaccines,VBI Vaccines,NA,NA,unknown,self_alias,0.94,self
vcn biosciences,VCN Biosciences,NA,NA,unknown,self_alias,0.94,self
vectivbio,VectivBio,NA,NA,unknown,self_alias,0.94,self
vectory therapeutics,VectorY Therapeutics,NA,NA,unknown,self_alias,0.94,self
vectura,Vectura,NA,NA,unknown,self_alias,0.94,self
vedanta biosciences,Vedanta Biosciences,NA,NA,unknown,self_alias,0.94,self
vega therapeutics,Vega Therapeutics,NA,NA,unknown,self_alias,0.94,self
vejle hospital dept of oncology,Vejle Sygehus,NA,NA,hospital,llm_curated,1,NA
veloxis pharmaceuticals,Veloxis Pharmaceuticals,NA,NA,industry,self_alias,0.94,self
venatorx pharmaceuticals,VenatoRx Pharmaceuticals,NA,NA,unknown,self_alias,0.94,self
vensica medical,Vensica Medical,NA,NA,unknown,self_alias,0.94,self
venter pharma,Venter Pharma,NA,NA,unknown,self_alias,0.94,self
ventus therapeutics u s,Ventus Therapeutics U.S.,NA,NA,unknown,self_alias,0.94,self
ventyx biosciences,Ventyx Biosciences,NA,NA,unknown,self_alias,0.94,self
vera therapeutics,Vera Therapeutics,NA,NA,unknown,self_alias,0.94,self
verastem,Verastem,NA,NA,unknown,self_alias,0.94,self
verein zur forderung der wissenschaft und forschung an der 1 med abteilung,Verein zur Förderung der Wissenschaft und Forschung an der 1. Med. Abteilung,NA,NA,unknown,self_alias,0.94,self
verein zur praevention und therapie boesartiger erkrankungen austrian breast and colorectal cancer study group,ABCSG,NA,NA,cooperative_group,llm_curated,1,NA
vericel,Vericel,NA,NA,unknown,self_alias,0.94,self
verigraft,VeriGraft,NA,NA,unknown,self_alias,0.94,self
verisfield single member,Verisfield Single Member,NA,NA,unknown,self_alias,0.94,self
verisfield uk,VERISFIELD Uk,NA,NA,unknown,self_alias,0.94,self
vernalis development,Vernalis Development,NA,NA,unknown,self_alias,0.94,self
vernalis rd,Vernalis RD,NA,NA,unknown,self_alias,0.94,self
verona pharma,Verona Pharma,NA,NA,unknown,self_alias,0.94,self
versantis,Versantis,NA,NA,unknown,self_alias,0.94,self
versartis,Versartis,NA,NA,unknown,self_alias,0.94,self
vertanical,Vertanical,NA,NA,unknown,self_alias,0.94,self
vertero therapeutics,Vertero Therapeutics,NA,NA,unknown,self_alias,0.94,self
vertex,Vertex Pharmaceuticals,Vertex Pharmaceuticals,Vertex Pharmaceuticals,industry,llm_curated,0.9,NA
vertex pharmaceuticals,Vertex Pharmaceuticals,Vertex Pharmaceuticals,Vertex Pharmaceuticals,industry,llm_curated,1,NA
vertex pharmaceuticals incorporated,Vertex Pharmaceuticals,Vertex Pharmaceuticals,Vertex Pharmaceuticals,industry,llm_curated,1,NA
veru,Veru,NA,NA,unknown,self_alias,0.94,self
verus pharmaceuticals,Verus Pharmaceuticals,NA,NA,unknown,self_alias,0.94,self
verve therapeutics,Verve Therapeutics,NA,NA,unknown,self_alias,0.94,self
vhio vall dhebron institute of oncology,Vall d'Hebron Institute of Oncology (VHIO),NA,NA,hospital,llm_curated,1,NA
vhsquared,VHsquared,NA,NA,unknown,self_alias,0.94,self
via pharmaceuticals,Via Pharmaceuticals,NA,NA,unknown,self_alias,0.94,self
viamet pharmaceuticals,Viamet Pharmaceuticals,NA,NA,unknown,self_alias,0.94,self
vianex,Vianex,NA,NA,unknown,self_alias,0.94,self
viatris innovation,Viatris Innovation,NA,NA,unknown,self_alias,0.94,self
vical,Vical,NA,NA,unknown,self_alias,0.94,self
vico therapeutics,VICO Therapeutics,NA,NA,unknown,self_alias,0.94,self
vicore pharma,Vicore Pharma,NA,NA,industry,self_alias,0.94,self
vicore pharma ab,Vicore Pharma,NA,NA,industry,llm_curated,1,NA
vidac pharma,Vidac Pharma,NA,NA,unknown,self_alias,0.94,self
videja,Videja,NA,NA,unknown,self_alias,0.94,self
viela bio,Viela Bio,NA,NA,unknown,self_alias,0.94,self
vigeneron,ViGeneron,NA,NA,NA,self_alias,0.94,self
vigeneron gmbh,ViGeneron,NA,NA,NA,ctis_businesskey,0.95,NA
vigil neuroscience,Vigil Neuroscience,NA,NA,unknown,self_alias,0.94,self
viiv healthcare,ViiV Healthcare,ViiV Healthcare,ViiV Healthcare,industry,llm_curated,1,NA
viiv healthcare uk limited,ViiV Healthcare,ViiV Healthcare,ViiV Healthcare,industry,llm_curated,1,NA
viking therapeutics,Viking Therapeutics,NA,NA,industry,self_alias,0.94,self
viking therapeutics inc,Viking Therapeutics,NA,NA,industry,llm_curated,1,NA
vinforce - institut fr osteoporoseforschung,Vinforce - Institut fr Osteoporoseforschung,NA,NA,unknown,self_alias,0.94,self
vion pharmaceuticals,Vion Pharmaceuticals,NA,NA,unknown,self_alias,0.94,self
vipharm,Vipharm,NA,NA,unknown,self_alias,0.94,self
vir biotechnology,Vir Biotechnology,NA,NA,unknown,self_alias,0.94,self
viracta therapeutics,Viracta Therapeutics,NA,NA,unknown,self_alias,0.94,self
viramal,Viramal,NA,NA,unknown,self_alias,0.94,self
viranative,ViraNative,NA,NA,unknown,self_alias,0.94,self
viridian therapeutics,Viridian Therapeutics,NA,NA,unknown,self_alias,0.94,self
virodefense,ViroDefense,NA,NA,unknown,self_alias,0.94,self
virologik,ViroLogik,NA,NA,unknown,self_alias,0.94,self
virometix,Virometix,NA,NA,unknown,self_alias,0.94,self
viropharma,ViroPharma,NA,NA,unknown,self_alias,0.94,self
virostatics,Virostatics,NA,NA,unknown,self_alias,0.94,self
virttu biologics,Virttu Biologics,NA,NA,unknown,self_alias,0.94,self
viscofan espana,Viscofan Espana,NA,NA,unknown,self_alias,0.94,self
visterra,Visterra,NA,NA,unknown,self_alias,0.94,self
vita green europa,Vita Green Europa,NA,NA,unknown,self_alias,0.94,self
vital therapies,Vital Therapies,NA,NA,industry,self_alias,0.94,self
vital therapies inc,Vital Therapies,NA,NA,industry,llm_curated,1,NA
vital therapies incorporated,Vital Therapies,NA,NA,industry,llm_curated,1,NA
vivacell biotechnology espana,Vivacell Biotechnology España,NA,NA,unknown,self_alias,0.94,self
viventia biotech,Viventia Biotech,NA,NA,unknown,self_alias,0.94,self
vividion therapeutics,Vividion Therapeutics,NA,NA,unknown,self_alias,0.94,self
vivolux,Vivolux,NA,NA,unknown,self_alias,0.94,self
vivoryon therapeutics,Vivoryon Therapeutics,NA,NA,unknown,self_alias,0.94,self
vivostat,Vivostat,NA,NA,unknown,self_alias,0.94,self
vivus,VIVUS,NA,NA,unknown,self_alias,0.94,self
volution immuno pharmaceuticals uk,Volution Immuno Pharmaceuticals UK,NA,NA,unknown,self_alias,0.94,self
vor biopharma,Vor Biopharma,NA,NA,unknown,self_alias,0.94,self
voyager pharmaceutical,Voyager Pharmaceutical,NA,NA,unknown,self_alias,0.94,self
voyager therapeutics,Voyager Therapeutics,NA,NA,unknown,self_alias,0.94,self
vrij universiteit medical center,Amsterdam UMC,Amsterdam UMC,Amsterdam UMC,hospital,llm_curated,1,NA
vrije universiteit amsterdam,Vrije Universiteit Amsterdam,NA,NA,unknown,self_alias,0.94,self
vsterbottens lns landsting,Västerbottens Läns Landsting,NA,NA,public_body,llm_curated,1,NA
vtesse,Vtesse,NA,NA,unknown,self_alias,0.94,self
vtv therapeutics,vTv Therapeutics,NA,NA,unknown,self_alias,0.94,self
vu medical center,Amsterdam UMC,Amsterdam UMC,Amsterdam UMC,hospital,llm_curated,1,NA
vu medical center amsterdam,Amsterdam UMC,Amsterdam UMC,Amsterdam UMC,hospital,llm_curated,1,NA
vu medical center department of rheumatology,Amsterdam UMC,NA,NA,hospital,llm_curated,1,NA
vu medisch centrum,Amsterdam UMC,Amsterdam UMC,Amsterdam UMC,hospital,llm_curated,1,NA
vu university medical center,Amsterdam UMC,Amsterdam UMC,Amsterdam UMC,hospital,llm_curated,1,NA
vu university medical center amsterdam,Amsterdam UMC,Amsterdam UMC,Amsterdam UMC,hospital,llm_curated,1,NA
vu university medical center department of medical,Amsterdam UMC,NA,NA,hospital,llm_curated,1,NA
vu university medical center department of reproductive medicine,Amsterdam UMC,NA,NA,hospital,llm_curated,1,NA
vu university medical centre,Amsterdam UMC,Amsterdam UMC,Amsterdam UMC,hospital,llm_curated,1,NA
vumc,Amsterdam UMC,Amsterdam UMC,Amsterdam UMC,hospital,llm_curated,1,NA
vyluma,Vyluma,NA,NA,unknown,self_alias,0.94,self
wala-heilmittel,Wala-Heilmittel,NA,NA,unknown,self_alias,0.94,self
walden biosciences,Walden Biosciences,NA,NA,unknown,self_alias,0.94,self
warcef clinical coordinating center,Warcef Clinical Coordinating Center,NA,NA,unknown,self_alias,0.94,self
warner chilcott uk,Warner Chilcott UK,NA,NA,unknown,self_alias,0.94,self
watson laboratories,Watson Laboratories,NA,NA,unknown,self_alias,0.94,self
wayshine biopharm,Wayshine Biopharm,NA,NA,unknown,self_alias,0.94,self
weber and weber,Weber & Weber,NA,NA,unknown,self_alias,0.94,self
weleda,Weleda,NA,NA,industry,self_alias,0.94,self
weleda ag deutschland,Weleda,NA,NA,industry,llm_curated,1,NA
wepa apothekenbedarf,Wepa Apothekenbedarf,NA,NA,unknown,self_alias,0.94,self
west-ward pharmaceutical,West-ward Pharmaceutical,NA,NA,unknown,self_alias,0.94,self
westfalische wilhelms-universitat munster universitatsklinikum munster,"Westfälische Wilhelms-Universität Münster, Universitätsklinikum Münster",NA,NA,hospital,self_alias,0.94,self
westflische wilhelms-universitt mnster,"Westfälische Wilhelms-Universität Münster, Universitätsklinikum Münster",NA,NA,hospital,llm_curated,1,NA
westflische wilhelms-universitt mnster c/o universittsklinikum mnster,"Westfälische Wilhelms-Universität Münster, Universitätsklinikum Münster",NA,NA,hospital,llm_curated,1,NA
wilex,Wilex,NA,NA,unknown,self_alias,0.94,self
wilhelmina kinderziekenhuis,Wilhelmina Kinderziekenhuis,NA,NA,hospital,self_alias,0.94,self
wilhelminen krebsforschung,Wilhelminen Krebsforschung,NA,NA,unknown,self_alias,0.94,self
wilson therapeutics,Wilson Therapeutics,NA,NA,unknown,self_alias,0.94,self
win medica pharmaceutical,Win Medica Pharmaceutical,NA,NA,NA,self_alias,0.94,self
win medica pharmaceutical s a,Win Medica Pharmaceutical,NA,NA,NA,ctis_businesskey,0.95,NA
windtree therapeutics,Windtree Therapeutics,NA,NA,unknown,self_alias,0.94,self
windward bio,Windward Bio,NA,NA,unknown,self_alias,0.94,self
wings therapeutics,Wings Therapeutics,NA,NA,unknown,self_alias,0.94,self
winmedica,WinMedica,NA,NA,unknown,self_alias,0.94,self
winthrop arzneimittel,Winthrop Arzneimittel,NA,NA,unknown,self_alias,0.94,self
wockhardt bio,Wockhardt Bio,NA,NA,unknown,self_alias,0.94,self
wockhardt uk,Wockhardt UK,NA,NA,unknown,self_alias,0.94,self
woerwag pharma,Woerwag Pharma,NA,NA,unknown,self_alias,0.94,self
wrwag pharma,WRWAG Pharma,NA,NA,unknown,self_alias,0.94,self
wsg westdeutsche studiengruppe,WSG Westdeutsche Studiengruppe,NA,NA,unknown,self_alias,0.94,self
wugen,Wugen,NA,NA,unknown,self_alias,0.94,self
wyeth,Wyeth,Pfizer,Pfizer,industry,llm_curated,1,NA
wyeth pharmaceuticals,Wyeth,Pfizer,Pfizer,industry,llm_curated,1,NA
x4 pharmaceuticals,X4 Pharmaceuticals,NA,NA,unknown,self_alias,0.94,self
xanthus pharmaceuticals,Xanthus Pharmaceuticals,NA,NA,unknown,self_alias,0.94,self
xbiotech germany,XBiotech Germany,NA,NA,unknown,self_alias,0.94,self
xcell-center,XCell-Center,NA,NA,unknown,self_alias,0.94,self
xcovery holding co,Xcovery Holding Co.,NA,NA,unknown,self_alias,0.94,self
xellia,Xellia,NA,NA,unknown,self_alias,0.94,self
xencor,Xencor,NA,NA,unknown,self_alias,0.94,self
xenikos,Xenikos,NA,NA,unknown,self_alias,0.94,self
xenome,Xenome,NA,NA,unknown,self_alias,0.94,self
xenon pharmaceuticals,Xenon Pharmaceuticals,NA,NA,unknown,self_alias,0.94,self
xenova,Xenova,NA,NA,unknown,self_alias,0.94,self
xention,Xention,NA,NA,unknown,self_alias,0.94,self
xentria,Xentria,NA,NA,unknown,self_alias,0.94,self
xeolas pharmaceuticals,Xeolas Pharmaceuticals,NA,NA,unknown,self_alias,0.94,self
xeris pharmaceuticals,Xeris Pharmaceuticals,NA,NA,unknown,self_alias,0.94,self
xilio development,Xilio Development,NA,NA,unknown,self_alias,0.94,self
xinnate,Xinnate,NA,NA,unknown,self_alias,0.94,self
xintela,Xintela,NA,NA,unknown,self_alias,0.94,self
xtl development,XTL Development,NA,NA,unknown,self_alias,0.94,self
xylocor therapeutics,Xylocor Therapeutics,NA,NA,unknown,self_alias,0.94,self
xynomic pharmaceuticals,Xynomic Pharmaceuticals,NA,NA,unknown,self_alias,0.94,self
xyra,Xyra,NA,NA,unknown,self_alias,0.94,self
xytis pharmaceuticals,Xytis Pharmaceuticals,NA,NA,unknown,self_alias,0.94,self
y-mabs therapeutics,Y-mAbs Therapeutics,NA,NA,unknown,self_alias,0.94,self
yellow jersey therapeutics,Yellow Jersey Therapeutics,NA,NA,unknown,self_alias,0.94,self
yl biologics,YL Biologics,NA,NA,unknown,self_alias,0.94,self
ym biosciences,YM Biosciences,NA,NA,unknown,self_alias,0.94,self
yonsung,Yonsung,NA,NA,unknown,self_alias,0.94,self
york pharma,York Pharma,NA,NA,unknown,self_alias,0.94,self
yuhan,Yuhan,NA,NA,unknown,self_alias,0.94,self
zafgen,Zafgen,NA,NA,unknown,self_alias,0.94,self
zai lab shanghai co,Zai Lab (Shanghai) Co.,NA,NA,unknown,self_alias,0.94,self
zaklady farmaceutyczne polpharma,Zakłady Farmaceutyczne Polpharma,NA,NA,unknown,self_alias,0.94,self
zaklady farmaceutyczne polpharma s a,Zaklady Farmaceutyczne Polpharma,NA,NA,NA,ctis_businesskey,0.95,NA
zalicus,Zalicus,NA,NA,unknown,self_alias,0.94,self
zambon biotech,Zambon Biotech,NA,NA,unknown,self_alias,0.94,self
zambon spa,Zambon,NA,NA,industry,llm_curated,1,NA
zambon spoa,Zambon,NA,NA,industry,llm_curated,1,NA
zari - univeristtsmedizin gttingen,Universitätsmedizin Göttingen,NA,NA,hospital,llm_curated,1,NA
zavante therapeutics,Zavante Therapeutics,NA,NA,unknown,self_alias,0.94,self
zelmic,Zelmic,NA,NA,unknown,self_alias,0.94,self
zenas biopharma,Zenas Biopharma,NA,NA,unknown,self_alias,0.94,self
zenith epigenetics,Zenith Epigenetics,NA,NA,unknown,self_alias,0.94,self
zeno alpha,Zeno Alpha,NA,NA,unknown,self_alias,0.94,self
zentaris,Zentaris,NA,NA,unknown,self_alias,0.94,self
zentralinstitut fr seelische gesundheit mannheim,Zentralinstitut für Seelische Gesundheit Mannheim,NA,NA,hospital,llm_curated,1,NA
zentralinstitut fur seelische gesundheit mannheim,Zentralinstitut für Seelische Gesundheit Mannheim,NA,NA,hospital,self_alias,0.94,self
zentralklinikum st polten,Zentralklinikum St. Pölten,NA,NA,unknown,self_alias,0.94,self
zeria pharmaceutical co,Zeria Pharmaceutical Co.,NA,NA,unknown,self_alias,0.94,self
zevra denmark,Zevra Denmark,NA,NA,unknown,self_alias,0.94,self
zhejiang genfleet therapeutics co,Zhejiang Genfleet Therapeutics Co.,NA,NA,unknown,self_alias,0.94,self
zhejiang hisun pharmaceutical co,Zhejiang Hisun Pharmaceutical Co.,NA,NA,unknown,self_alias,0.94,self
zhejiang yaoyuan biotechnology co,Zhejiang Yaoyuan Biotechnology Co.,NA,NA,unknown,self_alias,0.94,self
ziarco pharma,Ziarco Pharma,NA,NA,unknown,self_alias,0.94,self
ziekenhuis gelderse vallei,Ziekenhuis Gelderse Vallei,NA,NA,hospital,self_alias,0.94,self
ziopharm oncology,ZIOPHARM Oncology,NA,NA,unknown,self_alias,0.94,self
zkes,ZKES,NA,NA,unknown,self_alias,0.94,self
zlb behring,ZLB Behring,NA,NA,unknown,self_alias,0.94,self
zogenix international,Zogenix International,NA,NA,unknown,self_alias,0.94,self
zoll medical,ZOLL Medical,NA,NA,unknown,self_alias,0.94,self
zomagen biosciences,Zomagen Biosciences,NA,NA,unknown,self_alias,0.94,self
zoobiotic,ZooBiotic,NA,NA,unknown,self_alias,0.94,self
zro imaging,ZRO Imaging,NA,NA,unknown,self_alias,0.94,self
zs pharma,ZS Pharma,NA,NA,unknown,self_alias,0.94,self
zura bio,Zura Bio,NA,NA,unknown,self_alias,0.94,self
zydus therapeutics,Zydus Therapeutics,NA,NA,unknown,self_alias,0.94,self
zymenex,Zymenex,NA,NA,unknown,self_alias,0.94,self
zymeworks,Zymeworks,NA,NA,NA,self_alias,0.94,self
zymeworks inc,Zymeworks,NA,NA,NA,ctis_businesskey,0.95,NA
zymogenetics,ZymoGenetics,NA,NA,unknown,self_alias,0.94,self
zytoprotec,Zytoprotec,NA,NA,unknown,self_alias,0.94,self
